Date,Close,High,Low,Open,Volume
2021-03-01,13.559147834777832,14.438404081188331,13.175542321875017,13.674989955264675,64088000
2021-03-02,13.768044471740723,14.052900745366124,13.004630237965856,13.371144772747545,14717000
2021-03-03,13.540159225463867,13.828813292471688,13.179341415320817,13.63321180595596,17545000
2021-03-04,13.900975227355957,14.043402886673137,13.443306184935569,13.532560948031184,12300000
2021-03-05,14.242803573608398,14.907467559270177,13.673091068450836,13.769942357323574,18499500
2021-03-08,13.485086441040039,14.297875734533697,13.05210579563423,14.210519863192793,12366000
2021-03-09,13.445205688476562,13.445205688476562,13.010325269439102,13.291383700875418,10167000
2021-03-10,13.483187675476074,13.95794781127124,13.236312187534645,13.485086578378224,15699500
2021-03-11,13.956048965454102,14.155448259525008,13.635110829817497,13.712972187855803,16646000
2021-03-12,13.821216583251953,14.060495549581606,13.578139811188947,13.578139811188947,7509000
2021-03-15,13.834510803222656,14.01681907452333,13.62181827280511,13.819318673664219,11593000
2021-03-16,13.587635040283203,13.910471161412405,13.49458155685794,13.84400503434655,7789500
2021-03-17,14.052899360656738,14.071889294076247,13.494581191807763,13.58763467271578,4753000
2021-03-18,13.910470962524414,14.013019864216604,13.690182842170168,13.690182842170168,2304000
2021-03-19,13.547755241394043,14.03580861527059,13.464198078406474,13.954150355232766,14098000
2021-03-22,13.293282508850098,13.635109447371503,13.156551552334935,13.635109447371503,5803000
2021-03-23,13.44140911102295,13.44140911102295,13.019821878118737,13.293283818081843,7916000
2021-03-24,13.00842571258545,13.471791460352689,12.865998054064782,13.314171675215531,12174500
2021-03-25,13.648404121398926,13.673091670412852,12.839413523762776,12.913476170804552,6602000
2021-03-26,13.806023597717285,14.126961706121941,13.48888420034324,13.549653615969738,4396500
2021-03-29,13.95794677734375,13.95794677734375,13.486985387772195,13.714870018745499,6557000
2021-03-30,13.95794677734375,14.08138451217088,13.768042918199331,13.768042918199331,8433000
2021-03-31,14.022515296936035,14.041506137374935,13.67499161002203,13.967443489622825,3663000
2021-04-01,14.25419807434082,14.40232336375477,14.026313431642317,14.090880656520252,9940000
2021-04-05,14.71756362915039,14.88657865823869,14.299775124563894,14.299775124563894,6073500
2021-04-06,14.586530685424805,14.721361845249533,14.52766016847332,14.717564039489142,5821500
2021-04-07,14.493478775024414,14.780233968356328,13.927564906239962,14.453599093607364,10992000
2021-04-08,14.702371597290039,14.740352370683015,14.265592250504286,14.432707472326765,6395000
2021-04-09,14.71756362915039,14.736554468489034,14.408019829981757,14.632106663192614,7012500
2021-04-12,14.698572158813477,14.801121056880298,14.527659139768147,14.698572158813477,4711000
2021-04-13,14.670088768005371,14.812517359374887,14.527661082168997,14.696675221066393,5449500
2021-04-14,14.93785285949707,14.945448470909195,14.622611442034028,14.651097701428712,5841000
2021-04-15,15.186627388000488,15.203717513839925,14.841001710543413,14.841001710543413,11554500
2021-04-16,15.14484691619873,15.727851714156495,15.00052034653632,15.727851714156495,13035000
2021-04-19,15.287276268005371,15.507565297523763,15.004318916964188,15.144847688296164,5017000
2021-04-20,15.477177619934082,15.655688957245783,15.066985671204773,15.359438411578639,6029000
2021-04-22,15.279680252075195,15.752542419589512,15.19422508855617,15.503767107909376,8470500
2021-04-23,15.412612915039062,15.53794955811708,15.218910336354998,15.458190205443094,4653000
2021-04-26,15.260689735412598,15.517058823130553,15.165737349448182,15.48477656941952,3662000
2021-04-27,15.12775707244873,15.296772107682143,15.101170620834436,15.249295007609344,4986500
2021-04-28,15.188525199890137,15.355641318001693,15.047995531129732,15.148645525863406,5371500
2021-04-29,15.216465950012207,15.323234322890947,14.90950596885459,15.262224343606663,5343000
2021-04-30,15.42237663269043,15.468135025483095,14.928571098516347,15.10016416235762,22683000
2021-05-03,15.532959938049316,15.670233300106766,15.294636638956717,15.443350508505398,8474000
2021-05-04,15.729336738586426,15.748403037682829,15.359458536470562,15.634007061366763,9407500
2021-05-05,16.322284698486328,16.58730007183393,16.015323831095724,16.08396141636727,17262500
2021-05-06,16.619714736938477,16.644499474427416,16.160227050296413,16.318474080825176,9404500
2021-05-07,16.96289825439453,17.044880065712604,16.42905280179942,16.663563184046318,8422500
2021-05-10,16.814184188842773,17.016282224527394,16.552981719038506,16.97052383564365,7669500
2021-05-11,16.587303161621094,16.78368280453996,16.491973467363536,16.62543576662919,6191000
2021-05-12,16.125904083251953,16.577764015980268,16.04201310987353,16.49006196539431,6728500
2021-05-13,16.43286895751953,16.51866367244025,16.12781360716679,16.17547935796994,6595000
2021-05-14,16.526288986206055,16.66356232925931,16.13734451407442,16.54726082268666,5923000
2021-05-17,16.34707260131836,16.528197001543855,16.06108354819061,16.505317804563138,4728000
2021-05-18,16.06108283996582,16.390922915152714,15.887584240296942,16.348977419493927,6527500
2021-05-19,15.82848072052002,16.368044668779014,15.67595395070043,15.98482038684572,6358000
2021-05-20,16.03248405456543,16.03248405456543,15.696923749975992,15.902834680637252,7278000
2021-05-21,16.43477439880371,16.625433764356902,15.759842644851872,16.034391185751982,10145000
2021-05-24,17.00865364074707,17.06203963689752,16.39664113380684,16.541540265962603,10386000
2021-05-25,16.884729385375977,17.063948248636134,16.779866549489974,17.01628431501296,5307000
2021-05-26,16.941926956176758,17.111614492198008,16.659752606303183,17.02391059716581,5462000
2021-05-27,16.949552536010742,17.26223183953111,16.705508999730913,16.949552536010742,5669000
2021-05-28,16.985776901245117,17.149742336854878,16.564420078702078,16.911419066217768,4590500
2021-05-31,17.054414749145508,17.25460726644232,16.871382993133764,17.092547349873467,4641000
2021-06-01,16.968616485595703,17.410945153973863,16.825622883970908,17.178342131690208,13722000
2021-06-02,16.766517639160156,17.260324925743895,16.739825549967758,17.06394533438589,9352500
2021-06-04,16.772241592407227,16.816092631717545,16.406176236383313,16.72267029893303,8097000
2021-06-07,16.537729263305664,16.772239656061924,16.030577697048884,16.772239656061924,10336000
2021-06-08,16.082056045532227,16.610179440547622,15.92952747058032,16.600646290971728,9246000
2021-06-09,16.164037704467773,16.396642551718394,15.824666310470107,16.082055891771187,10294500
2021-06-10,16.303220748901367,16.34707360646395,15.977195353838892,16.156414225988893,4720000
2021-06-11,16.070613861083984,16.305124225035176,15.874236091455604,16.303216868014164,5133000
2021-06-14,16.015323638916016,16.192636944174215,15.851358197374262,16.164037496088667,4317000
2021-06-15,15.858986854553223,16.026767040759786,15.487203053588402,16.01532653215386,8432500
2021-06-16,15.899022102355957,16.1144661864799,15.662606180624426,15.70264431692745,10606500
2021-06-17,15.977192878723145,16.007697865759926,15.691203852314704,15.897116605903218,7246000
2021-06-18,16.2078914642334,16.364231124369194,15.67976622640263,15.988632650319074,12012000
2021-06-21,16.484344482421875,16.593020203740927,16.00007212945171,16.207890422683338,6798000
2021-06-22,16.4729061126709,16.495785308036453,16.131627357673047,16.467185859263918,6518000
2021-06-23,16.396642684936523,16.45574530300238,16.209796226389667,16.400455581108933,5819500
2021-06-24,16.646406173706055,16.726482455406224,16.396644178175162,16.469092848573514,8527500
2021-06-25,16.18501091003418,16.74745398613881,16.053455996374584,16.64640405902371,6078000
2021-06-28,16.373762130737305,16.379480565390146,15.939059274437502,16.225048282781405,6202500
2021-06-29,16.4233341217041,16.5396356325069,16.120186159802913,16.368042583752437,8958000
2021-06-30,16.499597549438477,16.499597549438477,16.190729333392007,16.38901447318302,6685000
2021-07-01,16.35850715637207,16.663560614668476,16.148783358358802,16.663560614668476,8503000
2021-07-02,16.396642684936523,16.457652660219768,16.21551647977946,16.368043236249925,5948000
2021-07-05,16.415708541870117,16.547263471288954,16.251743083137775,16.40808274888606,3871000
2021-07-06,16.339445114135742,16.389016404926373,16.112562318227187,16.389016404926373,3828000
2021-07-07,16.444307327270508,16.583488044039214,16.150692490119937,16.396643395655857,12086500
2021-07-08,16.43477439880371,16.79893236876558,16.244116851512985,16.263181333458334,7435000
2021-07-12,16.50150489807129,16.602554836196536,16.274622104022377,16.430961768076774,4327500
2021-07-13,16.787490844726562,16.911418138625045,16.430958727749736,16.45383792048305,6446000
2021-07-14,16.72266960144043,17.088734942195977,16.673098310033822,16.930487917521507,5548000
2021-07-15,16.450027465820312,16.863756716894216,16.44049431591159,16.722668643812533,3746000
2021-07-16,16.671188354492188,16.869471649328347,16.52247451966853,16.54153899726486,7965000
2021-07-19,16.654029846191406,16.797025266177023,16.40426788246265,16.585394081052083,7763500
2021-07-20,16.511035919189453,16.716946847075434,16.459559096349086,16.6540295180957,3835500
2021-07-21,16.596834182739258,16.596834182739258,16.415707968722955,16.51675790441493,4032000
2021-07-22,16.64449691772461,16.680722157922936,16.444306236309366,16.587299839929155,2829500
2021-07-23,16.682628631591797,16.730292557520027,16.56060687203135,16.644496036239435,4154500
2021-07-26,17.197412490844727,17.216476975503948,16.56061142839597,16.751270821089957,9987000
2021-07-27,16.968616485595703,17.30036389601047,16.873288630020703,17.144022430881897,6666500
2021-07-28,16.793212890625,17.380442599961345,16.42333646812846,17.349937609177488,14614500
2021-07-29,16.62543296813965,16.777959725972476,16.27462106147167,16.777959725972476,12625000
2021-07-30,16.526288986206055,16.73219990991705,16.308937556587658,16.625431552179826,16469000
2021-08-02,16.522476196289062,16.83896837564879,16.362321840393875,16.682628733922016,8100500
2021-08-03,16.530101776123047,16.680721162927924,16.26127352643131,16.680721162927924,5450500
2021-08-04,16.602554321289062,16.83134446559894,16.348977623424503,16.482439904635427,6533500
2021-08-05,16.587303161621094,16.938115127339774,16.474814522414967,16.593023416024845,13427000
2021-08-06,16.73982810974121,16.78368096434495,16.375670135849212,16.631152379298772,15424500
2021-08-09,17.319427490234375,17.35756008512363,16.617803744979472,16.617803744979472,10558500
2021-08-10,17.550125122070312,17.664521089520342,17.105890933475287,17.222192439729852,10281500
2021-08-11,17.20884895324707,17.578727181680843,17.197410263932746,17.578727181680843,6265000
2021-08-12,16.92095375061035,17.245073573547824,16.682630458348235,16.987683981521755,14059400
2021-08-13,16.911418914794922,17.273671301146628,16.530102048842267,16.825622392672795,5547600
2021-08-16,16.444307327270508,17.044881229622305,16.27271426423787,16.86375683487669,7814500
2021-08-17,16.167850494384766,16.39664244399077,15.700737082275312,16.167850494384766,9967800
2021-08-18,15.881864547729492,16.30131406434622,15.643541248011749,16.167851780085794,10736900
2021-08-19,16.663562774658203,16.873288418118886,15.576809234042925,15.710269684781707,14455000
2021-08-20,16.949552536010742,17.41666595234703,16.377576293344674,16.539636198462354,9513400
2021-08-23,16.692161560058594,17.168808086097062,16.520568519762794,16.978148748376796,5050600
2021-08-24,16.911418914794922,17.05441251224439,16.663562497360136,16.78749161520865,4198100
2021-08-25,17.01628303527832,17.19740924229705,16.787492898221053,17.025816184938503,4269900
2021-08-26,16.558700561523438,17.006747626459685,16.558700561523438,16.93048425757134,4969900
2021-08-27,16.587303161621094,16.72076546088675,16.396645591368664,16.558705526127707,5662600
2021-08-30,16.35850715637207,16.79702286636968,16.167847835805798,16.47290311236424,16747200
2021-08-31,16.024856567382812,16.634965390294784,16.024856567382812,16.377575815859842,8477100
2021-09-01,16.234580993652344,16.777957731108227,15.891394920201401,16.301311214987322,7651500
2021-09-02,16.720760345458984,17.035346967482702,16.10111843148494,16.167848651571468,17566400
2021-09-03,17.311803817749023,17.359467748933067,16.692163621044322,16.901887463821513,19565300
2021-09-06,17.492931365966797,17.664524440562733,17.04488237824128,17.302271990135186,6471000
2021-09-08,17.0734806060791,17.550127193224274,16.844690462440912,17.492930111880334,11069100
2021-09-09,17.349939346313477,17.445267224774767,16.92095662018675,17.07348340764009,12544000
2021-09-10,17.330869674682617,17.60732374135838,17.016283009424058,17.330869674682617,19125200
2021-09-13,17.797983169555664,17.969576227345804,17.492929652712032,17.578726181607102,17075500
2021-09-14,17.47386360168457,18.1507026927803,17.397600221389798,17.826582871961907,6594500
2021-09-15,17.721715927124023,17.826578732527995,17.27366889921412,17.464326396548085,8756500
2021-09-16,18.265094757080078,18.331824979893923,17.721718007581966,17.721718007581966,17281800
2021-09-17,18.11256980895996,18.446222774356436,18.11256980895996,18.28416286649314,23104900
2021-09-20,17.94097900390625,18.12210523384961,17.635925449220135,18.026775543444547,15522000
2021-09-21,18.579683303833008,18.741743212312304,17.82658265967325,18.064905947539135,17756900
2021-09-22,18.38902473449707,18.684545085784702,18.217431685922868,18.617814859841907,5973600
2021-09-23,18.2936954498291,18.532018729411117,18.074436650734278,18.341359378440576,20822300
2021-09-24,18.093503952026367,18.265097013755188,17.874246959045063,18.131636551638294,18657800
2021-09-27,18.350893020629883,18.465288997936785,17.836113850142375,18.01724005660232,7788100
2021-09-28,18.284162521362305,18.293695670852244,18.017239790431066,18.23649677391261,11310100
2021-09-29,18.083967208862305,18.427153264129316,17.969573069281346,18.29369282853084,10203400
2021-09-30,18.15070152282715,18.62734807351153,18.04583869983265,18.303228273585166,10293000
2021-10-01,18.45575523376465,18.560616239686734,18.007706307349356,18.198365657091475,5841800
2021-10-04,18.417619705200195,18.49388306930666,18.0744336575901,18.38902208007404,9789400
2021-10-05,18.32229232788086,18.493885373060987,18.04583828040574,18.34135862584804,8000200
2021-10-06,18.271677017211914,18.634816223675323,18.061436898402327,18.11877428411284,10611600
2021-10-07,18.080549240112305,18.36723797984786,17.994542253647126,18.271676281751045,7169200
2021-10-08,17.48805809020996,18.329014944868167,17.363826780376854,18.06143743243643,14612800
2021-10-11,16.62799072265625,17.52628500439614,16.47508980100556,17.421164937240253,31512800
2021-10-13,17.124919891357422,17.402052132567803,16.62799097702933,16.62799097702933,10150700
2021-10-14,17.067583084106445,17.14403354871527,16.608878473730645,16.96246301174824,10051300
2021-10-15,16.761777877807617,16.933790021779,15.863483731029882,15.959047248384532,78021300
2021-10-18,16.20751190185547,16.675773014142358,16.10239365985386,16.589766019862946,13070300
2021-10-19,15.815704345703125,16.073725349331472,15.634135630014615,16.054612277346514,17605400
2021-10-20,15.987715721130371,16.21706707909584,15.710583513776394,15.939934871741862,11472200
2021-10-21,15.701026916503906,16.21706701417989,15.318774654758258,15.815701683666319,11995800
2021-10-22,15.395227432250977,15.643691895591914,14.764509738071347,15.395227432250977,24678500
2021-10-25,15.414337158203125,15.662801596995081,15.137204937484602,15.395225911159633,20484500
2021-10-26,15.242323875427246,15.443006548378055,15.012972509586696,15.385669162598576,7090300
2021-10-27,14.946078300476074,15.385668865530114,14.812289550638306,15.385668865530114,9783700
2021-10-28,14.955635070800781,15.137205596033153,14.697614997261839,15.02252990653125,8208600
2021-10-29,14.611607551574707,15.213655586409512,14.50648840061422,15.003416373127198,13706000
2021-11-01,14.315361976623535,14.774065652050608,14.20068628560711,14.764509116625561,10277500
2021-11-03,14.745397567749023,14.869629799334994,14.076454642076651,14.143349481460739,21906500
2021-11-04,14.52560043334961,14.73583964480952,14.305805598329822,14.69761441648602,4262500
2021-11-05,14.563826560974121,14.716727483709588,14.172017718624138,14.54471440131288,8161700
2021-11-08,14.73583984375,14.898297294158452,14.286692721364199,14.391812784193988,8290300
2021-11-09,14.81229019165039,15.089423326523589,14.66894581240476,14.802733656670991,6124400
2021-11-10,15.261438369750977,15.385670599020047,14.716727685823297,14.840959915092368,10223900
2021-11-11,15.19454288482666,15.519457791951787,15.079867196081562,15.433450797552624,5555700
2021-11-12,14.840958595275879,15.232767408162987,14.821846437051818,15.08942303171791,7831400
2021-11-16,14.181573867797852,14.860072377473722,14.000003343474827,14.812290612580224,11424100
2021-11-17,13.627306938171387,14.420481099283453,13.493518185065724,14.420481099283453,10535200
2021-11-18,13.359728813171387,13.694200224763014,13.139933991136695,13.655974998697795,21252300
2021-11-19,13.455292701721191,13.741982360725627,13.28327872404627,13.350173555009462,11060800
2021-11-22,13.1781587600708,13.569967541488342,13.120820467281314,13.522185782723978,12046100
2021-11-23,13.2450532913208,13.417067266325384,12.996589774644642,13.235497668212659,3755200
2021-11-24,13.111266136169434,13.388399270668813,12.97747738072233,13.092153066236419,5705900
2021-11-25,13.23549747467041,13.273722700627875,12.891469529691951,13.130377419766425,5547700
2021-11-26,12.76723861694336,13.025259601938659,12.643006392096884,12.939252606940226,6311300
2021-11-29,12.470993041992188,13.111266311530393,12.42321127788191,12.881914026073334,13464500
2021-11-30,12.184303283691406,12.44232426127008,11.84027622494785,12.384985962465484,16793700
2021-12-01,11.916726112365723,12.37542883541339,11.81160605481299,12.29897838157211,5991300
2021-12-02,11.897613525390625,12.146077966124762,11.716043917999576,12.146077966124762,7306700
2021-12-03,12.709900856018066,12.74812608474781,11.954951905084611,11.993177133814356,16852000
2021-12-06,13.139935493469238,13.283279879762532,12.776795348649996,12.834133649984143,6605800
2021-12-07,13.426624298095703,13.761094814662412,13.407511228448925,13.569968675001247,14090400
2021-12-08,13.75153923034668,14.028672361484611,13.273723424152914,13.426624336317108,14295000
2021-12-09,13.589082717895508,13.741983640575175,13.436181795215841,13.741983640575175,9843600
2021-12-10,13.913996696472168,14.191129827990737,13.741982714370529,13.741982714370529,8247400
2021-12-13,13.741983413696289,14.124235714084506,13.665532953618646,13.961778258579171,11783000
2021-12-14,13.761094093322754,14.143347263969165,13.569967963680185,13.885326305430741,6761100
2021-12-15,14.038228988647461,14.05734205971515,13.732427142455544,13.923553296325492,6373000
2021-12-16,13.894883155822754,14.286691958342887,13.827989236766525,14.210241504746827,5287600
2021-12-17,13.818432807922363,14.009558943374417,13.646418830334863,13.847101500399846,8250000
2021-12-20,13.474405288696289,13.866214080389282,13.292834782902146,13.81843232037181,6680500
2021-12-21,13.61775016784668,13.665531929655245,13.369285735531186,13.48396141705496,4083800
2021-12-22,13.531743049621582,13.665531799135483,13.292835154221875,13.589081345516481,6990400
2021-12-23,13.464849472045898,13.65597561094082,13.32150418435372,13.41706770948184,4198000
2021-12-27,13.034817695617676,13.560414441025573,12.901028919473744,13.464851810661173,14666400
2021-12-28,12.518775939941406,13.12082312363037,12.318093241591274,13.12082312363037,22962600
2021-12-29,12.270309448242188,12.537886031431654,12.251196379476585,12.518773874027332,10451000
2021-12-30,12.38498592376709,12.499661609656624,12.251197167881964,12.327647625141653,5913100
2022-01-03,12.155634880065918,12.499661947019735,11.849832131412272,12.499661947019735,16124600
2022-01-04,12.155634880065918,12.251197498539074,11.897613896329533,12.203416644983177,9389900
2022-01-05,11.458023071289062,12.136521567786152,11.41024130732365,12.117409409016796,11220000
2022-01-06,11.07577133178711,11.620481098477823,11.027989565451117,11.563143707963743,15779400
2022-01-07,10.855975151062012,11.113996132474183,10.712630768962821,11.0088769796922,11641900
2022-01-10,10.798636436462402,10.855973817715276,10.540615486740744,10.760411211840072,8755800
2022-01-11,10.94198226928711,10.961095339843725,10.664849125745736,10.703074355497602,6045500
2022-01-12,11.27645492553711,11.286011461842898,10.808195582891,10.941983445726196,7862000
2022-01-13,11.486693382263184,11.572699469051791,11.152221925315677,11.276454154714425,9668300
2022-01-14,11.591811180114746,11.658705099110014,11.391128511767649,11.4102406694686,7586600
2022-01-17,11.477134704589844,11.610922533310399,11.410239878868335,11.591810376933704,4569300
2022-01-18,11.391129493713379,11.496248648533394,11.295565962886913,11.477136489184923,7771300
2022-01-19,11.496248245239258,11.696930923845688,11.419797787804555,11.419797787804555,5074700
2022-01-20,11.419797897338867,11.696931036038157,11.362460509393552,11.563143189924855,7365800
2022-01-21,11.486693382263184,11.630037771605599,11.219115852160618,11.372016777155569,8537100
2022-01-24,11.505805015563965,11.639593774491479,11.324235403283604,11.46757978606487,6551900
2022-01-25,11.754270553588867,11.8880584135683,10.980208445210447,11.429355617019196,40426700
2022-01-26,11.735157012939453,12.212972862618633,11.735157012939453,11.811607475979208,11052300
2022-01-27,11.993176460266113,12.13652083211196,11.668261578630146,11.859387711545041,13761300
2022-01-28,11.830718040466309,12.040957224956225,11.458021428601622,11.945393710725932,14924100
2022-01-31,11.974063873291016,12.126964785777718,11.763825574302466,11.811606425933565,12073700
2022-02-01,12.021844863891602,12.098295315223085,11.830718735562893,11.935837878303367,5991900
2022-02-02,11.945395469665527,12.279866907360702,11.811606712315188,12.02184592776248,9442200
2022-02-03,11.945395469665527,12.212972073004858,11.897613705514596,12.040958997967392,8796800
2022-02-04,12.327648162841797,12.327648162841797,11.563143556899188,11.91672716498799,17676100
2022-02-07,12.20341682434082,12.604781286005244,12.20341682434082,12.298979444218492,7212000
2022-02-08,11.954951286315918,12.203415715879814,11.83071907153397,12.146077420072263,8002100
2022-02-09,12.050515174865723,12.289423095225672,11.916727322735442,11.954952553538577,9060800
2022-02-10,12.117409706115723,12.298979320002463,11.888057415730671,11.954952251466938,4310600
2022-02-11,11.792495727539062,12.212973288935276,11.744713958630951,12.184304592134986,7316000
2022-02-14,11.782938003540039,11.97406414854188,11.639593622628995,11.792494538630468,5445000
2022-02-15,11.639595031738281,11.954953437009486,11.534474955740242,11.926283828267406,11329100
2022-02-16,12.470993041992188,12.643006116883297,11.563143169342318,11.658705786201523,21489000
2022-02-17,12.662117004394531,12.948806628275703,12.46143435881383,12.46143435881383,10362100
2022-02-18,12.136521339416504,12.834132892917529,12.136521339416504,12.805463288260942,11604500
2022-02-21,11.907169342041016,12.279865980659068,11.725599745603265,12.13652069902384,4718800
2022-02-22,12.518775939941406,12.633451637375563,12.08874093536153,12.146079239759324,15416600
2022-02-23,12.738570213317871,12.872358976522131,12.51877536451236,12.51877536451236,5598100
2022-02-24,12.939251899719238,13.04437104821551,12.212971660941415,12.413654334515252,6603100
2022-02-25,12.862801551818848,13.139934683228857,12.729012797863167,12.834132858600247,8089600
2022-03-02,12.681231498718262,12.958364620347217,12.643005360627502,12.862801097842903,4196000
2022-03-03,12.56655502319336,12.958364739989518,12.337203660699,12.805462920298643,12631200
2022-03-04,12.146077156066895,12.64300509303224,12.136520621746474,12.64300509303224,6563400
2022-03-07,11.735157012939453,12.174747631098754,11.687375245699254,12.088740632338677,12255900
2022-03-08,11.754270553588867,11.99317848796522,11.524919155314315,11.744714017487066,10151100
2022-03-09,12.805463790893555,13.034816080342008,11.75426951898038,11.89761390244447,14771600
2022-03-10,12.719456672668457,13.025258485235266,12.241640884852172,12.671674911614572,9185900
2022-03-11,12.404097557067871,12.929695111989338,12.203415798781386,12.929695111989338,7293900
2022-03-14,12.518775939941406,12.74812733480972,12.384987170587507,12.432768939025431,4274300
2022-03-15,12.824577331542969,12.90102779370788,12.298979720638146,12.298979720638146,8181800
2022-03-16,12.996590614318848,13.092153231103321,12.73856963514194,12.91058362125988,7731200
2022-03-17,13.120821952819824,13.245054175128235,12.872358419564351,13.092153258859836,6159800
2022-03-18,13.589082717895508,13.780208871245092,12.98703465132328,13.04437204164746,10366600
2022-03-21,13.560412406921387,13.627307240639658,13.187716655091238,13.589082011955506,3916100
2022-03-22,14.086010932922363,14.267581464913874,13.627308157839094,13.665533389096034,13737200
2022-03-23,14.382257461547852,14.592496693568958,13.87577290888745,14.028673837135011,8813400
2022-03-24,14.630721092224121,14.745396781877544,14.353587947721339,14.391813177605814,7986800
2022-03-25,15.137206077575684,15.242325235122788,14.640277162564507,14.716727624664472,8426200
2022-03-28,15.51945686340332,15.777477831163097,14.974747146614424,15.194541975718257,14496800
2022-03-29,15.500344276428223,15.93037923607671,15.433450354421273,15.729695647333193,7323700
2022-03-30,15.452564239501953,15.825260009042745,15.395226849431701,15.51945816503771,8944100
2022-03-31,15.567239761352539,15.815702375310936,15.423893562046935,15.423893562046935,17319900
2022-04-01,15.748807907104492,15.97815926621115,15.471675698371579,15.72014012641777,8302400
2022-04-04,15.567239761352539,15.86348504932035,15.529013622145007,15.758364989222278,2672100
2022-04-05,15.452564239501953,15.653246016109222,15.357000707569687,15.576795555107962,10716200
2022-04-06,15.567239761352539,15.70102760313362,15.137204808881005,15.385669245562042,10924400
2022-04-07,15.385669708251953,15.529014089145683,15.251880951086152,15.366556638073405,6566700
2022-04-08,15.404781341552734,15.576793488947196,15.070309935516654,15.328330890692133,3069100
2022-04-11,15.290104866027832,15.490786617487629,15.213654414606594,15.385668385985014,10289300
2022-04-12,15.72014045715332,15.825258693087173,15.395225569235702,15.48123255855052,9798400
2022-04-13,15.767921447753906,16.025942417988766,15.691470992431277,15.787034517265221,7212700
2022-04-14,15.643691062927246,15.79659198257972,15.481233607956153,15.720141522753483,4607000
2022-04-18,15.31877613067627,15.672358823336662,15.31877613067627,15.567240580430383,3539900
2022-04-19,15.615020751953125,15.777478199589265,15.184986707006242,15.328331996229421,7756800
2022-04-20,15.853930473327637,16.331746336121782,15.720142615016591,15.748810400241608,12326800
2022-04-22,15.31877613067627,15.748809283051564,15.146762140637057,15.748809283051564,8878800
2022-04-25,15.299661636352539,15.462119075969524,15.01297198341896,15.280548567521702,6454900
2022-04-26,15.12764835357666,15.309218870321331,15.022529204287494,15.213655344522945,9387600
2022-04-27,15.184988021850586,15.481234249474259,14.965192257221137,15.290107180627292,7959000
2022-04-28,14.840958595275879,15.385669230762073,14.840958595275879,15.328331844728568,5384600
2022-04-29,14.720572471618652,15.134829720687819,14.720572471618652,15.067392835958847,7651000
2022-05-02,14.691670417785645,14.971052966029257,14.441189259013136,14.547162551671523,5536000
2022-05-03,14.624234199523926,14.855447163298864,14.479725408095602,14.701305187448906,5388000
2022-05-04,14.797642707824707,14.951785594567118,14.258145819881374,14.43155507448386,5127000
2022-05-05,14.4700927734375,14.74947534496982,14.32558397651884,14.547163764290644,6151000
2022-05-06,14.152173042297363,14.51826068894659,14.055834768184598,14.450823805191792,6832100
2022-05-09,14.219611167907715,14.325583547467243,13.920960398227367,14.046200984302438,11844800
2022-05-10,14.710939407348633,14.971053763969575,14.142540177823133,14.219611166359607,13119700
2022-05-11,14.604966163635254,14.788010451162595,14.402654588281102,14.450824185986122,6181500
2022-05-12,14.682037353515625,15.077026406340172,14.42192299236037,14.42192299236037,8258700
2022-05-13,14.913249015808105,15.096293289795755,14.624233288473656,14.720571557998943,5016200
2022-05-16,14.80727767944336,14.932518265469302,14.643501599160102,14.932518265469302,6824600
2022-05-17,15.250436782836914,15.269704989926158,14.845813621549626,14.845813621549626,7407200
2022-05-18,14.836177825927734,15.250435043513297,14.816910539794621,15.231167757380184,6842800
2022-05-19,14.884347915649414,14.95178571626016,14.662769064558901,14.922883407959008,6219800
2022-05-20,15.375677108764648,15.491283593040032,14.932518459663013,15.028857655938499,8142900
2022-05-23,15.288971900939941,15.635791351159021,15.173365417533583,15.529819889818183,8474400
2022-05-24,15.317873001098633,15.346775310470143,14.999954948081168,15.192633335523329,5652100
2022-05-25,15.144462585449219,15.443113328236134,14.942151029047391,15.163729871471093,8129200
2022-05-26,15.500916481018066,15.606889772363644,15.038489661415989,15.077025153152947,6641000
2022-05-27,15.221534729003906,15.510551391462954,15.134829638390327,15.433480403975027,3408100
2022-05-30,15.26970386505127,15.491282717702402,15.16373057138454,15.231168372470263,1706700
2022-05-31,15.26007080078125,15.39494457461466,15.057759221272459,15.298606295984893,5708500
2022-06-01,14.855446815490723,15.539451587620762,14.730206233355206,15.394943718334426,6096700
2022-06-02,15.30824089050293,15.41421327602245,14.884349510907436,15.067393808065079,5285700
2022-06-03,14.884347915649414,15.231168265194366,14.788009644254734,15.173364567350673,4184100
2022-06-06,14.903616905212402,15.134829871233299,14.84581320432785,15.01922338822285,2626600
2022-06-07,15.125195503234863,15.317872971546658,14.701305072948912,14.82654565704124,7316900
2022-06-08,15.356407165527344,15.74176298829518,14.990320466097813,15.009587751918994,10420600
2022-06-09,15.02885627746582,15.500916274648477,14.768741022635428,15.385309800976719,9688900
2022-06-10,14.489360809326172,15.019224587848004,14.229246431466306,14.855448494145643,15101900
2022-06-13,14.036566734313965,14.35448478842786,13.892058861992611,14.258146513133171,9104400
2022-06-14,14.055834770202637,14.2099767438121,13.84388909711031,14.017299276800271,10130900
2022-06-15,14.913249015808105,15.067391900814027,14.25814565925695,14.344850744960722,25461900
2022-06-17,14.942152976989746,15.183000055592062,14.566431203617006,14.633868091622872,14099900
2022-06-20,15.317873001098633,15.500917285416957,14.836178870010517,15.096294141802248,7611300
2022-06-21,14.845812797546387,15.645424972194602,14.816911407275349,15.375676519228112,9398400
2022-06-22,14.44118881225586,15.134828569413912,14.32558233918928,14.68203586083421,8791300
2022-06-23,14.720572471618652,14.903616756966787,14.393020313634535,14.393020313634535,3851900
2022-06-24,14.42192268371582,14.865081325420952,14.258146604036185,14.865081325420952,5803600
2022-06-27,14.1618070602417,14.4989933145069,14.10400427987309,14.479725108544944,8041800
2022-06-28,14.084736824035645,14.489359983199842,13.96913033838283,14.238878804906067,7081400
2022-06-29,13.853522300720215,14.181074432753542,13.593407048073075,14.181074432753542,8408900
2022-06-30,13.747550964355469,13.882424733271394,13.342927820090408,13.58377488602158,10650900
2022-07-01,14.065468788146973,14.287047644180365,13.545239170983105,13.641577444526856,10271400
2022-07-04,13.87278938293457,14.142538734032586,13.76681701420514,13.959494465876178,1980900
2022-07-05,14.171440124511719,14.19070741030283,13.468166277344228,13.670477831322978,7354200
2022-07-06,14.354485511779785,14.633868086102735,13.920960954210887,13.969130553664918,11107300
2022-07-07,14.576064109802246,14.951785852308486,14.470091734676258,14.498993124481778,6763400
2022-07-08,14.720572471618652,14.826545769059777,14.412288519990613,14.73984067797473,3792400
2022-07-11,14.788010597229004,14.893982978219844,14.527895318307847,14.576064916488654,3654100
2022-07-12,14.682037353515625,14.971054024944873,14.595332260210983,14.79764383833559,4929100
2022-07-13,14.778375625610352,15.019222683605934,14.44118937691309,14.585698162965608,3964800
2022-07-14,14.759106636047363,14.999953681250531,14.518259590844195,14.527893693154377,8175300
2022-07-15,15.009589195251465,15.163731171677574,14.566430553647075,14.836179012392767,3973400
2022-07-18,14.874714851379395,15.192633833577721,14.807277964819066,15.077026429819053,3805700
2022-07-19,14.922883987426758,15.105928272074044,14.720572415255814,14.913249884285607,3342100
2022-07-20,14.826544761657715,15.105927303527405,14.57606360859976,14.893981641804631,5599700
2022-07-21,14.845812797546387,14.95178609313791,14.604965734850932,14.749474523723384,4662200
2022-07-22,15.077025413513184,15.144463214286365,14.788009679874385,14.8458124590987,3071000
2022-07-25,14.932518005371094,15.433480340748979,14.913249799198725,15.211900563559949,6226600
2022-07-26,14.951786041259766,15.038490211772043,14.768741759741495,14.826545458841641,3874000
2022-07-27,15.761031150817871,15.934441316538596,15.03848909990104,15.048123202165206,22102600
2022-07-28,15.597256660461426,16.13675357904711,15.317873179174095,15.915174717174796,25902000
2022-07-29,15.26970386505127,15.664692893696238,15.26970386505127,15.597256011369131,15825800
2022-08-01,15.057758331298828,15.404577767633196,14.855446763747457,14.961419139604414,9649400
2022-08-02,15.096294403076172,15.211900886287102,14.807277735669517,15.048124805381953,7865200
2022-08-03,15.95370864868164,16.001879162916577,15.067392318206986,15.125195097771677,9465300
2022-08-04,16.213823318481445,16.425768060792027,15.924807593738183,16.02114494364116,10048700
2022-08-05,16.40650177001953,16.57027783814425,16.107850103869225,16.261992069455175,6244900
2022-08-08,16.685884475708008,16.888196967108414,16.26199312409735,16.531742500125457,10381400
2022-08-09,16.61844825744629,16.87856354074092,16.512474955914985,16.656984671645805,6314800
2022-08-10,16.897830963134766,17.206114912345257,16.734054885427035,17.167578499935303,6533000
2022-08-11,16.99416732788086,17.34098766927179,16.86892766988812,16.917096345073674,8667500
2022-08-12,17.340988159179688,17.649272099117905,17.06160469016241,17.167577983585133,11729000
2022-08-15,17.533668518066406,17.668542297622825,17.061606614584083,17.206116335557308,7999500
2022-08-16,17.42769432067871,17.630004979658352,17.196481351480262,17.524033517224066,4828900
2022-08-17,17.273550033569336,17.52403117611753,17.167576747775115,17.312084604529083,8548600
2022-08-18,17.45659637451172,17.591470145183916,17.292820294045203,17.340988972851758,13968800
2022-08-19,17.129043579101562,17.572201287762233,17.071238961654068,17.45659572790173,7571900
2022-08-22,17.360258102416992,17.456597302669714,16.820759316008722,16.984535405183124,10077700
2022-08-23,17.206113815307617,17.7937793669524,17.10977462794247,17.495129539885895,12142000
2022-08-24,17.1483097076416,17.26391710340299,16.994167738304565,17.1483097076416,5807100
2022-08-25,17.29281997680664,17.321720448553467,16.984534190541382,17.196480783443576,6074000
2022-08-26,17.29281997680664,17.41805964191653,17.109775693168547,17.3024522423774,3647900
2022-08-29,17.687808990478516,17.986458835710422,17.196480758796636,17.292819952021624,7263100
2022-08-30,17.630002975463867,17.957555103971252,17.55293199449255,17.687807589330202,6440300
2022-08-31,17.71670913696289,17.986458505537676,17.514398488669734,17.74561144565502,9759800
2022-09-01,18.082796096801758,18.246572156529698,17.716707569166562,17.813046752097776,12942800
2022-09-02,18.208036422729492,18.545222656718718,17.957555272837986,18.208036422729492,12423600
2022-09-05,18.73790168762207,18.911310024388886,18.12133197488807,18.39108133905402,11861400
2022-09-06,18.757169723510742,18.834240714766153,18.333280190364675,18.68973283585193,7863100
2022-09-08,18.40071678161621,18.94984781515502,18.342913998485113,18.91131140138939,6653400
2022-09-09,18.159868240356445,18.622294143064227,18.082797256571816,18.477786278157694,8752700
2022-09-12,17.78414535522461,18.381446849923083,17.707074372442598,18.256207191971253,10149200
2022-09-13,17.48549461364746,17.84194903885061,17.32171855409743,17.649270673197492,10161300
2022-09-14,17.707073211669922,17.87084926903514,17.369888832550696,17.446959810280383,7347400
2022-09-15,17.620370864868164,17.84194970741013,17.485495268850197,17.697441846513943,7203900
2022-09-16,17.244647979736328,17.620370617819116,17.06160371182508,17.49512912595248,10140200
2022-09-19,17.466228485107422,17.58183588574045,17.14831043026322,17.14831043026322,7719100
2022-09-20,17.601102828979492,17.832315776135566,17.43732676172096,17.552932316540417,8039000
2022-09-21,17.630002975463867,17.957555103971252,17.543297892181492,17.630002975463867,11282800
2022-09-22,17.360258102416992,17.88048684375383,16.94600082759248,17.66854207321177,12903600
2022-09-23,17.1386775970459,17.42769333278163,16.965267420597566,17.109775288465432,12048200
2022-09-26,17.09050750732422,17.206114907000885,16.7147866740303,16.89783095788615,7980700
2022-09-27,17.129043579101562,17.49513030201615,16.868928313139566,17.25428324186998,9260100
2022-09-28,17.29281997680664,17.360256860905604,16.974901924970624,17.13867800243265,11092900
2022-09-29,17.29281997680664,17.456596054268665,16.955633718794555,17.11940979625658,8404000
2022-09-30,16.90746307373047,17.28318574121415,16.85929439617687,17.24464932915746,11790900
2022-10-03,17.755245208740234,17.813047987500976,16.965267161447017,17.24464879005494,18011200
2022-10-04,17.418060302734375,18.073164637436257,17.33135520916987,17.986459543871753,18594600
2022-10-05,17.45659637451172,17.74561212238566,17.148310582590923,17.4276940647174,8852300
2022-10-06,17.446962356567383,17.639638910253144,17.302452644406408,17.63000480694126,6691000
2022-10-07,17.495132446289062,17.687810853028324,17.321722247727223,17.44696376336298,11897600
2022-10-10,18.102067947387695,18.12133431784131,17.581837357273688,17.735979346007294,7333800
2022-10-11,18.323644638061523,18.593392167369952,17.851584624254542,18.150234462067687,12287200
2022-10-13,18.757169723510742,18.99801680087357,17.93829113049103,18.179138207853857,20665700
2022-10-14,18.391082763671875,18.9402137997635,18.29474356632728,18.805340025991484,11391600
2022-10-17,19.017284393310547,19.065454909736367,18.3621800700579,18.497055678532885,20683400
2022-10-18,17.263917922973633,19.161792158982006,17.263917922973633,19.103989377115848,33355700
2022-10-19,17.67817497253418,17.976824819204246,17.283185932175204,17.47586248203574,27062400
2022-10-20,17.350624084472656,18.111699911447595,17.196482098312735,17.735979049872462,15810900
2022-10-21,17.919021606445312,18.256207857477236,17.340988295750194,17.533666678487645,27105700
2022-10-24,18.005725860595703,18.362178463370668,17.543298130956735,17.91902077613322,16227000
2022-10-25,17.04233741760254,18.00572559754023,16.801490372618115,18.00572559754023,27810400
2022-10-26,16.45467185974121,17.07123977508899,16.367966766955764,17.042339302505397,12823000
2022-10-27,17.475860595703125,17.745609941412056,15.992243788096728,16.13675164427337,30122400
2022-10-28,18.1213321685791,18.217671359490755,17.273551331094453,17.40842509586043,12193800
2022-10-31,19.0943546295166,19.248496600969464,18.13096638917758,18.294742463535904,18379300
2022-11-01,19.161792755126953,19.489344925087874,18.670464500185574,18.88241110281756,15316600
2022-11-03,19.62421989440918,19.74945956116751,18.699366198474777,18.699366198474777,9732300
2022-11-04,19.79762840270996,19.98067269026426,19.604951849378825,19.816896609298272,15655600
2022-11-07,19.518245697021484,19.942137031351997,19.142524876545128,19.69165587186202,17754600
2022-11-08,19.22922706604004,19.45080774251553,19.075085105241424,19.26776347499825,10214300
2022-11-09,19.653118133544922,20.096277643489213,19.132889481673118,19.132889481673118,19633400
2022-11-10,18.805339813232422,19.64348659435789,18.43925123496827,19.64348659435789,13893700
2022-11-11,18.641565322875977,18.96911751560485,18.034629620900567,18.882412415322648,19344200
2022-11-14,18.882410049438477,19.190693995140776,18.47778691132489,18.87277594644562,8802100
2022-11-16,18.920944213867188,19.248496358456993,18.448884202550637,18.9980151986226,21887300
2022-11-17,18.786069869995117,18.901677262318024,18.05389461866248,18.660830212702702,10826800
2022-11-18,18.448884963989258,19.026918292270558,18.448884963989258,18.78607122527979,9969800
2022-11-21,18.988380432128906,19.02691684191824,18.583759154443822,18.603025521821337,10461100
2022-11-22,18.757169723510742,19.393005860747216,18.62229594819312,19.07508779212898,9653000
2022-11-23,18.641565322875977,19.142527716169255,18.468155122311575,18.699368110558282,10423000
2022-11-24,19.084720611572266,19.267764892556382,18.58376012087891,18.670463372379544,7241600
2022-11-25,18.50668716430664,19.161791459948866,18.41998391342904,19.161791459948866,6509300
2022-11-28,18.612659454345703,19.046184872932102,18.217670445196823,18.352544203193865,12132600
2022-11-29,18.689733505249023,18.988383377370596,18.294744431228327,18.53559151721741,13403400
2022-11-30,19.315933227539062,19.383371946982614,18.15986845697931,18.304376323609628,128079800
2022-12-01,18.9594783782959,19.084718024613526,18.419981548938658,19.075083922971093,25518700
2022-12-02,19.787994384765625,19.971036818594747,19.01728272713333,19.11362191402701,24428900
2022-12-05,19.633852005004883,19.75909350829114,19.296667582735623,19.604951533105968,17246700
2022-12-06,19.22922706604004,19.816894440032964,18.978747757880125,19.749457561873207,9745600
2022-12-07,19.364105224609375,19.489344895277046,18.824608290359045,19.17142682933272,7439200
2022-12-08,18.631927490234375,19.161790252579035,18.43924911982698,19.075085169647416,15335300
2022-12-09,18.574125289916992,18.757167726209502,18.256207255151313,18.574125289916992,14833900
2022-12-12,18.256210327148438,18.670465782294478,17.87085350954307,18.458521002625517,10851800
2022-12-13,17.94792366027832,18.5259570219456,17.899754979104966,18.5259570219456,13648600
2022-12-14,18.371814727783203,18.468153926024936,17.64927349724626,17.861220100881546,10673700
2022-12-15,18.419984817504883,18.757169247237307,18.0924326536071,18.11169902279372,15735500
2022-12-16,18.024993896484375,18.699366429724595,17.55293385822315,18.38144836977245,14090800
2022-12-19,18.83424186706543,18.90168059636759,18.130968799143137,18.150237007515184,7150400
2022-12-20,19.267763137817383,19.66275213514127,18.863140038422532,18.911308711260244,10658900
2022-12-21,19.441177368164062,19.672390353697583,19.075088762931223,19.30630358598221,13319200
2022-12-22,19.383371353149414,19.527879215352556,19.075085586260972,19.527879215352556,7183700
2022-12-23,19.287033081054688,20.038474735175487,19.065454225994312,19.470075524356435,9067600
2022-12-26,19.200328826904297,19.3255684955305,18.843874352708085,19.075087320760765,2369600
2022-12-27,18.593393325805664,19.36410506296115,18.41998497652509,19.28703407299734,8606100
2022-12-28,18.71863555908203,18.94984853794273,18.26584186765209,18.689733247655415,8329700
2022-12-29,18.793014526367188,18.97640861586329,18.590317249315333,18.86058212641333,7547800
2023-01-02,18.32970428466797,18.503445854167094,17.905002874895533,18.339356798643344,4837200
2023-01-03,17.96291732788086,18.3972693953452,17.73126252369413,18.26213788649346,7978600
2023-01-04,18.41657257080078,18.54205155339903,17.876044748716055,18.175265277241532,9017200
2023-01-05,18.320051193237305,18.793013316949853,18.09804890188771,18.59996856661363,6318600
2023-01-06,18.37796401977539,18.850926085442307,18.204222477075604,18.339353969829432,4999100
2023-01-09,18.561357498168945,18.773709105278208,18.20422371698659,18.291094494253354,4878500
2023-01-10,18.571012496948242,18.68684082914984,18.146311066914233,18.291096942423447,7152400
2023-01-11,19.07293128967285,19.14049704646515,18.358661824823304,18.513098366356786,7095500
2023-01-12,19.304584503173828,19.77754660257815,18.84127491694453,19.092234736409228,10710500
2023-01-13,19.265974044799805,19.603804634697546,18.947448480845615,19.23701834691308,6794900
2023-01-16,19.362499237060547,19.574850861259183,19.140496939969957,19.150149453890695,4350100
2023-01-17,19.362499237060547,19.48798007700134,19.111539398207746,19.44937002131839,5372600
2023-01-18,19.700328826904297,19.96094116600892,19.401108275170486,19.594153020373817,9224700
2023-01-19,19.478328704833984,19.671373471477988,19.29493461164762,19.574852008670433,6939700
2023-01-20,19.304584503173828,19.43971600556688,19.03431965735908,19.3914552807204,5910600
2023-01-23,19.565196990966797,19.787199272666914,19.256323931031215,19.285279629757266,3499900
2023-01-24,20.318077087402344,20.46286296277044,19.66172267566264,19.671373349060225,6625300
2023-01-25,20.375991821289062,20.61729915468745,20.125031973631277,20.57868909764986,2807800
2023-01-26,20.26981544494629,20.433904500760814,19.96094236130219,20.375991257834748,7475700
2023-01-27,20.289119720458984,20.511122010966076,20.105725643461128,20.21190145241179,6872200
2023-01-30,20.057462692260742,20.501467224041814,19.854763610470037,20.35668321763618,14094800
2023-01-31,18.966754913330078,19.652068656918992,18.677186866817365,19.594153574793456,30363400
2023-02-01,18.947450637817383,19.092236507847797,18.609621850489923,18.850929179168862,17126000
2023-02-02,18.841276168823242,19.198409974885106,18.551706277418436,18.609621360316655,8708800
2023-02-03,18.455184936523438,18.82197125869143,18.358661638785932,18.696492260352816,6859200
2023-02-06,18.55170440673828,18.66753271982629,18.242831359875034,18.45518296036495,7136600
2023-02-07,18.19457244873047,18.686839606580584,17.779523560286524,18.127006693128667,19883200
2023-02-08,18.10770034790039,18.397268376845712,17.769869753445093,18.29109441478103,14424900
2023-02-09,17.876047134399414,18.049788703513666,17.69265305133117,17.914655349186585,11653900
2023-02-10,17.982221603393555,18.09804993301756,17.62508778235816,17.798829356279743,6326900
2023-02-13,18.020832061767578,18.136660393972143,17.76021969507897,17.914656243999133,6817800
2023-02-14,17.80847930908203,18.117352355615267,17.71195602178325,18.020829068316488,9612400
2023-02-15,18.55170440673828,18.77370852007125,17.76021676389406,17.808479328109303,12677500
2023-02-16,18.349008560180664,18.551705822265102,17.885698954534476,18.435879341367915,33990600
2023-02-17,18.455184936523438,18.628924663216416,18.01117850334242,18.24283331329517,11362300
2023-02-22,18.17526626586914,18.426226085744926,18.0304822500639,18.329702794865216,5044700
2023-02-23,18.117351531982422,18.271788048228203,17.847086708038056,18.175264765317465,5103300
2023-02-24,18.04013442993164,18.165613417036766,17.82778282571412,18.10770017999045,6522200
2023-02-27,17.750566482543945,18.252486167309296,17.67334821112072,18.098049624462853,7297600
2023-02-28,17.50925636291504,17.818129399367795,17.238993376533138,17.740911140254603,18187200
2023-03-01,17.026643753051758,17.77952324727908,16.679162467355766,17.509258388601104,19714300
2023-03-02,16.891511917114258,17.219690010214773,16.84325119090541,17.02664342332199,7002300
2023-03-03,16.920469284057617,17.229342347097816,16.727422699143155,16.920469284057617,8320600
2023-03-06,17.036296844482422,17.142472657033487,16.640552977192364,17.045949358444226,5910100
2023-03-07,17.1328182220459,17.22934150981244,16.852900871625792,17.065252472917898,12726400
2023-03-08,17.412736892700195,17.509258346756408,16.775683881551092,17.094209466611282,19181400
2023-03-09,17.248647689819336,17.80848058709395,17.181080095141247,17.364474170067208,10746400
2023-03-10,16.283418655395508,17.200385360681985,16.109677091585993,17.113514578777227,24597700
2023-03-13,16.109678268432617,16.515074666593648,16.022807480181765,16.16759151359023,7318300
2023-03-14,15.984195709228516,16.408897090590653,15.800803479050792,16.17724229376458,10544400
2023-03-15,16.157936096191406,16.437853439381122,15.607755763470701,15.791149821387116,24755700
2023-03-16,15.684975624084473,16.331679308072488,15.646365569623706,16.032458750116458,11501700
2023-03-17,15.366450309753418,15.6367151726564,15.269927012928871,15.347145282182757,38654600
2023-03-20,15.491929054260254,15.598104863138598,15.31818841152959,15.443668327149403,20828100
2023-03-21,15.569147109985352,15.820106937803395,15.385753956127152,15.443668116590683,48415400
2023-03-22,14.681138038635254,15.491929896667072,14.54600560203941,15.385755002529605,42950800
2023-03-23,14.719745635986328,15.018967099842513,14.256436051257893,14.748702254903275,25394300
2023-03-24,14.430176734924316,14.951400479794358,14.01512879397227,14.748702305649658,32819700
2023-03-27,14.652180671691895,14.72939893995919,14.237131789369409,14.4880916214953,14200700
2023-03-28,14.825921058654785,14.990010106013823,14.410873104023999,14.574962151383037,12984500
2023-03-29,14.893487930297852,14.961053684631592,14.420524888418582,14.845226282696167,19793200
2023-03-30,15.414712905883789,15.733237595753629,14.825922415980271,15.154100540743327,28286400
2023-03-31,14.999662399291992,15.607756932839356,14.903139106786947,15.530538667041057,26076900
2023-04-03,14.256436347961426,14.970705766206892,14.237131321272141,14.96105325286225,17443100
2023-04-04,14.159914016723633,14.574962913573549,14.05373912426839,14.37226472214852,12462300
2023-04-05,13.484253883361816,14.285394146818929,12.885811814304361,14.227479982484278,36691200
2023-04-06,13.156074523925781,13.571123387660545,13.001637994307542,13.33946767271886,26117400
2023-04-10,13.435991287231445,13.474600420564867,13.088509087230655,13.204336487230918,12159600
2023-04-11,14.198521614074707,14.324001520936358,13.513208843069878,13.522861356024073,23105700
2023-04-12,13.937910079956055,14.468786355938448,13.84138770646839,14.285393201951837,21392400
2023-04-13,13.271903038024902,14.14060905048986,13.271903038024902,14.092348321308567,20136100
2023-04-14,12.760331153869629,13.291207434256092,12.596242105013552,13.20433665303648,26653800
2023-04-17,12.808592796325684,13.020942571986794,12.615546206794697,12.760331148942937,14769300
2023-04-18,12.70241641998291,12.953376238739853,12.615545642681328,12.876157974586073,12417000
2023-04-19,12.441805839538574,12.692764754541894,12.27771678712426,12.586589864367966,13110300
2023-04-20,12.547980308532715,12.625198575251767,12.345282128266613,12.461109528345192,12742300
2023-04-24,12.451457023620605,12.885810924863238,12.354934650411183,12.54798031734438,8287100
2023-04-25,12.046060562133789,12.48041445974649,11.795101657475092,12.461109432957329,18435400
2023-04-26,12.152236938476562,12.393544261574146,11.949538750254018,12.017104506156738,19317300
2023-04-27,11.872321128845215,12.161890116478402,11.659970415178952,12.007452648030116,19434000
2023-04-28,11.91110610961914,12.04679032034952,11.707580255660105,11.872339324306612,15072900
2023-05-02,11.474979400634766,11.9595646731327,11.358679046148028,11.86264724892389,17427900
2023-05-03,11.116386413574219,11.29083648322547,10.593034356074348,11.029160916612064,30544100
2023-05-04,11.126076698303223,11.504053519313468,10.641491456928907,11.319911534271347,26954400
2023-05-05,10.176290512084961,10.951627116907947,10.059990160002469,10.845017767627551,52976300
2023-05-08,10.845017433166504,10.990393561990988,10.282898619967053,10.282898619967053,41086500
2023-05-09,11.261760711669922,11.591278818217807,10.593033496355021,10.80625033354355,38878100
2023-05-10,11.33929443359375,11.504053489171163,11.24237794013662,11.290835724728687,11154600
2023-05-11,11.31991195678711,11.42652038113034,11.058235473026864,11.271453245986356,14101000
2023-05-12,11.203611373901367,11.38775336201121,11.077619098132311,11.261761086242155,6955200
2023-05-15,11.368369102478027,11.407136808351714,11.106693557741508,11.261760684144331,12238900
2023-05-16,10.80625057220459,11.474978726561643,10.80625057220459,11.397445161458363,9182100
2023-05-17,10.845017433166504,11.097001983710536,10.709334155391263,10.9031680695509,10975200
2023-05-18,10.95162582397461,10.961317749905529,10.651182590026627,10.796558706171623,10867600
2023-05-19,11.455595016479492,11.70757956835444,10.748100994991773,11.019468476248555,25040300
2023-05-22,11.639737129211426,11.891721663769685,11.3683687423304,11.484670007721098,13575900
2023-05-23,11.213302612304688,11.891722715219263,11.1745358285044,11.765730436800071,12722500
2023-05-24,10.864401817321777,11.058235740948003,10.680259820945126,11.029160883472333,30388700
2023-05-25,11.271453857421875,11.513746500296103,11.000086356199201,11.009777359466629,17432300
2023-05-26,11.048542976379395,11.387753010222887,10.777175503868392,11.387753010222887,33081400
2023-05-29,11.164844512939453,11.329602646269661,10.99039352858946,10.99039352858946,13598300
2023-05-30,10.874093055725098,11.60097091648236,10.728716929009847,11.252068951784157,21329600
2023-05-31,10.41858196258545,10.893475244170817,10.360431330997905,10.893475244170817,32506900
2023-06-01,10.670567512512207,10.70933429585259,10.215057115057927,10.515500379150671,22690400
2023-06-02,11.14546012878418,11.281144323959818,10.835325881837534,10.835325881837534,40420800
2023-06-05,10.81594181060791,11.23268538972215,10.680258542448255,11.126076051284771,24462400
2023-06-06,12.40538215637207,12.424765085080615,10.854709040223193,10.912859674894793,56145900
2023-06-07,12.385998725891113,13.103185598030997,12.095247391161216,12.424765508903565,35775900
2023-06-09,12.560449600219727,13.074109701648737,12.444149252213517,12.599216382888464,17765400
2023-06-12,13.297019958496094,13.5296206643621,12.72520919670404,12.802742765326043,31653900
2023-06-13,12.793049812316895,13.926979317826206,12.744591104745743,13.461777943398268,26463400
2023-06-14,13.27763557434082,13.45208655891513,12.812434181173339,13.238868791576865,22892600
2023-06-15,13.665303230285645,13.897903908214634,13.141951242808952,13.277634509464395,25113500
2023-06-16,13.093493461608887,13.607153559369456,12.938426332041393,13.607153559369456,29424500
2023-06-19,12.841507911682129,13.132259219065366,12.72520757358342,13.103184365608922,10091800
2023-06-20,12.919042587280273,13.006268079463277,12.608908325538927,12.77366738315727,13900100
2023-06-21,12.986884117126465,13.035342826185675,12.705824713710642,12.996576043792906,18033300
2023-06-22,12.94811725616455,13.141952091225203,12.511990725824068,12.705824636611728,34919500
2023-06-23,13.859137535095215,13.985129803737431,12.948116800073953,12.967500652606429,205491300
2023-06-26,13.471468925476074,14.140197055563744,13.355168582041907,13.859137661196266,23023000
2023-06-27,12.686442375183105,13.85913875249263,12.560450095473632,13.77191325698045,64278500
2023-06-28,12.667058944702148,12.977194152928591,12.453842086620742,12.744592515690492,61575500
2023-06-29,12.93842601776123,13.190409635051113,12.579832134005562,12.744591186237201,22969900
2023-06-30,13.326093673706055,13.481160797661868,12.967500718489992,13.083801061456853,19641600
2023-07-03,13.200102806091309,13.461779298757879,13.093494378119594,13.461779298757879,9654100
2023-07-04,13.190409660339355,13.355168712886865,12.986883826267311,13.219485439687489,6324500
2023-07-05,13.297019958496094,13.597462305838093,13.141952821252088,13.171027678417078,9442900
2023-07-06,13.171027183532715,13.326094314950273,13.035342981405847,13.229176895677794,10770700
2023-07-07,13.56838607788086,13.888212247203358,13.132259567374994,13.287326688952817,12191300
2023-07-10,13.28732681274414,13.704070399071844,13.219485177490034,13.558694278033526,9043800
2023-07-11,13.015959739685059,13.413319485472732,12.822124905792839,13.287327213151984,11463500
2023-07-12,12.889967918395996,13.258252821695654,12.831817281338989,13.180719255134992,8493800
2023-07-13,12.59921646118164,13.035342999983326,12.511990968566701,12.831817158639472,54160300
2023-07-14,12.182473182678223,12.628291660387806,12.0370979738857,12.608908730542886,15603200
2023-07-17,12.424765586853027,12.44414944061737,11.978947117276382,12.114631320807716,11160300
2023-07-18,12.0758638381958,12.541065210322301,12.0758638381958,12.327848376900805,12798800
2023-07-19,11.765730857849121,12.201857422277858,11.717272145296358,12.085557066715065,18624600
2023-07-20,11.814188003540039,11.88203056713309,11.659120871223948,11.823879930378048,8687500
2023-07-21,12.153398513793945,12.163090441002863,11.80449745273038,11.882031021855617,8594300
2023-07-24,12.385998725891113,12.541065857940922,12.037097678779045,12.192164810828853,10834500
2023-07-25,12.279390335083008,12.705824949310703,12.192164842013634,12.667058166199094,13780600
2023-07-26,12.473224639892578,12.754284057291008,12.192165222494149,12.521683351362592,40141600
2023-07-27,13.08380126953125,13.558694575266498,12.880275435034289,13.132259977606331,67544900
2023-07-28,12.793049812316895,13.335785673422459,12.686441395078736,13.171026622244323,60125300
2023-07-31,13.054726600646973,13.180718873730523,12.72520849016276,12.899659472012752,32856600
2023-08-01,13.22917652130127,13.306710084815903,12.783358068955637,12.99657583075737,23914700
2023-08-02,13.22917652130127,13.41331942785326,12.889967411992997,13.122568102536896,13886100
2023-08-03,13.374552726745605,13.830063108345577,13.316402091622486,13.490853072718856,22850500
2023-08-04,13.2679443359375,13.6459211807007,13.015960697035089,13.374553687274151,25269600
2023-08-07,13.442394256591797,13.85913785286578,13.384244546206997,13.587770381099759,31957200
2023-08-08,13.684686660766602,13.752528296586897,13.054726237161937,13.345477557392154,19992600
2023-08-09,13.355170249938965,13.742839034074235,13.248561819545134,13.684688392958366,16701400
2023-08-10,13.374552726745605,13.69437890924029,13.326094018188504,13.519927928143922,9746800
2023-08-11,13.08380126953125,13.616845209811194,12.948117071775616,13.384244520178376,15622100
2023-08-14,12.744590759277344,13.112875632852825,12.667057198974394,13.025650146443772,20429600
2023-08-15,12.70582389831543,12.870582943979548,12.570140630784701,12.783357458125257,15018500
2023-08-16,12.59921646118164,12.889967795140436,12.59921646118164,12.744591666024533,12171100
2023-08-17,12.608908653259277,12.812434498885162,12.453841518358226,12.676750293710228,17965700
2023-08-18,13.015959739685059,13.025650741961279,12.608908067348176,12.657366775821231,10136600
2023-08-21,12.686442375183105,13.074110217156072,12.686442375183105,13.035343432958774,19861900
2023-08-22,12.570141792297363,12.860893130586838,12.405382731409095,12.841509276706795,10646800
2023-08-23,12.657366752624512,12.667057754882972,12.327848644739218,12.570141262387464,19525000
2023-08-24,12.4441499710083,12.696134535046639,12.4441499710083,12.589525183344925,13118400
2023-08-25,11.988638877868652,12.502298979949668,11.94018016840297,12.40538248529131,23324500
2023-08-28,11.775421142578125,12.05648054911036,11.63004593806156,12.027405693061649,17568500
2023-08-29,11.581586837768555,11.920796869228214,11.474978419670965,11.823879453304604,14627700
2023-08-30,11.445903778076172,11.659120618247975,11.436211851448455,11.571895127144513,12755700
2023-08-31,11.252069473266602,11.630046311116171,11.135769121068204,11.329603041398865,34934900
2023-09-01,11.494361877441406,11.688196718211925,11.300527960943906,11.339294744243407,20778900
2023-09-04,11.87233829498291,11.969255711998088,11.484670475468175,11.494361477751301,7669300
2023-09-05,12.37630844116211,12.589525297960554,11.83357252323637,11.901414166374687,29255200
2023-09-06,12.114630699157715,12.482915583324866,12.05648006512165,12.434456875673641,26369500
2023-09-08,11.852954864501953,12.211548765680414,11.843263861873282,12.124323272111223,8009900
2023-09-11,11.84326457977295,11.998331722507606,11.697888440254399,11.872339437967428,12088600
2023-09-12,12.473224639892578,12.570142062832605,11.852955166477093,11.852955166477093,14965900
2023-09-13,12.4441499710083,12.77366810486258,12.4441499710083,12.511991613528984,13367800
2023-09-14,12.230931282043457,12.637982955433918,11.891722170400065,12.473223900762875,24212200
2023-09-15,12.037096977233887,12.269697661752184,11.882029854221688,12.230930880999134,12780600
2023-09-18,11.882030487060547,12.114631183967195,11.82387985069738,12.008022762286567,10083800
2023-09-19,11.688197135925293,11.949872701480436,11.562204854630945,11.833572347425589,9202900
2023-09-20,11.765730857849121,11.852955431316415,11.455595652075276,11.726964072661524,16179800
2023-09-21,11.426520347595215,11.697887833300761,11.33929485326446,11.52343776891228,16782800
2023-09-22,11.106693267822266,11.484670071767512,11.087309415391402,11.445903291178741,10808900
2023-09-25,11.038851737976074,11.038851737976074,10.835325906878733,11.038851737976074,6587600
2023-09-26,10.941934585571289,11.184227203430948,10.903167803684664,10.92255165676447,10375300
2023-09-27,11.222994804382324,11.397445797740232,11.019468953555782,11.048543811024416,22429300
2023-09-28,11.823880195617676,11.852955052510913,11.184227798328271,11.184227798328271,18101800
2023-09-29,11.785113334655762,12.240623736280625,11.726963621249286,11.940180469437069,16724100
2023-10-02,11.630045890808105,11.843263657602694,11.610662037339049,11.82387980413364,7262700
2023-10-03,11.13576889038086,11.678504780336494,11.067927250738787,11.484670864021275,18442400
2023-10-04,11.271453857421875,11.455595859326133,11.145461572214506,11.17453643056295,10408400
2023-10-05,11.271453857421875,11.436212928518197,11.116386713866062,11.252070002340856,7593000
2023-10-06,11.387752532958984,11.523436725664416,10.709333417977719,11.019467659278195,19863000
2023-10-09,11.203611373901367,11.39744528882568,10.757792907438944,11.23268623007176,14534100
2023-10-10,11.736654281616211,11.736654281616211,11.23268610827745,11.25206903742321,12462900
2023-10-11,11.794804573059082,12.017713335225388,11.707579083768621,11.775420720206546,11967500
2023-10-13,11.261760711669922,11.79480465318721,11.213302003482353,11.785112726695099,9170200
2023-10-16,11.407136917114258,11.533128265313096,11.145460445609777,11.358678208583097,7162600
2023-10-17,11.213302612304688,11.678504942181167,11.1745358285044,11.33929489072388,9846900
2023-10-18,10.486425399780273,11.16484554648926,10.447658613477453,11.16484554648926,15312800
2023-10-19,10.651183128356934,10.912859596079779,10.389507584907065,10.418582439896388,8209500
2023-10-20,10.738409042358398,10.748100969162532,10.544575127640796,10.583341910584316,9727700
2023-10-23,11.164844512939453,11.319911643795889,10.583341847954813,10.583341847954813,7677200
2023-10-24,11.029160499572754,11.416828333331383,10.8837843687085,11.319911837028236,8428700
2023-10-25,10.689950942993164,11.097002649278767,10.602725445321527,11.029161006322187,7670100
2023-10-26,11.33929443359375,11.571895127018454,10.75779270003199,10.767483702386606,21852600
2023-10-27,10.78686809539795,11.45559535352417,10.748101311220676,11.339295000992351,13292000
2023-10-30,10.622108459472656,11.097001771134899,10.53488296870347,10.951626569368251,14902100
2023-10-31,10.602724075317383,11.135767995555758,10.525190515021578,10.77717504811942,15178600
2023-11-01,10.738409042358398,10.845017464384828,10.350741212923191,10.660875476471357,19375400
2023-11-03,11.571895599365234,11.610662383185085,11.242378399033022,11.25206940178321,16636800
2023-11-06,11.387752532958984,11.77542033458458,11.3586776789053,11.64942899226097,11056500
2023-11-07,11.823880195617676,11.91110569057042,11.319912004285099,11.397445572182418,17227000
2023-11-08,11.940180778503418,12.308465695278434,11.688197140097822,11.833572351650014,13850200
2023-11-09,12.114630699157715,12.492607509709705,11.77542066987211,11.949871647707333,17537900
2023-11-10,12.221240043640137,12.667058524158566,12.11463161813881,12.192165186553055,17847100
2023-11-13,12.153398513793945,12.424766005732273,12.075864944668709,12.134015583649163,9434300
2023-11-14,12.163089752197266,12.502298866842226,12.114631043169986,12.240623316931714,21179500
2023-11-16,12.92873477935791,13.13226062387078,12.163090111766264,12.405382739792392,22426900
2023-11-17,12.70582389831543,13.035341989643666,12.637982264550066,13.025650063599203,13810400
2023-11-20,12.492609024047852,12.812435239332704,12.424766455403159,12.705825884722364,9104100
2023-11-21,12.385998725891113,12.48291614555875,12.221239667019939,12.444149362546298,9484000
2023-11-22,12.570141792297363,12.72520892624561,12.395690804469073,12.482916298383218,10478000
2023-11-23,13.180719375610352,13.297019726514362,12.628291553475012,12.637983480451936,8829200
2023-11-24,12.744590759277344,13.238867899413355,12.667057198974394,13.20010111926188,7056600
2023-11-27,13.07411003112793,13.258252946649748,12.725208978316685,12.841509329253766,9995900
2023-11-28,13.103185653686523,13.481161558595124,12.986884379882166,13.141952436863637,17069200
2023-11-29,12.763975143432617,13.452086213003266,12.725208361665523,13.22917652463774,13863800
2023-11-30,12.53137493133545,12.909350836929221,12.134015171981474,12.870584053681833,21247900
2023-12-01,12.511991500854492,12.63798378173906,12.134015582473838,12.52168342806247,20043200
2023-12-04,12.289082527160645,12.715517150591948,12.289082527160645,12.53137515790578,9929700
2023-12-05,12.308464050292969,12.657365990225529,12.230930491257496,12.337538903863038,12428700
2023-12-06,11.87233829498291,12.628291005173141,11.843263439587552,12.434457095415771,16842800
2023-12-07,11.814188003540039,12.163089975524256,11.736654437381993,11.87233864029508,20915900
2023-12-08,11.610662460327148,11.96925636838458,11.581587603337343,11.85295509187928,16929900
2023-12-11,11.54281997680664,11.649429318443437,11.407136704575041,11.630045465682938,10547700
2023-12-12,11.697887420654297,11.98863875007613,11.542820291435453,11.542820291435453,12668100
2023-12-13,12.54106616973877,12.599216807839705,11.552512716207172,11.620354357097398,24349900
2023-12-14,12.94811725616455,13.413319566327926,12.618600069962026,12.628291072296665,27002600
2023-12-15,12.473224639892578,12.938426976022452,12.269698791136953,12.938426976022452,13438600
2023-12-18,12.802742004394531,12.977192985562057,12.34723162260876,12.550757459213212,9094600
2023-12-19,12.986884117126465,13.05472667951856,12.870583769948158,12.986884117126465,5248800
2023-12-20,12.94811725616455,13.229176657874905,12.880275618457118,12.94811725616455,7030200
2023-12-21,12.831817626953125,13.132260898672644,12.754284058304162,13.132260898672644,7705900
2023-12-22,12.996575355529785,13.18071825534848,12.81243337998404,12.831816308017459,4433600
2023-12-26,12.957809448242188,13.015960084806329,12.85120102619311,12.96750137504838,3684000
2023-12-27,13.064417839050293,13.093493619399341,12.851200995462001,13.006268126898217,5485700
2023-12-28,13.112876892089844,13.161335603000941,12.996576540467032,13.0838020352524,4446900
2024-01-02,12.618599891662598,13.03534256289929,12.502298622560334,13.03534256289929,7348700
2024-01-03,12.54106616973877,12.715517159768536,12.318157392943432,12.628291664753654,6830500
2024-01-04,12.802742004394531,12.91904235041522,12.444149039762495,12.502298750636344,8604100
2024-01-05,13.161335945129395,13.61684636069783,12.74459231444297,12.802742953902518,12696400
2024-01-08,13.733146667480469,13.733146667480469,13.093494257020085,13.151643972003908,17538900
2024-01-09,13.510236740112305,13.859138721377702,13.355169603671257,13.723454514855264,9819500
2024-01-10,13.161335945129395,13.56838764852705,13.045035590483359,13.56838764852705,19324800
2024-01-11,13.442394256591797,13.713761728357818,13.209793566506635,13.209793566506635,14967000
2024-01-12,13.81067943572998,14.130505622405046,13.54900296066511,13.655612305738797,17148700
2024-01-15,14.246806144714355,14.334031637472949,13.704071183085567,13.800987678382773,8029800
2024-01-16,14.033588409423828,14.304956815153227,13.93667191389734,14.304956815153227,11210600
2024-01-17,13.65561294555664,14.285573421730135,13.297019959582324,14.043280788698322,14787300
2024-01-18,13.364861488342285,13.859138677383893,13.248561136380678,13.713762544227107,8302800
2024-01-19,13.859137535095215,13.859137535095215,13.209793263624622,13.393935241318346,5326200
2024-01-22,13.190409660339355,13.936671360027841,13.180718658162956,13.868829723428153,6914100
2024-01-23,13.219486236572266,13.481161796568701,13.180719452710829,13.248561093400085,9537600
2024-01-24,12.93842601776123,13.432702250183173,12.93842601776123,13.27763512438233,9089400
2024-01-25,13.56838607788086,13.607152858275315,12.938425665402715,12.938425665402715,8608700
2024-01-26,13.374552726745605,13.568386636701023,13.209793672215255,13.568386636701023,5774000
2024-01-29,14.014204978942871,14.033587907645916,13.287327129255528,13.287327129255528,11897100
2024-01-30,13.61684513092041,14.1498890681121,13.61684513092041,13.956054236934778,9048500
2024-01-31,13.238868713378906,13.80098752227252,13.238868713378906,13.645920392132627,20239700
2024-02-01,13.161335945129395,13.452087293881014,13.045035590483359,13.190410802722639,12981400
2024-02-02,13.103185653686523,13.287327642709558,12.851201100898779,13.11287665627604,9537000
2024-02-05,13.006268501281738,13.219486275280481,12.899660076418884,13.103185923355632,5345100
2024-02-06,13.364861488342285,13.452086983381749,12.9675017214052,13.054727216444665,13604000
2024-02-07,13.384244918823242,13.549003052349013,13.13226036874593,13.364861065306675,10806100
2024-02-08,13.4036283493042,13.607154197474085,13.229177358223428,13.374553492215083,12424500
2024-02-09,12.93842601776123,13.40362739516376,12.909350238468841,13.40362739516376,18553100
2024-02-14,12.754283905029297,12.948117824322303,12.676750337312093,12.851201326812317,7875600
2024-02-15,12.977193832397461,13.180719682283128,12.65736762890185,12.802742839846019,6962800
2024-02-16,13.180719375610352,13.306710729218258,12.841509325602214,13.054727097729415,4964600
2024-02-19,13.12256908416748,13.248561365371827,12.870584521758788,13.171027796057315,6978200
2024-02-20,13.558695793151855,13.70407193043525,13.025651804992199,13.045035659672543,16895700
2024-02-21,13.878520965576172,13.97543838319978,13.393935726004122,13.558694781400458,10477600
2024-02-22,14.372797966003418,14.615090582995077,13.956054369010408,13.956054369010408,21828500
2024-02-23,14.266189575195312,14.460023484313526,13.985130175905656,14.460023484313526,7821200
2024-02-26,14.15958023071289,14.440639629977484,14.130505375415998,14.324339284516928,6009200
2024-02-27,14.256497383117676,14.36310580007867,14.082046406024261,14.266189309461303,8891500
2024-02-28,13.578079223632812,14.227423546768867,13.30671081222432,14.159580981780225,16650200
2024-02-29,13.76222038269043,13.849445872199393,13.3842444938489,13.461778056907315,10099200
2024-03-01,13.61684513092041,13.839753892792169,13.384244442635191,13.830062890651682,7439400
2024-03-04,13.597461700439453,13.771912684208415,13.48116135268448,13.674995265609436,6926800
2024-03-05,14.023898124694824,14.130506552512765,13.587771561819357,13.64592127725712,16007800
2024-03-06,13.975438117980957,14.382489785438498,13.917287483655747,14.0917384623584,10982800
2024-03-07,14.00451374053955,14.091739234671365,13.704071398833333,13.975438883919955,6452500
2024-03-08,13.965746879577637,14.091739156595185,13.704071322905053,13.868830383291614,9093700
2024-03-11,13.849447250366211,14.014206319328864,13.762221752177387,13.868831105196204,6189600
2024-03-12,14.266189575195312,14.372797994142083,13.742837558439643,14.004513104680985,5196700
2024-03-13,14.246806144714355,14.479406842555264,14.169272578767385,14.198347434929246,5340300
2024-03-14,14.091739654541016,14.382491002219119,13.800988306862912,14.246806793496523,10904800
2024-03-15,14.178964614868164,14.1983475443678,13.897905205075785,14.09173912143725,7761200
2024-03-18,14.014204978942871,14.285572450696376,13.956054344287772,14.217730813826247,3894300
2024-03-19,14.275880813598633,14.353415302801482,14.004513336344163,14.091738827958492,3066400
2024-03-20,14.46971607208252,14.586016422868203,14.159580879047668,14.285573156800416,13419100
2024-03-21,14.363106727600098,14.479407078415006,14.19834766621072,14.460024148749035,19402800
2024-03-22,13.926980018615723,14.372798487012052,13.926980018615723,14.256498137552967,3379700
2024-03-25,14.082047462463379,14.149890027685368,13.83975483133365,13.907597396555639,4301700
2024-03-26,14.00451374053955,14.246806369006578,13.888213389788142,13.94636402730036,4898500
2024-03-27,14.421257019042969,14.576324149741332,14.004513412086359,14.043280194760952,11710900
2024-03-28,14.256497383117676,14.731390682679786,14.256497383117676,14.450331288625378,7122000
2024-04-01,13.742837905883789,14.256498009101572,13.655612413507125,14.208039299528647,14371700
2024-04-02,13.587770462036133,13.859137935418572,13.432702410116038,13.820371153506795,14898200
2024-04-03,13.56838607788086,13.704070271397931,13.31640154318042,13.636227712502919,11886900
2024-04-04,13.393935203552246,13.917287204904959,13.364860349108472,13.665303592603992,15955000
2024-04-05,13.306710243225098,13.568386716406838,13.267943461006283,13.423011514154535,10082900
2024-04-08,13.684686660766602,13.810678930342128,13.045034310823903,13.306709852040022,17208100
2024-04-09,14.208039283752441,14.353415412309793,13.713762110348855,13.79129567587024,14759100
2024-04-10,13.80098819732666,14.178965038735559,13.791296270150601,14.043280831089866,7408300
2024-04-11,13.742837905883789,13.839754400756629,13.626537557472574,13.742837905883789,5563300
2024-04-12,13.549002647399902,13.830062969351804,13.51023586579843,13.6071532819386,8459200
2024-04-15,13.306710243225098,13.549002863160934,13.180718894218698,13.49085315196921,16579900
2024-04-16,12.59921646118164,13.103185563279952,12.55075775147634,13.083801709688627,17806100
2024-04-17,12.4441499710083,12.725209392659352,12.318157688989132,12.705825538068837,11080000
2024-04-18,12.773667335510254,12.88027575651793,12.444149221502705,12.444149221502705,15954900
2024-04-19,12.967501640319824,13.20979426979305,12.773667721595851,12.802742578336188,12837800
2024-04-22,13.141952514648438,13.19041030070188,12.83181732312288,13.01596023750884,6410200
2024-04-23,13.27763557434082,13.597461763211717,13.16133522604895,13.500545268438328,22098300
2024-04-24,13.345478057861328,13.452086478758714,12.93842637912876,13.306710351055367,14207600
2024-04-25,12.899659156799316,13.22917633495852,12.628290764047541,13.22917633495852,20119900
2024-04-26,12.909350395202637,13.103185229080035,12.773667120616043,13.035342667513751,14489900
2024-04-29,13.171027183532715,13.219485893168955,12.89965970355199,12.986884271769608,6604200
2024-04-30,12.715517044067383,13.112876807276827,12.676750260443852,13.054727093978045,13748300
2024-05-02,12.715517044067383,13.015960310354515,12.715517044067383,12.986884529432096,12325100
2024-05-03,13.112876892089844,13.209794313912038,12.948117829555935,12.977193610666413,12649900
2024-05-06,12.92873477935791,13.209794190897298,12.81243442881813,13.112876769977635,7469100
2024-05-07,13.1322603225708,13.364861018313684,12.899659626827916,12.899659626827916,6966200
2024-05-08,13.103185653686523,13.200102149492798,12.977193377292652,13.006268233607232,4964400
2024-05-09,13.0353422164917,13.074108997071253,12.725207971855268,12.88996702038661,8332000
2024-05-10,12.996575355529785,13.13225954885551,12.822124381864274,12.9868834293766,9643100
2024-05-13,12.92873477935791,13.151643553490896,12.793050574924989,12.986884492491287,6951300
2024-05-14,12.754283905029297,12.967501678388121,12.667058410279186,12.841509399779408,10701800
2024-05-15,13.006268501281738,13.074110142169642,12.744592016246047,12.773667797432038,7993700
2024-05-16,13.054726600646973,13.219485655889079,12.948117256506201,13.200101802673304,4347100
2024-05-17,13.209794044494629,13.258252754417398,12.97719334599296,12.996576275398258,6205200
2024-05-20,13.025651931762695,13.297020354290199,12.967502215701852,13.151644215591949,6307000
2024-05-21,13.045035362243652,13.26794414034688,12.919043082513246,12.967501793836178,6983400
2024-05-22,12.860892295837402,13.122567836322494,12.802741662244625,12.919042005157216,10979000
2024-05-23,12.773667335510254,12.957809321664058,12.657366987791061,12.812434118083319,4819800
2024-05-24,12.59921646118164,12.87058394154911,12.59921646118164,12.802742302525496,4805400
2024-05-27,12.560449600219727,12.773667367034282,12.541065746748856,12.579832529417592,3827400
2024-05-28,12.308464050292969,12.754282476883404,12.172780784117357,12.725207623313334,7568500
2024-05-29,12.0758638381958,12.260005816927633,11.969255421485054,12.153397400216885,9200100
2024-05-31,11.804497718811035,12.143706860311665,11.775421936528897,12.046790358857088,22513100
2024-06-03,11.91110610961914,11.998331607640594,11.697888328263705,11.746347040972632,7880700
2024-06-04,11.765730857849121,11.98863964160954,11.688197287473926,11.862647358681581,3975700
2024-06-05,11.707579612731934,12.07586451511291,11.639737973228838,11.678504756412467,8966900
2024-06-06,11.901413917541504,11.95956455635359,11.668813210839257,11.668813210839257,10237500
2024-06-07,11.630045890808105,11.833571730868167,11.504053616078256,11.736654312068897,7620600
2024-06-10,11.562204360961914,11.746346349284886,11.523437577932182,11.581587290340272,12105900
2024-06-11,11.630045890808105,11.69788752940379,11.474978760147678,11.56220425221242,6029300
2024-06-12,11.436211585998535,11.84326325218448,11.348986096919694,11.775420691638173,19599700
2024-06-13,11.213302612304688,11.48467102317973,11.18422775552273,11.387753601542496,6392900
2024-06-14,11.300527572631836,11.407136916246884,11.058234954267437,11.097001736234821,4784200
2024-06-17,10.912859916687012,11.213302250373621,10.8837841365705,11.213302250373621,6046900
2024-06-18,10.825634956359863,10.932243382535262,10.670567818550902,10.874093667993426,13371800
2024-06-19,10.709334373474121,10.767484086769658,10.437966888124555,10.71902630044772,8916100
2024-06-20,10.525191307067871,10.980701701288707,10.408890957872277,10.777175859128164,15058900
2024-06-21,10.457348823547363,10.593033015458241,10.341048483740728,10.496115603482908,14565700
2024-06-24,10.728716850280762,10.806250414250743,10.389507738980342,10.534882940355809,12559000
2024-06-25,10.554266929626465,10.85470926281736,10.525191149557925,10.689950206187643,9834800
2024-06-26,10.350741386413574,10.583342087973357,10.253823965293819,10.573650161006775,18723900
2024-06-27,10.496116638183594,10.496116638183594,10.127831730354147,10.341049503154991,16356000
2024-06-28,10.021223068237305,10.515500242614117,9.943689502563256,10.467041532999584,18442100
2024-07-01,9.691704750061035,10.08906449692986,9.59478733285123,9.982456077417465,19240000
2024-07-02,9.594786643981934,9.730470833479455,9.478486306243884,9.672320202473967,21630700
2024-07-03,10.176290512084961,10.311974718317721,9.691705249604725,9.691705249604725,29182300
2024-07-04,10.689950942993164,10.786868368022333,10.408891519536255,10.505808944565423,16102500
2024-07-05,11.097002029418945,11.184227522218315,10.660875489695112,10.738409055678327,25549700
2024-07-08,11.271453857421875,11.339295501659272,10.961319570310248,10.961319570310248,12616400
2024-07-09,11.126076698303223,11.36836931899038,11.097001842617203,11.26176089862631,14484000
2024-07-10,10.95162582397461,11.242377131991674,10.912859044523863,11.193918426610008,14212100
2024-07-11,10.903167724609375,11.222993903922745,10.72871674524827,11.097001632636724,13851900
2024-07-12,10.893475532531738,11.009775874512478,10.7868671167843,10.90316745876504,11713600
2024-07-15,10.78686809539795,10.912860375042348,10.767484241172792,10.874093590865074,5840400
2024-07-16,10.767483711242676,10.903167911321848,10.699642073339588,10.767483711242676,9437300
2024-07-17,10.41858196258545,10.82563361087946,10.41858196258545,10.757791977588102,8121300
2024-07-18,10.089064598083496,10.41858271077302,10.050297815665493,10.41858271077302,10952400
2024-07-19,10.215056419372559,10.341048687716494,10.098756077271915,10.118139005485544,9806100
2024-07-22,10.370123863220215,10.447657427020992,10.224748662162007,10.224748662162007,6418700
2024-07-23,10.156907081604004,10.379816792264998,10.108449292753118,10.370124864785591,16508700
2024-07-24,9.691704750061035,10.263515478198315,9.691704750061035,10.098756423505439,20101500
2024-07-25,9.594786643981934,9.817696317851222,9.585095642375123,9.682012128353703,20234100
2024-07-26,9.536637306213379,9.652937648450985,9.313727623719911,9.623862793959823,12849500
2024-07-29,9.25557804107666,9.652937780214037,9.11020191809054,9.575404217663962,14084800
2024-07-30,9.148968696594238,9.439720018205433,9.139277694483143,9.207119330625666,13878900
2024-07-31,9.517253875732422,9.556020658197346,9.216811542697508,9.255578325162432,17487100
2024-08-01,9.604479789733887,9.769238853523861,9.517254294283541,9.56571300556407,16979700
2024-08-02,9.885539054870605,9.953381619335163,9.58509671321695,9.604479642868947,10117700
2024-08-05,9.895230293273926,9.972763855032799,9.507562484479566,9.594787048253574,10460200
2024-08-06,9.6432466506958,10.01153156537833,9.6432466506958,9.904923139130645,9331400
2024-08-07,9.98245620727539,10.108448481577929,9.720779731968658,9.817697150439226,11423100
2024-08-08,10.127830505371094,10.195673061945177,9.96307146326291,9.982455314933482,7383500
2024-08-09,9.953381538391113,10.137523527816205,9.662630201791425,10.127831600932511,24889300
2024-08-12,9.93399715423584,10.156905915021326,9.885538446677657,10.011530716619745,13098600
2024-08-13,10.156907081604004,10.350741934099851,9.953382150174901,10.011531866505194,16430900
2024-08-14,10.341049194335938,10.437966612971044,10.069681716139844,10.127831427902505,11245500
2024-08-15,10.07937240600586,10.302282092244582,9.933997206834544,10.302282092244582,11390800
2024-08-16,9.93399715423584,10.244131403771462,9.846771665485704,10.195673620486248,14064000
2024-08-19,10.379816055297852,10.437966691772525,9.701396892549386,10.021223082477563,15557600
2024-08-20,9.904922485351562,10.389507721484396,9.904922485351562,10.379815794936222,10092800
2024-08-21,9.565712928771973,9.95338169163102,9.52694614491337,9.924305910532293,15713400
2024-08-22,9.44941234588623,9.691704970139725,9.342803923952978,9.546329765296832,16152200
2024-08-23,9.430028915405273,9.633554765881009,9.381571127798761,9.517254411933882,14322600
2024-08-26,9.362186431884766,9.47848677537907,9.216811233585126,9.47848677537907,15789500
2024-08-27,9.410645484924316,9.459104194227699,9.236194501141341,9.40095355820904,13138100
2024-08-28,9.323419570922852,9.362186351755824,9.129585666757993,9.323419570922852,15921500
2024-08-29,9.071435928344727,9.294345633330934,8.838835220398899,9.294345633330934,21733300
2024-08-30,9.274961471557617,9.449412458873416,8.984211058395315,8.984211058395315,46062400
2024-09-02,9.497870445251465,9.53663722566992,9.216811056149414,9.488178519078613,14187600
2024-09-03,9.691704750061035,9.817697022724587,9.497870839914412,9.556020550821904,16401400
2024-09-04,9.672321319580078,10.050298154087923,9.652938389854897,9.730471957301681,19605600
2024-09-05,9.294344902038574,9.711088497522988,9.255578120431162,9.623863007838066,22096900
2024-09-06,9.158660888671875,9.352494800611487,9.09081925056126,9.304037015831332,16796100
2024-09-09,8.964826583862305,9.129585632858907,8.66438334031763,8.790375608625205,20755700
2024-09-10,8.625617027282715,8.896985431091611,8.528700532442116,8.896985431091611,19808800
2024-09-11,8.877601623535156,8.964827116334526,8.606234142593907,8.674075781760965,18079800
2024-09-12,8.790375709533691,8.916367979287587,8.722534073617352,8.819451488588953,11088400
2024-09-13,8.528700828552246,8.935752524125114,8.528700828552246,8.664384110894508,24431400
2024-09-16,8.480240821838379,8.703149565504281,8.480240821838379,8.567466303889523,13539000
2024-09-17,8.548083305358887,8.606233940618093,8.402708103620357,8.480241667783972,13563600
2024-09-18,8.470549583435059,8.761300905769993,8.470549583435059,8.548083146154644,22128100
2024-09-19,7.985964298248291,8.567466938836638,7.985964298248291,8.53839208408911,19129200
2024-09-20,7.462612152099609,8.073189636035888,7.462612152099609,8.005348001467285,27842200
2024-09-23,7.617680072784424,7.675830245903511,7.4335376268390645,7.4432290912906645,19916000
2024-09-24,7.898738861083984,8.024731131506325,7.753363662128269,7.859972079744262,22551600
2024-09-25,7.540146350860596,7.850281063143172,7.472304252572895,7.801822355489603,30722700
2024-09-26,7.801822662353516,7.8696643011731,7.54983811206219,7.559530038828704,14720200
2024-09-27,7.869664192199707,7.966581609976793,7.753363845431002,7.753363845431002,13583900
2024-09-30,7.23970365524292,7.666138743868849,7.055561661236209,7.569221783303075,49266200
2024-10-01,6.90049409866333,7.35600450893461,6.90049409866333,7.288162405111764,31533300
2024-10-02,6.929568767547607,7.2009362330915545,6.929568767547607,7.045869109923585,28582100
2024-10-03,6.5322089195251465,6.8811104273931365,6.51282552809562,6.8811104273931365,39638900
2024-10-04,6.755118370056152,6.813269008358065,6.464367489229188,6.512825738298756,23862600
2024-10-07,6.56128454208374,6.8714192814783175,6.5419011497551125,6.822960569588484,23062500
2024-10-08,6.609743118286133,6.648509902147569,6.512825696496025,6.551592942493978,17971800
2024-10-09,6.29960823059082,6.570976173094795,6.29960823059082,6.570976173094795,21063300
2024-10-10,6.444983959197998,6.503134134118495,6.270532972299996,6.309300217716838,18728700
2024-10-11,6.512825965881348,6.541901286048304,6.231766540192417,6.435292394951509,16985100
2024-10-14,6.919877052307129,6.997410616255546,6.648509578487669,6.813268632946302,42118900
2024-10-15,6.793885231018066,7.084636095356394,6.716351205058019,6.997410604986649,30694500
2024-10-16,6.90049409866333,6.939260883094521,6.667893392076184,6.822960529800948,22035800
2024-10-17,6.842343330383301,6.852035256721334,6.687276206066643,6.764809768224971,17844000
2024-10-18,6.8714189529418945,7.0071026927549775,6.755118142394176,6.881110417574576,25498900
2024-10-21,7.0071024894714355,7.11371137015713,6.8326519719156105,6.900493608785741,20497200
2024-10-22,7.065252780914307,7.171861663394471,6.910185651587885,6.9586438984341425,18598400
2024-10-23,7.045869827270508,7.239703750964892,6.929569473053877,7.0071030425316305,16495300
2024-10-24,7.23970365524292,7.259087047356075,6.929569381432441,7.00710294988506,17525100
2024-10-25,7.045869827270508,7.297854390209734,7.026486434901069,7.278470997840296,15271300
2024-10-28,7.1912455558776855,7.375388015858033,7.084636665965583,7.084636665965583,17455800
2024-10-29,7.317237377166748,7.423845798223743,7.191245102677752,7.191245102677752,22537400
2024-10-30,7.443228721618652,7.598296304371199,7.2493948208485595,7.317236917186328,17976200
2024-10-31,7.259087085723877,7.5110716466632725,7.249395620684336,7.385079366193574,15084800
2024-11-01,7.104019641876221,7.317237409196534,7.104019641876221,7.317237409196534,17152100
2024-11-04,7.481996059417725,7.549838160811873,7.171861795070777,7.191245186592461,18988900
2024-11-05,7.443228721618652,7.569220988187449,7.191244650617532,7.472304037802402,13215900
2024-11-06,7.326929092407227,7.6758306097989575,7.123403245773427,7.230012132614112,21286800
2024-11-07,6.997410774230957,7.530454731615207,6.78419346855916,7.288162107738094,35385500
2024-11-08,6.793885231018066,7.133094803814362,6.687276349692433,6.939260432118983,34800800
2024-11-11,6.861726760864258,6.881110151516669,6.629126073035327,6.832651905953885,23554000
2024-11-12,6.9877190589904785,7.055561157612231,6.784193225261708,6.861726788180004,26167100
2024-11-13,6.861726760864258,7.036177738872442,6.68727624499256,6.958643714126312,22902600
2024-11-14,6.842343330383301,6.948952209419245,6.726042987145807,6.793885085102587,20675000
2024-11-18,6.96833610534668,6.96833610534668,6.7066600830156755,6.764810258851841,22024600
2024-11-19,6.755118370056152,7.12340328124016,6.755118370056152,6.968336144799112,23825500
2024-11-21,6.726043224334717,6.842343571673456,6.512825458743863,6.696967906431782,32015400
2024-11-22,6.97802734375,7.045869444425019,6.726043256639149,6.774501503861446,20807700
2024-11-25,7.2881622314453125,7.375387725405296,6.871419077672138,6.92956925293329,194876000
2024-11-26,7.646755218505859,7.7242887856074045,7.239703529086233,7.239703529086233,34068500
2024-11-27,7.181553363800049,7.801822825752589,7.133095115362094,7.6758305479681805,36141700
2024-11-28,6.56128454208374,7.210628878297573,6.503134365097856,7.123403381750483,34604800
2024-11-29,6.396524906158447,6.619434129140077,6.173615683176818,6.600050738538913,32199800
2024-12-02,6.29960823059082,6.425600506115399,6.163924490407086,6.36745033175094,19165600
2024-12-03,6.2317657470703125,6.444983502127498,6.134848795742718,6.309299770268865,16180200
2024-12-04,6.357758522033691,6.357758522033691,6.0960825015066025,6.202691387539569,25045700
2024-12-05,6.386833667755127,6.6872764637646265,6.37714174104361,6.474058697476271,17997900
2024-12-06,5.970090389251709,6.464367587366049,5.970090389251709,6.31899191367733,18084600
2024-12-09,5.873173236846924,6.008856978888051,5.776256278246119,5.98947358716789,18041800
2024-12-10,6.144541263580322,6.202691439502773,5.911940097754003,5.960398808757637,21640400
2024-12-11,6.270533084869385,6.63881799478054,5.989473669973113,6.231766300893107,30797400
2024-12-12,5.873173236846924,6.086391007905207,5.737489494805797,6.047623762328373,28228300
2024-12-13,5.57273006439209,5.9216315543435485,5.57273006439209,5.844097992606887,29194600
2024-12-16,5.233520984649658,5.630880756360631,5.233520984649658,5.592113971907684,32238500
2024-12-17,5.340129375457764,5.398279546719705,5.146295009114813,5.243211961218048,32812100
2024-12-18,4.981536388397217,5.340129835259944,4.894311355062193,5.23352094769878,36135800
2024-12-19,5.272287845611572,5.349821415642598,4.952461638165326,5.000919888366452,27181700
2024-12-20,5.592113494873047,5.659955592946704,5.1656784401310984,5.223828611850025,45865200
2024-12-23,5.611497402191162,5.718106291228048,5.475813655685643,5.514580440401506,24589900
2024-12-26,5.727797508239746,5.747180899758088,5.504888274710566,5.60180569443878,25976300
2024-12-27,5.553346633911133,5.7762558533648125,5.4370462921448155,5.766563927149381,30175900
2024-12-30,5.456429958343506,5.640572406519574,5.33043768399096,5.582422232696053,17975800
2025-01-02,5.281979084014893,5.437046679555632,5.194754052543269,5.427354752649612,15340600
2025-01-03,5.252903938293457,5.3401294270981,5.165678449488814,5.301362183745437,13594200
2025-01-06,5.514580249786377,5.6211891351382555,5.417663291346719,5.417663291346719,13729000
2025-01-07,5.714285850524902,5.793103508635817,5.566502506671788,5.7044334083658885,22063000
2025-01-08,5.556649684906006,5.645319779118369,5.359605553089939,5.6354673376324325,27185400
2025-01-09,5.576354026794434,5.714285387092508,5.448275577646596,5.507388816435658,12611100
2025-01-10,5.536945343017578,5.60591102493633,5.399014448970347,5.536945343017578,14811000
2025-01-13,5.438423156738281,5.566502076158033,5.408866302337469,5.536945221757219,17516600
2025-01-14,5.320197105407715,5.477832422080734,5.211822590299863,5.448276035099693,30338700
2025-01-15,5.655171871185303,5.714285581778635,5.408866466277436,5.4187189079730835,28010800
2025-01-16,5.566502094268799,5.6354673051113044,5.3990143482965465,5.615762892043408,13042600
2025-01-17,5.73399019241333,5.7635465789353475,5.527093607598036,5.586206850432363,10647800
2025-01-20,6.009851932525635,6.118226444872359,5.586206794865222,5.6748768931298414,11097900
2025-01-21,6.029556751251221,6.197044517084364,5.911330258824409,5.970443505037815,19059500
2025-01-22,6.236452579498291,6.325122672788494,5.931033943464581,6.068964834301359,18324700
2025-01-23,6.108373641967773,6.315270212498674,6.029555990297004,6.256156973745597,32962200
2025-01-24,6.059113502502441,6.364532170785939,6.039409087445129,6.108374305250566,10904000
2025-01-27,6.522167205810547,6.7192118175505895,6.029556381145878,6.118226479918412,27192000
2025-01-28,6.42364501953125,6.6403935717853395,6.42364501953125,6.433497461347032,12714900
2025-01-29,6.403940677642822,6.49261077582,6.236452923214949,6.49261077582,16579000
2025-01-30,6.738916397094727,6.8177340558085335,6.4039408777707445,6.4039408777707445,22177900
2025-01-31,6.6403937339782715,6.906404032018343,6.630541761712136,6.709359419002397,14117500
2025-02-03,6.758620738983154,6.8571428113143345,6.541871710064259,6.620689367929203,11494200
2025-02-04,6.660098552703857,6.798029451607641,6.482758355751561,6.738916209220305,14743200
2025-02-05,6.738916397094727,6.8275860282526075,6.532019808075832,6.650246296146542,12476200
2025-02-06,6.876846790313721,7.034482096061571,6.699507071347389,6.699507071347389,14161200
2025-02-07,6.95566463470459,7.004925904002285,6.827585710362809,6.876846979660503,23962500
2025-02-10,6.896551132202148,7.182265355810159,6.876846719187467,7.024630051692709,17122200
2025-02-11,7.024630546569824,7.428571276723081,6.8669947615568505,6.896551618056251,37544600
2025-02-12,7.024630546569824,7.1133001764874315,6.896551618056251,6.96551730336132,32300000
2025-02-13,7.192118167877197,7.221674554027353,6.965517171634757,7.054186799875512,14036300
2025-02-14,7.369458198547363,7.418719470552762,7.241379267165571,7.29064053917097,14556600
2025-02-17,7.665024280548096,7.871920385038538,7.349753198360755,7.408866438185206,15107600
2025-02-18,7.22167444229126,7.625615158555595,7.16256120111528,7.6157631865880715,23830300
2025-02-19,6.995073318481445,7.172413508476671,6.995073318481445,7.1527090951205645,13992300
2025-02-20,6.876846790313721,7.477832098162802,6.679802658128908,7.310344350910577,54915100
2025-02-21,6.837438106536865,6.975369001944101,6.748768010308503,6.876846933796075,24962500
2025-02-24,6.699507713317871,7.064039627685644,6.640393998207674,6.837438619064267,16300400
2025-02-25,7.014777660369873,7.073890899835936,6.669950195256039,6.719211463039558,14319100
2025-02-26,6.935960292816162,7.152709316223703,6.866994609042802,7.064039218485138,15734000
2025-02-27,6.768472671508789,7.034482500133448,6.72906384280812,6.975369257082446,16453600
2025-02-28,6.571428298950195,6.896551359293292,6.541871443559788,6.7487680219218085,23847100
2025-03-05,6.472906589508057,6.591133078043927,6.364532073455022,6.492611004264035,18210200
2025-03-06,6.344827175140381,6.492610509442352,6.2364526673468985,6.472906096188107,15459800
2025-03-07,6.699507713317871,6.729064101082657,6.187192450755233,6.2857145262883725,22826700
2025-03-10,6.965517044067383,7.231526863498485,6.620689100168681,6.650245955567816,20858400
2025-03-11,6.995073318481445,7.103447826835164,6.807881156703302,7.02463017341074,13071700
2025-03-12,7.034482479095459,7.152709434634179,6.935960407638437,7.024630506844904,9883900
2025-03-13,7.054186820983887,7.359605474261035,6.9655171924778045,7.044334848834451,18942000
2025-03-14,7.4384236335754395,7.477832461929484,7.103448122775769,7.103448122775769,17931200
2025-03-17,7.615763187408447,7.832511738410388,7.399014636406506,7.448275435829989,18201800
2025-03-18,7.4384236335754395,7.714285432053752,7.4384236335754395,7.596058946991619,14480800
2025-03-19,7.625615119934082,7.793102870646222,7.47783225263775,7.47783225263775,13628400
2025-03-20,7.536945343017578,7.645319850689121,7.477832103321355,7.6256149676667775,8505700
2025-03-21,7.46798038482666,7.7142858089689135,7.458128412151933,7.536946072711004,13643800
2025-03-24,7.399014949798584,7.586206653242888,7.300492407198045,7.448275751308554,8382000
2025-03-25,7.487684726715088,7.921182325339423,7.4384239242427395,7.448275896821086,12850900
2025-03-26,7.881772994995117,7.970443091521702,7.448275423895552,7.448275423895552,20053700
2025-03-27,7.911329746246338,8.187192490317484,7.793103258607533,7.970443459856042,14472100
2025-03-28,7.763546466827393,7.9310342171452595,7.467979793349946,7.871920506617549,12889700
2025-03-31,7.4285712242126465,7.684729079429086,7.359605539395076,7.625615366848144,15240500
2025-04-01,7.842364311218262,7.921181967445133,7.379309876199963,7.438423588160404,15816300
2025-04-02,7.950738430023193,8.059113413061805,7.733989873316848,7.842364386565167,15040400
2025-04-03,8.31527042388916,8.45320179498446,7.832512034426506,7.881773305502012,17671400
2025-04-04,7.8620686531066895,8.157634861244365,7.763546583727464,8.157634861244365,13492000
2025-04-07,7.89162540435791,8.08866954050818,7.5270930477944935,7.655171971187308,17470600
2025-04-08,7.556649684906006,8.08866930693939,7.4679795913036875,8.009851654755224,19370700
2025-04-09,8.078817367553711,8.266010007808994,7.379309956265173,7.4679800553776134,22700800
2025-04-10,8.098522186279297,8.20689622899764,7.901478045163861,8.039408474154376,12172800
2025-04-11,8.177339553833008,8.344827302759194,8.039408190134811,8.177339553833008,11854100
2025-04-14,8.29556655883789,8.551724419224954,8.197044015741142,8.364531775257252,10755000
2025-04-15,8.167487144470215,8.226600854740084,7.9901469532411555,8.197043529814875,18497900
2025-04-16,8.177339553833008,8.354678804781495,8.0689645753628,8.108373402193635,11478900
2025-04-17,8.137930870056152,8.177339697579741,7.990147062157267,8.128078428280114,11136000
2025-04-22,8.256156921386719,8.315269689794212,8.039407911538047,8.11822556246838,6868200
2025-04-23,8.571428298950195,8.669950841298139,8.31527044051002,8.354679269533078,9901100
2025-04-24,8.985221862792969,9.12315324014024,8.600985058484548,8.600985058484548,12107800
2025-04-25,9.103447914123535,9.251231726891742,8.965517483036587,9.044335140680726,7962500
2025-04-28,9.088197708129883,9.22634654570353,8.969784822093313,9.038858770349155,11643900
2025-04-29,8.979653358459473,9.354627050453812,8.95004942930569,9.078330299119342,16560300
2025-04-30,9.068462371826172,9.147405242268253,8.821768607248003,8.959917454194109,12064200
2025-05-02,9.048727035522461,9.11780098598749,8.861239254171677,9.068462046628756,7979100
2025-05-05,9.147404670715332,9.226346595162893,8.930313907953554,9.088197756848677,7517200
2025-05-06,8.910578727722168,9.285553371841578,8.79216583079952,9.147405462629514,9909200
2025-05-07,9.009256362915039,9.028991374658048,8.663884717323125,8.86123954006335,6299300
2025-05-08,9.27568531036377,9.699998892920547,9.236214345083747,9.27568531036377,12083100
2025-05-09,9.601320266723633,9.99603083006311,9.413833431407308,9.53224631809056,15323400
2025-05-12,9.463172912597656,9.640792723348035,9.226347125638501,9.581585806077234,9331200
2025-05-13,9.413833618164062,9.818411224290232,9.334891692142469,9.51251149622205,20416600
2025-05-14,9.29542064666748,9.463172473240657,9.22634669727687,9.413833534649374,11036900
2025-05-15,9.51251220703125,9.63092510491188,9.246082481003286,9.295421423719064,9456500
2025-05-16,9.798676490783691,9.798676490783691,9.394098873201148,9.413833884734387,15103800
2025-05-19,10.035502433776855,10.094708410372041,9.64079278626885,9.729601751161628,10605500
2025-05-20,9.729601860046387,10.232857372047588,9.601320987905176,10.074973511277497,28665300
2025-05-21,9.581585884094238,10.005899461647502,9.51251193093423,9.650659837254246,16430400
2025-05-22,10.104576110839844,10.35126986905993,9.828279365130708,10.06510514716711,27367400
2025-05-23,9.917089462280273,10.084841296430064,9.374362995387537,9.670395699243759,20562700
2025-05-26,10.509153366088867,10.578228255961802,9.966427869325065,10.005898831654468,15221300
2025-05-27,11.308442115783691,11.357781056518528,10.815054590559381,10.864393531294215,33651100
2025-05-28,11.338045120239258,11.397252037419312,11.061748369210397,11.199897215255838,16631900
2025-05-29,11.11108684539795,11.328176670168977,10.992673957051394,11.328176670168977,11482100
2025-05-30,11.071616172790527,11.209764075617887,10.903864341304155,11.170293111801213,10759400
2025-06-02,11.219632148742676,11.27883906551007,11.032145304259627,11.1604261730373,10648100
2025-06-03,11.70315170288086,11.782093631249612,11.11108724011521,11.199897144795562,12521700
2025-06-04,11.347912788391113,11.880771264290477,11.199896911054289,11.841300300929857,14301300
2025-06-05,11.397252082824707,11.446591023827642,11.190029283462001,11.377516129998723,17070900
2025-06-06,11.061748504638672,11.4860620832815,10.87426165655349,11.397252176955137,15032100
2025-06-09,10.972938537597656,11.10121940813016,10.785451690549863,11.012409502295194,10378100
2025-06-10,10.86439323425293,11.209763927830021,10.736112368274469,11.130822001237428,18333600
2025-06-11,11.071616172790527,11.2393680042769,10.63743462974509,10.765715497414787,9696700
2025-06-12,11.0518798828125,11.249234695868406,10.963069981671849,11.111086797260262,7113200
2025-06-13,10.765715599060059,11.002541384196117,10.568360778113341,10.933467432130271,13142100
2025-06-16,11.180161476135254,11.347913313445057,10.893996743264774,10.923599731889432,10757800
2025-06-17,10.953203201293945,11.229499945991481,10.874261274237506,11.229499945991481,9615900
2025-06-18,10.893996238708496,10.953203154277682,10.736112385273328,10.8742612275601,11868900
2025-06-20,10.637434959411621,10.8249227491478,10.538758017342824,10.8249227491478,14148400
2025-06-23,10.667038917541504,10.69664190613518,10.272328325023643,10.637434987885786,14624600
2025-06-24,10.844657897949219,11.130822633364351,10.62756805802191,10.62756805802191,11053100
2025-06-25,10.755847930908203,10.874261767930872,10.657170988138704,10.77558388409933,10642000
2025-06-26,10.86439323425293,10.933467184755948,10.696641404978173,10.854525258163356,6218800
2025-06-27,10.893996238708496,10.943335178172484,10.726244409168132,10.77558334863212,4876300
2025-06-30,11.11108684539795,11.34791262209106,10.785451167179426,10.785451167179426,11716100
2025-07-01,10.755847930908203,11.219632479217182,10.726244942183557,11.101219583256558,18050300
2025-07-02,9.94669246673584,10.86439356788356,9.84801458493384,10.755847709688954,30486700
2025-07-03,10.1144437789917,10.311798591344996,9.966427904992221,9.986162915696562,14598100
2025-07-04,10.163783073425293,10.39074088031737,10.025634229407066,10.114444133342925,9479500
2025-07-07,10.203253746032715,10.242724708759532,9.956559993724621,10.134179796526283,8033900
2025-07-08,10.341402053833008,10.361138006507552,10.025634339536433,10.173651161409467,8402700
2025-07-09,10.232856750488281,10.489418479186753,10.213121739621775,10.292063665211769,6554400
2025-07-10,10.074973106384277,10.203253973370135,9.84801435985176,10.144047057429738,16520000
2025-07-11,9.848014831542969,10.035502623449341,9.798676830468496,10.025634646809626,9922600
2025-07-14,9.769072532653809,9.838147425468453,9.58158568887009,9.808543496664171,8457300
2025-07-15,10.045370101928711,10.06510511316741,9.690130489012095,9.77894039224125,9671000
2025-07-16,10.074973106384277,10.11444406999054,9.739469445200037,10.04537011894508,10146600
2025-07-17,9.926957130432129,10.104575994381312,9.80854329971668,10.0848409833034,10992300
2025-07-18,9.591453552246094,9.838147309672758,9.463172685456787,9.818411357368865,19134200
2025-07-21,9.601320266723633,9.699998142823995,9.47304034527992,9.621056218368492,7756200
2025-07-22,9.502643585205078,9.621056475047453,9.3940986714484,9.591453487852359,8811600
2025-07-23,9.551982879638672,9.81841165642223,9.551982879638672,9.6999987621782,13779200
2025-07-24,9.43356990814209,9.532246848673022,9.295421062124356,9.502643860619944,16716200
2025-07-25,9.571717262268066,9.611188224421383,9.374362451501481,9.482907362157611,17095200
2025-07-28,9.403965950012207,9.621056724209689,9.354627009367958,9.57171778356544,14134200
2025-07-29,9.43356990814209,9.522378872301323,9.354627038230511,9.453304919823466,11969100
2025-07-30,9.630924224853516,9.68026316306078,9.36449452317147,9.384230474879164,16530700
2025-07-31,9.285552978515625,9.660527606751515,9.285552978515625,9.502643750875775,16887600
2025-08-01,9.571717262268066,9.709866100335661,9.35462649989384,9.4138334136548,13312600
2025-08-04,9.729601860046387,9.828279743558715,9.54211501064741,9.670395882788622,14030300
2025-08-05,9.482908248901367,9.828279905834961,9.453305259783706,9.788808939990727,15411900
2025-08-06,10.015766143798828,10.10457604676482,9.542114582729539,9.621056509574421,16722400
2025-08-07,9.926957130432129,10.065105031163494,9.80854329971668,10.015766091875722,25763000
2025-08-08,9.719734191894531,9.86775006646674,9.344759576441358,9.45330448839018,42253200
2025-08-11,9.62105655670166,9.778940411164792,9.561849640746983,9.67039549648689,16466900
2025-08-12,10.311799049377441,10.351270013601333,9.729601621278523,9.729601621278523,25194700
2025-08-13,9.798676490783691,10.331534977049335,9.729601597762318,10.311799024454082,27318400
2025-08-14,9.917089462280273,9.976295438414303,9.601320805671358,9.719734640063466,12760700
2025-08-15,9.907221794128418,10.025634691142455,9.759205908126383,9.759205908126383,13418500
2025-08-18,10.153915405273438,10.222989358847299,9.926957591495299,9.946692603489815,10804000
2025-08-19,9.749337196350098,9.917089023070465,9.709866233654832,9.86775008443589,21451700
2025-08-20,9.749337196350098,9.818411145801313,9.621056332324994,9.729601244471475,11075700
2025-08-21,9.690130233764648,9.788808110544883,9.591453298046392,9.670395223045787,15300800
2025-08-22,9.966428756713867,10.134180596815577,9.6999990314716,9.749337974041877,18508700
2025-08-25,9.897353172302246,10.094707987794726,9.887486137324116,10.025634037637856,9018900
2025-08-26,9.818411827087402,9.94669270001374,9.759205849467275,9.90722173457964,12430100
2025-08-27,9.907221794128418,9.98616372547111,9.621057057745645,9.867750828457071,15587600
2025-08-28,10.331535339355469,10.459816212537122,9.946692719810509,9.986163685323168,16571700
2025-08-29,10.380873680114746,10.509153604802687,10.203253875066839,10.341401775826773,8370300
2025-09-01,10.301931381225586,10.61770004552457,10.232857427033016,10.588096115674572,6099600
2025-09-02,10.074973106384277,10.33153484035599,10.055237154050143,10.183518021036,7823100
2025-09-03,9.936824798583984,10.173651534042756,9.897353832851197,10.09470866151513,11408500
2025-09-04,10.045370101928711,10.104576076706813,9.936824246398855,9.966428174849908,10299500
2025-09-05,10.361138343811035,10.509154229440657,10.134180527037339,10.173651492609375,17591100
2025-09-08,9.976295471191406,10.420344998965675,9.936824506618363,10.380874034392631,9491500
2025-09-09,9.80854320526123,10.094707921100166,9.80854320526123,10.035501947374586,10068500
2025-09-10,9.80854320526123,9.877618096023722,9.74933723153565,9.80854320526123,15223200
2025-09-11,9.778940200805664,10.035501929320242,9.640792301653185,9.87761807825342,49079700
2025-09-12,9.749337196350098,9.907221047131154,9.51251142017851,9.621056332324994,25054800
2025-09-15,9.996030807495117,10.193385618188303,9.788808021001778,9.84801399367875,14343600
2025-09-16,9.976295471191406,10.153915282301114,9.926957471271622,10.094708364910534,18459400
2025-09-17,10.430212020874023,10.597963855358831,9.976295458337846,10.005899387526005,24154100
2025-09-18,10.144046783447266,10.410476486389996,10.134179748608702,10.361137547949271,10151700
2025-09-19,9.986163139343262,10.351269785639158,9.907221212633987,10.193385932220608,15489100
2025-09-22,9.670395851135254,9.887486629514566,9.650659898072572,9.867750676451884,17108200
2025-09-23,9.69999885559082,9.798676738942143,9.611188948787035,9.69999885559082,15608300
2025-09-24,9.561849594116211,9.798676315717968,9.551982559056887,9.739469400052029,14926700
2025-09-25,9.048727035522461,9.295420791254127,8.940182121782847,9.265817804063685,60457000
2025-09-26,9.226346969604492,9.27568496859007,8.999388221810394,9.127669089509318,18686400
2025-09-29,9.315155982971191,9.55198270827252,9.265817983717845,9.55198270827252,13813700
2025-09-30,9.384230613708496,9.473040515583023,9.196742833959611,9.473040515583023,15931400
2025-10-01,9.29542064666748,9.443436521379352,9.216478721346217,9.384230547919396,10736300
2025-10-02,9.137537002563477,9.305288832928401,8.969785172198554,9.255949893221894,17285700
2025-10-03,8.94018268585205,9.147405491383584,8.890843743380342,9.107933584556573,24871500
2025-10-06,8.861239433288574,8.959917314000666,8.723091529566062,8.940182302495458,16182100
2025-10-07,8.614545822143555,8.831636598842266,8.535603892628028,8.792165634084503,38266900
2025-10-08,8.535603523254395,8.772430242614456,8.456661597155037,8.673752364459265,18171500
2025-10-09,8.259306907653809,8.624413556687546,8.249438931475652,8.57507461685877,17471000
2025-10-10,8.11129093170166,8.318513723641331,7.943539102938023,8.298777771522317,24917700
2025-10-13,7.943539142608643,8.239571838438293,7.894200203126701,8.190232898956351,23607700
2025-10-14,8.081686973571777,8.170496875654214,7.834993689901336,7.904068110468897,16114300
2025-10-15,8.565207481384277,8.644149407760557,8.032349007813393,8.10142295812714,33819400
2025-10-16,8.259306907653809,8.565207581742618,8.190232956530725,8.486265654441377,16532300
2025-10-17,8.308646202087402,8.446795051291632,8.150762340746594,8.190233306081797,15293800
2025-10-20,8.308646202087402,8.417191121493698,8.160630317345905,8.308646202087402,15150200
2025-10-21,8.35798454284668,8.40732348123233,8.249438690185855,8.288909652681978,13390500
2025-10-22,7.7659196853637695,8.091555383069416,7.72644872021951,8.091555383069416,45558800
2025-10-23,8.012613296508789,8.101423201616798,7.746184051715771,7.854729439011003,24592600
2025-10-24,8.121158599853516,8.36785237420234,8.012613677922376,8.071820597833403,13684700
2025-10-27,8.29877758026123,8.367851528961848,8.111290744761563,8.209967679896451,11378000
2025-10-28,8.318513870239258,8.486265701959201,8.190233002390947,8.298777917772437,18985600
2025-10-29,8.387587547302246,8.594810336113369,8.308645622142006,8.308645622142006,18968300
2025-10-30,8.446794509887695,8.486265472692976,8.209967791994034,8.269174706732946,9487900
2025-10-31,8.486266136169434,8.594811057104756,8.427059216801585,8.525737102060647,19914800
2025-11-03,8.417190551757812,8.614545365075433,8.367851613162912,8.584942378343284,7266000
2025-11-04,8.367852210998535,8.436927106391197,8.249439314548033,8.348117198787808,9810900
2025-11-05,8.831636428833008,8.831636428833008,8.279042932861765,8.367851896060634,13857500
2025-11-06,8.654017448425293,8.940182168941023,8.654017448425293,8.841504289703048,12154100
2025-11-07,8.95004940032959,8.95004940032959,8.496132839790093,8.515868792495384,16006700
2025-11-10,9.019124031066895,9.117800968533468,8.871107213274044,9.048727018200667,13672400
2025-11-11,9.51251220703125,9.59145413895167,9.127669583122655,9.127669583122655,20148000
2025-11-12,9.5421142578125,9.571717244105823,9.394098385283911,9.551982233597597,13653200
2025-11-13,9.394099235534668,9.571718110432691,9.374363282178193,9.473041166836468,19250800
2025-11-14,9.364495277404785,9.492776150650856,9.26581833410461,9.394099207350683,15000100
2025-11-17,9.611188888549805,9.690130818311287,9.34476011087031,9.374363099265357,13429600
2025-11-18,9.394099235534668,9.601321099405354,9.374363282178193,9.551983098138267,12444100
2025-11-19,9.107933044433594,9.403965740646319,9.03885909370669,9.384230729465203,19864300
2025-11-21,8.890843391418457,9.137537152949077,8.880975415102348,9.137537152949077,8598500
2025-11-24,9.236213684082031,9.255949635840635,8.83163608365041,8.890842997864246,15391700
2025-11-25,9.27568531036377,9.334892228814825,9.117801449243677,9.246082321669263,19426600
2025-11-26,9.86775016784668,9.956560069927217,9.295420733396531,9.344759672448163,18744600
2025-11-27,9.926957130432129,10.213121849026807,9.877618191144357,9.907221178292222,19191100
2025-11-28,9.325023651123047,9.956559995955592,9.255949701601137,9.926957009169342,16895500
2025-12-01,9.127669334411621,9.334892135321825,9.03885942815553,9.315156182348456,16232800
2025-12-02,9.246082305908203,9.325024236333682,9.068462491919853,9.186876328620114,25261300
2025-12-03,9.009256362915039,9.344760032104436,9.009256362915039,9.285553114751355,14790100
2025-12-04,9.364495277404785,9.433570172883162,9.048727553144946,9.05859552979358,9862700
2025-12-05,8.45666217803955,9.364495331602818,8.45666217803955,9.364495331602818,35244300
2025-12-08,8.081686973571777,8.644149373073205,8.042216010542028,8.584942457997585,19594800
2025-12-09,8.032349586486816,8.19023345061378,7.637638985107345,7.992878620455075,17817900
2025-12-10,7.904068470001221,8.081687341183452,7.80539058740729,8.00274541153312,14659000
2025-12-11,7.7659196853637695,7.973142487636639,7.7560521793432144,7.8744650747759914,16401600
2025-12-12,8.09155559539795,8.20996849393797,7.805390855327382,7.805390855327382,18685800
2025-12-15,7.884332180023193,8.259306800364108,7.87446467450422,8.229703813276192,12327100
2025-12-16,7.578432083129883,7.834993817533653,7.568564577477201,7.815258335697286,14525400
2025-12-17,7.292267322540283,7.588300019045875,7.193589913882086,7.568564537314236,20792000
2025-12-18,7.104780197143555,7.2824000079173015,7.085044714894362,7.2824000079173015,22015500
2025-12-19,7.134383678436279,7.213325607683711,7.035706266876991,7.0850447373911285,18342300
2025-12-22,7.006102561950684,7.144250933279182,6.946896117095613,7.144250933279182,8259000
2025-12-23,7.124515533447266,7.2725318825496075,7.035706100410663,7.075177064100488,8537100
2025-12-26,7.163987159729004,7.1837226421030085,7.055441771406469,7.065309277327964,4812400
2025-12-29,7.144250869750977,7.193589808623635,7.055441438523581,7.193589808623635,6732800
2025-12-30,7.183722496032715,7.341606351814421,7.154119037808142,7.183722496032715,9061300
2026-01-02,7.183722496032715,7.3021353878689945,7.134383555835429,7.3021353878689945,7441600
2026-01-05,7.371209144592285,7.44028356493576,7.144250872642001,7.203457787525547,9771900
2026-01-06,7.7856550216674805,7.825125986070202,7.420548365676802,7.420548365676802,24325200
2026-01-07,7.309999942779541,7.909999847412109,7.309999942779541,7.800000190734863,15503800
2026-01-08,7.349999904632568,7.480000019073486,7.230000019073486,7.300000190734863,26545800
2026-01-09,7.039999961853027,7.380000114440918,7.03000020980835,7.349999904632568,26957600
2026-01-12,7.360000133514404,7.429999828338623,6.909999847412109,7.039999961853027,23554800
2026-01-13,7.25,7.380000114440918,7.130000114440918,7.349999904632568,18796500
2026-01-14,7.349999904632568,7.400000095367432,7.139999866485596,7.320000171661377,20698100
2026-01-15,7.289999961853027,7.460000038146973,7.159999847412109,7.369999885559082,12282800
2026-01-16,7.449999809265137,7.5,7.079999923706055,7.309999942779541,16693500
2026-01-19,7.449999809265137,7.539999961853027,7.389999866485596,7.449999809265137,6582200
2026-01-20,7.480000019073486,7.5,7.210000038146973,7.300000190734863,11863200
2026-01-21,7.71999979019165,7.75,7.489999771118164,7.539999961853027,20817700
2026-01-22,8.0,8.100000381469727,7.679999828338623,7.75,23952500
2026-01-23,8.050000190734863,8.140000343322754,7.840000152587891,8.069999694824219,16902300
2026-01-26,8.229999542236328,8.300000190734863,7.929999828338623,8.09000015258789,27517100
2026-01-27,8.680000305175781,8.8100004196167,8.380000114440918,8.390000343322754,23118200
2026-01-28,8.949999809265137,9.029999732971191,8.670000076293945,8.779999732971191,26864600
2026-01-29,8.670000076293945,9.069999694824219,8.670000076293945,9.050000190734863,44856900
2026-01-30,8.569999694824219,8.789999961853027,8.4399995803833,8.600000381469727,20204800
2026-02-02,8.670000076293945,8.760000228881836,8.470000267028809,8.609999656677246,24110300
2026-02-03,8.850000381469727,9.0,8.739999771118164,8.800000190734863,23504000
2026-02-04,8.59000015258789,8.960000038146973,8.479999542236328,8.779999732971191,19776700
2026-02-05,8.699999809265137,8.800000190734863,8.600000381469727,8.640000343322754,7073000
2026-02-06,8.779999732971191,8.789999961853027,8.489999771118164,8.6899995803833,9066200
2026-02-09,8.779999732971191,8.850000381469727,8.609999656677246,8.779999732971191,23011400
2026-02-10,8.899999618530273,9.0,8.609999656677246,8.770000457763672,9177800
2026-02-11,9.229999542236328,9.3100004196167,8.949999809265137,8.949999809265137,15575900
2026-02-12,9.699999809265137,10.229999542236328,9.40999984741211,9.420000076293945,38039200
2026-02-13,9.899999618530273,9.920000076293945,9.5,9.600000381469727,24336600
2026-02-18,9.640000343322754,9.989999771118164,9.449999809265137,9.890000343322754,15515700
2026-02-19,9.460000038146973,9.720000267028809,9.300000190734863,9.680000305175781,13227400
2026-02-20,9.5,9.5600004196167,9.279999732971191,9.369999885559082,14268100
2026-02-23,9.270000457763672,9.449999809265137,9.119999885559082,9.449999809265137,22247600
2026-02-24,9.789999961853027,9.869999885559082,9.289999961853027,9.319999694824219,14932600
2026-02-25,9.359999656677246,9.850000381469727,9.329999923706055,9.829999923706055,11394100
2026-02-26,9.449999809265137,9.510000228881836,9.270000457763672,9.40999984741211,11946500
2026-02-27,9.34000015258789,9.460000038146973,9.199999809265137,9.329999923706055,10942200
2026-03-02,9.25,9.359999656677246,9.029999732971191,9.1899995803833,7361500
2026-03-03,8.649999618530273,8.9399995803833,8.649999618530273,8.880000114440918,18567900
2026-03-04,8.359999656677246,8.989999771118164,8.359999656677246,8.859999656677246,17774800
2026-03-05,8.170000076293945,8.479999542236328,8.149999618530273,8.329999923706055,11672300
2026-03-06,8.1899995803833,8.239999771118164,7.960000038146973,8.109999656677246,9275300
2026-03-09,8.25,8.34000015258789,8.0,8.130000114440918,8412200
2026-03-10,8.369999885559082,8.739999771118164,8.180000305175781,8.300000190734863,11421700
2026-03-11,8.279999732971191,8.420000076293945,8.15999984741211,8.1899995803833,7537400
2026-03-12,7.809999942779541,8.100000381469727,7.809999942779541,8.09000015258789,14519100
2026-03-13,7.71999979019165,8.029999732971191,7.619999885559082,7.900000095367432,15973100
2026-03-16,7.809999942779541,7.989999771118164,7.739999771118164,7.909999847412109,11543800
2026-03-17,7.949999809265137,8.180000305175781,7.760000228881836,7.760000228881836,17067600
2026-03-18,7.75,7.980000019073486,7.71999979019165,7.900000095367432,10553700
2026-03-19,7.730000019073486,7.820000171661377,7.380000114440918,7.539999961853027,11984500
2026-03-20,7.360000133514404,7.769999980926514,7.360000133514404,7.769999980926514,12521100
2026-03-23,8.020000457763672,8.149999618530273,7.53000020980835,7.610000133514404,17850300
2026-03-24,7.929999828338623,8.130000114440918,7.769999980926514,7.849999904632568,13922900
2026-03-25,8.210000038146973,8.319999694824219,8.029999732971191,8.100000381469727,13642600
2026-03-26,8.210000038146973,8.600000381469727,8.0,8.0600004196167,11659200
2026-03-27,8.6899995803833,8.6899995803833,8.079999923706055,8.140000343322754,16638400
2026-03-30,8.8100004196167,9.0,8.600000381469727,8.850000381469727,14877000
2026-03-31,9.479999542236328,9.479999542236328,8.899999618530273,9.020000457763672,17806500
2026-04-01,9.300000190734863,9.6899995803833,9.260000228881836,9.479999542236328,9211300
2026-04-02,9.130000114440918,9.380000114440918,8.779999732971191,8.989999771118164,6807200
2026-04-06,8.920000076293945,9.229999542236328,8.890000343322754,9.210000038146973,6266300
2026-04-07,8.859999656677246,9.130000114440918,8.65999984741211,8.90999984741211,11792100
2026-04-08,9.4399995803833,9.699999809265137,9.300000190734863,9.40999984741211,20293600
2026-04-09,9.75,9.770000457763672,9.329999923706055,9.460000038146973,18735500
2026-04-10,9.779999732971191,9.970000267028809,9.600000381469727,9.800000190734863,9706400
2026-04-13,9.880000114440918,9.970000267028809,9.619999885559082,9.619999885559082,7476300
2026-04-14,10.149999618530273,10.149999618530273,9.859999656677246,9.960000038146973,10455100
2026-04-15,10.15999984741211,10.199999809265137,9.819999694824219,10.039999961853027,11454700
2026-04-16,9.260000228881836,10.199999809265137,9.199999809265137,10.199999809265137,29379200
2026-04-17,9.449999809265137,9.760000228881836,9.449999809265137,9.5600004196167,22131100
2026-04-20,9.550000190734863,9.710000038146973,9.40999984741211,9.40999984741211,12473300
2026-04-22,9.569999694824219,9.619999885559082,9.350000381469727,9.510000228881836,8282300
2026-04-23,9.550000190734863,9.729999542236328,9.449999809265137,9.569999694824219,9511800
2026-04-24,9.420000076293945,9.65999984741211,9.279999732971191,9.550000190734863,16226400
2026-04-27,9.579999923706055,9.859999656677246,9.460000038146973,9.579999923706055,15733600
2026-04-28,9.029999732971191,9.40999984741211,8.880000114440918,9.359999656677246,17172700
2026-04-29,8.739999771118164,8.930000305175781,8.569999694824219,8.920000076293945,19740100
2026-04-30,8.850000381469727,9.119999885559082,8.760000228881836,8.84000015258789,16984800
2026-05-04,9.010000228881836,9.140000343322754,8.829999923706055,8.899999618530273,10318700
2026-05-05,9.15999984741211,9.300000190734863,8.949999809265137,8.949999809265137,9576400
2026-05-06,9.350000381469727,9.479999542236328,9.220000267028809,9.289999961853027,6574200
2026-05-07,9.199999809265137,9.399999618530273,9.140000343322754,9.270000457763672,10602600
2026-05-08,9.279999732971191,9.420000076293945,9.239999771118164,9.300000190734863,9737900
2026-05-11,8.960000038146973,9.279999732971191,8.890000343322754,9.199999809265137,8326100
2026-05-12,8.9399995803833,9.229999542236328,8.850000381469727,8.890000343322754,13024700
2026-05-13,8.430000305175781,8.970000267028809,8.369999885559082,8.949999809265137,27712100
2026-05-14,8.59000015258789,8.670000076293945,8.4399995803833,8.539999961853027,6689900
2026-05-15,8.5,8.65999984741211,8.329999923706055,8.369999885559082,7135700
2026-05-18,8.289999961853027,8.569999694824219,8.239999771118164,8.489999771118164,7741200
2026-05-19,8.15999984741211,8.300000190734863,8.09000015258789,8.149999618530273,13055200
2026-05-20,8.609999656677246,8.720000267028809,8.210000038146973,8.210000038146973,10036300
2026-05-21,8.479999542236328,8.680000305175781,8.300000190734863,8.5,7003200
2026-05-22,8.4399995803833,8.520000457763672,8.300000190734863,8.449999809265137,11880400
2026-05-25,9.119999885559082,9.1899995803833,8.529999732971191,8.550000190734863,13996700
2026-05-26,9.109999656677246,9.25,8.880000114440918,9.039999961853027,27565900
2026-05-27,9.25,9.390000343322754,9.100000381469727,9.25,28337100
2026-05-28,8.979999542236328,9.350000381469727,8.920000076293945,9.279999732971191,19621000
2026-05-29,8.75,9.09000015258789,8.680000305175781,8.989999771118164,21908400
2026-06-01,8.600000381469727,8.84000015258789,8.529999732971191,8.800000190734863,13883800
2026-06-02,9.050000190734863,9.199999809265137,8.619999885559082,8.619999885559082,12778900
2026-06-03,8.789999961853027,9.09000015258789,8.680000305175781,8.829999923706055,14407900
2026-06-05,8.619999885559082,8.890000343322754,8.600000381469727,8.75,8732800
2026-06-08,8.449999809265137,8.65999984741211,8.3100004196167,8.619999885559082,18647100
2026-06-09,8.390000343322754,8.640000343322754,8.359999656677246,8.569999694824219,10404600
2026-06-10,8.199999809265137,8.399999618530273,8.149999618530273,8.359999656677246,13977600
2026-06-11,8.239999771118164,8.380000114440918,7.920000076293945,8.210000038146973,19389100
2026-06-12,8.100000381469727,8.420000076293945,8.029999732971191,8.15999984741211,10415600
2026-06-15,7.96999979019165,8.390000343322754,7.929999828338623,8.390000343322754,13307000
2026-06-16,7.889999866485596,8.010000228881836,7.849999904632568,7.929999828338623,9332500
2026-06-17,7.800000190734863,8.109999656677246,7.78000020980835,7.949999809265137,10188100
2026-06-18,7.679999828338623,7.900000095367432,7.599999904632568,7.800000190734863,10644300
2026-06-19,7.650000095367432,7.78000020980835,7.630000114440918,7.679999828338623,9115500
2026-06-22,7.699999809265137,7.800000190734863,7.639999866485596,7.679999828338623,9220700
2026-06-23,7.940000057220459,8.050000190734863,7.590000152587891,7.630000114440918,11121600
2026-06-24,8.270000457763672,8.380000114440918,7.880000114440918,7.909999847412109,12119000
2026-06-25,8.609999656677246,8.680000305175781,8.270000457763672,8.300000190734863,14978100
2026-06-26,8.829999923706055,9.0,8.520000457763672,8.579999923706055,10427700
2026-06-29,9.0,9.079999923706055,8.829999923706055,8.829999923706055,6087800
2026-06-30,8.739999771118164,8.9399995803833,8.609999656677246,8.9399995803833,9452300
2026-07-01,8.65999984741211,8.850000381469727,8.569999694824219,8.609999656677246,5565000
2026-07-02,8.6899995803833,8.789999961853027,8.470000267028809,8.729999542236328,8867400
2026-07-03,8.789999961853027,9.0,8.699999809265137,8.779999732971191,6371400
2026-07-06,8.670000076293945,8.739999771118164,8.59000015258789,8.699999809265137,5190000
2026-07-07,8.529999732971191,8.75,8.399999618530273,8.710000038146973,9137200
2026-07-08,8.489999771118164,8.649999618530273,8.380000114440918,8.430000305175781,10072200
2026-07-09,8.460000038146973,8.59000015258789,8.420000076293945,8.550000190734863,11770700
2026-07-10,8.869999885559082,8.989999771118164,8.720000267028809,8.720000267028809,13614800
2026-07-13,8.710000038146973,8.899999618530273,8.579999923706055,8.789999961853027,7239300
2026-07-14,8.65999984741211,8.760000228881836,8.579999923706055,8.760000228881836,5528500
2026-07-15,8.65999984741211,8.859999656677246,8.5600004196167,8.649999618530273,8603500
2026-07-16,8.5600004196167,8.710000038146973,8.420000076293945,8.600000381469727,7539300
2026-07-17,8.5,8.59000015258789,8.300000190734863,8.529999732971191,11868000
2026-07-20,8.140000343322754,8.59000015258789,8.140000343322754,8.520000457763672,7034200
2026-07-21,8.25,8.260000228881836,8.079999923706055,8.119999885559082,6066400
2026-07-22,8.399999618530273,8.510000228881836,8.260000228881836,8.260000228881836,8762700
2026-07-23,8.020000457763672,8.34000015258789,8.010000228881836,8.300000190734863,8616800
2026-07-24,7.849999904632568,8.039999961853027,7.800000190734863,8.0,8085000
2026-07-27,8.109999656677246,8.140000343322754,7.71999979019165,7.909999847412109,9648500
2026-07-28,8.239999771118164,8.420000076293945,8.220000267028809,8.3100004196167,5647400
2026-07-29,8.300000190734863,8.430000305175781,8.180000305175781,8.260000228881836,9145900
2026-07-30,8.40999984741211,8.479999542236328,8.34000015258789,8.380000114440918,5160500
2026-07-31,8.5,8.510000228881836,8.34000015258789,8.510000228881836,3774300
2026-08-03,8.550000190734863,8.680000305175781,8.4399995803833,8.600000381469727,5991300
2026-08-04,8.65999984741211,8.770000457763672,8.59000015258789,8.729999542236328,5728800
2026-08-05,8.829999923706055,8.90999984741211,8.670000076293945,8.710000038146973,8653300
2026-08-06,8.489999771118164,8.869999885559082,8.489999771118164,8.739999771118164,9598300
2026-08-07,8.239999771118164,8.630000114440918,7.929999828338623,8.619999885559082,15405900
2026-08-10,8.0600004196167,8.229999542236328,7.960000038146973,8.229999542236328,10741500
2026-08-11,8.079999923706055,8.1899995803833,7.949999809265137,8.0600004196167,14248700
2026-08-12,8.0,8.199999809265137,7.949999809265137,8.119999885559082,8426200
2026-08-13,7.960000038146973,8.210000038146973,7.949999809265137,7.949999809265137,8987000
2026-08-14,8.100000381469727,8.100000381469727,7.800000190734863,7.900000095367432,11230800
