Date,Close,High,Low,Open,Volume
2021-02-22,4.863864421844482,4.869100133111263,4.53925781287772,4.670147598717781,10507000
2021-02-23,4.774857997894287,5.0261665763649175,4.764387077581428,4.973810476886312,9243700
2021-02-24,4.790565490722656,4.858628232579982,4.748680803318896,4.795801201474341,6550600
2021-02-25,4.7382097244262695,4.863863782482132,4.712031670838421,4.806272464032739,6054200
2021-02-26,4.675382614135742,4.801036670007617,4.659675482673133,4.790565249032544,4849000
2021-03-01,4.685853481292725,4.759151929351012,4.617790743661064,4.738209586949334,6578700
2021-03-02,4.607320785522461,4.738210577728752,4.455488646535359,4.696325884167134,6141500
2021-03-03,4.445016384124756,4.659675522919462,4.282713352047956,4.659675522919462,10191700
2021-03-04,4.424074172973633,4.476430281249829,4.23559308192806,4.455487937800322,17915200
2021-03-05,4.455488204956055,4.471194838658759,4.345540770427361,4.3978963825380015,9965700
2021-03-08,4.455488204956055,4.460723915958583,4.3717188261351225,4.3978963825380015,4979600
2021-03-09,4.43454647064209,4.445017394783531,4.324599020979726,4.424075047195697,3953300
2021-03-10,4.392660617828369,4.450251933691107,4.293184118523398,4.450251933691107,9782800
2021-03-11,4.450252056121826,4.5706704015035085,4.350776053384995,4.424074002989554,7448100
2021-03-12,4.445016384124756,4.455487805190272,4.376953645113414,4.42930975183132,2243400
2021-03-15,4.445016384124756,4.465958726950951,4.376953645113414,4.424074041298561,2556300
2021-03-16,4.450252056121826,4.528785716213807,4.434545423964397,4.445016345634405,2252700
2021-03-17,4.513078689575195,4.570670001988359,4.424073616288167,4.455487377162031,2550800
2021-03-18,4.445016384124756,4.534021465962294,4.408367409005125,4.502608201375421,4666500
2021-03-19,4.465959072113037,4.465959072113037,4.39266111620877,4.465959072113037,2795400
2021-03-22,4.3978962898254395,4.43978097835293,4.350776389710668,4.418838634089185,2194800
2021-03-23,4.356010913848877,4.41883793672499,4.314126231931468,4.397895595766285,2289600
2021-03-24,4.376953601837158,4.4031316549372805,4.350776048041868,4.387425022799141,1764200
2021-03-25,4.3455400466918945,4.476429804126561,4.3455400466918945,4.4502517527786685,4809400
2021-03-26,4.376953601837158,4.450252050656535,4.350776048041868,4.4240739975564125,4067400
2021-03-29,4.801036357879639,4.816742989016285,4.376953322751769,4.376953322751769,10506900
2021-03-30,4.722503662109375,4.942398040600978,4.712032239688159,4.7905659106276675,8874400
2021-03-31,4.8115081787109375,4.842921946163993,4.7382102201619665,4.7382102201619665,5409900
2021-04-01,4.7382097244262695,4.9319265220886015,4.722503091995497,4.86909949306067,6402600
2021-04-05,4.816742897033691,4.869098998895767,4.801036266196985,4.806271976244151,3784100
2021-04-06,4.842921733856201,4.905748766703156,4.821979389573882,4.8272151004706805,4143800
2021-04-07,4.910984516143799,4.9109845161438,4.848157482803747,4.890042171697115,4412700
2021-04-08,4.869100093841553,4.973811821808111,4.869100093841553,4.9162204962527305,4841100
2021-04-09,4.9057488441467285,4.937162610718549,4.795801410102677,4.869099865900338,3099000
2021-04-12,4.937161922454834,4.973810895592184,4.879570108319213,4.910983870511807,4062100
2021-04-13,4.910984516143799,4.947633494099278,4.874335538188321,4.937162571528374,3709000
2021-04-14,4.958105087280273,4.963340299094166,4.869099995480472,4.905748974702192,10782400
2021-04-15,5.0732879638671875,5.115173155393335,4.989518579424724,4.989518579424724,10601300
2021-04-16,5.0104594230651855,5.146584881617149,4.958103823140807,5.0732864425573,7175300
2021-04-19,5.08899450302124,5.12040776886247,5.036638394212714,5.0680521593588015,5841400
2021-04-20,5.057580947875977,5.272240104155265,5.0523452369167545,5.125643692431217,7337800
2021-04-22,5.057580947875977,5.151821747922446,4.994753914279956,5.141350326004003,5257900
2021-04-23,5.104701042175293,5.162292361362909,5.068052066265432,5.104701042175292,4640400
2021-04-26,5.19370698928833,5.251298318049424,5.146586584254283,5.18847127777234,7569500
2021-04-27,5.366479873657227,5.4450135257449315,5.209412070177034,5.225118700733619,10525600
2021-04-28,5.58113956451416,5.60731761767908,5.366480427310513,5.366480427310513,7548900
2021-04-29,5.65443754196167,5.863860951206446,5.507841155490327,5.706793144620468,16410300
2021-04-30,5.4921345710754395,5.628260050263819,5.4921345710754395,5.628260050263819,7332800
2021-05-03,5.361429214477539,5.5666263999977605,5.350906552071728,5.5455805734140515,8011400
2021-05-04,5.3246002197265625,5.414045126230953,5.161495156175394,5.382476129087914,9051100
2021-05-05,5.314076900482178,5.408782876698836,5.214108839989102,5.361429637704444,15848800
2021-05-06,5.524535179138184,5.524535179138184,5.366691216522668,5.419306037985214,10379600
2021-05-07,5.587673187255859,5.708687087246858,5.524535696649667,5.608719017457924,9213900
2021-05-10,5.587673187255859,5.824438902472125,5.477182453251979,5.787608825061556,13198600
2021-05-11,5.734993934631348,5.734993934631348,5.4298291492229085,5.550843047862623,8752700
2021-05-12,5.28250789642334,5.508750925923938,5.28250789642334,5.392998619926873,142911300
2021-05-13,5.193062782287598,5.340383573493543,5.108879473027057,5.261461846504813,13571300
2021-05-14,5.019433975219727,5.166754748631455,4.998388150446622,5.103617274312143,11768300
2021-05-17,5.077310085296631,5.177278133578214,5.040480015809766,5.0510031795329065,7634200
2021-05-18,5.140449047088623,5.250939276678033,5.061526809389125,5.145710128184195,13950600
2021-05-19,4.951035499572754,5.051003555291241,4.903682262840008,5.051003555291241,9867200
2021-05-20,4.914205074310303,4.993126795347089,4.898420830457359,4.9720809696191415,7367800
2021-05-21,4.856329441070557,4.893160018216512,4.78793087302552,4.88263685281134,8097000
2021-05-24,4.861591339111328,4.866852922155197,4.751100604050972,4.808977013989173,9010300
2021-05-25,4.798452854156494,4.945773636469893,4.766884365975374,4.88789774028979,6475700
2021-05-26,4.766885757446289,4.824761670520577,4.687963510411658,4.756362590466118,15932800
2021-05-27,4.851068496704102,4.908944402745394,4.798453671741356,4.8037152545920625,10164300
2021-05-28,4.903682231903076,4.966819713224375,4.840544750581778,4.9194669785624745,7474900
2021-05-31,4.940514087677002,4.998390001796645,4.893160838955372,4.961559920245256,5398300
2021-06-01,5.051003456115723,5.061526118642999,4.972081229186735,5.045741873966038,6978600
2021-06-02,5.0825724601745605,5.0983567064499695,4.987865978977821,5.051003967623743,7619300
2021-06-04,4.97734260559082,5.0930948992386265,4.951035197701946,5.051003247325255,7392300
2021-06-07,4.935251712799072,4.956297541992948,4.81423781860518,4.956297541992948,5470300
2021-06-08,4.898421287536621,4.977343015937715,4.856329130380977,4.929989778188213,3924200
2021-06-09,4.961558818817139,4.966819899462111,4.893159752711323,4.9405129909208965,3996300
2021-06-10,5.008912086486816,5.0089120864868155,4.919467191958685,4.972081511122685,3959300
2021-06-11,5.108879089355469,5.108879089355469,5.029957368293679,5.056264274132898,4887200
2021-06-14,5.103618144989014,5.203586206044833,5.072049653329796,5.1246639733525345,5471800
2021-06-15,5.087833881378174,5.103618127152619,5.014173231477221,5.098356544637095,3631100
2021-06-16,4.982605457305908,5.066788782586195,4.951036459439701,5.05626561604006,6982100
2021-06-17,4.9089436531066895,4.98786537672661,4.872113582320337,4.982604296451475,6984000
2021-06-18,4.972081661224365,4.972081661224365,4.8826367639959924,4.919467340471998,4857800
2021-06-21,4.966819763183594,4.966819763183594,4.74583882722234,4.856329044316915,5364100
2021-06-22,4.940514087677002,4.961559920245256,4.903683504353385,4.951036753075015,3472300
2021-06-23,4.929990291595459,4.977343534276309,4.9089444617119895,4.961559287306748,5450700
2021-06-24,4.935251712799072,4.987866034897686,4.898421637152828,4.951035959251442,11729500
2021-06-25,4.924728870391846,4.961559450226425,4.908944622903987,4.9457747009663855,5822100
2021-06-28,4.893160343170166,4.935252004041861,4.814238102706606,4.929990420989855,6553500
2021-06-29,4.882636070251465,4.935250885300244,4.851067582639849,4.882636070251465,5205200
2021-06-30,4.819499969482422,4.887899047868621,4.793192554445852,4.866853216193807,7203500
2021-07-01,4.787930965423584,4.86159111759271,4.7616235531751165,4.835283705344242,6259100
2021-07-02,4.803715229034424,4.851068470894525,4.798453646211711,4.803715229034424,3312800
2021-07-05,4.824760437011719,4.872113672771621,4.808976192349115,4.866852090626723,2446600
2021-07-06,4.814237594604492,4.8668524160271485,4.787930685665288,4.819499177101183,2984800
2021-07-07,4.8089776039123535,4.845807686193071,4.782670187238025,4.845807686193071,5528200
2021-07-08,4.766885757446289,4.808977421822538,4.609041765149246,4.777408422654242,6475700
2021-07-12,4.819499969482422,4.856330049470296,4.772146722771037,4.819499969482422,5345900
2021-07-13,4.803715229034424,4.856329551945082,4.782669399515729,4.819499475730406,3092900
2021-07-14,4.8089776039123535,4.851069269882385,4.793192852844413,4.814238685829428,4232200
2021-07-15,4.787930965423584,4.840545288148366,4.787930965423584,4.803715212063803,2324600
2021-07-16,4.787930965423584,4.830022624312271,4.772146217011212,4.830022624312271,3552400
2021-07-19,4.751100063323975,4.7668848106591035,4.687962579299816,4.7668848106591035,5242700
2021-07-20,4.772145748138428,4.787930494999918,4.7142698482959435,4.751099920761878,3512900
2021-07-21,4.740577220916748,4.808976284799089,4.740577220916749,4.756361465882796,3668100
2021-07-22,4.772145748138428,4.772145748138428,4.693224020919395,4.73005409338533,3074900
2021-07-23,4.756361484527588,4.772145729555509,4.724792492699643,4.766884649060937,2337200
2021-07-26,4.840544700622559,4.866852109677939,4.740577148338625,4.756361393063016,5387000
2021-07-27,4.824760437011719,4.856328926336927,4.719531302974207,4.85106784596412,4846700
2021-07-28,4.793192386627197,4.893160459911652,4.751100724751276,4.893160459911652,9089300
2021-07-29,4.987865924835205,4.998389090086012,4.830022460250198,4.851068288979675,11595000
2021-07-30,4.840544700622559,4.966819661961874,4.819498873732673,4.9194669277887,8118200
2021-08-02,4.884493350982666,4.966356682065471,4.846290775426658,4.906323468510537,4999900
2021-08-03,4.753511428833008,4.900864554303378,4.677105776811124,4.8954074166718256,8180500
2021-08-04,4.775341987609863,4.81900221557319,4.720766442420218,4.797172101591526,5443700
2021-08-05,4.638904094696045,4.769884791280299,4.627988776411846,4.748054675182924,9572300
2021-08-06,4.638904094696045,4.688021986032896,4.622531637740769,4.6661918699355205,3334600
2021-08-09,4.557040214538574,4.6007004364347965,4.491549361223341,4.584327462870538,7047000
2021-08-10,4.535209655761719,4.6225300909317175,4.529751998445882,4.557039764554219,4218300
2021-08-11,4.518838405609131,4.573413958620509,4.5024659478941365,4.562498639829815,3600800
2021-08-12,4.491549968719482,4.5297530583989385,4.431517285610294,4.518837741213103,3931200
2021-08-13,4.387857913970947,4.518838622932212,4.322367559490314,4.513381483745463,5751400
2021-08-16,4.235045909881592,4.387856694535197,4.054947094758077,4.387856694535197,15754800
2021-08-17,3.945796251296997,4.229587948392633,3.8912209749777293,4.207757837864926,15353900
2021-08-18,3.8257312774658203,3.9785420764864123,3.8257312774658208,3.8857639612490233,10851000
2021-08-19,3.8148155212402344,3.869391060560979,3.6565470817751735,3.7056649630696605,9604400
2021-08-20,3.716580629348755,3.940339440469368,3.716580629348755,3.8148161478378166,8400300
2021-08-23,3.645632028579712,3.782070356508772,3.6292595749600816,3.738410133209146,9417400
2021-08-24,4.038574695587158,4.05494714976154,3.732952861898869,3.732952861898869,9553500
2021-08-25,3.978541851043701,4.114980186841456,3.9676267945892993,4.038574791660646,5837300
2021-08-26,3.8475611209869385,4.022202021869668,3.8475611209869385,3.994914511224476,6015900
2021-08-27,4.005829334259033,4.060404612606816,3.90213617528052,3.90213617528052,7532800
2021-08-30,4.114980697631836,4.131353414463511,3.9949150617297358,4.005830119539017,6011800
2021-08-31,3.8857638835906982,4.076777508666709,3.885763883590698,4.076777508666709,9548900
2021-09-01,3.8257312774658203,3.9075940753948224,3.7493256177200367,3.8366463345387203,6161700
2021-09-02,3.711122751235962,3.8693911962511125,3.7111227512359624,3.8475610838514687,8316900
2021-09-03,3.7875280380249023,3.9512538764137406,3.7384101563905205,3.814815547638645,7334800
2021-09-06,3.836646318435669,3.8584764324898426,3.711123032506424,3.711123032506424,3919200
2021-09-08,3.68383526802063,3.8039008955858358,3.68383526802063,3.782070781483071,8648700
2021-09-09,3.629260778427124,3.716581253981946,3.5746854812053606,3.6838360756488875,9799700
2021-09-10,3.6565470695495605,3.798443054932337,3.6238019022078714,3.7711552853632013,6050400
2021-09-13,3.6947505474090576,3.716580662825481,3.6401752588679974,3.6838354897008454,4668100
2021-09-14,3.5965147018432617,3.711122927502655,3.5965147018432613,3.705665269025789,5775300
2021-09-15,3.460075855255127,3.5965141743395033,3.4600758552551265,3.5965141743395033,10826200
2021-09-16,3.312722682952881,3.432788296561139,3.2908925713877433,3.432788296561139,11857700
2021-09-17,3.252690315246582,3.3181806614027,3.181742310126369,3.274520430631955,32433300
2021-09-20,3.1107940673828125,3.1544545550539795,2.963440669669637,3.056218783088207,17339000
2021-09-21,3.1872000694274902,3.230860301572714,3.1162520620737455,3.1708273522552757,9964200
2021-09-22,3.2690625190734863,3.383670746108881,3.2254022916762852,3.36184063241028,9641300
2021-09-23,3.252690315246582,3.356383493444854,3.2035724255117417,3.26906277166786,9241200
2021-09-24,3.219944477081299,3.2799774121088796,3.1817416529300298,3.2636046988339213,9333400
2021-09-27,3.4218733310699463,3.4764486114228434,3.247232173705212,3.2854350000699717,12914800
2021-09-28,3.2254018783569336,3.3563828039994594,3.2090294252987737,3.3563828039994594,13251100
2021-09-29,3.3509256839752197,3.3727557983801013,3.2144873388269644,3.285435340760575,9742000
2021-09-30,3.4764490127563477,3.601972302176593,3.4000436114417836,3.4382464422168124,20567800
2021-10-01,3.558312177658081,3.5692272353102177,3.427331485832441,3.4873641728014415,8398900
2021-10-04,3.4109582901000977,3.5801417900608064,3.4109582901000977,3.5746843921190883,6117000
2021-10-05,3.372756004333496,3.4873642420752877,3.356383547647815,3.416416496044827,4876000
2021-10-06,3.3509256839752197,3.394585912784983,3.2799779422771,3.3072654551654566,8152500
2021-10-07,3.3290956020355225,3.4109586619698993,3.318180544726639,3.3945859458888266,10518500
2021-10-08,3.40004301071167,3.4819060563454913,3.3782128999073775,3.4109580661138166,8694300
2021-10-11,3.5091946125030518,3.5910576825794225,3.4218741432138704,3.5201096711641995,12155300
2021-10-13,3.3836710453033447,3.476449166843862,3.3290957562311307,3.465534109029419,18778100
2021-10-14,3.3345534801483154,3.4218739443631616,3.312723364094604,3.40004382830945,8133700
2021-10-15,3.629260778427124,3.640175837871477,3.3400113127984605,3.3454689726384093,18195400
2021-10-18,3.6620044708251953,3.705664690886558,3.5201084953903288,3.5855990857178113,8724400
2021-10-19,3.520108938217163,3.6347171604135795,3.5037364837522302,3.6019719912482424,7304700
2021-10-20,3.3618404865264893,3.5528543634536076,3.3509254301508373,3.536481648772394,11595900
2021-10-21,3.279977560043335,3.3072650697517285,3.1926568523642787,3.2581471879469754,8809200
2021-10-22,3.3018081188201904,3.3400106896299393,3.219945058143521,3.247232571545414,11676800
2021-10-25,3.2745206356048584,3.345468645166155,3.2363178011713485,3.3345535867902263,12136000
2021-10-26,3.159912109375,3.296350456965407,3.1162518797837486,3.2745203421697817,7470800
2021-10-27,3.099879026412964,3.225402311051693,3.0889639694980953,3.203572197221956,5890100
2021-10-28,3.001642942428589,3.127166203157747,3.001642942428589,3.083505983814637,9447500
2021-10-29,2.8761203289031982,3.0453038470462697,2.8542902143192856,3.001643617878444,9449100
2021-11-01,2.936152696609497,2.952525149209358,2.859747050358674,2.881577420884225,8884800
2021-11-03,2.8433754444122314,2.925238512493694,2.8106302692267504,2.9034083957033734,12588900
2021-11-04,2.848832607269287,2.9306956685627346,2.712394258525374,2.7342246337410585,18334800
2021-11-05,3.0180163383483887,3.0289313956563095,2.8215450465703134,2.8379175024144483,11491500
2021-11-08,3.165369987487793,3.1926575027550506,3.045304087558218,3.0835069212149944,12563600
2021-11-09,3.1435391902923584,3.2745198597701446,3.099878706897639,3.1326238742670856,13874400
2021-11-10,3.0453038215637207,3.192657223889853,3.0398464230811557,3.1107941647674484,12203100
2021-11-11,3.3509256839752197,3.4327887431112716,3.1981148831410486,3.225402396029405,16427900
2021-11-12,3.3345534801483154,3.531024524631719,3.3018083060677483,3.329095821017132,9141700
2021-11-16,3.219944477081299,3.350925142339167,3.209029421643143,3.323637633861502,3804500
2021-11-17,3.1762843132019043,3.32363769441957,3.170826655265661,3.258147100361921,4305000
2021-11-18,3.1107940673828125,3.1871997256307427,3.1053366690710935,3.181742067083541,6569300
2021-11-19,3.2363171577453613,3.296350096995325,3.1271665956867616,3.1271665956867616,9259400
2021-11-22,3.258147954940796,3.416416693543219,3.258147954940796,3.3290959653081718,15084600
2021-11-23,3.318180561065674,3.541939367117351,3.2963504463404125,3.4055010199667195,11534500
2021-11-24,3.3945860862731934,3.4382465775498186,3.318180681951232,3.356383514229965,5090500
2021-11-25,3.3836710453033447,3.4491616524255075,3.350925871860017,3.410958819957205,3674300
2021-11-26,3.2745206356048584,3.3290959274845027,3.154454993469642,3.2363178011713485,7717300
2021-11-29,3.258147954940796,3.410959034175488,3.258147954940796,3.394586316307816,7192300
2021-11-30,3.258147954940796,3.3290959653081718,3.209030321808824,3.2526905558085866,5746600
2021-12-01,3.1981146335601807,3.3782131934633077,3.1981146335601807,3.312722855359529,8589000
2021-12-02,3.3236382007598877,3.350925713891864,3.219945026293195,3.219945026293195,5224100
2021-12-03,3.285435676574707,3.4491618115817446,3.274520618256606,3.3018083941696177,6788300
2021-12-06,3.416416645050049,3.4491618200850804,3.2799782856196575,3.329095918054446,8325700
2021-12-07,3.5692269802093506,3.678377548929475,3.509194037295541,3.541939207911578,13716800
2021-12-08,3.5473968982696533,3.6620051265710503,3.4819065564504226,3.569227012209397,11147000
2021-12-09,3.6947505474090576,3.7111232640891267,3.50919430613395,3.5255670228140197,8407100
2021-12-10,3.651090145111084,3.79298588865403,3.591057200417477,3.689292975413469,7627000
2021-12-13,3.7493255138397217,3.9294240806704233,3.7384104570692394,3.7602405706102044,12049600
2021-12-14,3.6729207038879395,3.825731783350557,3.6401755283392765,3.7547837728773588,5833300
2021-12-15,3.705665349960327,3.7329531224696844,3.5473968939712193,3.6729201790903896,7633800
2021-12-16,3.776613235473633,3.847561233652499,3.640174897546033,3.831188518597577,13812300
2021-12-17,3.9348814487457275,3.956711560675445,3.7220377273132534,3.760240293072528,10064600
2021-12-20,3.6729207038879395,3.847561900382999,3.6729207038879395,3.831189182490906,9790800
2021-12-21,3.776613235473633,3.825731120402921,3.678377465615055,3.7547831222240546,9094600
2021-12-22,3.618344783782959,3.7711555765083173,3.6183447837829594,3.7711555765083173,5805100
2021-12-23,3.618344783782959,3.651089953652679,3.531024070561563,3.6401748970294387,4269100
2021-12-27,3.651090145111084,3.6947503738935294,3.5746847447418055,3.585599801937417,4210100
2021-12-28,3.558312177658081,3.634717581223038,3.509194288105715,3.634717581223038,7015700
2021-12-29,3.591057062149048,3.640174947755831,3.5091940062162363,3.5419391765422645,6493200
2021-12-30,3.7272682189941406,3.854459879316472,3.638787155707082,3.65537748692059,48470300
2022-01-03,3.8986992835998535,3.9595298610581935,3.6443160537190367,3.777037601294624,13281500
2022-01-04,4.175202369689941,4.197322625490891,3.9208191642847816,3.9318792921852563,17917900
2022-01-05,3.848928213119507,4.136491803125251,3.8102176334996805,4.119901479375541,11435200
2022-01-06,3.771507501602173,3.9705898141472895,3.7438570485682194,3.9318794963328703,7867700
2022-01-07,3.859988212585449,3.942939301184706,3.743856741285338,3.810217506687047,7379300
2022-01-10,3.865518569946289,3.8876390912089347,3.6996166381834716,3.81021792602535,6413000
2022-01-11,3.871048927307129,3.9816502197524772,3.8489286688180595,3.865518730837721,5508500
2022-01-12,4.042480945587158,4.114371915445598,3.8876391406397364,3.9650600431134473,12597400
2022-01-13,3.9595296382904053,4.07013118540843,3.948469509948029,4.003770151659912,4670900
2022-01-14,3.970590591430664,3.998241049877475,3.915289938231357,3.9540005273180294,3739200
2022-01-17,3.8931691646575928,3.981650198133449,3.8876392319124915,3.9429398778349016,3172900
2022-01-18,3.9816505908966064,4.020361178707973,3.8544589608813205,3.887639615402096,6224500
2022-01-19,4.036952018737793,4.147553335541155,4.0203616893701195,4.097782611132472,7777600
2022-01-20,3.9927103519439697,4.136492295923326,3.9927103519439693,4.05354119468095,4111100
2022-01-21,3.970590591430664,4.070132030883732,3.9650606579578906,3.970590591430664,4145600
2022-01-24,3.871048927307129,3.9208196407546763,3.8212782138595816,3.915289444285268,5142300
2022-01-25,3.998239755630493,4.0369503321863895,3.8378677814184257,3.8710481625973814,7937200
2022-01-26,3.998239755630493,4.164141925219501,3.9927095602535525,4.0369503321863895,11452900
2022-01-27,3.9374091625213623,4.086721018682603,3.9097589750510555,4.042480507774716,9175200
2022-01-28,3.95400071144104,4.025891695794991,3.926350251706651,4.025891695794991,8390700
2022-01-31,3.859988212585449,3.9484692331210614,3.8433978893879015,3.942939301184706,9465000
2022-02-01,3.9816505908966064,4.014831245417382,3.8544589608813205,3.8544589608813205,7327700
2022-02-02,3.9650607109069824,4.075662018782557,3.9540005801194247,3.987180972482097,6626100
2022-02-03,3.9595296382904053,3.9927100233175348,3.9097591925968413,3.9650598343087236,3745000
2022-02-04,3.9374091625213623,3.9871798691398577,3.8655182004489235,3.9595294179753058,7753900
2022-02-07,3.9374091625213623,4.01483032030441,3.9263490347943906,3.9595294179753058,9622400
2022-02-08,3.909759044647217,3.987179940114159,3.8931687209143186,3.9429394284187635,6874000
2022-02-09,3.8378686904907227,3.926349727926357,3.8046883014523596,3.9152895982469027,11310300
2022-02-10,3.7991580963134766,3.95400017517565,3.782568033678349,3.8931693302268364,15482500
2022-02-11,3.649846076965332,3.81574827924778,3.649846076965332,3.799157953541823,11664400
2022-02-14,3.688556432723999,3.7162066222625594,3.611135532844059,3.622195661398336,5742400
2022-02-15,3.677497386932373,3.6996176505537792,3.6056063983156323,3.616666530126335,4196000
2022-02-16,3.671966552734375,3.7493877256845747,3.6498462929469744,3.688556879422074,5999500
2022-02-17,3.5281848907470703,3.6443163873546354,3.52265469391133,3.633256257377453,5496100
2022-02-18,3.4839439392089844,3.589015029127703,3.4784137430583852,3.589015029127703,4431600
2022-02-21,3.4175832271575928,3.5668951093223833,3.384402838198116,3.5392449170366316,4924200
2022-02-22,3.4618237018585205,3.4894738916873695,3.423113119665011,3.4452333770057972,4462200
2022-02-23,3.3899331092834473,3.5115945381387554,3.389933109283447,3.45629388865907,5547900
2022-02-24,3.3622822761535645,3.3844025334681853,3.1963803462939087,3.235090664747361,10722700
2022-02-25,3.428643226623535,3.4507634850899365,3.3180419342915304,3.3180419342915304,7375600
2022-03-02,3.5834856033325195,3.6056058636739183,3.489474365034424,3.5503052128204216,6050000
2022-03-03,3.666436195373535,3.754917224284568,3.6166654847639457,3.6166654847639457,9975400
2022-03-04,3.7272682189941406,3.738328615599392,3.605606756974435,3.660907421528847,5557300
2022-03-07,3.749387741088867,3.8710491704194148,3.7106771544547255,3.765977804150429,8828500
2022-03-08,3.6111364364624023,3.8157489977640715,3.611136436462403,3.7880985376122434,6496300
2022-03-09,3.710677146911621,3.754917666578251,3.561365261189595,3.6000758477450456,8543300
2022-03-10,3.594545841217041,3.6885570823322693,3.495004666697906,3.5945458412170415,8186800
2022-03-11,3.5613651275634766,3.7217371371848356,3.561365127563477,3.616665775071827,6140800
2022-03-14,3.3401620388031006,3.5668948094802793,3.32357197756511,3.5115941658631953,7304600
2022-03-15,3.1631996631622314,3.3125115303033907,3.135549473658618,3.3125115303033907,7914400
2022-03-16,3.135550022125244,3.3291024372835523,3.0968394336158585,3.3180423068086293,11554600
2022-03-17,3.1797900199890137,3.2129704059455872,3.1466096340324405,3.1742598238157846,5197300
2022-03-18,3.395463705062866,3.3954637050628667,3.179790998152994,3.196381328081914,11521000
2022-03-21,3.412053346633911,3.4452337361034924,3.3622826305823925,3.3899330869875244,4823900
2022-03-22,3.4452338218688965,3.500534472361515,3.389933171376278,3.395463104578389,5612300
2022-03-23,3.378872871398926,3.483944233899402,3.378872871398926,3.445233648653662,4708200
2022-03-24,3.395463705062866,3.417583969171861,3.34016304479038,3.389933770882792,7669000
2022-03-25,3.4009926319122314,3.483943723167505,3.3899325039911448,3.400992631912231,5572500
2022-03-28,3.3678128719329834,3.4397035848884703,3.3567527419633474,3.428643454918834,6540000
2022-03-29,3.33463191986084,3.423112944701508,3.323571791755757,3.400992688491341,6202500
2022-03-30,3.378872871398926,3.4673539077385738,3.3512224156956414,3.3733426747805533,8251900
2022-03-31,3.33463191986084,3.417582748801839,3.3346319198608403,3.3899325603862573,5356700
2022-04-01,3.3844027519226074,3.439703398778673,3.3622824931801816,3.36781268971293,4228800
2022-04-04,3.428643226623535,3.483944136483819,3.3788727769212734,3.389932906154474,4189500
2022-04-05,3.295921802520752,3.4175832287626378,3.29039160584443,3.4175832287626378,6674400
2022-04-06,3.268270969390869,3.301451354537132,3.2240304558625192,3.301451354537132,6033600
2022-04-07,3.2516815662384033,3.2738018274758636,3.2074410437634833,3.2295613050009435,4255800
2022-04-08,3.2240307331085205,3.246150991774896,3.1631998899288454,3.2350908624417083,7194200
2022-04-11,3.2461509704589844,3.2738014254575285,3.1631998691576335,3.179790194895616,4406500
2022-04-12,3.2074403762817383,3.3069815311353783,3.1742597276362656,3.3069815311353783,9284100
2022-04-13,3.2406206130981445,3.2903910564027354,3.1963801018521765,3.1963801018521765,6046300
2022-04-14,3.2185006141662598,3.2350906753595123,3.1908501605851476,3.21297041797233,2949100
2022-04-18,3.212970495223999,3.2350907531430337,3.163199783059033,3.1963804336318598,3062500
2022-04-19,3.212970495223999,3.2240306241835164,3.1576698504264114,3.1853203046723424,3119300
2022-04-20,3.080249071121216,3.2019104945503227,3.07471887457275,3.1908503651476767,5588600
2022-04-22,2.9862380027770996,3.080249239691614,2.9751778727691747,3.047068849667838,5098100
2022-04-25,2.953057289123535,2.964117417919365,2.881166320103506,2.914346706490995,5416100
2022-04-26,2.8037452697753906,2.964117260653259,2.8037452697753906,2.9530571324442425,5987900
2022-04-27,2.859046459197998,2.914347110849986,2.8479863288676004,2.881166719858793,5434300
2022-04-28,2.8756370544433594,2.919877847637712,2.8258665906030407,2.897757319193358,4946400
2022-04-29,2.8756370544433594,2.9917685762280293,2.853516789693361,2.908817715262713,8330100
2022-05-02,2.9359560012817383,2.9541539131157957,2.8449655743596707,2.917757800197087,7669300
2022-05-03,3.0572760105133057,3.105804155243587,2.9298894859710383,2.9602197210527432,8960800
2022-05-04,3.1785967350006104,3.2149931369515232,3.002682045657097,3.0390784476080093,9106200
2022-05-05,2.9662859439849854,3.1543326715944024,2.9480880321924636,3.124002722190002,10706000
2022-05-06,2.887427568435669,2.972351823610081,2.875295242731616,2.9541536243045674,5976900
2022-05-09,2.7964375019073486,2.844965653821043,2.766107262335989,2.844965653821043,6420500
2022-05-10,2.5962586402893066,2.8207014797049235,2.5962586402893066,2.7782392036328103,12910700
2022-05-11,2.6265885829925537,2.7175790090622782,2.602324507940706,2.6265885829925533,11468400
2022-05-12,2.5416641235351562,2.584126396213751,2.511333887443221,2.584126396213751,9168800
2022-05-13,2.6326541900634766,2.6569182599879806,2.553795818183573,2.578059888108077,6604800
2022-05-16,2.6205227375030518,2.662984724682695,2.5901924987313696,2.6569188504787147,6602300
2022-05-17,2.5901920795440674,2.6993804008004125,2.5901920795440674,2.6751163294101135,9178300
2022-05-18,2.474937677383423,2.5719939661433826,2.474937677383423,2.5719939661433826,8863800
2022-05-19,2.699380874633789,2.7175790759961913,2.487070068075614,2.493136231613281,14710900
2022-05-20,2.7964375019073486,2.851031528184954,2.7600413879720778,2.766107262335989,9851500
2022-05-23,2.8146350383758545,2.9116916184926516,2.802503002017575,2.8570973102551136,7900600
2022-05-24,2.802503824234009,2.8328340686534688,2.7115133802262763,2.735777749312233,4746100
2022-05-25,2.7903707027435303,2.826766808389035,2.7843048297612136,2.8025027379586986,5769700
2022-05-26,2.8328330516815186,2.8510309603997244,2.7782387470258136,2.7782387470258136,4030100
2022-05-27,2.8692290782928467,2.935955416648644,2.844965007845382,2.8631629160557126,8569900
2022-05-30,2.887427568435669,2.9056254784906175,2.8570973326766675,2.8813614055836423,3221400
2022-05-31,2.929889678955078,2.9784178268817794,2.8995597311261787,2.8995597311261787,6305700
2022-06-01,2.942021608352661,2.9844838808610494,2.9177575352766008,2.929889571814631,4247400
2022-06-02,3.2149930000305176,3.2392570741306996,3.002681917778054,3.002681917778054,14614500
2022-06-03,3.124002456665039,3.2271249122263996,3.117936293749398,3.214992875645685,6212000
2022-06-06,3.1846628189086914,3.1846628189086914,3.1118705953252044,3.172530781644777,5984500
2022-06-07,3.111870527267456,3.1846627492589503,3.1058043641428754,3.1543325121372052,6373800
2022-06-08,3.0451443195343018,3.172530858517359,3.020880244418538,3.057276357092184,12623700
2022-06-09,3.0451443195343018,3.1361347458437128,2.996616169302774,3.0269461185721833,8675800
2022-06-10,3.166464328765869,3.190728690324935,2.9420215152868914,3.008747858760567,10563800
2022-06-13,3.0754740238189697,3.124002165620757,2.9905494864153,3.0694078614684757,11004200
2022-06-14,2.911691427230835,3.099738123057122,2.887427356108123,3.0876060874957663,8980700
2022-06-15,2.8692290782928467,2.9420212896352425,2.8207009373979166,2.9420212896352425,11305900
2022-06-17,2.74184250831604,2.8146347181849234,2.7115122762454074,2.7903706482286292,10302300
2022-06-20,2.6326541900634766,2.693314364874737,2.620522155101224,2.65085209788159,8062800
2022-06-21,2.6083900928497314,2.705446371532336,2.602323930806805,2.6811823018616847,6499600
2022-06-22,2.5659279823303223,2.5962582158882266,2.511333677626312,2.5416639111842163,7512900
2022-06-23,2.493135929107666,2.638720365339951,2.4810038927549756,2.6083904190835066,10209200
2022-06-24,2.511334180831909,2.541664420467199,2.4688721924432255,2.5234662188359045,8465400
2022-06-27,2.5659279823303223,2.614456124622534,2.559861819918524,2.584126180315174,5054400
2022-06-28,2.5416641235351562,2.620522505973732,2.523465924029882,2.608390469387072,6903100
2022-06-29,2.499202013015747,2.559862199884947,2.487069975641907,2.553796325823321,7000300
2022-06-30,2.3414855003356934,2.4749380627875124,2.3414855003356934,2.4688721884206988,16174500
2022-07-01,2.311155319213867,2.3414854130437153,2.2262310564902923,2.329353375511776,9434300
2022-07-04,2.250495195388794,2.3050893658310683,2.208033062822581,2.262627233264855,9487000
2022-07-05,2.2019665241241455,2.238362629161256,2.135240186930845,2.226230594148886,11904100
2022-07-06,2.2080326080322266,2.2444287141638726,2.1655703395867034,2.189834410341134,9962600
2022-07-07,2.250495195388794,2.3111553847690987,2.250495195388794,2.2868913090169767,5855000
2022-07-08,2.2383627891540527,2.292956950611978,2.2201647353347447,2.2565608429733612,6943700
2022-07-11,2.1352405548095703,2.201966903499095,2.1291745362582764,2.1716366661173345,5531600
2022-07-12,2.1291744709014893,2.159504562726952,2.0927783607109336,2.1291744709014893,6257100
2022-07-13,2.117042064666748,2.1534381685047954,2.092777995441383,2.1109760473604067,8191600
2022-07-14,2.0199859142303467,2.0867122581803077,2.0199859142303467,2.0806462400598824,8387800
2022-07-15,2.026052236557007,2.0563824763384173,1.9896561223696758,2.007854179463341,6239700
2022-07-18,2.0199859142303467,2.1170423487824355,2.0139198961099214,2.0806462400598824,9220000
2022-07-19,2.08671236038208,2.0927783787996037,2.0199860131640355,2.0260520315815587,5055200
2022-07-20,2.117042064666748,2.117042064666748,2.0624479089096766,2.0867119781350416,5226300
2022-07-21,2.117042064666748,2.1352401165857717,2.0867119781350416,2.1049100300540653,5380100
2022-07-22,2.062448501586914,2.232297179598437,2.044250299813088,2.1473727682800243,15583800
2022-07-25,2.044250726699829,2.135241176068656,2.044250726699829,2.129175155752423,10578400
2022-07-26,1.9896559715270996,2.0806463947224354,1.9835899529557632,2.0745803761510992,10646400
2022-07-27,2.08671236038208,2.08671236038208,1.9957219394939416,2.001787957911465,7940200
2022-07-28,2.1473727226257324,2.1655707793873558,2.0927785523408624,2.129174665864109,8491700
2022-07-29,2.123108386993408,2.1534384778825437,2.086712277926446,2.1473724597047164,8184300
2022-08-01,2.110976219177246,2.1352402903775154,2.086712147976977,2.1231082547773807,6983300
2022-08-02,2.1534385681152344,2.165570604979241,2.0806463469311938,2.1231084759552177,8329600
2022-08-03,2.1291744709014893,2.171636599457137,2.104910397441119,2.159504562726952,6072600
2022-08-04,2.2201650142669678,2.2504951077763606,2.117042551709738,2.135240607815374,13517500
2022-08-05,2.244429111480713,2.2686931865304563,2.208032998906097,2.244429111480713,5664300
2022-08-08,2.244429111480713,2.2929572615802,2.232297073955841,2.280825224055328,9045900
2022-08-09,2.27475905418396,2.27475905418396,2.2080328522296893,2.232296925667606,7163500
2022-08-10,2.3536171913146973,2.359683209039724,2.2929568694391596,2.2929568694391596,6236500
2022-08-11,2.3536171913146973,2.4142773685649646,2.3475510289644,2.3657492267647506,9068800
2022-08-12,2.3900136947631836,2.4142777696947415,2.3536175823658465,2.3536175823658465,8182300
2022-08-15,2.3596832752227783,2.365749293117941,2.329353041121689,2.3414850769120146,6177700
2022-08-16,2.3354194164276123,2.3657496551704176,2.317221359957107,2.341485435251114,12697500
2022-08-17,2.4385416507720947,2.462805723774757,2.2808250316295067,2.3354191958854966,17663500
2022-08-18,2.3839473724365234,2.4567397325864437,2.365749318555362,2.44460769666567,11064200
2022-08-19,2.262626886367798,2.371815355137299,2.2565608683597853,2.3657493371292864,8159800
2022-08-22,2.214099168777466,2.2504952838360612,2.177702909093565,2.2504952838360612,7518500
2022-08-23,2.3718154430389404,2.377881461271765,2.220164842593043,2.2322968790586923,8039000
2022-08-24,2.3839473724365234,2.4142774622384584,2.335419084128151,2.3778813544761364,8432700
2022-08-25,2.3778815269470215,2.4142776373492016,2.353617453345568,2.396079582148112,6266000
2022-08-26,2.329353094100952,2.4446077259809713,2.329353094100952,2.3900134190575266,6740000
2022-08-29,2.299023151397705,2.3354192619309777,2.2868911145532804,2.305089169819917,5030900
2022-08-30,2.1959009170532227,2.311155423429024,2.1898348980137228,2.2868913472710246,8338600
2022-08-31,2.1959009170532227,2.2262311568760245,2.1716368408952227,2.2140991187970247,8855000
2022-09-01,2.1837687492370605,2.1837687492370605,2.110976525087629,2.1595046745205835,11720000
2022-09-02,2.1595044136047363,2.232296773584536,2.141306359766105,2.195900521281998,14130000
2022-09-05,2.2080326080322266,2.268692784918303,2.189834410341134,2.201966590343619,4539700
2022-09-06,2.1534385681152344,2.208032878628553,2.1534385681152344,2.208032878628553,4969900
2022-09-08,2.1534385681152344,2.1777026418432484,2.0988444022272037,2.1716366234112447,11018400
2022-09-09,2.268693208694458,2.2747592275161557,2.183768800565391,2.183768800565391,11106600
2022-09-12,2.286891222000122,2.317221315536206,2.274759184585689,2.2990232594145557,5269800
2022-09-13,2.2262306213378906,2.280824779560316,2.2201646037576213,2.2626267268195073,7739500
2022-09-14,2.1837687492370605,2.2262310246161894,2.1655706931997027,2.2262310246161894,8573400
2022-09-15,2.1473727226257324,2.195900873990061,2.129174665864109,2.1716367983078966,5100900
2022-09-16,2.123108386993408,2.1413064415268894,2.104910332459927,2.123108386993408,9448400
2022-09-19,2.1595044136047363,2.1595044136047363,2.0927782161964226,2.117042287981264,11326400
2022-09-20,2.1473727226257324,2.1595047604668145,2.0927785523408624,2.1473727226257324,10687900
2022-09-21,2.08671236038208,2.135240507722268,2.080646341964557,2.135240507722268,15507000
2022-09-22,2.1777026653289795,2.1777026653289795,2.1109764618573243,2.1231084988521705,10715500
2022-09-23,2.098844528198242,2.1595047161590544,2.0685144342178363,2.147372678566892,11125300
2022-09-26,2.0381839275360107,2.1049102701418874,2.0381839275360107,2.080646198148942,8884400
2022-09-27,2.0321178436279297,2.0988441840695997,2.019985808024948,2.068514095062146,9712600
2022-09-28,2.0017881393432617,2.0503164357070918,1.9835900824413129,2.0503164357070918,13200000
2022-09-29,1.9593257904052734,1.989655881895623,1.928995698914924,1.9775238452994832,7571400
2022-09-30,2.0078542232513428,2.0260522807418777,1.9289959741256903,1.9593260699432489,16498500
2022-10-03,2.123108386993408,2.1291744051712356,2.026051951522894,2.0442500060563753,9103100
2022-10-04,2.2383627891540527,2.2626268609131306,2.153438393372005,2.153438393372005,13169900
2022-10-05,2.2383627891540527,2.2626268609131306,2.2140987173949753,2.244428807093822,7458100
2022-10-06,2.250495195388794,2.250495195388794,2.1837688424451596,2.2444291764507636,10335500
2022-10-07,2.250495195388794,2.2868913090169767,2.214099081760611,2.2262311196366724,7286400
2022-10-10,2.23229718208313,2.280825334533208,2.2201651439706103,2.256561258308169,4584800
2022-10-11,2.1837687492370605,2.2262310246161894,2.1655706931997027,2.214098987257951,5152000
2022-10-13,2.062448501586914,2.1473727682800243,2.03818428076358,2.1473727682800243,18071200
2022-10-14,1.977523922920227,2.080646382660409,1.9714579043840568,2.068514345588069,12366500
2022-10-17,1.9835894107818604,2.0017874615218014,1.965391360041919,2.0017874615218014,8005200
2022-10-18,2.0381839275360107,2.0685141621524696,2.0139198555430653,2.0199858735413017,6196900
2022-10-19,1.9957219362258911,2.0503162465194893,1.9775238810031206,2.032118046671432,7459900
2022-10-20,2.0381839275360107,2.080646198148942,1.98965578355012,2.0017878195465926,8777400
2022-10-21,2.1049106121063232,2.1231086690574945,2.0017881447577204,2.019986201708891,6210900
2022-10-24,2.062448501586914,2.0927785968344534,2.044250299813088,2.0806465587354377,5146800
2022-10-25,2.0139200687408447,2.0685143811297166,2.0139200687408447,2.0503163252085237,5946700
2022-10-26,1.977523922920227,2.026052071209588,1.9593258673117167,2.019986052673418,11801900
2022-10-27,2.0199859142303467,2.044249986712049,1.9411276786648146,1.9896558236282191,10957100
2022-10-28,1.977523922920227,1.9957219785287372,1.9471938302393763,1.983589941456397,10587800
2022-10-31,2.0017881393432617,2.01998619624521,1.9168638738008343,1.935061930702783,10038400
2022-11-01,2.1534385681152344,2.1716366234112447,2.0139199995538686,2.019986017985872,18555600
2022-11-03,2.1291744709014893,2.1534385443618596,2.0563822505203784,2.1534385443618596,9269000
2022-11-04,2.2383627891540527,2.2686928788529,2.195900518950391,2.195900518950391,12681200
2022-11-07,2.2201650142669678,2.274759182583875,2.201966958161332,2.232297051670725,7614900
2022-11-08,2.4385416507720947,2.4567398501493747,2.341485214136162,2.3657494317641077,29678200
2022-11-09,2.4082114696502686,2.511333776063314,2.402145451625972,2.4628056318689397,18450000
2022-11-10,2.474937677383423,2.4810038400561987,2.3475511537606977,2.4082114788609505,23144200
2022-11-11,2.574150800704956,2.6150102985666512,2.485621888671284,2.608200382256369,25289000
2022-11-14,2.574150800704956,2.6354400474974984,2.5196714702226966,2.5945805496358036,11623100
2022-11-16,2.6286303997039795,2.669490064100735,2.546911395632926,2.5741510636566107,11441200
2022-11-17,2.5605311393737793,2.5741509729054575,2.499241888481229,2.5537212226079404,10665500
2022-11-18,2.472001791000366,2.621819933762939,2.472001791000366,2.621819933762939,8321300
2022-11-21,2.424332618713379,2.4924319480874173,2.397092951908252,2.4788121146848536,6842700
2022-11-22,2.431142807006836,2.512861978912596,2.417522972082749,2.4243328895447926,8326200
2022-11-23,2.4379520416259766,2.4651917038446274,2.349423139415361,2.417522294961988,11672400
2022-11-24,2.4788122177124023,2.5264816366026714,2.444762470429554,2.465192221382526,3625800
2022-11-25,2.4515726566314697,2.567341420439267,2.4379528211671695,2.5060521608499164,6504300
2022-11-28,2.417522668838501,2.437952418662006,2.390283002407161,2.437952418662006,3009800
2022-11-29,2.601390838623047,2.62863050776655,2.437952661400795,2.437952661400795,12048600
2022-11-30,2.6354401111602783,2.6899196053197794,2.5945806123115647,2.628630194685493,11176200
2022-12-01,2.594580888748169,2.6286304747498708,2.574151137147148,2.6286304747498708,4497000
2022-12-02,2.594580888748169,2.6422504715117845,2.5469114683457863,2.6286304747498708,6128200
2022-12-05,2.587770938873291,2.7035396921785537,2.574151104644581,2.61501060733071,9366600
2022-12-06,2.594580888748169,2.62182055754953,2.540101551145446,2.601390805948509,8302100
2022-12-07,2.5605311393737793,2.587770806437135,2.5401013890762627,2.5605311393737793,4323600
2022-12-08,2.519671678543091,2.621820431642741,2.5060518447964704,2.580960930402881,8929800
2022-12-09,2.771638870239258,2.7784486246104647,2.5537212100790954,2.5537212100790954,24405200
2022-12-12,2.6150104999542236,2.7375891653405664,2.587770832615308,2.7239693316711087,11857900
2022-12-13,2.587770938873291,2.689919857949844,2.5401015190728073,2.6286304415594195,10883300
2022-12-14,2.6490602493286133,2.683109833538755,2.546911334336964,2.5877708353891338,13978400
2022-12-15,2.6286303997039795,2.7512090681717885,2.6218204826980585,2.683109898112577,10268500
2022-12-16,2.6150104999542236,2.6899197474974645,2.5945807494500372,2.628630333623681,8843500
2022-12-19,2.6150104999542236,2.642250329654363,2.533291497937478,2.5809609157805795,8039400
2022-12-20,2.6967296600341797,2.7443992401625303,2.6150104957864526,2.6150104957864526,7973700
2022-12-21,2.6831092834472656,2.758018515712899,2.6694894525555486,2.7512084379058495,6502300
2022-12-22,2.7239692211151123,2.7375890542317904,2.6422502224150435,2.683109721765078,7429200
2022-12-23,2.744398593902588,2.7648281772021646,2.6967290249996227,2.7239686858806396,9097300
2022-12-26,2.744398593902588,2.7784480076426727,2.7307787634620797,2.744398593902588,2944300
2022-12-27,2.7784485816955566,2.8056882482045373,2.7375890819320854,2.7784485816955566,6818500
2022-12-28,2.7988781929016113,2.8329276100143894,2.7784482828560213,2.785258361112019,5580200
2022-12-29,2.789302349090576,2.8508311828469957,2.7756293111436983,2.8371581449001178,5939200
2023-01-02,2.761956214904785,2.802975327879696,2.7141005831007226,2.802975327879696,4162100
2023-01-03,2.727773904800415,2.7961392632062414,2.7072643461773125,2.7551201459600354,8068500
2023-01-04,2.7209372520446777,2.755120011071774,2.6730816176004075,2.7482833288699746,7613500
2023-01-05,2.7687926292419434,2.7893020207525616,2.666244693716149,2.734609875403045,11753600
2023-01-06,2.9397058486938477,2.973888277730667,2.8029751545738364,2.8029751545738364,19131500
2023-01-09,2.9123599529266357,2.96705210351834,2.8645041581634287,2.885013551639852,9457400
2023-01-10,3.1037826538085938,3.1242923744244875,2.9260331544316305,2.9260331544316305,12877300
2023-01-11,3.090109348297119,3.1584745344559426,3.090109348297119,3.1448014972241776,11297100
2023-01-12,3.0969464778900146,3.144801952128152,3.090109795289727,3.1106195170996207,7379300
2023-01-13,3.131129026412964,3.1448020661181784,3.069600184744008,3.1037829470025344,6488400
2023-01-16,3.0149080753326416,3.0696002350498164,3.008071718363488,3.0696002350498164,4760000
2023-01-17,3.1037826538085938,3.117455692222206,3.035417461740531,3.055926856365475,5806100
2023-01-18,3.240513324737549,3.3088788488470664,3.2063308886737687,3.2063308886737687,12981000
2023-01-19,3.220003604888916,3.261022719640189,3.1721478080169576,3.2405129992690793,8825100
2023-01-20,3.2336764335632324,3.3225513394264388,3.226839751885636,3.226839751885636,8345300
2023-01-23,3.356734275817871,3.37040731524314,3.2610229998409856,3.2610229998409856,7061600
2023-01-24,3.4250996112823486,3.445609006301106,3.3498977355680073,3.3772438129203213,6837800
2023-01-25,3.5276474952697754,3.5413205349417134,3.4250998607257315,3.4250998607257315,7117400
2023-01-26,3.568666458129883,3.59601286226813,3.534484023441264,3.5481570625149046,5739100
2023-01-27,3.513974189758301,3.5960127475745187,3.4592820352081257,3.568666344308476,7454700
2023-01-30,3.5276474952697754,3.6233590989643205,3.5003014159259,3.5549935746136514,6153700
2023-01-31,3.650704860687256,3.691723976134299,3.5344838705918264,3.5344838705918264,11767200
2023-02-01,3.650704860687256,3.684887293897649,3.582339342284567,3.6438681784506066,7430400
2023-02-02,3.3909168243408203,3.623358805958112,3.377243785774565,3.589176046546997,12985300
2023-02-03,3.384079933166504,3.4866278790787173,3.3635705395786215,3.3635705395786215,8418600
2023-02-06,3.356734275817871,3.41826311622707,3.3293881969673325,3.3840803546684097,10292100
2023-02-07,3.3704073429107666,3.384080382448278,3.3157151847607222,3.3430612638357444,5573500
2023-02-08,3.4045896530151367,3.4182626907384535,3.3362244643985544,3.377243577568504,5043500
2023-02-09,3.3430607318878174,3.4866277871827784,3.3362243762023516,3.4456086750972075,7848100
2023-02-10,3.3498969078063965,3.3977523683523536,3.3088778019137726,3.3362238725088553,5061100
2023-02-13,3.302042007446289,3.34306112434731,3.2131670911652637,3.336224767859288,5089200
2023-02-14,3.2610225677490234,3.3567338310439765,3.2610225677490234,3.3157147182032825,6176000
2023-02-15,3.431936264038086,3.4456093038951705,3.2678597857530702,3.288369182543205,14520300
2023-02-16,3.3498969078063965,3.500300296079352,3.3498969078063965,3.4387718002358536,7190200
2023-02-17,3.356734275817871,3.377243997951262,3.3088788008249153,3.356734275817871,5210400
2023-02-22,3.356734275817871,3.377243997951262,3.3088788008249153,3.3293881969673325,4252000
2023-02-23,3.3430607318878174,3.4045895630116365,3.261022507716676,3.3567337692496744,8713800
2023-02-24,3.158474922180176,3.3635708318244832,3.1516385657205452,3.3020419937329986,9630300
2023-02-27,3.165311574935913,3.1858209701133613,3.096946381026155,3.131128814985555,5881700
2023-02-28,3.185821294784546,3.2063310180431253,3.15163885734157,3.158475214433768,8043700
2023-03-01,3.2678592205047607,3.36357048294898,3.2473495012712497,3.2473495012712497,12292300
2023-03-02,3.329388380050659,3.3362250631347306,3.261023179164905,3.281532902426127,8244100
2023-03-03,3.411426067352295,3.4387724692585717,3.329387839606282,3.336224521580586,5243600
2023-03-06,3.411426067352295,3.4319357872842677,3.336224521580586,3.3840799914369573,7202700
2023-03-07,3.3704073429107666,3.431936183825055,3.336224907062477,3.425099827051788,6358900
2023-03-08,3.472954750061035,3.4866277874238376,3.3498974137958144,3.3909165258842213,8147200
2023-03-09,3.302042007446289,3.5549933913313962,3.3020420074462895,3.5481570348433746,20504000
2023-03-10,3.247349739074707,3.3840801240077876,3.206330623594783,3.302041893047939,8098700
2023-03-13,3.3430607318878174,3.3635704509260655,3.1994936765928568,3.2268397513165707,8110400
2023-03-14,3.3225512504577637,3.3840797539539462,3.28836849496695,3.3362242874559063,6052400
2023-03-15,3.2063302993774414,3.3020415591524777,3.137965113823844,3.254186092260419,12072900
2023-03-16,3.199493885040283,3.2473496819200562,3.1584747702823117,3.2268399615455974,11542600
2023-03-17,3.158474922180176,3.254186520542699,3.144801883269953,3.199494038910845,7401700
2023-03-20,3.2063302993774414,3.213166654937342,3.1174553951623056,3.124292076713125,5709000
2023-03-21,3.0764362812042236,3.2200033337396943,3.062763244105175,3.1858205779966133,6921700
2023-03-22,3.090109348297119,3.1448014972241776,3.049090236601825,3.0559265922222463,8119000
2023-03-23,3.0627634525299072,3.1653114007467424,3.014907656431133,3.0832731725696503,5803900
2023-03-24,3.1037826538085938,3.117455692222206,3.0490905001541435,3.0764365769813686,8238100
2023-03-27,3.0696001052856445,3.158475024064451,3.0490907092542106,3.1516386673842973,5618200
2023-03-28,3.110619068145752,3.172147572713122,3.062763274823645,3.083272993673383,6613700
2023-03-29,3.137965202331543,3.1858206705733862,3.1106191273387958,3.1448015580842656,5268800
2023-03-30,3.2678592205047607,3.2815322579967923,3.165311276319062,3.1994937070536764,5906500
2023-03-31,3.3088788986206055,3.3635710579381386,3.2610230962222717,3.2815328189618387,8021600
2023-04-03,3.2268402576446533,3.308878820679507,3.144802020600775,3.308878820679507,8021100
2023-04-04,3.1516385078430176,3.2131670188136146,3.1037827095405928,3.2131670188136146,8194100
2023-04-05,3.0969464778900146,3.165311673938046,3.0627637168705144,3.158474991337758,5411800
2023-04-06,3.11745548248291,3.131128519976614,3.0627633325080934,3.0695996882594816,3047700
2023-04-10,3.1721479892730713,3.1926577108161034,3.110619476625904,3.1174558331462716,4340600
2023-04-11,3.295205593109131,3.3498977480170073,3.24734979456926,3.24734979456926,7313900
2023-04-12,3.377243757247925,3.411426190379357,3.2746958058717284,3.308878564994111,7840100
2023-04-13,3.329388380050659,3.363571143489032,3.302042299696357,3.3567344604049607,7478900
2023-04-14,3.2268402576446533,3.302042137930363,3.185821139122714,3.302042137930363,8155300
2023-04-17,3.213167667388916,3.261023475350997,3.199494625969896,3.233677392512957,5318500
2023-04-18,3.220003604888916,3.2815324400112984,3.192657528388067,3.274695757890613,6863000
2023-04-19,3.1516385078430176,3.199493980154487,3.124292430524762,3.178984585161273,3892200
2023-04-20,3.185821294784546,3.1926579778677366,3.1174560939076015,3.137965817166181,6165600
2023-04-24,3.0149080753326416,3.09694664089939,2.994398678434194,3.09010995793925,11811500
2023-04-25,2.919196128845215,2.9943979942695864,2.905523092039957,2.9943979942695864,6898300
2023-04-26,3.0149080753326416,3.0354177982220754,2.919196795827586,2.919196795827586,7979600
2023-04-27,3.0490903854370117,3.0695997792903227,3.0012345897943904,3.0012345897943904,4606800
2023-04-28,3.1721479892730713,3.199494067336471,3.0422539554764394,3.0490906379877716,10061900
2023-05-02,3.1687827110290527,3.224867307531955,3.1126981145261503,3.1687827110290527,10213800
2023-05-03,3.1337294578552246,3.1828036436016127,3.1126979027428736,3.1617720884892617,6873300
2023-05-04,3.049602508544922,3.287962357043647,2.986507510164492,3.2318777654652493,19265700
2023-05-05,3.203835964202881,3.2178571142617094,3.070634871498717,3.0846560215575454,33812000
2023-05-08,3.351058006286621,3.4001318614084233,3.2458992199975842,3.2879626676550857,23043600
2023-05-09,3.429069995880127,3.489361276441332,3.3009508450053775,3.33109648528598,11327100
2023-05-10,3.4139974117279053,3.474288696456666,3.3763151790902284,3.436606463818989,6964600
2023-05-11,3.2934141159057617,3.3838510329211027,3.270805066334108,3.361241983349449,11074400
2023-05-12,3.3235599994659424,3.3310965894539617,3.255732486395716,3.2708053070073655,5801500
2023-05-15,3.3687777519226074,3.4064599751990143,3.331095888010515,3.3612415228859147,7176000
2023-05-16,3.353705644607544,3.391387875862888,3.3160237727165907,3.353705644607544,7684900
2023-05-17,3.5345795154571533,3.557188564569191,3.3838509641313568,3.391387553411607,10284400
2023-05-18,3.5647244453430176,3.5948700777437135,3.511969408959657,3.5496516291426694,8218100
2023-05-19,3.6928439140319824,3.7606714137039026,3.549651966824543,3.579797602093023,12159300
2023-05-22,3.602407217025757,3.7531354021045162,3.5873343985178807,3.6928441280730127,8267800
2023-05-23,3.5195064544677734,3.587334315872765,3.5044336363071458,3.5797977271102854,7858700
2023-05-24,3.4064600467681885,3.474287906345048,3.3763144112594334,3.474287906345048,8419300
2023-05-25,3.4139974117279053,3.451679285001179,3.3838514099991217,3.4290702329100955,5088700
2023-05-26,3.4516794681549072,3.5119707560828566,3.4215338241909325,3.5119707560828566,9003500
2023-05-29,3.4441428184509277,3.5044340990546794,3.4441428184509277,3.4893612789037416,4461200
2023-05-30,3.3461689949035645,3.466751544835977,3.331096176162013,3.466751544835977,6367300
2023-05-31,3.316023826599121,3.3612422892216607,3.2934144156056533,3.331096647473301,6406600
2023-06-01,3.3687777519226074,3.3989237461623216,3.316023070572815,3.3537049344849077,8694100
2023-06-02,3.5195064544677734,3.5647249089496573,3.481824229384038,3.496897047544666,11128700
2023-06-05,3.5647244453430176,3.5797972615433653,3.4968965927593088,3.5345788129423212,6181300
2023-06-06,3.5948710441589355,3.6325532744721256,3.5496525834017367,3.5647254036541365,7798300
2023-06-07,3.4742887020111084,3.6174806831530417,3.4667521117257625,3.602407861946754,14839500
2023-06-09,3.436605930328369,3.5270428433822967,3.421533111486048,3.5195066136433097,12585300
2023-06-12,3.376314878463745,3.4139971077462037,3.3461692387835273,3.4139971077462037,10513600
2023-06-13,3.3235599994659424,3.429070103111876,3.2934143582426443,3.4215335131238565,11759900
2023-06-14,3.3838508129119873,3.3838508129119873,3.323559538821741,3.3537051758668643,20282600
2023-06-15,3.3838508129119873,3.413996809321451,3.3537051758668643,3.3913874018554386,10265400
2023-06-16,3.3687777519226074,3.4215327926367145,3.3687777519226074,3.3913871577613146,11212800
2023-06-19,3.4139974117279053,3.4290702329100955,3.338632946452551,3.3687785888169315,7482700
2023-06-20,3.353705644607544,3.4139972864889723,3.3386328239782843,3.406460696492147,8449600
2023-06-21,3.300950288772583,3.3612415591742946,3.285877471172155,3.3537049706919215,12196900
2023-06-22,3.255732297897339,3.3235598070405294,3.2406594781583666,3.293414167562585,7112400
2023-06-23,3.278341293334961,3.293414112823411,3.218050015381161,3.2406594242960174,7607500
2023-06-26,3.2934141159057617,3.316023524841779,3.270805066334108,3.285877885836665,6359100
2023-06-27,3.278341293334961,3.3461691607151676,3.2708050632729173,3.323559751800311,7210600
2023-06-28,3.202976942062378,3.3310960772431666,3.195440353233233,3.2858776223613004,11138200
2023-06-29,3.2105138301849365,3.2255866498840238,3.180367831422393,3.2105138301849365,11965900
2023-06-30,3.1502223014831543,3.2331229923908213,3.1502223014831547,3.2255867619616048,12922400
2023-07-03,3.1879043579101562,3.210513766693848,3.1577587191081413,3.1577587191081413,5222600
2023-07-04,3.1728315353393555,3.1954405847360987,3.1652949459642006,3.18036776535015,4111800
2023-07-05,3.1577587127685547,3.1879043515100483,3.1426858933978075,3.1577587127685547,6127400
2023-07-06,3.1050033569335938,3.1652946284291086,3.1050033569335938,3.1577583991743317,7519300
2023-07-07,3.1728315353393555,3.202977174111254,3.1050036684204043,3.112540257795559,6141800
2023-07-10,3.1050033569335938,3.1652946284291086,3.0899305390597154,3.1577583991743317,7123500
2023-07-11,3.1050033569335938,3.1200761748074726,3.0748577211858366,3.1125399455526956,9019500
2023-07-12,3.1050033569335938,3.180367446302987,3.1050033569335938,3.142685581300453,6275800
2023-07-13,3.1728315353393555,3.202977174111254,3.120076487806353,3.127613077181508,6399900
2023-07-14,3.1728315353393555,3.202977174111254,3.1502221265782513,3.1879043547253048,5056800
2023-07-17,3.1879043579101562,3.1879043579101562,3.1426858997071334,3.172831538509149,5064500
2023-07-18,3.127612829208374,3.18790410197197,3.127612829208374,3.1652946950034555,8879300
2023-07-19,3.1050033569335938,3.135148992681351,3.0748577211858366,3.127612763426574,6131900
2023-07-20,3.0748584270477295,3.1426863027328555,3.0748584270477295,3.1276134813988725,5390800
2023-07-21,3.127612829208374,3.127612829208374,3.074857785858061,3.082394374635677,5431800
2023-07-24,3.255732297897339,3.270805117636311,3.097467510955945,3.120076560882219,10184400
2023-07-25,3.3310961723327637,3.421533084678112,3.293413945840029,3.300950534884314,9682500
2023-07-26,3.3612418174743652,3.3687780471715536,3.293413953377938,3.3386324096541076,4973700
2023-07-27,3.2708051204681396,3.391387678484317,3.2708051204681396,3.361242038980273,5498400
2023-07-28,3.233123302459717,3.2858783579811672,3.202977659123006,3.270805536312812,4886100
2023-07-31,3.353705644607544,3.353705644607544,3.2331230795734682,3.255732490199553,8154800
2023-08-01,3.316023826599121,3.3537056991023726,3.2934144156056533,3.3537056991023726,3768600
2023-08-02,3.255732297897339,3.3160235768532282,3.2255866584193944,3.3160235768532282,7021000
2023-08-03,3.233123302459717,3.270805536312812,3.202977659123006,3.255732714644457,7080400
2023-08-04,3.1728315353393555,3.233122812883152,3.1728315353393555,3.210513763486409,7445400
2023-08-07,3.2180495262145996,3.2180495262145996,3.1502216691447127,3.172831074622778,4781100
2023-08-08,3.165294647216797,3.1803674651801406,3.135149011290109,3.1803674651801406,5409600
2023-08-09,3.120076894760132,3.1728319491740122,3.097467842414474,3.1652953588158543,6024100
2023-08-10,3.1125407218933105,3.1426863651600976,3.097467900259917,3.1276135435267043,5284100
2023-08-11,3.120076894760132,3.142686306470197,3.0899312520563167,3.112540663766382,3917800
2023-08-14,3.1050033569335938,3.127612763426574,3.0823943098049384,3.1050033569335938,6289700
2023-08-15,3.0748584270477295,3.1276134813988725,3.0673221960629418,3.105004069715695,4648100
2023-08-16,3.052248954772949,3.097467412553333,3.052248954772949,3.097467412553333,7245500
2023-08-17,3.052248954772949,3.120076461761346,3.052248954772949,3.097467412553333,5299600
2023-08-18,3.0597851276397705,3.0823945357903573,3.0296394896818892,3.052248897832476,5508100
2023-08-21,3.0597851276397705,3.0597851276397705,3.0296394896818892,3.052248897832476,6183500
2023-08-22,3.0974671840667725,3.135149049755287,3.0748577771621983,3.0899305953104705,6253900
2023-08-23,3.1577587127685547,3.1577587127685547,3.089930845918013,3.1276130740270607,7776500
2023-08-24,3.089930772781372,3.165294867851288,3.089930772781372,3.1577586380264724,7717500
2023-08-25,3.0823943614959717,3.112539997749264,3.059784954623837,3.097467179622618,3727700
2023-08-28,3.120076894760132,3.120076894760132,3.074858430704409,3.097467842414474,5944700
2023-08-29,3.1879043579101562,3.218049996712171,3.127613080306126,3.127613080306126,6442300
2023-08-30,3.278341293334961,3.3009507022498172,3.2029771958927107,3.2105137853191175,8035300
2023-08-31,3.225586414337158,3.3084867369462,3.225586414337158,3.3009505073291696,6188300
2023-09-01,3.2858781814575195,3.3084872330632433,3.233123128770171,3.2632687704874,7140400
2023-09-04,3.3235599994659424,3.376315051288909,3.2934143582426443,3.2934143582426443,5775800
2023-09-05,3.26326847076416,3.3310963380802994,3.2557322407092353,3.323559748661012,8290700
2023-09-06,3.233123302459717,3.278341767464782,3.2105142496393917,3.255732714644457,6245300
2023-09-08,3.1728315353393555,3.202977174111254,3.1351493071923024,3.202977174111254,7267800
2023-09-11,3.300950288772583,3.316023106373011,3.187903977087214,3.202976794687642,9374400
2023-09-12,3.240659236907959,3.308486741001741,3.2406592369079594,3.3009505113754734,6962800
2023-09-13,3.233123302459717,3.263268945796427,3.202977659123006,3.233123302459717,5248900
2023-09-14,3.338632583618164,3.3537054031622775,3.2783413054417117,3.316023533984177,8870800
2023-09-15,3.3838508129119873,3.413996809321451,3.323559538821741,3.3461689462877535,10676400
2023-09-18,3.3687777519226074,3.3989237461623216,3.316023070572815,3.3763143403236144,6625300
2023-09-19,3.3612418174743652,3.3687780471715536,3.3160233611981957,3.3537052284128306,6752200
2023-09-20,3.429069995880127,3.481824686688992,3.3537055358142425,3.3537055358142425,9541900
2023-09-21,3.481825113296509,3.5044345259593483,3.4139975940368363,3.4516794693223383,17582700
2023-09-22,3.5270426273345947,3.5496520338953195,3.474287944300113,3.5044335801381954,10446100
2023-09-25,3.481825113296509,3.5044345259593483,3.4516794693223383,3.4968979352835943,6203500
2023-09-26,3.436605930328369,3.481824386855333,3.406460292643727,3.4516787491706906,8225900
2023-09-27,3.46675181388855,3.5270430935339268,3.4290699437923755,3.459215583615064,8036000
2023-09-28,3.5270426273345947,3.5270426273345947,3.474287944300113,3.474287944300113,10169400
2023-09-29,3.6551620960235596,3.6702349153310325,3.519506722256305,3.5345795415637773,10681700
2023-10-02,3.6099438667297363,3.7079173781154458,3.6099438667297363,3.6551623275159755,9268000
2023-10-03,3.5722620487213135,3.6099442834081823,3.5496529954007308,3.5722620487213135,8507000
2023-10-04,3.511970281600952,3.6024075606388433,3.4742884114191734,3.5571887414377104,8219900
2023-10-05,3.5195064544677734,3.5496520907890297,3.4893608181465177,3.496897047544666,7794500
2023-10-06,3.511970281600952,3.5421159214921243,3.451679001818607,3.4893612313647595,7512000
2023-10-09,3.511970281600952,3.534579691201518,3.436606181873021,3.4742884114191734,7485200
2023-10-10,3.5647244453430176,3.60240666552603,3.5195059967419735,3.527042225160005,8015200
2023-10-11,3.6325533390045166,3.6551623901025754,3.564725466981564,3.572261697559454,7194700
2023-10-13,3.640089511871338,3.6928445625377275,3.5797982307465395,3.6099438713089387,9904000
2023-10-16,3.7079172134399414,3.760671902332096,3.677771574254606,3.685307804368757,7588600
2023-10-17,3.7154533863067627,3.745599025027617,3.662698698227447,3.707917156308729,8144400
2023-10-18,3.5948710441589355,3.707917375734124,3.5797982239065362,3.6853079656733336,11775400
2023-10-19,3.602407217025757,3.6551619021211526,3.5647249910738967,3.602407217025757,10799300
2023-10-20,3.542116165161133,3.5948712182819937,3.5195071133696203,3.5647255763170445,8984800
2023-10-23,3.6174800395965576,3.6250162691767898,3.519506539503156,3.534579358027961,8607800
2023-10-24,3.7154533863067627,3.745599025027617,3.6400892895046257,3.662698698227447,12680100
2023-10-25,3.6476259231567383,3.753135659960836,3.6476259231567383,3.7380628404173937,10759900
2023-10-26,3.7154533863067627,3.7229899756691562,3.609943650783771,3.6476258788670197,6949200
2023-10-27,3.7305262088775635,3.7682084369932403,3.692844340126247,3.7305262088775635,11995900
2023-10-30,3.820962905883789,3.8661813571566714,3.768207866383273,3.768207866383273,13835200
2023-10-31,3.903864622116089,3.941546858057686,3.8134276870935775,3.820964278027671,9369600
2023-11-01,4.016910076141357,4.016910076141357,3.918936572000262,3.941545980403728,15009300
2023-11-03,4.243002891540527,4.273148531035023,4.054592465017744,4.054592465017744,14276800
2023-11-06,4.288221836090088,4.363585943355455,4.227930550277795,4.235466781322126,13889700
2023-11-07,4.348512172698975,4.386194397788499,4.212856809232484,4.24300244555837,11213600
2023-11-08,4.446485996246338,4.446485996246338,4.3485124913262565,4.3485124913262565,9993300
2023-11-09,4.438949108123779,4.499240381134767,4.348512198607298,4.454021926376526,9429200
2023-11-10,4.544459342956543,4.544459342956543,4.378657977423294,4.4464858414472905,9230200
2023-11-13,4.657505989074707,4.657505989074707,4.431413674671701,4.536923421393103,9523400
2023-11-14,4.93635368347168,4.989108376803782,4.717797601301669,4.717797601301669,17001800
2023-11-16,5.2453460693359375,5.275491707486713,4.928816509388438,4.936353098608309,17281700
2023-11-17,5.169981956481934,5.275491689652974,5.004180587848803,5.2453460516041055,17955500
2023-11-20,5.365929126739502,5.373465716668378,5.215200921805848,5.215200921805848,10128800
2023-11-21,5.5055928230285645,5.54463935615497,5.2713121347545835,5.318168197933602,14912300
2023-11-22,5.497783184051514,5.5446392463022,5.37283368471635,5.505592713949402,11202600
2023-11-23,5.130744457244873,5.466546463062286,5.08388838938981,5.466546463062286,16087700
2023-11-24,5.0995073318481445,5.169791250930635,5.068269579348328,5.122935180749327,13370300
2023-11-27,5.419690132141113,5.443117978742019,5.0214130161366475,5.091697300697178,15230200
2023-11-28,5.54464054107666,5.54464054107666,5.271313261264657,5.310360175114501,8994800
2023-11-29,5.466546058654785,5.614923782075168,5.450927370525213,5.529020811173074,10201900
2023-11-30,5.591495037078857,5.614923253256173,5.427498640974244,5.536829819963229,9904900
2023-12-01,5.54464054107666,5.716446515161213,5.529021850012517,5.591496614269093,8451800
2023-12-04,5.396262168884277,5.583686812467907,5.3650247903501596,5.505593366132613,12737000
2023-12-05,5.388452529907227,5.45092728140407,5.271312184661199,5.396261687654886,9313300
2023-12-06,5.365024089813232,5.544639179120666,5.34940540258558,5.450927055754756,9050900
2023-12-07,5.419690132141113,5.521211793755457,5.404071443614208,5.443117978742019,6730000
2023-12-08,5.575876712799072,5.583686242825343,5.427498993709912,5.482164586757145,6119100
2023-12-11,5.48216438293457,5.529020444213462,5.333786669361976,5.372833573283823,7140300
2023-12-12,5.536830425262451,5.544639583256029,5.47435567179821,5.505593048530331,3434100
2023-12-13,5.700826644897461,5.700826644897461,5.489974172956261,5.51340201851701,11450400
2023-12-14,5.583686351776123,5.755491919538651,5.544639445640646,5.708635855603416,8174500
2023-12-15,5.591495037078857,5.669588842750665,5.513401603785914,5.575876350420269,6326400
2023-12-18,5.599305152893066,5.661779906069066,5.5680677763050666,5.591495622556615,4611800
2023-12-19,5.7789201736450195,5.7867293314933566,5.599305074586495,5.607114232434832,5701200
2023-12-20,5.661779880523682,5.833585450982512,5.622732973775407,5.794538916613138,6489300
2023-12-21,5.794539451599121,5.810158141264661,5.677399092918109,5.724255161914727,4446300
2023-12-22,5.794539451599121,5.896061120614594,5.677399092918109,5.786729920576884,5260600
2023-12-26,5.958535671234131,6.013200896965412,5.80234840765309,5.817967096773302,6301000
2023-12-27,6.11472225189209,6.216243912207019,5.950725838269176,5.958535368622126,8052400
2023-12-28,6.11472225189209,6.208434381854069,6.021010121930112,6.091294405591047,5803100
2024-01-02,6.22465705871582,6.27988228938967,6.114206973559228,6.153653620639279,7861400
2024-01-03,6.3035502433776855,6.350886372352903,6.15365388099028,6.21676821803574,6495600
2024-01-04,6.200989723205566,6.28777174979909,6.011646333147339,6.28777174979909,9880300
2024-01-05,6.200989723205566,6.240435996332315,6.074760671103038,6.153653969738792,5359000
2024-01-08,6.114207744598389,6.216768738987207,6.051093402264087,6.14576491576554,6873500
2024-01-09,5.940642833709717,6.090539196812293,5.901196184772539,6.066871508402886,5697400
2024-01-10,5.814413547515869,5.861749298610128,5.632959646892322,5.861749298610128,12212000
2024-01-11,5.68818473815918,5.814413404642136,5.593513238296962,5.798634821331767,8973000
2024-01-12,5.656628131866455,5.6960744059542545,5.514620491815193,5.648738651334213,11809400
2024-01-15,5.4751739501953125,5.538288286604761,5.372612965434399,5.522509702502399,9595800
2024-01-16,5.372612953186035,5.459395353646742,5.348945265182008,5.443616769580351,8415700
2024-01-17,5.270052433013916,5.356834841121196,5.246384742924482,5.348945736488435,6304300
2024-01-18,5.270052433013916,5.333167151031762,5.238495262100569,5.317388189383937,4174400
2024-01-19,5.254273891448975,5.325277714692714,5.206938134683534,5.317388233802896,4201400
2024-01-22,5.120155334472656,5.246384385722854,5.096487645994643,5.230605801340469,7356700
2024-01-23,5.183270454406738,5.270052487215404,5.159602387882731,5.159602387882731,6282700
2024-01-24,5.3094987869262695,5.419948878927523,5.254273552830077,5.254273552830077,7325400
2024-01-25,5.254273891448975,5.380502952347972,5.167491858807909,5.333167195582531,5859200
2024-01-26,5.380502223968506,5.41205939087345,5.254273180157624,5.254273180157624,4822300
2024-01-29,5.388391017913818,5.412059079827811,5.285830043271653,5.388391017913818,5945600
2024-01-30,5.44361686706543,5.467284555493301,5.270052063035793,5.380502529669608,7715700
2024-01-31,5.364724159240723,5.546178074584806,5.364724159240723,5.419949018568613,6458000
2024-02-01,5.380502223968506,5.404169911051663,5.277941243431884,5.3489450570635615,4747500
2024-02-02,5.230605602264404,5.396280920069421,5.230605602264404,5.348945168723861,5674100
2024-02-05,5.096487522125244,5.21482709021246,5.0175946021308055,5.206937610117459,7004200
2024-02-06,5.1517133712768555,5.254273991458534,5.096488132570443,5.096488132570443,7918000
2024-02-07,5.159602165222168,5.254273674850377,5.104376929843477,5.151713060848721,13948500
2024-02-08,5.19904899597168,5.32527767985371,5.15960234416297,5.191159515133477,5756400
2024-02-09,5.104376792907715,5.270052118408056,5.104376792907715,5.199048676187288,3250300
2024-02-14,4.946590900421143,5.112266224335961,4.938701796334835,5.112266224335961,5150000
2024-02-15,5.04915189743042,5.128044819413948,4.954480391050187,4.954480391050187,6543800
2024-02-16,5.135933876037598,5.262162540798466,5.05704058437096,5.088597750561178,6091000
2024-02-19,4.993926525115967,5.128044676855062,4.993926525115967,5.128044676855062,3546700
2024-02-20,4.875587463378906,4.954480767548783,4.804584016293633,4.946591286655334,11787900
2024-02-21,4.954480171203613,4.9623692749563375,4.812472541743483,4.851919189080432,7868600
2024-02-22,4.907144546508789,5.033373605200645,4.891365961196201,4.970259263950291,4969700
2024-02-23,4.851919174194336,4.970258739650999,4.851919174194336,4.930812092435075,4296200
2024-02-26,4.875587463378906,4.891366048974651,4.780915949804439,4.836141187485122,7280300
2024-02-27,4.962369441986084,5.017594674878433,4.915033689303123,4.915033689303123,4864300
2024-02-28,4.836141109466553,4.962369792196137,4.82825162870038,4.9308126215137404,3923800
2024-02-29,4.78880500793457,4.875587032954333,4.765136943534831,4.828251280345975,5307400
2024-03-01,4.749358654022217,4.804583890254167,4.7256905881539115,4.788805305072345,4174800
2024-03-04,4.796693801879883,4.844029551428436,4.733579469148479,4.7493580523313295,5485200
2024-03-05,4.733580112457275,4.796694453766122,4.725690631698096,4.788805349198091,5539400
2024-03-06,4.709911823272705,4.828251395716881,4.686244134498549,4.780915641977437,6962400
2024-03-07,4.773026943206787,5.009705732007643,4.741469771366673,4.85980897767152,16520800
2024-03-08,4.694133281707764,4.780915685787544,4.670465592716727,4.7335799316143365,5263700
2024-03-11,4.5600152015686035,4.631018640091522,4.504789970547569,4.631018640091522,6965800
2024-03-12,4.63101863861084,4.678354389674688,4.583682887546993,4.591572367486521,6313400
2024-03-13,4.591572284698486,4.670465201715759,4.5836828049012075,4.591572284698486,7023400
2024-03-14,4.473232746124268,4.5915723104083535,4.441675579140659,4.575793726916549,5336900
2024-03-15,4.291779041290283,4.465343467522149,4.291779041290283,4.441675779313364,23978000
2024-03-18,4.410118579864502,4.4969006042740105,4.34700424349718,4.354893347447535,9939000
2024-03-19,4.481122016906738,4.567904417443933,4.481122016906738,4.489011497042446,8631000
2024-03-20,4.449565410614014,4.536347822109637,4.441676305673229,4.504790649964169,7300700
2024-03-21,4.449565410614014,4.560015889314323,4.449565410614014,4.496901168832218,7978300
2024-03-22,4.323336124420166,4.465343379445207,4.323336124420166,4.449564795553536,7480600
2024-03-25,4.236554145812988,4.362783205678059,4.212886455719705,4.331225658568427,7717800
2024-03-26,4.141882419586182,4.212886238588821,4.133992939167607,4.212886238588821,6524800
2024-03-27,4.189218044281006,4.204996628440231,4.078767955166431,4.133992811628159,8595400
2024-03-28,4.181329250335693,4.276000762310781,4.110325428258803,4.18921835490471,14167000
2024-04-01,4.189218044281006,4.276000445252304,4.189218044281006,4.220775212599456,9838900
2024-04-02,4.165550708770752,4.244443636245526,4.078768300452925,4.204996984412563,10009900
2024-04-03,4.102436065673828,4.14977219921609,4.047211203526454,4.126104132444959,8160700
2024-04-04,4.1182146072387695,4.197107911501327,4.086657436010208,4.094546916912926,8328100
2024-04-05,4.023542881011963,4.126103870182645,4.015653776717137,4.118214389696684,9949500
2024-04-08,4.212886333465576,4.244443503468295,4.078768172858449,4.102435862264918,12286000
2024-04-09,4.2838897705078125,4.323336421038934,4.157661090714049,4.299668355482033,14914900
2024-04-10,4.023542881011963,4.252332548428938,4.023542881011963,4.252332548428938,20479400
2024-04-11,4.0077643394470215,4.0708786792507325,3.9998752350671274,4.039321509348877,8202600
2024-04-12,3.9998745918273926,4.094546086308365,3.968317427000402,4.047210339067878,8935700
2024-04-15,3.991986036300659,4.047211275622967,3.936760796978351,4.01565410349341,10306900
2024-04-16,3.8894245624542236,3.9209817307190393,3.865756874351171,3.9209817307190393,10924200
2024-04-17,4.102436065673828,4.118214651457529,3.9919859651879217,4.007764550971623,16995700
2024-04-18,4.141882419586182,4.173439588878214,4.070878600583542,4.1497719000047555,16186600
2024-04-19,4.181329250335693,4.181329250335693,4.0945468429296215,4.110325428258803,10260100
2024-04-22,4.102436065673828,4.165550784999791,4.070878894106427,4.165550784999791,9536200
2024-04-23,3.9840962886810303,4.0629892062785435,3.9604282253062237,4.023542559384235,9075800
2024-04-24,3.9840962886810303,4.031432039239538,3.9762068088257263,4.031432039239538,8935200
2024-04-25,3.905203342437744,3.984096643247508,3.905203342437744,3.984096643247508,7495000
2024-04-26,3.9288711547851562,3.968317802648525,3.905203090828912,3.9446497386922807,5143000
2024-04-29,3.944650173187256,3.9762073444774613,3.889424935333818,3.920982106624024,7962900
2024-04-30,3.8973135948181152,3.960427924095967,3.865756430179189,3.944649341776504,9109300
2024-05-02,4.039321422576904,4.078768072202408,3.9367604345035017,3.9367604345035017,9645800
2024-05-03,4.086658000946045,4.118215176537041,4.031433131757406,4.086658000946045,8017100
2024-05-06,4.031432628631592,4.173439901068459,4.031432628631592,4.094546971936866,7448800
2024-05-07,4.047211170196533,4.118214617542875,4.007764517966556,4.0629897558502925,9343700
2024-05-08,4.039321422576904,4.055100007188879,3.9683179799185826,4.0077642533529545,8624500
2024-05-09,4.0077643394470215,4.039321509348877,3.9683180651652723,4.015653820018055,9375700
2024-05-10,3.9998745918273926,4.1734389983758415,3.9525388445869067,4.1182137718330685,15698800
2024-05-13,4.339115142822266,4.362783209125403,4.062989708971807,4.062989708971807,23189800
2024-05-14,4.228664875030518,4.3943402039385635,4.165550535673383,4.362783034259997,22602000
2024-05-15,4.217930316925049,4.242453339833318,4.087141900828218,4.226104787821214,12258100
2024-05-16,4.2424540519714355,4.307848270996921,4.193408387702322,4.258802606727807,11541200
2024-05-17,4.291500091552734,4.348720233094355,4.275151535366604,4.291500091552734,9756800
2024-05-20,4.397765159606934,4.4549849017134,4.258802260582214,4.299673839041341,11080700
2024-05-21,4.504030704498291,4.561250443463306,4.4222875520678615,4.4222875520678615,10831800
2024-05-22,4.43046236038208,4.553076708578463,4.414113806607913,4.536728154804297,8847100
2024-05-23,4.324196815490723,4.430462616045083,4.275151151338008,4.414114061327512,7654000
2024-05-24,4.324196815490723,4.381416951892368,4.29149970605558,4.316022733022082,4529700
2024-05-27,4.365067958831787,4.365067958831787,4.266976250596501,4.31602229960427,2937500
2024-05-28,4.193408012390137,4.405939205201313,4.177059459096969,4.389590651908146,9366700
2024-05-29,4.144361972808838,4.185233157407056,4.070793294839736,4.168884605611725,14049800
2024-05-31,4.0380964279174805,4.136187744438494,4.021747875163978,4.119839191684991,11183800
2024-06-03,3.9481797218322754,4.038096968913136,3.8909599744192427,4.0217484139693696,15225600
2024-06-04,3.841913938522339,3.9400056584430536,3.8337398559007863,3.8991340759943975,13082800
2024-06-05,3.8173909187316895,3.8582621073085757,3.768345258571271,3.8255650005349633,14727400
2024-06-06,4.005399227142334,4.029921860799196,3.8092162089862636,3.850087784788013,11352900
2024-06-07,3.980876922607422,4.021748505790126,3.93183125665636,3.9645283672904013,12529900
2024-06-10,3.997225284576416,4.062619502681343,3.9154825119452563,3.989051202203443,8076900
2024-06-11,4.04626989364624,4.04626989364624,3.8746099209674125,3.9236559615443785,14935400
2024-06-12,3.9481797218322754,4.11166566105023,3.9236570843067744,4.078968161382402,7635800
2024-06-13,4.078968048095703,4.078968048095703,3.9318310576883,3.964528166667723,5950600
2024-06-14,3.98905086517334,4.087142184043114,3.9727023120283773,4.087142184043114,4757200
2024-06-17,3.9727025032043457,4.005399611067734,3.9236568414092643,3.940005395340958,4200500
2024-06-18,4.128014087677002,4.152536724440231,3.9645281535409156,3.9727026256488474,9469700
2024-06-19,4.144361972808838,4.168884605611725,4.013573168665966,4.111664869218175,7862600
2024-06-20,4.209756374359131,4.283324665944739,4.136187692993284,4.1688847980936075,10763500
2024-06-21,4.2424540519714355,4.250628134459475,4.1525368059212475,4.17705983294595,16597800
2024-06-24,4.234279632568359,4.234279632568359,4.11983974784497,4.20158252264739,9309300
2024-06-25,4.16071081161499,4.2342791048787,4.144362258691916,4.2342791048787,7017200
2024-06-26,4.226104736328125,4.226104736328125,4.1443619772636024,4.2097561845152205,12623700
2024-06-27,4.209756374359131,4.258802032009616,4.1688847980936075,4.234279008294254,10216500
2024-06-28,4.2424540519714355,4.266976689215847,4.2015824701903615,4.209756942458693,10690800
2024-07-01,4.454984664916992,4.495856241203667,4.299673610500203,4.324196244448016,15961700
2024-07-02,4.43046236038208,4.512205129252913,4.348719591511247,4.471333549927363,13354400
2024-07-03,4.5285539627075195,4.610296736626731,4.487682380857768,4.487682380857768,14759900
2024-07-04,4.438636302947998,4.5694251188131245,4.438636302947998,4.553076565552516,6552000
2024-07-05,4.438636302947998,4.471333409469215,4.381416561425994,4.405939196426781,6465500
2024-07-08,4.316022872924805,4.405939731895934,4.258802734668384,4.3977656491623325,9787800
2024-07-09,4.30784797668457,4.3241965303240075,4.275150869405695,4.316022448394421,5370400
2024-07-10,4.316022872924805,4.373242621400923,4.258802734668384,4.324196955658406,8413100
2024-07-11,4.365067958831787,4.381416511907626,4.291499275100386,4.324196381252063,6611600
2024-07-12,4.479508399963379,4.495856955118051,4.348719958726004,4.373242596567862,6638800
2024-07-15,4.5285539627075195,4.5285539627075195,4.422288161722399,4.479508298355992,5790600
2024-07-16,4.43046236038208,4.52037960103013,4.4059393348306966,4.512205129252913,7678700
2024-07-17,4.40593957901001,4.454985243050643,4.397765496560049,4.4304626059204715,4537400
2024-07-18,4.25880241394043,4.414113871985468,4.25062794204214,4.4059394000871785,6310000
2024-07-19,4.1852335929870605,4.291499385606484,4.168885039490246,4.291499385606484,9599900
2024-07-22,4.25880241394043,4.25880241394043,4.177059643858903,4.185233725976919,6800000
2024-07-23,4.04626989364624,4.209755786082364,4.021747263137942,4.201581316059475,14815700
2024-07-24,4.103490829467773,4.136187936492994,4.021748061904723,4.038096615417333,7726200
2024-07-25,4.103490829467773,4.1525364900056045,4.029922143770897,4.070793722442553,6438800
2024-07-26,4.087142467498779,4.152536684613915,4.087142467498779,4.136188130335131,7563900
2024-07-29,4.103490829467773,4.119839382980384,4.062619250796117,4.0953167476016,4785100
2024-07-30,4.062619209289551,4.087142234198052,4.013573549252805,4.062619209289551,5282100
2024-07-31,4.1852335929870605,4.226105171619227,4.054445165012546,4.0789678003676375,11867700
2024-08-01,4.054445266723633,4.258802385450508,4.046270794880027,4.2015822518860855,11315900
2024-08-02,3.9727025032043457,4.128013960445574,3.972702503204346,4.070793826794509,9606700
2024-08-05,3.9645280838012695,3.989051109913399,3.866436758913303,3.9154824213572863,8385900
2024-08-06,3.9563536643981934,4.005399322661777,3.9073080061346093,3.972702217152721,5792800
2024-08-07,3.940005302429199,4.021748070160041,3.9400053024291997,3.9890509630677045,6534900
2024-08-08,3.940005302429199,3.972702409521536,3.915482277219816,3.923656748883031,5957600
2024-08-09,4.01357364654541,4.01357364654541,3.931830877835983,3.948179431577868,4733000
2024-08-12,4.029921531677246,4.070793104141032,4.013572980647772,4.029921531677246,7479000
2024-08-13,4.283324718475342,4.389590506244753,4.1770593204861735,4.201581954722042,22598200
2024-08-14,4.087142467498779,4.2506280102866185,4.087142467498779,4.242453928037366,16667600
2024-08-15,4.1852335929870605,4.217930699980689,4.046270693374009,4.0789678003676375,13477700
2024-08-16,4.103490829467773,4.19340806867726,4.103490829467773,4.185233597030825,9050300
2024-08-19,4.30784797668457,4.332371002033859,4.1361879685803435,4.144362440290195,13727400
2024-08-20,4.299673080444336,4.3650672826171455,4.242452958653032,4.307847160825841,10225800
2024-08-21,4.463159084320068,4.536727764870694,4.348719217737056,4.438636060876449,17479500
2024-08-22,4.414113998413086,4.504031242968282,4.39776544392853,4.4958567708358625,8680500
2024-08-23,4.536727428436279,4.58577308190616,4.381415997558223,4.414113099871476,8148800
2024-08-26,4.553076267242432,4.692038765962884,4.5449017962575775,4.602121923810867,16861900
2024-08-27,4.651167869567871,4.724736553884808,4.569425103538083,4.6184707631559565,12477000
2024-08-28,4.544902324676514,4.6429936492181,4.471333636380186,4.634819567063105,16083900
2024-08-29,4.618471145629883,4.626645228019663,4.528553900660585,4.528553900660585,12610000
2024-08-30,4.642993450164795,4.765607795475223,4.577599236607303,4.577599236607303,16393500
2024-09-02,4.667516708374023,4.692039344793346,4.536728274723563,4.55307682892987,9141200
2024-09-03,4.569425582885742,4.64299388513998,4.553077027964768,4.63481980256964,10663800
2024-09-04,4.6920390129089355,4.7410850618389375,4.577599141559516,4.593947694609433,11746000
2024-09-05,4.847350120544434,4.871873143283138,4.593947371218862,4.642993026916048,16172600
2024-09-06,5.051707744598389,5.076230769911993,4.814653522281361,4.871873654826261,23120400
2024-09-09,4.8310017585754395,5.035358860238092,4.798304653491834,5.0190103076962895,20393200
2024-09-10,4.855525016784668,4.9045706767788255,4.765607778571917,4.822827910121896,14603900
2024-09-11,4.994487762451172,5.03535894964123,4.871873421320506,4.871873421320506,17737400
2024-09-12,5.157973289489746,5.207018947973771,5.043533419693687,5.068056054045576,23195300
2024-09-13,5.427724838256836,5.427724838256836,5.1497994282901844,5.166147981817634,20756300
2024-09-16,5.803741931915283,5.803741931915283,5.345982045515965,5.435899284384838,14959700
2024-09-17,5.640256404876709,5.942704839004902,5.574862190987399,5.721999172238347,20723000
2024-09-18,5.174322128295898,5.558513725658242,5.174322128295898,5.509467674683259,16474400
2024-09-19,5.239716529846191,5.41137654503188,5.223367975532329,5.2478910018932625,17124300
2024-09-20,5.182496070861816,5.247890279110635,5.100752920770566,5.23154172704843,11495700
2024-09-23,5.174322128295898,5.313285029904395,4.912745268590745,5.108927913369611,11193600
2024-09-24,5.386853218078613,5.50129308360917,5.329633090423219,5.378678747079173,15532200
2024-09-25,5.517641544342041,5.599384304079952,5.427724313740226,5.427724313740226,14421700
2024-09-26,5.88548469543457,5.88548469543457,5.6239078403896405,5.656604947270257,24346000
2024-09-27,5.648430347442627,5.959053245537714,5.648430347442627,5.926356139399309,11620700
2024-09-30,5.640256404876709,5.869136153489297,5.5585136375150705,5.844613518170936,9993900
2024-10-01,5.820090293884277,5.910007529794863,5.681127399235257,5.74652200066675,14758600
2024-10-02,5.999925136566162,6.0489707983361525,5.885484869322581,5.885484869322581,13376300
2024-10-03,5.88548469543457,6.040796148007628,5.836439035113647,5.991750487686703,13497500
2024-10-04,5.613046646118164,5.834381287720144,5.586486303374503,5.834381287720144,11918900
2024-10-07,5.559926509857178,5.666167038935143,5.524512578002187,5.639606695584484,8774900
2024-10-08,5.356298923492432,5.400565602051441,5.32088541178028,5.356298923492432,11401000
2024-10-09,5.2234978675842285,5.320885232594209,5.2146442788731635,5.312031643883145,9106300
2024-10-10,5.205790996551514,5.303177937233336,5.179230653171349,5.26776442750134,5534900
2024-10-11,5.258911609649658,5.258911609649658,5.143817484312388,5.188084585492065,5598700
2024-10-14,5.29432487487793,5.29432487487793,5.188084343595057,5.258911364450306,5313300
2024-10-15,5.267764568328857,5.303178079007592,5.223497891061612,5.285471323668225,4341000
2024-10-16,5.2323503494262695,5.409418301015292,5.2323503494262695,5.312030948749444,9568600
2024-10-17,5.258911609649658,5.285471532627573,5.117257561334472,5.179230996391184,8813700
2024-10-18,5.250057697296143,5.382858570496095,5.2146441873978,5.312031550699411,6843200
2024-10-21,5.312032222747803,5.347445737126463,5.25005836150395,5.276618708369142,6040800
2024-10-22,5.276618480682373,5.285471647813827,5.205791454981247,5.250058134963264,4998900
2024-10-23,5.179230690002441,5.241204543555318,5.179230690002441,5.205791033571486,4519500
2024-10-24,5.170377254486084,5.205790762626757,5.117256992275074,5.179230420440093,4724200
2024-10-25,5.267764568328857,5.294324912419082,5.188084380382877,5.188084380382877,6927000
2024-10-28,5.365151882171631,5.4005653925097405,5.303178027998769,5.3562987156682755,5755300
2024-10-29,5.32088565826416,5.400565852226414,5.285471722749139,5.356299171616802,7276400
2024-10-30,5.3740057945251465,5.409419306996287,5.320885525818436,5.320885525818436,5903000
2024-10-31,5.497953414916992,5.506806582479736,5.338592599326063,5.356299356613944,7697400
2024-11-01,5.471392631530762,5.551073244052462,5.3474453404010625,5.533366488176791,11157200
2024-11-04,5.577632904052734,5.630753165156951,5.4359784522791825,5.559926150351329,9173800
2024-11-05,5.497953414916992,5.6130475483694156,5.497953414916992,5.595340791081535,4359300
2024-11-06,5.4625396728515625,5.5068063531465645,5.276618517990376,5.374005890099182,11368600
2024-11-07,5.480246067047119,5.577633432716654,5.444832556287715,5.506805989035498,9985400
2024-11-08,5.179230690002441,5.37400541707586,5.170377523587653,5.356298662083944,13064900
2024-11-11,5.10840368270874,5.143817192780434,5.046429829002106,5.143817192780434,9266100
2024-11-12,4.913629055023193,5.126110101516452,4.904775467004818,5.1172569356603885,10128300
2024-11-13,4.630321025848389,4.949043049068433,4.612614270234072,4.825095337605866,15301900
2024-11-14,4.674588203430176,4.798535494784378,4.603760757636842,4.603760757636842,9467200
2024-11-18,4.674588203430176,4.75426839393384,4.630321102579638,4.736561638026096,8254600
2024-11-19,4.630321025848389,4.710001637193988,4.621467436960054,4.701148048305654,6860400
2024-11-21,4.524080276489258,4.621467216644162,4.515226688022993,4.612614050340231,6186800
2024-11-22,4.594907283782959,4.594907283782959,4.515226676440316,4.541787019608641,5502300
2024-11-25,4.621467113494873,4.63917386786986,4.577200438638568,4.5949071930135545,5009600
2024-11-26,4.577200412750244,4.65688101806818,4.5240801499257275,4.630320675574761,6705300
2024-11-27,4.603760242462158,4.648027338359075,4.550639980683246,4.612613830506467,14436600
2024-11-28,4.541787147521973,4.7011479445331075,4.515226803605611,4.603760579722908,8341500
2024-11-29,4.674588203430176,4.692294959337919,4.515226978098126,4.515226978098126,8429800
2024-12-02,4.6480278968811035,4.665734652935108,4.5683472835569,4.6480278968811035,7269000
2024-12-03,4.586053848266602,4.683441213581509,4.5772006816901625,4.674588047005071,7157900
2024-12-04,4.612614154815674,4.656881253824975,4.586053810977624,4.586053810977624,6530000
2024-12-05,4.692294597625732,4.727708106711318,4.594907236559207,4.612613991102,5532100
2024-12-06,4.63917350769043,4.68344060127222,4.612613589271189,4.674587435853237,4830900
2024-12-09,4.949043273925781,4.966750030344595,4.7542685311564545,4.789682043994082,12261800
2024-12-10,5.064136505126953,5.0906968483480215,4.940189221807411,4.96674956502848,8194700
2024-12-11,5.064136505126953,5.16152386738776,4.97560273132728,5.037576584068218,9535100
2024-12-12,4.9578962326049805,5.099550700162166,4.9136295545002735,5.037576844220751,8300000
2024-12-13,4.878215789794922,4.9667495635685714,4.86936220133639,4.931336054059112,5580700
2024-12-16,4.966750144958496,5.072990685923012,4.869362771326498,4.913629874476238,6998300
2024-12-17,5.099550724029541,5.143817402341429,4.957896255809372,4.98445660052639,9613800
2024-12-18,4.7365617752075195,5.072990569360732,4.67458833881671,5.0110167108075485,12373400
2024-12-19,4.6480278968811035,4.833949046529337,4.577200872665085,4.745415266259313,9465800
2024-12-20,4.577200412750244,4.67458777234302,4.5594936584754056,4.630320675574761,8276000
2024-12-23,4.577200412750244,4.630320675574761,4.515226561707147,4.577200412750244,5892100
2024-12-26,4.586053848266602,4.665734458266285,4.532933582320928,4.603760603581826,5839100
2024-12-27,4.435546875,4.62146760461382,4.435546875,4.55949416879667,8599400
2024-12-30,4.559493541717529,4.630320557003172,4.453253018789065,4.453253018789065,6741600
2025-01-02,4.462106227874756,4.603760259819251,4.4266927198886314,4.603760259819251,10663200
2025-01-03,4.320452690124512,4.479813494290528,4.320452690124512,4.45325357134404,25308500
2025-01-06,4.435546875,4.444400042047149,4.338159504507146,4.382426184067629,10352600
2025-01-07,4.265082359313965,4.541688055820905,4.229390903679245,4.505997025656825,12436900
2025-01-08,4.140163421630859,4.300773486461661,4.104472390661937,4.274005000499644,8859400
2025-01-09,4.202622890472412,4.21154543537722,4.131240829351371,4.149086344631631,5593200
2025-01-10,4.327541351318359,4.354309836070256,4.1580087491446935,4.229390807855578,9590100
2025-01-13,4.416769027709961,4.505997028650074,4.345386967334384,4.398923512616067,10042100
2025-01-14,4.3186187744140625,4.479228405312286,4.3186187744140625,4.443537376223792,7544700
2025-01-15,4.523842811584473,4.532765356924371,4.327541708458709,4.327541708458709,7511700
2025-01-16,4.345386981964111,4.55061061897015,4.309695951656161,4.505997043820533,6754400
2025-01-17,4.568456649780273,4.595225138268002,4.39000147809772,4.39000147809772,11027000
2025-01-20,4.613070487976074,4.613070487976074,4.47922890133743,4.5506109674191935,6989700
2025-01-21,4.693375110626221,4.693375110626221,4.541688020861175,4.5773790507505225,6174900
2025-01-22,4.630916118621826,4.746912191598662,4.577379567741136,4.684452669502516,7979900
2025-01-23,4.657684326171875,4.66660729766482,4.604147773626302,4.630916262634438,4768400
2025-01-24,4.595224857330322,4.720143469870976,4.586301886556372,4.684452437716503,4373700
2025-01-27,4.7826032638549805,4.7826032638549805,4.568456633145004,4.586302150248279,5639200
2025-01-28,4.693375110626221,4.75583420019726,4.684452140418565,4.737988685252586,3537900
2025-01-29,4.657684326171875,4.737989367725585,4.657684326171875,4.711221304188147,4673300
2025-01-30,4.961058139801025,5.041363174724511,4.67552945766137,4.67552945766137,9407800
2025-01-31,4.871830463409424,5.0145945889253865,4.818293916340938,4.952135496747481,6693100
2025-02-03,4.76475715637207,4.916444245690378,4.746911641479954,4.818293701048419,4976300
2025-02-04,4.702297687530518,4.782602718066215,4.666606657397016,4.764757202999465,4263300
2025-02-05,4.684452533721924,4.729066537564687,4.648761500835982,4.684452533721924,3917900
2025-02-06,4.871830463409424,4.89859852420834,4.720143367313386,4.720143367313386,5961500
2025-02-07,4.76475715637207,4.978903335077467,4.737988671298577,4.871830245724769,6371000
2025-02-10,4.818294525146484,4.827217071383294,4.75583499960598,4.764757971313498,4290900
2025-02-11,4.746912002563477,4.791525580452072,4.675529512094521,4.737989031703357,6695600
2025-02-12,4.470306396484375,4.720143630043623,4.461383425407634,4.71122108443756,13149000
2025-02-13,4.613070487976074,4.613070487976074,4.43461489730099,4.461383384816989,6079500
2025-02-14,4.889676094055176,4.90752161016422,4.648761413847759,4.675529475275991,10630100
2025-02-17,4.92536735534668,5.023517911246625,4.880753350263791,4.880753350263791,6400900
2025-02-18,4.818294525146484,4.97890418664544,4.809371553438965,4.952136122464302,4601100
2025-02-19,4.791525840759277,4.871830880980383,4.737989289102104,4.755834806321162,3269800
2025-02-20,4.7826032638549805,4.925367400681171,4.773680292567999,4.853985332268076,5857400
2025-02-21,4.800447940826416,4.836138968786637,4.720142915180612,4.809370485081164,4542700
2025-02-24,4.711221218109131,4.845062384292295,4.693375700919996,4.800448804054804,3163000
2025-02-25,4.773679733276367,4.800448218530386,4.684452158214038,4.711220643468056,5162300
2025-02-26,4.7826032638549805,4.845062360981094,4.746912229648433,4.7826032638549805,4626500
2025-02-27,4.746912002563477,4.818294067561764,4.720143515453785,4.7558345479529285,4764400
2025-02-28,4.5506110191345215,4.729066611837661,4.541688473508239,4.729066611837661,6362200
2025-03-05,4.720143795013428,4.746912283708536,4.550611167866263,4.604147719785784,6698300
2025-03-06,4.889676094055176,4.961058158491349,4.729066449073787,4.729066449073787,10224100
2025-03-07,4.898598670959473,4.952135645102462,4.702297992494292,4.809371089838936,6848200
2025-03-10,4.85398530960083,4.934290348925897,4.755834753255825,4.862907855375456,7884800
2025-03-11,4.702297687530518,4.880752838198024,4.621992656994819,4.871830293399968,7329800
2025-03-12,4.711221218109131,4.711221218109131,4.604147689503632,4.666607212400949,6439800
2025-03-13,5.139513969421387,5.291200650234906,4.978903891957791,5.005672380025285,24666300
2025-03-14,5.487501621246338,5.5231926541104865,5.157359354517622,5.184127416430398,11473800
2025-03-17,5.612420082092285,5.612420082092285,5.451810438615715,5.487501470499398,7366300
2025-03-18,5.5767292976379395,5.612420331105168,5.442887709400493,5.594574814371554,6469400
2025-03-19,5.710570812225342,5.746261845232258,5.5053471597002375,5.5053471597002375,8192500
2025-03-20,5.719493389129639,5.773029938933815,5.62134326055732,5.657034293760105,6560300
2025-03-21,5.692724704742432,5.808720762708335,5.567805676715784,5.7730293079359845,14511100
2025-03-24,5.692724704742432,5.737338278634265,5.6570336754407125,5.683801734681686,6533700
2025-03-25,5.648111343383789,5.710570864452465,5.621343281119127,5.710570864452465,5096000
2025-03-26,5.710570812225342,5.710570812225342,5.603497713204594,5.66595680823136,5131300
2025-03-27,5.630265712738037,5.710570748847686,5.585652134709864,5.701647777959649,5375000
2025-03-28,5.621342658996582,5.621342658996582,5.487501086073686,5.576728659532073,5193300
2025-03-31,5.523192882537842,5.585652405368631,5.487501848197589,5.53211542838756,7334900
2025-04-01,5.451810359954834,5.585651940322853,5.3804282972173985,5.532114967799122,7064700
2025-04-02,5.317968845367432,5.460732972608223,5.246586781747035,5.451810427391004,8452400
2025-04-03,5.210895538330078,5.300123114232173,5.184127052824128,5.237663598365385,6898500
2025-04-04,5.041363716125488,5.059209234083762,4.925367636661354,5.041363716125488,8461500
2025-04-07,5.059208393096924,5.1662814830479205,4.853984757955528,4.907521302931027,8738400
2025-04-08,4.845061779022217,5.15735892902434,4.800448204358084,5.112744928889568,8753700
2025-04-09,5.121667861938477,5.210895868972929,4.800448568308861,4.800448568308861,13203000
2025-04-10,5.085977077484131,5.139514054505416,4.96998142852652,5.139514054505416,7746900
2025-04-11,5.184127330780029,5.2555093953289775,5.0770542339566065,5.094899750093844,5390700
2025-04-14,5.425042152404785,5.460733185607132,5.237664015357128,5.237664015357128,6847500
2025-04-15,5.309045791625977,5.460732887181688,5.219818213496339,5.3982737952262685,5347000
2025-04-16,5.103822231292725,5.282277815893297,5.068131199466743,5.273354845201471,9797300
2025-04-17,5.041363716125488,5.112745787958583,5.014595226452723,5.085977298285818,6838700
2025-04-22,5.121667861938477,5.13059083283019,4.880753178980929,5.041363251266408,11443500
2025-04-23,5.416119575500488,5.4875016414921465,5.237663985050669,5.264432472532878,10333500
2025-04-24,5.657033920288086,5.701647496110882,5.451810280185408,5.460732825161708,8072400
2025-04-25,5.5142693519592285,5.648110929896286,5.4696557762939735,5.603497354231032,5928000
2025-04-28,5.496424198150635,5.532115231218833,5.389351098946039,5.532115231218833,4680200
2025-04-29,5.505346775054932,5.5321148352045615,5.442887258921386,5.505346775054932,5591100
2025-04-30,5.478578567504883,5.523192570646216,5.407196502855282,5.442887535180082,6583600
2025-05-02,5.425042152404785,5.505347189845403,5.371505602601265,5.48750167324423,6526400
2025-05-05,5.416119575500488,5.532115220001596,5.326891567540241,5.425042121014108,4659800
2025-05-06,5.487501621246338,5.594574719838786,5.398274039085965,5.41611955551804,5166100
2025-05-07,5.478578567504883,5.567806148316884,5.4607330513424825,5.558883602971017,6263100
2025-05-08,5.478578567504883,5.576729119133417,5.416119473671815,5.541038086808617,6112500
2025-05-09,5.219818115234375,5.505346785344854,5.068131022534141,5.487501270054865,15413000
2025-05-12,5.264432430267334,5.451810564726407,5.1752048484941255,5.398274015662482,11113500
2025-05-13,5.300123691558838,5.32689175450991,5.14843658326713,5.264432657310282,10758500
2025-05-14,5.234410762786865,5.420357678043138,5.225113195357844,5.392465862420905,8174400
2025-05-15,5.262302875518799,5.327384521199213,5.206518797792347,5.253005750897278,5983700
2025-05-16,5.280897617340088,5.327384570878522,5.150734768097896,5.20651884634455,6129700
2025-05-19,5.225113391876221,5.308789728554848,5.197221575204966,5.280897468551161,5435600
2025-05-20,5.225113391876221,5.271600344104888,5.150734622976299,5.197221575204966,6801900
2025-05-21,5.104247570037842,5.2065185969235825,5.07635575391691,5.2065185969235825,5577500
2025-05-22,5.104247570037842,5.187923905065486,5.067058186321649,5.07635575391691,8752900
2025-05-23,5.094950199127197,5.094950199127197,5.0205714352955075,5.076355508169275,5966200
2025-05-26,5.132139682769775,5.132139682769775,5.0298686588078345,5.048463350134332,2452300
2025-05-27,4.834624290466309,5.048463467352266,4.834624290466309,5.00197695962288,19783700
2025-05-28,4.7602458000183105,4.816029878534254,4.713759289587914,4.816029878534254,8304900
2025-05-29,4.769543170928955,4.843921939208697,4.760245603227773,4.788137862998891,5700200
2025-05-30,4.695164680480957,4.769543453161989,4.639380157637728,4.769543453161989,9314800
2025-06-02,4.565000534057617,4.704460928505883,4.546405844353339,4.704460928505883,11650600
2025-06-03,4.6021904945373535,4.639379878641429,4.5092170342771665,4.546406418381241,8478600
2025-06-04,4.5835957527160645,4.66727208770788,4.537109244756941,4.620785136416332,6636100
2025-06-05,4.592893123626709,4.611487814680566,4.546406174325864,4.546406174325864,4118700
2025-06-06,4.574298858642578,4.639380061726817,4.546406597797586,4.611488244214271,5690900
2025-06-09,4.574298858642578,4.602190676155124,4.51851478028504,4.574298858642578,4506700
2025-06-10,4.667272090911865,4.685866782774764,4.59289332346027,4.59289332346027,6706400
2025-06-11,4.630082607269287,4.704461373115795,4.620785039872267,4.704461373115795,7901300
2025-06-12,4.67656946182251,4.704461276777573,4.611487821373353,4.611487821373353,5675400
2025-06-13,4.527811527252197,4.657974809225921,4.527811527252197,4.620784983424565,8238600
2025-06-16,4.67656946182251,4.67656946182251,4.546406180924197,4.574298439211665,5833800
2025-06-17,4.630082607269287,4.713758940512816,4.630082607269287,4.676569557589562,12356100
2025-06-18,4.630082607269287,4.732353631974443,4.61148791580766,4.676569557589562,5548900
2025-06-20,4.620785236358643,4.648677496403334,4.58359585185401,4.620785236358643,9457500
2025-06-23,4.574298858642578,4.639380061726817,4.555704165856732,4.611488244214271,5567200
2025-06-24,4.555703639984131,4.620784835555936,4.555703639984131,4.583595454277077,2325700
2025-06-25,4.462730407714844,4.57429855707461,4.462730407714844,4.55570386551465,6405300
2025-06-26,4.546406269073486,4.592893219343124,4.499919762136263,4.509216886190742,5101200
2025-06-27,4.537109375,4.59289345215175,4.537109375,4.555704067383917,3438500
2025-06-30,4.611487865447998,4.611487865447998,4.509216841859691,4.527811533118254,3357900
2025-07-01,4.6021904945373535,4.639379878641429,4.555703986073474,4.611488062229586,4449900
2025-07-02,4.685866355895996,4.825326753829216,4.630082285389185,4.639379408807462,9180500
2025-07-03,4.825326919555664,4.825326919555664,4.676569393095072,4.741650589255381,4694500
2025-07-04,4.871813774108887,4.936895418266499,4.79743500554729,4.834624389828088,4247900
2025-07-07,4.788137435913086,4.909003145253065,4.788137435913086,4.871813321097973,4500800
2025-07-08,4.7602458000183105,4.843922139458449,4.732353982426562,4.797435185695606,4171800
2025-07-09,4.657975196838379,4.816029863817687,4.648677628781242,4.769543353529342,4364200
2025-07-10,4.7974348068237305,4.8532188809341905,4.602190325770913,4.639379708511219,6993000
2025-07-11,4.788137435913086,4.816029249863918,4.723055797807161,4.7788398690412155,4411500
2025-07-14,4.750948429107666,4.816029629004703,4.695164353482023,4.797434937129489,2829000
2025-07-15,4.723055839538574,4.76024522068987,4.66727176781163,4.741650530114223,4921300
2025-07-16,4.788137435913086,4.788137435913086,4.70446110739581,4.760245178629864,4031900
2025-07-17,4.750948429107666,4.825327196608522,4.732353737232452,4.797434937129489,4086800
2025-07-18,4.685866355895996,4.732353302984531,4.630082285389185,4.723055736233871,4828700
2025-07-21,4.909003257751465,4.946192639426427,4.750948163966674,4.750948163966674,7705500
2025-07-22,4.9554901123046875,5.029868880894769,4.946192987897143,4.974084804452208,6694500
2025-07-23,4.992679595947266,5.029868980982324,4.86251674832456,4.890409008767074,4479400
2025-07-24,4.918300628662109,4.9926793957497715,4.909003504442363,4.964787579758109,3278400
2025-07-25,4.806732654571533,4.918300809300685,4.7974350866778845,4.8811114243909675,3144000
2025-07-28,4.732353687286377,4.8253271456811895,4.695164303928452,4.788137762323265,3427700
2025-07-29,4.7416510581970215,4.8067327041262,4.732353933539963,4.7416510581970215,3358400
2025-07-30,4.7416510581970215,4.769543318833081,4.695164548246845,4.7416510581970215,5715900
2025-07-31,4.685866355895996,4.769542683322405,4.602190028469587,4.713758612815594,6746400
2025-08-01,4.667272090911865,4.825327193412718,4.620785139588406,4.630082707186068,5350000
2025-08-04,4.592893123626709,4.769542910304552,4.592893123626709,4.732353528196838,4743200
2025-08-05,4.565000534057617,4.657974425911376,4.565000534057617,4.611487479984497,4059500
2025-08-06,4.527811527252197,4.667271933176954,4.527811527252197,4.602190292190091,5029400
2025-08-07,4.592893123626709,4.620784938541291,4.555703741518995,4.565000865379721,3780300
2025-08-08,4.620785236358643,4.676569756448024,4.574298727394069,4.574298727394069,5180700
2025-08-11,4.620785236358643,4.69516444870034,4.6114881118987014,4.620785236358643,3654700
2025-08-12,4.67656946182251,4.732353535065042,4.6486772035350405,4.667271894615885,4040800
2025-08-13,4.555703639984131,4.6951640414460485,4.546406072998219,4.676569350806619,7451100
2025-08-14,4.481325149536133,4.546406349059722,4.434838198448636,4.537109224841675,5346200
2025-08-15,4.481325149536133,4.509216965522693,4.444135765999104,4.472027581985665,4475400
2025-08-18,4.537109375,4.60219057667749,4.48132529784825,4.48132529784825,3318100
2025-08-19,4.4441351890563965,4.518513946474518,4.4162429333584186,4.509216380131071,6755900
2025-08-20,4.453432559967041,4.490621940746243,4.425540746048835,4.462730126828036,3349300
2025-08-21,4.4441351890563965,4.509216380131071,4.425540499701866,4.47202700142201,3356500
2025-08-22,4.611487865447998,4.63937968066964,4.444135644120921,4.4534327680839985,5594200
2025-08-25,4.67656946182251,4.74165065893926,4.630082512454197,4.6486772035350405,5146600
2025-08-26,4.685866355895996,4.704461046064933,4.639379408807462,4.639379408807462,4900600
2025-08-27,4.750948429107666,4.760245553379061,4.6393798345239565,4.66727209400299,3373500
2025-08-28,4.816030025482178,4.871814105700219,4.769543513633374,4.797435332076164,8036800
2025-08-29,4.834624290466309,4.909003500831686,4.797434906949831,4.834624290466309,6488600
2025-09-01,4.806732654571533,4.85321916404246,4.760245701768167,4.788137962116674,2454600
2025-09-02,4.788137435913086,4.853218630686621,4.732353364679032,4.750948055090383,2842000
2025-09-03,4.732353687286377,4.806732454002227,4.704461428101723,4.778840194817573,3196900
2025-09-04,4.7788405418396,4.806732803049687,4.71375933790348,4.750948723961963,3165200
2025-09-05,4.825326919555664,4.843921610363238,4.760245280062955,4.797434661678103,4548600
2025-09-08,4.806732654571533,4.8625167319361084,4.769543269661816,4.816029779132743,4801900
2025-09-09,4.769543170928955,4.909003583119686,4.769543170928955,4.834624371507515,4475300
2025-09-10,4.695164680480957,4.816029964421407,4.685867112229601,4.79743527125115,5754900
2025-09-11,4.713758945465088,4.723056069539462,4.667271995095974,4.676569562502762,4853100
2025-09-12,4.7416510581970215,4.77884044349014,4.667272287610785,4.6765698556002855,3849200
2025-09-15,4.732353687286377,4.788137762323265,4.713758995607415,4.732353687286377,3275400
2025-09-16,4.806732654571533,4.806732654571533,4.741651009313309,4.760245701768167,4111300
2025-09-17,4.843921661376953,4.862516352380357,4.769542897363337,4.797434712202241,5076500
2025-09-18,4.806732654571533,4.890408992284615,4.769543269661816,4.806732654571533,4137600
2025-09-19,4.843921661376953,4.871813476215857,4.806732279370145,4.816029403205645,4330200
2025-09-22,4.8811116218566895,4.899706315063797,4.788138155821149,4.825327542235365,3581000
2025-09-23,4.983382225036621,4.992679349169628,4.862516507980598,4.862516507980598,7108400
2025-09-24,4.9554901123046875,5.020571756487224,4.946192987897143,4.9647876800446635,3282100
2025-09-25,4.9554901123046875,4.992679496599728,4.909003603602102,4.9554901123046875,3898000
2025-09-26,4.936895370483398,4.983382322050675,4.909003554208973,4.974084754404249,2496300
2025-09-29,5.132139682769775,5.150734374096273,4.9647874608313,4.9647874608313,6580900
2025-09-30,5.141437530517578,5.253005684561583,5.0949505779996915,5.160032222858246,6395900
2025-10-01,5.215816497802734,5.243708315705918,5.0577613852431895,5.160032418663916,5800800
2025-10-02,5.1507344245910645,5.25300544955561,5.104247474152885,5.206518499117431,3735300
2025-10-03,5.187923908233643,5.243707983841997,5.1228427083567745,5.1228427083567745,3330500
2025-10-06,5.3645734786987305,5.3831681697918885,5.197221258860309,5.206518382740685,6445500
2025-10-07,5.290194988250732,5.364573756474673,5.26230272850054,5.3180868046684955,3094300
2025-10-08,5.280897617340088,5.3366816955867415,5.2344111071340995,5.299492310088972,3823300
2025-10-09,5.318086624145508,5.355276450327494,5.253005425824962,5.318086624145508,2835400
2025-10-10,5.122842788696289,5.336681526882318,5.094950528788476,5.327384402468001,7264900
2025-10-13,5.24370813369751,5.253005701564155,5.150734671693242,5.187924056494949,5035500
2025-10-14,5.271600246429443,5.29019493830989,5.141437403266318,5.197221478907657,3945200
2025-10-15,5.253005504608154,5.262302628793777,5.113545095164458,5.206518553682782,9409800
2025-10-16,5.197221279144287,5.215815970310017,5.122842514481366,5.187923711895218,3814400
2025-10-17,5.187923908233643,5.243707983841997,5.141437400226226,5.160032092095677,2338100
2025-10-20,5.411060333251953,5.457546838503823,5.150734219178371,5.169328909945599,6299800
2025-10-21,5.290194988250732,5.457547216754599,5.150734576164629,5.169329268220614,2971600
2025-10-22,5.308789253234863,5.373870891861456,5.262302305168384,5.308789253234863,3555600
2025-10-23,5.3831682205200195,5.429655170357186,5.3180865794144685,5.3366812706828535,4941100
2025-10-24,5.401763439178467,5.522629165889648,5.364574053010789,5.466845086638131,4482000
2025-10-27,5.392466068267822,5.476141961661102,5.327384423777554,5.4482501449741525,4970200
2025-10-28,5.541223526000977,5.55981821796746,5.3831684226196606,5.420357806552626,5681200
2025-10-29,5.578413009643555,5.662089346654588,5.531926057230218,5.559818317344707,5724600
2025-10-30,5.60630464553833,5.624899335766799,5.522628317844025,5.559817698300964,4157700
2025-10-31,5.643494606018066,5.671386422561222,5.5970076540028995,5.6341970382820605,4998700
2025-11-03,5.671386241912842,5.7178731924472785,5.60630504316353,5.643494426258113,4619700
2025-11-04,5.550520420074463,5.671386134509131,5.541223296143093,5.643494319382612,4338100
2025-11-05,5.541223526000977,5.6992786293822935,5.271600270820763,5.550520650318005,15417500
2025-11-06,5.448249816894531,5.569115087480501,5.327384102976155,5.559817963588845,6843600
2025-11-07,5.392466068267822,5.466844837209597,5.336681548229059,5.392466068267822,8628900
2025-11-10,5.34104061126709,5.503760561772289,5.312325594364387,5.503760561772289,6912900
2025-11-11,5.436758041381836,5.484617010970556,5.341040558621356,5.360184055173452,7009200
2025-11-12,5.666480541229248,5.666480541229248,5.4367581227490795,5.446330099376863,9089000
2025-11-13,5.628193378448486,5.666480370975323,5.561190913318045,5.666480370975323,5705100
2025-11-14,5.599477767944336,5.647336735632717,5.532475760880932,5.589906248256825,4101900
2025-11-17,5.4463300704956055,5.628193517706389,5.417614597181497,5.58990652423222,8216200
2025-11-18,5.427186489105225,5.465473481982193,5.360184023362052,5.39847101623902,5115000
2025-11-19,5.321897029876709,5.398471015621892,5.235751067704901,5.388899495612223,6440900
2025-11-21,5.350612163543701,5.37932717816931,5.2548942310131945,5.2548942310131945,4619300
2025-11-24,5.015600681304932,5.34104058043678,5.015600681304932,5.321897083806493,12360200
2025-11-25,5.130462169647217,5.14003368985116,4.919883248156868,5.063459702551748,14733600
2025-11-26,5.187892436981201,5.293181893197687,5.101746476766173,5.140033468769086,7104100
2025-11-27,5.16874885559082,5.207035846961224,5.120889888169346,5.16874885559082,2829900
2025-11-28,5.16874885559082,5.216607366595356,5.140033383854548,5.16874885559082,6758400
2025-12-01,5.111318111419678,5.178320114739001,5.101746135850108,5.178320114739001,9157000
2025-12-02,5.1974639892578125,5.1974639892578125,5.092174988800213,5.140033500894499,11257500
2025-12-03,5.3314690589904785,5.350612555615956,5.178320629569698,5.207036102716395,13641500
2025-12-04,5.36975622177124,5.398471239407544,5.274038735621936,5.331469227311518,11543300
2025-12-05,5.207036018371582,5.427186454207002,5.159177049374639,5.331468972630071,11567200
2025-12-08,5.216607570648193,5.283610036375738,5.1783205777801555,5.254894563516231,16682500
2025-12-09,5.264466285705566,5.312325252687846,5.10174634566614,5.168748808157943,6339000
2025-12-10,5.408042907714844,5.455901419850793,5.274038434750457,5.331468923163766,8270600
2025-12-11,5.455901622772217,5.475045119621991,5.293182127757622,5.388899612006491,6106800
2025-12-12,5.4941887855529785,5.522904259919829,5.29318229065295,5.388899777847483,5073900
2025-12-15,5.408042907714844,5.542047380679231,5.3218969468864055,5.532475860818821,5165800
2025-12-16,5.36975622177124,5.436758233867266,5.302753753258239,5.379327742177683,6508800
2025-12-17,5.283609867095947,5.350612330676823,5.235750899335759,5.350612330676823,9474600
2025-12-18,5.2453227043151855,5.312325165709969,5.226179209119095,5.283609694707368,6215800
2025-12-19,5.0347442626953125,5.245322710083906,5.025172286878276,5.245322710083906,8494000
2025-12-22,5.0826029777526855,5.149605441926552,5.0060289937922375,5.053887961975991,5954100
2025-12-23,5.178320407867432,5.235750895285061,5.101746424643927,5.101746424643927,4535700
2025-12-26,5.216607570648193,5.216607570648193,5.130462064903587,5.1783205777801555,3032500
2025-12-29,5.16874885559082,5.2548943579657585,5.1304618642204165,5.245322838331628,4655700
2025-12-30,5.216607570648193,5.283610036375738,5.1783205777801555,5.207036050639663,5084700
2026-01-02,5.073031425476074,5.264466384151157,5.04431595346634,5.216607416273915,8175600
2026-01-05,5.245955467224121,5.255669958517309,5.0613755003082606,5.109949346477787,6678300
2026-01-06,5.391676425933838,5.411105871334692,5.20709646300847,5.265384799211031,8062400
2026-01-07,5.420820713043213,5.459679606358361,5.3236734797553416,5.401391266385638,7946900
2026-01-08,5.34310245513916,5.440249679858425,5.33338750104998,5.430535189003753,5941400
2026-01-09,5.34310245513916,5.430535189003753,5.313958056106127,5.323673010195307,3951300
2026-01-12,5.411106109619141,5.449965002132045,5.304243923591384,5.362532262360741,5184200
2026-01-13,5.430535316467285,5.459679252949867,5.313958180833404,5.372246980267604,6631500
2026-01-14,5.663688659667969,5.673403613982434,5.352817533357382,5.44996476032944,9173700
2026-01-15,5.527682781219482,5.712262752074754,5.498538380248845,5.683118351104117,5972000
2026-01-16,5.391676425933838,5.50825309833896,5.362532026215298,5.50825309833896,5676900
2026-01-19,5.381961822509766,5.391676777460848,5.313958527555834,5.362532375842149,3504200
2026-01-20,5.304243564605713,5.362531899430176,5.275099165576228,5.352817408576686,3822400
2026-01-21,5.576256275177002,5.585971230103678,5.333387960824668,5.333387960824668,6825200
2026-01-22,5.6539740562438965,5.780265217180916,5.537396922959289,5.547111877080718,14952100
2026-01-23,5.799695014953613,5.896842709138844,5.615115507764563,5.702547784002919,8392100
2026-01-26,5.7802653312683105,5.955130803029357,5.741406440484638,5.799694776660147,8043400
2026-01-27,6.00370454788208,6.023133994448641,5.857983930250141,5.867698421916149,8392500
2026-01-28,6.236857891082764,6.236857891082764,6.023133532024653,6.023133532024653,10333400
2026-01-29,5.9551310539245605,6.372864379065797,5.9551310539245605,6.2951465942241285,8710100
2026-01-30,5.721977233886719,5.945416096834818,5.692833296199966,5.945416096834818,10419700
2026-02-02,5.819124221801758,5.828839176114517,5.712262503768511,5.741406440237753,7267600
2026-02-03,5.993989944458008,6.003704435942889,5.857983821027914,5.867698312512795,6396200
2026-02-04,5.8968424797058105,6.052278043179268,5.819124234734562,5.935701370574175,5448200
2026-02-05,5.7802653312683105,5.955130803029357,5.760835885876474,5.877413021462011,6173500
2026-02-06,5.721977233886719,5.867698312024094,5.663688895278676,5.780265572494762,6813200
2026-02-09,5.819124221801758,5.838554130427277,5.702547549455752,5.7511213945505135,5897000
2026-02-10,5.585970878601074,5.848268623066874,5.585970878601074,5.828839177670686,6729400
2026-02-11,5.7122626304626465,5.770550967928446,5.585971001002818,5.6442593384686175,9965200
2026-02-12,5.40139102935791,5.683118225147053,5.391676538072695,5.683118225147053,9763800
2026-02-13,5.304243564605713,5.352817408576686,5.24595522978125,5.294528610517716,10188400
2026-02-18,5.177952289581299,5.440250045573246,5.16823779807358,5.42082059932327,8951400
2026-02-19,5.177952289581299,5.216811182081251,5.090519549839137,5.177952289581299,7097400
2026-02-20,5.177952289581299,5.197381735831275,5.080805058331418,5.139093397081346,8871600
2026-02-23,5.177952289581299,5.245955583073485,5.061375612081442,5.11966395083137,14775000
2026-02-24,5.255670070648193,5.343102810324926,5.158522839471011,5.177952285706448,11895500
2026-02-25,5.323673248291016,5.391676540253131,5.284814356665386,5.294528847954529,9376400
2026-02-26,5.352817535400391,5.401390917287699,5.265384799474909,5.333387626764045,10183300
2026-02-27,5.284814357757568,5.3625321410248885,5.284814357757568,5.304243803574398,6731300
2026-03-02,5.304243564605713,5.352817408576686,5.197381385810277,5.226525784839763,7126700
2026-03-03,5.109949111938477,5.177951937573147,5.041945823069298,5.148808001796719,12377300
2026-03-04,5.197381496429443,5.245955341434244,5.148808114659159,5.20709645072421,5776100
2026-03-05,5.012801647186279,5.216811059640095,5.003087155906565,5.216811059640095,13585700
2026-03-06,4.993372440338135,5.041946288764676,4.857366313272188,4.993372440338135,14384500
2026-03-09,5.051660537719727,5.080804938021843,4.876795525610611,4.973942754560119,12030800
2026-03-10,5.061375617980957,5.119663956798826,4.983657832890465,5.119663956798826,9462800
2026-03-11,5.041945934295654,5.129378670022738,4.954513198568571,5.003087043580177,8707900
2026-03-12,4.84765100479126,5.10994921128574,4.84765100479126,4.993372076210021,19174300
2026-03-13,4.701930522918701,4.886510489909715,4.692215568387029,4.857366089549227,13391000
2026-03-16,4.760218620300293,4.818506954846684,4.682500840905106,4.740789175451496,10434700
2026-03-17,4.779648303985596,4.837936641444624,4.76021885816592,4.76021885816592,7599900
2026-03-18,4.672786235809326,4.808792359907324,4.672786235809326,4.760218975775309,11551600
2026-03-19,4.701930522918701,4.79907775206278,4.5173505559276865,4.633927230900581,12552800
2026-03-20,4.614497661590576,4.731074333443949,4.60478270731887,4.682500951788969,19700700
2026-03-23,4.750504016876221,4.837936756766155,4.701930632786454,4.711645124310592,11095700
2026-03-24,4.886510372161865,4.905939817522499,4.711644900681643,4.7505037914029105,12565500
2026-03-25,4.84765100479126,4.93508374028942,4.818507068448217,4.915654294982553,13350800
2026-03-26,4.769933223724365,4.828221559646929,4.740789287380341,4.808792114339408,6395300
2026-03-27,4.711645126342773,4.808792357798746,4.6825011885232515,4.740789527396835,6622000
2026-03-30,4.721359729766846,4.828221444799057,4.711644775726914,4.769933110262986,9597400
2026-03-31,4.8087921142578125,4.828221559565004,4.711644887721855,4.789362668950621,9209100
2026-04-01,4.8087921142578125,4.8962248497574326,4.76993322364343,4.8087921142578125,9433000
2026-04-02,4.779648303985596,4.818507195624948,4.682501074887215,4.711645011999465,5689900
2026-04-06,4.740789413452148,4.808792242219614,4.740789413452148,4.779648305100565,5237900
2026-04-07,4.750504016876221,4.760218971634897,4.692215678027778,4.740789525352083,7672700
2026-04-08,4.944798946380615,4.973942884207852,4.876795652726163,4.925369500084278,11532100
2026-04-09,4.935083866119385,4.993372203526166,4.867081037428738,4.935083866119385,6994900
2026-04-10,4.876795768737793,4.983657957527011,4.876795768737793,4.973943002530468,6437600
2026-04-13,4.85736608505249,4.896224976674148,4.818507193430833,4.876795530863319,5801200
2026-04-14,4.9253692626953125,4.935083753758001,4.857365972318428,4.876795417678321,6225800
2026-04-15,4.867081165313721,4.935083995791175,4.867081165313721,4.8962251031656185,6683800
2026-04-16,4.818507194519043,4.964228269750433,4.808792239994171,4.905939932304783,8389100
2026-04-17,4.980000019073486,5.03000020980835,4.929999828338623,4.929999828338623,7435900
2026-04-20,5.039999961853027,5.039999961853027,4.96999979019165,4.96999979019165,5805600
2026-04-22,4.940000057220459,5.050000190734863,4.940000057220459,5.010000228881836,5060800
2026-04-23,4.800000190734863,4.960000038146973,4.800000190734863,4.949999809265137,7513300
2026-04-24,4.739999771118164,4.809999942779541,4.710000038146973,4.800000190734863,7033300
2026-04-27,4.760000228881836,4.829999923706055,4.730000019073486,4.75,5125500
2026-04-28,4.670000076293945,4.730000019073486,4.670000076293945,4.730000019073486,6076100
2026-04-29,4.590000152587891,4.679999828338623,4.550000190734863,4.670000076293945,11931500
2026-04-30,4.670000076293945,4.710000038146973,4.619999885559082,4.619999885559082,6392400
2026-05-04,4.590000152587891,4.71999979019165,4.550000190734863,4.690000057220459,7433000
2026-05-05,4.599999904632568,4.659999847412109,4.579999923706055,4.579999923706055,4548700
2026-05-06,4.809999942779541,4.840000152587891,4.670000076293945,4.690000057220459,10852300
2026-05-07,4.75,4.860000133514404,4.699999809265137,4.789999961853027,5016200
2026-05-08,4.809999942779541,4.860000133514404,4.769999980926514,4.800000190734863,12849000
2026-05-11,4.889999866485596,4.900000095367432,4.78000020980835,4.800000190734863,6360500
2026-05-12,4.96999979019165,4.980000019073486,4.840000152587891,4.880000114440918,8636300
2026-05-13,4.820000171661377,5.03000020980835,4.800000190734863,4.949999809265137,9548900
2026-05-14,4.769999980926514,4.880000114440918,4.619999885559082,4.829999923706055,9365700
2026-05-15,4.71999979019165,4.75,4.590000152587891,4.699999809265137,8047100
2026-05-18,4.28000020980835,4.75,4.260000228881836,4.71999979019165,16050700
2026-05-19,4.079999923706055,4.309999942779541,4.079999923706055,4.28000020980835,12721000
2026-05-20,4.5,4.510000228881836,4.130000114440918,4.159999847412109,22104100
2026-05-21,4.429999828338623,4.5,4.389999866485596,4.480000019073486,5788700
2026-05-22,4.480000019073486,4.510000228881836,4.340000152587891,4.400000095367432,4745800
2026-05-25,4.489999771118164,4.539999961853027,4.409999847412109,4.5,4619500
2026-05-26,4.510000228881836,4.579999923706055,4.480000019073486,4.489999771118164,4575700
2026-05-27,4.630000114440918,4.659999847412109,4.460000038146973,4.480000019073486,10305700
2026-05-28,4.699999809265137,4.75,4.570000171661377,4.650000095367432,6136100
2026-05-29,4.659999847412109,4.75,4.639999866485596,4.699999809265137,14191000
2026-06-01,4.539999961853027,4.690000057220459,4.420000076293945,4.650000095367432,5980300
2026-06-02,4.78000020980835,4.849999904632568,4.53000020980835,4.539999961853027,10651000
2026-06-03,4.5,4.75,4.429999828338623,4.710000038146973,10635600
2026-06-05,4.369999885559082,4.489999771118164,4.349999904632568,4.480000019073486,10165800
2026-06-08,4.309999942779541,4.389999866485596,4.289999961853027,4.360000133514404,5397900
2026-06-09,4.349999904632568,4.400000095367432,4.28000020980835,4.340000152587891,9176900
2026-06-10,4.320000171661377,4.380000114440918,4.269999980926514,4.320000171661377,9674100
2026-06-11,4.340000152587891,4.420000076293945,4.260000228881836,4.320000171661377,10124500
2026-06-12,4.300000190734863,4.449999809265137,4.230000019073486,4.329999923706055,16671700
2026-06-15,4.389999866485596,4.599999904632568,4.380000114440918,4.389999866485596,16714100
2026-06-16,4.349999904632568,4.449999809265137,4.349999904632568,4.349999904632568,8643700
2026-06-17,4.269999980926514,4.420000076293945,4.269999980926514,4.349999904632568,10882800
2026-06-18,4.210000038146973,4.300000190734863,4.199999809265137,4.28000020980835,8779900
2026-06-19,4.320000171661377,4.389999866485596,4.210000038146973,4.210000038146973,9284500
2026-06-22,4.300000190734863,4.380000114440918,4.300000190734863,4.329999923706055,7723900
2026-06-23,4.28000020980835,4.349999904632568,4.239999771118164,4.289999961853027,8023200
2026-06-24,4.269999980926514,4.349999904632568,4.25,4.28000020980835,9440800
2026-06-25,4.239999771118164,4.329999923706055,4.170000076293945,4.300000190734863,9753200
2026-06-26,4.25,4.389999866485596,4.21999979019165,4.21999979019165,8440400
2026-06-29,4.159999847412109,4.289999961853027,4.150000095367432,4.269999980926514,5729700
2026-06-30,4.179999828338623,4.230000019073486,4.079999923706055,4.159999847412109,8556400
2026-07-01,4.139999866485596,4.210000038146973,4.099999904632568,4.130000114440918,6400900
2026-07-02,4.25,4.269999980926514,4.179999828338623,4.179999828338623,8492100
2026-07-03,4.309999942779541,4.320000171661377,4.230000019073486,4.230000019073486,5653800
2026-07-06,4.329999923706055,4.360000133514404,4.260000228881836,4.269999980926514,6298800
2026-07-07,4.550000190734863,4.559999942779541,4.28000020980835,4.320000171661377,9911300
2026-07-08,4.659999847412109,4.849999904632568,4.409999847412109,4.409999847412109,15268200
2026-07-09,4.829999923706055,4.909999847412109,4.599999904632568,4.650000095367432,10620700
2026-07-10,5.230000019073486,5.230000019073486,4.920000076293945,4.949999809265137,14425800
2026-07-13,5.449999809265137,5.559999942779541,5.179999828338623,5.210000038146973,24044300
2026-07-14,5.099999904632568,5.5,5.019999980926514,5.460000038146973,16629400
2026-07-15,5.239999771118164,5.260000228881836,4.989999771118164,5.099999904632568,8831400
2026-07-16,5.449999809265137,5.550000190734863,5.159999847412109,5.199999809265137,13610300
2026-07-17,5.329999923706055,5.46999979019165,5.260000228881836,5.400000095367432,7706900
2026-07-20,5.389999866485596,5.440000057220459,5.239999771118164,5.309999942779541,9649000
2026-07-21,5.579999923706055,5.590000152587891,5.329999923706055,5.349999904632568,12317400
2026-07-22,5.840000152587891,5.920000076293945,5.579999923706055,5.579999923706055,13578100
2026-07-23,5.829999923706055,5.929999828338623,5.630000114440918,5.800000190734863,13430900
2026-07-24,5.690000057220459,5.869999885559082,5.679999828338623,5.739999771118164,9831800
2026-07-27,5.800000190734863,5.809999942779541,5.659999847412109,5.670000076293945,5635100
2026-07-28,5.960000038146973,5.980000019073486,5.840000152587891,5.929999828338623,7894600
2026-07-29,5.980000019073486,5.989999771118164,5.739999771118164,5.900000095367432,7806100
2026-07-30,5.71999979019165,6.170000076293945,5.71999979019165,5.989999771118164,11271100
2026-07-31,5.710000038146973,5.809999942779541,5.619999885559082,5.639999866485596,4371600
2026-08-03,5.730000019073486,5.769999980926514,5.599999904632568,5.710000038146973,5102800
2026-08-04,5.909999847412109,5.929999828338623,5.670000076293945,5.800000190734863,6977600
2026-08-05,5.900000095367432,5.980000019073486,5.75,5.900000095367432,3674100
2026-08-06,5.75,5.940000057220459,5.75,5.860000133514404,3475500
2026-08-07,5.449999809265137,5.760000228881836,5.429999828338623,5.739999771118164,7088100
