Date,Close,High,Low,Open,Volume
2000-01-03,0.38887107372283936,0.4102015743674865,0.3773854405941135,0.3937935270407353,1002
2000-01-04,0.367540568113327,0.3806670044002747,0.3642589590415901,0.37738539532853776,1850
2000-01-05,0.38066694140434265,0.38066694140434265,0.35113246464632136,0.3708221158183356,927
2000-01-06,0.35835203528404236,0.38099516011220386,0.35310144540856214,0.3741037657906191,3661
2000-01-07,0.35441407561302185,0.364258901266752,0.35277327133740016,0.364258901266752,1190
2000-01-10,0.36097729206085205,0.3672123326489629,0.3576956835155601,0.364258900606144,2167
2000-01-11,0.37082210183143616,0.3724629060338818,0.3609772766167623,0.36261808081920793,1472
2000-01-12,0.37082210183143616,0.37082210183143616,0.35769566821187104,0.3642588850216536,474
2000-01-13,0.37705716490745544,0.3806669105242494,0.3626180650807107,0.37246288986809545,2007
2000-01-14,0.37738531827926636,0.3790261224801383,0.37082210147577865,0.37738531827926636,1508
2000-01-17,0.37738531827926636,0.38066692668101026,0.3741037098775225,0.37738531827926636,346
2000-01-18,0.37738531827926636,0.3790261224801383,0.37082210147577865,0.37115027796389616,377
2000-01-19,0.37410375475883484,0.38066697234971325,0.36754053716795637,0.37738536355427404,1092
2000-01-20,0.367540568113327,0.37738539532853776,0.36196184051534747,0.37410378625680085,534
2000-01-21,0.3668842911720276,0.3718067052767131,0.36097738642243105,0.3691814099302402,612
2000-01-24,0.3737756609916687,0.374103798437607,0.36425897090184906,0.36425897090184906,409
2000-01-25,0.3737756609916687,0.3737756609916687,0.3737756609916687,0.3737756609916687,0
2000-01-26,0.37574461102485657,0.37574461102485657,0.370822197152201,0.37410380640063806,1132
2000-01-27,0.37082210183143616,0.38066692704611,0.37082210183143616,0.3790261228436644,634
2000-01-28,0.36261823773384094,0.3675406524712387,0.360977432821375,0.3675406524712387,618
2000-01-31,0.342928409576416,0.3609772958866727,0.34292840957641607,0.3609772958866727,298
2000-02-01,0.34456923604011536,0.348179021358435,0.3429284316444905,0.347850844831365,744
2000-02-02,0.35769572854042053,0.3609773374987842,0.35769572854042053,0.3609773374987842,2
2000-02-03,0.34785085916519165,0.3609773339909531,0.34785085916519165,0.3576957250644788,94
2000-02-04,0.35277336835861206,0.3544141730854948,0.34949175890484674,0.3514607011051837,346
2000-02-07,0.34489744901657104,0.3527733344198256,0.3445692724548188,0.3527733344198256,205
2000-02-08,0.34456923604011536,0.3511324927424772,0.338006018457616,0.347850844831365,884
2000-02-09,0.34456923604011536,0.3494916883468524,0.338006018457616,0.3412876272488657,818
2000-02-10,0.3501480221748352,0.35113251269211654,0.34785086459455705,0.34785086459455705,535
2000-02-11,0.3603209853172302,0.37410373365665484,0.347850825654134,0.35113247338432696,1805
2000-02-14,0.367540568113327,0.3806670044002747,0.36097734996985326,0.37738539532853776,746
2000-02-15,0.367540568113327,0.3764009047830435,0.35769574089811634,0.367540568113327,544
2000-02-16,0.3658997714519501,0.3773854034502103,0.36261816230959,0.3773854034502103,703
2000-02-17,0.37738531827926636,0.40659165652670154,0.3741037098775225,0.3741037098775225,1808
2000-02-18,0.37082210183143616,0.38723014385589255,0.37082210183143616,0.38723014385589255,1240
2000-02-21,0.37705716490745544,0.37738530226178785,0.35441404442455676,0.35441404442455676,886
2000-02-22,0.367540568113327,0.3839486134720116,0.36097734996985326,0.381979671500889,745
2000-02-23,0.3681967854499817,0.3773852962627826,0.3675404716318935,0.3773852962627826,423
2000-02-24,0.35769572854042053,0.3741037733322389,0.35769572854042053,0.3741037733322389,454
2000-02-25,0.35507044196128845,0.36097734605024906,0.35507044196128845,0.36097734605024906,37
2000-02-28,0.34522566199302673,0.346210113542391,0.3363652850897818,0.346210113542391,257
2000-02-29,0.3363652527332306,0.3511325331114813,0.33472444814896574,0.3445692756545548,441
2000-03-01,0.33308371901512146,0.33964693883888725,0.3183164744116484,0.33308371901512146,1404
2000-03-02,0.3232387602329254,0.33472439033910967,0.318316347330275,0.3330835860382262,834
2000-03-03,0.32783302664756775,0.3281611836062289,0.3150347292204047,0.32487957489975555,1284
2000-03-06,0.32783302664756775,0.32783302664756775,0.32783302664756775,0.32783302664756775,0
2000-03-07,0.32783302664756775,0.32783302664756775,0.32783302664756775,0.32783302664756775,0
2000-03-08,0.32225435972213745,0.3225825167618684,0.3215980456426755,0.32225435972213745,432
2000-03-09,0.32487955689430237,0.32783300847842856,0.3215979483697021,0.32487955689430237,809
2000-03-10,0.326848566532135,0.3380060410811665,0.32652040954303196,0.32652040954303196,651
2000-03-13,0.33308371901512146,0.33308371901512146,0.31503484493982753,0.31503484493982753,288
2000-03-14,0.3252077102661133,0.3445692042607777,0.3248795533292402,0.3445692042607777,136
2000-03-15,0.3215979039669037,0.3248795120384146,0.3084714521209329,0.3248795120384146,315
2000-03-16,0.3314427137374878,0.3314427137374878,0.32159788995198274,0.32750479204725624,234
2000-03-17,0.3320990800857544,0.33538068853388536,0.32816115777196886,0.32816115777196886,433
2000-03-20,0.31831634044647217,0.3445692086928719,0.31831634044647217,0.334724383100472,483
2000-03-21,0.34391292929649353,0.3445692432444934,0.31831637236559157,0.31831637236559157,332
2000-03-22,0.34128761291503906,0.34128761291503906,0.33472439560818995,0.33833418077490135,756
2000-03-23,0.343584805727005,0.3462100616247879,0.3412876481366476,0.3412876481366476,1524
2000-03-24,0.35769572854042053,0.35769572854042053,0.3412876446287377,0.3412876446287377,1882
2000-03-27,0.342928409576416,0.3527732744364924,0.34292840957641607,0.3498198032425115,806
2000-03-28,0.32487955689430237,0.3347243824681032,0.32487955689430237,0.3334117547062069,422
2000-03-29,0.3265203535556793,0.33144276622799307,0.3265203535556793,0.3304582758695586,272
2000-03-30,0.31667548418045044,0.3265203283242601,0.31667548418045044,0.3265203283242601,250
2000-03-31,0.32816120982170105,0.32980201430601497,0.3202853443850078,0.32980201430601497,697
2000-04-03,0.32816120982170105,0.3330836232746428,0.32816120982170105,0.32816120982170105,171
2000-04-04,0.32816120982170105,0.32816120982170105,0.31503475438725737,0.32816120982170105,560
2000-04-05,0.3170037269592285,0.3278330440907645,0.3170037269592285,0.3278330440907645,318
2000-04-06,0.32487955689430237,0.32487955689430237,0.31864449678557594,0.3215979483697021,739
2000-04-07,0.32816120982170105,0.3347244277589567,0.3215979918844454,0.3232387963687593,2069
2000-04-10,0.3202853798866272,0.3380060741934315,0.31995722286537676,0.3380060741934315,544
2000-04-11,0.3202853798866272,0.3215980275315635,0.31503478930688184,0.3170037705542536,536
2000-04-12,0.3232387602329254,0.32848934964369664,0.3150347191685779,0.3202853085793491,887
2000-04-13,0.3232387602329254,0.3232387602329254,0.3166755234694614,0.32159795593204193,1128
2000-04-14,0.3019082844257355,0.31503471881820433,0.2953450476695709,0.31503471881820433,1127
2000-04-17,0.2937042713165283,0.2986267042420047,0.288781857950984,0.2953450757717098,381
2000-04-18,0.2937042713165283,0.29600140928974156,0.2920634668613469,0.2953450757717098,355
2000-04-19,0.2953450381755829,0.2953450381755829,0.28878182119032575,0.29206342968295435,912
2000-04-20,0.30847156047821045,0.30847156047821045,0.2953451040212893,0.2953451040212893,480
2000-04-21,0.30847156047821045,0.30847156047821045,0.30847156047821045,0.30847156047821045,0
2000-04-24,0.30847156047821045,0.3087997174886484,0.29862673280547,0.30518995125396364,792
2000-04-25,0.3068307936191559,0.3117532080611898,0.30518998880514464,0.3084715984331672,289
2000-04-26,0.30518990755081177,0.3084715163051327,0.2986266900421699,0.30518990755081177,257
2000-04-27,0.30223649740219116,0.30847155880645616,0.29468878840335455,0.3051899495999939,772
2000-04-28,0.31175312399864197,0.3150347327417965,0.305189906512333,0.305189906512333,1301
2000-05-01,0.31175312399864197,0.31175312399864197,0.31175312399864197,0.31175312399864197,0
2000-05-02,0.3314427137374878,0.3327553803807998,0.31175304660655156,0.31175304660655156,493
2000-05-03,0.31831634044647217,0.3445692086928719,0.31667551662114246,0.331442774569672,248
2000-05-04,0.35736751556396484,0.35736751556396484,0.31831634946868165,0.31831634946868165,1950
2000-05-05,0.36097729206085205,0.36097729206085205,0.35277327069762215,0.3544140749702681,1873
2000-05-08,0.35113251209259033,0.3547422584899723,0.33472442811226727,0.33505260465742237,419
2000-05-09,0.3314427137374878,0.35113240042835014,0.3265203018447353,0.35113240042835014,561
2000-05-10,0.33800601959228516,0.33800601959228516,0.3281611931854876,0.3281611931854876,222
2000-05-11,0.3314427137374878,0.3445691454514945,0.3314427137374878,0.34292834148724366,101
2000-05-12,0.31831634044647217,0.336365187365872,0.31831634044647217,0.336365187365872,401
2000-05-15,0.33800601959228516,0.34456923719681687,0.3166755428176257,0.3215979755809559,324
2000-05-16,0.35146066546440125,0.35277333258471527,0.3396468569809077,0.3396468569809077,775
2000-05-17,0.34785085916519165,0.35277331167476733,0.3445692502387173,0.34785085916519165,305
2000-05-18,0.34785085916519165,0.34817903570578473,0.34785085916519165,0.34785085916519165,121
2000-05-19,0.33800601959228516,0.33800601959228516,0.3232387799820888,0.33144280198775344,268
2000-05-22,0.31470656394958496,0.3380060007980962,0.31339391658967963,0.3380060007980962,619
2000-05-23,0.30551809072494507,0.31831638943669216,0.3051899337333463,0.3166755653588328,485
2000-05-24,0.3068307936191559,0.3068307936191559,0.29534514036114057,0.3055181458559596,1398
2000-05-25,0.31175312399864197,0.31175312399864197,0.305189906512333,0.3084715152554875,110
2000-05-26,0.31667548418045044,0.3183163078376918,0.31175307188850954,0.31175307188850954,537
2000-05-29,0.3265203535556793,0.32783300084694883,0.3166755086511226,0.3166755086511226,236
2000-05-30,0.3314427137374878,0.3314427137374878,0.3281611058089861,0.3281611058089861,280
2000-05-31,0.3314427137374878,0.3347243216659895,0.3314427137374878,0.3314427137374878,129
2000-06-01,0.34128761291503906,0.34128761291503906,0.3314427869547654,0.3314427869547654,256
2000-06-02,0.3491635322570801,0.349491708803359,0.34128764722517074,0.34292845171683545,662
2000-06-05,0.35441407561302185,0.35441407561302185,0.33144277663445854,0.34128760228818866,56
2000-06-06,0.35441407561302185,0.35441407561302185,0.35441407561302185,0.35441407561302185,0
2000-06-07,0.35769572854042053,0.35769572854042053,0.3412876446287377,0.3412876446287377,202
2000-06-08,0.36261823773384094,0.36261823773384094,0.3544142131715114,0.3576958229964432,2338
2000-06-09,0.3764009177684784,0.3839486267178344,0.36589977620061515,0.36589977620061515,1422
2000-06-12,0.3724628984928131,0.38066691933893865,0.37082209432358804,0.38066691933893865,313
2000-06-13,0.367540568113327,0.3806670044002747,0.3642589590415901,0.37082217718506394,1369
2000-06-14,0.36425894498825073,0.37246296735107665,0.36425894498825073,0.37246296735107665,1457
2000-06-15,0.3593365550041199,0.36754057790195815,0.35900837844025957,0.3642589687428229,302
2000-06-16,0.35441407561302185,0.3626180969911303,0.35441407561302185,0.3609772927155086,713
2000-06-19,0.3580237925052643,0.3609772634337192,0.3508042621021354,0.3544140468636281,2406
2000-06-20,0.35769572854042053,0.3609773374987842,0.3560549240612387,0.3609773374987842,1363
2000-06-21,0.37082210183143616,0.38394853545100127,0.3609772766167623,0.36130541398533667,3875
2000-06-22,0.37082210183143616,0.37082210183143616,0.37082210183143616,0.37082210183143616,0
2000-06-23,0.37410375475883484,0.38066697234971325,0.369181341565676,0.37082214596339563,870
2000-06-26,0.37082210183143616,0.3773853186412187,0.37082210183143616,0.37115027831986847,1417
2000-06-27,0.37705716490745544,0.383948518786711,0.370493909262676,0.37738530226178785,164
2000-06-28,0.37410375475883484,0.39379344665133276,0.3724629503611152,0.3839485811451525,510
2000-06-29,0.367540568113327,0.367540568113327,0.35769574089811634,0.3613054874051074,607
2000-06-30,0.3737756609916687,0.377385407616193,0.370822189259021,0.377385407616193,338
2000-07-03,0.38394859433174133,0.38394859433174133,0.37410376760730635,0.37738537651545134,1222
2000-07-04,0.3954341411590576,0.3970749451008026,0.38394847444699104,0.38394847444699104,1080
2000-07-05,0.3970750570297241,0.40987331573501273,0.3954342526254634,0.39871586143398485,377
2000-07-06,0.4167647361755371,0.4167647361755371,0.3905118640510089,0.397075082082141,590
2000-07-07,0.42660942673683167,0.4364542897537222,0.4226715050019871,0.4233278187711524,1658
2000-07-10,0.415123850107193,0.4282502835904694,0.415123850107193,0.4282502835904694,812
2000-07-11,0.4003567099571228,0.4131549700727658,0.39707510078697156,0.4131549700727658,898
2000-07-12,0.4102015793323517,0.4102015793323517,0.3908400597805212,0.40199755556967887,1090
2000-07-13,0.3954341411590576,0.4102013766347624,0.39379333721731263,0.4085605726930175,327
2000-07-14,0.40527892112731934,0.40527892112731934,0.3937932947730606,0.3954340985379547,1338
2000-07-17,0.41938990354537964,0.42332782534134206,0.41020139327489835,0.41020139327489835,585
2000-07-18,0.420046329498291,0.42628140986684476,0.416764720605325,0.420046329498291,607
2000-07-19,0.41184231638908386,0.41512392535474474,0.40363829397493173,0.4102015119062535,902
2000-07-20,0.42168715596199036,0.4266095695584495,0.4118423287690721,0.4118423287690721,301
2000-07-21,0.42989110946655273,0.43350089450453283,0.42004628385736287,0.42004628385736287,427
2000-07-24,0.43645432591438293,0.43645432591438293,0.4233278538442723,0.426609462081836,891
2000-07-25,0.42660942673683167,0.4380950937365618,0.4216870147883128,0.4380950937365618,795
2000-07-26,0.42989110946655273,0.42989110946655273,0.42004628385736287,0.4266095009301561,551
2000-07-27,0.42660942673683167,0.42989103470251094,0.4233278187711524,0.42989103470251094,222
2000-07-28,0.42989110946655273,0.4302192859681362,0.42004628385736287,0.42004628385736287,496
2000-07-31,0.42332786321640015,0.42660947152661594,0.4200462549061844,0.42660947152661594,194
2000-08-01,0.4170929491519928,0.4266096004803281,0.41020155396949576,0.4266096004803281,337
2000-08-02,0.4167647361755371,0.4170929127250398,0.4134831271599711,0.4167647361755371,243
2000-08-03,0.42628148198127747,0.42660961945416714,0.4102015722135724,0.4102015722135724,414
2000-08-04,0.42332786321640015,0.42989107983683167,0.4200462549061844,0.42989107983683167,276
2000-08-07,0.42496880888938904,0.43021939958216404,0.4203745713731133,0.4266096135908975,462
2000-08-08,0.43153202533721924,0.43153202533721924,0.420046354410772,0.4266095725859612,338
2000-08-09,0.4170929491519928,0.43350099566282513,0.41676477257382866,0.43350099566282513,870
2000-08-10,0.420046329498291,0.4266095472842231,0.4102015028193929,0.4266095472842231,565
2000-08-11,0.4259531795978546,0.4259531795978546,0.4102014510746424,0.42332788499067614,818
2000-08-14,0.42759406566619873,0.4426894832063969,0.4233279660031109,0.4298911842171333,1292
2000-08-15,0.42037442326545715,0.4489244463087651,0.4200462467928317,0.4489244463087651,1124
2000-08-16,0.4282502830028534,0.42825028300285345,0.421030752420929,0.42332787045337894,1474
2000-08-17,0.4380953013896942,0.4430177156713921,0.4266096289458613,0.4266096289458613,760
2000-08-18,0.42989110946655273,0.44629919126839535,0.42726585393332306,0.4364543656592055,1473
2000-08-21,0.42332786321640015,0.4315319231117964,0.411842234130645,0.4315319231117964,750
2000-08-22,0.4380953013896942,0.4397361061502602,0.4266096289458613,0.4266096289458613,463
2000-08-23,0.4476119875907898,0.454503383760237,0.4266096615771586,0.43809533489952873,2163
2000-08-24,0.44629937410354614,0.4462993741035461,0.43809534940161754,0.44334590173892646,1823
2000-08-25,0.459425687789917,0.45942568778991694,0.4436739568526387,0.44629925186216257,822
2000-08-28,0.459425687789917,0.46106649228088625,0.4272659119429457,0.45942568778991694,1838
2000-08-29,0.4495807886123657,0.4590974766029113,0.4495807886123657,0.4577848097491161,1130
2000-08-30,0.4545033574104309,0.45942577178326666,0.4495809430375951,0.4495809430375951,496
2000-08-31,0.4512217342853546,0.46598897696063085,0.4512217342853546,0.4545033437687493,2453
2000-09-01,0.4627073407173157,0.47583381701161714,0.44629929424927445,0.4561441221300992,5497
2000-09-04,0.459425687789917,0.4758337718194748,0.45942568778991694,0.46598890575379415,1235
2000-09-05,0.46927037835121155,0.4705830450344043,0.46270716229480846,0.46270716229480846,988
2000-09-06,0.47255218029022217,0.47255218029022217,0.45942570475780514,0.4659889229640805,981
2000-09-07,0.47255218029022217,0.47255218029022217,0.47255218029022217,0.47255218029022217,0
2000-09-08,0.4758337140083313,0.4758337140083313,0.46598884913874683,0.46598884913874683,347
2000-09-11,0.4676297605037689,0.4725522136255876,0.467629760503769,0.4695987417524964,654
2000-09-12,0.4709114134311676,0.47255225737024786,0.46566086148162705,0.46598899897354495,970
2000-09-13,0.4663170874118805,0.4705831869591403,0.4659889108621431,0.46762971537109954,1004
2000-09-14,0.4627073407173157,0.47255220771800893,0.4627073407173157,0.467629754657728,793
2000-09-15,0.464348167181015,0.4692705813527017,0.4594257530093284,0.4627073624571195,672
2000-09-18,0.4545033574104309,0.46598899094704777,0.4528625526194856,0.456472338807514,182
2000-09-19,0.46106651425361633,0.4610665142536164,0.4499090588312479,0.45778490511528835,667
2000-09-20,0.4558159112930298,0.4659888749935973,0.4462992224016912,0.4659888749935973,27
2000-09-21,0.45876938104629517,0.4594256950290514,0.4545032814785814,0.4545032814785814,138
2000-09-22,0.46927037835121155,0.4692703783512116,0.451221534196103,0.4531905146609653,439
2000-09-25,0.4659889042377472,0.4676297087233783,0.45942568629522273,0.4676297087233783,145
2000-09-26,0.46927037835121155,0.4709111823653124,0.4597537307173684,0.4597537307173684,452
2000-09-27,0.459425687789917,0.45942568778991694,0.45942568778991694,0.45942568778991694,583
2000-09-28,0.46697333455085754,0.4669733345508575,0.4594256270660325,0.4594256270660325,446
2000-09-29,0.4659889042377472,0.47058318026943313,0.45942568629522273,0.47058318026943313,605
2000-10-02,0.4495807886123657,0.4594256139764662,0.4495807886123657,0.4594256139764662,5
2000-10-03,0.459425687789917,0.45942568778991694,0.4528624698260398,0.4528624698260398,50
2000-10-04,0.459425687789917,0.45942568778991694,0.4528624698260398,0.45942568778991694,133
2000-10-05,0.459425687789917,0.45942568778991694,0.45942568778991694,0.45942568778991694,0
2000-10-06,0.4633636772632599,0.4692705821026985,0.4627073631966268,0.46598897264966266,278
2000-10-09,0.4561440944671631,0.463035489213758,0.45286248537256857,0.463035489213758,1166
2000-10-10,0.459425687789917,0.46270729677185557,0.4528624698260398,0.46106649228088625,263
2000-10-11,0.459425687789917,0.45942568778991694,0.45942568778991694,0.45942568778991694,417
2000-10-12,0.459425687789917,0.45942568778991694,0.45942568778991694,0.45942568778991694,0
2000-10-13,0.4627073407173157,0.47583381701161714,0.4512217081896868,0.4528625128364909,328
2000-10-16,0.4545033574104309,0.45975394838940453,0.443017723873814,0.45975394838940453,1215
2000-10-17,0.45286253094673157,0.46270735922125683,0.4462993120970481,0.45909761232585294,117
2000-10-18,0.43481364846229553,0.4594257174138288,0.4331728438655267,0.43645445305906444,387
2000-10-19,0.4525342583656311,0.459425652343958,0.4495808261576978,0.459425652343958,319
2000-10-20,0.4495807886123657,0.4495807886123657,0.442689395209552,0.4430175717029654,61
2000-10-23,0.4282502830028534,0.4410485791034015,0.42825028300285345,0.4410485791034015,28
2000-10-24,0.4282502830028534,0.42825028300285345,0.42825028300285345,0.42825028300285345,0
2000-10-25,0.4102015793323517,0.4249688221051628,0.40363836032221345,0.4249688221051628,190
2000-10-26,0.4167647361755371,0.4167647361755371,0.397075082082141,0.4167647361755371,3452
2000-10-27,0.459425687789917,0.45942568778991694,0.42660955885066615,0.42660955885066615,518
2000-10-30,0.4561440944671631,0.45942570356175755,0.44301765808878507,0.4561440944671631,447
2000-10-31,0.4397359788417816,0.4627072388392686,0.4397359788417816,0.45975380677324995,490
2000-11-01,0.443017840385437,0.4433459779580015,0.44006436751306277,0.443017840385437,1056
2000-11-02,0.443017840385437,0.443017840385437,0.443017840385437,0.443017840385437,0
2000-11-03,0.43645432591438293,0.4561439753397649,0.43645432591438293,0.4561439753397649,31
2000-11-06,0.4495807886123657,0.4495807886123657,0.43973596324826525,0.43973596324826525,461
2000-11-07,0.4561440944671631,0.4561440944671631,0.4413768535414878,0.4462992671833796,690
2000-11-08,0.45286253094673157,0.4594257497964151,0.45286253094673157,0.4594257497964151,172
2000-11-09,0.443017840385437,0.4495810612753145,0.4331730090506207,0.4495810612753145,1162
2000-11-10,0.43481364846229553,0.4374389045212319,0.4298911955521215,0.4331728438655267,492
2000-11-13,0.4167647361755371,0.42660956322223514,0.41184232265218806,0.42660956322223514,411
2000-11-14,0.4167647361755371,0.4167647361755371,0.4167647361755371,0.4167647361755371,0
2000-11-15,0.4167647361755371,0.4167647361755371,0.4167647361755371,0.4167647361755371,0
2000-11-16,0.420046329498291,0.420046329498291,0.41381128824960106,0.41381128824960106,8
2000-11-17,0.42660942673683167,0.42660942673683167,0.4134829948741146,0.4184054068226335,67
2000-11-20,0.4331728219985962,0.43317282199859625,0.422999818364224,0.42332795579509275,305
2000-11-21,0.443017840385437,0.443017840385437,0.42660974904086096,0.4331730090506207,311
2000-11-22,0.4331728219985962,0.43973604005435496,0.4266095648229721,0.43973604005435496,291
2000-11-23,0.4308757483959198,0.4364545161269626,0.4308757483959198,0.4361263395122402,130
2000-11-24,0.420046329498291,0.4266095472842231,0.41052967935663504,0.41381128824960106,50
2000-11-27,0.39379340410232544,0.4147957215957733,0.39379340410232544,0.4147957215957733,97
2000-11-28,0.4036383628845215,0.4102015819363233,0.39346535770628027,0.39707514383271975,681
2000-11-29,0.4036383628845215,0.4102015819363233,0.39707514383271975,0.4102015819363233,171
2000-11-30,0.39805951714515686,0.4006847726959143,0.3937934181953864,0.39871583103284625,148
2000-12-01,0.39379340410232544,0.39412154147449685,0.39379340410232544,0.39412154147449685,115
2000-12-04,0.3974032402038574,0.39740324020385737,0.39051188438426726,0.3937934935707008,187
2000-12-05,0.4102015793323517,0.4102015793323517,0.3977314553891148,0.3977314553891148,214
2000-12-06,0.40856075286865234,0.4167647761953584,0.4085607528686523,0.41348316686467596,429
2000-12-07,0.42660942673683167,0.42660942673683167,0.39707495504571827,0.40035656301139755,852
2000-12-08,0.42332786321640015,0.42989107983683167,0.42332786321640015,0.42660947152661594,927
2000-12-11,0.42660942673683167,0.42693760318134066,0.42660942673683167,0.42660942673683167,309
2000-12-12,0.42660942673683167,0.42660942673683167,0.42660942673683167,0.42660942673683167,0
2000-12-13,0.42660942673683167,0.42660942673683167,0.4190617205917988,0.4200462108054731,1139
2000-12-14,0.4331728219985962,0.43317282199859625,0.4266095648229721,0.4266095648229721,11
2000-12-15,0.4282502830028534,0.42857845948742807,0.42004626208706264,0.42857845948742807,226
2000-12-18,0.42660942673683167,0.4331726817880429,0.4233278187711524,0.42660942673683167,557
2000-12-19,0.42989110946655273,0.42989110946655273,0.42628136354843216,0.4266095009301561,1813
2000-12-20,0.4102015793323517,0.43153208023517214,0.4098734027338964,0.4266096268576974,906
2000-12-21,0.42299985885620117,0.42660960566049494,0.4134831682924394,0.4134831682924394,100
2000-12-22,0.41840553283691406,0.42332794626795256,0.41676472835990125,0.42004633731392693,962
2000-12-25,0.41840553283691406,0.4184055328369141,0.4184055328369141,0.4184055328369141,0
2000-12-26,0.4134831428527832,0.42004636113300725,0.4131549662908253,0.42004636113300725,178
2000-12-27,0.42496880888938904,0.42496880888938904,0.41348317597882983,0.41676478538184675,478
2000-12-28,0.42628148198127747,0.42628148198127747,0.41348318166169135,0.42004640055792924,401
2000-12-29,0.42628148198127747,0.42628148198127747,0.42628148198127747,0.42628148198127747,0
2001-01-01,0.42628148198127747,0.42628148198127747,0.42628148198127747,0.42628148198127747,0
2001-01-02,0.42660942673683167,0.42660942673683167,0.4151237988569542,0.4167646028397939,97
2001-01-03,0.4545033574104309,0.4545033574104309,0.4200464176807083,0.4200464176807083,1013
2001-01-04,0.4545033574104309,0.45614416220137616,0.4446585286647593,0.45417518080429303,337
2001-01-05,0.4446585774421692,0.459425822180589,0.4430177724712337,0.45450340726778243,319
2001-01-08,0.443017840385437,0.4492528845828677,0.443017840385437,0.443017840385437,293
2001-01-09,0.48896029591560364,0.49191372888395973,0.4590976331472389,0.4590976331472389,3891
2001-01-10,0.5283396244049072,0.5398252573580942,0.4922418817178784,0.4922418817178784,5662
2001-01-11,0.5244014859199524,0.5283394077796202,0.5152129755008248,0.5283394077796202,1259
2001-01-12,0.5250579714775085,0.5283395806207538,0.5148849674855015,0.5263705994868599,358
2001-01-15,0.5250579714775085,0.5250579714775085,0.5152131440477727,0.5250579714775085,616
2001-01-16,0.5178384780883789,0.5217764409494933,0.5132442402435757,0.5217764409494933,451
2001-01-17,0.5217763185501099,0.5250579274179834,0.5152131008143629,0.5247297508832507,997
2001-01-18,0.5365435481071472,0.5381843525094375,0.5214481319581312,0.5214481319581312,3043
2001-01-19,0.5578740835189819,0.5578740835189819,0.5250579540555361,0.5365435856757892,908
2001-01-22,0.5349028706550598,0.5414660898218908,0.5316212610716443,0.5414660898218908,421
2001-01-23,0.5575459599494934,0.557874136532061,0.5381844413349957,0.5398252460080953,1087
2001-01-24,0.5870804786682129,0.5870804786682129,0.5575459556597854,0.5575459556597854,2264
2001-01-25,0.5870804786682129,0.5870804786682129,0.5870804786682129,0.5870804786682129,0
2001-01-26,0.5874085426330566,0.6038166263047352,0.5710004980812421,0.5903620141243017,2034
2001-01-29,0.5923309326171875,0.5923309326171875,0.5874085194459484,0.5874085194459484,523
2001-01-30,0.6005350351333618,0.6038166441406589,0.5939717779989023,0.6038166441406589,2483
2001-01-31,0.593971848487854,0.6087391298930472,0.593971848487854,0.6087391298930472,759
2001-02-01,0.5578740835189819,0.5903620364310457,0.5431068037445053,0.5903620364310457,347
2001-02-02,0.5480292439460754,0.5677189382295763,0.5414660255581976,0.558202248095233,800
2001-02-05,0.540153443813324,0.5480292909056973,0.540153443813324,0.5480292909056973,274
2001-02-06,0.5431069135665894,0.5513109378114267,0.5431069135665894,0.5447477184155568,315
2001-02-07,0.5562332272529602,0.5677188578046541,0.5414659488523489,0.5414659488523489,592
2001-02-08,0.5710004568099976,0.5775636741563417,0.5677188481368255,0.5710004568099976,1191
2001-02-09,0.5792045593261719,0.5906901912851982,0.571000536498296,0.5742821456294464,595
2001-02-12,0.5808451771736145,0.5910181778579208,0.5775635690973678,0.5903618640666423,1416
2001-02-13,0.5975814461708069,0.5998785642007146,0.5874084445985417,0.589049248779884,585
2001-02-14,0.5988942980766296,0.6064420074674022,0.5906902355145877,0.5969253168025604,1701
2001-02-15,0.5988942980766296,0.610379930895671,0.5906902355145877,0.5988942980766296,343
2001-02-16,0.5824863910675049,0.6002071106200056,0.5680472819002953,0.6002071106200056,117
2001-02-19,0.5710004568099976,0.5808452828295138,0.5683751620474876,0.5710004568099976,43
2001-02-20,0.5578740835189819,0.5857677603110252,0.5578740835189819,0.5857677603110252,256
2001-02-21,0.5539360642433167,0.5644372433659574,0.5539360642433167,0.5644372433659574,233
2001-02-22,0.5578740835189819,0.567718910622056,0.5414659992273263,0.5414659992273263,680
2001-02-23,0.5316212177276611,0.552951678280753,0.5250579990959405,0.552951678280753,1750
2001-02-26,0.5316212177276611,0.5316212177276611,0.5316212177276611,0.5316212177276611,0
2001-02-27,0.5316212177276611,0.5316212177276611,0.5316212177276611,0.5316212177276611,0
2001-02-28,0.5378562211990356,0.5414659674530835,0.5378562211990356,0.5414659674530835,438
2001-03-01,0.5486855506896973,0.5513108065269906,0.5378562334413381,0.5378562334413381,740
2001-03-02,0.5496699810028076,0.5545924333087412,0.5480291766074507,0.5513107853981646,179
2001-03-05,0.5431069135665894,0.5516391144291696,0.5417942853353647,0.5516391144291696,1089
2001-03-06,0.5381843447685242,0.5578740364326662,0.525386047142825,0.5513107797980441,264
2001-03-07,0.5496699810028076,0.5496699810028076,0.5316211326538807,0.5381843502353086,385
2001-03-08,0.5414659976959229,0.5496700202586149,0.5414659976959229,0.5496700202586149,775
2001-03-09,0.5316212177276611,0.536215455121918,0.5250579990959405,0.5250579990959405,379
2001-03-12,0.5224325060844421,0.5316210165150768,0.5152129761460343,0.5316210165150768,212
2001-03-13,0.5135723352432251,0.5316211853823132,0.508649882449062,0.5283395762661154,1224
2001-03-14,0.5135723352432251,0.5316211853823132,0.508649882449062,0.5283395762661154,1224
2001-03-15,0.5152130722999573,0.5411378043932747,0.475833728945057,0.5184946809862105,815
2001-03-16,0.5148850679397583,0.5184948543495455,0.5086499858792056,0.5184948543495455,590
2001-03-19,0.5181665420532227,0.5184947185935957,0.5086498527009083,0.5184947185935957,634
2001-03-20,0.5119315385818481,0.525058015372062,0.5086499291642622,0.525058015372062,227
2001-03-21,0.5135723352432251,0.5250579671499176,0.5135723352432251,0.5250579671499176,146
2001-03-22,0.4787871241569519,0.5017584223074214,0.4597537874219024,0.4597537874219024,726
2001-03-23,0.492241770029068,0.492241770029068,0.4725521180054386,0.492241770029068,658
2001-03-26,0.49552345275878906,0.5020866710809134,0.49224184359772694,0.49224184359772694,1391
2001-03-27,0.5004459619522095,0.502086766845697,0.49552354727174663,0.502086766845697,1048
2001-03-28,0.4988049864768982,0.5020865951416256,0.4886319839682988,0.48896016048271596,1645
2001-03-29,0.5020867586135864,0.5184948463993132,0.4955235391472452,0.49880514888041577,2651
2001-03-30,0.5181665420532227,0.5184947185935957,0.4906010036173989,0.5119314616251828,3592
2001-04-02,0.5079935193061829,0.5184946987580183,0.49552339804702517,0.5184946987580183,1773
2001-04-03,0.49519526958465576,0.49552344614432814,0.4856786187925547,0.4922418370270703,875
2001-04-04,0.4997895658016205,0.5053682937000151,0.49224185670620735,0.49880507520311124,817
2001-04-05,0.5378562211990356,0.5378562211990356,0.5053682310735629,0.5053682310735629,818
2001-04-06,0.5411378741264343,0.5411378741264343,0.5247297894608962,0.5365435979017265,439
2001-04-09,0.5381843447685242,0.5575458599089834,0.5250579097390043,0.5575458599089834,1241
2001-04-10,0.5608275532722473,0.5742821668551996,0.5417942117841201,0.5463884490895893,1791
2001-04-11,0.5349028706550598,0.5710006151925021,0.5349028706550598,0.5710006151925021,2996
2001-04-12,0.5513108372688293,0.5529516418185632,0.534902791771491,0.5414660099704264,1048
2001-04-13,0.5513108372688293,0.5513108372688293,0.5513108372688293,0.5513108372688293,0
2001-04-16,0.5286677479743958,0.5414660478290811,0.5217763918555981,0.5414660478290811,38
2001-04-17,0.5299804210662842,0.5381844444797205,0.5299804210662842,0.5319494023334567,319
2001-04-18,0.5463883876800537,0.5693596889852194,0.525057929936559,0.5316211477037881,579
2001-04-19,0.5217763185501099,0.5414659717573508,0.5217763185501099,0.5414659717573508,310
2001-04-20,0.48239704966545105,0.5086499247798464,0.4725522214975528,0.5086499247798464,448
2001-04-23,0.48567867279052734,0.49224189175474464,0.4787872772301509,0.4791154538263101,357
2001-04-24,0.48896029591560364,0.49191372888395973,0.48567868634193156,0.49191372888395973,128
2001-04-25,0.48896029591560364,0.4922419054892757,0.4758338576209153,0.48896029591560364,716
2001-04-26,0.5152130722999573,0.5217762896724638,0.4955233810625765,0.5217762896724638,161
2001-04-27,0.5119315385818481,0.5299804294984409,0.5119315385818481,0.5286677622594845,998
2001-04-30,0.5283396244049072,0.5414660620656923,0.5283396244049072,0.5316212338201035,626
2001-05-01,0.5283396244049072,0.5283396244049072,0.5283396244049072,0.5283396244049072,0
2001-05-02,0.5283396244049072,0.5283396244049072,0.5283396244049072,0.5283396244049072,0
2001-05-03,0.5414659976959229,0.5444194692904112,0.521776343545462,0.521776343545462,2445
2001-05-04,0.5480292439460754,0.5496700485430449,0.5398252209612281,0.5411378881107242,776
2001-05-07,0.5480292439460754,0.5526235202895103,0.5316211979763809,0.5480292439460754,1019
2001-05-08,0.5381843447685242,0.5463883666619741,0.5250579097390043,0.5460602292581535,3735
2001-05-09,0.5381843447685242,0.5381843447685242,0.5381843447685242,0.5381843447685242,0
2001-05-10,0.5152130722999573,0.5250578983587171,0.5053682071213362,0.5250578983587171,3000
2001-05-11,0.5053682923316956,0.5578741184044994,0.49224185537342846,0.5086499015712622,2312
2001-05-14,0.5053682923316956,0.5053682923316956,0.49289816939736825,0.4932263459692721,89
2001-05-15,0.48896029591560364,0.5086499533576362,0.4853505097366156,0.48567868634193156,1801
2001-05-16,0.5102906823158264,0.5119314868588407,0.48896022325664107,0.49060102779965536,833
2001-05-17,0.5086499452590942,0.5184948129432358,0.5004459214555355,0.5086499452590942,2154
2001-05-18,0.5053682923316956,0.5086499015712622,0.4951952880410914,0.5086499015712622,1811
2001-05-21,0.5020867586135864,0.5217764561324837,0.49880514888041577,0.5217764561324837,1133
2001-05-22,0.5053682923316956,0.5063527829275392,0.49552346461299523,0.5020866830921288,1404
2001-05-23,0.5053682923316956,0.511931510810829,0.4971642692327786,0.498805073852562,1415
2001-05-24,0.5086499452590942,0.5086499452590942,0.5004459214555355,0.5053683357376707,1142
2001-05-25,0.5053682923316956,0.5148849825983599,0.5053682923316956,0.5086499015712622,944
2001-05-28,0.492241770029068,0.5020865960408827,0.4856785526878582,0.5020865960408827,1110
2001-05-29,0.4988049864768982,0.4988049864768982,0.4919135926330262,0.4922417691474434,1508
2001-05-30,0.4988049864768982,0.4988049864768982,0.4988049864768982,0.4988049864768982,0
2001-05-31,0.49847686290740967,0.5152130832096367,0.47747454339874623,0.5152130832096367,762
2001-06-01,0.49585169553756714,0.49683618624132553,0.4951953423218135,0.4951953423218135,228
2001-06-04,0.5020867586135864,0.5037275634801717,0.4971643440138305,0.4971643440138305,326
2001-06-05,0.5250579714775085,0.5283395806207538,0.5119314957846608,0.5119314957846608,1135
2001-06-06,0.5250579714775085,0.5349027989072442,0.5244016574728328,0.5349027989072442,703
2001-06-07,0.5250579714775085,0.5299803851923764,0.5086498866414155,0.525386108919913,1193
2001-06-08,0.5316212177276611,0.5411379082155773,0.5217763897800802,0.5250579990959405,917
2001-06-11,0.5184946656227112,0.5414659257458233,0.5184946656227112,0.5414659257458233,991
2001-06-12,0.5283396244049072,0.5283396244049072,0.5184947961593185,0.5184947961593185,588
2001-06-13,0.5398253202438354,0.5414661251425754,0.5250580761551753,0.5250580761551753,1323
2001-06-14,0.5398253202438354,0.5398253202438354,0.5398253202438354,0.5398253202438354,0
2001-06-15,0.5152130722999573,0.53818433310373,0.5152130722999573,0.53818433310373,54
2001-06-18,0.5053682923316956,0.5158694731942035,0.5053682923316956,0.5158694731942035,28
2001-06-19,0.4988049864768982,0.5053682038063531,0.4922417691474434,0.5053682038063531,929
2001-06-20,0.5004459619522095,0.5181666782738001,0.49880515705872186,0.5181666782738001,935
2001-06-21,0.5184946656227112,0.5184946656227112,0.5004457792632631,0.5004457792632631,130
2001-06-22,0.5119315385818481,0.525058015372062,0.5086499291642622,0.525058015372062,448
2001-06-25,0.4988049864768982,0.5201354819174874,0.4988049864768982,0.5184946775851237,163
2001-06-26,0.5020867586135864,0.5083218405785348,0.49880514888041577,0.5083218405785348,283
2001-06-27,0.5027428865432739,0.508649789699309,0.5020865726636833,0.5020865726636833,257
2001-06-28,0.4988049864768982,0.5020865951416256,0.4955233778121708,0.5020865951416256,459
2001-06-29,0.5053682923316956,0.5152131591702637,0.5020866830921288,0.5020866830921288,523
2001-07-02,0.5345745086669922,0.5411377646776643,0.5135722302643317,0.5135722302643317,170
2001-07-03,0.5339182019233704,0.5513107347399828,0.525057866826563,0.534574515797234,505
2001-07-04,0.5339182019233704,0.5339182019233704,0.5339182019233704,0.5339182019233704,0
2001-07-05,0.5463883876800537,0.5644372756597975,0.5414659743546318,0.5414659743546318,3295
2001-07-06,0.5578740835189819,0.5578740835189819,0.5316211721242522,0.5447476082616843,1964
2001-07-09,0.5578740835189819,0.5578740835189819,0.5578740835189819,0.5578740835189819,0
2001-07-10,0.5332619547843933,0.5381843681341734,0.5332619547843933,0.53490275923432,380
2001-07-11,0.5119315385818481,0.525058015372062,0.507993615104719,0.525058015372062,530
2001-07-12,0.5253860950469971,0.5253860950469971,0.5083217357766826,0.5119314822670163,722
2001-07-13,0.5516390204429626,0.5545924921398265,0.5283395799093472,0.5283395799093472,609
2001-07-16,0.5381843447685242,0.5529515841767341,0.5381843447685242,0.5529515841767341,472
2001-07-17,0.5496699810028076,0.5496699810028076,0.5319493091808971,0.5381843502353086,594
2001-07-18,0.5250579714775085,0.5414660171937348,0.5234171669058859,0.5414660171937348,450
2001-07-19,0.5201354622840881,0.5250578750953744,0.5119314018120849,0.5250578750953744,224
2001-07-20,0.5444194674491882,0.5444194674491882,0.5184947327668396,0.5184947327668396,916
2001-07-23,0.5670625567436218,0.5742820882873082,0.5414659611326323,0.5414659611326323,1178
2001-07-24,0.5903621315956116,0.5923310738616946,0.561155783009932,0.561155783009932,3048
2001-07-25,0.6645263433456421,0.6743711682094655,0.6497590669300504,0.6730585405422317,9778
2001-07-26,0.6891384720802307,0.7019367698380219,0.6641982296187882,0.6641982296187882,8250
2001-07-27,0.6760120391845703,0.6891384743936337,0.6760120391845703,0.6891384743936337,1230
2001-07-30,0.6563224196434021,0.6891385093296805,0.6546816151590882,0.6756839360302251,1077
2001-07-31,0.6645263433456421,0.6724021875887582,0.6563222835059327,0.6563222835059327,1156
2001-08-01,0.685856819152832,0.6858568191528321,0.6596039505122552,0.6596039505122552,371
2001-08-02,0.6861851811408997,0.6989834808049549,0.6792937468850118,0.6884822998129501,2159
2001-08-03,0.697342574596405,0.7039057925687222,0.6924201219973023,0.6957017309834609,1900
2001-08-06,0.6957017183303833,0.7055466233495347,0.6891385004774346,0.7055466233495347,1740
2001-08-07,0.6901230216026306,0.7019368299101058,0.6858569219849387,0.6989834365130358,4680
2001-08-08,0.6776527762413025,0.6858567578381982,0.6727303246913945,0.6776527762413025,1961
2001-08-09,0.6891384720802307,0.69570168966273,0.6776528804307195,0.6776528804307195,1521
2001-08-10,0.6957017183303833,0.698983405496586,0.6888103630567057,0.6888103630567057,1531
2001-08-13,0.6776527762413025,0.695701582698301,0.6776527762413025,0.695701582698301,4620
2001-08-14,0.6989835500717163,0.7016088064600026,0.6842162677283085,0.6874978773335386,2082
2001-08-15,0.6825752258300781,0.6953735230503503,0.6825752258300781,0.6924200517903517,1780
2001-08-16,0.6727305054664612,0.6891385513091096,0.6678081308335336,0.6891385513091096,967
2001-08-17,0.6628854274749756,0.6678078784875804,0.6563222116179722,0.6678078784875804,1845
2001-08-20,0.6792934536933899,0.6953733556971909,0.6625572770606805,0.6625572770606805,200
2001-08-21,0.7317995429039001,0.7711788526122211,0.7121098880497396,0.7121098880497396,7325
2001-08-22,0.738362729549408,0.751489165556374,0.7301586679251892,0.731799511545925,1624
2001-08-23,0.7219545841217041,0.7449258439387478,0.7153913670311202,0.7449258439387478,1966
2001-08-24,0.738362729549408,0.7445978101246359,0.7137506229164817,0.7137506229164817,802
2001-08-27,0.735409140586853,0.7416442201668115,0.7350810032109766,0.738362611688894,1562
2001-08-28,0.7285178899765015,0.7449259347021533,0.7285178899765015,0.7449259347021533,1689
2001-08-29,0.7514892220497131,0.7547708312981503,0.7383627850559649,0.7383627850559649,1153
2001-08-30,0.758052408695221,0.7613340178057734,0.748863934481567,0.7514891904741159,2729
2001-08-31,0.7711786031723022,0.7777418193341314,0.7678969950913876,0.7678969950913876,423
2001-09-03,0.7875868082046509,0.7879149455768223,0.7711786877606115,0.7711786877606115,460
2001-09-04,0.7843053936958313,0.7875870029481261,0.7810237844435364,0.7810237844435364,1448
2001-09-05,0.7744604349136353,0.7908685582965028,0.7744604349136351,0.7908685582965028,2030
2001-09-06,0.758052408695221,0.7843053598193735,0.7383627540319059,0.7744604542479834,5586
2001-09-07,0.758052408695221,0.7580524086952208,0.7580524086952208,0.7580524086952208,0
2001-09-10,0.735081136226654,0.7646156178722863,0.712766147595004,0.7646156178722863,1988
2001-09-11,0.6891384720802307,0.7219546382324524,0.6891384720802307,0.7219546382324524,81
2001-09-12,0.6792934536933899,0.689138277284343,0.6727302379660878,0.689138277284343,1633
2001-09-13,0.6464775204658508,0.689138432288821,0.6431959118640839,0.6792936064835201,1320
2001-09-14,0.6399144530296326,0.6497592811390437,0.597253492102315,0.6070983202117262,2479
2001-09-17,0.7285178899765015,0.7285178899765015,0.6399143702182527,0.6399143702182527,1810
2001-09-18,0.7121099233627319,0.7383627978034728,0.7022650954474541,0.728517969888195,2451
2001-09-19,0.6825752258300781,0.731799433871168,0.6825752258300781,0.7121097819506207,1017
2001-09-20,0.6464775204658508,0.689138432288821,0.6464775204658508,0.689138432288821,1079
2001-09-21,0.6070982813835144,0.6084109093995362,0.5841269781441957,0.6070982813835144,4631
2001-09-24,0.6070982813835144,0.6070982813835144,0.6070982813835144,0.6070982813835144,0
2001-09-25,0.6399144530296326,0.6399144530296326,0.6235063670607447,0.6235063670607447,1945
2001-09-26,0.6592759490013123,0.6628856957114354,0.6402425683703291,0.6402425683703291,1703
2001-09-27,0.6592759490013123,0.6628856957114354,0.6402425683703291,0.6402425683703291,1703
2001-09-28,0.685856819152832,0.7039057054630887,0.6858568191528321,0.6973424883029445,1752
2001-10-01,0.6842162013053894,0.6891385761155038,0.6825753575421932,0.6891385761155038,898
2001-10-02,0.669448971748352,0.6825754099018895,0.6563225335948146,0.6815909192163999,725
2001-10-03,0.6563224196434021,0.6727304644865413,0.6497592017061464,0.6563224196434021,3297
2001-10-04,0.6530407071113586,0.6727303578006135,0.6530407071113586,0.6724022204277077,1029
2001-10-05,0.6661674380302429,0.6727306578540087,0.6563226082945942,0.6563226082945942,1973
2001-10-08,0.6103798151016235,0.6563223767819786,0.6005349888386607,0.6563223767819786,4010
2001-10-09,0.6267879605293274,0.6559943066515551,0.6103799140965709,0.6395862602187986,3701
2001-10-10,0.669448971748352,0.6727305812867364,0.6235063990910996,0.6399144859028929,5680
2001-10-11,0.6727305054664612,0.6891385513091096,0.6399144137811641,0.6399144137811641,2283
2001-10-12,0.6727305054664612,0.6727305054664612,0.6727305054664612,0.6727305054664612,0
2001-10-15,0.6838881373405457,0.6858570405323313,0.6694489923358152,0.6842162748325523,951
2001-10-16,0.7039059400558472,0.7219548323813101,0.684544419508836,0.6891386574041278,2417
2001-10-17,0.669448971748352,0.7055467549103229,0.6563225335948146,0.7055467549103229,2928
2001-10-18,0.692420244216919,0.692420244216919,0.620224794658292,0.6464777103013475,9418
2001-10-19,0.7121099233627319,0.728517969888195,0.6901230706028478,0.7019368797491287,6018
2001-10-22,0.7285178899765015,0.7285178899765015,0.7055466273605889,0.7121098452508496,321
2001-10-23,0.7153914570808411,0.7285178929142957,0.70554663020575,0.7222828124214861,321
2001-10-24,0.6888102889060974,0.7153913731168886,0.6563223405594193,0.7153913731168886,90
2001-10-25,0.6874977350234985,0.6874977350234985,0.6563224111071418,0.6563224111071418,48
2001-10-26,0.6891384720802307,0.6891384720802307,0.6891384720802307,0.6891384720802307,5
2001-10-29,0.6563224196434021,0.6888103719047365,0.6563224196434021,0.6888103719047365,27
2001-10-30,0.6218655109405518,0.688810399139241,0.6218655109405518,0.688810399139241,48
2001-10-31,0.6070982813835144,0.6559942813382675,0.5972534539037493,0.6559942813382675,49
2001-11-01,0.492241770029068,0.6431959253563377,0.4266095183772478,0.4348135791736212,4962
2001-11-02,0.492241770029068,0.492241770029068,0.492241770029068,0.492241770029068,0
2001-11-05,0.48567867279052734,0.5250580256957017,0.48567867279052734,0.5020867202010705,706
2001-11-06,0.4925699830055237,0.5020866332067834,0.4561440692976526,0.47189579990651687,1058
2001-11-07,0.5053682923316956,0.511931510810829,0.4545033099985429,0.45909758640585707,5399
2001-11-08,0.5286677479743958,0.5414660478290811,0.5086499154200738,0.5086499154200738,1939
2001-11-09,0.5368717312812805,0.5368717312812805,0.5250579237906066,0.5250579237906066,297
2001-11-12,0.5309648513793945,0.5414659923316326,0.5086498632861078,0.5414659923316326,706
2001-11-13,0.5480292439460754,0.5578741106477596,0.5381844163642587,0.5381844163642587,361
2001-11-14,0.5260424017906189,0.5545924293625749,0.5250579113364373,0.5283395201038013,1112
2001-11-15,0.5260424017906189,0.5260424017906189,0.5260424017906189,0.5260424017906189,0
2001-11-16,0.5283396244049072,0.5404815714171594,0.5283396244049072,0.5404815714171594,312
2001-11-19,0.5257142782211304,0.5316211824213602,0.5168539414807186,0.5168539414807186,1344
2001-11-20,0.5102906823158264,0.5250579623228208,0.5086498777728121,0.5250579623228208,1087
2001-11-21,0.5250579714775085,0.531621189763999,0.5089780632036868,0.5116033583422562,1109
2001-11-22,0.5385124683380127,0.5480291171506577,0.5217762496731727,0.5217762496731727,1109
2001-11-23,0.5614838600158691,0.5706723736274931,0.5447476373975587,0.5513108558173091,536
2001-11-26,0.5660781860351562,0.5906902572680676,0.5660781860351562,0.5775638192771815,831
2001-11-27,0.5611557960510254,0.5906902828074889,0.5578741864114183,0.5906902828074889,960
2001-11-28,0.5414659976959229,0.5578740819411723,0.5283395615956157,0.5480292157460764,867
2001-11-29,0.5221046209335327,0.5414661428435332,0.5221046209335327,0.5414661428435332,571
2001-11-30,0.5447476506233215,0.5513108692024183,0.5349028227546764,0.5349028227546764,665
2001-12-03,0.5513108372688293,0.5644373127865663,0.544747619069894,0.544747619069894,749
2001-12-04,0.5352309346199036,0.560827491807623,0.5283395402971032,0.5578740594520593,1011
2001-12-05,0.5381843447685242,0.5414659535259042,0.5217763009816243,0.5250579097390043,1328
2001-12-06,0.5385124683380127,0.5414659002812865,0.5250578581078583,0.5250578581078583,882
2001-12-07,0.5394970774650574,0.5545924952358776,0.5250579737016932,0.5545924952358776,1210
2001-12-10,0.5394970774650574,0.5398252149088519,0.5312930154523245,0.5398252149088519,319
2001-12-11,0.5414659976959229,0.5513108247711532,0.5411378602653344,0.5431068022084613,1035
2001-12-12,0.5398253202438354,0.5447477349400555,0.5250580761551753,0.5447477349400555,856
2001-12-13,0.52472984790802,0.531621243452748,0.5152131960794631,0.531621243452748,247
2001-12-14,0.52472984790802,0.52472984790802,0.52472984790802,0.52472984790802,0
2001-12-17,0.5112751126289368,0.5234170961126086,0.5086498178454439,0.5112751126289368,399
2001-12-18,0.5184946656227112,0.5283394913897592,0.505368192146787,0.505368192146787,2119
2001-12-19,0.5217763185501099,0.5316211451537304,0.5217763185501099,0.5316211451537304,686
2001-12-20,0.5155413150787354,0.5217763963290495,0.511931529138034,0.515213177614952,336
2001-12-21,0.5184946656227112,0.5234170785062352,0.5148848805268496,0.5184946656227112,1062
2001-12-24,0.5184946656227112,0.5184946656227112,0.5184946656227112,0.5184946656227112,0
2001-12-25,0.5184946656227112,0.5184946656227112,0.5184946656227112,0.5184946656227112,0
2001-12-26,0.5086499452590942,0.5152132034218124,0.5070091404983824,0.5145568502216307,394
2001-12-27,0.5299804210662842,0.534902835114346,0.511931530436855,0.5250580070182225,1034
2001-12-28,0.5184946656227112,0.5398251214513152,0.508649800735803,0.5316210999787753,549
2001-12-31,0.5184946656227112,0.5184946656227112,0.5184946656227112,0.5184946656227112,0
2002-01-01,0.5184946656227112,0.5184946656227112,0.5184946656227112,0.5184946656227112,0
2002-01-02,0.5463883876800537,0.5463883876800537,0.525057929936559,0.5316211477037881,448
2002-01-03,0.5634527206420898,0.5634527206420898,0.5398251080900939,0.551310737867369,1338
2002-01-04,0.5595147013664246,0.5595147013664246,0.5480290344582454,0.5483572109001384,941
2002-01-07,0.5513108372688293,0.5575459180297376,0.5414660099704264,0.5575459180297376,302
2002-01-08,0.5447476506233215,0.5529516738471925,0.5447476506233215,0.5529516738471925,402
2002-01-09,0.5329338312149048,0.5385125981950217,0.5286677313971139,0.5349028123984599,339
2002-01-10,0.49388250708580017,0.5250578243295865,0.4938825070858001,0.5250578243295865,1998
2002-01-11,0.5119315385818481,0.5119315385818481,0.48896027265874653,0.5119315385818481,1623
2002-01-14,0.4758337140083313,0.4889601483412971,0.45942563197226394,0.4889601483412971,341
2002-01-15,0.4794434607028961,0.4971641705511096,0.4791153233159919,0.4791153233159919,239
2002-01-16,0.492241770029068,0.5083216759869487,0.48075613968195086,0.4823969440172533,397
2002-01-17,0.4807561933994293,0.4856786069553445,0.459425695537265,0.4807561933994294,640
2002-01-18,0.4709114134311676,0.490601110381531,0.46762980379275254,0.47255225737024786,811
2002-01-21,0.45876938104629517,0.4692705221299913,0.4545032814785814,0.4692705221299913,544
2002-01-22,0.4561440944671631,0.46270731265635207,0.45286248537256857,0.45975388011916346,894
2002-01-23,0.47255218029022217,0.4774745939449287,0.45942570475780514,0.45942570475780514,2251
2002-01-24,0.48896029591560364,0.4922419054892757,0.4725522480472432,0.4725522480472432,1254
2002-01-25,0.48896029591560364,0.48896029591560364,0.48896029591560364,0.48896029591560364,0
2002-01-28,0.4807561933994293,0.4856786069553445,0.4758337798435142,0.4758337798435142,2543
2002-01-29,0.4659889042377472,0.4853504206401131,0.4659889042377472,0.4807561837282919,1311
2002-01-30,0.4676297605037689,0.4692705651710855,0.4594257371671863,0.46598895583645245,1434
2002-01-31,0.5004459619522095,0.5004459619522095,0.4873195228043087,0.49191376085812416,2491
2002-02-01,0.492241770029068,0.5017584586457389,0.492241770029068,0.5017584586457389,950
2002-02-04,0.492241770029068,0.4988049873702778,0.4823969440172533,0.4988049873702778,970
2002-02-05,0.4988049864768982,0.4988049864768982,0.48239694315326115,0.48272508054781726,184
2002-02-06,0.4971641004085541,0.5017583752557699,0.4906008841581211,0.5017583752557699,1119
2002-02-07,0.4971641004085541,0.49749227686901754,0.49224168822072933,0.49224168822072933,824
2002-02-08,0.492241770029068,0.5004457917055802,0.4889601613584631,0.4955233786996729,321
2002-02-11,0.492241770029068,0.492241770029068,0.492241770029068,0.492241770029068,0
2002-02-12,0.492241770029068,0.492241770029068,0.492241770029068,0.492241770029068,0
2002-02-13,0.49552345275878906,0.49552345275878906,0.49224184359772694,0.49224184359772694,53
2002-02-14,0.4988049864768982,0.5017584577470695,0.4919135926330262,0.4922417691474434,1624
2002-02-15,0.5086499452590942,0.5119315547805177,0.5004459214555355,0.5004459214555355,1882
2002-02-18,0.5066809058189392,0.5086498476821583,0.5020866298983674,0.5086498476821583,571
2002-02-19,0.5020867586135864,0.5020867586135864,0.49224192941407463,0.5020867586135864,554
2002-02-20,0.5020867586135864,0.505368368346757,0.49224192941407463,0.49880514888041577,334
2002-02-21,0.5152130722999573,0.5152130722999573,0.502086598435083,0.5086498158075895,1359
2002-02-22,0.5119315385818481,0.5148850105295976,0.5086499291642622,0.5148850105295976,1405
2002-02-25,0.5194792747497559,0.5217764327559575,0.5125879180907671,0.5217764327559575,647
2002-02-26,0.5217763185501099,0.5234171229840466,0.511931452826626,0.5184947096822364,120
2002-02-27,0.5217763185501099,0.5283395362858568,0.5152131008143629,0.5247297508832507,791
2002-02-28,0.5217763185501099,0.5217763185501099,0.5217763185501099,0.5217763185501099,0
2002-03-01,0.5286677479743958,0.5286677479743958,0.5217763918555981,0.5217763918555981,154
2002-03-04,0.5303086042404175,0.5303086042404175,0.5152131853241704,0.5152131853241704,112
2002-03-05,0.5349028706550598,0.5381844802384753,0.5283396514882288,0.5283396514882288,1317
2002-03-06,0.5381843447685242,0.5381843447685242,0.5250579097390043,0.5283395184963843,3193
2002-03-07,0.5414659976959229,0.5447476067209996,0.5381843886708461,0.5381843886708461,5068
2002-03-08,0.5447476506233215,0.5447476506233215,0.5349028227546764,0.5447476506233215,64
2002-03-11,0.5447476506233215,0.5447476506233215,0.5414660413337732,0.5447476506233215,176
2002-03-12,0.5480292439460754,0.5480292439460754,0.5316211979763809,0.5447476347521365,2439
2002-03-13,0.5559049844741821,0.5578739651248787,0.5480291009912531,0.5480291009912531,1323
2002-03-14,0.5486855506896973,0.5562332590215757,0.5486855506896973,0.5562332590215757,1571
2002-03-15,0.5483575463294983,0.5545926287004904,0.5447477597399829,0.5450759363826212,1920
2002-03-18,0.5447476506233215,0.5696878968718366,0.5381844320442248,0.5696878968718366,47
2002-03-19,0.5414659976959229,0.5447476067209996,0.5414659976959229,0.5447476067209996,126
2002-03-20,0.5414659976959229,0.5447476067209996,0.5398251931833845,0.5414659976959229,1159
2002-03-21,0.5362154841423035,0.5381844654863299,0.5168540037788174,0.5283396370059396,2061
2002-03-22,0.5286677479743958,0.5349028291712535,0.525058001184512,0.5349028291712535,272
2002-03-25,0.5217763185501099,0.5398251673234141,0.5217763185501099,0.5299803407197936,270
2002-03-26,0.526698887348175,0.5332621070215682,0.526698887348175,0.5312931254716002,259
2002-03-27,0.5273550152778625,0.5316211143831462,0.527026838762125,0.5316211143831462,400
2002-03-28,0.526698887348175,0.5316213021032199,0.526698887348175,0.5273552014915394,1348
2002-03-29,0.526698887348175,0.526698887348175,0.526698887348175,0.526698887348175,0
2002-04-01,0.5381843447685242,0.5381843447685242,0.5217763009816243,0.5234171053603143,188
2002-04-02,0.5381843447685242,0.5414659535259042,0.5378562073647035,0.5378562073647035,910
2002-04-03,0.5204636454582214,0.5414659654394727,0.5204636454582214,0.5414659654394727,814
2002-04-04,0.5316212177276611,0.5398252410173119,0.5316212177276611,0.5398252410173119,62
2002-04-05,0.5365435481071472,0.5381843525094375,0.529980330497986,0.5329337627741634,433
2002-04-08,0.5283396244049072,0.5316212338201035,0.5257143290487762,0.5316212338201035,113
2002-04-09,0.5381843447685242,0.5381843447685242,0.5332619316324543,0.5332619316324543,135
2002-04-10,0.554592490196228,0.554592490196228,0.5381844054397315,0.5381844054397315,577
2002-04-11,0.5513108372688293,0.5513108372688293,0.538512577428852,0.5513108372688293,198
2002-04-12,0.5575459599494934,0.5575459599494934,0.5516390553023607,0.5516390553023607,172
2002-04-15,0.5414659976959229,0.5421223116769651,0.5385125652212999,0.5421223116769651,27
2002-04-16,0.5447476506233215,0.5447476506233215,0.5447476506233215,0.5447476506233215,11
2002-04-17,0.5414659976959229,0.5555769243277262,0.5414659976959229,0.5555769243277262,62
2002-04-18,0.5414659976959229,0.5414659976959229,0.5414659976959229,0.5414659976959229,0
2002-04-19,0.5414659976959229,0.5529516292836917,0.5381843886708461,0.5529516292836917,528
2002-04-22,0.5250579714775085,0.5257142854821842,0.5148849674855015,0.5152131440477727,859
2002-04-23,0.5152130722999573,0.5214481131558939,0.5152130722999573,0.5168538766430839,22
2002-04-24,0.516853928565979,0.5250579511057842,0.5086498669063085,0.516853928565979,445
2002-04-25,0.5234169960021973,0.5234169960021973,0.5122595050863356,0.5168537798586976,1477
2002-04-26,0.5234169960021973,0.5234169960021973,0.5234169960021973,0.5234169960021973,14
2002-04-29,0.5217763185501099,0.5250579274179834,0.5152131008143629,0.5250579274179834,195
2002-04-30,0.5214482545852661,0.5247298641615712,0.5184948216145403,0.5247298641615712,81
2002-05-01,0.5214482545852661,0.5214482545852661,0.5214482545852661,0.5214482545852661,0
2002-05-02,0.47255218029022217,0.5086498804247367,0.47255218029022217,0.5086498804247367,1663
2002-05-03,0.4659889042377472,0.49224181512770965,0.45942568629522273,0.47583377027139856,1514
2002-05-06,0.45089343190193176,0.4597538063311882,0.44958080412271006,0.4594256298264528,442
2002-05-07,0.443017840385437,0.4594258926101308,0.443017840385437,0.4590977550375663,1311
2002-05-08,0.4561440944671631,0.45942570356175755,0.44695558117832523,0.44695558117832523,229
2002-05-09,0.4397359788417816,0.4499089810600413,0.4397359788417816,0.44958080455499033,202
2002-05-10,0.44006410241127014,0.4400641024112702,0.43579800357884085,0.43973596503638096,225
2002-05-13,0.43153202533721924,0.4397360480562058,0.42989118167355583,0.4331728298810166,410
2002-05-14,0.44039228558540344,0.4462991887414443,0.438095167446904,0.4397359717058121,1589
2002-05-15,0.443017840385437,0.44629945083037575,0.4397362299404982,0.4397362299404982,2022
2002-05-16,0.45975375175476074,0.47583365530064403,0.4430175343971763,0.4430175343971763,2007
2002-05-17,0.4367825388908386,0.48567857268817544,0.434813597079311,0.48567857268817544,1123
2002-05-20,0.443017840385437,0.443017840385437,0.4397362299404982,0.443017840385437,911
2002-05-21,0.4479401111602783,0.4512217205437341,0.4469556205212677,0.4512217205437341,663
2002-05-22,0.45286253094673157,0.45286253094673157,0.4462993120970481,0.45286253094673157,424
2002-05-23,0.4590975046157837,0.4594256420093606,0.4462992073896209,0.4594256420093606,299
2002-05-24,0.4479401111602783,0.4692705721527408,0.4462993064685504,0.4692705721527408,102
2002-05-27,0.4659889042377472,0.4659889042377472,0.4528624683526983,0.4528624683526983,160
2002-05-28,0.4659889042377472,0.4676297087233783,0.44958085938143605,0.4673015712981709,544
2002-05-29,0.46927037835121155,0.4725520254992666,0.46598877032301,0.46598877032301,860
2002-05-30,0.46927037835121155,0.4692703783512116,0.4692703783512116,0.4692703783512116,0
2002-05-31,0.48896029591560364,0.48896029591560364,0.46270738020635505,0.4692705993536992,486
2002-06-03,0.46566063165664673,0.4758336321628381,0.45122153290205724,0.45122153290205724,2036
2002-06-04,0.4545033574104309,0.4545033574104309,0.4545033574104309,0.4545033574104309,65
2002-06-05,0.44629937410354614,0.4561442037458604,0.4462993741035461,0.4545033988054747,141
2002-06-06,0.43153202533721924,0.4528624844065843,0.42989118167355583,0.4528624844065843,222
2002-06-07,0.43907973170280457,0.43907973170280457,0.42496876575814846,0.43907973170280457,582
2002-06-10,0.4397359788417816,0.4528624131260599,0.4397359788417816,0.4397359788417816,216
2002-06-11,0.4331728219985962,0.4364544310264756,0.43317282199859625,0.4364544310264756,171
2002-06-12,0.42332786321640015,0.43645433557712,0.42332786321640015,0.43317272726690426,79
2002-06-13,0.42660942673683167,0.42693760318134066,0.4233278187711524,0.42660942673683167,131
2002-06-14,0.41184231638908386,0.42660955673455775,0.4118423163890839,0.42004633880323605,53
2002-06-17,0.420046329498291,0.4269377238214652,0.416764720605325,0.42299980097387874,1167
2002-06-18,0.420046329498291,0.4266095472842231,0.420046329498291,0.4266095472842231,289
2002-06-19,0.40691983699798584,0.4167646622995843,0.40691983699798584,0.4167646622995843,155
2002-06-20,0.3934653103351593,0.40691992341943795,0.3934653103351593,0.40691992341943795,46
2002-06-21,0.3704940378665924,0.39871593348779477,0.36819691910947694,0.39871593348779477,209
2002-06-24,0.3704940378665924,0.370822214454696,0.36425899565158326,0.3691814097539178,206
2002-06-25,0.3658997714519501,0.3773854034502103,0.3658997714519501,0.3773854034502103,233
2002-06-26,0.34456923604011536,0.3642589279074759,0.338006018457616,0.3642589279074759,217
2002-06-27,0.35441407561302185,0.3606491162124404,0.3462100151150537,0.3606491162124404,568
2002-06-28,0.3724628984928131,0.37738531100048844,0.35441405263133696,0.35441405263133696,622
2002-07-01,0.33800601959228516,0.3658997335314077,0.33800601959228516,0.33800601959228516,335
2002-07-02,0.35441407561302185,0.35441407561302185,0.3478508193906754,0.3478508193906754,118
2002-07-03,0.34785085916519165,0.3609773339909531,0.3416158178528361,0.3445692502387173,604
2002-07-04,0.35113251209259033,0.35146064951788064,0.35047615900228024,0.35113251209259033,169
2002-07-05,0.35703936219215393,0.35703936219215393,0.347850811512933,0.347850811512933,248
2002-07-08,0.36425894498825073,0.36425894498825073,0.3613054734657148,0.36425894498825073,189
2002-07-09,0.36425894498825073,0.36425894498825073,0.36425894498825073,0.36425894498825073,0
2002-07-10,0.35703936219215393,0.36589969725587995,0.35638300920088184,0.3642588930174174,47
2002-07-11,0.36425894498825073,0.3675405539333811,0.3609773360431204,0.3609773360431204,26
2002-07-12,0.37574461102485657,0.37574461102485657,0.370822197152201,0.370822197152201,121
2002-07-15,0.36097729206085205,0.3698376273091684,0.36097729206085205,0.36754050915143593,37
2002-07-16,0.36097729206085205,0.364258900606144,0.3576956835155601,0.36097729206085205,96
2002-07-17,0.36097729206085205,0.36589970487879,0.36097729206085205,0.36589970487879,180
2002-07-18,0.36097729206085205,0.36097729206085205,0.360649115558379,0.36097729206085205,352
2002-07-19,0.36097729206085205,0.36097729206085205,0.3576956835155601,0.36097729206085205,77
2002-07-22,0.3343963027000427,0.3544141337968811,0.32816122195715675,0.3544141337968811,196
2002-07-23,0.334724485874176,0.334724485874176,0.3232388524898308,0.33439634839226046,112
2002-07-24,0.3399749994277954,0.3429284316923876,0.31503473740293825,0.33439627230586433,297
2002-07-25,0.3363652527332306,0.3445692756545548,0.33472444814896574,0.3380060573174954,1060
2002-07-26,0.32487955689430237,0.33636518673040333,0.32323875263200225,0.33636518673040333,235
2002-07-29,0.32487955689430237,0.33144277394350297,0.3215979483697021,0.32323875263200225,245
2002-07-30,0.31831634044647217,0.32848934253989587,0.31667551662114246,0.3281611660388721,1475
2002-07-31,0.326848566532135,0.33144282305937534,0.326848566532135,0.32816121404847975,3703
2002-08-01,0.32816120982170105,0.32816120982170105,0.3248796008530732,0.32816120982170105,559
2002-08-02,0.334724485874176,0.3445693144893291,0.3281612667974073,0.3281612667974073,178
2002-08-05,0.334724485874176,0.34785092402771345,0.32487965725902296,0.32487965725902296,110
2002-08-06,0.34456923604011536,0.34456923604011536,0.3314428008751167,0.33472440966636635,1506
2002-08-07,0.34456923604011536,0.3544141015337269,0.34456923604011536,0.347850844831365,493
2002-08-08,0.369181364774704,0.3724629737764455,0.36754056027383325,0.369181364774704,1242
2002-08-09,0.35113251209259033,0.36918136143909447,0.3478508640006339,0.36918136143909447,800
2002-08-12,0.32586410641670227,0.3544141583317996,0.32159802604035853,0.3544141583317996,402
2002-08-13,0.30912789702415466,0.3275049452268891,0.30584628756078847,0.3275049452268891,806
2002-08-14,0.30847156047821045,0.3117531697024573,0.2953451040212893,0.3091278744990863,1932
2002-08-15,0.3035491406917572,0.3101123590116005,0.3035491406917572,0.3101123590116005,753
2002-08-16,0.29862669110298157,0.3019082998689598,0.2953450627770723,0.3019082998689598,264
2002-08-19,0.30847156047821045,0.30847156047821045,0.30847156047821045,0.30847156047821045,1006
2002-08-20,0.29862669110298157,0.3117531261668943,0.29862669110298157,0.3117531261668943,1173
2002-08-21,0.29862669110298157,0.30518990863493795,0.29862669110298157,0.30518990863493795,427
2002-08-22,0.3019082844257355,0.3035490887247941,0.3019082844257355,0.3035490887247941,31
2002-08-23,0.30847156047821045,0.3114250126920194,0.30518995125396364,0.30518995125396364,34
2002-08-26,0.32487955689430237,0.32487955689430237,0.31503471176057185,0.31503471176057185,191
2002-08-27,0.3150347173213959,0.33636519266774145,0.3150347173213959,0.3150347173213959,305
2002-08-28,0.31831634044647217,0.32455140056697807,0.31175310382494253,0.3215979489772722,155
2002-08-29,0.3314427137374878,0.3314427137374878,0.31831628202348106,0.31831628202348106,892
2002-08-30,0.34424111247062683,0.34456924989102466,0.3314428141983728,0.34456924989102466,603
2002-09-02,0.34128761291503906,0.3544140866485981,0.34128761291503906,0.3544140866485981,102
2002-09-03,0.32816120982170105,0.3314428187903289,0.32816120982170105,0.32816120982170105,48
2002-09-04,0.3215979039669037,0.3248795120384146,0.3215979039669037,0.3248795120384146,20
2002-09-05,0.3101123571395874,0.31503477084975545,0.3084715525695314,0.31503477084975545,508
2002-09-06,0.30847156047821045,0.31470662191626625,0.3019083420297168,0.31470662191626625,198
2002-09-09,0.31175312399864197,0.31175312399864197,0.305189906512333,0.3084715152554875,322
2002-09-10,0.30847156047821045,0.3183164077108848,0.30518995125396364,0.3183164077108848,220
2002-09-11,0.3150347173213959,0.3150347173213959,0.3117531087388704,0.3117531087388704,157
2002-09-12,0.30847156047821045,0.30847156047821045,0.3019083420297168,0.30847156047821045,20
2002-09-13,0.30518990755081177,0.3084715163051327,0.30518990755081177,0.3084715163051327,30
2002-09-16,0.3035491406917572,0.305189945271718,0.30190833611179635,0.305189945271718,1899
2002-09-17,0.2953450381755829,0.3035490789670838,0.2953450381755829,0.3035490789670838,1619
2002-09-18,0.2887818515300751,0.2953450692048713,0.2887818515300751,0.2953450692048713,243
2002-09-19,0.2855002284049988,0.296985858761101,0.2855002284049988,0.29567323093977665,2685
2002-09-20,0.2953450381755829,0.2953450381755829,0.2953450381755829,0.2953450381755829,9
2002-09-23,0.27893704175949097,0.2953450869312811,0.27893704175949097,0.2953450869312811,150
2002-09-24,0.277296245098114,0.277296245098114,0.2753272639737718,0.27565542097451773,112
2002-09-25,0.26515430212020874,0.27729626865893203,0.26515430212020874,0.27729626865893203,135
2002-09-26,0.2625289857387543,0.2707330085968674,0.26088818116713164,0.2661387518843374,158
2002-09-27,0.2559657692909241,0.262529007686031,0.2539968075523595,0.2599037123279882,25
2002-09-30,0.2329944521188736,0.25104332102074817,0.2329944521188736,0.25104332102074817,147
2002-10-01,0.24283933639526367,0.24612094587737232,0.22971287890689374,0.23463529313005668,293
2002-10-02,0.2526841461658478,0.2526841461658478,0.24612092768671423,0.2526841461658478,183
2002-10-03,0.24776172637939453,0.2526841401209878,0.24612092179886347,0.24612092179886347,415
2002-10-04,0.2592473328113556,0.2592473328113556,0.2526840960733935,0.25891915630450996,33
2002-10-07,0.2697485387325287,0.2697485387325287,0.25924737769370015,0.25924737769370015,16
2002-10-08,0.2625289857387543,0.2625289857387543,0.259247376595509,0.259247376595509,7
2002-10-09,0.2556375563144684,0.2556375563144684,0.24283927847481956,0.2556375563144684,136
2002-10-10,0.24644911289215088,0.2526841750725977,0.24644911289215088,0.2516997039240658,35
2002-10-11,0.2526841461658478,0.2543249507856311,0.24776173230649762,0.24776173230649762,49
2002-10-14,0.2297128438949585,0.2346352573678664,0.22971284389495847,0.22971284389495847,53
2002-10-15,0.23955771327018738,0.23955771327018738,0.22675941354691273,0.22675941354691273,119
2002-10-16,0.22314968705177307,0.23922957937954065,0.22314968705177304,0.23922957937954065,89
2002-10-17,0.22479039430618286,0.23299441544293326,0.2238059039458011,0.2238059039458011,684
2002-10-18,0.2329944521188736,0.23627608065006817,0.22971284314761137,0.22971284314761137,498
2002-10-21,0.2329944521188736,0.2329944521188736,0.2329944521188736,0.2329944521188736,293
2002-10-22,0.230697363615036,0.23627611132644535,0.22872840188862942,0.23135367767052656,1562
2002-10-23,0.24283933639526367,0.24283933639526367,0.23299448838900239,0.23299448838900239,1441
2002-10-24,0.24152663350105286,0.24940249837044776,0.24119847653981366,0.24940249837044776,755
2002-10-25,0.2559657692909241,0.2559657692909241,0.23955772220299434,0.23955772220299434,769
2002-10-28,0.2507151663303375,0.2625289743829561,0.2507151663303375,0.2625289743829561,141
2002-10-29,0.23890137672424316,0.2395577103111404,0.22971286298715435,0.2395577103111404,761
2002-10-30,0.24579273164272308,0.24940249732102696,0.23463523852809143,0.24612088860258147,3150
2002-10-31,0.23365084826946259,0.24776177845171013,0.23365084826946259,0.2461209735263296,981
2002-11-01,0.23791685700416565,0.2411984655874071,0.23430707191465602,0.23758868049789747,1675
2002-11-04,0.23365084826946259,0.24283936367556855,0.23299451456334783,0.24283936367556855,160
2002-11-05,0.23233819007873535,0.23233819007873535,0.2297128944909702,0.2316818564018257,57
2002-11-06,0.2172427475452423,0.22971287097039067,0.2172427475452423,0.22971287097039067,873
2002-11-07,0.2198679894208908,0.22314959799196038,0.21822718513535602,0.22314959799196038,510
2002-11-08,0.21822716295719147,0.2247903794323188,0.21822716295719147,0.22314957531353696,132
2002-11-11,0.21494555473327637,0.21855533977125646,0.21330475046507805,0.21855533977125646,668
2002-11-12,0.21330471336841583,0.22150875284254035,0.2116639093855762,0.21658634089402146,184
2002-11-13,0.21494555473327637,0.22314959563419767,0.2096949849870277,0.22314959563419767,126
2002-11-14,0.21330471336841583,0.21658634089402146,0.21330471336841583,0.21494551735125547,117
2002-11-15,0.21330471336841583,0.21330471336841583,0.21330471336841583,0.21330471336841583,0
2002-11-18,0.2165864109992981,0.21986802002717748,0.21396111595302153,0.21658641099929812,320
2002-11-19,0.22118063271045685,0.22643120241601977,0.21330474881221803,0.21953982845497283,747
2002-11-20,0.2188834697008133,0.22347772499678403,0.21330472414144622,0.2231495680956277,4736
2002-11-21,0.22446224093437195,0.22479039787306315,0.21986798511290612,0.22479039787306315,600
2002-11-22,0.2165864109992981,0.22150882454111717,0.21494558692542573,0.22150882454111717,592
2002-11-25,0.20969495177268982,0.219867952272125,0.20674150064575464,0.219867952272125,209
2002-11-26,0.2060852199792862,0.2093668285231718,0.2060852199792862,0.2090386715807692,114
2002-11-27,0.20969495177268982,0.21297655978930075,0.20542885352712495,0.21297655978930075,1568
2002-11-28,0.2100231647491455,0.21232030271018087,0.20674155585617948,0.2100231647491455,1661
2002-11-29,0.21822716295719147,0.22150877119475512,0.21002312280335433,0.21002312280335433,447
2002-12-02,0.21494555473327637,0.21986798709780106,0.21461739779162264,0.21822718282960274,225
2002-12-03,0.2067415714263916,0.21494559427667168,0.2067415714263916,0.21363296626857356,608
2002-12-04,0.2067415714263916,0.21002318056650363,0.20345996228627958,0.21002318056650363,255
2002-12-05,0.2001783549785614,0.2067415733188639,0.19722490281343857,0.2067415733188639,479
2002-12-06,0.20345991849899292,0.21002313536672523,0.20181911428205984,0.21002313536672523,227
2002-12-09,0.20510078966617584,0.20510078966617584,0.20050653244709196,0.20181918016110673,230
2002-12-10,0.2067415714263916,0.20838237599644763,0.20345996228627958,0.2051007668563356,879
2002-12-11,0.21330471336841583,0.21330471336841583,0.20510069345421766,0.20542885033880032,581
2002-12-12,0.22282147407531738,0.22282147407531738,0.2103513322729215,0.2103513322729215,1597
2002-12-13,0.23233819007873535,0.2333226808141315,0.22282151802300756,0.22314967508149403,2528
2002-12-16,0.22741569578647614,0.23299442250457586,0.2247904011191763,0.22938465700698604,2453
2002-12-17,0.22741569578647614,0.23102546128406595,0.2231495968420964,0.22774385272990613,556
2002-12-18,0.2329944521188736,0.2329944521188736,0.22544674366099754,0.22971284314761137,2538
2002-12-19,0.2398858368396759,0.240542150783234,0.22971283379500426,0.23594789449853254,16501
2002-12-20,0.2707329988479614,0.2769680599075939,0.2444801070874143,0.2444801070874143,7500
2002-12-23,0.2566220760345459,0.27893704512100775,0.2526841334098998,0.27270196440866823,1981
2002-12-24,0.2566220760345459,0.2566220760345459,0.2566220760345459,0.2566220760345459,0
2002-12-25,0.2566220760345459,0.2566220760345459,0.2566220760345459,0.2566220760345459,0
2002-12-26,0.26088815927505493,0.26088815927505493,0.25760655040718144,0.2592473548411182,604
2002-12-27,0.2559657692909241,0.25924739826844506,0.24973070748552376,0.25924739826844506,200
2002-12-30,0.25727835297584534,0.26252894238592617,0.25727835297584534,0.25727835297584534,402
2002-12-31,0.25727835297584534,0.25727835297584534,0.25727835297584534,0.25727835297584534,0
2003-01-01,0.25727835297584534,0.25727835297584534,0.25727835297584534,0.25727835297584534,0
2003-01-02,0.2592473328113556,0.2625289414003716,0.2579346854637632,0.2625289414003716,775
2003-01-03,0.2510433793067932,0.26416983779941244,0.24973073150153757,0.26252903293282714,1095
2003-01-06,0.2592473328113556,0.2618726079466104,0.2543249003679015,0.2579346854637632,1452
2003-01-07,0.2510433793067932,0.2615445421889012,0.2510433793067932,0.2615445421889012,579
2003-01-08,0.2520277798175812,0.25235593676142126,0.24612087658873927,0.25104328942613086,224
2003-01-09,0.25727835297584534,0.25727835297584534,0.24677719371561388,0.2520277831256947,1475
2003-01-10,0.2664669156074524,0.27237382003825,0.25924738313419654,0.25924738313419654,3718
2003-01-13,0.2625289857387543,0.27204565616615217,0.26154449517180733,0.26909220402524475,923
2003-01-14,0.26088815927505493,0.2674513770108019,0.26088815927505493,0.2625289637089917,209
2003-01-15,0.25727835297584534,0.2579346864320705,0.25596570562332516,0.2579346864320705,666
2003-01-16,0.2494024932384491,0.2579346914146848,0.24644904152820832,0.25695020099129434,494
2003-01-17,0.24283933639526367,0.2464491029135961,0.2421830027628807,0.24612094587737232,447
2003-01-20,0.24448014795780182,0.24644910979001788,0.24119853838412972,0.24119853838412972,890
2003-01-21,0.23627609014511108,0.24283930835138645,0.23397895203695482,0.24283930835138645,581
2003-01-22,0.2297128438949585,0.23299445287689707,0.2244622734358432,0.22971284389495847,749
2003-01-23,0.23627609014511108,0.23955769924824877,0.23299446148204025,0.23627609014511108,675
2003-01-24,0.2297128438949585,0.23036917742730564,0.22479043042205057,0.23004100088116586,41
2003-01-27,0.2205243557691574,0.22183700342182203,0.2175709034406457,0.22183700342182203,546
2003-01-28,0.22807204723358154,0.22840020423105437,0.2231496335916898,0.2267593996837571,444
2003-01-29,0.2329944521188736,0.2329944521188736,0.22971284314761137,0.22971284314761137,378
2003-01-30,0.2329944521188736,0.23627608065006817,0.2329944521188736,0.23627608065006817,5
2003-01-31,0.23135367035865784,0.23496345622957432,0.23102551334128385,0.23496345622957432,52
2003-02-03,0.2297128438949585,0.23496343391400618,0.22971284389495847,0.23496343391400618,20
2003-02-04,0.21822716295719147,0.2297127917886643,0.21822716295719147,0.2297127917886643,265
2003-02-05,0.21822716295719147,0.22643118355110062,0.21822716295719147,0.22643118355110062,1023
2003-02-06,0.22314968705177307,0.22314968705177304,0.21035138504483913,0.21330483784952098,675
2003-02-07,0.21494555473327637,0.2293846557653372,0.21494555473327637,0.2293846557653372,1423
2003-02-10,0.21100768446922302,0.21199217509745458,0.21002319384099147,0.21199217509745458,155
2003-02-11,0.21166393160820007,0.21494553991841583,0.21166393160820007,0.21494553991841583,96
2003-02-12,0.2165864109992981,0.21658641099929812,0.21002317338360668,0.21461742993462432,173
2003-02-13,0.21330471336841583,0.22282139994079733,0.2116639093855762,0.21658634089402146,319
2003-02-14,0.2093668431043625,0.2126484518767932,0.20838235264866084,0.20969500006961933,10
2003-02-17,0.20838236808776855,0.21002317259555156,0.20805421109819847,0.21002317259555156,32
2003-02-18,0.2100231647491455,0.21330477364211156,0.20674155585617948,0.20936685079452505,1384
2003-02-19,0.20510078966617584,0.21297665639032887,0.20345998491364128,0.21297665639032887,239
2003-02-20,0.20838236808776855,0.20838236808776855,0.20083465952799365,0.2018191500566365,161
2003-02-21,0.2165864109992981,0.21658641099929812,0.2051007598417876,0.2051007598417876,134
2003-02-24,0.20805418491363525,0.21625820642003699,0.20674153756062494,0.21625820642003699,49
2003-02-25,0.20345991849899292,0.21002313536672523,0.20017831006512676,0.21002313536672523,175
2003-02-26,0.19886569678783417,0.21002317128301679,0.1936151067477959,0.20674156228795912,752
2003-02-27,0.19689670205116272,0.20181911471245947,0.19689670205116272,0.20181911471245947,982
2003-02-28,0.19525593519210815,0.1972248967213933,0.18869269749460282,0.1972248967213933,890
2003-03-03,0.19525593519210815,0.19525593519210815,0.19525593519210815,0.19525593519210815,0
2003-03-04,0.19525593519210815,0.19525593519210815,0.19525593519210815,0.19525593519210815,0
2003-03-05,0.19689670205116272,0.19689670205116272,0.193615074050369,0.19689670205116272,524
2003-03-06,0.2067415714263916,0.2067415714263916,0.1968967440060555,0.20313180528425503,3116
2003-03-07,0.2165864109992981,0.2182272155132378,0.2051007598417876,0.20641340736492592,867
2003-03-10,0.20805418491363525,0.21264844086920626,0.2051007332593446,0.21264844086920626,465
2003-03-11,0.2067415714263916,0.21166398513655965,0.2067415714263916,0.21166398513655965,104
2003-03-12,0.2100231647491455,0.2113358122183183,0.20674155585617948,0.21067949826369786,191
2003-03-13,0.20838236808776855,0.21166397710333457,0.20280362102534674,0.21166397710333457,1492
2003-03-14,0.2100231647491455,0.21330477364211156,0.20674155585617948,0.21166396919562852,303
2003-03-17,0.2067415714263916,0.20838237599644763,0.20345996228627958,0.20345996228627958,434
2003-03-18,0.20969495177268982,0.21166391267067103,0.20674150064575464,0.21067944200164376,778
2003-03-19,0.20510078966617584,0.2133048134288487,0.20510078966617584,0.20575710374321546,112
2003-03-20,0.20149099826812744,0.20345995981630507,0.2001783507160313,0.20345995981630507,560
2003-03-21,0.20149099826812744,0.20674156891657883,0.2001783507160313,0.20280362626029044,1368
2003-03-24,0.1995219588279724,0.20017829219210204,0.195255879980803,0.20017829219210204,651
2003-03-25,0.19853752851486206,0.19952199942145968,0.19689672411060133,0.19788119501719895,743
2003-03-26,0.20510078966617584,0.20674159441871043,0.1985375706560376,0.1988657276945574,2463
2003-03-27,0.20181918144226074,0.2034599862052112,0.20050653371991325,0.20313182916460823,127
2003-03-28,0.20510078966617584,0.20510078966617584,0.19722492294202285,0.20017837540857217,105
2003-03-31,0.2001783549785614,0.20345996414871265,0.1988657073985142,0.20181915956363702,267
2003-04-01,0.2129765897989273,0.2129765897989273,0.20181911705831276,0.20345992129781698,339
2003-04-02,0.2215089201927185,0.22282156828268224,0.2100232640754917,0.21330487452043048,1446
2003-04-03,0.22905650734901428,0.23627605813375158,0.21822719095187357,0.22150879961040948,2274
2003-04-04,0.2297128438949585,0.23299445287689707,0.22479043042205057,0.22905652992254372,733
2003-04-07,0.22479039430618286,0.2362760434575627,0.22479039430618286,0.23266625850944908,1585
2003-04-08,0.21494555473327637,0.224790399902396,0.21002314192868143,0.224790399902396,1136
2003-04-09,0.20838236808776855,0.2149455861189006,0.20739789711905832,0.2149455861189006,621
2003-04-10,0.2100231647491455,0.21625822555776736,0.20674155585617948,0.21625822555776736,444
2003-04-11,0.21330471336841583,0.21330471336841583,0.21002310540273655,0.2110075956164109,148
2003-04-14,0.21461741626262665,0.21658639720186837,0.21035131697417817,0.2133047688231093,932
2003-04-15,0.21166393160820007,0.21822716778856,0.20510071498776858,0.21494553991841583,876
2003-04-16,0.21330471336841583,0.21658634089402146,0.21264839959925053,0.21625816444951243,634
2003-04-17,0.2198679894208908,0.22938465818897855,0.21593004739964936,0.21822718513535602,1514
2003-04-18,0.2198679894208908,0.2198679894208908,0.2198679894208908,0.2198679894208908,0
2003-04-21,0.2198679894208908,0.2198679894208908,0.2198679894208908,0.2198679894208908,0
2003-04-22,0.21494555473327637,0.22216510524930677,0.21494555473327637,0.22216510524930677,346
2003-04-23,0.21822716295719147,0.21953981016420254,0.21494553515969983,0.21953981016420254,227
2003-04-24,0.2215089201927185,0.22282156828268224,0.21527385643534663,0.21822730974777974,475
2003-04-25,0.21953986585140228,0.22282147492135973,0.2182272183114327,0.22150882738139016,843
2003-04-28,0.22282147407531738,0.22282147407531738,0.21953986501782005,0.21953986501782005,83
2003-04-29,0.22643126547336578,0.22971287489820755,0.22479046076094492,0.22544677482193926,1808
2003-04-30,0.22446224093437195,0.22643120212644885,0.22314959361967748,0.22643120212644885,216
2003-05-01,0.22446224093437195,0.22446224093437195,0.22446224093437195,0.22446224093437195,0
2003-05-02,0.2257748693227768,0.22774383034979934,0.22479037902930157,0.22544669285166644,1070
2003-05-05,0.22643126547336578,0.23135367961062842,0.2238059701095184,0.22544677482193926,3574
2003-05-06,0.2215089201927185,0.22905663204005408,0.2185554668802854,0.22905663204005408,1287
2003-05-07,0.23627609014511108,0.23791689469667993,0.21986802506948952,0.21986802506948952,950
2003-05-08,0.24415192008018494,0.2454645674408217,0.2329944272947374,0.2362760554762945,996
2003-05-09,0.25760653614997864,0.2608881448362319,0.24513639575831336,0.24579272923152243,1941
2003-05-12,0.2507151663303375,0.25399677533163545,0.24940251881783188,0.2526841278191298,1466
2003-05-13,0.2526841461658478,0.257278403013228,0.249402536926281,0.2510433415460644,2124
2003-05-14,0.2556375563144684,0.2556375563144684,0.24940249587362096,0.2500588293494595,621
2003-05-15,0.24119852483272552,0.2526841576952735,0.2398858771650188,0.2526841576952735,299
2003-05-16,0.23594793677330017,0.2379169180766198,0.22971287495263648,0.23529162271215032,1132
2003-05-19,0.22479039430618286,0.231025454282099,0.22479039430618286,0.2297128069882331,500
2003-05-20,0.2261030524969101,0.2261030524969101,0.21888350181267155,0.21986799222050005,733
2003-05-21,0.2297128438949585,0.22971284389495847,0.22314962593108129,0.22314962593108129,1200
2003-05-22,0.23463518917560577,0.23922944432707333,0.2326662282706702,0.2326662282706702,553
2003-05-23,0.2329944521188736,0.23627608065006817,0.23069733366296297,0.23463525660450468,2198
2003-05-26,0.2267593890428543,0.23036917452546207,0.22479042759047965,0.23004099798345615,894
2003-05-27,0.23430708050727844,0.2346352374656509,0.22643121570668542,0.2297128244102716,1614
2003-05-28,0.2297128438949585,0.23299445287689707,0.22741572543157443,0.23299445287689707,837
2003-05-29,0.23135367035865784,0.23627610385900447,0.2280720610650496,0.22938470869447974,351
2003-05-30,0.23168183863162994,0.23758874347106854,0.2297128768717955,0.23299448632483133,106
2003-06-02,0.2329944521188736,0.2349634331495768,0.23135364763324248,0.23135364763324248,571
2003-06-03,0.2297128438949585,0.22971284389495847,0.22314962593108129,0.22314962593108129,789
2003-06-04,0.23660427331924438,0.24251117818235324,0.23594793969004602,0.23594793969004602,567
2003-06-05,0.24283933639526367,0.24907439832325715,0.2385732362445483,0.2385732362445483,973
2003-06-06,0.2523559629917145,0.25432492441934224,0.2490743540923576,0.2490743540923576,2278
2003-06-09,0.246120885014534,0.25169963149052066,0.246120885014534,0.25169963149052066,66
2003-06-10,0.23955771327018738,0.24776173650823452,0.23791690862257797,0.2461209318606251,900
2003-06-11,0.23430708050727844,0.23955767008096093,0.2329944331138578,0.23955767008096093,153
2003-06-12,0.23627609014511108,0.24283930835138645,0.23627609014511108,0.23955769924824877,585
2003-06-13,0.2372606098651886,0.24119855333363063,0.23299450933102733,0.2395577484450974,625
2003-06-16,0.23627609014511108,0.24087034680149047,0.22971285237890257,0.2372605611400925,284
2003-06-17,0.23496344685554504,0.23627609443260622,0.23299446570998655,0.23627609443260622,548
2003-06-18,0.22643126547336578,0.23463528903547015,0.22643126547336578,0.23463528903547015,677
2003-06-19,0.22643126547336578,0.22643126547336578,0.22643126547336578,0.22643126547336578,0
2003-06-20,0.22643126547336578,0.22807207018578668,0.21396114183499315,0.22643126547336578,1643
2003-06-23,0.21757088601589203,0.2201961811109674,0.21396111993011324,0.2201961811109674,842
2003-06-24,0.21953986585140228,0.22938469306127462,0.216586413776454,0.216586413776454,984
2003-06-25,0.2198679894208908,0.22282144104683943,0.21363292922387264,0.2215087937064256,2304
2003-06-26,0.21953986585140228,0.21986802284641144,0.2182272183114327,0.21986802284641144,238
2003-06-27,0.21133583784103394,0.21133583784103394,0.2080542285502,0.2100231902127135,2069
2003-06-30,0.21133583784103394,0.21133583784103394,0.20510077627646262,0.21133583784103394,671
2003-07-01,0.22314968705177307,0.22314968705177304,0.21002322796874953,0.21166403290913527,1041
2003-07-02,0.22807204723358154,0.22971285178087877,0.2231496335916898,0.2231496335916898,1914
2003-07-03,0.22643126547336578,0.22971287489820755,0.22314965604852405,0.22971287489820755,332
2003-07-04,0.22905650734901428,0.22971282125674927,0.22643121259821336,0.22971282125674927,379
2003-07-07,0.22774380445480347,0.2297127652579506,0.226759314273267,0.2297127652579506,982
2003-07-08,0.2297128438949585,0.22971284389495847,0.22479043042205057,0.22807203940398918,550
2003-07-09,0.2297128438949585,0.22971284389495847,0.22971284389495847,0.22971284389495847,0
2003-07-10,0.22479039430618286,0.22544670817315118,0.22314959007883278,0.22544670817315118,40
2003-07-11,0.21822716295719147,0.22643118355110062,0.21822716295719147,0.22314957531353696,103
2003-07-14,0.21822716295719147,0.22314957531353696,0.21822716295719147,0.22314957531353696,1186
2003-07-15,0.21822716295719147,0.22150877119475512,0.21724267266195119,0.22150877119475512,104
2003-07-16,0.2165864109992981,0.22282147206425545,0.21658641099929812,0.2182272155132378,133
2003-07-17,0.21494555473327637,0.21658637856140445,0.21330475046507805,0.21658637856140445,1387
2003-07-18,0.21330471336841583,0.21658634089402146,0.2103512622873192,0.21658634089402146,2051
2003-07-21,0.21330471336841583,0.21625816444951243,0.21330471336841583,0.21625816444951243,303
2003-07-22,0.21494555473327637,0.21560188817651355,0.21166394619687973,0.21330475046507805,228
2003-07-23,0.21166393160820007,0.21822716778856,0.21166393160820007,0.2162581871544878,207
2003-07-24,0.21166393160820007,0.21494553991841583,0.21166393160820007,0.21494553991841583,52
2003-07-25,0.21166393160820007,0.21166393160820007,0.21166393160820007,0.21166393160820007,10
2003-07-28,0.2093668431043625,0.21166396142109153,0.20674154826244548,0.21166396142109153,271
2003-07-29,0.20345991849899292,0.20838233114979215,0.20345991849899292,0.20838233114979215,850
2003-07-30,0.20575706660747528,0.2060852431467002,0.2031317912132,0.20378810517178583,1447
2003-07-31,0.20345991849899292,0.20969497843532445,0.20345991849899292,0.2064133700014583,255
2003-08-01,0.19525593519210815,0.20345995786407367,0.1939432876526071,0.20345995786407367,409
2003-08-04,0.1936151087284088,0.19525593280265519,0.19033349969978144,0.19525593280265519,2620
2003-08-05,0.1936151087284088,0.19361510872840879,0.19361510872840879,0.19361510872840879,1920
2003-08-06,0.1936151087284088,0.19689673731696886,0.18869269518546775,0.19689673731696886,431
2003-08-07,0.19689670205116272,0.1998501535599266,0.19492772133870065,0.19689670205116272,262
2003-08-08,0.20083464682102203,0.204772589126504,0.19853752847943942,0.20149098031856805,968
2003-08-11,0.2060852199792862,0.2080541811936316,0.20181912104826297,0.20181912104826297,474
2003-08-12,0.20345991849899292,0.20674152693285908,0.20181911428205984,0.205100722715926,837
2003-08-13,0.20411626994609833,0.21133582156591066,0.20181915144339105,0.20345995596244848,2724
2003-08-14,0.2100231647491455,0.2100231647491455,0.20345994696321343,0.20510075140969644,503
2003-08-15,0.21232031285762787,0.21494558836151165,0.2096950177938113,0.21002317478680516,731
2003-08-18,0.21035131812095642,0.214945574404348,0.21035131812095642,0.21330476998598896,1984
2003-08-19,0.22314968705177307,0.2297129068133159,0.21658646729023018,0.21658646729023018,2434
2003-08-20,0.2297128438949585,0.23069733441351303,0.22479043042205057,0.2261030779268125,686
2003-08-21,0.2215089201927185,0.22643133586012662,0.22118076306021284,0.22347788254769352,1892
2003-08-22,0.21166393160820007,0.22150877609877576,0.2100231274530922,0.22085244270077556,1567
2003-08-25,0.20181918144226074,0.21625826726821176,0.19361513806757288,0.21625826726821176,1116
2003-08-26,0.20510078966617584,0.208382399171245,0.20017837540857217,0.20149102312258693,550
2003-08-27,0.2067415714263916,0.21002318056650363,0.20345996228627958,0.21002318056650363,2222
2003-08-28,0.2067415714263916,0.21297663270459113,0.20575708086038466,0.20706972842841614,291
2003-08-29,0.20838236808776855,0.20838236808776855,0.20674156357998555,0.20674156357998555,1166
2003-09-01,0.20772604644298553,0.20838236039790597,0.206741555950673,0.20706971292813323,258
2003-09-02,0.2070697546005249,0.20969505006840608,0.2070697546005249,0.20969505006840608,181
2003-09-03,0.20903874933719635,0.21002322053059924,0.2080542585838564,0.20969506346613162,517
2003-09-04,0.20181918144226074,0.21133585297936044,0.20181918144226074,0.2083824004940625,1919
2003-09-05,0.2100231647491455,0.21297661666480133,0.2014909855394202,0.2014909855394202,1006
2003-09-08,0.2165864109992981,0.22610308109213484,0.21133582090674496,0.21133582090674496,3208
2003-09-09,0.21461741626262665,0.21986800602069598,0.2133047688231093,0.21986800602069598,1218
2003-09-10,0.21757088601589203,0.22282147620604273,0.21166398183193905,0.21166398183193905,5710
2003-09-11,0.22774380445480347,0.22938460838408037,0.22150874561156603,0.22150874561156603,3598
2003-09-12,0.22643126547336578,0.22807207018578668,0.22479046076094492,0.22643126547336578,1331
2003-09-15,0.23004110157489777,0.2336508886830544,0.22872847305550373,0.22872847305550373,2832
2003-09-16,0.23627609014511108,0.23955769924824877,0.23299446148204025,0.23299446148204025,3921
2003-09-17,0.23660427331924438,0.24283933521698478,0.23594793969004602,0.2395577257507988,1283
2003-09-18,0.23627609014511108,0.24218297479479903,0.23299446148204025,0.23791689469667993,1127
2003-09-19,0.22643126547336578,0.23758874142981473,0.22643126547336578,0.23627611330782608,1699
2003-09-22,0.2215089201927185,0.22774398395009035,0.2198681149702491,0.22774398395009035,313
2003-09-23,0.22314968705177307,0.2264312969325445,0.21986807717100162,0.21986807717100162,2643
2003-09-24,0.21855534613132477,0.2280720150758007,0.21757085571778473,0.2280720150758007,1134
2003-09-25,0.2165864109992981,0.22150882454111717,0.21560192046696122,0.22118066755031576,790
2003-09-26,0.21822716295719147,0.2198679670759733,0.21658635883840963,0.2198679670759733,328
2003-09-29,0.21822716295719147,0.21822716295719147,0.21363290751261674,0.21658635883840963,256
2003-09-30,0.21494555473327637,0.21822718282960274,0.21264843658177063,0.21494555473327637,780
2003-10-01,0.2224932760000229,0.22282145252197466,0.21658639200385563,0.21658639200385563,191
2003-10-02,0.22314968705177307,0.2261031398564549,0.21921174345888467,0.22479049199215878,874
2003-10-03,0.22643126547336578,0.22938471786771036,0.22150885133610318,0.22643126547336578,2148
2003-10-06,0.2261030524969101,0.22971281805906427,0.22314960083335478,0.22643120944620954,1778
2003-10-07,0.22774380445480347,0.2280719613286737,0.22347770641471318,0.2264311573993968,1987
2003-10-08,0.22314968705177307,0.23299451669408736,0.22183703918747694,0.22905659266113673,8431
2003-10-09,0.2303691953420639,0.2411985136485808,0.22643125252154236,0.22807205714010953,3688
2003-10-10,0.23135367035865784,0.2411985177994168,0.2297128657118537,0.23299447500546194,1633
2003-10-13,0.2329944521188736,0.23463525660450468,0.22971284314761137,0.22971284314761137,519
2003-10-14,0.23529158532619476,0.23857319423039258,0.23397893785252924,0.23496342834776135,2002
2003-10-15,0.2339789718389511,0.24283932890324825,0.23332265778675199,0.23791691483195035,1198
2003-10-16,0.23594793677330017,0.23955772278942944,0.23266632734768086,0.23955772278942944,344
2003-10-17,0.23135367035865784,0.23332265158277019,0.22675941343561942,0.23299447500546194,306
2003-10-20,0.23791685700416565,0.23955766129578637,0.2313536202777527,0.23233811067669716,1380
2003-10-21,0.23955771327018738,0.24251116554787122,0.23922953669271807,0.23955771327018738,3226
2003-10-22,0.23922954499721527,0.24119852629064428,0.23299448320787172,0.23791691688150923,2303
2003-10-23,0.22708755731582642,0.2428393083978046,0.22643124331904665,0.23200999053140697,4087
2003-10-24,0.23594793677330017,0.23594793677330014,0.22807207023982684,0.22905656089148665,850
2003-10-27,0.2339789718389511,0.23758873824591598,0.2300410288459519,0.2362761101415177,1739
2003-10-28,0.2408703714609146,0.24119852849283724,0.23463529005470848,0.23463529005470848,1121
2003-10-29,0.24119852483272552,0.2457927818897317,0.23890138652425502,0.24087036780578255,2267
2003-10-30,0.23955771327018738,0.2411985179177968,0.23627610397496854,0.2411985179177968,230
2003-10-31,0.24448014795780182,0.250715210059766,0.23955773359729368,0.23955773359729368,2854
2003-11-03,0.2494024932384491,0.2510432975708128,0.2461208845737217,0.24907433628396247,5749
2003-11-04,0.25695016980171204,0.25859097393490876,0.25005879635427153,0.2526840712314294,5831
2003-11-05,0.26482608914375305,0.26613873663783916,0.255965733228621,0.255965733228621,3166
2003-11-06,0.26351338624954224,0.26909213203656934,0.2625289155058985,0.26449787655311413,2510
2003-11-07,0.2710611820220947,0.27893706791498274,0.2641698063157359,0.2658106109867706,3158
2003-11-10,0.2690921723842621,0.2789370182163331,0.2690921723842621,0.2789370182163331,528
2003-11-11,0.27893704175949097,0.27893704175949097,0.2595755249848593,0.26252897702776806,3041
2003-11-12,0.28090599179267883,0.28090599179267883,0.2690921841036559,0.27237379300395514,4669
2003-11-13,0.2707329988479614,0.28057784548312453,0.26909219433542303,0.28057784548312453,646
2003-11-14,0.27828067541122437,0.27828067541122437,0.27270192897451295,0.27270192897451295,911
2003-11-17,0.2674514353275299,0.27401465449436085,0.2664669446285309,0.27237384970265316,785
2003-11-18,0.26581060886383057,0.2713893564367537,0.26581060886383057,0.2713893564367537,858
2003-11-19,0.2592473328113556,0.26876400163148806,0.2576065285168476,0.26581054998938763,1321
2003-11-20,0.26187267899513245,0.2658106221063107,0.25924740314761563,0.2658106221063107,876
2003-11-21,0.26581060886383057,0.27171751345635287,0.26187266594883757,0.26252899954797027,3154
2003-11-24,0.2805778980255127,0.2884537650725569,0.27073304954675514,0.27073304954675514,4164
2003-11-25,0.28221872448921204,0.2871411393261321,0.27237387525543416,0.2855003343804921,3788
2003-11-26,0.2756554186344147,0.2848439319368974,0.2736864570867207,0.2848439319368974,1473
2003-11-27,0.2933761775493622,0.29436066825856577,0.27696810990227455,0.27696810990227455,2163
2003-11-28,0.2894381880760193,0.30190830961318765,0.2887818545656815,0.2996111716669031,5980
2003-12-01,0.28189051151275635,0.29501694847488413,0.281562334940756,0.29501694847488413,2105
2003-12-02,0.27893704175949097,0.28714106434538605,0.27893704175949097,0.282218650793849,3381
2003-12-03,0.277296245098114,0.28812556304226317,0.2723738118471917,0.278937049661777,1969
2003-12-04,0.27467086911201477,0.2759835162885021,0.27467086911201477,0.27565533982443463,449
2003-12-05,0.27893704175949097,0.27893704175949097,0.27237380413084217,0.27434278519940314,4762
2003-12-08,0.2805778980255127,0.28550031248492325,0.27893709320570914,0.27893709320570914,2660
2003-12-09,0.291079044342041,0.29534512489916986,0.28221868707427755,0.28221868707427755,5287
2003-12-10,0.29501691460609436,0.29862670000421293,0.2904226582847967,0.2946887576317013,2602
2003-12-11,0.29042258858680725,0.29042258858680725,0.27795247007309914,0.28484384312123173,990
2003-12-12,0.2953450381755829,0.31011229595234086,0.28910997812760275,0.29797033279365753,3845
2003-12-15,0.28156226873397827,0.29534503603928186,0.2792651506297257,0.2937042318048359,1108
2003-12-16,0.28221872448921204,0.28221872448921204,0.2743428568381524,0.28189056741207164,6885
2003-12-17,0.2887818515300751,0.2887818515300751,0.28221863385527884,0.2884536945583216,1610
2003-12-18,0.28845372796058655,0.29337614178668764,0.28221866653553834,0.28878188497033985,1761
2003-12-19,0.27828067541122437,0.2871410304954376,0.27828067541122437,0.2858283831244508,1851
2003-12-22,0.27893704175949097,0.2845157692939265,0.27598358971658216,0.2792651987509402,2900
2003-12-23,0.28484395146369934,0.2855002850645461,0.28156234213926873,0.28385948040233083,2507
2003-12-24,0.28484395146369934,0.28484395146369934,0.28484395146369934,0.28484395146369934,0
2003-12-25,0.28484395146369934,0.28484395146369934,0.28484395146369934,0.28484395146369934,0
2003-12-26,0.2838594615459442,0.2838594615459442,0.28221865699272525,0.2838594615459442,877
2003-12-29,0.2887818515300751,0.2887818515300751,0.2802496529048948,0.28221863385527884,1657
2003-12-30,0.2855002284049988,0.2920634457513429,0.2855002284049988,0.28878183707817084,688
2003-12-31,0.2855002284049988,0.2855002284049988,0.2855002284049988,0.2855002284049988,0
2004-01-01,0.2855002284049988,0.2855002284049988,0.2855002284049988,0.2855002284049988,0
2004-01-02,0.29140713810920715,0.2917352950715973,0.28385943017457865,0.29009449069971555,467
2004-01-05,0.29206353425979614,0.2937043390936202,0.28911008164692553,0.2910790630954636,2873
2004-01-06,0.2897663712501526,0.2986267277413244,0.2887818806756001,0.2937042944284955,3128
2004-01-07,0.2832030653953552,0.29206341976038824,0.28254675154309894,0.2887818113792491,1287
2004-01-08,0.29173532128334045,0.29173532128334045,0.280577846640085,0.2835312986868192,1130
2004-01-09,0.2907508313655853,0.2920634788958044,0.28714106532743233,0.2900945173804421,994
2004-01-12,0.2937042713165283,0.2986267042420047,0.288781857950984,0.288781857950984,2775
2004-01-13,0.2851720452308655,0.2986266552017946,0.2851720452308655,0.2946887134200853,3128
2004-01-14,0.27893704175949097,0.2881255548796665,0.2756554131652002,0.28517210283675776,2835
2004-01-15,0.27434277534484863,0.278937031739908,0.2694203424101956,0.278937031739908,708
2004-01-16,0.2769680321216583,0.27729620863918886,0.27401458038339827,0.2756553847313282,794
2004-01-19,0.2740146219730377,0.2789370553238798,0.27237381737606825,0.2789370553238798,884
2004-01-20,0.27893704175949097,0.27893704175949097,0.2740146086480212,0.27860886520810896,1924
2004-01-21,0.27663981914520264,0.28123407430106767,0.2727018777716354,0.2789369565030985,968
2004-01-22,0.2664669156074524,0.2756554292642634,0.26613875859683783,0.26679509217800085,981
2004-01-23,0.2740146219730377,0.2789370553238798,0.2625289897942515,0.2674514035851599,792
2004-01-26,0.2825467586517334,0.2855002101810507,0.27696801252748304,0.27696801252748304,846
2004-01-27,0.27828067541122437,0.2920634434666904,0.27663987108747345,0.2887818348191885,374
2004-01-28,0.2763117253780365,0.2838594333983847,0.27598356841191946,0.2822186290078682,663
2004-01-29,0.2625289857387543,0.27401461774011265,0.2625289857387543,0.27401461774011265,794
2004-01-30,0.2494024932384491,0.2684358508777708,0.24644904152820832,0.25957549574704847,1558
2004-02-02,0.246120885014534,0.2589191627418792,0.23693237291286806,0.24448008067923155,2263
2004-02-03,0.24907436966896057,0.25891919698270666,0.24612091756285012,0.25104333121972316,462
2004-02-04,0.2398858368396759,0.2539967626655593,0.2398858368396759,0.2539967626655593,978
2004-02-05,0.23594793677330017,0.24874623700513748,0.2329944843782558,0.24119852750223908,980
2004-02-06,0.24841807782649994,0.24841807782649994,0.23299448236356043,0.24251117308748799,1020
2004-02-09,0.24776172637939453,0.2605600255794571,0.2471054123711555,0.24841805994756705,1299
2004-02-10,0.2494024932384491,0.2539967492810536,0.24448008024135798,0.2539967492810536,2394
2004-02-11,0.26088815927505493,0.26088815927505493,0.24644905678449353,0.25530941246371097,923
2004-02-12,0.26154449582099915,0.26843589068686635,0.2612163388178468,0.26252898639038974,1731
2004-02-13,0.2559657692909241,0.262529007686031,0.24612094103816623,0.262529007686031,752
2004-02-16,0.2402140200138092,0.24841806256276536,0.24021402001380918,0.24841806256276536,519
2004-02-17,0.2523559629917145,0.2592473573283095,0.24612090217095,0.25432492441934224,1060
2004-02-18,0.24283933639526367,0.2559657743236982,0.23988588394937882,0.2559657743236982,406
2004-02-19,0.22347770631313324,0.24283921614171106,0.22347770631313324,0.24119841221317997,966
2004-02-20,0.24283933639526367,0.25268416484158956,0.21363298853257437,0.21921171682818488,2181
2004-02-23,0.24283933639526367,0.24283933639526367,0.24283933639526367,0.24283933639526367,0
2004-02-24,0.24283933639526367,0.24283933639526367,0.24283933639526367,0.24283933639526367,0
2004-02-25,0.2421829104423523,0.2503869505801655,0.2379168314778087,0.246120852055694,1139
2004-02-26,0.246120885014534,0.24776168934983644,0.2362760590027193,0.24218294287384978,744
2004-02-27,0.2398858368396759,0.24612089754320418,0.2398858368396759,0.24612089754320418,1348
2004-03-01,0.246120885014534,0.2471053754396877,0.24448008067923155,0.246120885014534,711
2004-03-02,0.24283933639526367,0.24283933639526367,0.23955772691315505,0.24119853165420935,1056
2004-03-03,0.2507151663303375,0.2543249323197787,0.24283930081523603,0.24612090981653395,760
2004-03-04,0.25399675965309143,0.2569502114839373,0.2461208946241461,0.2461208946241461,1387
2004-03-05,0.26121625304222107,0.2622007432883344,0.2526840564023774,0.25432486043928165,719
2004-03-08,0.2599036395549774,0.2658105426766735,0.2562938741183541,0.26187260074223295,1046
2004-03-09,0.2559657692909241,0.26220085065625937,0.25268415987333814,0.2618726740665528,446
2004-03-10,0.24283933639526367,0.25826291269713547,0.24283933639526367,0.24940255535948094,864
2004-03-11,0.23627609014511108,0.2526841356607995,0.23627609014511108,0.24612091745452414,513
2004-03-12,0.24283933639526367,0.24283933639526367,0.23463529313005668,0.23955772691315505,240
2004-03-15,0.2408703714609146,0.24612094265148246,0.23627611433419204,0.24612094265148246,210
2004-03-16,0.2526841461658478,0.2526841461658478,0.24185482785130388,0.24283931844714748,506
2004-03-17,0.24448014795780182,0.252684171891982,0.2441519909124218,0.25235601484660203,1473
2004-03-18,0.24251115322113037,0.2520278236055235,0.2411985056577773,0.2520278236055235,1959
2004-03-19,0.24874617159366608,0.24874617159366605,0.24316742530116575,0.24612087691955653,346
2004-03-22,0.246120885014534,0.246120885014534,0.24251111938885472,0.246120885014534,133
2004-03-23,0.23922954499721527,0.24612094040434682,0.2313536785033042,0.24612094040434682,2082
2004-03-24,0.23430708050727844,0.23791686572916784,0.22807202005847851,0.23791686572916784,1820
2004-03-25,0.2329944521188736,0.24579275057871508,0.2329944521188736,0.24119849410696148,986
2004-03-26,0.23660427331924438,0.23890139212160044,0.2329944872584916,0.2329944872584916,569
2004-03-29,0.23627609014511108,0.24283930835138645,0.23299446148204025,0.23299446148204025,494
2004-03-30,0.24119852483272552,0.24119852483272552,0.23463528649419185,0.2362761107487764,475
2004-03-31,0.2421829104423523,0.24448004794011693,0.23627602736223166,0.23857314530006837,2323
2004-04-01,0.24546456336975098,0.24612087725921916,0.23791685584121716,0.24283926869201836,1371
2004-04-02,0.24382367730140686,0.24940242217788736,0.2415265597145722,0.24612081444816647,1767
2004-04-05,0.2467772364616394,0.252027826781212,0.24185482270699027,0.24448011786677656,604
2004-04-06,0.246120885014534,0.24973065064021327,0.24382374720915223,0.24677719892468275,287
2004-04-07,0.24382367730140686,0.2503869123207736,0.23955759898872467,0.23955759898872467,215
2004-04-08,0.2526841461658478,0.2543249507856311,0.24382378948305714,0.24382378948305714,532
2004-04-09,0.2526841461658478,0.2526841461658478,0.2526841461658478,0.2526841461658478,0
2004-04-12,0.2526841461658478,0.2585910506210415,0.24776173230649762,0.2559657554054145,261
2004-04-13,0.246120885014534,0.25432490669104624,0.246120885014534,0.25432490669104624,426
2004-04-14,0.24644911289215088,0.24776176065012961,0.24612095584264027,0.24644911289215088,244
2004-04-15,0.246120885014534,0.25071514106536696,0.24316743329900348,0.246120885014534,1216
2004-04-16,0.2494024932384491,0.2494024932384491,0.2395576672442669,0.2395576672442669,106
2004-04-19,0.2494024932384491,0.2494024932384491,0.24448008024135798,0.24644904152820832,682
2004-04-20,0.243167445063591,0.25071515319511717,0.2428392880926402,0.25071515319511717,488
2004-04-21,0.243167445063591,0.243167445063591,0.243167445063591,0.243167445063591,0
2004-04-22,0.24907436966896057,0.25104333121972316,0.2428393084582681,0.2428393084582681,406
2004-04-23,0.24907436966896057,0.24907436966896057,0.24907436966896057,0.24907436966896057,0
2004-04-26,0.24546456336975098,0.2523559374488866,0.24448007297561875,0.24940248582641994,364
2004-04-27,0.2494024932384491,0.2494024932384491,0.24448008024135798,0.24710537499711213,397
2004-04-28,0.24283933639526367,0.2507152030643115,0.24283933639526367,0.2507152030643115,1269
2004-04-29,0.24119852483272552,0.24612093891667466,0.23955772013807583,0.24283932952737525,1467
2004-04-30,0.23561975359916687,0.2411985007396821,0.23529159660500315,0.23988585320309425,2192
2004-05-03,0.23463518917560577,0.23955762077783488,0.2310254242565694,0.23758864031297255,1554
2004-05-04,0.23955771327018738,0.2411985179177968,0.2369324180100386,0.2369324180100386,756
2004-05-05,0.24119852483272552,0.2457927818897317,0.23955772013807583,0.24283932952737525,1048
2004-05-06,0.2329944521188736,0.23791688513569928,0.23266629513373382,0.23791688513569928,480
2004-05-07,0.23135367035865784,0.2411985177994168,0.2270875704529934,0.23627610385900447,631
2004-05-10,0.22019614279270172,0.22971281140635438,0.2169145342748856,0.22971281140635438,166
2004-05-11,0.22643126547336578,0.23463528903547015,0.2198680466236823,0.23135367961062842,471
2004-05-12,0.2198679894208908,0.22807201084856474,0.2149455570043565,0.22643120656302995,3280
2004-05-13,0.22643126547336578,0.22807207018578668,0.21593010357791118,0.2228214990180269,265
2004-05-14,0.23102550208568573,0.23102550208568573,0.22479044081961638,0.23102550208568573,249
2004-05-17,0.21494555473327637,0.22577489028728687,0.21297659352342435,0.22577489028728687,2876
2004-05-18,0.21330471336841583,0.2198679488597007,0.2067414974370573,0.2198679488597007,5449
2004-05-19,0.21396112442016602,0.22118067630316163,0.20345996337942698,0.21986802872807756,660
2004-05-20,0.20739787817001343,0.22019615607338427,0.20739787817001343,0.21330476212238633,62
2004-05-21,0.2100231647491455,0.2100231647491455,0.20345994696321343,0.2100231647491455,219
2004-05-24,0.21232031285762787,0.21396111738253004,0.21035133177979903,0.21396111738253004,217
2004-05-25,0.21396112442016602,0.21396112442016602,0.20903871068355087,0.20903871068355087,413
2004-05-26,0.21494555473327637,0.22085245792276217,0.21035129887033513,0.21625820205982096,2067
2004-05-27,0.22314968705177307,0.2264312969325445,0.21658646729023018,0.21658646729023018,1618
2004-05-28,0.2297128438949585,0.22971284389495847,0.22314962593108129,0.2261030779268125,1800
2004-05-31,0.22643126547336578,0.22643126547336578,0.22150885133610318,0.22643126547336578,100
2004-06-01,0.22643126547336578,0.22643126547336578,0.22150885133610318,0.22150885133610318,210
2004-06-02,0.23233819007873535,0.2326663471372218,0.22675944184471858,0.2297128944909702,3428
2004-06-03,0.2297128438949585,0.23299445287689707,0.22971284389495847,0.23299445287689707,802
2004-06-04,0.2329944521188736,0.23922951307625828,0.22971284314761137,0.22971284314761137,112
2004-06-07,0.246120885014534,0.246120885014534,0.2395576676733242,0.24218294287384978,149
2004-06-08,0.2398858368396759,0.24579274057142514,0.23955767986789683,0.23955767986789683,1700
2004-06-09,0.23791685700416565,0.24612087846226927,0.23299442456937342,0.24612087846226927,415
2004-06-10,0.23791685700416565,0.23791685700416565,0.23791685700416565,0.23791685700416565,0
2004-06-11,0.24283933639526367,0.24579278884114852,0.23529162676243967,0.23529162676243967,134
2004-06-14,0.23627609014511108,0.23791689469667993,0.23627609014511108,0.23627609014511108,245
2004-06-15,0.23627609014511108,0.2431674653497136,0.23627609014511108,0.23627609014511108,141
2004-06-16,0.24448014795780182,0.24448014795780182,0.23955773359729368,0.23955773359729368,1022
2004-06-17,0.2408703714609146,0.24448013793193404,0.23955772377328885,0.24283933321238566,406
2004-06-18,0.24283933639526367,0.24612094587737232,0.23791692217210073,0.23791692217210073,1350
2004-06-21,0.246120885014534,0.246120885014534,0.24119847200862665,0.24119847200862665,277
2004-06-22,0.246120885014534,0.24677719892468275,0.2428392763439291,0.24677719892468275,964
2004-06-23,0.2494024932384491,0.2494024932384491,0.2461208845737217,0.2461208845737217,280
2004-06-24,0.24776172637939453,0.2526841401209878,0.24776172637939453,0.2520278261127487,93
2004-06-25,0.24283933639526367,0.24776175061842662,0.24283933639526367,0.24776175061842662,616
2004-06-28,0.23955771327018738,0.2461209318606251,0.23955771327018738,0.2461209318606251,1831
2004-06-29,0.23955771327018738,0.24283932256540625,0.23955771327018738,0.2411985179177968,308
2004-06-30,0.24119852483272552,0.24251117250043228,0.23955772013807583,0.23955772013807583,1102
2004-07-01,0.24283933639526367,0.25104336010053524,0.23955772691315505,0.25104336010053524,457
2004-07-02,0.24907436966896057,0.24907436966896057,0.24119850390597708,0.2418548179029202,2828
2004-07-05,0.2494024932384491,0.2494024932384491,0.2461208845737217,0.2461208845737217,180
2004-07-06,0.24841807782649994,0.24841807782649994,0.24283933011522532,0.24283933011522532,636
2004-07-07,0.246120885014534,0.24907433673006452,0.246120885014534,0.246120885014534,1143
2004-07-08,0.23955771327018738,0.2464490888781601,0.23955771327018738,0.2461209318606251,1854
2004-07-09,0.23955771327018738,0.23955771327018738,0.23955771327018738,0.23955771327018738,0
2004-07-12,0.2402140200138092,0.24612092438987887,0.24021402001380918,0.24612092438987887,513
2004-07-13,0.24283933639526367,0.24907439832325715,0.24119853165420935,0.24907439832325715,762
2004-07-14,0.246120885014534,0.2494024936851389,0.2428392763439291,0.2428392763439291,1350
2004-07-15,0.2523559629917145,0.2523559629917145,0.24612090217095,0.24612090217095,4524
2004-07-16,0.2543249726295471,0.2622008589528862,0.25235601082868014,0.25235601082868014,5043
2004-07-19,0.24841807782649994,0.25596576770419865,0.24283933011522532,0.25596576770419865,2303
2004-07-20,0.2526841461658478,0.2526841461658478,0.24841806589037135,0.24841806589037135,156
2004-07-21,0.246120885014534,0.2526841023557438,0.246120885014534,0.2526841023557438,122
2004-07-22,0.24283933639526367,0.24940255535948094,0.24283933639526367,0.2464491029135961,3172
2004-07-23,0.24283933639526367,0.24677725994981986,0.24283933639526367,0.24612094587737232,1785
2004-07-26,0.24283933639526367,0.24907439832325715,0.24283933639526367,0.24283933639526367,2589
2004-07-27,0.24579273164272308,0.2457927316427231,0.24021398508540728,0.24119847552491325,796
2004-07-28,0.24480830132961273,0.24546463497045984,0.2428393395269427,0.2428393395269427,2139
2004-07-29,0.246120885014534,0.246120885014534,0.2428392763439291,0.246120885014534,1057
2004-07-30,0.2523559629917145,0.2523559629917145,0.24710539266472983,0.24710539266472983,2546
2004-08-02,0.2526841461658478,0.2526841461658478,0.24612092768671423,0.24612092768671423,2011
2004-08-03,0.2523559629917145,0.2523559629917145,0.2494025110703069,0.250715158542036,1531
2004-08-04,0.2494024932384491,0.2559657105679039,0.2428392759089943,0.2461208845737217,1151
2004-08-05,0.23660427331924438,0.24612094468317075,0.23135368252539862,0.24612094468317075,727
2004-08-06,0.24119852483272552,0.24283932952737525,0.23955772013807583,0.23955772013807583,3205
2004-08-09,0.23955771327018738,0.2461209318606251,0.23955771327018738,0.2461209318606251,855
2004-08-10,0.24283933639526367,0.24283933639526367,0.23955772691315505,0.24119853165420935,1418
2004-08-11,0.23824502527713776,0.23857318223907711,0.23758869179332806,0.23857318223907711,244
2004-08-12,0.23791685700416565,0.23824501395050376,0.23627605271254493,0.23824501395050376,409
2004-08-13,0.24251115322113037,0.2425111532211304,0.23299446327680395,0.23627609196515328,421
2004-08-16,0.24119852483272552,0.24283932952737525,0.23365081541336294,0.23365081541336294,521
2004-08-17,0.24152663350105286,0.24579273267695495,0.2408703195785745,0.24283928090594048,2035
2004-08-18,0.24349558353424072,0.24579272127622753,0.24119846535218392,0.24119846535218392,2103
2004-08-19,0.24448014795780182,0.252684171891982,0.24283934317096578,0.24283934317096578,7575
2004-08-20,0.2559657692909241,0.2562939458806307,0.24448013632937327,0.24448013632937327,3740
2004-08-23,0.25760653614997864,0.2622007922227193,0.2559657122469214,0.2559657122469214,720
2004-08-24,0.25760653614997864,0.2608881448362319,0.25563755529028215,0.2608881448362319,525
2004-08-25,0.2625289857387543,0.2625289857387543,0.25760657202388637,0.26088818116713164,1434
2004-08-26,0.26088815927505493,0.26088815927505493,0.2566220599228467,0.2566220599228467,1062
2004-08-27,0.26187267899513245,0.26252901262696315,0.25760659840794187,0.26220085559101547,371
2004-08-30,0.2592473328113556,0.26581054998938763,0.2526840960733935,0.26581054998938763,2145
2004-08-31,0.2625289857387543,0.26548243787966164,0.2618726521741452,0.26548243787966164,681
2004-09-01,0.25760653614997864,0.26252894917935854,0.2526841035606681,0.26252894917935854,214
2004-09-02,0.2592473328113556,0.2608881371058636,0.25005882093813875,0.2608881371058636,9897
2004-09-03,0.25760653614997864,0.25924734049310527,0.2559657122469214,0.25924734049310527,289
2004-09-06,0.2559657692909241,0.25924739826844506,0.2559657692909241,0.25760659355965204,505
2004-09-07,0.2559657692909241,0.2559657692909241,0.2559657692909241,0.2559657692909241,0
2004-09-08,0.2559657692909241,0.26416981239482396,0.2559657692909241,0.262529007686031,999
2004-09-09,0.2510433793067932,0.2576066183330713,0.2507152222454635,0.2576066183330713,779
2004-09-10,0.246120885014534,0.25071514106536696,0.246120885014534,0.25071514106536696,1108
2004-09-13,0.24710534512996674,0.25563752271500406,0.24612085482556975,0.2464490117403927,1211
2004-09-14,0.25366857647895813,0.25432489034692907,0.24940247765735915,0.25235592918308697,232
2004-09-15,0.2556375563144684,0.2559657132724223,0.2477616915239206,0.2477616915239206,1306
2004-09-16,0.2592473328113556,0.2625289414003716,0.25596570466240953,0.2592473328113556,1029
2004-09-17,0.26088815927505493,0.26187263019945795,0.25760655040718144,0.2592473548411182,606
2004-09-20,0.26088815927505493,0.2641697681429284,0.2592473548411182,0.2641697681429284,972
2004-09-21,0.26088815927505493,0.26187263019945795,0.2562939029480457,0.2592473548411182,622
2004-09-22,0.2625289857387543,0.2625289857387543,0.2559657478923304,0.2559657478923304,1245
2004-09-23,0.2622007429599762,0.26581050792465954,0.25629384061054744,0.2625288998549607,1472
2004-09-24,0.2625289857387543,0.2635134567457678,0.26088818116713164,0.2618726521741452,905
2004-09-27,0.2690921723842621,0.2707329767629521,0.26154446441831575,0.2635134257607575,1293
2004-09-28,0.2740146219730377,0.2740146219730377,0.26416979439122096,0.2707330127790988,740
2004-09-29,0.2736864387989044,0.2736864387989044,0.26810769196662315,0.27237379133484224,813
2004-09-30,0.2740146219730377,0.2746709555477857,0.2658105989881904,0.2658105989881904,721
2004-10-01,0.2805778980255127,0.2805778980255127,0.2740146591863622,0.2753273069541923,1767
2004-10-04,0.28221872448921204,0.28221872448921204,0.27631181886093287,0.27631181886093287,509
2004-10-05,0.28221872448921204,0.2855003343804921,0.28057791954357203,0.28057791954357203,1840
2004-10-06,0.2799215018749237,0.2799215018749237,0.2756554024717788,0.2772962264852385,273
2004-10-07,0.27893704175949097,0.28714106434538605,0.27729623724231195,0.28714106434538605,204
2004-10-08,0.28221872448921204,0.2855003343804921,0.278937114597932,0.28287503864349295,756
2004-10-11,0.2838594615459442,0.2855002660991632,0.28189049999406807,0.28221865699272525,58
2004-10-12,0.2838594615459442,0.2838594615459442,0.2838594615459442,0.2838594615459442,0
2004-10-13,0.27893704175949097,0.28550025982820704,0.27729623724231195,0.28550025982820704,1384
2004-10-14,0.27893704175949097,0.27893704175949097,0.2756554131652002,0.27893704175949097,390
2004-10-15,0.28189051151275635,0.28221866852482275,0.2772962546640248,0.2789370592842908,184
2004-10-18,0.28221872448921204,0.28353137235771164,0.2779526238065729,0.28353137235771164,295
2004-10-19,0.2733582854270935,0.2835312887377572,0.2730301284467342,0.2835312887377572,102
2004-10-20,0.2756554186344147,0.27860887073592217,0.2707330049852132,0.27860887073592217,302
2004-10-21,0.2756554186344147,0.27893704729381547,0.2690922004354793,0.2756554186344147,495
2004-10-22,0.27237382531166077,0.2772962588059176,0.27237382531166077,0.2753272775842412,908
2004-10-25,0.2664669156074524,0.26909221081223667,0.26252899236020993,0.26252899236020993,596
2004-10-26,0.2740146219730377,0.2740146219730377,0.26646691300300474,0.26646691300300474,272
2004-10-27,0.2756554186344147,0.2756554186344147,0.272373809534947,0.272373809534947,623
2004-10-28,0.27893704175949097,0.27893704175949097,0.2654824290706768,0.2654824290706768,162
2004-10-29,0.27893704175949097,0.27893704175949097,0.2756554131652002,0.27893704175949097,508
2004-11-01,0.2851720452308655,0.28550020215602573,0.2756553574817168,0.2756553574817168,257
2004-11-03,0.2855002284049988,0.28878183707817084,0.27565538282555196,0.2855002284049988,516
2004-11-04,0.29206353425979614,0.29206353425979614,0.2822187052568517,0.2822187052568517,326
2004-11-05,0.2855002284049988,0.2920634457513429,0.2855002284049988,0.2920634457513429,214
2004-11-08,0.28221872448921204,0.29206355416305213,0.28057791954357203,0.2855003343804921,601
2004-11-09,0.2851720452308655,0.29140710504862527,0.2809059465239959,0.2809059465239959,300
2004-11-10,0.2832030653953552,0.28550020299810996,0.2832030653953552,0.2851720460719818,466
2004-11-11,0.27598366141319275,0.2812342333202026,0.2723738748896818,0.2812342333202026,598
2004-11-12,0.31470656394958496,0.31470656394958496,0.28878183238126304,0.28878183238126304,3414
2004-11-15,0.31470656394958496,0.31470656394958496,0.31470656394958496,0.31470656394958496,0
2004-11-16,0.3150347173213959,0.32159795404637687,0.3035490872825567,0.3087996571026115,1239
2004-11-17,0.3150347173213959,0.3281611712114278,0.309127814048878,0.3281611712114278,1742
2004-11-18,0.3087996542453766,0.321597951070723,0.301908280197823,0.301908280197823,226
2004-11-19,0.32487955689430237,0.3347243824681032,0.31208126017644566,0.3215979483697021,3078
2004-11-22,0.32816120982170105,0.33177099533513754,0.3215979918844454,0.3248796008530732,5223
2004-11-23,0.32192614674568176,0.3314428166039106,0.3199571852894801,0.32816120765693046,1429
2004-11-24,0.3215979039669037,0.3261921591790044,0.31831629589539273,0.32028525682631387,1091
2004-11-25,0.3298020660877228,0.3314428708296569,0.318316432894184,0.318316432894184,3570
2004-11-26,0.334724485874176,0.334724485874176,0.3222543618043412,0.32980207156659946,1645
2004-11-29,0.3314427137374878,0.3347243216659895,0.3252076547613494,0.33439618434505064,536
2004-11-30,0.3314427137374878,0.3363651256302403,0.3252076547613494,0.3252076547613494,1273
2004-12-01,0.334724485874176,0.3445693144893291,0.3330836811049838,0.3445693144893291,1186
2004-12-02,0.334724485874176,0.33570897655966564,0.334724485874176,0.334724485874176,762
2004-12-03,0.3409595191478729,0.34292846111994,0.33144282936335107,0.34292846111994,4677
2004-12-06,0.342928409576416,0.34621001815648816,0.3396468009963439,0.3445692138664521,2110
2004-12-07,0.3298020660877228,0.35441417633660527,0.3248796518619204,0.35441417633660527,2106
2004-12-08,0.3245514929294586,0.32816125942863794,0.30847158308052225,0.31569113563881623,4319
2004-12-09,0.3176600933074951,0.3281612551950097,0.3084715791009117,0.3281612551950097,347
2004-12-10,0.32816120982170105,0.32816120982170105,0.31208130240350584,0.3215979918844454,75
2004-12-13,0.32783302664756775,0.33472440101917567,0.32783302664756775,0.33472440101917567,264
2004-12-14,0.3314427137374878,0.3314427137374878,0.3248794978804844,0.3248794978804844,216
2004-12-15,0.32487955689430237,0.3347243824681032,0.32323875263200225,0.3347243824681032,3516
2004-12-16,0.3291456997394562,0.3343962897276862,0.3248796002640023,0.3248796002640023,547
2004-12-17,0.3215979039669037,0.33275539488195327,0.305189844049422,0.33275539488195327,1503
2004-12-20,0.32487955689430237,0.3347243824681032,0.3215979483697021,0.3215979483697021,374
2004-12-21,0.32487955689430237,0.32783300847842856,0.32028530104787606,0.3242232234534245,711
2004-12-22,0.31798818707466125,0.3281611899080292,0.3150347352701328,0.3281611899080292,143
2004-12-23,0.3196290135383606,0.3196290135383606,0.3173318950650115,0.31831638558783687,61
2004-12-24,0.3196290135383606,0.3196290135383606,0.3196290135383606,0.3196290135383606,0
2004-12-27,0.31175312399864197,0.32159796978803645,0.31175312399864197,0.3166755371133737,251
2004-12-28,0.31831634044647217,0.31995714471187214,0.3150347123557425,0.3150347123557425,1408
2004-12-29,0.32487955689430237,0.32652036115660255,0.3215979483697021,0.3215979483697021,610
2004-12-30,0.3215979039669037,0.3248795120384146,0.31536284471904746,0.31536284471904746,188
2004-12-31,0.3215979039669037,0.3215979039669037,0.3215979039669037,0.3215979039669037,0
2005-01-03,0.31831634044647217,0.32455140056697807,0.31831634044647217,0.31831634044647217,577
2005-01-04,0.3133939802646637,0.3232388276842519,0.3133939802646637,0.3232388276842519,168
2005-01-05,0.3094559907913208,0.3117531089768703,0.30518989180680883,0.3117531089768703,3901
2005-01-06,0.30617445707321167,0.3107687141276456,0.2960014523241313,0.2960014523241313,29
2005-01-07,0.3097842037677765,0.31175316536293035,0.30518994700579505,0.31175316536293035,1191
2005-01-10,0.30814340710639954,0.31109685935508347,0.3022365026090316,0.30978421173789794,277
2005-01-11,0.3035491406917572,0.30617443584366794,0.3002675315318355,0.30486178826771254,261
2005-01-12,0.30781522393226624,0.31175314688922257,0.3035491244289532,0.30945602842432013,393
2005-01-13,0.31175312399864197,0.31339392837021923,0.305189906512333,0.305189906512333,1080
2005-01-14,0.32816120982170105,0.32816120982170105,0.3084715364500017,0.31175314541862953,2265
2005-01-17,0.31667548418045044,0.32783297551409657,0.31339387598582313,0.32783297551409657,244
2005-01-18,0.30847156047821045,0.3117531697024573,0.3081434034677726,0.3117531697024573,1495
2005-01-19,0.3068307936191559,0.3117532080611898,0.29895492659991446,0.3117532080611898,590
2005-01-20,0.3019082844257355,0.3035490887247941,0.2953450476695709,0.3035490887247941,566
2005-01-21,0.31831634044647217,0.31831634044647217,0.3035490824979426,0.3035490824979426,723
2005-01-24,0.32816120982170105,0.3376778993026406,0.31831638291581754,0.3330836232746428,501
2005-01-26,0.3327554762363434,0.3347244180887183,0.32816120034107493,0.32816120034107493,1473
2005-01-27,0.3265203535556793,0.3281611577797839,0.3265203535556793,0.3281611577797839,100
2005-01-28,0.3275049030780792,0.3275049030780792,0.31995719445972814,0.3215979989802451,439
2005-01-31,0.3215979039669037,0.32848929656501824,0.3215979039669037,0.32848929656501824,733
2005-02-01,0.32783302664756775,0.343256599303951,0.3215979661932822,0.343256599303951,190
2005-02-02,0.32816120982170105,0.32816120982170105,0.3166755588715713,0.32586407180770216,91
2005-02-03,0.3265203535556793,0.3281611577797839,0.31503470442701803,0.3281611577797839,270
2005-02-04,0.32487955689430237,0.33144277394350297,0.32487955689430237,0.32816116541890267,126
2005-02-09,0.34128761291503906,0.34128761291503906,0.3314427869547654,0.3314427869547654,2417
2005-02-10,0.34456923604011536,0.34456923604011536,0.33472440966636635,0.3412876272488657,216
2005-02-11,0.34752270579338074,0.34785084319904835,0.3412876256473474,0.3462100388111231,1933
2005-02-14,0.34456923604011536,0.3475227074241576,0.34456923604011536,0.3475227074241576,1987
2005-02-15,0.34752270579338074,0.34752270579338074,0.33800601687149695,0.3412876256473474,524
2005-02-16,0.35277336835861206,0.35277336835861206,0.3350526538363568,0.3475227775846393,617
2005-02-17,0.35441407561302185,0.3609772927155086,0.3511324670617785,0.35277327133740016,145
2005-02-18,0.35605496168136597,0.36064919906054815,0.34456928999367314,0.3478508992987658,399
2005-02-21,0.36097729206085205,0.36097729206085205,0.3560548792429141,0.3560548792429141,346
2005-02-22,0.35769572854042053,0.35835204250812036,0.35769572854042053,0.35802386596433816,373
2005-02-23,0.35441407561302185,0.35441407561302185,0.34456921083943204,0.3511324670617785,129
2005-02-24,0.3681967854499817,0.3708220798421899,0.3606490787423289,0.3609772552113008,817
2005-02-25,0.373447448015213,0.373447448015213,0.36918134867501706,0.36918134867501706,1603
2005-02-28,0.373447448015213,0.373447448015213,0.3675405442457004,0.3708221531043337,1901
2005-03-01,0.37574461102485657,0.37574461102485657,0.36754058790376387,0.370822197152201,633
2005-03-02,0.37738531827926636,0.37738531827926636,0.36950947376302423,0.3741037098775225,240
2005-03-03,0.37574461102485657,0.3806670248975122,0.3678687644765548,0.37869808282037076,815
2005-03-04,0.37574461102485657,0.38394863414594926,0.36130550685981266,0.38394863414594926,497
2005-03-07,0.3724628984928131,0.3757445068312633,0.3678686624669257,0.3757445068312633,74
2005-03-08,0.367540568113327,0.367540568113327,0.3642589590415901,0.367540568113327,58
2005-03-09,0.367540568113327,0.37410378625680085,0.367540568113327,0.37410378625680085,723
2005-03-10,0.35769572854042053,0.3708221643738752,0.35769572854042053,0.3708221643738752,89
2005-03-11,0.3606491684913635,0.36097734504200346,0.35769573601506516,0.35769573601506516,463
2005-03-14,0.35769572854042053,0.36425894645714785,0.3544141195820569,0.36425894645714785,271
2005-03-15,0.35736751556396484,0.3576956920742903,0.34456921845918037,0.34456921845918037,850
2005-03-16,0.36097729206085205,0.3741037262420199,0.3544140749702681,0.35736750701308706,251
2005-03-17,0.37082210183143616,0.37705718127264437,0.3563830013779998,0.35769566821187104,393
2005-03-18,0.36425894498825073,0.36425894498825073,0.3609773360431204,0.3609773360431204,166
2005-03-21,0.35769572854042053,0.3609773374987842,0.3511325106236932,0.3547422570059745,2172
2005-03-22,0.35769572854042053,0.3629462794018837,0.3550704335497567,0.3550704335497567,2219
2005-03-23,0.34456923604011536,0.3609773191162262,0.338006018457616,0.3609773191162262,1583
2005-03-24,0.342928409576416,0.3560548830165645,0.3380059967063079,0.3560548830165645,2808
2005-03-28,0.342928409576416,0.3445692138664521,0.3347243881262358,0.3445692138664521,297
2005-03-29,0.35113251209259033,0.35769573003677363,0.3412876460564506,0.3475227265753436,292
2005-03-30,0.35408592224121094,0.36097731629695784,0.354085922241211,0.36097731629695784,147
2005-03-31,0.35080426931381226,0.3511324457970059,0.33964677744337274,0.34161575810282013,799
2005-04-01,0.35113251209259033,0.3573675534916186,0.3478508640006339,0.35113251209259033,326
2005-04-04,0.334724485874176,0.35113257268596926,0.334724485874176,0.35113257268596926,1167
2005-04-05,0.35113251209259033,0.35113251209259033,0.33472442811226727,0.33472442811226727,466
2005-04-06,0.3409595191478729,0.3511325229230838,0.3347244384366622,0.3511325229230838,1421
2005-04-07,0.35080426931381226,0.35080426931381226,0.33472436491461166,0.3445691899721338,454
2005-04-08,0.34949177503585815,0.3508044032300013,0.33505266930092226,0.3508044032300013,95
2005-04-11,0.34785085916519165,0.35113250721153016,0.341287641312243,0.35113250721153016,274
2005-04-12,0.34785085916519165,0.35113250721153016,0.3445692502387173,0.34785085916519165,668
2005-04-13,0.34785085916519165,0.36425894291742744,0.3445692502387173,0.34785085916519165,1117
2005-04-14,0.35080426931381226,0.3593364666782744,0.3445691899721338,0.35146058316034223,530
2005-04-15,0.32816120982170105,0.34785086363346807,0.32816120982170105,0.34785086363346807,200
2005-04-18,0.34785085916519165,0.34785085916519165,0.3284893821469388,0.3284893821469388,658
2005-04-19,0.3603209853172302,0.3603209853172302,0.3412876084334689,0.3412876084334689,2570
2005-04-20,0.3501480221748352,0.3567112401302246,0.3501480221748352,0.3567112401302246,501
2005-04-22,0.3501480221748352,0.3501480221748352,0.3501480221748352,0.3501480221748352,136
2005-04-25,0.34456923604011536,0.3494916883468524,0.34456923604011536,0.3491635118197824,1008
2005-04-26,0.34128761291503906,0.34128761291503906,0.3334117677947645,0.3334117677947645,866
2005-04-27,0.34456923604011536,0.347850844831365,0.328489368610937,0.347850844831365,795
2005-04-28,0.33964672684669495,0.36032090333151834,0.33472431505121836,0.3599927268972126,1185
2005-04-29,0.34424111247062683,0.3544141157803777,0.34424111247062683,0.3544141157803777,1002
2005-05-02,0.35113251209259033,0.35769573003677363,0.3445692550285423,0.3445692550285423,294
2005-05-03,0.35113251209259033,0.35769573003677363,0.3494917076065445,0.35113251209259033,4373
2005-05-04,0.36097729206085205,0.36097729206085205,0.3540858984677951,0.3599928016732925,124
2005-05-05,0.36097729206085205,0.3708221176967279,0.36097729206085205,0.3708221176967279,1052
2005-05-06,0.356711208820343,0.356711208820343,0.35441409056155637,0.35441409056155637,22
2005-05-09,0.34456923604011536,0.36064914258915626,0.34456923604011536,0.36064914258915626,298
2005-05-10,0.34128761291503906,0.3445692215684636,0.34128761291503906,0.3445692215684636,500
2005-05-11,0.34424111247062683,0.34456924989102466,0.3396468365062802,0.34095950354746385,249
2005-05-12,0.34128761291503906,0.3570393813953099,0.3314427869547654,0.3570393813953099,1083
2005-05-13,0.3366934061050415,0.33800603403408674,0.31831638037922233,0.33800603403408674,279
2005-05-16,0.34456923604011536,0.34456923604011536,0.328161192083867,0.34095948984165825,57
2005-05-17,0.342928409576416,0.34292840957641607,0.3347243881262358,0.3347243881262358,149
2005-05-18,0.3422720730304718,0.3422720730304718,0.3347243659718927,0.3363651701533292,227
2005-05-19,0.34128761291503906,0.34128761291503906,0.34128761291503906,0.34128761291503906,46
2005-05-20,0.34128761291503906,0.34128761291503906,0.33472439560818995,0.33472439560818995,311
2005-05-23,0.34128761291503906,0.34128761291503906,0.34128761291503906,0.34128761291503906,337
2005-05-24,0.3409595191478729,0.34128765658328447,0.3347244384366622,0.3347244384366622,44
2005-05-25,0.34456923604011536,0.34456923604011536,0.34063131331458824,0.34095948984165825,371
2005-05-27,0.3596647083759308,0.36032106153271815,0.35113254765625085,0.36032106153271815,445
2005-05-30,0.36097729206085205,0.362618096333498,0.3576956835155601,0.360649115558379,274
2005-05-31,0.3557267487049103,0.360977338703765,0.3327554859196841,0.360977338703765,634
2005-06-01,0.36425894498825073,0.3665560634258691,0.35769572709799,0.3609773360431204,1181
2005-06-02,0.367540568113327,0.3721348051658124,0.36688425412295284,0.36688425412295284,924
2005-06-03,0.367540568113327,0.367540568113327,0.36097734996985326,0.367540568113327,271
2005-06-06,0.36097729206085205,0.364258900606144,0.36097729206085205,0.364258900606144,337
2005-06-07,0.34456923604011536,0.3609773191162262,0.33669339058906117,0.3609773191162262,120
2005-06-08,0.34456923604011536,0.35769571032497655,0.338006018457616,0.35769571032497655,302
2005-06-09,0.34128761291503906,0.3445692215684636,0.34128761291503906,0.3445692215684636,564
2005-06-10,0.34128761291503906,0.35605489097531035,0.33964680858832674,0.35605489097531035,751
2005-06-13,0.3324272632598877,0.3412875984239515,0.33144277288168966,0.3412875984239515,2256
2005-06-14,0.34785085916519165,0.34785085916519165,0.33144281453282004,0.34785085916519165,450
2005-06-15,0.34128761291503906,0.34128761291503906,0.33964680858832674,0.34128761291503906,708
2005-06-16,0.35080426931381226,0.3511324457970059,0.33472436491461166,0.3511324457970059,11
2005-06-17,0.3606491684913635,0.36064916849136347,0.3445692607874465,0.35441412698812685,158
2005-06-20,0.34489744901657104,0.3544141389888536,0.3445692724548188,0.3478508815928748,69
2005-06-21,0.34785085916519165,0.35113250721153016,0.3396468368490058,0.35113250721153016,925
2005-06-22,0.35999277234077454,0.35999277234077454,0.3445691821387419,0.3475226530607691,363
2005-06-23,0.34161585569381714,0.3603210599425981,0.34161585569381714,0.3603210599425981,334
2005-06-24,0.35277336835861206,0.3544141730854948,0.35277336835861206,0.3544141730854948,231
2005-06-27,0.35277336835861206,0.3544141730854948,0.3445693056043282,0.3544141730854948,91
2005-06-28,0.36425894498825073,0.36425894498825073,0.34128764325247374,0.34128764325247374,423
2005-06-29,0.35736751556396484,0.3576956920742903,0.354414083450478,0.3576956920742903,155
2005-06-30,0.3603209853172302,0.3642589078256572,0.3416157849424463,0.35736751409601464,46
2005-07-01,0.3606491684913635,0.3642589540689418,0.3511325179611885,0.3642589540689418,99
2005-07-04,0.3606491684913635,0.36064916849136347,0.34785086981438484,0.3511325179611885,44
2005-07-05,0.34752270579338074,0.35900833650885733,0.3383341933970269,0.35900833650885733,142
2005-07-06,0.343584805727005,0.3475227286935443,0.34292845263269434,0.3475227286935443,23
2005-07-07,0.33964672684669495,0.34063121702976057,0.33144270718756735,0.3376777856004152,130
2005-07-08,0.34719452261924744,0.34719452261924744,0.3314427929728306,0.34424109042548373,196
2005-07-11,0.34456923604011536,0.34719453089708757,0.33505258619343636,0.34719453089708757,339
2005-07-12,0.36097729206085205,0.36655601876387645,0.3494916621523302,0.3494916621523302,487
2005-07-13,0.3658997714519501,0.36918138059431016,0.36261816230959,0.36425896688077003,1482
2005-07-14,0.367540568113327,0.3691813726491955,0.35441413182637943,0.367540568113327,576
2005-07-15,0.3658997714519501,0.3675405760231301,0.3452256260311082,0.3675405760231301,416
2005-07-18,0.3681967854499817,0.3681967854499817,0.3652433537086572,0.3675404716318935,1092
2005-07-19,0.36425894498825073,0.3695095349484051,0.36425894498825073,0.3695095349484051,519
2005-07-20,0.36786872148513794,0.36786872148513794,0.3557267373890138,0.36261813165330786,327
2005-07-21,0.3668842911720276,0.36721242864041803,0.3668842911720276,0.36721242864041803,338
2005-07-22,0.367540568113327,0.367540568113327,0.367540568113327,0.367540568113327,1
2005-07-25,0.34128761291503906,0.3576956953020226,0.3363651999349022,0.3576956953020226,2570
2005-07-26,0.34424111247062683,0.34456924989102466,0.3363652275831172,0.3429284454294432,228
2005-07-27,0.34785085916519165,0.3576957250644788,0.33800603238576865,0.3576957250644788,79
2005-07-28,0.35441407561302185,0.35441407561302185,0.3475226820074669,0.35441407561302185,349
2005-07-29,0.35441407561302185,0.3609772927155086,0.34522556384556846,0.3609772927155086,476
2005-08-01,0.35736751556396484,0.3576956920742903,0.3527732791385718,0.3576956920742903,506
2005-08-02,0.35769572854042053,0.35769572854042053,0.35736755199663833,0.35736755199663833,554
2005-08-03,0.3593365550041199,0.36097735958368754,0.3478508838272793,0.36097735958368754,197
2005-08-04,0.35769572854042053,0.35868021905190256,0.3511325106236932,0.3511325106236932,18
2005-08-05,0.35769572854042053,0.3590083564758202,0.3396468401495558,0.3590083564758202,324
2005-08-08,0.35507044196128845,0.35507044196128845,0.35507044196128845,0.35507044196128845,10
2005-08-09,0.35441407561302185,0.3576956841642652,0.3478508193906754,0.3576956841642652,94
2005-08-10,0.3586801588535309,0.35900829622237623,0.35277325589587666,0.35769566850727885,350
2005-08-11,0.3501480221748352,0.35900835859063795,0.34785086459455705,0.35900835859063795,278
2005-08-12,0.35441407561302185,0.35441407561302185,0.34456921083943204,0.3501479766724335,323
2005-08-15,0.35769572854042053,0.3609773374987842,0.3511325106236932,0.3544141195820569,1712
2005-08-16,0.3586801588535309,0.3609772769148803,0.3586801588535309,0.3609772769148803,34
2005-08-17,0.3622899353504181,0.3672123483792172,0.35769569883815017,0.35868018926788225,84
2005-08-18,0.3622899353504181,0.3622899353504181,0.3622899353504181,0.3622899353504181,53
2005-08-19,0.367540568113327,0.367540568113327,0.367540568113327,0.367540568113327,1
2005-08-22,0.3632744252681732,0.3672123478616903,0.3632744252681732,0.3632744252681732,250
2005-08-23,0.36360257863998413,0.3639307160153047,0.36097728403812585,0.36097728403812585,480
2005-08-24,0.36097729206085205,0.36360258672105755,0.36097729206085205,0.36360258672105755,650
2005-08-25,0.36097729206085205,0.36754050915143593,0.3534295845827086,0.36754050915143593,250
2005-08-26,0.3606491684913635,0.36097734504200346,0.36064916849136347,0.36097734504200346,68
2005-08-29,0.3606491684913635,0.36064916849136347,0.36064916849136347,0.36064916849136347,140
2005-08-30,0.36097729206085205,0.36097729206085205,0.3544140749702681,0.360649115558379,186
2005-08-31,0.3672124147415161,0.3672124147415161,0.36097737275952396,0.36097737275952396,2658
2005-09-01,0.3704940378665924,0.370822214454696,0.3609773862500269,0.3691814097539178,384
2005-09-02,0.37082210183143616,0.37082210183143616,0.36261808081920793,0.36261808081920793,243
2005-09-05,0.37213483452796936,0.3721348345279694,0.3662279690286726,0.3708222064436521,455
2005-09-06,0.37213483452796936,0.3721348345279694,0.36064920187065164,0.36064920187065164,1548
2005-09-08,0.37082210183143616,0.37082210183143616,0.3675404934265449,0.3675404934265449,287
2005-09-09,0.3905118703842163,0.3905118703842163,0.3701658628618492,0.37082217685163327,1682
2005-09-12,0.39379340410232544,0.4000284444920246,0.3809951077110388,0.4000284444920246,341
2005-09-13,0.3997003734111786,0.3997003734111786,0.3872302123238554,0.3872302123238554,1444
2005-09-14,0.41184231638908386,0.4180773968957583,0.39707507604361003,0.39707507604361003,850
2005-09-15,0.42332786321640015,0.42660947152661594,0.4167646465959687,0.4200462549061844,1485
2005-09-16,0.4331728219985962,0.43317282199859625,0.416764737739334,0.4249687603090324,83
2005-09-19,0.4282502830028534,0.42825028300285345,0.4275939691535617,0.42825028300285345,1489
2005-09-20,0.42496880888938904,0.4331728715168012,0.42496880888938904,0.4298912229939144,484
2005-09-21,0.42496880888938904,0.4266096135908975,0.4216871994863721,0.42496880888938904,175
2005-09-22,0.42398425936698914,0.42398425936698914,0.42168710201993376,0.4233279063421957,146
2005-09-23,0.42496880888938904,0.42496880888938904,0.42004639478486366,0.42496880888938904,440
2005-09-26,0.42332786321640015,0.42332786321640015,0.4200462549061844,0.4200462549061844,174
2005-09-27,0.4167647361755371,0.4430176474199305,0.4134831271599711,0.4430176474199305,502
2005-09-28,0.415123850107193,0.41676465429260257,0.4134830459217834,0.41676465429260257,198
2005-09-29,0.42660942673683167,0.4397358977194014,0.4151237988569542,0.4151237988569542,2700
2005-09-30,0.44629937410354614,0.452862593865089,0.4335010720966122,0.4361263678252044,693
2005-10-03,0.45286253094673157,0.4587694357354207,0.4462993120970481,0.4551596497201468,225
2005-10-04,0.4495807886123657,0.45680031938873433,0.434813550566215,0.45680031938873433,119
2005-10-05,0.4413769543170929,0.4528625887705846,0.4266096708998713,0.4269378475322068,510
2005-10-06,0.42628148198127747,0.4426895292218722,0.4161084770441606,0.42660961945416714,3618
2005-10-07,0.4407205283641815,0.4479400603651356,0.4328446432650691,0.4397360378368093,857
2005-10-10,0.44564294815063477,0.4489245572081321,0.43809523949441775,0.4489245572081321,462
2005-10-11,0.45876938104629517,0.45876938104629517,0.4495808679281114,0.45253430041044723,400
2005-10-13,0.4722239077091217,0.47255208420065,0.4492526095383158,0.45253421797416543,1128
2005-10-14,0.46894246339797974,0.4689424633979797,0.4594257721313634,0.4594257721313634,53
2005-10-17,0.47911542654037476,0.4837096639057337,0.4689424220772489,0.4689424220772489,135
2005-10-18,0.4722239077091217,0.48174059564500066,0.4627072197732427,0.47255208420065,950
2005-10-19,0.459425687789917,0.4771463997643043,0.4433457803064989,0.4771463997643043,164
2005-10-20,0.44629937410354614,0.4758339021503646,0.4426895875867473,0.4758339021503646,39
2005-10-21,0.45417511463165283,0.4590975674071665,0.43645444111926857,0.44629926843056344,374
2005-10-24,0.45876938104629517,0.45876938104629517,0.45417510492727053,0.45417510492727053,232
2005-10-25,0.45417511463165283,0.45942570484562323,0.44629926843056344,0.4587693908488435,76
2005-10-26,0.45417511463165283,0.4545032911899758,0.44433028732035795,0.4545032911899758,15
2005-10-27,0.4331728219985962,0.454175104129078,0.42332795579509275,0.454175104129078,504
2005-10-28,0.42660942673683167,0.4400640350440577,0.4229996814464961,0.42660942673683167,1052
2005-10-31,0.4361262023448944,0.4361262023448944,0.4200462965584225,0.42168710087623434,453
2005-11-01,0.4535187780857086,0.4535187780857086,0.43317281047795014,0.44301763729975563,624
2005-11-03,0.4571285843849182,0.45745676094186855,0.45450328928891387,0.45450328928891387,431
2005-11-04,0.4545033574104309,0.45614416220137616,0.4545033574104309,0.45614416220137616,104
2005-11-07,0.4627073407173157,0.4627073407173157,0.4581131033542115,0.4581131033542115,100
2005-11-08,0.4561440944671631,0.4561440944671631,0.4433457955263248,0.4433457955263248,68
2005-11-09,0.45286253094673157,0.46205104516026246,0.45286253094673157,0.46205104516026246,21
2005-11-10,0.45089343190193176,0.4508934319019318,0.4508934319019318,0.4508934319019318,148
2005-11-11,0.45286253094673157,0.45286253094673157,0.45286253094673157,0.45286253094673157,233
2005-11-14,0.45548760890960693,0.46205082462671454,0.44301749122313205,0.46205082462671454,489
2005-11-16,0.4479401111602783,0.4479401111602783,0.4335010064011512,0.4335010064011512,115
2005-11-17,0.45811301469802856,0.45942564251349854,0.44301759922081896,0.44301759922081896,258
2005-11-18,0.4590975046157837,0.4590975046157837,0.4462992073896209,0.4462992073896209,1484
2005-11-21,0.4561440944671631,0.4561440944671631,0.44301765808878507,0.4561440944671631,20
2005-11-22,0.4561440944671631,0.4561440944671631,0.44006418643173034,0.44301765808878507,297
2005-11-23,0.4627073407173157,0.4659889500109239,0.4561441221300992,0.4561441221300992,1792
2005-11-24,0.48567867279052734,0.488960282272636,0.4620510532234485,0.4620510532234485,3225
2005-11-25,0.48403772711753845,0.49125725805217196,0.4791153143275802,0.4837095506169308,3121
2005-11-28,0.4873194098472595,0.4925699999373215,0.47550560170455275,0.49060101887358193,453
2005-11-29,0.4758337140083313,0.49224175692453853,0.4758337140083313,0.49224175692453853,978
2005-11-30,0.4919135868549347,0.4919135868549347,0.46927046386236854,0.46927046386236854,847
2005-12-01,0.5004459619522095,0.5004459619522095,0.4791154983368707,0.49224193748477146,882
2005-12-02,0.492241770029068,0.492241770029068,0.49191359351406305,0.492241770029068,285
2005-12-05,0.47255218029022217,0.4856786167027729,0.47255218029022217,0.4856786167027729,181
2005-12-06,0.482068806886673,0.4889602013059061,0.47517741246743983,0.482068806886673,134
2005-12-07,0.46533265709877014,0.4653326570987701,0.4594257522781726,0.4594257522781726,59
2005-12-08,0.459425687789917,0.45942568778991694,0.44958086084410115,0.45942568778991694,928
2005-12-09,0.46566063165664673,0.46566063165664673,0.4495807288926621,0.46566063165664673,284
2005-12-12,0.4590975046157837,0.4653325454122157,0.45286242469949073,0.4590975046157837,6776
2005-12-13,0.4758337140083313,0.4758337140083313,0.45942563197226394,0.4758337140083313,17
2005-12-14,0.4659889042377472,0.4659889042377472,0.4640199623269087,0.46434809975211605,411
2005-12-15,0.45778489112854004,0.45942569564757235,0.45778489112854004,0.45942569564757235,16
2005-12-16,0.4722239077091217,0.4722239077091217,0.4561440029015434,0.4722239077091217,2526
2005-12-19,0.46927037835121155,0.4840376535979721,0.4676295743371108,0.4840376535979721,574
2005-12-20,0.46894246339797974,0.4692706008844942,0.4689424633979797,0.4692706008844942,26
2005-12-21,0.4741929769515991,0.48731941314573646,0.4741929769515991,0.4741929769515991,23
2005-12-22,0.4676297605037689,0.47583382296022064,0.467629760503769,0.47583382296022064,19
2005-12-23,0.47550565004348755,0.48567865470720006,0.45942574070793785,0.47550565004348755,728
2005-12-26,0.4787871241569519,0.4787871241569519,0.46927043622949804,0.46927043622949804,33
2005-12-27,0.4758337140083313,0.47878714608530454,0.46598884913874683,0.47878714608530454,540
2005-12-28,0.4758337140083313,0.48567853975805564,0.46598884913874683,0.47517736099579494,77
2005-12-29,0.4906008839607239,0.4906008839607238,0.4692703920355445,0.4906008839607238,117
2006-01-02,0.492241770029068,0.492241770029068,0.46959864672997753,0.4758337266760435,785
2006-01-03,0.5020867586135864,0.5083218405785348,0.49224192941407463,0.5020867586135864,702
2006-01-04,0.49552345275878906,0.5020866710809134,0.49552345275878906,0.5020866710809134,208
2006-01-05,0.5053682923316956,0.5217763776493972,0.498805073852562,0.498805073852562,3763
2006-01-06,0.5165256261825562,0.5184946067603804,0.5139003317854091,0.5165256261825562,268
2006-01-09,0.5234169960021973,0.5266986040739471,0.5152129758228228,0.5152129758228228,175
2006-01-10,0.5086499452590942,0.5217764224646594,0.5086499452590942,0.5217764224646594,65
2006-01-11,0.5283396244049072,0.5414660620656923,0.5152131867441222,0.5152131867441222,4646
2006-01-12,0.5250579714775085,0.5349027989072442,0.5250579714775085,0.5349027989072442,1725
2006-01-13,0.5283396244049072,0.5286677618745049,0.5247298384002433,0.525058014989711,336
2006-01-16,0.5316212177276611,0.5355591410827197,0.5250579990959405,0.5250579990959405,339
2006-01-17,0.5250579714775085,0.5283395806207538,0.5250579714775085,0.5250579714775085,172
2006-01-18,0.5345745086669922,0.5414659020502899,0.5250578598232557,0.5250578598232557,575
2006-01-19,0.5608275532722473,0.5742821668551996,0.5352309932792396,0.5411378977576057,793
2006-01-20,0.5627964735031128,0.5627964735031128,0.5480291943470239,0.5611556690546433,410
2006-01-23,0.5611557960510254,0.5611557960510254,0.5463885135529208,0.5578741864114183,763
2006-01-24,0.5611557960510254,0.57264142978965,0.5578741864114183,0.5710006249698465,672
2006-01-25,0.5611557960510254,0.5611557960510254,0.5611557960510254,0.5611557960510254,0
2006-01-26,0.5870804786682129,0.5900339114091212,0.5614838790209528,0.5614838790209528,1047
2006-01-27,0.5644374489784241,0.6038168067936601,0.5644374489784241,0.5906903281086643,208
2006-01-30,0.5572177767753601,0.5644373485474907,0.5447476535833431,0.5644373485474907,428
2006-01-31,0.5414659976959229,0.5582022193717607,0.5349027796457693,0.5578740819411723,496
2006-02-01,0.5513108372688293,0.5513108372688293,0.534902791771491,0.534902791771491,327
2006-02-02,0.554592490196228,0.56115570845088,0.5447476236943835,0.5447476236943835,611
2006-02-03,0.5641090869903564,0.5644372635196048,0.5381843538954849,0.5480291803345814,440
2006-02-06,0.5578740835189819,0.5742821286907721,0.5513108263304004,0.5568895929847014,755
2006-02-07,0.5559049844741821,0.5578739651248787,0.5447474926533302,0.5578739651248787,1029
2006-02-08,0.6005350351333618,0.6005350351333618,0.5562332744149847,0.5562332744149847,732
2006-02-09,0.5969252586364746,0.6038166533043303,0.5969252586364746,0.6002068676935743,343
2006-02-10,0.623178243637085,0.6300695999970265,0.6041448619195217,0.6041448619195217,637
2006-02-13,0.6198965907096863,0.6231781999232371,0.6136615097320192,0.6231781999232371,287
2006-02-14,0.5906900763511658,0.603816549441539,0.5906900763511658,0.603816549441539,437
2006-02-15,0.603816568851471,0.6070981774495882,0.603816568851471,0.6070981774495882,630
2006-02-16,0.5808451771736145,0.6169429051321818,0.5808451771736145,0.6169429051321818,1997
2006-02-17,0.5972533822059631,0.6103798172698759,0.5939717343201227,0.5939717343201227,890
2006-02-20,0.6235062479972839,0.6399143308329185,0.605129223387674,0.6175993444356335,969
2006-02-21,0.5972533822059631,0.6267878610997668,0.5972533822059631,0.6267878610997668,321
2006-02-22,0.5988942980766296,0.6221937403003471,0.5972534933881951,0.5988942980766296,627
2006-02-23,0.6185839772224426,0.6202247819715789,0.5988943202328073,0.5988943202328073,515
2006-02-24,0.615302324295044,0.6235063474616709,0.607098301128417,0.6235063474616709,1230
2006-02-27,0.615302324295044,0.615302324295044,0.615302324295044,0.615302324295044,0
2006-02-28,0.615302324295044,0.615302324295044,0.615302324295044,0.615302324295044,0
2006-03-01,0.6235062479972839,0.6235062479972839,0.616943030510975,0.616943030510975,41
2006-03-02,0.6431958079338074,0.6527124556932474,0.6300693365279096,0.6300693365279096,1005
2006-03-03,0.6523845195770264,0.6527126570134746,0.6431960063187546,0.6527126570134746,142
2006-03-06,0.6363046765327454,0.6497592907968737,0.6300695951655202,0.6497592907968737,25
2006-03-07,0.6008630990982056,0.6235062219520349,0.6005349617095144,0.6235062219520349,153
2006-03-08,0.6051293611526489,0.6051293611526489,0.590690255923616,0.5939718654138684,1090
2006-03-09,0.5906900763511658,0.603816549441539,0.5906900763511658,0.603816549441539,696
2006-03-10,0.5874085426330566,0.6172712384851687,0.577563715901968,0.577563715901968,111
2006-03-13,0.5906900763511658,0.6070981579341675,0.5906900763511658,0.6070981579341675,843
2006-03-14,0.5972533822059631,0.5972533822059631,0.5890493211711555,0.5906901255541446,1397
2006-03-15,0.6136615872383118,0.6153023920523231,0.6070983679822667,0.6070983679822667,324
2006-03-16,0.6133331656455994,0.6267877753943036,0.6070981254907503,0.6070981254907503,302
2006-03-17,0.6169431209564209,0.6202247301806678,0.6070982932836805,0.6070982932836805,203
2006-03-20,0.6182557940483093,0.6330230757533281,0.6130052423788457,0.6130052423788457,161
2006-03-21,0.6070982813835144,0.610379890543436,0.6057856142476256,0.6057856142476256,289
2006-03-22,0.615302324295044,0.6202247381950201,0.607098301128417,0.607098301128417,368
2006-03-23,0.616614818572998,0.616614818572998,0.590690087519166,0.6153021907990728,58
2006-03-24,0.610051691532135,0.623506304240687,0.6070982590448263,0.623506304240687,259
2006-03-27,0.5988942980766296,0.6100517543100363,0.5906902355145877,0.5906902355145877,324
2006-03-28,0.5808451771736145,0.606113590656597,0.5808451771736145,0.5949560997254459,1525
2006-03-29,0.5906900763511658,0.5906900763511658,0.574282033888023,0.5906900763511658,970
2006-03-30,0.5775637030601501,0.5841269207349464,0.5749384081662591,0.5841269207349464,2881
2006-03-31,0.6028320789337158,0.6070981779386772,0.5775636614119685,0.5775636614119685,8468
2006-04-03,0.6005350351333618,0.6087390576516047,0.5972534261260646,0.5972534261260646,682
2006-04-04,0.6002069115638733,0.6005350881415167,0.5906902211307712,0.6005350881415167,252
2006-04-05,0.5792045593261719,0.6038166669296663,0.5775637547605967,0.6038166669296663,484
2006-04-06,0.5906900763511658,0.5939716848437943,0.5792044466269658,0.5792044466269658,374
2006-04-07,0.6097235083580017,0.6103798222926257,0.59069013041487,0.59069013041487,688
2006-04-10,0.6002069115638733,0.6038166974384757,0.5841270025368533,0.6038166974384757,23
2006-04-11,0.5746101140975952,0.5906899773690228,0.5742819376553815,0.5811733299830518,87
2006-04-12,0.5742822885513306,0.5759230935252536,0.5742822885513306,0.5759230935252536,142
2006-04-13,0.5742822885513306,0.5746104651940657,0.5742822885513306,0.5742822885513306,155
2006-04-14,0.5742822885513306,0.5742822885513306,0.5742822885513306,0.5742822885513306,0
2006-04-17,0.5742822885513306,0.5746104651940657,0.5742822885513306,0.5742822885513306,238
2006-04-18,0.5906900763511658,0.5923308805974801,0.5906900763511658,0.5906900763511658,252
2006-04-19,0.593971848487854,0.5972534970044623,0.593971848487854,0.5972534970044623,545
2006-04-20,0.6070982813835144,0.6070982813835144,0.5972534539037493,0.5972534539037493,1015
2006-04-21,0.6070982813835144,0.6070982813835144,0.6070982813835144,0.6070982813835144,0
2006-04-24,0.6235062479972839,0.6464775483192274,0.6070982042815115,0.6136614217678205,347
2006-04-25,0.6136615872383118,0.6235064161223796,0.6136615872383118,0.6136615872383118,202
2006-04-26,0.6267879605293274,0.6317103744591543,0.6235063512427761,0.6317103744591543,421
2006-04-27,0.6241625547409058,0.6241625547409058,0.6235062408237981,0.6235062408237981,189
2006-04-28,0.6267812252044678,0.6375241496969064,0.6244312254794085,0.6261098024287982,1666
2006-05-01,0.6267812252044678,0.6267812252044678,0.6267812252044678,0.6267812252044678,0
2006-05-02,0.6529669761657715,0.6529669761657715,0.6378597458560127,0.6378597458560127,401
2006-05-03,0.6415525078773499,0.6512882748803511,0.6378596238382084,0.6512882748803511,219
2006-05-04,0.6647171378135681,0.6909029872542279,0.6479313276545837,0.6479313276545837,281
2006-05-05,0.6580027341842651,0.6580027341842651,0.6546455806441762,0.6546455806441762,157
2006-05-08,0.6348382234573364,0.6543097180898112,0.6345024921624725,0.6462525271968463,270
2006-05-09,0.6294668316841125,0.6311454083011199,0.6294668316841125,0.6311454083011199,563
2006-05-10,0.6378598809242249,0.639538457978482,0.6345027268157105,0.6378598809242249,3930
2006-05-11,0.6227526664733887,0.6227526664733887,0.6193955124778797,0.6197312038651711,41922
2006-05-12,0.6093238592147827,0.6227524709813609,0.5975737838986069,0.6193953180397164,48955
2006-05-15,0.5875024795532227,0.609324019432149,0.5875024795532227,0.609324019432149,2473
2006-05-16,0.6294668316841125,0.6294668316841125,0.587502376238505,0.6294668316841125,6511
2006-05-17,0.6042882204055786,0.6110025677606692,0.5942167594035856,0.6110025677606692,1258
2006-05-18,0.617716908454895,0.617716908454895,0.604288253039933,0.604288253039933,272
2006-05-19,0.6042882204055786,0.6311454897646551,0.5875024520689237,0.6311454897646551,536
2006-05-22,0.5975740551948547,0.6177170220099688,0.5975740551948547,0.6177170220099688,92
2006-05-23,0.5707167387008667,0.6042882786076204,0.5707167387008667,0.600931124616945,3369
2006-05-24,0.5539310574531555,0.5707168713277612,0.5337881288281586,0.5707168713277612,12148
2006-05-25,0.5841453075408936,0.6032811157604141,0.5774310001011822,0.5807881538210379,971
2006-05-26,0.6009311079978943,0.6042882618957258,0.5807881846109046,0.6042882618957258,9350
2006-05-29,0.5875024795532227,0.6009310948507586,0.5871667481626122,0.6009310948507586,215
2006-05-30,0.5656808614730835,0.574073784894214,0.5656808614730835,0.574073784894214,11192
2006-05-31,0.5539310574531555,0.5707168713277612,0.5539310574531555,0.5656810991510703,16764
2006-06-01,0.5720595121383667,0.5875024345559189,0.564002319564694,0.5673595131523782,4378
2006-06-02,0.5774312019348145,0.587502666614732,0.5606453874478419,0.587502666614732,2981
2006-06-05,0.5640023350715637,0.5774309897302301,0.5539308740928853,0.5774309897302301,324
2006-06-06,0.5673595070838928,0.5673595070838928,0.5438593923440257,0.5539308529380715,2710
2006-06-07,0.5707167387008667,0.5774310466822175,0.5673595847101913,0.5673595847101913,11677
2006-06-08,0.5640023350715637,0.5640023350715637,0.5589666045822246,0.5589666045822246,1083
2006-06-09,0.5572882890701294,0.5707169500256203,0.5572882890701294,0.5707169500256203,9456
2006-06-12,0.5304307341575623,0.5707166132077622,0.5304307341575623,0.5572879601774131,709
2006-06-13,0.5368094444274902,0.5606452545270156,0.5035735948512321,0.5606452545270156,4545
2006-06-14,0.5371452569961548,0.5371452569961548,0.5032379394614303,0.5371452569961548,28151
2006-06-15,0.5371452569961548,0.5371452569961548,0.5371452569961548,0.5371452569961548,0
2006-06-16,0.5522524118423462,0.5539309890203907,0.5220379826171069,0.5220379826171069,1053
2006-06-19,0.5270736813545227,0.5505737586005254,0.5170021796572332,0.5505737586005254,2864
2006-06-20,0.5438595414161682,0.5438595414161682,0.5018950707514035,0.5018950707514035,2459
2006-06-21,0.553595244884491,0.5539309362758738,0.553595244884491,0.5539309362758738,329
2006-06-22,0.5468809604644775,0.5468809604644775,0.5180094163815333,0.5405023830607849,4711
2006-06-23,0.5371452569961548,0.5556096073212636,0.5206951754215212,0.5300952163183918,2373
2006-06-26,0.5640023350715637,0.5673595287515517,0.5210307602251166,0.5371451057950879,481
2006-06-27,0.5539310574531555,0.574074026098594,0.5539310574531555,0.5703811398425013,571
2006-06-28,0.5623236298561096,0.5673593992161468,0.5539307476234132,0.5673593992161468,2106
2006-06-29,0.5938811302185059,0.5938811302185059,0.5740738974955107,0.5784382057239966,2684
2006-06-30,0.5875024795532227,0.6042882486751426,0.5875024795532227,0.5875024795532227,2883
2006-07-03,0.6039527058601379,0.6039527058601379,0.5891812013872205,0.5891812013872205,7482
2006-07-04,0.6042882204055786,0.6086525281771946,0.6039525290511026,0.6039525290511026,2124
2006-07-05,0.5891811847686768,0.5925383393241328,0.5891811847686768,0.5925383393241328,3254
2006-07-06,0.5942168831825256,0.597574037549172,0.5878383058940723,0.597574037549172,2187
2006-07-07,0.580788254737854,0.5875025633442326,0.5804525232993607,0.5875025633442326,207
2006-07-10,0.580788254737854,0.5841454090410433,0.5707167918282862,0.580788254737854,2570
2006-07-11,0.5707167387008667,0.5707167387008667,0.5640023906990835,0.5703810072936262,1952
2006-07-12,0.5858238935470581,0.5925382010915973,0.5740738553441146,0.5807881628886536,2164
2006-07-13,0.5707167387008667,0.5925382396402565,0.5707167387008667,0.5925382396402565,551
2006-07-14,0.5707167387008667,0.5707167387008667,0.5703810072936262,0.5707167387008667,798
2006-07-17,0.5656808614730835,0.577095206910298,0.5539308247120955,0.5539308247120955,407
2006-07-18,0.5875024795532227,0.5875024795532227,0.5707167104313028,0.5841453257288387,6974
2006-07-19,0.6042882204055786,0.6110025677606692,0.5707166837322687,0.5707166837322687,2244
2006-07-20,0.5942168831825256,0.6042883462824649,0.5942168831825256,0.6042883462824649,22
2006-07-21,0.6026096940040588,0.6042882709782037,0.602274002621489,0.6026096940040588,2765
2006-07-24,0.617716908454895,0.6207383309104922,0.604288253039933,0.604288253039933,515
2006-07-25,0.6240955591201782,0.6240955591201782,0.612681250682983,0.6177169820559401,359
2006-07-26,0.6240955591201782,0.6365170618564875,0.6240955591201782,0.6361813304234495,209
2006-07-27,0.6240955591201782,0.6240955591201782,0.6240955591201782,0.6240955591201782,0
2006-07-28,0.6244312524795532,0.6244312524795532,0.6240955210669858,0.6244312524795532,1897
2006-07-31,0.617716908454895,0.6210740623035278,0.617716908454895,0.6210740623035278,2495
2006-08-01,0.6210740208625793,0.6210740208625793,0.6143597136133235,0.6143597136133235,1794
2006-08-02,0.6180524826049805,0.6210739445079448,0.6180524826049805,0.6210739445079448,553
2006-08-03,0.6378598809242249,0.6378598809242249,0.6180526476717302,0.6180526476717302,1823
2006-08-04,0.6479313373565674,0.6546456855329601,0.6395384521616183,0.6479313373565674,8100
2006-08-07,0.6512884497642517,0.6512884497642517,0.6445741024300357,0.6445741024300357,8748
2006-08-08,0.6445741653442383,0.6546456673183855,0.637859857375095,0.6546456673183855,1880
2006-08-09,0.6210740208625793,0.6492741353217104,0.6210740208625793,0.6445740962349745,12550
2006-08-10,0.6543099880218506,0.6543099880218506,0.6543099880218506,0.6543099880218506,19
2006-08-11,0.6277885437011719,0.6351742762076076,0.6277885437011719,0.6351742762076076,22
2006-08-14,0.6314812898635864,0.6378598665175236,0.6314812898635864,0.6378598665175236,547
2006-08-15,0.6445741653442383,0.6479313193288099,0.637859857375095,0.6445741653442383,4318
2006-08-16,0.6479313373565674,0.6479313373565674,0.6445741832785877,0.6445741832785877,749
2006-08-17,0.661359965801239,0.6637099655526452,0.6546456579284031,0.6546456579284031,1417
2006-08-18,0.6546456217765808,0.6546456217765808,0.647931274254103,0.647931274254103,2084
2006-08-21,0.6546456217765808,0.6546456217765808,0.6509527366422825,0.6546456217765808,3723
2006-08-22,0.6445741653442383,0.6546456673183855,0.6445741653442383,0.6546456673183855,7205
2006-08-23,0.6163739562034607,0.6304740328582503,0.6163739562034607,0.6277883020658891,1914
2006-08-24,0.6210740208625793,0.6210740208625793,0.6210740208625793,0.6210740208625793,55
2006-08-25,0.6110025644302368,0.6210740253773326,0.6110025644302368,0.6210740253773326,1149
2006-08-28,0.6247669458389282,0.6247669458389282,0.6150312150890166,0.6193955233639689,2076
2006-08-29,0.6284599304199219,0.6287956618864937,0.6244313529232571,0.6287956618864937,15422
2006-08-30,0.6428954601287842,0.6428954601287842,0.6311454235262857,0.6378597301562848,7833
2006-08-31,0.6479313373565674,0.6613599936889193,0.6472599145450582,0.6479313373565674,19987
2006-09-01,0.6680742502212524,0.6680742502212524,0.647931287289434,0.647931287289434,4521
2006-09-04,0.6714314222335815,0.6848600378717151,0.6707599994557611,0.6707599994557611,782
2006-09-05,0.6848599314689636,0.6915742382448672,0.6815027780810119,0.6815027780810119,2344
2006-09-06,0.6848599314689636,0.6848599314689636,0.6781456246930602,0.6845242401424236,13084
2006-09-07,0.6848599314689636,0.6848599314689636,0.6848599314689636,0.6848599314689636,0
2006-09-08,0.6848599314689636,0.6882170848569155,0.6848599314689636,0.6848599314689636,3040
2006-09-11,0.6848599314689636,0.6882170848569155,0.6714313179171566,0.6714313179171566,80
2006-09-12,0.683181643486023,0.6882173353806093,0.683181643486023,0.6882173353806093,121
2006-09-13,0.6828456521034241,0.6831814234849148,0.6714313461132261,0.6831814234849148,76
2006-09-14,0.6828456521034241,0.6828456521034241,0.6828456521034241,0.6828456521034241,0
2006-09-15,0.6714314222335815,0.6815028839621817,0.6714314222335815,0.6815028839621817,1654
2006-09-18,0.6798242330551147,0.6848599230547485,0.6714313096679259,0.6848599230547485,46
2006-09-19,0.6647171378135681,0.6798243709586973,0.6647171378135681,0.6798243709586973,274
2006-09-20,0.6714314222335815,0.6714314222335815,0.6714314222335815,0.6714314222335815,41
2006-09-21,0.6512884497642517,0.6610241793610724,0.6512884497642517,0.6610241793610724,41
2006-09-22,0.6512884497642517,0.6512884497642517,0.6277883341455667,0.6277883341455667,303
2006-09-25,0.6445741653442383,0.6509527819271838,0.6445741653442383,0.6445741653442383,22
2006-09-26,0.6630384922027588,0.6630384922027588,0.6630384922027588,0.6630384922027588,23
2006-09-27,0.6781456470489502,0.6781456470489502,0.6630384563051405,0.6630384563051405,7
2006-09-28,0.6982886791229248,0.6982886791229248,0.6741171380713323,0.6741171380713323,720
2006-09-29,0.7016457915306091,0.704667253993027,0.6915743300300773,0.6949314838635878,286
2006-10-02,0.7217889428138733,0.7352175609058915,0.7217889428138733,0.7352175609058915,231
2006-10-03,0.7167530655860901,0.7167530655860901,0.7050029864633829,0.7050029864633829,61
2006-10-04,0.7217889428138733,0.7217889428138733,0.7160817080879759,0.7167531710089278,234
2006-10-05,0.730181872844696,0.7318604903191558,0.7217890255950571,0.7217890255950571,339
2006-10-06,0.7217889428138733,0.7217889428138733,0.7207817884528842,0.7217889428138733,259
2006-10-09,0.7419317960739136,0.7419317960739136,0.7184317167529063,0.7184317167529063,134
2006-10-10,0.7385745644569397,0.7415960269222902,0.7382387930446601,0.7382387930446601,197
2006-10-11,0.7335386872291565,0.7352173039243682,0.7335386872291565,0.7352173039243682,4
2006-10-12,0.7335386872291565,0.7335386872291565,0.7335386872291565,0.7335386872291565,0
2006-10-13,0.7177600860595703,0.7180957773876838,0.7073529345203963,0.7073529345203963,54
2006-10-16,0.7117171883583069,0.7150744219276111,0.6996314996885686,0.7150744219276111,188
2006-10-17,0.7050029635429382,0.7050029635429382,0.7016458096228619,0.7050029635429382,200
2006-10-18,0.6848599314689636,0.7050028517966743,0.6848599314689636,0.7050028517966743,177
2006-10-19,0.6979530453681946,0.6979530453681946,0.6848601195473089,0.6848601195473089,36
2006-10-20,0.7050029635429382,0.7050029635429382,0.6898958109230262,0.6898958109230262,514
2006-10-23,0.7150744795799255,0.7150744795799255,0.7050029381417106,0.7050029381417106,200
2006-10-24,0.7066814303398132,0.7150743533767757,0.7050028137160823,0.7150743533767757,84
2006-10-25,0.7117171883583069,0.7117171883583069,0.703324344557608,0.7066814980860583,378
2006-10-26,0.6885527968406677,0.7053385623327528,0.6885527968406677,0.7053385623327528,312
2006-10-27,0.6858672499656677,0.6858672499656677,0.6851957871107152,0.6851957871107152,11
2006-10-30,0.6744528412818909,0.678145686332038,0.6593456096425349,0.678145686332038,413
2006-10-31,0.6841887831687927,0.6949316296654396,0.6751243938797625,0.6949316296654396,548
2006-11-01,0.7060101628303528,0.7060101628303528,0.6982887003167632,0.7046673171846999,905
2006-11-02,0.7060101628303528,0.7060101628303528,0.7060101628303528,0.7060101628303528,0
2006-11-03,0.7050029635429382,0.7083601174630146,0.6915743478626328,0.7050029635429382,118
2006-11-06,0.7083602547645569,0.714738872461329,0.702653099998295,0.7110460264457191,514
2006-11-07,0.7050029635429382,0.7123887341834514,0.7050029635429382,0.7093672716431239,558
2006-11-08,0.6949313879013062,0.7066814647164692,0.6882170811614559,0.7050028480110816,270
2006-11-09,0.6724386215209961,0.7050030086239619,0.6684100445633857,0.6915743920849712,1663
2006-11-10,0.6549813747406006,0.6710957222651611,0.64793133519222,0.6647171455464802,127
2006-11-13,0.6412171721458435,0.6546458314718191,0.6378600173194603,0.6546458314718191,322
2006-11-14,0.6647171378135681,0.687881524617029,0.6546456757304372,0.6546456757304372,1657
2006-11-15,0.6647171378135681,0.6647171378135681,0.6647171378135681,0.6647171378135681,0
2006-11-16,0.661359965801239,0.6915743512290004,0.6580028118648211,0.6915743512290004,515
2006-11-17,0.6714314222335815,0.6714314222335815,0.6415527284264755,0.6583384979741425,479
2006-11-20,0.6714314222335815,0.6714314222335815,0.6714314222335815,0.6714314222335815,0
2006-11-21,0.6848599314689636,0.6898957015713165,0.6764670880195095,0.6838527774484932,681
2006-11-22,0.7016457915306091,0.7016457915306091,0.6882171761965666,0.7016457915306091,99
2006-11-23,0.704667329788208,0.704667329788208,0.6815029418331267,0.7016458670007967,659
2006-11-24,0.6945959329605103,0.7050030879367721,0.6848601608622077,0.688217315374635,254
2006-11-27,0.6680742502212524,0.6895600186518941,0.6637099422530323,0.6882171731326403,431
2006-11-28,0.6754601001739502,0.6781457915286981,0.6613600204593482,0.6647171746732181,1827
2006-11-29,0.6815030574798584,0.6999674487039471,0.6700887472894168,0.6999674487039471,741
2006-11-30,0.6781456470489502,0.6845242627085925,0.6449098034003129,0.6815028005475746,1737
2006-12-01,0.6680742502212524,0.671431404039817,0.6647170964026877,0.671431404039817,303
2006-12-04,0.6882172226905823,0.6882172226905823,0.6737814522271605,0.6737814522271605,123
2006-12-05,0.6949313879013062,0.6949313879013062,0.6825099284366681,0.6882170811614559,76
2006-12-06,0.7016457915306091,0.7039957912099805,0.6915743300300773,0.6949314838635878,107
2006-12-07,0.7251459360122681,0.7251459360122681,0.7050029333146159,0.7083600870907479,195
2006-12-08,0.704331636428833,0.7251460243940826,0.701645865056066,0.7251460243940826,1068
2006-12-11,0.7194387316703796,0.7211173486468059,0.7083601157567274,0.7083601157567274,448
2006-12-12,0.6989602446556091,0.7197746347331314,0.6915744726820683,0.7197746347331314,1164
2006-12-13,0.6949313879013062,0.7117171547509319,0.6949313879013062,0.7117171547509319,60
2006-12-14,0.7050029635429382,0.7117172713830909,0.6986244271233973,0.7117172713830909,327
2006-12-15,0.7201102375984192,0.7285031629014993,0.7050030040692222,0.7050030040692222,334
2006-12-18,0.7050029635429382,0.7184316592641067,0.7016458096228619,0.7050029635429382,670
2006-12-19,0.6982886791229248,0.718431683359829,0.6882172170249056,0.7167530663230596,113
2006-12-20,0.698624312877655,0.7117171549962816,0.698624312877655,0.7050028482541167,113
2006-12-21,0.7033244371414185,0.7050029741061751,0.7033244371414185,0.7050029741061751,53
2006-12-22,0.6982886791229248,0.7050029871882709,0.6982886791229248,0.7050029871882709,68
2006-12-26,0.7133958339691162,0.7133958339691162,0.7016457561243282,0.7083600634525337,11
2006-12-27,0.7251459360122681,0.7285030897884002,0.71171724086688,0.7130601664100207,376
2006-12-28,0.7217889428138733,0.7285032518598824,0.7217889428138733,0.7217889428138733,223
2007-01-02,0.7382388114929199,0.7385745829135903,0.7288388125314093,0.7335388120121645,84
2007-01-03,0.7449532151222229,0.76878898445052,0.7382388270981028,0.76878898445052,529
2007-01-04,0.7452889084815979,0.7452889084815979,0.7352174464800598,0.7452889084815979,630
2007-01-05,0.7050029635429382,0.7452888906247175,0.7050029635429382,0.7452888906247175,636
2007-01-08,0.7147387266159058,0.7281673421589165,0.7050029563349642,0.7278316507825999,948
2007-01-09,0.7083602547645569,0.7150746439470234,0.6982887910521749,0.7110460264457191,302
2007-01-10,0.6999672651290894,0.7217888053945154,0.6831814957098624,0.7217888053945154,1308
2007-01-11,0.7251459360122681,0.7251459360122681,0.6932529351185834,0.7050029333146159,506
2007-01-12,0.7167530655860901,0.725145990679576,0.7150745285919123,0.725145990679576,1305
2007-01-15,0.7285031676292419,0.7298460132750064,0.7167530881368493,0.7298460132750064,892
2007-01-16,0.7110456824302673,0.7150742979824618,0.7097028372598158,0.7144028353768161,130
2007-01-17,0.7174245119094849,0.7177602032924273,0.7150745121471601,0.7150745121471601,67
2007-01-18,0.7217889428138733,0.7281674803789677,0.7217889428138733,0.7268246345779414,72
2007-01-19,0.7258173227310181,0.7281673223831368,0.7217887862020403,0.7281673223831368,688
2007-01-22,0.7285031676292419,0.7285031676292419,0.7217888593595514,0.7217888593595514,40
2007-01-23,0.7184316515922546,0.7285031132449344,0.7184316515922546,0.7268244962823901,243
2007-01-24,0.7251459360122681,0.7285030897884002,0.7184316284600039,0.7184316284600039,34
2007-01-26,0.7382388114929199,0.7382388114929199,0.7268245041708389,0.7281673497309314,1076
2007-01-29,0.7217889428138733,0.736896098146955,0.7184317882908688,0.736896098146955,159
2007-01-30,0.7194387316703796,0.7221245028244891,0.7184316575335593,0.721788811445549,159
2007-01-31,0.7352173328399658,0.7352173328399658,0.7204457934882057,0.7335387160787352,108
2007-02-01,0.7385745644569397,0.7385745644569397,0.7385745644569397,0.7385745644569397,8
2007-02-02,0.7368958592414856,0.7385744759792103,0.7318601691100144,0.7385744759792103,103
2007-02-05,0.7318602800369263,0.7382388165008511,0.7301816630447763,0.7368959709316492,360
2007-02-06,0.7318602800369263,0.7385745879237993,0.7271602004834243,0.7318602800369263,44
2007-02-07,0.7318602800369263,0.7318602800369263,0.7285031260934898,0.7318602800369263,197
2007-02-08,0.7191029787063599,0.7217887496304558,0.7016457478427323,0.7217887496304558,344
2007-02-09,0.7214530110359192,0.7285030899964114,0.7083600872930077,0.7285030899964114,209
2007-02-12,0.7083602547645569,0.7217889530886114,0.7083602547645569,0.7214531816029169,856
2007-02-13,0.7318602800369263,0.7318602800369263,0.7150745103197439,0.7217888182066169,243
2007-02-14,0.7368958592414856,0.7385744759792103,0.7217887088062206,0.7318601691100144,243
2007-02-15,0.7368958592414856,0.7368958592414856,0.7318601691100144,0.7368958592414856,511
2007-02-16,0.7412604689598083,0.7415962404687751,0.7244746949424125,0.7301818501042386,139
2007-02-21,0.7335386872291565,0.7415959193008138,0.7301815338795824,0.7385744572739423,290
2007-02-22,0.722460150718689,0.7402530733853679,0.7217887680012192,0.7402530733853679,243
2007-02-23,0.7217889428138733,0.7385747154288961,0.7217889428138733,0.731860406382887,172
2007-02-26,0.7315245270729065,0.738238835129205,0.7251459904480289,0.7318602985043273,286
2007-02-27,0.7083602547645569,0.7248103361737109,0.6888887902703033,0.7083602547645569,286
2007-02-28,0.7050029635429382,0.7050029635429382,0.7033244266033316,0.7033244266033316,92
2007-03-01,0.7050029635429382,0.7150745053440304,0.6815028861024038,0.6815028861024038,3158
2007-03-02,0.706345796585083,0.7083600246404967,0.706345796585083,0.7083600246404967,99
2007-03-05,0.6966099739074707,0.7033242803514251,0.6966099739074707,0.7033242803514251,156
2007-03-06,0.7100387811660767,0.7100387811660767,0.7050030099341623,0.7066816270250899,677
2007-03-07,0.6999672651290894,0.7050029559344263,0.6949314942828901,0.6949314942828901,1646
2007-03-08,0.7248101830482483,0.7248101830482483,0.6996315691070385,0.7050029512528324,2819
2007-03-09,0.7251459360122681,0.7372317056145156,0.7103743953645991,0.7234673191037723,2819
2007-03-12,0.7308531403541565,0.7308531403541565,0.7217888325310762,0.7217888325310762,3
2007-03-13,0.6982886791229248,0.7305174538856252,0.6982886791229248,0.7234673743884057,475
2007-03-14,0.7050029635429382,0.7050029635429382,0.6949315017827092,0.6982886557027855,234
2007-03-15,0.7050029635429382,0.7050029635429382,0.7033244266033316,0.7050029635429382,57
2007-03-16,0.6919100880622864,0.7117172392683775,0.6915743166568256,0.7050029317311935,130
2007-03-19,0.7083602547645569,0.7117174093353508,0.7039959458184368,0.7117174093353508,47
2007-03-20,0.7217889428138733,0.7217889428138733,0.7050030901579732,0.7117173992039822,276
2007-03-21,0.7436103820800781,0.7436103820800781,0.7217889184379324,0.7251460728475605,218
2007-03-22,0.7342101335525513,0.7436101307055273,0.721788674440041,0.7436101307055273,165
2007-03-23,0.7217889428138733,0.7251460973368778,0.7217889428138733,0.7217889428138733,20
2007-03-26,0.7251459360122681,0.7385745511167965,0.721788782236136,0.721788782236136,238
2007-03-27,0.7258173227310181,0.7452888627640872,0.7251459399966185,0.7251459399966185,521
2007-03-28,0.7254815697669983,0.7385744924664599,0.7251458784283003,0.7385744924664599,118
2007-03-29,0.7385745644569397,0.7520031798040159,0.7285031029466326,0.7486460259672468,123
2007-03-30,0.7352173328399658,0.7419316398031831,0.715074411950314,0.7385744863215745,410
2007-04-02,0.7227960824966431,0.7318603915205937,0.7227960824966431,0.7318603915205937,58
2007-04-03,0.7251459360122681,0.7355530887060197,0.7251459360122681,0.7315244721583173,358
2007-04-04,0.7251459360122681,0.7348816259344494,0.718095857053789,0.718095857053789,246
2007-04-05,0.7385745644569397,0.7385745644569397,0.7231316407996299,0.7251459491098635,186
2007-04-09,0.7318602800369263,0.7318602800369263,0.7217888182066169,0.7251459721500533,237
2007-04-10,0.7436103820800781,0.7459603821627304,0.7318603816668169,0.735217536076445,306
2007-04-11,0.7486459612846375,0.755024577035648,0.7436101909441412,0.755024577035648,246
2007-04-12,0.7318602800369263,0.7546888948359489,0.7318602800369263,0.7385745879237993,125
2007-04-13,0.7614032626152039,0.766774725355397,0.7520032628505182,0.7540175713831994,105
2007-04-16,0.765431821346283,0.7755032832012633,0.7624103587775297,0.7624103587775297,649
2007-04-17,0.7869177460670471,0.7909462831705099,0.7721462032317363,0.7721462032317363,541
2007-04-18,0.7990034818649292,0.8060534815125769,0.7788604770814668,0.7889319394527641,783
2007-04-19,0.7946390509605408,0.7969890504807022,0.7855746641873897,0.7969890504807022,484
2007-04-20,0.7956463694572449,0.7959821409496117,0.7872535228839157,0.7872535228839157,145
2007-04-23,0.8026963472366333,0.8057178100349929,0.7939677302908412,0.7939677302908412,236
2007-04-24,0.8053820729255676,0.8053820729255676,0.7855748382487866,0.8023606900392524,470
2007-04-25,0.8225033283233643,0.8225033283233643,0.8191461751482013,0.8225033283233643,142
2007-04-26,0.8141104578971863,0.8225033813970868,0.8141104578971863,0.8225033813970868,324
2007-04-27,0.8225033283233643,0.8225033283233643,0.8057175624475498,0.8057175624475498,11
2007-04-30,0.8235524296760559,0.8291477016385709,0.8235524296760559,0.8291477016385709,160
2007-05-02,0.856774628162384,0.856774628162384,0.80466876830631,0.8235527454669545,128
2007-05-03,0.8739100098609924,0.8739100098609924,0.8218040737363096,0.853277475878929,128
2007-05-04,0.8917449116706848,0.8917449116706848,0.873210614654931,0.873210614654931,733
2007-05-07,0.8917449116706848,0.8917449116706848,0.8917449116706848,0.8917449116706848,0
2007-05-08,0.9092304706573486,0.9092304706573486,0.8742601000074277,0.8742601000074277,288
2007-05-09,0.9476972222328186,0.9476972222328186,0.8987386581507638,0.8987386581507638,292
2007-05-10,0.9267151951789856,0.9337092652019606,0.9162240067686318,0.9214696009738087,29
2007-05-11,0.945949375629425,0.9459493756294249,0.9214701168446763,0.9214701168446763,235
2007-05-14,0.9511945247650146,0.9511945247650146,0.9284637534829628,0.9284637534829628,17
2007-05-15,0.8994384407997131,0.9389549521804617,0.8994384407997132,0.9284638451778534,76
2007-05-16,0.9546917676925659,0.9599372801285496,0.9389550636327808,0.9389550636327808,271
2007-05-17,0.9407032132148743,0.9494457579217312,0.9372061786569553,0.9442002477727932,37
2007-05-18,0.9442004561424255,0.9442004561424254,0.9267152794941378,0.9442004561424254,390
2007-05-21,0.9337091445922852,0.9372061791520514,0.9267150754727526,0.9337091445922852,2124
2007-05-22,0.9354575872421265,0.9442002150216112,0.9267150428385195,0.9354575872421266,291
2007-05-23,0.9337091445922852,0.944200248271584,0.9337091445922852,0.935457620184228,337
2007-05-24,0.9022361636161804,0.9372066086144633,0.9022361636161804,0.9337095724522269,353
2007-05-25,0.9354575872421265,0.9354575872421266,0.9197209739652827,0.9197209739652827,8
2007-05-28,0.9354575872421265,0.9354575872421266,0.9267150428385195,0.9354575872421266,60
2007-05-29,0.9302122592926025,0.9616855753806474,0.9267152241717087,0.9354577702859964,591
2007-05-30,0.9424516558647156,0.9442002147704985,0.9302120770277452,0.9302120770277452,182
2007-05-31,0.9333597421646118,0.9442006118372951,0.9302124682120765,0.9442006118372951,169
2007-06-01,0.9442004561424255,0.9442004561424254,0.9312614337602825,0.9442004561424254,902
2007-06-04,0.9337091445922852,0.9494457584232932,0.9337091445922852,0.944200248271584,557
2007-06-05,0.9337091445922852,0.944200248271584,0.9337091445922852,0.944200248271584,90
2007-06-06,0.9095799326896667,0.9337095054914258,0.9095799326896667,0.9312615886910042,306
2007-06-08,0.9092304706573486,0.9162245447873328,0.9039849567478306,0.9092304706573486,1060
2007-06-11,0.9162240624427795,0.9438506657250223,0.9162240624427795,0.9368565952770542,699
2007-06-12,0.9232183694839478,0.9267154052882998,0.9232183694839478,0.9267154052882998,699
2007-06-13,0.9337091445922852,0.944200248271584,0.9337091445922852,0.944200248271584,1648
2007-06-14,0.9616857767105103,0.9791709559755191,0.9473479547259764,0.9476976332985032,363
2007-06-15,1.0001529455184937,1.0088955748671364,0.995956553466895,0.995956553466895,681
2007-06-18,0.9966559410095215,1.0141412002428671,0.9966559410095215,1.0106441650713769,610
2007-06-19,1.0137914419174194,1.0484121152493362,0.9966559445042643,0.9966559445042643,765
2007-06-20,1.0288286209106445,1.0456144385026036,1.0141411243155554,1.0235831102340809,569
2007-06-21,1.0386205911636353,1.0386205911636353,1.0386205911636353,1.0386205911636353,1
2007-06-22,0.9984047412872314,1.014141445045553,0.9861650735445462,1.0137916830808487,40
2007-06-25,1.0123926401138306,1.0123926401138306,0.9861648346618666,0.9984044994396885,310
2007-06-26,0.9938583970069885,1.0333749048016354,0.9938583970069885,1.0333749048016354,153
2007-06-27,1.0036500692367554,1.0071471879858327,0.9882631302699557,0.9931589631172238,614
2007-06-28,1.0809346437454224,1.1190523525986953,1.0281293536399454,1.0316263888546706,1459
2007-06-29,1.1190521717071533,1.1190521717071533,1.0491113953424782,1.0491113953424782,1075
2007-07-02,1.122549295425415,1.1400344700599767,1.1155552255715904,1.1260463303523274,1066
2007-07-03,1.1015675067901611,1.140034905685193,1.1015675067901611,1.1225497243692695,140
2007-07-04,1.0980703830718994,1.101567419056565,1.0840821557573224,1.100867978509266,323
2007-07-05,1.1330406665802002,1.1330406665802002,1.1015673448387173,1.1033158210252896,1200
2007-07-06,1.1365376710891724,1.1365376710891724,1.1365376710891724,1.1365376710891724,1087
2007-07-10,1.1365376710891724,1.1365376710891724,1.1365376710891724,1.1365376710891724,1
2007-07-11,1.143531322479248,1.143531322479248,1.126745507483552,1.1400342881104626,590
2007-07-12,1.1540228128433228,1.1540228128433228,1.1435317062164447,1.1522743367601285,252
2007-07-13,1.1924901008605957,1.1924901008605957,1.1540226325299265,1.1540226325299265,1287
2007-07-16,1.1889935731887817,1.2239639380689527,1.1889935731887817,1.2239639380689527,10
2007-07-17,1.185496211051941,1.1959873176341471,1.1715079855664292,1.1959873176341471,891
2007-07-18,1.1715079545974731,1.202981356887992,1.1715079545974731,1.1942387266126475,273
2007-07-19,1.1585687398910522,1.1715077605192576,1.146329159584326,1.1715077605192576,474
2007-07-20,1.12814462184906,1.1680108052441693,1.1260463841175505,1.1463292376876189,854
2007-07-23,1.1470288038253784,1.1715080539460188,1.1470288038253784,1.1470288038253784,204
2007-07-24,1.0970211029052734,1.1505257539542084,1.0970211029052734,1.1505257539542084,120
2007-07-25,1.0753393173217773,1.0844316251036878,1.0669464498984338,1.0840818632364584,141
2007-07-26,1.0141414403915405,1.073591052384539,1.0141414403915405,1.073591052384539,80
2007-07-27,1.0837322473526,1.0837322473526,1.0144908995141688,1.0316263972180075,156
2007-07-30,1.0550562143325806,1.0840816066407528,1.0421171960808708,1.0837319282321822,219
2007-07-31,1.188643455505371,1.188643455505371,1.04911163299615,1.0603021797596877,383
2007-08-01,1.1288437843322754,1.1886431324968623,1.0665965203613565,1.1540224660200886,378
2007-08-02,1.1169543266296387,1.128844231939494,1.1169543266296387,1.128844231939494,72
2007-08-03,1.0910758972167969,1.143181825993021,1.0910758972167969,1.1155552250700673,410
2007-08-06,1.0896772146224976,1.0910760120646947,1.0896772146224976,1.0910760120646947,14000
2007-08-07,1.024632453918457,1.0805850247530002,1.024632453918457,1.0805850247530002,306000
2007-08-08,1.1393353939056396,1.1393353939056396,1.119052618196642,1.119052618196642,2000
2007-08-09,1.1215001344680786,1.1215001344680786,1.1215001344680786,1.1215001344680786,1000
2007-08-10,1.018687129020691,1.0312763861532244,1.0141409759655462,1.0141409759655462,1113000
2007-08-13,1.017987608909607,1.075339035239144,1.017987608909607,1.075339035239144,265000
2007-08-14,1.035123586654663,1.035123586654663,1.0141413720706682,1.0141413720706682,208000
2007-08-15,1.0141414403915405,1.028129584389893,1.0141414403915405,1.0141414403915405,223000
2007-08-16,0.9274148344993591,1.0141414625888638,0.9274148344993591,1.0141414625888638,132000
2007-08-17,1.11870276927948,1.11870276927948,0.9791709335514537,0.9791709335514537,673000
2007-08-20,1.0805851221084595,1.0875791940929092,1.0665969781395601,1.0875791940929092,130000
2007-08-21,1.0805851221084595,1.0805851221084595,1.0805851221084595,1.0805851221084595,200000
2007-08-22,1.084082007408142,1.084082007408142,1.084082007408142,1.084082007408142,50000
2007-08-23,1.084082007408142,1.084082007408142,1.083732328870301,1.084082007408142,444000
2007-08-24,1.084082007408142,1.084082007408142,1.084082007408142,1.084082007408142,0
2007-08-27,1.084082007408142,1.084082007408142,1.0421175813346981,1.084082007408142,93000
2007-08-28,1.057854175567627,1.0665967217587617,1.0491115460005975,1.0665967217587617,151000
2007-08-29,1.0596027374267578,1.0770879146035885,1.0596027374267578,1.0665968082974902,314000
2007-08-30,1.042117714881897,1.0491117867904267,1.042117714881897,1.0491117867904267,4000
2007-08-31,1.0770879983901978,1.0770879983901978,1.0141413556569918,1.0141413556569918,303000
2007-09-03,1.0770879983901978,1.0770879983901978,1.0770879983901978,1.0770879983901978,80000
2007-09-04,1.0561057329177856,1.0770879461444136,1.0470134238443995,1.0770879461444136,80000
2007-09-05,1.042117714881897,1.042117714881897,1.014141427247778,1.014141427247778,170000
2007-09-06,1.0491117238998413,1.0491117238998413,1.0491117238998413,1.0491117238998413,180000
2007-09-10,1.0204355716705322,1.0368716244748188,1.0106439090214676,1.0316261147344983,1904000
2007-09-11,1.0211354494094849,1.0316265567611824,1.0211354494094849,1.0211354494094849,453000
2007-09-12,1.0036500692367554,1.0207855675780937,0.9721767508781606,1.0207855675780937,453000
2007-09-13,1.0162391662597656,1.0246321158162155,0.9966557562545156,1.0036498253009707,1428000
2007-09-14,1.0316262245178223,1.0316262245178223,0.9966557945654231,1.0036498638807263,313000
2007-09-17,0.9966559410095215,1.0658973708064574,0.9938583462226874,1.0658973708064574,631000
2007-09-18,1.0137914419174194,1.0141412037989215,0.9966559445042643,1.0141412037989215,40000
2007-09-19,1.0137914419174194,1.0141412037989215,0.9966559445042643,1.0141412037989215,40000
2007-09-20,0.9819682240486145,1.0165888895285984,0.9819682240486145,1.014140973792746,113000
2007-09-21,0.9616857767105103,0.9805697536415374,0.9616857767105103,0.9795207179239572,441000
2007-09-24,0.9791706800460815,0.9791706800460815,0.9616855057083795,0.9616855057083795,117000
2007-09-25,0.9826676249504089,0.9844161839120426,0.9704280457224949,0.9826676249504089,343000
2007-09-26,0.9896619319915771,0.9896619319915773,0.9721767550506466,0.9791708258270189,343000
2007-09-27,0.9966559410095215,1.0123926409691744,0.9966559410095215,1.0106441650713769,652000
2007-09-28,1.0316262245178223,1.0316262245178223,0.9966557945654231,1.0120428137597965,362000
2007-10-01,1.0249820947647095,1.0249820947647095,1.0141413095771172,1.0141413095771172,252000
2007-10-02,1.0120431184768677,1.0242827017759353,1.0071472851572407,1.011343677984389,497000
2007-10-03,0.9966559410095215,1.0144908787472475,0.9966559410095215,1.0106441650713769,497000
2007-10-04,1.0123926401138306,1.0123926401138306,0.9966559401674732,0.9966559401674732,559000
2007-10-05,1.0141414403915405,1.0141414403915405,1.0071473683923642,1.0141414403915405,176000
2007-10-08,1.0193865299224854,1.0193865299224854,0.9966557636645654,1.014141019786584,223000
2007-10-09,1.042117714881897,1.042117714881897,1.0228839754454833,1.0228839754454833,223000
2007-10-10,1.045614242553711,1.049111276808036,1.038969852457731,1.049111276808036,723000
2007-10-11,1.0204355716705322,1.066246779173761,1.0141409433069726,1.066246779173761,656000
2007-10-15,1.0141414403915405,1.0596029083861864,0.9896621050185086,1.049111800387422,400000
2007-10-16,0.9791706800460815,1.0141411120973736,0.9791706800460815,1.0141411120973736,400000
2007-10-17,0.9791706800460815,0.9816185961157711,0.978821001572094,0.9816185961157711,615000
2007-10-18,0.9879136085510254,0.99315912075543,0.9791709770424668,0.9791709770424668,615000
2007-10-19,0.9536423087120056,0.9791706713560787,0.9536423087120056,0.9791706713560787,836000
2007-10-22,0.9536423087120056,0.9536423087120056,0.9536423087120056,0.9536423087120056,0
2007-10-23,0.9504950642585754,0.9557406588188974,0.944200434162086,0.9445501126741418,1074000
2007-10-24,0.9494459629058838,0.9511945222502952,0.9442004516244467,0.9511945222502952,1074000
2007-10-25,0.9511945247650146,0.9511945247650146,0.9375560619957836,0.9442004541206754,625000
2007-10-26,0.9753245115280151,0.9791712270183469,0.9616860429132921,0.9616860429132921,601000
2007-10-29,0.9718270897865295,0.9791708391891659,0.9718270897865295,0.9791708391891659,504000
2007-10-30,0.9442004561424255,0.9718270602594897,0.9442004561424254,0.9616856327907132,504000
2007-10-31,0.9788212180137634,0.9788212180137634,0.9442005401568557,0.9616857183609646,879000
2007-11-01,0.9739250540733337,0.9756735296120567,0.9718268167261637,0.9756735296120567,811000
2007-11-05,0.9616857767105103,0.9966561352405279,0.9455993951115198,0.9616857767105103,883000
2007-11-06,0.9896619319915771,0.9903613724195746,0.9861648966033911,0.9861648966033911,883000
2007-11-07,0.9442004561424255,1.0141412461114754,0.9442004561424254,1.0141412461114754,938000
2007-11-08,0.9861651659011841,0.9966562749306099,0.9630847093612626,0.9630847093612626,212000
2007-11-09,0.9928091764450073,0.9928091764450073,0.9616855400012883,0.9697287288210334,987000
2007-11-12,0.9791706800460815,1.017638146964914,0.9791706800460815,0.9966558543837836,60000
2007-11-13,0.9616857767105103,0.9865147896299608,0.9616857767105103,0.9616857767105103,36000
2007-11-14,0.9847661256790161,0.9847661256790161,0.9791708522318532,0.9791708522318532,88000
2007-11-16,0.984416663646698,1.007147440970017,0.984416663646698,0.984416663646698,1000000
2007-11-19,0.9861651659011841,0.9882634043822539,0.9791710932149001,0.9851160466606492,248000
2007-11-21,0.9616857767105103,0.9623852172314752,0.9616857767105103,0.9616857767105103,452000
2007-11-22,0.9791706800460815,0.9791706800460815,0.9791706800460815,0.9791706800460815,3000
2007-11-23,0.9651826024055481,0.9651826024055481,0.9651826024055481,0.9651826024055481,39000
2007-11-26,0.9616857767105103,0.9616857767105103,0.9616857767105103,0.9616857767105103,23000
2007-11-27,0.9756737351417542,0.979170770331743,0.9442004184318541,0.9616855943817986,364000
2007-11-28,0.9791706800460815,0.9844162740353362,0.9791706800460815,0.9840665121854606,94000
2007-11-29,0.9442004561424255,0.9616856327907132,0.9442004561424254,0.9616856327907132,5454000
2007-11-30,0.9476972222328186,0.9651823939135971,0.9442001878966629,0.9442001878966629,132000
2007-12-03,0.9529430270195007,0.981968512707495,0.9529430270195007,0.9529430270195007,105000
2007-12-04,0.9830179214477539,0.9830179214477538,0.9511948313943186,0.9511948313943186,105000
2007-12-05,1.0141414403915405,1.0141414403915405,0.9844165927070838,0.9844165927070838,126000
2007-12-06,1.0123926401138306,1.0123926401138306,1.0123926401138306,1.0123926401138306,1000
2007-12-07,1.0165892839431763,1.0165892839431763,1.0165892839431763,1.0165892839431763,1000
2007-12-10,1.031276822090149,1.031276822090149,0.9984047015274269,0.9984047015274269,2000
2007-12-11,0.9826676249504089,1.0036498322347305,0.9826676249504089,1.0036498322347305,4000
2007-12-12,0.9616857767105103,0.9826679918285208,0.9616857767105103,0.9826679918285208,352000
2007-12-13,0.9445499777793884,0.9448996562415053,0.9442002993172716,0.9448996562415053,15000
2007-12-14,0.9529430270195007,0.9529430270195007,0.9529430270195007,0.9529430270195007,10000
2007-12-17,0.9529430270195007,0.962734776217163,0.9529430270195007,0.9529430270195007,340000
2007-12-18,0.9529430270195007,0.9529430270195007,0.9529430270195007,0.9529430270195007,5000
2007-12-19,0.974624514579773,0.974624514579773,0.9616854940641301,0.9616854940641301,55000
2007-12-20,0.9788212180137634,0.9788212180137634,0.9788212180137634,0.9788212180137634,1000
2007-12-21,0.9529430270195007,0.9616856572539884,0.9445501586900054,0.9445501586900054,213000
2007-12-26,1.0001529455184937,1.0141411691515008,0.9781216162759494,0.9781216162759494,532000
2007-12-27,1.0141414403915405,1.0141414403915405,0.9984047367054364,1.000153213017273,290000
2007-12-28,1.0316262245178223,1.0316262245178223,0.9826676559348166,1.0176380858872158,1032000
2008-01-02,1.0067975521087646,1.0316265647293625,1.0067975521087646,1.0316265647293625,330000
2008-01-03,1.0001529455184937,1.0001529455184937,1.0001529455184937,1.0001529455184937,1000
2008-01-04,0.9532928466796875,1.0001531074529721,0.9532928466796875,1.0001531074529721,20000
2008-01-07,0.9546917676925659,0.9546917676925659,0.9529432079632933,0.9529432079632933,308000
2008-01-08,0.9567896127700806,0.958188409953033,0.9546913753077106,0.9546913753077106,145000
2008-01-09,0.9567896127700806,0.9567896127700806,0.9567896127700806,0.9567896127700806,455000
2008-01-10,0.9567896127700806,0.9567896127700806,0.9567896127700806,0.9567896127700806,0
2008-01-11,0.9567896127700806,0.9567896127700806,0.9567896127700806,0.9567896127700806,6380000
2008-01-14,0.9578388929367065,0.9578388929367065,0.94420043050854,0.9452495494165448,34000
2008-01-15,0.9578388929367065,0.9578388929367065,0.9578388929367065,0.9578388929367065,37000
2008-01-16,0.9424516558647156,0.9581883525132517,0.926715042592057,0.9581883525132517,208000
2008-01-17,0.9424516558647156,0.9424516558647156,0.9424516558647156,0.9424516558647156,1485000
2008-01-18,0.9424516558647156,0.9424516558647156,0.9424516558647156,0.9424516558647156,102000
2008-01-21,0.9232183694839478,0.96168576333182,0.8742597848471091,0.8742597848471091,9050000
2008-01-22,0.9438507556915283,0.944200517610393,0.9438507556915283,0.944200517610393,31000
2008-01-23,0.9267151951789856,0.9267151951789856,0.9267151951789856,0.9267151951789856,55000
2008-01-24,0.9442004561424255,0.9442004561424254,0.941053099332964,0.941053099332964,10000
2008-01-28,0.9714775681495667,0.9721769253241537,0.928463933627694,0.9375562439046454,314000
2008-01-29,0.9452494978904724,0.963084351602574,0.9452494978904724,0.963084351602574,99000
2008-01-30,0.9438507556915283,0.9473478746247491,0.9438507556915283,0.9473478746247491,33000
2008-01-31,1.0123926401138306,1.0123926401138306,0.9267152367967625,0.9476974478079757,281000
2008-02-01,0.9616857767105103,0.9616857767105103,0.9616857767105103,0.9616857767105103,576000
2008-02-06,0.9616857767105103,0.9616857767105103,0.9616857767105103,0.9616857767105103,0
2008-02-07,0.9337091445922852,0.944200248271584,0.9337091445922852,0.9372061791520514,51000
2008-02-08,0.9442004561424255,0.9442004561424254,0.9442004561424254,0.9442004561424254,62000
2008-02-11,0.9442004561424255,0.9442004561424254,0.9309116718641874,0.9309116718641874,2207000
2008-02-12,0.9630842804908752,0.9686795528234602,0.9442003093223014,0.9442003093223014,31000
2008-02-13,0.9630842804908752,0.9630842804908752,0.9442003093223014,0.9442003093223014,410000
2008-02-14,0.9686797857284546,0.9756738569818372,0.9599371549737733,0.9599371549737733,280000
2008-02-15,0.9756737351417542,0.9756737351417542,0.9442004184318541,0.9686796647617764,129000
2008-02-18,0.9630842804908752,0.9630842804908752,0.9630842804908752,0.9630842804908752,1000
2008-02-19,0.9616857767105103,0.9630845743765286,0.9616857767105103,0.9630845743765286,2711000
2008-02-20,0.9791706800460815,0.9791706800460815,0.9616855057083795,0.9616855057083795,80000
2008-02-21,0.9966559410095215,1.0001529761810115,0.996306262505141,0.996306262505141,165000
2008-02-22,0.9791706800460815,0.9791706800460815,0.9791706800460815,0.9791706800460815,70000
2008-02-25,0.984416663646698,0.984416663646698,0.984416663646698,0.984416663646698,3302000
2008-02-26,0.9966559410095215,0.9966559410095215,0.9931589058380313,0.9931589058380313,474000
2008-02-27,1.0106443166732788,1.0106443166732788,0.9966560905131167,0.9966560905131167,2695000
2008-02-28,1.0316262245178223,1.0316262245178223,0.993858200189655,0.993858200189655,9000
2008-02-29,1.0141414403915405,1.0316266203894813,1.0141414403915405,1.0316266203894813,232000
2008-03-03,0.9721767902374268,0.9844164562270284,0.9721767902374268,0.9844164562270284,48000
2008-03-04,0.9721767902374268,0.9721767902374268,0.9721767902374268,0.9721767902374268,145000
2008-03-05,1.0123926401138306,1.021135269723117,1.0123926401138306,1.021135269723117,724000
2008-03-06,0.9987542033195496,0.9987542033195496,0.9987542033195496,0.9987542033195496,1000
2008-03-07,0.9987542033195496,0.9987542033195496,0.9987542033195496,0.9987542033195496,0
2008-03-10,0.9616857767105103,0.9791709559755191,0.9616857767105103,0.9791709559755191,14000
2008-03-11,0.9616857767105103,0.9616857767105103,0.9616857767105103,0.9616857767105103,4000
2008-03-12,0.9791706800460815,0.9791706800460815,0.9791706800460815,0.9791706800460815,90000
2008-03-13,0.9896619319915771,0.9896619319915773,0.9889625749394801,0.9896619319915773,34000
2008-03-14,0.9966559410095215,0.9966559410095215,0.979170765152071,0.979170765152071,130000
2008-03-17,0.9966559410095215,0.9966559410095215,0.9753240514762005,0.9753240514762005,13000
2008-03-18,1.0211354494094849,1.0487620571150615,1.0106443420577873,1.0106443420577873,43000
2008-03-19,1.0141414403915405,1.0141414403915405,1.0141414403915405,1.0141414403915405,3000
2008-03-20,1.0491117238998413,1.0491117238998413,1.0316265451766924,1.0316265451766924,12000
2008-03-24,1.024632453918457,1.0491117036585695,1.024632453918457,1.0491117036585695,168000
2008-03-25,1.0665966272354126,1.0665966272354126,1.0141411046096045,1.0141411046096045,12000
2008-03-26,1.035123586654663,1.0487620511470326,1.031626550890664,1.031626550890664,107000
2008-03-27,1.0141414403915405,1.0351236563890693,1.0141414403915405,1.0351236563890693,9000
2008-03-28,1.0141414403915405,1.0316266203894813,1.0141414403915405,1.0141414403915405,1161000
2008-03-31,1.0781370401382446,1.0781370401382446,1.0141412829436842,1.0176383184003492,796000
2008-04-01,1.0316262245178223,1.0316262245178223,1.0316262245178223,1.0316262245178223,2270000
2008-04-02,1.0665966272354126,1.0665966272354126,1.0316262788182073,1.0316262788182073,8051000
2008-04-03,1.1152056455612183,1.1159050860110074,1.0770879336296328,1.0770879336296328,765000
2008-04-04,1.1194020509719849,1.1505256899481184,1.1190523724570758,1.1505256899481184,1005000
2008-04-07,1.1103099584579468,1.1225496259944285,1.0945733383406577,1.1225496259944285,1426000
2008-04-08,1.0805851221084595,1.1085614934221732,1.0805851221084595,1.1085614934221732,11000
2008-04-09,1.0805851221084595,1.0805851221084595,1.0805851221084595,1.0805851221084595,1000
2008-04-10,1.0316262245178223,1.0665965710943384,1.0316262245178223,1.0665965710943384,11000
2008-04-11,1.0316262245178223,1.0316262245178223,1.0316262245178223,1.0316262245178223,371000
2008-04-14,1.052608847618103,1.052608847618103,1.0316266313966989,1.0316266313966989,40000
2008-04-15,1.052608847618103,1.052608847618103,1.052608847618103,1.052608847618103,0
2008-04-16,1.052608847618103,1.052608847618103,1.052608847618103,1.052608847618103,0
2008-04-17,1.0158897638320923,1.0158897638320923,1.0158897638320923,1.0158897638320923,2000
2008-04-18,1.0295066833496094,1.0295066833496094,0.9917815709885572,0.9917815709885572,271000
2008-04-22,1.0295066833496094,1.0295066833496094,1.0295066833496094,1.0295066833496094,0
2008-04-23,1.0048269033432007,1.011878313719968,0.9960126824019628,0.9960126824019628,15000
2008-04-24,1.0224553346633911,1.0224553346633911,1.0224553346633911,1.0224553346633911,1000
2008-04-25,1.018576979637146,1.0224553134276615,1.0083524113721727,1.0224553134276615,112000
2008-04-28,1.020339846611023,1.0224552860657061,1.020339846611023,1.0224552860657061,361000
2008-04-29,1.020339846611023,1.020339846611023,1.020339846611023,1.020339846611023,0
2008-04-30,1.1211748123168945,1.1211748123168945,0.9819093971648533,0.9875505396096629,174000
2008-05-02,1.1211748123168945,1.1211748123168945,1.1211748123168945,1.1211748123168945,0
2008-05-05,1.092969536781311,1.092969536781311,1.092969536781311,1.092969536781311,1000
2008-05-06,1.0753411054611206,1.121175357578667,1.0753411054611206,1.1116559618494668,203000
2008-05-07,1.0224553346633911,1.0859180169637521,1.0224553346633911,1.0859180169637521,47000
2008-05-08,1.0224553346633911,1.0753409032470254,1.0224553346633911,1.0224553346633911,122000
2008-05-09,1.0577125549316406,1.0577125549316406,1.0224555033910292,1.0224555033910292,83000
2008-05-12,1.0400837659835815,1.0400837659835815,1.023160335090646,1.023160335090646,2000
2008-05-13,1.0224553346633911,1.0400838575246025,1.0224553346633911,1.0400838575246025,2000
2008-05-14,1.0295066833496094,1.0295066833496094,1.0224552746192221,1.0224552746192221,1171000
2008-05-15,1.0224553346633911,1.0295067438078758,1.0224553346633911,1.0295067438078758,270000
2008-05-16,1.070052146911621,1.071814956770169,1.0400836227816315,1.0400836227816315,6470000
2008-05-19,1.0577125549316406,1.0753410807019463,1.0432571890178224,1.0753410807019463,67000
2008-05-20,1.0577125549316406,1.0577125549316406,1.0266862991402377,1.0577125549316406,273000
2008-05-21,1.054186463356018,1.054186463356018,1.054186463356018,1.054186463356018,6000
2008-05-23,1.0295066833496094,1.0541866139059648,1.0277437891373011,1.0541866139059648,493000
2008-05-26,1.0577125549316406,1.0577125549316406,1.0295069136991515,1.0295069136991515,50000
2008-05-27,1.0298593044281006,1.0298593044281006,1.0295067591834393,1.0295067591834393,351000
2008-05-28,1.0577125549316406,1.0732256407976213,1.040084029161335,1.040084029161335,3004000
2008-05-29,1.0577125549316406,1.0732256407976213,1.040084029161335,1.040084029161335,3004000
2008-05-30,1.0577125549316406,1.0577125549316406,1.0577125549316406,1.0577125549316406,393000
2008-06-02,1.0559496879577637,1.0577125826106477,1.0559496879577637,1.0577125826106477,393000
2008-06-03,1.0559496879577637,1.0559496879577637,1.0559496879577637,1.0559496879577637,0
2008-06-04,1.0665265321731567,1.0665265321731567,1.0365580055412706,1.0365580055412706,954000
2008-06-05,1.092969536781311,1.092969536781311,1.0298593933298719,1.079219346398834,954000
2008-06-06,1.0436097383499146,1.0912068001434674,1.0436097383499146,1.0912068001434674,1378000
2008-06-09,1.0577125549316406,1.0577125549316406,1.0506611446235183,1.0506611446235183,196000
2008-06-10,1.0806294679641724,1.0830974526807582,1.040436369864027,1.040436369864027,886000
2008-06-11,1.0718153715133667,1.0841553815358513,1.0700525609726925,1.0806296763950616,676000
2008-06-12,1.0446674823760986,1.075341109635812,1.0446674823760986,1.075341109635812,38000
2008-06-13,1.0446674823760986,1.0446674823760986,1.0446674823760986,1.0446674823760986,0
2008-06-16,1.0259813070297241,1.0446675545458977,1.0259813070297241,1.0446675545458977,24000
2008-06-17,1.0647639036178589,1.0647639036178589,1.0224554442176752,1.0259811491676905,58000
2008-06-18,1.0647639036178589,1.0647639036178589,1.0647639036178589,1.0647639036178589,0
2008-06-19,1.0647639036178589,1.0647639036178589,1.0647639036178589,1.0647639036178589,0
2008-06-20,1.0577125549316406,1.0577125549316406,1.0471354394694572,1.0471354394694572,30000
2008-06-23,1.0400837659835815,1.0400837659835815,1.0242180547751683,1.0245705999835355,8000
2008-06-24,1.0577125549316406,1.0577125549316406,1.0330326188532126,1.0330326188532126,2000
2008-06-25,1.1282265186309814,1.1282265186309814,1.0559494511977867,1.0675843683673194,345000
2008-06-26,1.1105982065200806,1.1105982065200806,1.1105982065200806,1.1105982065200806,1000
2008-06-27,1.1247010231018066,1.1247010231018066,1.0823924777133727,1.1102455733061256,60000
2008-06-30,1.1282265186309814,1.1282265186309814,1.1247008141751738,1.1278738893438032,133000
2008-07-01,1.1247010231018066,1.1247010231018066,1.1243483937491234,1.1243483937491234,42000
2008-07-02,1.092969536781311,1.092969536781311,1.06088564714295,1.092969536781311,44000
2008-07-03,1.1035467386245728,1.1035467386245728,1.061238195299249,1.061238195299249,513000
2008-07-04,1.1035467386245728,1.1035467386245728,1.1035467386245728,1.1035467386245728,0
2008-07-07,1.1035467386245728,1.1035467386245728,1.1035467386245728,1.1035467386245728,0
2008-07-08,1.0577125549316406,1.1105982163019992,1.0577125549316406,1.1105982163019992,16000
2008-07-10,1.0647639036178589,1.0929695432179811,1.0577124937178282,1.0577124937178282,275000
2008-07-11,1.1098929643630981,1.1098929643630981,1.1098929643630981,1.1098929643630981,1000
2008-07-14,1.1247010231018066,1.1247010231018066,1.1105982026588088,1.1105982026588088,14000
2008-07-15,1.1458550691604614,1.1458550691604614,1.1211751373613372,1.1211751373613372,180000
2008-07-16,1.1458550691604614,1.1458550691604614,1.1211751373613372,1.1211751373613372,5000
2008-07-17,1.061238169670105,1.1634836944861835,1.061238169670105,1.1634836944861835,2586000
2008-07-18,1.0577125549316406,1.0686422156913977,1.0577125549316406,1.0584177295862294,1038000
2008-07-21,1.1105982065200806,1.1105982065200806,1.075341071230565,1.075341071230565,25000
2008-07-22,1.0926170349121094,1.1105981896072281,1.0598279693615273,1.1105981896072281,682000
2008-07-23,1.0753411054611206,1.0753411054611206,1.0753411054611206,1.0753411054611206,13000
2008-07-24,1.1105982065200806,1.1105982065200806,1.0718153661075578,1.0718153661075578,513000
2008-07-25,1.092969536781311,1.092969536781311,1.092969536781311,1.092969536781311,1000
2008-07-28,1.092969536781311,1.0933221661158414,1.092969536781311,1.0933221661158414,672000
2008-07-29,1.092969536781311,1.092969536781311,1.0615907376931386,1.092969536781311,715000
2008-07-30,1.0577125549316406,1.092969606472252,1.0577125549316406,1.092969606472252,141000
2008-07-31,1.1035467386245728,1.1035467386245728,1.061238195299249,1.0718153101157206,406000
2008-08-01,1.1035467386245728,1.1035467386245728,1.1035467386245728,1.1035467386245728,0
2008-08-04,1.1035467386245728,1.1035467386245728,1.1035467386245728,1.1035467386245728,0
2008-08-05,1.1035467386245728,1.1035467386245728,1.1035467386245728,1.1035467386245728,0
2008-08-06,1.1419767141342163,1.1419767141342163,1.0647636824872513,1.0647636824872513,150000
2008-08-07,1.0753411054611206,1.092969631637314,1.068289694990643,1.092969631637314,85000
2008-08-08,1.0753411054611206,1.0756937348262547,1.0753411054611206,1.0756937348262547,60000
2008-08-11,1.0488982200622559,1.0753410499922789,1.0488982200622559,1.0753410499922789,1006000
2008-08-12,1.0524239540100098,1.0524239540100098,1.031269723108976,1.0400840280141275,1023000
2008-08-13,1.0524239540100098,1.0524239540100098,1.0524239540100098,1.0524239540100098,0
2008-08-14,1.0524239540100098,1.0524239540100098,1.0524239540100098,1.0524239540100098,0
2008-08-15,1.0312691926956177,1.0400834930673042,1.0312691926956177,1.0400834930673042,359000
2008-08-18,1.0312691926956177,1.0312691926956177,1.0312691926956177,1.0312691926956177,8000
2008-08-19,1.0312691926956177,1.0312691926956177,1.0309166475797575,1.0312691926956177,508000
2008-08-20,1.0312691926956177,1.0365577897305092,1.0312691926956177,1.0365577897305092,150000
2008-08-21,1.0577125549316406,1.0577125549316406,1.0577125549316406,1.0577125549316406,73000
2008-08-22,1.0577125549316406,1.0577125549316406,1.0577125549316406,1.0577125549316406,0
2008-08-25,1.0136409997940063,1.0577123476111372,1.0136409997940063,1.0577123476111372,12000
2008-08-26,1.0189298391342163,1.0189298391342163,1.013641239161133,1.013641239161133,11000
2008-08-27,1.0189298391342163,1.0189298391342163,1.0189298391342163,1.0189298391342163,0
2008-08-28,1.0228079557418823,1.0228079557418823,1.0228079557418823,1.0228079557418823,1000
2008-08-29,1.0224553346633911,1.0488980769254945,1.018929630091149,1.022807879902787,1204000
2008-09-01,1.0048269033432007,1.0224555133445612,0.9875510067617306,1.0224555133445612,189000
2008-09-02,1.0048269033432007,1.0048269033432007,1.0048269033432007,1.0048269033432007,0
2008-09-03,1.0048269033432007,1.0048269033432007,1.0048269033432007,1.0048269033432007,98000
2008-09-04,0.9519412517547607,0.9519412517547607,0.934312727178817,0.9519412517547607,3858000
2008-09-05,0.9519412517547607,0.9519412517547607,0.9219727179459384,0.9448898419243832,5000
2008-09-08,0.9519412517547607,0.9519412517547607,0.9519412517547607,0.9519412517547607,0
2008-09-09,0.9219726324081421,0.951941163436576,0.921972632408142,0.951941163436576,3862000
2008-09-10,0.9219726324081421,0.921972632408142,0.921972632408142,0.921972632408142,2000
2008-09-11,0.9219726324081421,0.921972632408142,0.921972632408142,0.921972632408142,82000
2008-09-12,0.9343125820159912,0.9343125820159911,0.871202364562191,0.871202364562191,4121000
2008-09-15,0.9096327424049377,0.9695698122425911,0.9096327424049377,0.9695698122425911,55000
2008-09-16,0.9096327424049377,0.9096327424049377,0.9096327424049377,0.9096327424049377,0
2008-09-17,0.8775489330291748,0.9096328267011502,0.8461701299960327,0.8712026129229951,5536000
2008-09-18,0.8775489330291748,0.9061071213286437,0.8771963036503114,0.9061071213286437,34000
2008-09-19,0.9166843295097351,0.9343129422021745,0.8814272722437665,0.9061072123299445,61000
2008-09-22,0.8990554213523865,0.9166839425437235,0.8990554213523865,0.9166839425437235,58000
2008-09-23,0.8990554213523865,0.8990554213523865,0.8814269001610495,0.8990554213523865,106000
2008-09-24,0.9166843295097351,0.9166843295097351,0.9166843295097351,0.9166843295097351,1000
2008-09-25,0.9519412517547607,0.9519412517547607,0.9519412517547607,0.9519412517547607,1000
2008-09-26,0.969569742679596,0.969569742679596,0.9519412187154899,0.9519412187154899,467000
2008-09-29,0.8990554213523865,0.9695695901771544,0.8726125975356711,0.9695695901771544,374000
2008-09-30,0.9871982932090759,0.9871982932090759,0.8990555869572042,0.8990555869572042,4134000
2008-10-01,0.9871982932090759,0.9871982932090759,0.9871982932090759,0.9871982932090759,10000
2008-10-02,0.9868457913398743,0.9868457913398744,0.9343127609849351,0.9519412861987296,82000
2008-10-03,0.9871982932090759,0.9871982932090759,0.9871982932090759,0.9871982932090759,1597000
2008-10-06,0.9166843295097351,0.9695699994681432,0.8373559086315782,0.9695699994681432,187000
2008-10-07,0.9166843295097351,0.9166843295097351,0.8814272722437665,0.8990558008767507,59000
2008-10-08,0.7580272555351257,0.8990555254550688,0.7054941470248262,0.8990555254550688,228000
2008-10-09,0.7400461435317993,0.75802729705552,0.7400461435317993,0.75802729705552,18000
2008-10-10,0.6381533741950989,0.7051418722313477,0.6205248442012076,0.7051418722313477,1290000
2008-10-13,0.7382833361625671,0.7749506498328735,0.6702371400138885,0.6702371400138885,3441000
2008-10-14,0.8038613200187683,0.8038613200187683,0.7590848847569615,0.7590848847569615,211000
2008-10-15,0.7403985857963562,0.8038613481404336,0.7403985857963562,0.8038613481404336,302000
2008-10-16,0.7749506235122681,0.7756557980829025,0.7333472572117609,0.7403986666803792,1537000
2008-10-17,0.7227703332901001,0.7791817079497075,0.7227703332901001,0.7403988616026481,10000
2008-10-20,0.7619054913520813,0.787995688442368,0.7227701116572234,0.7227701116572234,338000
2008-10-21,0.7446295022964478,0.7756557525736564,0.7446295022964478,0.7580272299364106,635000
2008-10-22,0.6346274018287659,0.7227700988621897,0.6346274018287659,0.7146609700626393,853000
2008-10-23,0.6169989109039307,0.6698845234326103,0.6169989109039307,0.6526085451851195,999000
2008-10-24,0.5817418098449707,0.6173514854194964,0.5817418098449707,0.6099474888908637,4336000
2008-10-27,0.5641132593154907,0.59937034590328,0.5641132593154907,0.581741781594529,633000
2008-10-28,0.6169989109039307,0.6779936526483945,0.5641132983752511,0.5641132983752511,61000
2008-10-29,0.6099473834037781,0.6346273115246749,0.6085370765790454,0.6346273115246749,825000
2008-10-30,0.6169989109039307,0.6522559999329556,0.6169989109039307,0.6522559999329556,260000
2008-10-31,0.6522558927536011,0.6698844133565193,0.6416787803918501,0.6522558927536011,873000
2008-11-03,0.6698845624923706,0.6698845624923706,0.6522560379648285,0.6698845624923706,215000
2008-11-04,0.7368729710578918,0.7368729710578918,0.7368729710578918,0.7368729710578918,56000
2008-11-05,0.6519033312797546,0.7009106877391849,0.6519033312797546,0.7009106877391849,755000
2008-11-06,0.6487301588058472,0.6519032755565962,0.6318067713992037,0.6519032755565962,163000
2008-11-07,0.6557814478874207,0.669884261165742,0.6346271859402399,0.6452043379286797,224000
2008-11-10,0.6695319414138794,0.6871604639454844,0.6695319414138794,0.6871604639454844,314000
2008-11-11,0.6698845624923706,0.6698845624923706,0.6691794299172125,0.6695320172196505,79000
2008-11-12,0.6575444936752319,0.6698844589369127,0.6575444936752319,0.6698844589369127,1824000
2008-11-13,0.6913914084434509,0.6913914084434509,0.6346274982245315,0.6381532032790229,723000
2008-11-14,0.7047889828681946,0.7051415701289064,0.6875130476875689,0.6875130476875689,583000
2008-11-17,0.7157188057899475,0.7160713510811375,0.7157188057899475,0.7157188057899475,1074000
2008-11-18,0.7157188057899475,0.7227702159703853,0.705141690519291,0.7157188057899475,2575000
2008-11-19,0.7016159296035767,0.7227701584617106,0.6945645199841987,0.7086673392229546,299000
2008-11-21,0.7157188057899475,0.7157188057899475,0.7016159854290721,0.7016159854290721,154000
2008-11-24,0.7400461435317993,0.7403986887979321,0.7157187549205168,0.7403986887979321,54000
2008-11-25,0.7400461435317993,0.7403986887979321,0.7386358784078337,0.7403986887979321,43000
2008-11-26,0.7400461435317993,0.7403986887979321,0.7227701645997784,0.7368729839583014,1349000
2008-11-27,0.7756558060646057,0.7862329203763745,0.7403986742992772,0.7403986742992772,2672000
2008-11-28,0.7756558060646057,0.7932843299175537,0.7756558060646057,0.7862329203763745,1016000
2008-12-01,0.775303304195404,0.7756559335720332,0.7403987960109044,0.7756559335720332,583000
2008-12-02,0.7756558060646057,0.7756558060646057,0.7756558060646057,0.7756558060646057,1904000
2008-12-03,0.7756558060646057,0.7756558060646057,0.7615529869822473,0.7756558060646057,938000
2008-12-04,0.8105603456497192,0.8105603456497192,0.8105603456497192,0.8105603456497192,1000
2008-12-05,0.8250157237052917,0.8250157237052917,0.7862329688383093,0.8105603584727022,1382000
2008-12-08,0.8250157237052917,0.8285414286931992,0.8109129037536618,0.8109129037536618,574000
2008-12-09,0.8179642558097839,0.8246631200302958,0.8109128463332762,0.8246631200302958,640000
2008-12-10,0.8073872923851013,0.8073872923851012,0.7583799621527865,0.807034747063263,592000
2008-12-11,0.7686042785644531,0.8109127293183804,0.7580271658759713,0.8109127293183804,347000
2008-12-12,0.7932842373847961,0.7932842373847961,0.7911687979573117,0.7911687979573117,228000
2008-12-15,0.7456871867179871,0.7580271940089046,0.7456871867179871,0.7474499968684482,3903000
2008-12-16,0.7756558060646057,0.7756558060646057,0.7460398187441071,0.7460398187441071,11589000
2008-12-17,0.775303304195404,0.775303304195404,0.775303304195404,0.775303304195404,2000
2008-12-18,0.7932842373847961,0.7932842373847961,0.7492128908634186,0.7932842373847961,108000
2008-12-19,0.8109126091003418,0.8109126091003418,0.7932840905663052,0.7932840905663052,5000
2008-12-22,0.7580272555351257,0.7999831660464574,0.7580272555351257,0.7809442937077444,2573000
2008-12-23,0.7756558060646057,0.7756558060646057,0.7580272822116576,0.7580272822116576,306000
2008-12-26,0.7968099117279053,0.7968099117279053,0.7580271652362043,0.7583797104410303,125000
2008-12-29,0.7968099117279053,0.7968099117279053,0.7968099117279053,0.7968099117279053,0
2008-12-30,0.7756558060646057,0.8028037243922025,0.7411038488771681,0.7968100346881434,671000
2009-01-02,0.8024510741233826,0.8028036193364775,0.7492128802126828,0.7643734171482376,117000
2009-01-05,0.7756558060646057,0.7985729291031544,0.7597900925672363,0.7985729291031544,78000
2009-01-06,0.7827070951461792,0.7968099120580964,0.782354549941207,0.7968099120580964,47000
2009-01-07,0.7548539042472839,0.7844697989375773,0.7548539042472839,0.7827069890921518,69000
2009-01-08,0.7615529894828796,0.7753031792917265,0.7509758751363799,0.758027284700713,427000
2009-01-09,0.7749506235122681,0.7749506235122681,0.7576746450963237,0.7615529791456658,2276000
2009-01-12,0.775303304195404,0.7756559335720332,0.7647261881448992,0.7647261881448992,24000
2009-01-13,0.7749506235122681,0.7753031687678695,0.7724826386041949,0.7753031687678695,94000
2009-01-14,0.775303304195404,0.775303304195404,0.772130228221865,0.772130228221865,37000
2009-01-15,0.7932842373847961,0.7932842373847961,0.7523860500046453,0.7601425491595251,39000
2009-01-16,0.7932842373847961,0.7932842373847961,0.7932842373847961,0.7932842373847961,0
2009-01-19,0.7932842373847961,0.7932842373847961,0.7932842373847961,0.7932842373847961,0
2009-01-20,0.7597901821136475,0.7717775629345596,0.7509759611780741,0.7583799168510889,108000
2009-01-21,0.7597901821136475,0.7597901821136475,0.7597901821136475,0.7597901821136475,3306000
2009-01-22,0.7580272555351257,0.7597900658286674,0.740751277549384,0.7597900658286674,2204000
2009-01-23,0.7580272555351257,0.7580272555351257,0.7400461029963096,0.743924352889645,2266000
2009-01-26,0.7545016407966614,0.7580273458633049,0.7545016407966614,0.7580273458633049,1520000
2009-01-27,0.7545016407966614,0.7756558711965222,0.7125456412263326,0.7527387462336199,543000
2009-01-28,0.7227703332901001,0.7509760626496306,0.7227703332901001,0.7509760626496306,1014000
2009-01-29,0.6734101176261902,0.737578008288494,0.6522558928980049,0.736520288646143,1434000
2009-01-30,0.7227703332901001,0.7227703332901001,0.669884706322729,0.669884706322729,1947000
2009-02-02,0.7227703332901001,0.7227703332901001,0.7227703332901001,0.7227703332901001,0
2009-02-03,0.712192952632904,0.712192952632904,0.712192952632904,0.712192952632904,222000
2009-02-04,0.712192952632904,0.712192952632904,0.712192952632904,0.712192952632904,800000
2009-02-05,0.7044365406036377,0.706904567729943,0.6878656934628741,0.706904567729943,20000
2009-02-06,0.7069045901298523,0.7227702211191381,0.7069045901298523,0.7227702211191381,7000
2009-02-09,0.7083147764205933,0.7083147764205933,0.7051416169526167,0.7069045113435252,152000
2009-02-10,0.7051416039466858,0.7069044983050787,0.7051416039466858,0.7069044983050787,11000
2009-02-11,0.7086673974990845,0.7086673974990845,0.7086673974990845,0.7086673974990845,1000
2009-02-12,0.7051416039466858,0.7051416039466858,0.7051416039466858,0.7051416039466858,144000
2009-02-13,0.7069045901298523,0.7069045901298523,0.70161599042713,0.70161599042713,3000
2009-02-16,0.698090136051178,0.7069044389846241,0.6945644316896841,0.7069044389846241,317000
2009-02-17,0.6973850727081299,0.6980902052443776,0.6719999651654873,0.6719999651654873,2212000
2009-02-18,0.6868078708648682,0.696327306575064,0.6698844809719465,0.6769358899248544,108000
2009-02-19,0.6868078708648682,0.6868078708648682,0.6868078708648682,0.6868078708648682,0
2009-02-20,0.6875131130218506,0.6875131130218506,0.6839874081985358,0.6839874081985358,5000
2009-02-25,0.6875131130218506,0.6875131130218506,0.6698845468755599,0.6698845468755599,23000
2009-02-26,0.6875131130218506,0.6875131130218506,0.6716473992872173,0.6786988089338468,391000
2009-02-27,0.7051416039466858,0.7139559076197912,0.6734102200007648,0.6875130806599046,418000
2009-03-02,0.7047889828681946,0.7051415701289064,0.6723524679523633,0.7051415701289064,936000
2009-03-03,0.6698845624923706,0.7016159486716644,0.6667114448893001,0.7016159486716644,271000
2009-03-04,0.7016159296035767,0.7016159296035767,0.669884544286659,0.6875131103648207,167000
2009-03-05,0.7016159296035767,0.7016159296035767,0.7016159296035767,0.7016159296035767,0
2009-03-06,0.6963273882865906,0.6963273882865906,0.6741153970427777,0.6741153970427777,11000
2009-03-09,0.6956222653388977,0.6956222653388977,0.6822245361351753,0.6822245361351753,226000
2009-03-10,0.7051416039466858,0.7203021423792606,0.6875130806599046,0.6875130806599046,104000
2009-03-11,0.7139558792114258,0.7139558792114258,0.6875130533037015,0.7051415758890422,364000
2009-03-12,0.7139558792114258,0.7139558792114258,0.7139558792114258,0.7139558792114258,0
2009-03-13,0.7139558792114258,0.7139558792114258,0.7139558792114258,0.7139558792114258,0
2009-03-16,0.7086673974990845,0.7086673974990845,0.7086673974990845,0.7086673974990845,2206000
2009-03-17,0.7192445397377014,0.7192445397377014,0.6875131926526064,0.7033788661951539,481000
2009-03-18,0.7227703332901001,0.7227703332901001,0.6875132766650038,0.6875132766650038,383000
2009-03-19,0.7262957096099854,0.7262957096099854,0.7016157811636619,0.7016157811636619,4000
2009-03-20,0.7171289324760437,0.722770076342501,0.7012632626350583,0.722770076342501,204000
2009-03-23,0.7266483902931213,0.7266483902931213,0.7121929437668963,0.7171289129936662,570000
2009-03-24,0.7315844297409058,0.7315844297409058,0.718891876182761,0.7224175808344995,344000
2009-03-25,0.7403985857963562,0.7545014872523685,0.7386357756514935,0.7386357756514935,27000
2009-03-26,0.7545016407966614,0.7545016407966614,0.740398736470648,0.740398736470648,17000
2009-03-27,0.7545016407966614,0.7545016407966614,0.7545016407966614,0.7545016407966614,225000
2009-03-30,0.7545016407966614,0.7545016407966614,0.7545016407966614,0.7545016407966614,2000
2009-03-31,0.7262957096099854,0.7756556505620477,0.7262957096099854,0.7541487969315178,1406000
2009-04-01,0.7686042785644531,0.7686042785644531,0.7562642717315147,0.7576745366114284,575000
2009-04-02,0.8109126091003418,0.8109126091003418,0.7717772391131958,0.7717772391131958,6000
2009-04-03,0.8281888365745544,0.8281888365745544,0.8073871531044947,0.8073871531044947,238000
2009-04-06,0.8281888365745544,0.8281888365745544,0.8214899722585489,0.8214899722585489,663000
2009-04-07,0.8281888365745544,0.8281888365745544,0.8281888365745544,0.8281888365745544,0
2009-04-08,0.8461700081825256,0.8461700081825256,0.8461700081825256,0.8461700081825256,1000
2009-04-09,0.8285415768623352,0.845817559610399,0.8207850749374962,0.845817559610399,2373000
2009-04-13,0.8281888365745544,0.828541381835576,0.8112654872134626,0.8112654872134626,82000
2009-04-14,0.8281888365745544,0.8281888365745544,0.8281888365745544,0.8281888365745544,255000
2009-04-15,0.8214898705482483,0.8214898705482483,0.8214898705482483,0.8214898705482483,225000
2009-04-16,0.8214898705482483,0.8214898705482483,0.8109127574922812,0.8109127574922812,594000
2009-04-17,0.8274837136268616,0.8281888882523393,0.8112655378352549,0.8281888882523393,339000
2009-04-20,0.8285415768623352,0.8285415768623352,0.8109130487702658,0.8109130487702658,459000
2009-04-22,0.8285415768623352,0.8285415768623352,0.8285415768623352,0.8285415768623352,0
2009-04-23,0.8285415768623352,0.8461701890138572,0.8250158712439213,0.8250158712439213,511000
2009-04-24,0.8620280623435974,0.8620280623435974,0.8253460506315861,0.8620280623435974,2352000
2009-04-27,0.8767009377479553,0.8767009377479553,0.8403856331525075,0.8403856331525075,433000
2009-04-28,0.8620280623435974,0.8767009544852165,0.851023458829994,0.8620280623435974,877000
2009-04-29,0.865696370601654,0.8800023831760401,0.8620281689766954,0.8620281689766954,28000
2009-04-30,0.8763340711593628,0.8767009524954203,0.8528576012083215,0.8645958799122493,100000
2009-05-04,0.9005445241928101,0.9060468715466057,0.8620283550867738,0.8767012522112805,296000
2009-05-05,0.8950419425964355,0.9005442005157441,0.844053921090566,0.844053921090566,107000
2009-05-06,0.8950419425964355,0.9170511491872956,0.8950419425964355,0.8950419425964355,3304000
2009-05-07,0.8950419425964355,0.9060465458918655,0.8950419425964355,0.9060465458918655,95000
2009-05-08,0.9060467481613159,0.9060467481613159,0.8950421424091743,0.8950421424091743,7000
2009-05-11,0.916684091091156,0.9166840910911561,0.9166840910911561,0.9166840910911561,1000
2009-05-12,0.916684091091156,0.9166840910911561,0.8807356782137014,0.8913734845701059,17000
2009-05-13,0.9064132571220398,0.9064132571220398,0.8807358517738518,0.8811026456132132,281000
2009-05-14,0.9353924989700317,0.9353924989700317,0.8987104744836952,0.8987104744836952,4881000
2009-05-15,0.9328243136405945,0.933557988757273,0.9170510420148292,0.933557988757273,38000
2009-05-18,0.9328243136405945,0.9328243136405945,0.9328243136405945,0.9328243136405945,0
2009-05-19,0.9170508980751038,0.9335578422266281,0.9060462977930173,0.9064130915653834,22000
2009-05-20,0.9170508980751038,0.9170508980751038,0.9097144978870461,0.9097144978870461,2330000
2009-05-21,0.9280558824539185,0.9280558824539185,0.9243876808417222,0.9243876808417222,72000
2009-05-22,0.9280558824539185,0.9280558824539185,0.9280558824539185,0.9280558824539185,0
2009-05-25,0.9280558824539185,0.9280558824539185,0.918518540770843,0.9207194792295258,13000
2009-05-26,0.9353924989700317,0.9353924989700317,0.9188856316796028,0.9188856316796028,181000
2009-05-27,0.9170508980751038,0.931356904678853,0.9170508980751038,0.9170508980751038,638000
2009-05-28,0.9170508980751038,0.9170508980751038,0.9170508980751038,0.9170508980751038,200000
2009-05-29,0.9170508980751038,0.9346583110005157,0.9170508980751038,0.9170508980751038,827000
2009-06-01,0.942728579044342,0.9427285790443422,0.9170511707512162,0.9170511707512162,84669000
2009-06-02,0.9097145199775696,0.9174177141250496,0.9097145199775696,0.9100813137588427,2537000
2009-06-03,0.9133830666542053,0.9133830666542053,0.9133830666542053,0.9133830666542053,11000
2009-06-04,0.9243875741958618,0.9243875741958618,0.8987101658728698,0.8987101658728698,38000
2009-06-05,0.9243875741958618,0.9243875741958618,0.9243875741958618,0.9243875741958618,0
2009-06-08,0.9225533604621887,0.935392018712239,0.9188851598969171,0.9188851598969171,227000
2009-06-09,0.9317238330841064,0.935025239882818,0.8987100274673946,0.9225533752523094,303000
2009-06-10,0.9353924989700317,0.945663518300313,0.9350257049622219,0.9353924989700317,336000
2009-06-12,0.9995856881141663,0.9995856881141663,0.9537331320088044,0.9555672762322878,12000
2009-06-15,1.0014199018478394,1.0014199018478394,0.9904152981135222,1.001053107960407,32000
2009-06-16,0.9493314027786255,0.9537331917685379,0.9207193807885247,0.952999603998627,161000
2009-06-17,0.92071932554245,0.9361258047247449,0.9170511245425522,0.9361258047247449,253000
2009-06-18,0.92071932554245,0.9207193255424501,0.9170511245425522,0.9170511245425522,31000
2009-06-19,0.9673056602478027,0.9698733924762502,0.9207194238631741,0.9207194238631741,1664000
2009-06-22,0.9647378921508789,0.9647378921508789,0.9647378921508789,0.9647378921508789,18000
2009-06-23,0.9610695838928223,0.9629037282115439,0.9610695838928223,0.9629037282115439,12000
2009-06-24,0.9243875741958618,0.9647378747316642,0.9229203112116252,0.9647378747316642,112000
2009-06-25,0.9390602111816406,0.9467634935220589,0.9170510079797582,0.9218196774191794,14000
2009-06-26,0.9353924989700317,0.9353924989700317,0.9353924989700317,0.9353924989700317,2000
2009-06-29,0.9537334442138672,0.9537334442138672,0.9427288376410348,0.9427288376410348,2236000
2009-06-30,0.9537334442138672,0.9819786797952921,0.9537334442138672,0.96033626063167,89000
2009-07-01,0.9757423996925354,0.9757423996925354,0.972074198799048,0.972074198799048,12000
2009-07-02,0.9460300207138062,0.9555673616319333,0.9284226019133828,0.9555673616319333,4000
2009-07-03,0.9460300207138062,0.9460300207138062,0.9460300207138062,0.9460300207138062,0
2009-07-06,0.9574012160301208,0.9574012160301207,0.9500648149461198,0.9500648149461198,12000
2009-07-07,0.9500648379325867,0.9500648379325867,0.9489643689976811,0.9489643689976811,2000
2009-07-08,0.9243875741958618,0.9317239765738595,0.9170511718178641,0.9170511718178641,26000
2009-07-09,0.9243875741958618,0.9243875741958618,0.9243875741958618,0.9243875741958618,0
2009-07-10,0.9610695838928223,0.9610695838928223,0.9610695838928223,0.9610695838928223,2208000
2009-07-13,0.9757423996925354,0.9757423996925354,0.9592354519434381,0.9610695086617779,14000
2009-07-14,0.9537334442138672,0.9794109470073151,0.9526329748109,0.9541003256527488,46000
2009-07-15,0.9262217283248901,0.9460299974638358,0.9210861766404685,0.9210861766404685,27000
2009-07-16,0.9152169823646545,0.9298898738539294,0.9148501885008862,0.9262216728458134,2992000
2009-07-17,0.9119157195091248,0.9258548492259496,0.909714781275727,0.9258548492259496,995000
2009-07-20,0.9280558824539185,0.9280558824539185,0.9280558824539185,0.9280558824539185,20000
2009-07-21,0.9137495160102844,0.9353919233766212,0.9137495160102843,0.9170509224195877,292000
2009-07-22,0.9170508980751038,0.9170508980751038,0.9137494917534412,0.9166841043027376,181000
2009-07-23,0.9489644765853882,0.9489644765853882,0.9152169919736756,0.9170511362253959,269000
2009-07-24,0.9665718078613281,0.9720741526688469,0.94456260354486,0.9489643919340713,202000
2009-07-27,0.9775766134262085,0.9900484809758968,0.9537332600604906,0.9665720089782207,192000
2009-07-28,0.9830788373947144,0.9904152394497128,0.9684060332847174,0.9720742343122167,33000
2009-07-29,0.9720740914344788,1.0010529015293923,0.9720740914344788,0.9900482126075786,53000
2009-07-30,0.9757423996925354,0.9904152032664849,0.9717073174899337,0.972074198799048,28000
2009-07-31,0.9900481700897217,0.9904150513425585,0.9867468510117517,0.9867468510117517,2692000
2009-08-03,1.008756160736084,1.008756160736084,0.9904151571231522,0.9904151571231522,1367000
2009-08-04,1.008756160736084,1.008756160736084,0.9904151571231522,1.0032538159238025,47000
2009-08-05,1.0014199018478394,1.0014199018478394,1.001053107960407,1.001053107960407,2214000
2009-08-06,1.0193936824798584,1.0601107602732727,1.0032535338726203,1.0601107602732727,14000
2009-08-07,1.0234289169311523,1.0234289169311523,1.0193939225574504,1.0193939225574504,30000
2009-08-10,1.0234289169311523,1.0234289169311523,1.0234289169311523,1.0234289169311523,305000
2009-08-11,1.008756160736084,1.0234289636264293,1.008756160736084,1.0234289636264293,19000
2009-08-12,1.0160925388336182,1.0160925388336182,0.9739081877647798,0.9739081877647798,80000
2009-08-13,0.9904152154922485,1.0160926220636242,0.9904152154922485,1.0160926220636242,406000
2009-08-14,1.0050876140594482,1.0050876140594482,1.0010526208905006,1.0010526208905006,11000
2009-08-17,0.9757423996925354,0.9871137962253039,0.9728077865036607,0.9871137962253039,139000
2009-08-18,0.9904152154922485,0.9904152154922485,0.946763598083867,0.946763598083867,38000
2009-08-19,0.9904152154922485,0.9940834164310165,0.98858107129446,0.98858107129446,80000
2009-08-20,0.9900481700897217,0.9900481700897217,0.9900481700897217,0.9900481700897217,2000
2009-08-21,0.9922494888305664,1.008756440386716,0.9720744229917484,0.9940836334287289,77000
2009-08-24,1.0083893537521362,1.0087561475825708,1.0083893537521362,1.0087561475825708,2000
2009-08-25,1.008756160736084,1.030765365071602,1.008756160736084,1.0252631077161243,8000
2009-08-26,1.0193936824798584,1.0193936824798584,1.008755877137992,1.008755877137992,20000
2009-08-27,1.0303984880447388,1.0322325445295533,1.0179266240862512,1.0322325445295533,154000
2009-08-28,1.0436040163040161,1.0436040163040161,1.0142584131953802,1.0142584131953802,38000
2009-08-31,1.039935827255249,1.0450712903639,1.0087560798839308,1.0270970820268248,218000
2009-09-01,1.0373681783676147,1.0373681783676147,1.0373681783676147,1.0373681783676147,2206000
2009-09-02,1.0417702198028564,1.0417702198028564,1.0270974133552822,1.0370015489617124,66000
2009-09-03,1.0410364866256714,1.0410364866256714,1.027097269972298,1.027097269972298,18000
2009-09-04,1.0270971059799194,1.0270971059799194,1.0270971059799194,1.0270971059799194,1000
2009-09-08,1.049106240272522,1.049106240272522,1.032599382769747,1.0333329703503897,23000
2009-09-09,1.0450714826583862,1.045805157861818,1.0447046887850768,1.045805157861818,63000
2009-09-10,1.0270971059799194,1.047272252536009,1.0270971059799194,1.0450713147361739,245000
2009-09-11,1.049106240272522,1.049106240272522,1.0454380399989283,1.0472721838641217,1134000
2009-09-14,1.0487397909164429,1.0520411984839857,1.0454383833488998,1.0491065848272292,69000
2009-09-15,1.0509402751922607,1.0516739501536405,1.0314988070119298,1.0516739501536405,9000
2009-09-16,1.0692815780639648,1.0711157222594545,1.052041042419045,1.052041042419045,645000
2009-09-17,1.063779354095459,1.0692816119426414,1.0204945292267447,1.0689148180746455,82000
2009-09-18,1.0707489252090454,1.0707489252090454,1.0637794041054203,1.0637794041054203,53000
2009-09-21,1.091290831565857,1.091290831565857,1.0652466300272072,1.070748887941553,64000
2009-09-22,1.063779354095459,1.0839544161442098,1.063779354095459,1.0821203593474196,10000
2009-09-23,1.091290831565857,1.091290831565857,1.0747839703660067,1.0747839703660067,110000
2009-09-24,1.091290831565857,1.091290831565857,1.091290831565857,1.091290831565857,14000
2009-09-25,1.091290831565857,1.091290831565857,1.091290831565857,1.091290831565857,13000
2009-09-28,1.091290831565857,1.091290831565857,1.0674475681756705,1.091290831565857,2254000
2009-09-29,1.0909240245819092,1.0912908184499737,1.089456761652839,1.0912908184499737,46000
2009-09-30,1.1037623882293701,1.1037623882293701,1.089456382867069,1.0909236452859965,1502000
2009-10-01,1.1037623882293701,1.1037623882293701,1.0821199833156503,1.1004609821941973,24000
2009-10-02,1.1114660501480103,1.1114660501480103,1.1037628536081612,1.1037628536081612,118000
2009-10-05,1.1279728412628174,1.1279728412628174,1.1169682388427906,1.1169682388427906,245000
2009-10-06,1.1367764472961426,1.1587856510052903,1.1261386392663473,1.1371432411209212,162000
2009-10-07,1.1367764472961426,1.1367764472961426,1.1169681814492698,1.1305405149908974,10000
2009-10-08,1.1367764472961426,1.1386105913336388,1.1353091845402263,1.1364096534713637,30000
2009-10-09,1.1554844379425049,1.1554844379425049,1.111465939018877,1.111465939018877,215000
2009-10-13,1.1518163681030273,1.2068393887000517,1.1518163681030273,1.2068393887000517,134000
2009-10-14,1.1448466777801514,1.1738254928025882,1.0909240427215163,1.1738254928025882,108000
2009-10-15,1.171991229057312,1.171991229057312,1.129806876839885,1.129806876839885,239000
2009-10-16,1.1646549701690674,1.1701573156783829,1.1646549701690674,1.166489114491111,16000
2009-10-19,1.160619854927063,1.1624539116023893,1.160619854927063,1.1624539116023893,7000
2009-10-20,1.160619854927063,1.160619854927063,1.160619854927063,1.160619854927063,0
2009-10-21,1.1917999982833862,1.2031713982969767,1.1917999982833862,1.2031713982969767,7000
2009-10-22,1.170524001121521,1.170524001121521,1.1444797138848883,1.1444797138848883,4000
2009-10-23,1.116968035697937,1.136776298960062,1.108164285397624,1.136776298960062,2401000
2009-10-26,1.1173350811004639,1.1173350811004639,1.116968287240945,1.116968287240945,200000
2009-10-27,1.1162346601486206,1.1298069955603771,1.0934917781993776,1.1173351292313916,27000
2009-10-28,1.1004613637924194,1.109631910140081,1.091290817444758,1.109631910140081,38000
2009-10-29,1.1327416896820068,1.137143478870063,1.1052301355651721,1.137143478870063,30000
2009-10-30,1.1188024282455444,1.1188024282455444,1.0894568183107576,1.0986272776869703,64000
2009-11-03,1.1151341199874878,1.1151341199874878,1.0828538996829722,1.0832207809917198,106000
2009-11-04,1.111099123954773,1.111099123954773,1.0824871045733226,1.0824871045733226,2000
2009-11-05,1.1188024282455444,1.1188024282455444,1.1180688404712644,1.1180688404712644,10000
2009-11-06,1.129440426826477,1.129440426826477,1.118802615210371,1.118802615210371,11000
2009-11-09,1.1536505222320557,1.1536505222320557,1.1294403736388037,1.1294403736388037,28000
2009-11-10,1.131641149520874,1.1609867587606977,1.131641149520874,1.1609867587606977,30000
2009-11-11,1.1353093385696411,1.1353093385696411,1.126138792051578,1.126138792051578,3000
2009-11-12,1.144113302230835,1.144480096201066,1.144113302230835,1.144480096201066,40000
2009-11-13,1.2150036096572876,1.2150036096572876,1.158926484327944,1.158926484327944,35000
2009-11-16,1.2262194156646729,1.2262194156646729,1.2262194156646729,1.2262194156646729,1000
2009-11-17,1.2374346256256104,1.2374346256256104,1.2075268681172675,1.2075268681172675,2427000
2009-11-18,1.2374346256256104,1.2374346256256104,1.2374346256256104,1.2374346256256104,15000
2009-11-19,1.2333225011825562,1.2411732618421871,1.2333225011825562,1.2336963214619214,419000
2009-11-23,1.2336962223052979,1.2561270416432488,1.2336962223052979,1.2336962223052979,33000
2009-11-24,1.241920828819275,1.241920828819275,1.226219220425044,1.226219220425044,10000
2009-11-25,1.2710809707641602,1.2710809707641602,1.2336961838992435,1.2336961838992435,206000
2009-11-26,1.2523882389068604,1.2523882389068604,1.233695894426425,1.2523882389068604,69000
2009-11-27,1.270332932472229,1.270332932472229,1.270332932472229,1.270332932472229,1000
2009-11-30,1.2860347032546997,1.2860347032546997,1.2710808258662725,1.2710808258662725,13000
2009-12-01,1.2860347032546997,1.2860347032546997,1.2710808258662725,1.2748192952133792,116000
2009-12-02,1.2972502708435059,1.2972502708435059,1.2837917617122452,1.2837917617122452,115000
2009-12-03,1.3047267198562622,1.3047267198562622,1.297249783053932,1.297249783053932,12000
2009-12-04,1.3084654808044434,1.3084654808044434,1.3080916606203834,1.3080916606203834,148000
2009-12-07,1.31968092918396,1.31968092918396,1.308465521127297,1.31968092918396,32000
2009-12-08,1.3305226564407349,1.3305226564407349,1.30846565821213,1.30846565821213,427000
2009-12-09,1.3608040809631348,1.3626732709355036,1.32715777013916,1.336503987397405,373000
2009-12-10,1.394450306892395,1.3981887759806266,1.366411744164591,1.3738886823410543,247000
2009-12-11,1.4131429195404053,1.4131429195404053,1.3959459406563892,1.3959459406563892,25000
2009-12-14,1.4206202030181885,1.4206202030181885,1.3963200989014934,1.4168817323180949,27000
2009-12-15,1.394450306892395,1.3981887759806266,1.3832348996277002,1.3981887759806266,25000
2009-12-16,1.3981890678405762,1.4019275377091813,1.3925813184715925,1.4019275377091813,12000
2009-12-17,1.3832353353500366,1.3832353353500366,1.3832353353500366,1.3832353353500366,20000
2009-12-18,1.3832353353500366,1.3832353353500366,1.3832353353500366,1.3832353353500366,0
2009-12-21,1.3832353353500366,1.415012377175914,1.3832353353500366,1.4019276866793287,213000
2009-12-22,1.3645426034927368,1.4094042341725401,1.3645426034927368,1.4094042341725401,142000
2009-12-23,1.3832353353500366,1.4112739069100555,1.3832353353500366,1.3832353353500366,212000
2009-12-24,1.3832353353500366,1.3832353353500366,1.3832353353500366,1.3832353353500366,0
2009-12-28,1.3705244064331055,1.3832352760982753,1.3518320559045123,1.3832352760982753,4000
2009-12-29,1.3832353353500366,1.3832353353500366,1.3832353353500366,1.3832353353500366,6000
2009-12-30,1.3832353353500366,1.3832353353500366,1.3832353353500366,1.3832353353500366,0
2010-01-04,1.4094043970108032,1.4094043970108032,1.3645427611478242,1.3645427611478242,22000
2010-01-05,1.4206202030181885,1.4206202030181885,1.3832354960172517,1.3832354960172517,29000
2010-01-06,1.4322090148925781,1.4322090148925781,1.3084655272320873,1.3832350037574919,516000
2010-01-07,1.4280964136123657,1.4370688100068447,1.420245655899323,1.4370688100068447,63000
2010-01-08,1.4280964136123657,1.4280964136123657,1.4280964136123657,1.4280964136123657,10000
2010-01-11,1.4280964136123657,1.4280964136123657,1.4206194760383841,1.4280964136123657,159000
2010-01-12,1.4542661905288696,1.4542661905288696,1.4206198729141217,1.4258537128516509,847000
2010-01-13,1.4393123388290405,1.4393123388290405,1.424732367696352,1.4393123388290405,638000
2010-01-14,1.4209938049316406,1.4393122450048754,1.4209938049316406,1.4393122450048754,177000
2010-01-15,1.4019273519515991,1.409778110895786,1.3985627027760301,1.409778110895786,10000
2010-01-18,1.418750286102295,1.4202456557905514,1.3828608787913805,1.3828608787913805,97000
2010-01-19,1.401179552078247,1.419498077827147,1.383608755819314,1.383608755819314,25000
2010-01-20,1.3981890678405762,1.4015537174619666,1.372019778760341,1.3888428486029873,508000
2010-01-21,1.394450306892395,1.4019272450688582,1.394450306892395,1.4019272450688582,102000
2010-01-22,1.394450306892395,1.394450306892395,1.394450306892395,1.394450306892395,287000
2010-01-26,1.394450306892395,1.394450306892395,1.3832348996277002,1.3832348996277002,262000
2010-01-27,1.4161334037780762,1.4161334037780762,1.3533269839129125,1.3533269839129125,339000
2010-01-28,1.4157601594924927,1.4157601594924927,1.3645431206357148,1.3645431206357148,1046000
2010-01-29,1.4393123388290405,1.4710893795397866,1.424358458290374,1.4393123388290405,74000
2010-02-01,1.4393123388290405,1.4393123388290405,1.4366954186479899,1.4374431483277867,36000
2010-02-02,1.4206202030181885,1.4206202030181885,1.4206202030181885,1.4206202030181885,1000
2010-02-03,1.4206202030181885,1.4206202030181885,1.390712437417439,1.390712437417439,3000
2010-02-04,1.3907119035720825,1.4075350598307725,1.38360878522889,1.4075350598307725,227000
2010-02-05,1.3832353353500366,1.416507747455825,1.360804513754886,1.360804513754886,13000
2010-02-08,1.394450306892395,1.394450306892395,1.3832348996277002,1.3832348996277002,6000
2010-02-09,1.4351998567581177,1.4351998567581177,1.413142859169518,1.413142859169518,13000
2010-02-10,1.4449200630187988,1.4449200630187988,1.4352000230143003,1.4352000230143003,16000
2010-02-11,1.4486581087112427,1.452396577684567,1.4486581087112427,1.4486581087112427,25000
2010-02-12,1.467350721359253,1.4692200007531113,1.4486583730814062,1.4580045917864033,171000
2010-02-17,1.4953893423080444,1.4953893423080444,1.4602476549717736,1.4602476549717736,75000
2010-02-18,1.4722107648849487,1.4725845851169708,1.4722107648849487,1.4725845851169708,93000
2010-02-19,1.4351998567581177,1.458004583926659,1.4351998567581177,1.4351998567581177,89000
2010-02-22,1.4351998567581177,1.4351998567581177,1.4351998567581177,1.4351998567581177,0
2010-02-23,1.405665636062622,1.4094041049431558,1.3869732916599533,1.4094041049431558,175000
2010-02-24,1.3645426034927368,1.3645426034927368,1.3645426034927368,1.3645426034927368,1000
2010-02-25,1.382487416267395,1.3828612365031254,1.3570658575947319,1.3570658575947319,45000
2010-02-26,1.3514580726623535,1.3720197003303751,1.3316441745781706,1.3421118539590307,361000
2010-03-01,1.392207384109497,1.392207384109497,1.36828119673801,1.36828119673801,8000
2010-03-02,1.4206202030181885,1.4206202030181885,1.4165079119877373,1.4206202030181885,11000
2010-03-03,1.4168814420700073,1.435573791741349,1.4168814420700073,1.435573791741349,21000
2010-03-04,1.4168814420700073,1.4168814420700073,1.4168814420700073,1.4168814420700073,0
2010-03-05,1.4206202030181885,1.4206202030181885,1.40192784951772,1.40192784951772,44000
2010-03-08,1.4090304374694824,1.4090304374694824,1.4090304374694824,1.4090304374694824,13000
2010-03-09,1.4206202030181885,1.429966424334509,1.3869739667173453,1.4168817323180949,165000
2010-03-10,1.4202462434768677,1.4318354747715427,1.4202462434768677,1.4318354747715427,21000
2010-03-11,1.4168814420700073,1.4280968518728123,1.4165076218162267,1.4165076218162267,115000
2010-03-12,1.4280964136123657,1.4280964136123657,1.4280964136123657,1.4280964136123657,1000
2010-03-15,1.4243581295013428,1.4243581295013428,1.3851041575823804,1.3854780669020474,7000
2010-03-16,1.4243581295013428,1.4243581295013428,1.4243581295013428,1.4243581295013428,0
2010-03-17,1.431835651397705,1.431835651397705,1.4243587098080703,1.4243587098080703,27000
2010-03-18,1.4075353145599365,1.4206199147894516,1.4075353145599365,1.4206199147894516,76000
2010-03-19,1.4019273519515991,1.409778110895786,1.3533271609671829,1.409778110895786,42000
2010-03-22,1.4019273519515991,1.4019273519515991,1.3970673328531575,1.4019273519515991,103000
2010-03-23,1.3981890678405762,1.3981890678405762,1.372019778760341,1.372019778760341,44000
2010-03-24,1.3907119035720825,1.3907119035720825,1.3907119035720825,1.3907119035720825,3000
2010-03-25,1.3907119035720825,1.3907119035720825,1.3907119035720825,1.3907119035720825,0
2010-03-26,1.3907119035720825,1.3907119035720825,1.3907119035720825,1.3907119035720825,1000
2010-03-29,1.3888429403305054,1.3907122199543425,1.3888429403305054,1.3907122199543425,29000
2010-03-30,1.3888429403305054,1.3888429403305054,1.3888429403305054,1.3888429403305054,0
2010-03-31,1.3907119035720825,1.3907119035720825,1.347719462458204,1.347719462458204,96000
2010-04-01,1.4019273519515991,1.4019273519515991,1.3832350050853393,1.3832350050853393,4000
2010-04-05,1.38697350025177,1.38697350025177,1.3828611214722177,1.3828611214722177,126000
2010-04-06,1.3645426034927368,1.3832349496093215,1.3537010160054765,1.3537010160054765,23000
2010-04-07,1.3794965744018555,1.3794965744018555,1.3794965744018555,1.3794965744018555,2000
2010-04-08,1.3828610181808472,1.4037965524552016,1.3794964583261613,1.3794964583261613,48000
2010-04-09,1.3832353353500366,1.3832353353500366,1.3794968650841781,1.3794968650841781,4000
2010-04-12,1.3832353353500366,1.3832353353500366,1.3832353353500366,1.3832353353500366,0
2010-04-13,1.3458504676818848,1.3626736274958593,1.3308965874615326,1.3308965874615326,48000
2010-04-14,1.394450306892395,1.394450306892395,1.394450306892395,1.394450306892395,1000
2010-04-15,1.3828610181808472,1.3828610181808472,1.3828610181808472,1.3828610181808472,10000
2010-04-16,1.3458504676818848,1.3645429070894817,1.337625887039985,1.3645429070894817,96000
2010-04-19,1.3140733242034912,1.3417379807304817,1.310708674907351,1.310708674907351,29000
2010-04-20,1.315942406654358,1.315942406654358,1.3009885298497619,1.3144470368003256,90000
2010-04-22,1.323419213294983,1.323419213294983,1.3196807444660417,1.3196807444660417,17000
2010-04-23,1.3047267198562622,1.3234190618620876,1.3009882514550972,1.3009882514550972,216000
2010-04-26,1.3252887725830078,1.3346349020660664,1.311456354771361,1.3346349020660664,68000
2010-04-27,1.3252887725830078,1.327157962826761,1.300988675489192,1.327157962826761,145000
2010-04-28,1.3290940523147583,1.3362478365017079,1.3177986461201632,1.3362478365017079,375000
2010-04-29,1.3347419500350952,1.3347419500350952,1.314410144789557,1.322316992850346,377000
2010-04-30,1.3290940523147583,1.3362478365017079,1.3290940523147583,1.3362478365017079,70000
2010-05-03,1.336624264717102,1.336624264717102,1.336624264717102,1.336624264717102,20000
2010-05-04,1.3177986145019531,1.3177986145019531,1.2801472614233458,1.2801472614233458,67000
2010-05-05,1.3177986145019531,1.3177986145019531,1.3177986145019531,1.3177986145019531,0
2010-05-06,1.2609450817108154,1.2801473357330886,1.2519087744009931,1.2519087744009931,93000
2010-05-07,1.2613216638565063,1.2650867996680693,1.2500262564218176,1.2500262564218176,301000
2010-05-10,1.3230700492858887,1.3309768978434868,1.2801475161877682,1.2801475161877682,215000
2010-05-11,1.289560079574585,1.3204342255991326,1.289560079574585,1.3204342255991326,54000
2010-05-12,1.2982202768325806,1.2989733400344112,1.2711112583177546,1.2989733400344112,7000
2010-05-13,1.283912181854248,1.283912181854248,1.283912181854248,1.283912181854248,6000
2010-05-14,1.2424960136413574,1.279394399311965,1.2349657418434277,1.279394399311965,56000
2010-05-17,1.2500261068344116,1.2500261068344116,1.2500261068344116,1.2500261068344116,20000
2010-05-18,1.2462611198425293,1.308009418928457,1.2349657124147988,1.308009418928457,15000
2010-05-19,1.2345890998840332,1.2424958573468863,1.2345890998840332,1.2387307219215407,205000
2010-05-20,1.219905138015747,1.2236702737288114,1.195431710996871,1.2236702737288114,888000
2010-05-21,1.2180224657058716,1.2180224657058716,1.1973142651807447,1.1973142651807447,52000
2010-05-24,1.1860188245773315,1.2048445016820062,1.1822536891563966,1.2048445016820062,311000
2010-05-25,1.1841363906860352,1.1841363906860352,1.1841363906860352,1.1841363906860352,17000
2010-05-26,1.1860188245773315,1.2010793662610713,1.1860188245773315,1.1860188245773315,68000
2010-05-27,1.185642123222351,1.1863951861343234,1.185642123222351,1.1860186995622872,15000
2010-05-28,1.1860188245773315,1.1860188245773315,1.1860188245773315,1.1860188245773315,86000
2010-05-31,1.1860188245773315,1.1860188245773315,1.1822536891563966,1.1860188245773315,99000
2010-06-01,1.1841363906860352,1.1860190035645706,1.1841363906860352,1.1860190035645706,48000
2010-06-02,1.1822537183761597,1.1822537183761597,1.1822537183761597,1.1822537183761597,10000
2010-06-04,1.197313904762268,1.197313904762268,1.1822533671801327,1.1822533671801327,55000
2010-06-07,1.1935490369796753,1.2010793074528419,1.1860187665065087,1.1860187665065087,211000
2010-06-08,1.1826303005218506,1.2142574234404155,1.1822538138704148,1.2142574234404155,29000
2010-06-09,1.1671931743621826,1.1818772309018288,1.1671931743621826,1.1818772309018288,3000
2010-06-10,1.170958161354065,1.170958161354065,1.170958161354065,1.170958161354065,23000
2010-06-11,1.1577802896499634,1.1600393889060843,1.1295417284842744,1.1600393889060843,459000
2010-06-14,1.169075608253479,1.169075608253479,1.1686991216617393,1.1686991216617393,67000
2010-06-15,1.197313904762268,1.197313904762268,1.197313904762268,1.197313904762268,12000
2010-06-16,1.1912903785705566,1.1912903785705566,1.1336836893960633,1.1336836893960633,47000
2010-06-17,1.1912903785705566,1.1912903785705566,1.1912903785705566,1.1912903785705566,0
2010-06-18,1.164180874824524,1.2895599711911263,1.164180874824524,1.249273034986101,1140
2010-06-21,1.1818768978118896,1.1973140130674904,1.1660632960130455,1.1973140130674904,7000
2010-06-22,1.1671931743621826,1.1818772309018288,1.152885694239804,1.1818772309018288,279000
2010-06-23,1.1766058206558228,1.1766058206558228,1.1521323980418856,1.1558975330772683,114000
2010-06-24,1.197313904762268,1.197313904762268,1.1709578742256461,1.1709578742256461,453000
2010-06-25,1.2067275047302246,1.2067275047302246,1.2048449811545545,1.2048449811545545,16000
2010-06-28,1.2123744487762451,1.2123744487762451,1.2063502157578545,1.2067267022690398,31000
2010-06-29,1.225553035736084,1.225553035736084,1.193549333393174,1.1973144695648146,179000
2010-06-30,1.289183497428894,1.317798542151172,1.2519086329971936,1.2801471911397277,384000
2010-07-01,1.253791332244873,1.27600565940061,1.242495925350621,1.242495925350621,56000
2010-07-02,1.289560079574585,1.289560079574585,1.266969267293572,1.2763821506279482,153000
2010-07-05,1.2857950925827026,1.2857950925827026,1.2857950925827026,1.2857950925827026,1000
2010-07-06,1.29144287109375,1.3328593660143664,1.29144287109375,1.310268550603121,56000
2010-07-07,1.3174220323562622,1.3174220323562622,1.3174220323562622,1.3174220323562622,1000
2010-07-08,1.3177986145019531,1.3177986145019531,1.3177986145019531,1.3177986145019531,1000
2010-07-12,1.308385968208313,1.317422366397383,1.2989731731185956,1.317422366397383,51000
2010-07-13,1.3140332698822021,1.3140332698822021,1.3083855229360852,1.3083855229360852,7000
2010-07-14,1.3065036535263062,1.3065036535263062,1.2989733803460457,1.2989733803460457,22000
2010-07-15,1.3065036535263062,1.3065036535263062,1.3065036535263062,1.3065036535263062,0
2010-07-16,1.3065036535263062,1.3065036535263062,1.3065036535263062,1.3065036535263062,0
2010-07-19,1.3309768438339233,1.3309768438339233,1.2989731437627152,1.2989731437627152,30000
2010-07-20,1.3309768438339233,1.3309768438339233,1.3309768438339233,1.3309768438339233,0
2010-07-21,1.2952078580856323,1.2952078580856323,1.283912451678642,1.2914427226166356,77000
2010-07-22,1.2801474332809448,1.3177987914141827,1.2801474332809448,1.3177987914141827,71000
2010-07-23,1.2985965013504028,1.298973077759251,1.2985965013504028,1.298973077759251,4000
2010-07-26,1.2985965013504028,1.2985965013504028,1.2985965013504028,1.2985965013504028,0
2010-07-27,1.324575662612915,1.3249522389358797,1.298219718632282,1.298219718632282,115000
2010-07-28,1.324575662612915,1.324575662612915,1.324575662612915,1.324575662612915,660000
2010-07-29,1.3272114992141724,1.3272114992141724,1.317798616049513,1.317798616049513,100000
2010-07-30,1.3272114992141724,1.3272114992141724,1.3272114992141724,1.3272114992141724,0
2010-08-02,1.3573325872421265,1.3573325872421265,1.3328591627286346,1.3328591627286346,61000
2010-08-03,1.3629803657531738,1.3629803657531738,1.3516849587724913,1.3516849587724913,140000
2010-08-04,1.3641098737716675,1.3641098737716675,1.3641098737716675,1.3641098737716675,22000
2010-08-05,1.3705103397369385,1.3705103397369385,1.3686277275546164,1.3705103397369385,23000
2010-08-06,1.3705103397369385,1.3705103397369385,1.3592148461787856,1.3592148461787856,106000
2010-08-09,1.372393250465393,1.3750288364520624,1.342272165168699,1.3750288364520624,5000
2010-08-10,1.3727697134017944,1.3727697134017944,1.3720167401431254,1.3720167401431254,2000
2010-08-11,1.3603447675704956,1.3607213439706822,1.359968280938223,1.3607213439706822,154000
2010-08-12,1.3603447675704956,1.3603447675704956,1.3603447675704956,1.3603447675704956,0
2010-08-13,1.3592151403427124,1.3592151403427124,1.3592151403427124,1.3592151403427124,1000
2010-08-16,1.355449914932251,1.355449914932251,1.355449914932251,1.355449914932251,1000
2010-08-17,1.3705103397369385,1.3750284473923098,1.3554497115820312,1.3554497115820312,35000
2010-08-18,1.3750289678573608,1.3750289678573608,1.3629804966800991,1.3742759945137342,20000
2010-08-19,1.355449914932251,1.4947600954478337,1.355449914932251,1.4947600954478337,29000
2010-08-20,1.3927249908447266,1.3949840902373423,1.3927249908447266,1.3949840902373423,3000
2010-08-23,1.3647522926330566,1.3685432677087717,1.3533793674059116,1.3533793674059116,1207000
2010-08-24,1.3761253356933594,1.3761253356933594,1.3761253356933594,1.3761253356933594,1000
2010-08-25,1.3761253356933594,1.3761253356933594,1.3761253356933594,1.3761253356933594,0
2010-08-26,1.3488303422927856,1.3799163761586621,1.3192606804824196,1.3799163761586621,39000
2010-08-27,1.3647522926330566,1.3647522926330566,1.359065875211472,1.3643732222406777,47000
2010-08-30,1.3628568649291992,1.381053509334539,1.3628568649291992,1.381053509334539,10000
2010-08-31,1.353379487991333,1.3628569717170471,1.3340455404977343,1.3628569717170471,29000
2010-09-01,1.357170581817627,1.357170581817627,1.3533796060733763,1.3533796060733763,4000
2010-09-02,1.3526214361190796,1.3526214361190796,1.3526214361190796,1.3526214361190796,476000
2010-09-03,1.3530007600784302,1.3530007600784302,1.3154700668687687,1.3154700668687687,202000
2010-09-06,1.3530007600784302,1.3530007600784302,1.3530007600784302,1.3530007600784302,0
2010-09-08,1.3530007600784302,1.3530007600784302,1.3530007600784302,1.3530007600784302,0
2010-09-09,1.357170581817627,1.3628570906259987,1.3040969213981173,1.3495886303291256,163000
2010-09-10,1.3567912578582764,1.3571703282466792,1.3192605778871531,1.3192605778871531,43000
2010-09-13,1.3734714984893799,1.3734714984893799,1.32418882415049,1.32418882415049,4000
2010-09-14,1.3799158334732056,1.3818112752011695,1.353378926210144,1.3818112752011695,3000
2010-09-15,1.3423857688903809,1.364752553223074,1.336320279918254,1.342006698425621,221000
2010-09-16,1.3643733263015747,1.3643733263015747,1.3643733263015747,1.3643733263015747,1000
2010-09-17,1.318881630897522,1.3454184586320606,1.3078877751494469,1.3268426521026888,209000
2010-09-20,1.3457975387573242,1.3457975387573242,1.1892301545725248,1.1892301545725248,700
2010-09-21,1.3230516910552979,1.3230516910552979,1.2984103055569538,1.3033385826566226,185000
2010-09-22,1.3230516910552979,1.3268426664870443,1.285141936737833,1.285141936737833,80000
2010-09-23,1.3037173748016357,1.3321497296627423,1.2779387835218823,1.294619053784309,132000
2010-09-24,1.2889329195022583,1.2965148704088847,1.2544349796083194,1.2965148704088847,85000
2010-09-27,1.2885535955429077,1.296514706255689,1.266186816085048,1.296514706255689,92000
2010-09-28,1.2885535955429077,1.2885535955429077,1.2885535955429077,1.2885535955429077,0
2010-09-29,1.2885535955429077,1.2885535955429077,1.2885535955429077,1.2885535955429077,0
2010-09-30,1.2851420640945435,1.2851420640945435,1.2605006761542545,1.2605006761542545,245000
2010-10-01,1.2851420640945435,1.2851420640945435,1.2851420640945435,1.2851420640945435,0
2010-10-04,1.2923446893692017,1.2965148254921641,1.2866582715782253,1.2942402222221812,690000
2010-10-05,1.3401111364364624,1.3401111364364624,1.2889329225054962,1.2893119929365153,627000
2010-10-06,1.3401111364364624,1.3401111364364624,1.3401111364364624,1.3401111364364624,0
2010-10-07,1.3401111364364624,1.3401111364364624,1.3401111364364624,1.3401111364364624,0
2010-10-08,1.3401111364364624,1.3401111364364624,1.3192607262026659,1.3401111364364624,130000
2010-10-11,1.3401111364364624,1.3552750382850471,1.3401111364364624,1.3552750382850471,20000
2010-10-13,1.3495886325836182,1.3552751414014892,1.3484513308200439,1.3552751414014892,200000
2010-10-14,1.3495886325836182,1.3533796083342016,1.3082669697870601,1.3533796083342016,71000
2010-10-15,1.3495886325836182,1.3495886325836182,1.3457976568330345,1.3457976568330345,3000
2010-10-18,1.3488303422927856,1.349209412710668,1.3306336064747186,1.349209412710668,731000
2010-10-19,1.3488303422927856,1.3488303422927856,1.3488303422927856,1.3488303422927856,0
2010-10-20,1.3492094278335571,1.3492094278335571,1.3492094278335571,1.3492094278335571,1000
2010-10-21,1.3492094278335571,1.3492094278335571,1.3492094278335571,1.3492094278335571,0
2010-10-22,1.3492094278335571,1.3492094278335571,1.3492094278335571,1.3492094278335571,0
2010-10-25,1.313573956489563,1.3454182163435486,1.3090248410703982,1.3090248410703982,15000
2010-10-26,1.3457975387573242,1.3499676749858864,1.3457975387573242,1.3499676749858864,2000
2010-10-27,1.3344248533248901,1.3344248533248901,1.3344248533248901,1.3344248533248901,4000
2010-10-28,1.3382155895233154,1.3382155895233154,1.3382155895233154,1.3382155895233154,1000
2010-10-29,1.3382155895233154,1.3382155895233154,1.3006849057252288,1.3018222073903816,11000
2010-11-01,1.3382155895233154,1.3382155895233154,1.3382155895233154,1.3382155895233154,16000
2010-11-03,1.3492094278335571,1.3492094278335571,1.3382155721359135,1.3382155721359135,15000
2010-11-04,1.3799158334732056,1.3799158334732056,1.3609608738898915,1.3609608738898915,27000
2010-11-05,1.402661919593811,1.402661919593811,1.402661919593811,1.402661919593811,2000
2010-11-08,1.4595271348953247,1.4595271348953247,1.3988715181000897,1.3988715181000897,30000
2010-11-09,1.4591479301452637,1.4591479301452637,1.4591479301452637,1.4591479301452637,1000
2010-11-10,1.4538403749465942,1.4557358173347816,1.4534613045457523,1.4557358173347816,56000
2010-11-11,1.4405717849731445,1.4405717849731445,1.4405717849731445,1.4405717849731445,5000
2010-11-12,1.4595271348953247,1.4595271348953247,1.4026624941497918,1.4026624941497918,169000
2010-11-16,1.4545987844467163,1.4591479916330745,1.4216173034976012,1.4216173034976012,41000
2010-11-17,1.4542194604873657,1.4595268076903178,1.4386764892832977,1.4386764892832977,783000
2010-11-18,1.441329836845398,1.441329836845398,1.4026618624006235,1.4106228814042108,7000
2010-11-19,1.4549777507781982,1.455735891618569,1.4405719902033727,1.4542195195538457,30000
2010-11-22,1.4564942121505737,1.4572524434214187,1.4405720785347296,1.4405720785347296,18000
2010-11-23,1.4519448280334473,1.4557358031568777,1.4519448280334473,1.4557358031568777,3000
2010-11-24,1.4576313495635986,1.4576313495635986,1.4091068132987963,1.4106231852855764,80000
2010-11-25,1.4595271348953247,1.4595271348953247,1.4595271348953247,1.4595271348953247,7000
2010-11-26,1.421617031097412,1.4519448321712844,1.421617031097412,1.4405719067685823,40000
2010-11-29,1.4401930570602417,1.4595270060923056,1.4030414408213852,1.4595270060923056,73000
2010-11-30,1.4515658617019653,1.4587687420680648,1.4515658617019653,1.4515658617019653,88000
2010-12-01,1.4671084880828857,1.4690040205259305,1.4519445900743746,1.4519445900743746,115000
2010-12-02,1.4557360410690308,1.4557360410690308,1.4557360410690308,1.4557360410690308,502000
2010-12-03,1.4875800609588623,1.4875800609588623,1.4557357977335033,1.4557357977335033,2252000
2010-12-06,1.478481650352478,1.478481650352478,1.478481650352478,1.478481650352478,230000
2010-12-07,1.4595271348953247,1.4781029446540652,1.4595271348953247,1.463318110945027,285000
2010-12-08,1.4595271348953247,1.4636972718187962,1.4595271348953247,1.4636972718187962,61000
2010-12-09,1.4527032375335693,1.459526957439777,1.4527032375335693,1.459526957439777,52000
2010-12-10,1.4557360410690308,1.4557360410690308,1.4557360410690308,1.4557360410690308,13000
2010-12-13,1.4595271348953247,1.462180899475715,1.440951415520583,1.440951415520583,15000
2010-12-14,1.4443628787994385,1.4443628787994385,1.4443628787994385,1.4443628787994385,28000
2010-12-15,1.4443628787994385,1.4443628787994385,1.4443628787994385,1.4443628787994385,61000
2010-12-16,1.443225622177124,1.4481538990329441,1.4405719485446025,1.4405719485446025,209000
2010-12-17,1.4443628787994385,1.4690042623110031,1.4443628787994385,1.4595267793037932,333000
2010-12-20,1.4405717849731445,1.452323870164455,1.4405717849731445,1.452323870164455,9000
2010-12-21,1.4405717849731445,1.440950945723295,1.4405717849731445,1.4405717849731445,319000
2010-12-22,1.4291990995407104,1.4291990995407104,1.4291990995407104,1.4291990995407104,8000
2010-12-23,1.4405717849731445,1.4652131664543093,1.4026620368359444,1.4254078857182644,231000
2010-12-27,1.448154091835022,1.448154091835022,1.448154091835022,1.448154091835022,10000
2010-12-28,1.421617031097412,1.421617031097412,1.421617031097412,1.421617031097412,10000
2010-12-29,1.4405717849731445,1.4595266590417446,1.3837071627673443,1.4405717849731445,1280000
2010-12-30,1.4405717849731445,1.4746906486805937,1.4026620368359444,1.4746906486805937,993000
2011-01-03,1.4595271348953247,1.4629390404552562,1.4481542067462183,1.4481542067462183,14000
2011-01-04,1.4595271348953247,1.4595271348953247,1.4595271348953247,1.4595271348953247,0
2011-01-05,1.4701417684555054,1.4701417684555054,1.4595269823950379,1.4595269823950379,96000
2011-01-06,1.4762070178985596,1.4762070178985596,1.4762070178985596,1.4762070178985596,4000
2011-01-07,1.469004511833191,1.469004511833191,1.4405721483660727,1.4405721483660727,8000
2011-01-10,1.4595271348953247,1.4595271348953247,1.412898120445588,1.4333693730371802,44000
2011-01-11,1.4633175134658813,1.4633175134658813,1.4629384431308867,1.4629384431308867,17000
2011-01-12,1.499332308769226,1.499332308769226,1.4595270182369464,1.46331799398364,839000
2011-01-13,1.535346269607544,1.535346269607544,1.4993318748605808,1.4993318748605808,290000
2011-01-14,1.5543015003204346,1.5543015003204346,1.527764760511167,1.527764760511167,68000
2011-01-17,1.5467191934585571,1.5467191934585571,1.5467191934585571,1.5467191934585571,320000
2011-01-18,1.5543015003204346,1.5543015003204346,1.5353467119949553,1.5353467119949553,60000
2011-01-19,1.5258694887161255,1.5922115303667315,1.5258694887161255,1.554301766456669,86000
2011-01-20,1.5543015003204346,1.5899366542174407,1.5258692274482244,1.5543015003204346,306000
2011-01-21,1.5543015003204346,1.5918321872803833,1.5543015003204346,1.565295447471116,86000
2011-01-24,1.5543015003204346,1.5922112577393754,1.5167708133604858,1.517149883819478,182000
2011-01-26,1.5277644395828247,1.5395163444148554,1.5277644395828247,1.53686267099137,78000
2011-01-27,1.5448237657546997,1.5467192985108635,1.523973447740757,1.5376210666635928,13000
2011-01-28,1.5144959688186646,1.5520266498059065,1.4784817501940404,1.5175287127759465,338000
2011-01-31,1.478481650352478,1.5220778163102437,1.478481650352478,1.5220778163102437,612000
2011-02-01,1.4705203771591187,1.4705203771591187,1.3492091039519956,1.3492091039519956,20
2011-02-02,1.4405717849731445,1.4727951160817492,1.4405717849731445,1.4485328953507348,406000
2011-02-03,1.4329900741577148,1.4405720250487093,1.4310946316269584,1.4405720250487093,527000
2011-02-04,1.4405717849731445,1.4595266590417446,1.4216169109045445,1.4405717849731445,125000
2011-02-07,1.421617031097412,1.4329899565001143,1.421617031097412,1.4326108861018838,90000
2011-02-08,1.4049367904663086,1.4235125961607957,1.4049367904663086,1.4235125961607957,600
2011-02-09,1.425408124923706,1.425408124923706,1.425408124923706,1.425408124923706,43000
2011-02-10,1.406453013420105,1.4159304052743507,1.406453013420105,1.4159304052743507,21000
2011-02-11,1.406453013420105,1.421237842327415,1.374608752637596,1.404936641569502,135000
2011-02-14,1.406453013420105,1.406453013420105,1.406453013420105,1.406453013420105,0
2011-02-15,1.4212380647659302,1.4212380647659302,1.3833282202637558,1.383707381073726,25000
2011-02-16,1.4246495962142944,1.4250287569489053,1.389772593203877,1.389772593203877,117000
2011-02-17,1.4405717849731445,1.4557356842280247,1.3958382279408668,1.4257869560844458,108000
2011-02-18,1.4443628787994385,1.4443628787994385,1.441330134852158,1.441330134852158,44000
2011-02-21,1.4496701955795288,1.4496701955795288,1.4481538236376033,1.4481538236376033,2000
2011-02-22,1.421617031097412,1.4557358073055184,1.3806744454172986,1.4557358073055184,35000
2011-02-23,1.4310946464538574,1.4405720399737993,1.3950803341565143,1.3950803341565143,127000
2011-02-24,1.4310946464538574,1.4310946464538574,1.4310946464538574,1.4310946464538574,0
2011-02-25,1.4178259372711182,1.4178259372711182,1.4178259372711182,1.4178259372711182,1000
2011-02-28,1.4401930570602417,1.4401930570602417,1.4178262732256641,1.4178262732256641,415000
2011-03-01,1.4405717849731445,1.4443627597868645,1.4037993383184573,1.4401927146069633,104000
2011-03-02,1.4159305095672607,1.4405718928944493,1.412518695248093,1.44019282249987,128000
2011-03-03,1.4102442264556885,1.4329900792088486,1.4102442264556885,1.4326110087781578,83000
2011-03-04,1.4102442264556885,1.4102442264556885,1.4102442264556885,1.4102442264556885,0
2011-03-09,1.4102442264556885,1.4102442264556885,1.4102442264556885,1.4102442264556885,0
2011-03-10,1.427303671836853,1.4329900898754784,1.427303671836853,1.4291991143883997,543000
2011-03-11,1.4557360410690308,1.4557360410690308,1.4273037681885818,1.4273037681885818,43000
2011-03-14,1.4557360410690308,1.4557360410690308,1.4557360410690308,1.4557360410690308,0
2011-03-15,1.4557360410690308,1.4557360410690308,1.4557360410690308,1.4557360410690308,0
2011-03-16,1.4367810487747192,1.4367810487747192,1.4367810487747192,1.4367810487747192,5000
2011-03-17,1.4405717849731445,1.4405717849731445,1.4405717849731445,1.4405717849731445,30000
2011-03-18,1.4398136138916016,1.4398136138916016,1.4367807798741719,1.4367807798741719,51000
2011-03-21,1.4405717849731445,1.4405717849731445,1.4405717849731445,1.4405717849731445,50000
2011-03-22,1.4557360410690308,1.4557360410690308,1.4557360410690308,1.4557360410690308,50000
2011-03-23,1.478481650352478,1.478481650352478,1.4216169367297016,1.4595266855555722,163000
2011-03-24,1.6301212310791016,1.6301212310791016,1.6301212310791016,1.6301212310791016,410
2011-03-25,1.4633175134658813,1.4633175134658813,1.4405716664549,1.4405716664549,1000
2011-03-28,1.4367810487747192,1.4591478310054509,1.403041340214054,1.4591478310054509,866000
2011-03-29,1.4189634323120117,1.4557358840133539,1.4189634323120117,1.4405719826773784,904000
2011-03-30,1.4841686487197876,1.4962998092485027,1.4557362807736143,1.4557362807736143,904000
2011-03-31,1.497057318687439,1.497057318687439,1.486063555129534,1.4966782483258472,613000
2011-04-01,1.5239735841751099,1.5239735841751099,1.4970575950853688,1.4970575950853688,14000
2011-04-04,1.5163915157318115,1.5345881604132785,1.5163915157318115,1.5345881604132785,2000
2011-04-05,1.5163915157318115,1.5163915157318115,1.5163915157318115,1.5163915157318115,0
2011-04-06,1.5349674224853516,1.5349674224853516,1.5163917050821494,1.5163917050821494,457000
2011-04-07,1.5144959688186646,1.5144959688186646,1.5144959688186646,1.5144959688186646,61000
2011-04-08,1.5050183534622192,1.5156330461259957,1.4796188328304998,1.4796188328304998,9000
2011-04-11,1.4841686487197876,1.4974371111970701,1.4784822293609565,1.4974371111970701,44000
2011-04-12,1.478481650352478,1.516012328805281,1.478481650352478,1.516012328805281,22000
2011-04-13,1.469004511833191,1.5345884016928721,1.455736051446138,1.4974368753003091,1336000
2011-04-14,1.469004511833191,1.469004511833191,1.469004511833191,1.469004511833191,62000
2011-04-15,1.4595271348953247,1.4690046202115796,1.4595271348953247,1.4595271348953247,343000
2011-04-18,1.472036600112915,1.5330714364557574,1.4591473063172566,1.4591473063172566,330000
2011-04-19,1.4709001779556274,1.4784821301814606,1.4697628760833525,1.478102969301369,13000
2011-04-20,1.4709001779556274,1.4709001779556274,1.4709001779556274,1.4709001779556274,11000
2011-04-25,1.488338589668274,1.488338589668274,1.454598786951345,1.454598786951345,124000
2011-04-26,1.488338589668274,1.488338589668274,1.455736088749893,1.4674881772068893,260000
2011-04-27,1.4671084880828857,1.478102341254245,1.4568728659655368,1.4568728659655368,65000
2011-04-28,1.4709001779556274,1.4709001779556274,1.459148088736786,1.4705210170755358,46000
2011-04-29,1.4949264526367188,1.4949264526367188,1.4949264526367188,1.4949264526367188,16000
2011-05-02,1.4949264526367188,1.5026322515174961,1.483367662455184,1.5026322515174961,17000
2011-05-03,1.50263249874115,1.541161499484099,1.4849091400273167,1.541161499484099,14000
2011-05-04,1.498779535293579,1.498779535293579,1.4910736436104357,1.4983941810001749,20000
2011-05-05,1.4949264526367188,1.5022468972711993,1.4641031652532404,1.4641031652532404,101000
2011-05-06,1.5060995817184448,1.5411610259232789,1.5026320370193391,1.5218965314713089,27000
2011-05-09,1.5172734260559082,1.5446289880116115,1.5172734260559082,1.5322997633469642,4000
2011-05-10,1.5172734260559082,1.5172734260559082,1.5172734260559082,1.5172734260559082,0
2011-05-11,1.5180442333221436,1.521511779393474,1.4768181162060452,1.521511779393474,81000
2011-05-12,1.5411611795425415,1.5411611795425415,1.5215113289406332,1.5215113289406332,14000
2011-05-13,1.5392346382141113,1.5411611337242404,1.5392346382141113,1.5411611337242404,3000
2011-05-16,1.5392346382141113,1.5392346382141113,1.5392346382141113,1.5392346382141113,0
2011-05-17,1.50263249874115,1.5369233369604898,1.50263249874115,1.5369233369604898,150000
2011-05-18,1.5022470951080322,1.5215115948469937,1.5022470951080322,1.5215115948469937,7000
2011-05-19,1.50263249874115,1.50263249874115,1.5018618819821374,1.5018618819821374,7000
2011-05-20,1.50263249874115,1.50263249874115,1.498779598666855,1.498779598666855,19000
2011-05-23,1.4949264526367188,1.4949264526367188,1.4949264526367188,1.4949264526367188,65000
2011-05-24,1.4795145988464355,1.4825969731729445,1.4563972047692315,1.4571678213159482,158000
2011-05-25,1.4822115898132324,1.4872203676174696,1.4756616708062356,1.4756616708062356,535000
2011-05-26,1.481441617012024,1.5311440593737042,1.473350461927775,1.5257500172244653,26000
2011-05-27,1.456397533416748,1.490688369927371,1.456397533416748,1.490688369927371,108000
2011-05-30,1.4641032218933105,1.4641032218933105,1.4563974227144276,1.4563974227144276,6000
2011-05-31,1.481441617012024,1.4829827587888935,1.4398302378742018,1.4829827587888935,38000
2011-06-01,1.4641032218933105,1.4814413159759827,1.4332800251777793,1.4814413159759827,201000
2011-06-02,1.463718056678772,1.463718056678772,1.4448388198788753,1.4486917197241371,78000
2011-06-03,1.4718090295791626,1.4718090295791626,1.4506181276449388,1.4641032303557406,471000
2011-06-06,1.4448386430740356,1.4679560393167321,1.4332799449526874,1.4679560393167321,99000
2011-06-07,1.4409860372543335,1.4714239760660683,1.4255744366195897,1.4714239760660683,35000
2011-06-08,1.4236476421356201,1.4425268765131767,1.4140154396885347,1.427115279109547,287000
2011-06-09,1.4236476421356201,1.4236476421356201,1.4236476421356201,1.4236476421356201,13000
2011-06-10,1.4236476421356201,1.4236476421356201,1.4232623797586395,1.4232623797586395,10000
2011-06-13,1.4236476421356201,1.4236476421356201,1.4236476421356201,1.4236476421356201,0
2011-06-14,1.4255743026733398,1.4255743026733398,1.4255743026733398,1.4255743026733398,15000
2011-06-15,1.442526936531067,1.4506180898068701,1.4255741970538103,1.4444534322168576,1061000
2011-06-16,1.4251891374588013,1.454856552503212,1.4251891374588013,1.4425272347740963,597000
2011-06-17,1.463718056678772,1.463718056678772,1.425574320652566,1.425574320652566,17000
2011-06-20,1.4795145988464355,1.502632084783998,1.463717740451787,1.463717740451787,20000
2011-06-21,1.481441617012024,1.481441617012024,1.481441617012024,1.481441617012024,6000
2011-06-22,1.50263249874115,1.50263249874115,1.4675710437627978,1.471809206286407,25000
2011-06-24,1.5018621683120728,1.5018621683120728,1.4741212457441906,1.4741212457441906,70000
2011-06-27,1.4872210025787354,1.4872210025787354,1.4775887970537984,1.4822122226360257,84000
2011-06-28,1.4872210025787354,1.4872210025787354,1.4833681019966813,1.4872210025787354,33000
2011-06-29,1.4945412874221802,1.4945412874221802,1.4945412874221802,1.4945412874221802,1000
2011-06-30,1.4641032218933105,1.4926147523434745,1.4641032218933105,1.474506041598765,350000
2011-07-01,1.4822115898132324,1.4945409031560248,1.4633324493237998,1.4945409031560248,45000
2011-07-04,1.4752767086029053,1.476432587705218,1.4490769353844437,1.4590944930309033,35000
2011-07-05,1.4795145988464355,1.4795145988464355,1.464873619341683,1.4652588816848622,22000
2011-07-06,1.4752767086029053,1.5003206027190543,1.4448387732495476,1.465644413370425,338000
2011-07-07,1.4448386430740356,1.4641031399429494,1.4063096493362082,1.4571679578142873,970000
2011-07-08,1.4614061117172241,1.4633326073239508,1.4290417755233713,1.4336651996308551,643000
2011-07-11,1.4614061117172241,1.4614061117172241,1.4614061117172241,1.4614061117172241,0
2011-07-12,1.4602504968643188,1.4637181344674541,1.4255743964141152,1.4255743964141152,19000
2011-07-13,1.4633328914642334,1.500320750807994,1.4633328914642334,1.500320750807994,18000
2011-07-14,1.483368158340454,1.483368158340454,1.40631014377243,1.4263451724438767,670000
2011-07-15,1.456397533416748,1.4829825701627621,1.456397533416748,1.4829825701627621,30000
2011-07-18,1.3639278411865234,1.4294272308926672,1.3569926581587706,1.414015631399546,327000
2011-07-19,1.3712483644485474,1.3866599637836994,1.348516227871085,1.3866599637836994,26000
2011-07-20,1.3677808046340942,1.3712484422393354,1.348516304372281,1.3712484422393354,50000
2011-07-21,1.4063094854354858,1.4063094854354858,1.3858890200879712,1.3862743742826948,28000
2011-07-22,1.4059242010116577,1.4059242010116577,1.4059242010116577,1.4059242010116577,1000
2011-07-25,1.3966774940490723,1.3966774940490723,1.3966774940490723,1.3966774940490723,400
2011-07-26,1.379339337348938,1.379339337348938,1.379339337348938,1.379339337348938,24000
2011-07-27,1.379339337348938,1.379339337348938,1.379339337348938,1.379339337348938,0
2011-07-28,1.3485162258148193,1.3485162258148193,1.3408104261589933,1.3408104261589933,28000
2011-07-29,1.3485162258148193,1.3485162258148193,1.3099872275356899,1.3099872275356899,32000
2011-08-01,1.3670099973678589,1.3793392198724435,1.3408102273074338,1.3793392198724435,3000
2011-08-02,1.3670099973678589,1.3670099973678589,1.3670099973678589,1.3670099973678589,0
2011-08-03,1.3485162258148193,1.3766424037446214,1.3284811099655207,1.3284811099655207,52000
2011-08-04,1.3369578123092651,1.3369578123092651,1.3099875077448677,1.3099875077448677,36000
2011-08-05,1.34427809715271,1.3446633595870148,1.3099872602693208,1.3446633595870148,55000
2011-08-08,1.290722370147705,1.328866098129795,1.2714578749840775,1.3099869571716913,21000
2011-08-09,1.3331047296524048,1.3331047296524048,1.3331047296524048,1.3331047296524048,1000
2011-08-10,1.3331047296524048,1.3331047296524048,1.3331047296524048,1.3331047296524048,0
2011-08-11,1.34427809715271,1.3523691594353913,1.2753110690912464,1.3523691594353913,111000
2011-08-12,1.3481310606002808,1.3481310606002808,1.2676053289719131,1.3481310606002808,94000
2011-08-15,1.3438924551010132,1.352368869863392,1.326939717436616,1.352368869863392,78000
2011-08-16,1.329251766204834,1.3415810827649584,1.3042078706484501,1.3042078706484501,29000
2011-08-17,1.3253990411758423,1.3523693443325644,1.309987439372001,1.3519840818455862,52000
2011-08-18,1.3138400316238403,1.3292516298124462,1.309987132076689,1.3292516298124462,22000
2011-08-19,1.2964081764221191,1.2964081764221191,1.2964081764221191,1.2964081764221191,1000
2011-08-22,1.2964081764221191,1.2964081764221191,1.2964081764221191,1.2964081764221191,0
2011-08-23,1.281815767288208,1.2936479015483937,1.278266098800119,1.281815767288208,45000
2011-08-24,1.2751106023788452,1.281815467488091,1.2467134491827503,1.281815467488091,23000
2011-08-25,1.242375135421753,1.2739274887674585,1.242375135421753,1.2739274887674585,3223000
2011-08-26,1.2522351741790771,1.260912108791739,1.2068786201206179,1.2068786201206179,38000
2011-08-29,1.3173118829727173,1.3173118829727173,1.2155554940919273,1.2159498702712828,24000
2011-08-30,1.2384312152862549,1.2778716609184695,1.2372479925139446,1.2778716609184695,259000
2011-08-31,1.3212556838989258,1.3212556838989258,1.2423748205279024,1.2423748205279024,25000
2011-09-01,1.285759687423706,1.3015358649082343,1.2743219305373927,1.3015358649082343,120000
2011-09-02,1.285759687423706,1.285759687423706,1.285759687423706,1.285759687423706,0
2011-09-05,1.285759687423706,1.285759687423706,1.285759687423706,1.285759687423706,0
2011-09-06,1.301535725593567,1.301535725593567,1.2549959505757036,1.2699833740018325,121000
2011-09-08,1.3003522157669067,1.3003522157669067,1.2648558280671072,1.2897033088603074,40000
2011-09-09,1.3003522157669067,1.3003522157669067,1.2620950073160189,1.2743215126470395,40000
2011-09-12,1.3212556838989258,1.3212556838989258,1.2624894124774915,1.30153546805617,99000
2011-09-13,1.281815767288208,1.2971975700364826,1.2747165243454746,1.2912814558896677,69000
2011-09-14,1.281815767288208,1.3054800358085792,1.2684060339333534,1.3054800358085792,19000
2011-09-15,1.281815767288208,1.281815767288208,1.281815767288208,1.281815767288208,3000
2011-09-16,1.3011415004730225,1.305479921110555,1.3011415004730225,1.305479921110555,4000
2011-09-19,1.2975916862487793,1.2995637552469728,1.262095290582128,1.262095290582128,14000
2011-09-20,1.2739274501800537,1.2975917144725397,1.2739274501800537,1.2975917144725397,40000
2011-09-21,1.3173118829727173,1.3173118829727173,1.2857595318221016,1.2857595318221016,9000
2011-09-22,1.2620952129364014,1.2620952129364014,1.2620952129364014,1.2620952129364014,2000
2011-09-23,1.2885205745697021,1.2885205745697021,1.2885205745697021,1.2885205745697021,5000
2011-09-26,1.2719553709030151,1.2719553709030151,1.2620953078772077,1.2719553709030151,2191000
2011-09-27,1.2617008686065674,1.2719554021090582,1.2581512947275737,1.2719554021090582,37000
2011-09-28,1.271560788154602,1.271955164282211,1.2384308426001607,1.271560788154602,29000
2011-09-29,1.271560788154602,1.271560788154602,1.271560788154602,1.271560788154602,0
2011-09-30,1.183214545249939,1.2530242214741065,1.183214545249939,1.2344872206801558,754000
2011-10-03,1.2301486730575562,1.237248009790552,1.1832145138898125,1.1832145138898125,24000
2011-10-04,1.183214545249939,1.183214545249939,1.183214545249939,1.183214545249939,719000
2011-10-05,1.202146053314209,1.2183166089651343,1.1985963847444523,1.2183166089651343,10000
2011-10-06,1.1816368103027344,1.2021458781166856,1.1772982957830553,1.2021458781166856,403000
2011-10-07,1.1792701482772827,1.1832141918220196,1.1713820611878092,1.1832141918220196,8000
2011-10-10,1.183214545249939,1.183214545249939,1.1733543864261453,1.183214545249939,18000
2011-10-11,1.1705933809280396,1.182819983474603,1.1623109165191512,1.173354202397669,590000
2011-10-13,1.1327306032180786,1.1749319621665368,1.1327306032180786,1.1717766702834207,88000
2011-10-14,1.183214545249939,1.183214545249939,1.1240537803740644,1.1449573208418447,648000
2011-10-17,1.183214545249939,1.183214545249939,1.183214545249939,1.183214545249939,0
2011-10-18,1.16862154006958,1.1792704509703718,1.1437740499565863,1.1792704509703718,137000
2011-10-19,1.183214545249939,1.1982019716167542,1.1682271188831237,1.1682271188831237,186000
2011-10-20,1.183214545249939,1.183214545249939,1.183214545249939,1.183214545249939,18000
2011-10-21,1.1741429567337036,1.1832142668652714,1.1741429567337036,1.1832142668652714,7000
2011-10-24,1.183214545249939,1.183214545249939,1.1741432329840884,1.1741432329840884,21000
2011-10-25,1.183214545249939,1.183214545249939,1.183214545249939,1.183214545249939,0
2011-10-26,1.2029346227645874,1.2029346227645874,1.1638885565407948,1.1642829327551467,548000
2011-10-27,1.183214545249939,1.1836089215121888,1.1733543864261453,1.183214545249939,548000
2011-10-28,1.183214545249939,1.1836089215121888,1.1733543864261453,1.183214545249939,219000
2011-10-31,1.182820439338684,1.1832148156910745,1.182820439338684,1.1832148156910745,13000
2011-11-01,1.1792701482772827,1.1792701482772827,1.1788757721328336,1.1788757721328336,21000
2011-11-03,1.169409990310669,1.1816365911009123,1.169409990310669,1.1717764352399687,39000
2011-11-04,1.182820439338684,1.182820439338684,1.182820439338684,1.182820439338684,2000
2011-11-07,1.1595499515533447,1.1753261260180023,1.1556059079371803,1.1753261260180023,44000
2011-11-08,1.1634942293167114,1.1634942293167114,1.1634942293167114,1.1634942293167114,2000
2011-11-09,1.1248421669006348,1.1299694323467373,1.1248421669006348,1.1299694323467373,10000
2011-11-10,1.1394354104995728,1.1394354104995728,1.1169543683862857,1.1169543683862857,22000
2011-11-11,1.1627050638198853,1.1627050638198853,1.150872933836517,1.150872933836517,9000
2011-11-14,1.1358857154846191,1.1358857154846191,1.1358857154846191,1.1358857154846191,5000
2011-11-16,1.1437740325927734,1.1437740325927734,1.1437740325927734,1.1437740325927734,1000
2011-11-17,1.1279972791671753,1.1437735444565145,1.1279972791671753,1.1437735444565145,7000
2011-11-18,1.1437740325927734,1.1437740325927734,1.1201096715760626,1.1279977605704867,10000
2011-11-21,1.1279972791671753,1.1279972791671753,1.1248420825293461,1.1248420825293461,14000
2011-11-22,1.1279972791671753,1.1279972791671753,1.1279972791671753,1.1279972791671753,0
2011-11-23,1.1437740325927734,1.1437740325927734,1.1433795623196454,1.1433795623196454,22000
2011-11-24,1.1634942293167114,1.1634942293167114,1.1437740072672966,1.1437740072672966,16000
2011-11-25,1.1753262281417847,1.1753262281417847,1.1753262281417847,1.1753262281417847,3000
2011-11-28,1.1634942293167114,1.1820312286398178,1.1634942293167114,1.1733542933247008,250000
2011-11-29,1.1240535974502563,1.1634941322935985,1.1240535974502563,1.1477179559696329,475000
2011-11-30,1.165071964263916,1.1753264997332324,1.1268147384259213,1.1567894982464435,810000
2011-12-01,1.1753262281417847,1.1828199398736488,1.1753262281417847,1.1828199398736488,2000
2011-12-02,1.1244481801986694,1.1792704266202179,1.1244481801986694,1.163494248717623,53000
2011-12-05,1.126420259475708,1.1437741319984205,1.126420259475708,1.1437741319984205,160000
2011-12-06,1.1279972791671753,1.1556056728984705,1.1279972791671753,1.1552112027936932,349000
2011-12-07,1.1240535974502563,1.131941685612239,1.1240535974502563,1.131941685612239,35000
2011-12-08,1.1240535974502563,1.1240535974502563,1.1240535974502563,1.1240535974502563,21000
2011-12-09,1.130364179611206,1.143379535550632,1.130364179611206,1.143379535550632,75000
2011-12-12,1.1240535974502563,1.1279976415312478,1.1240535974502563,1.1279976415312478,16000
2011-12-13,1.1709879636764526,1.1709879636764526,1.1437740285322695,1.1437740285322695,76000
2011-12-14,1.1792701482772827,1.1820309693552569,1.1437737563746517,1.17098768504336,206000
2011-12-15,1.1753262281417847,1.1832143160595072,1.1753262281417847,1.1788758959147874,135000
2011-12-16,1.1520564556121826,1.1832144342084707,1.1520564556121826,1.1674382567977073,134000
2011-12-19,1.1437740325927734,1.159550210581622,1.1437740325927734,1.15560616608441,71000
2011-12-20,1.1796643733978271,1.1911021264232955,1.1556057390650105,1.1556057390650105,536000
2011-12-21,1.1871587038040161,1.1871587038040161,1.1741433455673536,1.1753265685010004,158000
2011-12-22,1.2029346227645874,1.2183164235254933,1.1832144015455153,1.2025402465502355,131000
2011-12-23,1.2147666215896606,1.238430978477406,1.2147666215896606,1.2183162892278356,84000
2011-12-26,1.2147666215896606,1.2147666215896606,1.2147666215896606,1.2147666215896606,19000
2011-12-27,1.2502633333206177,1.2502633333206177,1.2033291753959414,1.2147668386626578,100000
2011-12-28,1.2699834108352661,1.2699834108352661,1.2423751023917726,1.2502631905184851,293000
2011-12-29,1.3023250102996826,1.309424254183733,1.2660397561438634,1.2699838014202152,1395000
2012-01-02,1.2778716087341309,1.2944366328365724,1.2770827622403247,1.2770827622403247,9000
2012-01-03,1.2530238628387451,1.2758992780704665,1.2530238628387451,1.2660392161022231,41000
2012-01-04,1.2530238628387451,1.2530238628387451,1.2530238628387451,1.2530238628387451,0
2012-01-05,1.2542073726654053,1.2577569468898213,1.2542073726654053,1.2577569468898213,9000
2012-01-06,1.2542073726654053,1.2542073726654053,1.2463192836702435,1.2542073726654053,47000
2012-01-09,1.2565736770629883,1.2814211640108288,1.2565736770629883,1.2565736770629883,4000
2012-01-10,1.2703777551651,1.281815510871954,1.2703777551651,1.281815510871954,68000
2012-01-11,1.2463191747665405,1.2565737083708943,1.2463191747665405,1.2565737083708943,10000
2012-01-12,1.285759687423706,1.285759687423706,1.285759687423706,1.285759687423706,7000
2012-01-13,1.2344869375228882,1.2534183102367538,1.2344869375228882,1.2534183102367538,102000
2012-01-16,1.2585456371307373,1.2585456371307373,1.2423750849085637,1.2423750849085637,11000
2012-01-17,1.2581512928009033,1.2581512928009033,1.2344870281545146,1.254207248693172,33000
2012-01-18,1.2427695989608765,1.2609122222162679,1.2364591090415964,1.2609122222162679,42000
2012-01-19,1.2502633333206177,1.2502633333206177,1.2404031750193092,1.2404031750193092,13000
2012-01-20,1.2660393714904785,1.2660393714904785,1.2423751070221438,1.254207239256311,43000
2012-01-23,1.2617008686065674,1.2699834270688872,1.2585456709289222,1.2699834270688872,20000
2012-01-24,1.2617008686065674,1.2617008686065674,1.2617008686065674,1.2617008686065674,0
2012-01-26,1.2609120607376099,1.2609120607376099,1.2609120607376099,1.2609120607376099,478000
2012-01-27,1.2609120607376099,1.2609120607376099,1.2609120607376099,1.2609120607376099,0
2012-01-30,1.2680116891860962,1.2680116891860962,1.262095668486954,1.262095668486954,9000
2012-01-31,1.3011415004730225,1.3086352130561172,1.2620954326349214,1.2620954326349214,379000
2012-02-01,1.3011415004730225,1.309029589286774,1.3011415004730225,1.309029589286774,43000
2012-02-02,1.301535725593567,1.301535725593567,1.3007469732238286,1.301535725593567,80000
2012-02-03,1.281815767288208,1.281815767288208,1.281815767288208,1.281815767288208,1441000
2012-02-06,1.320467472076416,1.320467472076416,1.3011416244315388,1.3015360006997674,38000
2012-02-07,1.320467472076416,1.320467472076416,1.320467472076416,1.320467472076416,4000
2012-02-08,1.2991693019866943,1.320861591082866,1.2991693019866943,1.320861591082866,22000
2012-02-09,1.2735333442687988,1.3208618828983663,1.2735333442687988,1.307452149093345,78000
2012-02-10,1.2900980710983276,1.2975917833990334,1.2897036948825322,1.2975917833990334,21000
2012-02-13,1.305479884147644,1.305479884147644,1.3007470874134575,1.3007470874134575,303000
2012-02-14,1.3110015392303467,1.3110015392303467,1.273927541326256,1.273927541326256,2000
2012-02-15,1.3003522157669067,1.3133675673268403,1.3003522157669067,1.3110011226735063,49000
2012-02-16,1.3011415004730225,1.3015358767036793,1.2916758127032077,1.3011415004730225,79000
2012-02-17,1.2916758060455322,1.301535869995182,1.2916758060455322,1.301535869995182,75000
2012-02-23,1.281815767288208,1.2837878366816278,1.271955608387998,1.281815767288208,349000
2012-02-24,1.281815767288208,1.291675926188418,1.281815767288208,1.281815767288208,429000
2012-02-27,1.3208616971969604,1.32125607342006,1.300352629060828,1.300747099317362,168000
2012-02-28,1.380416989326477,1.380416989326477,1.3173121788195121,1.3204674710632551,273000
2012-02-29,1.3685846328735352,1.3764727211525296,1.360696544594541,1.3721343008091116,532000
2012-03-01,1.4001368284225464,1.4001368284225464,1.3606963914660766,1.3610907676256154,418000
2012-03-02,1.4261679649353027,1.4261679649353027,1.4001372499014055,1.4194630980376999,123000
2012-03-05,1.4040809869766235,1.4080250309949063,1.4040809869766235,1.4080250309949063,140000
2012-03-06,1.380416989326477,1.387121856048444,1.36582403304532,1.387121856048444,39000
2012-03-07,1.4159132242202759,1.4159132242202759,1.392248958352551,1.400137046975126,912000
2012-03-08,1.4021092653274536,1.4316896478260852,1.400137195945271,1.400531666241774,493000
2012-03-09,1.4119690656661987,1.4119690656661987,1.3508363367707912,1.3835719113091767,978000
2012-03-12,1.4115747213363647,1.4119690975344554,1.3922488771284993,1.411180345138274,529000
2012-03-13,1.45929753780365,1.45929753780365,1.3863326844218216,1.3863326844218216,1718000
2012-03-14,1.40053129196167,1.4328723936922731,1.3965871542513422,1.4159129964782222,374000
2012-03-15,1.4080249071121216,1.4190682858117354,1.4001368197695767,1.4186738156212153,176000
2012-03-16,1.384755253791809,1.4115748116804814,1.384755253791809,1.4013202776063842,14000
2012-03-19,1.380416989326477,1.3969820150141539,1.380416989326477,1.385938633211221,38000
2012-03-20,1.3883044719696045,1.3942205835694113,1.3725282997479915,1.3812052320832402,66000
2012-03-21,1.4198569059371948,1.4198569059371948,1.3764724295922948,1.3985590909018348,76000
2012-03-22,1.4159132242202759,1.4202517387860958,1.3918545821314523,1.4202517387860958,76000
2012-03-23,1.4277453422546387,1.4356335248283287,1.3902769687051326,1.4198572537143812,292000
2012-03-26,1.45417058467865,1.4553538074128156,1.4072364276793394,1.4135469175837452,77000
2012-03-27,1.380416989326477,1.411574971295311,1.376472944546882,1.411574971295311,494000
2012-03-28,1.3685846328735352,1.3839664332276032,1.3685846328735352,1.3808111414959476,111000
2012-03-29,1.380416989326477,1.380416989326477,1.380416989326477,1.380416989326477,1000
2012-03-30,1.380416989326477,1.380416989326477,1.3614855179643541,1.374500875140362,215000
2012-04-02,1.4159132242202759,1.439183113866902,1.3610909800833497,1.3800224491975899,2148000
2012-04-03,1.3922489881515503,1.4044755916016372,1.388699319985386,1.4044755916016372,58000
2012-04-04,1.380416989326477,1.386727479780518,1.380416989326477,1.380416989326477,186000
2012-04-05,1.3725287914276123,1.398953879961707,1.3725287914276123,1.3957986820004624,35000
2012-04-09,1.3725287914276123,1.3725287914276123,1.3725287914276123,1.3725287914276123,20000
2012-04-10,1.3922489881515503,1.3922489881515503,1.3725287661730312,1.3725287661730312,144000
2012-04-11,1.380416989326477,1.415913392342832,1.380416989326477,1.4155190160749058,30000
2012-04-12,1.4040809869766235,1.4218292320756092,1.3922488549217753,1.3922488549217753,26000
2012-04-13,1.3918546438217163,1.419857331462972,1.3808112628405826,1.419857331462972,1067000
2012-04-16,1.399742603302002,1.4017145783459015,1.3961929353828677,1.3961929353828677,12000
2012-04-17,1.4040809869766235,1.411969075013189,1.4001369429583408,1.4001369429583408,15000
2012-04-18,1.45929753780365,1.45929753780365,1.4127577670534153,1.413940989532948,138000
2012-04-19,1.4553536176681519,1.4671857494337355,1.4356333980588458,1.4671857494337355,70000
2012-04-20,1.4553536176681519,1.4553536176681519,1.4553536176681519,1.4553536176681519,0
2012-04-23,1.458903431892395,1.458903431892395,1.4198573624187225,1.420251832699339,14000
2012-04-24,1.4928220510482788,1.4928220510482788,1.4514095437090644,1.4514095437090644,76000
2012-04-25,1.5322625637054443,1.5322625637054443,1.479017922265233,1.479017922265233,10000
2012-04-26,1.5263465642929077,1.5263465642929077,1.4884837199658143,1.4884837199658143,33000
2012-04-27,1.5375994443893433,1.541614060599916,1.525957124379883,1.541614060599916,12000
2012-04-30,1.5657018423080444,1.5657018423080444,1.49343865532195,1.49343865532195,74000
2012-05-02,1.5556654930114746,1.5556654930114746,1.5552640600464305,1.5556654930114746,74000
2012-05-03,1.5227454900741577,1.5653004442937681,1.519533835147247,1.5653004442937681,34000
2012-05-04,1.5255557298660278,1.5255557298660278,1.5251542969244816,1.5251542969244816,36000
2012-05-07,1.5038764476776123,1.5255553526163455,1.4898252453220724,1.4898252453220724,32000
2012-05-08,1.465336799621582,1.490628899035517,1.4520885525135194,1.490628899035517,1464000
2012-05-09,1.5195339918136597,1.5195339918136597,1.4805921214428521,1.4805921214428521,19000
2012-05-10,1.545628547668457,1.545628547668457,1.5215408524176222,1.5215408524176222,15000
2012-05-11,1.5343879461288452,1.5552639908384098,1.5343879461288452,1.5552639908384098,183000
2012-05-14,1.465336799621582,1.5355926525971855,1.465336799621582,1.5355926525971855,121000
2012-05-15,1.4452632665634155,1.4749715049595291,1.4332194171755879,1.4336209458230533,92000
2012-05-16,1.4854097366333008,1.487818525994169,1.4328181865464156,1.487818525994169,173000
2012-05-17,1.4793875217437744,1.4858109270855608,1.445263234705787,1.4854094941629505,157000
2012-05-18,1.4452632665634155,1.4733656775176867,1.4452632665634155,1.44606622814234,31000
2012-05-21,1.4452632665634155,1.4500808446049493,1.4452632665634155,1.445664795210881,45000
2012-05-22,1.4601175785064697,1.4601175785064697,1.4597160498191608,1.4601175785064697,54000
2012-05-23,1.4854097366333008,1.5054828217805034,1.4195699407776599,1.465336651486098,457000
2012-05-24,1.4452632665634155,1.4665408391028516,1.437234033638197,1.4653364445924684,63000
2012-05-25,1.4251900911331177,1.4360295453023475,1.4251900911331177,1.429204707333425,55000
2012-05-28,1.4854097366333008,1.4854097366333008,1.4452634706228753,1.4452634706228753,3000
2012-05-29,1.4613218307495117,1.4613218307495117,1.4440588746417382,1.4460662307346446,58000
2012-05-30,1.4251900911331177,1.4456647007558854,1.4251900911331177,1.429606235954656,86000
2012-05-31,1.4251900911331177,1.4649348202309607,1.4251900911331177,1.430810534670348,125000
2012-06-01,1.4452632665634155,1.4649349159450027,1.4251901842503694,1.4649349159450027,39000
2012-06-04,1.4850080013275146,1.4850080013275146,1.4452632695507301,1.4452632695507301,10000
2012-06-05,1.4825993776321411,1.4854095997221275,1.4825993776321411,1.484606638103841,167000
2012-06-06,1.4745700359344482,1.4745700359344482,1.4404457489795397,1.4404457489795397,6000
2012-06-08,1.5155192613601685,1.5155192613601685,1.485409588778415,1.485409588778415,71000
2012-06-11,1.5090956687927246,1.5251541333241205,1.4552997360397488,1.477781605526903,59000
2012-06-12,1.5135116577148438,1.5251540727525263,1.5090956088588932,1.5090956088588932,27000
2012-06-13,1.5135116577148438,1.513913090597386,1.4854093459009858,1.4854093459009858,103000
2012-06-14,1.5255557298660278,1.5255557298660278,1.5231469407847325,1.5231469407847325,44000
2012-06-15,1.5255557298660278,1.5456288126834736,1.4850080355735806,1.485810997172682,371000
2012-06-18,1.5255557298660278,1.527563086005777,1.4866139587717835,1.4866139587717835,6000
2012-06-19,1.5612860918045044,1.5616876205252763,1.5496436732226027,1.5496436732226027,236000
2012-06-20,1.5612860918045044,1.5612860918045044,1.5456290560270527,1.5612860918045044,44000
2012-06-21,1.5608841180801392,1.5608841180801392,1.5608841180801392,1.5608841180801392,4000
2012-06-22,1.5604827404022217,1.5612856061619835,1.523548235405341,1.5275628513521324,50000
2012-06-25,1.5255557298660278,1.5448259468003813,1.5231469407847325,1.525957258523583,29000
2012-06-26,1.5251543521881104,1.5255557851442023,1.5251543521881104,1.5255557851442023,27000
2012-06-27,1.4922345876693726,1.5251544858543695,1.4922345876693726,1.498256561118588,46000
2012-06-28,1.5042784214019775,1.5251544681623994,1.5042784214019775,1.5054828160778495,15000
2012-06-29,1.5416136980056763,1.5416136980056763,1.4914309593187156,1.5255552369404053,54000
2012-07-02,1.5235483646392822,1.5235483646392822,1.4966503493697778,1.4970518779997122,9000
2012-07-03,1.5371981859207153,1.5408113696350465,1.5371981859207153,1.5408113696350465,83000
2012-07-04,1.54522705078125,1.54522705078125,1.5375992522196866,1.5375992522196866,6000
2012-07-05,1.54522705078125,1.54522705078125,1.5034749708366824,1.5416138679285112,35000
2012-07-06,1.54522705078125,1.54522705078125,1.5255554050932125,1.5255554050932125,9000
2012-07-10,1.54522705078125,1.54522705078125,1.54522705078125,1.54522705078125,0
2012-07-11,1.545628547668457,1.545628547668457,1.5271612954996185,1.5355920558386054,29000
2012-07-12,1.5444236993789673,1.5456280933590985,1.508292167122924,1.5456280933590985,33000
2012-07-13,1.5448260307312012,1.5448260307312012,1.533183613349744,1.533183613349744,4000
2012-07-16,1.545628547668457,1.545628547668457,1.519935025210765,1.519935025210765,16000
2012-07-17,1.5444236993789673,1.5456280933590985,1.5444236993789673,1.5456280933590985,10000
2012-07-18,1.5444236993789673,1.5444236993789673,1.5444236993789673,1.5444236993789673,3000
2012-07-19,1.5371981859207153,1.5371981859207153,1.5135119188756747,1.5135119188756747,18000
2012-07-20,1.500665545463562,1.500665545463562,1.4994611505404256,1.4998626793254974,28000
2012-07-23,1.5054824352264404,1.5054824352264404,1.461321659241503,1.461321659241503,19000
2012-07-24,1.5054824352264404,1.5054824352264404,1.461321659241503,1.4817961721197208,50000
2012-07-25,1.5054824352264404,1.5054824352264404,1.4247885866527668,1.4769785946349658,61000
2012-07-26,1.4452632665634155,1.483803699463672,1.4452632665634155,1.4701539269179955,89000
2012-07-27,1.4452632665634155,1.453292499488634,1.4271975403396773,1.453292499488634,140000
2012-07-30,1.4629274606704712,1.4693508652980771,1.4569054889208424,1.4681464709481515,14000
2012-07-31,1.4613218307495117,1.4653364472193178,1.449679414272272,1.4653364472193178,41000
2012-08-01,1.4613218307495117,1.4693510636891238,1.4532925020938927,1.4613218307495117,140000
2012-08-02,1.4733657836914062,1.5054827177066914,1.4613219334356744,1.465336550187585,51000
2012-08-03,1.5050814151763916,1.5050814151763916,1.4785849231743975,1.4974536139719334,39000
2012-08-06,1.5315775871276855,1.5456286961828007,1.4934386847912267,1.4970518681408285,190000
2012-08-07,1.5315775871276855,1.53358484740013,1.5155191220841242,1.5315775871276855,74000
2012-08-08,1.5054824352264404,1.517124850337268,1.42639441390902,1.507891223968818,159000
2012-08-09,1.5416136980056763,1.5416136980056763,1.5054821606088167,1.5054821606088167,49000
2012-08-10,1.5576726198196411,1.620300556077956,1.5255555944466586,1.5351906542005531,49000
2012-08-13,1.5576726198196411,1.5576726198196411,1.5576726198196411,1.5576726198196411,0
2012-08-14,1.517526626586914,1.5500450905348402,1.517526626586914,1.5500450905348402,44000
2012-08-15,1.4950449466705322,1.4986581310702658,1.4878186735870946,1.4902273674708875,11000
2012-08-16,1.4890224933624268,1.4894239262353637,1.4773800786033247,1.4858107432309542,19000
2012-08-17,1.4850080013275146,1.4994606397659822,1.4805919519243185,1.4994606397659822,6000
2012-08-20,1.467343807220459,1.4797891861230326,1.4332195170522601,1.4452633672793869,11000
2012-08-21,1.467343807220459,1.467343807220459,1.467343807220459,1.467343807220459,1000
2012-08-22,1.4745700359344482,1.4745700359344482,1.469752458010836,1.469752458010836,2000
2012-08-23,1.469350814819336,1.469350814819336,1.4480733415616134,1.4609200546594898,4000
2012-08-24,1.4850080013275146,1.4850080013275146,1.4850080013275146,1.4850080013275146,1000
2012-08-27,1.3645696640014648,1.4773805704271246,1.3645696640014648,1.4741688192264517,78000
2012-08-28,1.3770147562026978,1.3898614711689308,1.3754089287964193,1.3754089287964193,32000
2012-08-29,1.344897985458374,1.3806281066992576,1.344897985458374,1.3705916117128654,125000
2012-08-30,1.345700740814209,1.3533285409210682,1.345700740814209,1.352927012267649,123000
2012-08-31,1.3167954683303833,1.3452993127418273,1.2405176584179627,1.3452993127418273,339000
2012-09-03,1.3204087018966675,1.3208101348507217,1.317196951116197,1.317196951116197,121000
2012-09-04,1.276648998260498,1.315590759800035,1.276648998260498,1.315590759800035,194000
2012-09-05,1.2485467195510864,1.2746417713037284,1.244532103567295,1.2493496810342428,326000
2012-09-06,1.2762473821640015,1.2762473821640015,1.2762473821640015,1.283875179954697,118000
2012-09-10,1.2762473821640015,1.2762473821640015,1.2762473821640015,1.2762473821640015,156000
2012-09-11,1.2308825254440308,1.2605907626399415,1.2308825254440308,1.2605907626399415,131000
2012-09-12,1.1554076671600342,1.2196416228818405,1.039786566003983,1.2224518446854944,329000
2012-09-13,1.1232908964157104,1.1843131103592681,1.1232908964157104,1.1654444208789871,210000
2012-09-14,1.1357362270355225,1.144166893992097,1.0903710455179223,1.136137660019354,166000
2012-09-17,1.1240936517715454,1.1357360681177646,1.102414742221762,1.1052249641474003,110000
2012-09-18,1.1321231126785278,1.1465757538617616,1.129714323195318,1.1321231126785278,176000
2012-09-19,1.1016119718551636,1.1357362652453833,1.1016119718551636,1.156210879565924,343000
2012-09-20,1.083947777748108,1.1196779022086902,1.083947777748108,1.08996965613938,182000
2012-09-21,1.083947777748108,1.0996048147110649,1.0775243706056616,1.087962395247633,205000
2012-09-24,1.0843489170074463,1.1120497989641536,1.0843489170074463,1.1120497989641536,149000
2012-09-25,1.1240936517715454,1.1240936517715454,1.0947869423001697,1.0947869423001697,173000
2012-09-26,1.124495029449463,1.1401519644023277,1.1240935008597022,1.1397505315285599,135000
2012-09-27,1.1068307161331177,1.1236921422536874,1.1060278503325187,1.120078959002994,137000
2012-09-28,1.115662932395935,1.1240935977678232,1.0915752350053962,1.1240935977678232,204000
2012-10-01,1.115662932395935,1.115662932395935,1.115662932395935,1.115662932395935,124000
2012-10-02,1.0899693965911865,1.1321229181564376,1.0899693965911865,1.1321229181564376,145000
2012-10-03,1.08515202999115,1.090772474608807,1.08515202999115,1.090772474608807,280000
2012-10-04,1.0197135210037231,1.0851518734986194,1.0197135210037231,1.0851518734986194,480000
2012-10-05,1.0474143028259277,1.05223188032406,1.03978650369255,1.0442026483045033,1215000
2012-10-08,1.0526334047317505,1.0719036206837385,1.0438012104559222,1.0574509826487486,262000
2012-10-09,1.0454069375991821,1.083545738000529,1.0397863991776486,1.083545738000529,226000
2012-10-10,1.0433998107910156,1.3031457750626052,1.0401881558879882,1.045407166892413,215000
2012-10-11,1.0654804706573486,1.0654804706573486,1.0654804706573486,1.0654804706573486,5000
2012-10-15,1.0454069375991821,1.07150189118179,1.0454069375991821,1.0654800156304136,18000
2012-10-16,1.052232027053833,1.0835459980103206,1.052232027053833,1.0827431321260057,802000
2012-10-17,1.039786458015442,1.0594581043139926,1.039786458015442,1.0586552385769037,134000
2012-10-18,1.0438010692596436,1.0458084250255233,1.035771837628107,1.035771837628107,134000
2012-10-19,1.0478160381317139,1.0478160381317139,1.0297503087315967,1.0438014209632407,106000
2012-10-22,1.054239273071289,1.054239273071289,1.0317574014456015,1.0474144345678496,587000
2012-10-23,1.0156989097595215,1.0397866082401412,1.0156989097595215,1.0373779149648836,935000
2012-10-24,1.026538372039795,1.0462100213248413,1.0205164952334373,1.043399799386407,1006000
2012-10-25,1.028144121170044,1.028144121170044,1.028144121170044,1.028144121170044,730000
2012-10-26,1.0112826824188232,1.0317571938087313,1.0112826824188232,1.0313557609528474,67000
2012-10-29,1.0209180116653442,1.0209180116653442,1.0104799889168432,1.0132902110851298,11000
2012-10-30,0.9879979491233826,1.010479818391726,0.9879979491233826,1.008472558202837,68000
2012-10-31,0.9775599241256714,0.9888009065717229,0.9675234317904082,0.9775599241256714,92000
2012-11-01,0.9835819005966187,0.9960271817783646,0.98157454469079,0.9908081712824072,59000
2012-11-05,0.9896037578582764,0.9924139794996155,0.9635088015961281,0.9735452937843402,54000
2012-11-06,0.9847864508628845,0.9916112897341,0.9835820562719626,0.9916112897341,27000
2012-11-07,0.9675236344337463,0.9875967190244843,0.9675236344337463,0.9875967190244843,13000
2012-11-08,0.9755529165267944,1.0068668917509176,0.9639104981734568,0.9643119311703235,109000
2012-11-09,0.8932530283927917,0.9478519303143478,0.8932530283927917,0.9478519303143478,1227000
2012-11-12,0.835040807723999,0.8896396945598508,0.835040807723999,0.8892381660000088,3831000
2012-11-13,0.8695666790008545,0.887231067365764,0.8430701921694934,0.8430701921694934,1522000
2012-11-14,0.8932530283927917,0.9145306021679352,0.8695667611730018,0.9141290734971507,415000
2012-11-16,0.899275004863739,0.899275004863739,0.8840194039296915,0.8984720432349951,76000
2012-11-19,0.899275004863739,0.899275004863739,0.8984720432349951,0.899275004863739,9000
2012-11-21,0.8832162618637085,0.8928513198160014,0.8816104348243233,0.8928513198160014,338000
2012-11-22,0.8808075785636902,0.8912455991393577,0.8671579035259682,0.8671579035259682,219000
2012-11-23,0.906501293182373,0.9085086494328174,0.8808077649023794,0.8832165541165069,121000
2012-11-26,0.887632429599762,0.9113186926950968,0.8840192464879324,0.9113186926950968,450000
2012-11-27,0.8812090754508972,0.9056983014378647,0.8812090754508972,0.8964646745437623,181000
2012-11-28,0.8932530283927917,0.8932530283927917,0.8900413733225883,0.8900413733225883,554000
2012-11-29,0.9193481802940369,0.9213555367084886,0.8916472935003487,0.8916472935003487,215000
2012-11-30,0.9631074070930481,0.9635089357520012,0.907304207951464,0.9422313626038198,659000
2012-12-03,0.943435549736023,0.9594941082314518,0.9354063183463027,0.9502604825616746,510000
2012-12-04,0.9394212961196899,0.9586915163118787,0.9394212961196899,0.9478520593295334,139000
2012-12-05,0.939019501209259,0.9474501654538734,0.9233624712841282,0.9394209340639583,437000
2012-12-06,0.943435549736023,0.9482531268562504,0.9197492884215518,0.9257712598218362,597000
2012-12-07,0.9454430341720581,0.9598956717846093,0.9277787418527181,0.9394210619518278,207000
2012-12-10,0.9687279462814331,0.9691293792241313,0.9402241015976608,0.9402241015976608,70000
2012-12-11,0.990005373954773,0.9996404341074507,0.960698569142204,0.960698569142204,391000
2012-12-12,0.9574869275093079,1.001647708223269,0.9574869275093079,0.9843848480089382,349000
2012-12-13,0.9956257343292236,1.0104798040944234,0.9747496926505663,0.9807716645640238,4931000
2012-12-14,1.0116844177246094,1.0116844177246094,0.966319237103888,0.9679250647234853,176000
2012-12-17,1.0132900476455688,1.0197134525867322,0.9883993893920598,0.990808178209496,200000
2012-12-18,0.9936185479164124,1.0152975547862617,0.9835820539702339,1.0136917272407946,2196000
2012-12-19,1.0112826824188232,1.019311913832433,0.993618296736091,0.9948226910197313,1308000
2012-12-20,1.0084726810455322,1.0393852191614812,1.00365510285977,1.0197135691909647,730000
2012-12-21,1.0373780727386475,1.0373780727386475,1.0056625695341184,1.0100786195457294,586000
2012-12-26,1.0036550760269165,1.029750130975458,1.0036550760269165,1.0189106760632967,437000
2012-12-27,0.9940201640129089,1.0136918163940178,0.9940201640129089,1.0132902876853276,90000
2012-12-28,1.0116844177246094,1.0116844177246094,0.993618593785093,1.0016478275990965,356000
2013-01-02,1.0124876499176025,1.0317577779335632,1.0080715031387444,1.024130070773435,158000
2013-01-03,1.0398732423782349,1.0402825481017801,1.0259591894552575,1.0312792857322604,253000
2013-01-04,1.0402824878692627,1.0402824878692627,1.0177743820336353,1.0185928958634354,102000
2013-01-07,0.9825801849365234,1.01941155997432,0.9801247404200203,1.01941155997432,276000
2013-01-08,0.9437026977539062,1.0079530815847773,0.9437026977539062,0.9817618000565548,41000
2013-01-09,0.9817616939544678,0.9817616939544678,0.9428840817169652,0.9437025957649863,49000
2013-01-10,1.0075433254241943,1.0075433254241943,0.9760320575871213,0.9797152232002501,79000
2013-01-11,1.0210485458374023,1.0210485458374023,0.9698938067256306,1.007134489582494,61000
2013-01-14,1.0304611921310425,1.0304611921310425,1.0083623817026868,1.0226857461910266,50000
2013-01-15,1.031279444694519,1.0325071669146002,1.0083621258695277,1.0226854867238648,99000
2013-01-16,1.043556571006775,1.043556571006775,1.023094696588978,1.0235039048063599,51000
2013-01-17,1.0345534086227417,1.050922908217388,1.0345534086227417,1.043556574857849,146000
2013-01-18,1.0496952533721924,1.0496952533721924,1.0496952533721924,1.0496952533721924,2000
2013-01-21,1.0558336973190308,1.0558336973190308,1.0443750866549975,1.0443750866549975,54000
2013-01-22,1.0558336973190308,1.0599260722090305,1.0386457813229808,1.0386457813229808,730000
2013-01-23,1.066064715385437,1.066064715385437,1.0517413540547798,1.0595168958505627,35000
2013-01-24,1.0734310150146484,1.0742495290937484,1.0374181517928491,1.0742495290937484,224000
2013-01-28,1.0623815059661865,1.0623815059661865,1.0361903264477357,1.0562429924779162,66000
2013-01-29,1.0398732423782349,1.0435564084707518,1.0251407731479638,1.035780868132071,292000
2013-01-30,1.033734679222107,1.052968827481124,1.03250695725133,1.0353716093265117,71000
2013-01-31,1.0631999969482422,1.0631999969482422,1.0267778323112413,1.0280055544963007,1389000
2013-02-01,1.0722030401229858,1.079160164231776,1.0398732539476285,1.042328698036625,143000
2013-02-04,1.0484672784805298,1.0762954814156158,1.0484672784805298,1.0722030096702562,34000
2013-02-05,1.0394642353057861,1.0484674994169598,1.0320979992656747,1.0476489853814288,1980000
2013-02-06,1.0271869897842407,1.0431472798318349,1.0083620473029615,1.028823920093503,32000
2013-02-07,1.0394642353057861,1.0435566103436074,1.0091806795398919,1.026368596156791,1030000
2013-02-08,1.0394642353057861,1.0394642353057861,1.0394642353057861,1.0394642353057861,0
2013-02-13,1.0308701992034912,1.0308701992034912,1.0308701992034912,1.0308701992034912,1000
2013-02-14,1.0071343183517456,1.0190022337607856,1.0022234298873414,1.0050881798715139,324000
2013-02-15,1.0194114446640015,1.0194114446640015,0.9985403637743822,0.9985403637743822,3000
2013-02-18,1.0005866289138794,1.0181838514258754,1.0005866289138794,1.0181838514258754,291000
2013-02-19,1.0009961128234863,1.0009961128234863,1.0001775986380224,1.0001775986380224,134000
2013-02-20,0.9973126649856567,1.002632761770783,0.9764414860378818,0.9956757346448274,97000
2013-02-21,0.9780786633491516,0.9821710386112852,0.973986288087018,0.9821710386112852,207000
2013-02-22,0.9653921127319336,0.9698936956943854,0.9617089461790673,0.9698936956943854,150000
2013-02-25,0.961299479007721,0.9617086871022763,0.9449299843868986,0.9584348272060654,451000
2013-02-26,0.9658014178276062,0.9780786409021662,0.9612998344135477,0.9617090426593929,343000
2013-02-27,0.9658014178276062,0.9658014178276062,0.9535242923229665,0.9596629038602466,79000
2013-02-28,0.9330621361732483,0.9633457813762106,0.9330621361732483,0.9535240058672008,222000
2013-03-01,0.9617087841033936,0.9649827418997108,0.9412469137635139,0.9412469137635139,69000
2013-03-04,0.961299479007721,0.9932200520602553,0.9473854280939987,0.9477946361885541,50000
2013-03-05,0.9760321974754333,0.9760321974754333,0.9592534921162075,0.9592534921162075,4000
2013-03-06,0.9924020171165466,1.0165470626027548,0.9698939023682321,0.9879004331948563,77000
2013-03-07,1.030051589012146,1.030870102909451,1.0026326906460934,1.0169559520746727,50000
2013-03-08,1.0173654556274414,1.033325747953991,1.0014051633008918,1.0153192192712541,39000
2013-03-11,1.0304611921310425,1.0304611921310425,0.9911743638306668,1.003451491576413,1183000
2013-03-12,1.0230945348739624,1.0312792833473623,0.9842169308403641,1.0018141498151636,259000
2013-03-13,1.0018144845962524,1.007543790928242,0.9866727046174522,1.007543790928242,56000
2013-03-14,1.0108177661895752,1.0108177661895752,0.9907650961355905,0.9948574718055916,362000
2013-03-15,1.0042697191238403,1.0042697191238403,0.9903556644976771,0.9960849696296372,331000
2013-03-18,1.002632975578308,1.0128638655676196,0.9924019880190682,0.9924019880190682,43000
2013-03-19,1.0005866289138794,1.0128637540917893,0.9895372260107522,0.9924018787952728,26000
2013-03-20,0.9490227699279785,0.9743955366302549,0.933471684746932,0.9743955366302549,122000
2013-03-21,0.9535240530967712,0.9535240530967712,0.9154649638239032,0.9301975302472547,178000
2013-03-22,0.9617087841033936,0.9617087841033936,0.9310160273785211,0.9531148278316123,234000
2013-03-25,0.9289697408676147,0.9522962620252079,0.925286575136451,0.9432930981088814,209000
2013-03-26,0.9739862084388733,0.9743954166606467,0.9003233621743574,0.9011417786179042,199000
2013-03-27,1.0185929536819458,1.0230945360766381,0.9780784194200212,0.9813522797852704,169000
2013-03-28,1.0185929536819458,1.0185929536819458,1.0185929536819458,1.0185929536819458,153000
2013-04-01,1.0226852893829346,1.0230944975206948,0.9924016430810951,0.9944478789096859,45000
2013-04-02,1.0149099826812744,1.0427381914146694,0.9924018712414708,0.9944481075405062,105000
2013-04-03,1.0431474447250366,1.0431474447250366,1.0271871521545548,1.0378273472015427,321000
2013-04-04,1.0235037803649902,1.0235037803649902,1.0235037803649902,1.0235037803649902,81000
2013-04-05,1.1172194480895996,1.1172194480895996,1.0411011560179282,1.0411011560179282,3452000
2013-04-08,1.1127177476882935,1.1127177476882935,1.0783417232577965,1.0783417232577965,1386000
2013-04-09,1.118447184562683,1.118447184562683,1.0844804618794062,1.095939072995246,1237000
2013-04-10,1.102895975112915,1.1147638906800792,1.1008498366054214,1.104942211190315,906000
2013-04-11,1.1049425601959229,1.1131273119509348,1.1004408784317101,1.1004408784317101,163000
2013-04-12,1.1049425601959229,1.1049425601959229,1.1004408784317101,1.1004408784317101,64000
2013-04-15,1.087754249572754,1.087754249572754,1.0771140556424346,1.0787509860386582,10000
2013-04-16,1.1008497476577759,1.1008497476577759,1.0926649991493083,1.0926649991493083,137000
2013-04-17,1.1147640943527222,1.1147640943527222,1.1008500377359007,1.1008500377359007,149000
2013-04-18,1.1254042387008667,1.158143239877063,1.104942362965744,1.1225395858549416,115000
2013-04-19,1.156506061553955,1.1581429917480732,1.133997954282661,1.133997954282661,499000
2013-04-22,1.1372721195220947,1.1565062723409056,1.127859647228008,1.1565062723409056,235000
2013-04-23,1.2228026390075684,1.2228026390075684,1.1507768279050286,1.1593707851304191,897000
2013-04-24,1.2195289134979248,1.2195289134979248,1.185562191445399,1.1949746636457315,49000
2013-04-25,1.2481753826141357,1.2481753826141357,1.2236211358251137,1.2236211358251137,6000
2013-04-26,1.2671231031417847,1.2671231031417847,1.2671231031417847,1.2671231031417847,0
2013-04-29,1.1744773387908936,1.1778009957004851,1.1591057103557099,1.1674147040531615,35000
2013-04-30,1.1757241487503052,1.1881876440773937,1.1561980159763054,1.1757241487503052,733000
2013-05-02,1.1840330362319946,1.2085446044924169,1.1757240401150089,1.1757240401150089,346000
2013-05-03,1.183617353439331,1.2126988333941897,1.1724002210761308,1.1782164972568976,70000
2013-05-06,1.1798783540725708,1.1798783540725708,1.1715693592520693,1.1715693592520693,23000
2013-05-07,1.1902645826339722,1.1902645826339722,1.1719848148294914,1.1836173673275174,222000
2013-05-08,1.1753084659576416,1.1881873785354067,1.1632603934520354,1.1707385484076671,111000
2013-05-09,1.1753084659576416,1.1753084659576416,1.1753084659576416,1.1753084659576416,0
2013-05-10,1.1753084659576416,1.1753084659576416,1.1753084659576416,1.1753084659576416,0
2013-05-13,1.1628450155258179,1.16533773393463,1.1528742409416066,1.16533773393463,249000
2013-05-14,1.154951572418213,1.1611833691533957,1.1424880779988962,1.1458116368902944,619000
2013-05-15,1.1715692281723022,1.1753083051384947,1.1466422464997261,1.1549512403905848,391000
2013-05-16,1.202728509902954,1.20480580877359,1.1674152215106397,1.1964968113931704,118000
2013-05-17,1.2106215953826904,1.212698794358519,1.1931726683510302,1.2048053193891441,17000
2013-05-20,1.2172690629959106,1.2359642538619435,1.1856948594132999,1.2048055694015414,2295000
2013-05-21,1.2247473001480103,1.227655439177128,1.2172692425090017,1.227655439177128,21000
2013-05-22,1.2376259565353394,1.2376259565353394,1.225577884722675,1.2338868792725757,57000
2013-05-23,1.2459349632263184,1.2459349632263184,1.2093753274198815,1.225577896665383,83000
2013-05-24,1.2455195188522339,1.2463504579855633,1.208959979904369,1.2255779701626777,66000
2013-05-27,1.2409498691558838,1.245104367617378,1.2176846579613052,1.2272400143278475,61000
2013-05-28,1.2417808771133423,1.245104436445839,1.219346504940273,1.2413653579084838,147000
2013-05-29,1.1881877183914185,1.2247473664014323,1.1881877183914185,1.2201774475443288,93000
2013-05-31,1.13791823387146,1.2251627004887846,1.1221310804815015,1.1952503713649065,61000
2013-06-03,1.1591057777404785,1.1923417544624633,1.1146526687799263,1.1354251542311669,125000
2013-06-04,1.1487195491790771,1.2048053076964376,1.1437341132038377,1.2048053076964376,59000
2013-06-05,1.1321017742156982,1.1487198656950721,1.1229619378107478,1.1312709340249107,206000
2013-06-06,1.1321017742156982,1.1449807876833844,1.1188074397036665,1.1383335709018445,181000
2013-06-07,1.1321017742156982,1.1321017742156982,1.1254546564852064,1.1321017742156982,76000
2013-06-10,1.160767674446106,1.1715693877860438,1.1217154176488238,1.1321016119018943,87000
2013-06-11,1.154951572418213,1.154951572418213,1.1321017831239413,1.1379181597604615,69000
2013-06-12,1.0888948440551758,1.1424878910016865,1.075600412563457,1.134594316112789,459000
2013-06-13,1.1840330362319946,1.1840330362319946,1.0930494990356858,1.0930494990356858,772000
2013-06-14,1.1217154264450073,1.1952501221199763,1.1217154264450073,1.1678304185192807,691000
2013-06-17,1.1217154264450073,1.1549514067971147,1.1154836306034699,1.1549514067971147,207000
2013-06-18,1.1557824611663818,1.1557824611663818,1.105512966535855,1.1321017336584305,160000
2013-06-19,1.1275315284729004,1.1424877371239253,1.08598655947062,1.1283624674733537,666000
2013-06-20,1.0510886907577515,1.0859865434455207,1.0344707034020586,1.0859865434455207,1531000
2013-06-21,0.8558271527290344,1.0215918066473646,0.8558271527290344,1.0215918066473646,3618000
2013-06-24,0.8724453449249268,0.8799235005199801,0.8080506279534644,0.8587354920517047,758000
2013-06-25,0.8778460621833801,0.9139902770314791,0.8778460621833801,0.8890632937885997,762000
2013-06-26,0.9264538288116455,0.9281156079922055,0.8990341256537909,0.906927700575242,174000
2013-06-27,0.8699527382850647,0.941825562386925,0.8699527382850647,0.9139904361580257,934000
2013-06-28,0.8703678250312805,0.9123283073946079,0.8703678250312805,0.8994492994068609,4001000
2013-07-01,0.8911406397819519,0.9123286483672168,0.8703681503216235,0.8994496355660833,52000
2013-07-02,0.9052659869194031,0.9052659869194031,0.8724454211697332,0.8948797908644366,77000
2013-07-03,0.9160677194595337,0.9222995164512207,0.9019424450131139,0.9019424450131139,49000
2013-07-04,0.9139902591705322,0.9389172419262952,0.896956751618377,0.926038330551125,127000
2013-07-05,0.9281155467033386,0.9293619057692125,0.8724452049480694,0.8973722872145204,311000
2013-07-08,0.9281155467033386,0.9318546239009603,0.9148211160347017,0.9314392038960111,278000
2013-07-10,0.9476418495178223,0.992926006196209,0.9476418495178223,0.9804624132244224,701000
2013-07-11,0.9613516926765442,0.9704916277432029,0.9401637829482985,0.9522118566609294,3035000
2013-07-12,0.9505501389503479,0.9505501389503479,0.9285311895365029,0.9501346197946563,87000
2013-07-15,0.9555351734161377,0.9555351734161377,0.9272846342656434,0.9389171859038425,143000
2013-07-16,0.9409946799278259,0.943487299333201,0.9114976766119882,0.943487299333201,200000
2013-07-17,0.9139902591705322,0.9376708828834046,0.9139902591705322,0.9310236676716629,173000
2013-07-18,0.9596897959709167,0.9596897959709167,0.9139903243275057,0.9139903243275057,52000
2013-07-19,0.9472261071205139,0.9555351002403508,0.9318544797539167,0.9555351002403508,72000
2013-07-22,0.973815381526947,0.98794065607173,0.9493038116073773,0.9551200894727522,70000
2013-07-23,0.9430716633796692,0.9883557081343295,0.919806461530898,0.9812930734920088,1332000
2013-07-24,0.9243766069412231,0.9883559526140271,0.9106667542292681,0.9493036929138114,703000
2013-07-25,0.9060966968536377,0.9331009780536721,0.9060966968536377,0.9177293483902009,466000
2013-07-26,0.9060966968536377,0.9060966968536377,0.9060966968536377,0.9060966968536377,0
2013-07-29,0.9156520962715149,0.9156520962715149,0.8994495267375688,0.9102512397601995,178000
2013-07-30,0.9177295565605164,0.9322702504657309,0.9011114650171952,0.9160676780704504,100000
2013-07-31,0.9135749340057373,0.9177295310644321,0.8790925906371444,0.902773318426686,428000
2013-08-01,0.9094203114509583,0.9222993228465936,0.899449537408329,0.9222993228465936,132000
2013-08-02,0.9006960391998291,0.9131595334898773,0.8928024631008176,0.9002806191054751,409000
2013-08-05,0.9106667041778564,0.9144057817258964,0.8944642329050883,0.9094203449951764,66000
2013-08-06,0.9235457181930542,0.9252074974234743,0.9023577110893308,0.9027732301852128,76000
2013-08-07,0.950965166091919,0.9538733037247922,0.9123283388965907,0.9218836907121779,349000
2013-08-08,0.9758922457695007,0.9758922457695007,0.9326853986453807,0.9505498443224838,184000
2013-08-09,0.9829549193382263,0.9875249354570184,0.9679987100561378,0.9858630573859903,66000
2013-08-12,0.9908484220504761,1.004142851353946,0.9804621305850746,0.9879402842124075,197000
2013-08-13,0.9925105571746826,0.995003275945127,0.9804624824849019,0.9804624824849019,26000
2013-08-14,0.9804623126983643,0.9920949652623298,0.9696606983153719,0.9696606983153719,184000
2013-08-15,0.97630774974823,1.008297467867879,0.9638442579402856,0.9925103188138661,278000
2013-08-16,0.967998743057251,0.9891867482004798,0.9534580523227084,0.967998743057251,144000
2013-08-19,0.954704225063324,0.9700758518616284,0.952211507409327,0.9700758518616284,1413000
2013-08-20,0.9281155467033386,0.9534580489747387,0.9214683313690202,0.9534580489747387,147000
2013-08-21,0.9551201462745667,0.9551201462745667,0.9222995777237215,0.9368403723029659,39000
2013-08-22,0.9202220439910889,0.9555353224894594,0.9202220439910889,0.9405791115848675,137000
2013-08-23,0.9306082725524902,0.9326854716454883,0.9119129854603713,0.9231301180952318,79000
2013-08-26,0.9135749340057373,0.9451492377251259,0.9135749340057373,0.9347629431804801,53000
2013-08-27,0.8317312598228455,0.9339319216097548,0.8296539614766624,0.9227147878832693,19305000
2013-08-28,0.8803388476371765,0.8844933451620165,0.8387938723887767,0.8392092924259504,471000
2013-08-29,0.843363881111145,0.903604151258295,0.843363881111145,0.903604151258295,39218000
2013-08-30,0.8516727685928345,0.9036040361783858,0.8433637737032289,0.9036040361783858,276000
2013-09-02,0.8720297813415527,0.8890632891374614,0.8579045107213562,0.8678752841561405,474000
2013-09-03,0.8782617449760437,0.8782617449760437,0.8682908705791792,0.8765998665425363,75000
2013-09-04,0.8882324695587158,0.8932179064722267,0.8765998164442037,0.8807543141884496,82000
2013-09-05,0.9031884670257568,0.9052656658796804,0.8890631978558258,0.8911403967097494,79000
2013-09-06,0.8973723649978638,0.9260384278956557,0.8973723649978638,0.9094203385939068,169000
2013-09-09,0.9135749340057373,0.9285311466434836,0.9098359551345849,0.9114977345274355,278000
2013-09-10,0.9139902591705322,0.9231300934170306,0.9106666020391491,0.9148210991651096,379000
2013-09-11,0.9127439856529236,0.9202220415599461,0.9119130465294616,0.9119130465294616,178000
2013-09-12,0.9077584743499756,0.9131593305806669,0.9065121152928141,0.9131593305806669,99000
2013-09-13,0.9036040902137756,0.909004947120093,0.8932178955061919,0.9077585879070168,144000
2013-09-16,0.9114975929260254,0.9114975929260254,0.8990341008392848,0.9019422390877546,383000
2013-09-17,0.9127439856529236,0.9144057648488138,0.9002804931071969,0.9060967698183292,983000
2013-09-18,0.8973723649978638,0.9094203385939068,0.8882324307395572,0.9056813601232206,1036000
2013-09-19,0.8932177424430847,0.9198065033133314,0.8803387324652766,0.9015267364057257,886000
2013-09-20,0.8803388476371765,0.9031886335493136,0.8745225709126074,0.8994495560616473,501000
2013-09-23,0.9073431491851807,0.9110822267474807,0.8745225883685196,0.8994495740151147,340000
2013-09-24,0.9102513790130615,0.9119131584128367,0.8745226761881875,0.8994496643379536,268000
2013-09-25,0.9193912148475647,0.9472263386990679,0.9040195837229004,0.9040195837229004,2005000
2013-09-26,0.9227146506309509,0.9314391637157111,0.9139902365972129,0.9314391637157111,139000
2013-09-27,0.9488879442214966,0.9488879442214966,0.9139901907847238,0.9173137486164098,1369000
2013-09-30,0.9389172792434692,0.948888052931857,0.9139902954969857,0.9173138537094387,257000
2013-10-01,0.9347628951072693,0.9592744618071265,0.9318547565565798,0.94598002924594,590000
2013-10-02,0.950965166091919,0.9555350825077183,0.9297771646938298,0.949718807241972,653000
2013-10-03,0.9468110799789429,0.9555354966589266,0.9272849479517113,0.9555354966589266,440000
2013-10-04,0.9534581303596497,0.9534581303596497,0.9339319026949311,0.9409946376880834,453000
2013-10-07,0.950965166091919,0.950965166091919,0.93808615765947,0.9439025319762256,77000
2013-10-08,0.9385019540786743,0.9488881488305345,0.9231302234022178,0.9434872919011933,760000
2013-10-09,0.935593843460083,0.9401637613629691,0.9227148308367034,0.9285311079951114,230000
2013-10-10,0.9306082725524902,0.9389172670265371,0.9168984217652103,0.9239610571630473,465000
2013-10-11,0.9243766069412231,0.944733675975799,0.9123286325982042,0.944733675975799,599000
2013-10-14,0.9202220439910889,0.9301929172948395,0.9110822088640297,0.9277001989689019,338000
2013-10-15,0.9177295565605164,0.9347629691497815,0.9065123224822886,0.9243766743165868,679000
2013-10-16,0.9198065996170044,0.9264538152932843,0.9139903230443964,0.9181448204606923,958000
2013-10-17,0.9243766069412231,0.9243766069412231,0.9160676113007075,0.9243766069412231,345000
2013-10-18,0.9222995042800903,0.9314394400635984,0.9193913654060314,0.9314394400635984,139000
2013-10-21,0.9301928877830505,0.9322700869547402,0.9185602356480832,0.9198065947715094,182000
2013-10-22,0.9331009387969971,0.942240772779388,0.9289464417910861,0.9318545797901215,542000
2013-10-23,0.9243766069412231,0.9347629010173883,0.9193912689875384,0.9335165417662069,1192000
2013-10-24,0.9106667041778564,0.9331010704150602,0.9052658474032551,0.9331010704150602,892000
2013-10-25,0.9090048670768738,0.914405723507614,0.9015268115079417,0.9110821652660951,259000
2013-10-28,0.9260383248329163,0.9260383248329163,0.906096679320829,0.9119129554510538,2247000
2013-10-29,0.9301928877830505,0.9301928877830505,0.9193911747473776,0.9193911747473776,162000
2013-10-30,0.9335163831710815,0.9472262335538697,0.9260383279854808,0.9260383279854808,319000
2013-10-31,0.9468110799789429,0.9468110799789429,0.9222995103911193,0.933516645851399,465000
2013-11-01,0.9389172792434692,0.9405790583496958,0.9368400801234432,0.9397482183220968,118000
2013-11-04,0.9426565170288086,0.9426565170288086,0.938502019030333,0.938917439114867,336000
2013-11-05,0.935593843460083,0.9401637613629691,0.9347629042727211,0.9347629042727211,54000
2013-11-06,0.9285309314727783,0.9364245055734286,0.9181447383859956,0.9256227934464383,59000
2013-11-07,0.9314393401145935,0.9393328166181428,0.9081741325675657,0.9335165394941461,170000
2013-11-08,0.9131594300270081,0.9301929396292085,0.883247007499613,0.9268692820978109,871000
2013-11-11,0.9110820293426514,0.9123283882600353,0.9015266770100517,0.906096593673116,53000
2013-11-12,0.9114975929260254,0.9127439520398024,0.8973723217045921,0.9127439520398024,245000
2013-11-13,0.9085895419120789,0.9085895419120789,0.8977878279229485,0.906512243505997,1181000
2013-11-14,1.00995934009552,1.0215919929528856,0.9343474432012739,0.9343474432012739,695000
2013-11-18,1.0249154567718506,1.0353017494688954,1.0141137440632528,1.0353017494688954,221000
2013-11-19,1.0070512294769287,1.0340555144894485,0.9987422339424671,1.024915579781125,1185000
2013-11-21,1.0319782495498657,1.0319782495498657,0.9850324133524869,0.996664967857589,654000
2013-11-22,1.0220074653625488,1.0303164610930537,1.0053894739015385,1.0141138897032562,397000
2013-11-25,1.0107903480529785,1.032393677885462,1.0070512701959733,1.023253841858619,197000
2013-11-26,1.0149447917938232,1.0240846273326325,0.9929259440078141,1.0178529302880843,324000
2013-11-27,1.014263391494751,1.034740328071329,0.9868155585811117,1.0181844362865284,341000
2013-11-28,0.9868155717849731,1.0194914994829416,0.9868155717849731,1.0046784094898829,287000
2013-11-29,1.0151344537734985,1.0186199530728108,0.984636880244147,0.9981429173591666,1248000
2013-12-02,1.021234393119812,1.021234393119812,0.9977076025723672,1.0090352973036831,231000
2013-12-03,1.0138274431228638,1.0146988439494251,0.9885580656432202,1.0029355040990549,157000
2013-12-04,0.9824587106704712,1.002064245240643,0.9759234632309246,1.002064245240643,303000
2013-12-05,0.9842014908790588,1.0020643289150122,0.9693882967372333,1.0020643289150122,559000
2013-12-06,0.9846371412277222,0.9846371412277222,0.972438150132257,0.978973294255044,530000
2013-12-09,0.9881225824356079,0.9920437314118389,0.9807160369522256,0.9920437314118389,45000
2013-12-10,0.9693882465362549,0.9876868360731048,0.9589319541755852,0.9876868360731048,269000
2013-12-11,0.9672096967697144,0.9672096967697144,0.9519608580458668,0.9528322588405096,42000
2013-12-12,0.9584960341453552,0.9667739775286504,0.9497824423337416,0.9537034859370221,600000
2013-12-13,0.9550108909606934,0.9794089778994812,0.9550108909606935,0.9680812835485176,1693000
2013-12-16,0.9576248526573181,0.9576248526573181,0.9419403630306968,0.9571892041292606,121000
2013-12-17,0.9584960341453552,0.9794086129435443,0.9584960341453552,0.9672096259569687,2029000
2013-12-18,0.9441187977790833,0.9663384304554022,0.9441187977790833,0.9541394408780264,2986000
2013-12-19,0.9754880666732788,0.9754880666732789,0.9541397246885397,0.9541397246885397,237000
2013-12-20,0.9672096967697144,0.9955289241679101,0.9628529005449316,0.9802800854440626,171000
2013-12-23,0.9759234189987183,0.9781017654636809,0.9637243256225475,0.9672098253904089,287000
2013-12-26,0.9781017303466797,0.9781017303466797,0.9637242910217426,0.9698238894279475,157000
2013-12-27,0.9802802801132202,1.0020642655631113,0.9706952849655738,0.978101829631113,213000
2013-12-30,0.9715666770935059,0.9972718108527711,0.9624174344500666,0.9781018207318953,1444000
2014-01-02,0.9532680511474609,0.9715666396024647,0.9532680511474609,0.9685168921723359,185000
2014-01-03,0.9606747627258301,0.9715668087649356,0.9545752668035706,0.9672100111241433,161000
2014-01-06,0.941940426826477,0.9789732549495557,0.9415047782689139,0.9789732549495557,480000
2014-01-07,0.9205920100212097,0.9580604834714156,0.9114427678557745,0.9462971424375046,605000
2014-01-08,0.9258204698562622,0.934534065968498,0.9232063702477395,0.9297416192690461,849000
2014-01-09,0.9127498269081116,0.9232061186179679,0.9018577827994311,0.9175422723013309,261000
2014-01-10,0.9410692453384399,0.9410692453384398,0.9136213053547164,0.9210279549887618,290000
2014-01-13,0.9471685886383057,0.9537037322477271,0.9367122965386904,0.9537037322477271,458000
2014-01-14,0.9659028649330139,0.9680812115986285,0.9532681218748846,0.9532681218748846,730000
2014-01-15,0.9672096967697144,0.9754876407590662,0.9584961043201488,0.9754876407590662,185000
2014-01-16,0.9628530740737915,0.9676455196224998,0.958496277063811,0.967209871083772,241000
2014-01-17,0.9672096967697144,0.9763589376794934,0.9545749565555796,0.9632885490051452,185000
2014-01-20,0.958060622215271,0.9619817710858352,0.9554466268424731,0.9554466268424731,24000
2014-01-21,0.9454259276390076,0.9663385126575154,0.9423761799852352,0.9663385126575154,328000
2014-01-22,0.9493469595909119,0.9580605538766828,0.9480400139348599,0.9563178557943761,610000
2014-01-23,0.9493469595909119,0.9667742520366911,0.9493469595909119,0.9541395091600521,274000
2014-01-24,0.9279983639717102,0.947168243140802,0.9149278737721057,0.9454255457389202,296000
2014-01-27,0.9210278391838074,0.9358409288408789,0.9149282400242146,0.9327911811982017,182000
2014-01-28,0.9192849397659302,0.9367122305363115,0.9101356978077177,0.9275628847038715,237000
2014-01-29,0.9192849397659302,0.9192849397659302,0.8887873626976611,0.9022935052541395,229000
2014-01-30,0.8822522759437561,0.9018578105180338,0.8765884294530408,0.9005507610298508,1171000
2014-01-31,0.8713602423667908,0.8757170394236553,0.8639536977575446,0.8717958909102066,1051000
2014-02-03,0.8626466989517212,0.8796382396343743,0.8626466989517212,0.8783311900530747,123000
2014-02-04,0.8495764136314392,0.8678749542546655,0.8495764136314392,0.8678749542546655,109000
2014-02-05,0.8430408835411072,0.8443479328502105,0.8312775436333971,0.8430408835411072,263000
2014-02-06,0.8386843204498291,0.8670035569015211,0.8321491240233904,0.8670035569015211,760000
2014-02-07,0.8190786242485046,0.8452194584789757,0.8190786242485046,0.8382485624259011,3135000
2014-02-10,0.8103649020195007,0.8308418345241512,0.8099292016086554,0.8212568929195392,1262000
2014-02-11,0.8190786242485046,0.8238711217771332,0.8103650301507201,0.8234354212973969,569000
2014-02-12,0.8190786242485046,0.8229997727547782,0.8099293296709839,0.8229997727547782,90000
2014-02-13,0.8147218227386475,0.8182072707461003,0.7959875851435656,0.8086222757413255,320000
2014-02-14,0.8147218227386475,0.8312776618212109,0.8073152781835082,0.8273565652735246,622000
2014-02-17,0.7776888608932495,0.8051367397039112,0.7776888608932495,0.8051367397039112,1699000
2014-02-18,0.7484984397888184,0.7816101167763626,0.7415275440218253,0.7720251221124681,476000
2014-02-19,0.7615689039230347,0.7650543521430259,0.7428346651855621,0.7428346651855621,467000
2014-02-20,0.7776888608932495,0.7842240552947094,0.7576475772872624,0.7689752683579696,561000
2014-02-21,0.7733322381973267,0.7894524295554017,0.762440245083557,0.7894524295554017,299000
2014-02-24,0.782045841217041,0.782045841217041,0.7641829515408048,0.7811744921458609,499000
2014-02-25,0.7667971253395081,0.7755107207738233,0.7541623807974754,0.7746393716178169,753000
2014-02-26,0.7842240333557129,0.7842240333557129,0.7585189568705908,0.7681038980038343,564000
2014-02-27,0.8012157678604126,0.8012157678604126,0.7776890316860489,0.7781247321833429,878000
2014-02-28,0.7981659173965454,0.8073152111644434,0.7894523240698285,0.8073152111644434,1896000
2014-03-05,0.7977302670478821,0.8060082123903347,0.7903237226425102,0.8060082123903347,135000
2014-03-06,0.8186429142951965,0.8225640627560935,0.7946805308035888,0.8020870753135715,4090000
2014-03-07,0.7837886810302734,0.8243069108816148,0.7798675318553605,0.8108008169521256,1952000
2014-03-10,0.77115398645401,0.7837887320347577,0.7576478916456213,0.7837887320347577,2499000
2014-03-11,0.7955520153045654,0.8186430537164855,0.7833529712438223,0.7837886717927197,3056000
2014-03-12,0.809929370880127,0.809929370880127,0.7929378822997687,0.8025228259075893,545000
2014-03-13,0.8212569355964661,0.8295348802729274,0.8064437960403777,0.8186428368697705,690000
2014-03-14,0.795116126537323,0.8360700440903743,0.7911949785929604,0.8360700440903743,4398000
2014-03-17,0.7859669327735901,0.7972946256863436,0.7755105888686368,0.7929378287102256,1288000
2014-03-18,0.8138505816459656,0.8234355259846847,0.7798674980196334,0.7925022422300068,1555000
2014-03-19,0.8238710165023804,0.836070057067901,0.8025226825284413,0.8129790252719352,1563000
2014-03-20,0.8408626317977905,0.8534973747369994,0.8238711436312396,0.8351988370336862,3793000
2014-03-21,0.836941659450531,0.8774598894863408,0.8290994130021281,0.8343275599886878,6316000
2014-03-24,0.8574183583259583,0.8626465035296632,0.8312775284332153,0.8473977163888767,253000
2014-03-25,0.887916088104248,0.8931441819806081,0.8635179531214289,0.8635179531214289,2055000
2014-03-26,0.8883516788482666,0.9057788650511546,0.8800737342396278,0.8953225741042664,374000
2014-03-27,0.9149283766746521,0.936712469731778,0.8709246977504,0.8953228383471944,1025000
2014-03-28,0.9358408451080322,0.9358408451080323,0.9114427622753555,0.9118784107926908,623000
2014-03-31,0.9493469595909119,0.9493469595909119,0.9258202757941779,0.9362765681622555,451000
2014-04-01,0.9489110708236694,0.9489110708236694,0.9192847954273471,0.9476040216242574,1522000
2014-04-02,0.9576248526573181,0.9746163917423438,0.9367122690713109,0.9371479175993684,1361000
2014-04-03,0.9410692453384399,0.9619818329102987,0.9323556498711234,0.9619818329102987,428000
2014-04-04,0.958060622215271,0.9641602217497858,0.9506540769314796,0.9598034242961294,416000
2014-04-07,0.9541395902633667,0.9667743342139782,0.9441189455955363,0.9663385817506838,184000
2014-04-08,0.9454259276390076,0.9754878594930715,0.9388906798993246,0.9733094089550975,73000
2014-04-09,0.9358408451080322,0.9384549439605029,0.91100711375802,0.9384549439605029,256000
2014-04-10,0.9497827887535095,0.9541395862483962,0.9336625445356076,0.9393263916663849,416000
2014-04-11,0.962417483329773,0.9672099291662752,0.943683140800172,0.94499019036908,653000
2014-04-14,0.9881225824356079,0.9881225824356079,0.9589320490969109,0.9763592393811626,468000
2014-04-15,0.9715666770935059,0.9876868157923332,0.9510897413443405,0.9794088702344202,546000
2014-04-16,0.9802802801132202,0.9842014286564715,0.9615460422388904,0.972438086900954,548000
2014-04-17,1.0064209699630737,1.0064209699630737,0.9802801898307352,0.9889937832081813,2587000
2014-04-22,1.033433198928833,1.0347402483835129,0.9955290763658085,1.0064210166558327,1676000
2014-04-23,0.9998859167098999,1.0186201545421603,0.9903009215837775,1.0186201545421603,1192000
2014-04-24,0.981151819229126,1.0042428574447002,0.981151819229126,0.9977076089524383,800000
2014-04-25,0.9925171732902527,0.9925171732902527,0.9558913209797285,0.9780477526791889,228000
2014-04-28,0.9947782754898071,1.0083434205611812,0.9884478960177372,0.9911608387870601,1423000
2014-04-29,0.9893522262573242,1.0128651887374123,0.9893522262573242,1.0078913342920843,1277000
2014-04-30,0.9947782754898071,0.9947782754898071,0.977595693715686,0.9861869846027466,750000
2014-05-02,1.0490387678146362,1.0490387678146362,0.9789521369194568,0.9861869019121344,409000
2014-05-05,1.0363781452178955,1.0490389047531445,1.0309520438135344,1.048134626389881,1038000
2014-05-06,1.0603432655334473,1.0711953607282805,1.0268824859572665,1.0282390113323951,735000
2014-05-07,1.0359256267547607,1.0671254860411923,1.0314039127048213,1.054012590760685,574000
2014-05-08,1.0241693258285522,1.03999527217202,1.0133171251288327,1.0255257431098432,234000
2014-05-09,1.0196479558944702,1.0585347340540496,1.0133174674125633,1.03909134497426,150000
2014-05-12,1.0693867206573486,1.0797866769007443,1.0264303702775668,1.0268825094775669,594000
2014-05-13,1.0757173299789429,1.082952097752082,1.0626043201280173,1.0743608042835904,178000
2014-05-14,1.1010385751724243,1.119125434326653,1.0666735212181528,1.0666735212181528,448000
2014-05-15,1.082951545715332,1.1141514051918024,1.0408995940141403,1.1091775520484233,591000
2014-05-16,1.105560302734375,1.105560302734375,1.0748126849394088,1.0956125947683262,807000
2014-05-19,1.0852125883102417,1.1037515859351317,1.0716473366259558,1.099682010429846,524000
2014-05-20,1.0603432655334473,1.0779779876039242,1.0467781195883568,1.0779779876039242,317000
2014-05-21,1.0458735227584839,1.0662212914810714,1.0264301400392333,1.0467779087618205,1115000
2014-05-22,1.053560495376587,1.0639604499674118,1.0399953512763171,1.049038780676497,443000
2014-05-23,1.0657693147659302,1.0711953081941437,1.0490388718952446,1.0571780237468524,296000
2014-05-26,1.091543197631836,1.0919953368480244,1.0730040882874718,1.07526499998082,113000
2014-05-27,1.0354737043380737,1.0843082909785104,1.0196477557551933,1.0843082909785104,5361000
2014-05-28,1.0178391933441162,1.0458738752212275,1.0083436222368318,1.0350217785548723,1446000
2014-05-29,1.034569501876831,1.034569501876831,1.0060825767266173,1.0219086342760475,426000
2014-05-30,0.9925171732902527,1.0205518441713284,0.9925171732902527,1.0205518441713284,7744000
2014-06-02,0.9947782754898071,1.0128651355849725,0.9884478960177372,0.9938738893625729,761000
2014-06-03,1.030951976776123,1.030951976776123,0.9870913526302147,0.9875434917824463,900000
2014-06-04,1.017386794090271,1.0309519384080659,1.017386794090271,1.0309519384080659,765000
2014-06-05,1.0295956134796143,1.0332130506850918,1.010604364617921,1.0332130506850918,340000
2014-06-06,1.0286914110183716,1.0843085284291907,1.0187435927262576,1.0481348005396312,487000
2014-06-09,1.035021424293518,1.053108281815512,1.0304997099130195,1.0304997099130195,762000
2014-06-10,1.0259782075881958,1.0463258726029359,1.0083434855175435,1.0295955367177771,655000
2014-06-11,1.0458735227584839,1.053560426465233,1.0291431902430683,1.0291431902430683,326000
2014-06-13,1.0399954319000244,1.057178013776123,1.0295954765029622,1.0472301975422664,151000
2014-06-16,1.030951976776123,1.031856362886774,1.0146737814277207,1.0268824009874755,1516000
2014-06-17,1.0431606769561768,1.0485867784270613,1.0309520564528831,1.0381868224786637,85000
2014-06-18,1.0906386375427246,1.0906386375427246,1.0372823375143114,1.0449693498014037,492000
2014-06-20,1.0580824613571167,1.0933519090775496,1.049039029809243,1.0933519090775496,743000
2014-06-23,1.0273345708847046,1.0490387578504006,1.023264995401319,1.0454214292915112,1988000
2014-06-24,1.0286914110183716,1.064865138907931,1.003821919191193,1.0345696525810464,1120000
2014-06-25,1.030951976776123,1.0354736917170022,1.0038216871308485,1.0142216422754893,346000
2014-06-26,1.044064998626709,1.0485867136376623,1.0164824615955603,1.0485867136376623,317000
2014-06-27,1.0354737043380737,1.044064995172317,1.0323085146214976,1.0354737043380737,179000
2014-06-30,1.0626038312911987,1.0626038312911987,1.0286910279271901,1.0363779314604478,483000
2014-07-01,1.0264302492141724,1.0526562602325067,1.0264302492141724,1.0526562602325067,1218000
2014-07-02,1.006082534790039,1.0440650282029669,0.9974913514901893,1.0359258762689711,1344000
2014-07-03,1.017386794090271,1.017386794090271,0.9952303593626842,0.9988477958644733,1104000
2014-07-04,1.0621517896652222,1.0621517896652222,1.0332128370364484,1.0404476021451874,346000
2014-07-07,1.0318562984466553,1.0508474353286255,1.0318562984466553,1.0458735815461353,213000
2014-07-08,1.0399954319000244,1.0436128686242407,1.033665052390384,1.0345694385229858,108000
2014-07-10,1.0648647546768188,1.0648647546768188,1.0399952718232015,1.0399952718232015,4611000
2014-07-11,1.091995120048523,1.091995120048523,1.0522039661564073,1.0522039661564073,318000
2014-07-14,1.1281688213348389,1.14037754782884,1.0983254832951963,1.0983254832951963,762000
2014-07-15,1.1051082611083984,1.1390211793100133,1.1019430712211564,1.1259081727727283,634000
2014-07-16,1.1078212261199951,1.122290756890576,1.0852126516698293,1.1060125617252192,353000
2014-07-17,1.121386170387268,1.1254557454028806,1.0987775999774778,1.107368781268881,179000
2014-07-18,1.1620818376541138,1.1697687424038712,1.1435428384227095,1.1435428384227095,276000
2014-07-21,1.1620818376541138,1.182429609137617,1.1358559336729521,1.1552993190304057,680000
2014-07-22,1.1846903562545776,1.187403406697172,1.1620817822432659,1.1742904014287558,427000
2014-07-23,1.1756470203399658,1.1923774634671886,1.14489940035671,1.1779079318243664,166000
2014-07-24,1.1824296712875366,1.1973513424114226,1.1589167088362748,1.1684123863372358,1409000
2014-07-25,1.1959947347640991,1.1959947347640991,1.1684123059449927,1.1815252038194795,475000
2014-07-28,1.2154381275177002,1.2154381275177002,1.1770034963431666,1.1959947423527062,341000
2014-07-29,1.1697685718536377,1.2009684332699018,1.1530382395073966,1.2009684332699018,775000
2014-07-30,1.121386170387268,1.183333750335644,1.121386170387268,1.183333750335644,1246000
2014-07-31,1.106917142868042,1.1177692400119787,1.081143371723861,1.1127953846139695,1322000
2014-08-01,1.1476126909255981,1.1476126909255981,1.0919954642118481,1.0983258452016358,427000
2014-08-04,1.1697685718536377,1.1697685718536377,1.1304296677143446,1.1476122469607686,353000
2014-08-05,1.1385691165924072,1.1702212361999278,1.132238735793388,1.157560366795677,154000
2014-08-06,1.163438320159912,1.163438320159912,1.136760170193599,1.136760170193599,361000
2014-08-07,1.184238314628601,1.184238314628601,1.1530384475820803,1.1711253082804356,366000
2014-08-08,1.1751949787139893,1.1756471179259225,1.135403817296413,1.1756471179259225,195000
2014-08-11,1.1788121461868286,1.1864990500624024,1.1430905692662028,1.1864990500624024,1726000
2014-08-12,1.1697685718536377,1.1711250969418383,1.15801220076619,1.166151243489219,683000
2014-08-13,1.1304298639297485,1.1738383508683115,1.1304298639297485,1.1647949205813688,972000
2014-08-14,1.1281688213348389,1.1417340729948402,1.118221113859078,1.1191253920989581,1516000
2014-08-15,1.1485167741775513,1.1485167741775513,1.121386482143325,1.1281690012487828,1105000
2014-08-18,1.1372122764587402,1.1467078441305554,1.1304296511173204,1.1417339907509625,580000
2014-08-19,1.1408299207687378,1.1408299207687378,1.130429964235323,1.1335951543359881,7548000
2014-08-20,1.180168628692627,1.180168628692627,1.1394731959122548,1.144447049799112,4259000
2014-08-21,1.2118207216262817,1.2118207216262817,1.1797164718937314,1.1797164718937314,673000
2014-08-22,1.2181509733200073,1.2186031123994676,1.1914728271207735,1.2032293056361085,239000
2014-08-25,1.2158904075622559,1.2317164657050528,1.2005165964335054,1.2317164657050528,424000
2014-08-26,1.1788121461868286,1.208655483472102,1.1756468490087193,1.2072989583403915,631000
2014-08-27,1.2398555278778076,1.2407598062275615,1.1869513633942457,1.1869513633942457,383000
2014-08-28,1.2285510301589966,1.2570378428790747,1.2285510301589966,1.241211787898507,527000
2014-08-29,1.2507076263427734,1.2507076263427734,1.2032295630449161,1.2371424808014133,1337000
2014-09-01,1.2344293594360352,1.2656292247362029,1.2344293594360352,1.2520640799717195,625000
2014-09-02,1.2366902828216553,1.252064201289328,1.2045861361101995,1.2253860483256995,264000
2014-09-03,1.229907512664795,1.2543247490620268,1.2235771340145758,1.2366900304168367,415000
2014-09-04,1.254776954650879,1.2651769082935638,1.2253857578767322,1.2253857578767322,333000
2014-09-05,1.2597508430480957,1.2742203722939707,1.2412117384881607,1.263820418362156,560000
2014-09-08,1.220864176750183,1.2665335715030668,1.220864176750183,1.2665335715030668,725000
2014-09-09,1.183786153793335,1.2149860202689937,1.1756470019442806,1.2027774003016036,800000
2014-09-10,1.1824296712875366,1.1846904750122065,1.1575601834789946,1.1711253292456005,299000
2014-09-11,1.1711251735687256,1.1851425644618996,1.157560029605325,1.183333900161349,236000
2014-09-12,1.158916711807251,1.1666036169807474,1.134047223934954,1.1417342369146462,450000
2014-09-15,1.1299777030944824,1.1652470374149337,1.1191255007132446,1.1652470374149337,298000
2014-09-16,1.1417341232299805,1.1666035008197897,1.1213863526508774,1.1448993128211857,544000
2014-09-17,1.1385691165924072,1.1390213636539175,1.125908354994369,1.1340474006207917,118000
2014-09-18,1.121386170387268,1.1394730267151003,1.1146035453612473,1.121386170387268,640000
2014-09-19,1.1186734437942505,1.1417342677436213,1.1082734876184202,1.1417342677436213,159000
2014-09-22,1.0757173299789429,1.0987781589937125,1.056273938753854,1.090186865525221,487000
2014-09-23,1.063056230545044,1.0924473238191623,1.0540128006443632,1.0924473238191623,277000
2014-09-24,1.0784300565719604,1.0784300565719604,1.050395380321763,1.0544649561821602,775000
2014-09-25,1.091995120048523,1.0928995061075504,1.063056167640009,1.0639604458928547,734000
2014-09-26,1.080238938331604,1.0951606116820103,1.0716476457222885,1.0829519894509891,674000
2014-09-29,1.055821418762207,1.0698387021517042,1.0264302189707961,1.049491039670575,386000
2014-09-30,1.0567257404327393,1.066673556418316,1.0458736461433205,1.0458736461433205,633000
2014-10-01,1.0734561681747437,1.0734561681747437,1.0399953918439122,1.060343162691123,163000
2014-10-02,1.0852125883102417,1.0852125883102417,1.0494910104227098,1.0494910104227098,170000
2014-10-03,1.1295255422592163,1.1295255422592163,1.0675780520379148,1.072551906637815,865000
2014-10-06,1.1742902994155884,1.2430205093678908,1.1458034878554288,1.218151026212822,967000
2014-10-07,1.2018730640411377,1.206846918506747,1.172481860821183,1.172481860821183,931000
2014-10-08,1.2027772665023804,1.2262901176806986,1.1846903003407963,1.2262901176806986,285000
2014-10-09,1.1575602293014526,1.2294556448585252,1.144899469207251,1.2208643531910601,350000
2014-10-10,1.1394731998443604,1.1684122606107683,1.1078211964615126,1.1629861597655209,623000
2014-10-13,1.1584645509719849,1.1978034622801705,1.1580124117955808,1.1611776016427964,255000
2014-10-14,1.1281688213348389,1.1476123127787807,1.1087254376970772,1.1439948764007204,925000
2014-10-15,1.1109864711761475,1.1150560471220154,1.0675779845054645,1.1150560471220154,942000
2014-10-16,1.079786777496338,1.1078214588259059,1.0684824339936025,1.07209987134921,506000
2014-10-17,1.0585343837738037,1.1109862922270735,1.0490387080962682,1.1109862922270735,3823000
2014-10-20,1.0603432655334473,1.073004025293053,1.0390912143334252,1.0576302147831897,1014000
2014-10-21,1.0083433389663696,1.0083433389663696,1.0083433389663696,1.0083433389663696,505000
2014-10-22,1.0219085216522217,1.0522040002271646,1.0151258955053466,1.0268823756224732,202000
2014-10-23,0.9879955053329468,1.0119606022535939,0.9834737909669035,1.0029171735215072,1048000
2014-10-24,1.017386794090271,1.0304997992726612,0.9676479315916898,0.9681000707270945,657000
2014-10-27,0.965387225151062,0.990708854811931,0.9219787325618876,0.9694568016517928,1475000
2014-10-28,1.0237172842025757,1.0237172842025757,0.9762392200396078,0.9974913788005543,612000
2014-10-29,1.0273345708847046,1.0304997603252777,1.0029172257905719,1.011508515875659,487000
2014-10-30,1.0716476440429688,1.0716476440429688,1.0182914392722575,1.032308726292166,541000
2014-10-31,1.107369065284729,1.107369065284729,1.0580823368085728,1.0847604890763356,538000
2014-11-03,1.1078212261199951,1.1150559915052856,1.0856647908169765,1.1060125617252192,314000
2014-11-04,1.1114387512207031,1.127264810034237,1.0965170786673903,1.1209344296313057,708000
2014-11-05,1.082951545715332,1.1168644551995246,1.0752646425642307,1.1146035442577003,854000
2014-11-06,1.0626038312911987,1.0820472135716173,1.0449692209766301,1.081595074483241,471000
2014-11-07,1.0879504680633545,1.0879504680633545,1.0323547910248414,1.0735722816362046,1180000
2014-11-10,1.1013703346252441,1.1042458809073248,1.0869920318764177,1.0932225916450142,153000
2014-11-11,1.09226393699646,1.0956188356706806,1.0697381234594543,1.089388276913509,183000
2014-11-12,1.0927432775497437,1.1095178867537236,1.0750101910737901,1.0932225161857305,864000
2014-11-13,1.0783649682998657,1.084116288353016,1.0644660210165284,1.08219910549019,279000
2014-11-14,1.0817196369171143,1.0956185812453099,1.0572767604235065,1.0587145901310882,290000
2014-11-17,1.0625488758087158,1.073092923723349,1.0496085208898263,1.063986705718332,962000
2014-11-18,1.0855541229248047,1.0855541229248047,1.040023143693273,1.0625489568832633,1384000
2014-11-19,1.1238957643508911,1.1238957643508911,1.0807612137782925,1.097056465585523,488000
2014-11-21,1.1981829404830933,1.1981829404830933,1.123416373446423,1.123416373446423,315000
2014-11-24,1.1703853607177734,1.192911287256572,1.1622377337857228,1.1909941044638992,332000
2014-11-25,1.1607999801635742,1.1957869115496587,1.1358777448964452,1.1842843853754712,781000
2014-11-26,1.179012417793274,1.1847636237454375,1.1641548786479334,1.1785331791975104,117000
2014-11-27,1.1977040767669678,1.1981833153557397,1.1876392665290976,1.189077096563079,417000
2014-11-28,1.1574448347091675,1.2001001458738594,1.1406703447536184,1.1675096429501397,1929000
2014-12-01,1.1306058168411255,1.140670627577621,1.1147897999514467,1.1349193071567665,6514060
2014-12-02,1.126292109489441,1.1454631357754832,1.126292109489441,1.1454631357754832,7861590
2014-12-03,1.1267716884613037,1.1440255355948619,1.1243752668441311,1.1392328066281887,269000
2014-12-04,1.1310847997665405,1.1387531871716474,1.108558990323045,1.1258128334176243,146000
2014-12-05,1.108559250831604,1.1262923365975925,1.108559250831604,1.1224581991278493,133000
2014-12-08,1.1023285388946533,1.144983855102442,1.0850746941378668,1.115268893895329,87000
2014-12-09,1.0735721588134766,1.1119139848993544,1.0524841773197748,1.0711757375492816,1021000
2014-12-10,1.1023285388946533,1.1023285388946533,1.0572769156674628,1.0615902911559172,535000
2014-12-11,1.0937014818191528,1.1018491070843075,1.0903465840198325,1.0994526862175722,258000
2014-12-12,1.1353983879089355,1.140670468984271,1.0898674122880352,1.1018492900763557,387000
2014-12-15,1.1636756658554077,1.1742197150696778,1.127250903613357,1.1449839889941573,495000
2014-12-16,1.1334813833236694,1.1526522974510416,1.113351877782864,1.1464217389328795,918000
2014-12-17,1.1430668830871582,1.158403660669033,1.0893882758182616,1.131085004176131,306000
2014-12-18,1.132043480873108,1.1641547485541874,1.1104761467265492,1.1526522236675947,276000
2014-12-19,1.1497766971588135,1.159841507585472,1.1330022035604952,1.1406705924630125,299000
2014-12-22,1.142587661743164,1.1699062043807602,1.13587775003252,1.1454633218666306,558000
2014-12-23,1.1646339893341064,1.1742194448621532,1.126771405718029,1.1315641334820523,677000
2014-12-26,1.1814085245132446,1.1929111630005045,1.17182306861896,1.174219489726355,777000
2014-12-29,1.1924318075180054,1.1981831267486107,1.1631962013869395,1.1828463516454284,91000
2014-12-30,1.1933907270431519,1.2163958960252794,1.1909943052820708,1.2163958960252794,857000
2015-01-02,1.1492974758148193,1.1742197115552273,1.1229374099918747,1.1502560672924003,193000
2015-01-05,1.1023285388946533,1.122937282039196,1.0932223208320828,1.1167067238140327,326000
2015-01-06,1.0855541229248047,1.1119140733212196,1.083157701470041,1.1018493774536064,363000
2015-01-07,1.1406707763671875,1.1675100847193207,1.1071215552262565,1.1181448446256628,330000
2015-01-08,1.1401913166046143,1.1550488568153465,1.1306058583959953,1.1430669769207351,256000
2015-01-09,1.1023285388946533,1.1214994521204924,1.0821990343004597,1.1214994521204924,123000
2015-01-12,1.0544012784957886,1.0994529026914226,1.0544012784957886,1.0951395271102466,227000
2015-01-13,1.068779468536377,1.0807613467478685,1.0443364735505851,1.0544012832431826,319000
2015-01-14,1.0831577777862549,1.0874712681481473,1.0496086749294389,1.054401403908984,87000
2015-01-15,1.0999321937561035,1.1449838154219891,1.0999321937561035,1.1262921413942761,37000
2015-01-16,1.1454633474349976,1.1454633474349976,1.1229374188101446,1.1229374188101446,335000
2015-01-19,1.068779468536377,1.1191031741963866,1.0649452172309297,1.1191031741963866,248000
2015-01-20,1.0400232076644897,1.073572310221117,1.0400232076644897,1.073572310221117,1745000
2015-01-21,1.0730928182601929,1.0730928182601929,1.0352302343192845,1.0544011455398492,113000
2015-01-22,1.0927432775497437,1.1214996525271292,1.0726137693585032,1.0726137693585032,52000
2015-01-23,1.080761432647705,1.0946602662151226,1.0476915695646396,1.0774064196384072,189000
2015-01-26,1.075009822845459,1.075009822845459,1.0352301729925577,1.0544010830774433,181000
2015-01-27,1.0591940879821777,1.0879504606402728,1.040023172876781,1.040023172876781,512000
2015-01-28,1.0443364381790161,1.058714737252878,1.026124116464883,1.058714737252878,684000
2015-01-29,1.0735721588134766,1.0879503435956808,1.044336436435636,1.044336436435636,119000
2015-01-30,1.0448158979415894,1.0639868129788845,1.017018002576911,1.0639868129788845,279000
2015-02-02,1.12149977684021,1.12149977684021,1.0227695222871904,1.0357098810346252,309000
2015-02-03,1.1492974758148193,1.1492974758148193,1.0798028503187858,1.144025508357298,282000
2015-02-04,1.1013703346252441,1.1330023721372933,1.069738297113195,1.1205412526001,955000
2015-02-05,1.046733021736145,1.1047251227664903,1.0304377659495052,1.0913054129728015,1226000
2015-02-06,1.0534428358078003,1.054401427332073,1.0232486311391469,1.0232486311391469,469000
2015-02-09,1.052484154701233,1.0740513742772186,1.0342717191412443,1.0376266174248943,680000
2015-02-10,1.03762686252594,1.054880710822905,1.0304378257250177,1.03762686252594,590000
2015-02-11,1.0208520889282227,1.0208520889282227,0.9896992999006142,1.0184556678025687,1508000
2015-02-12,1.0639867782592773,1.0668624382745677,1.0256449494358428,1.0256449494358428,155000
2015-02-13,1.099453091621399,1.1114349718379084,1.0635076795072271,1.0639869181502304,207000
2015-02-18,1.0831577777862549,1.0927432357453453,1.0452951845675464,1.0740515584448174,164000
2015-02-19,1.0879504680633545,1.0989737557509363,1.0855541607926635,1.0922639582718,152000
2015-02-20,1.0730928182601929,1.0783647845655548,1.0491290649668428,1.0783647845655548,139000
2015-02-23,1.0740514993667603,1.0908261070063194,1.052004924419987,1.0539219930528225,218000
2015-02-24,1.068779468536377,1.0826784152667626,1.066383047187015,1.0702172984924623,701000
2015-02-25,1.0663830041885376,1.0730929151356,1.0472120912372842,1.0544012407278316,411000
2015-02-26,1.080761432647705,1.0893882988022288,1.0515257069071682,1.0635075860709897,1394000
2015-02-27,1.126292109489441,1.1387532251549264,1.089388115280799,1.0922637749370878,1016000
2015-03-02,1.1143105030059814,1.1258130289778745,1.1028079770340882,1.1229373689179851,414000
2015-03-03,1.0999321937561035,1.1406704400830188,1.0831575881310054,1.1406704400830188,923000
2015-03-04,1.0639867782592773,1.099932299915079,1.061590356823981,1.099932299915079,559000
2015-03-05,1.0548807382583618,1.0841164676741362,1.0548807382583618,1.0841164676741362,83000
2015-03-06,1.0903468132019043,1.0903468132019043,1.0515256325814037,1.0678208865368435,428000
2015-03-09,1.0544012784957886,1.0793235119321778,1.0520048571572163,1.0778856819825662,681000
2015-03-10,1.0678209066390991,1.0711758052067495,1.0313961467033281,1.0438572638218369,622000
2015-03-11,1.0544012784957886,1.0778856819825662,1.0472121287477307,1.0706965322345083,346000
2015-03-12,1.1008907556533813,1.1018493470623798,1.06782089465636,1.06782089465636,370000
2015-03-13,1.0496083498001099,1.0889087609656547,1.0496083498001099,1.0889087609656547,546000
2015-03-16,1.056797742843628,1.074530943438745,1.0323548585978592,1.0544014354160862,628000
2015-03-17,1.107121229171753,1.107121229171753,1.0472120702650436,1.0534426282761886,241000
2015-03-18,1.1119139194488525,1.1344398437892538,1.0927430075343696,1.0927430075343696,276000
2015-03-19,1.1023285388946533,1.1167067238140327,1.092743082281734,1.1090383356701659,113000
2015-03-20,1.1679892539978027,1.168947731290907,1.0850749119572884,1.1377950481791144,1056000
2015-03-23,1.1497766971588135,1.1713440338054142,1.1401912395975837,1.1507352886220035,337000
2015-03-24,1.1449840068817139,1.172781903304668,1.1310850586702368,1.1579243635977654,79000
2015-03-25,1.1306058168411255,1.1742197300747066,1.12677167940567,1.1598415432902414,252000
2015-03-26,1.0970563888549805,1.1119138098438657,1.0855538656936616,1.1052040141887327,281000
2015-03-27,1.0783649682998657,1.1282094373800646,1.0783649682998657,1.1018493728266776,295000
2015-03-30,1.1023285388946533,1.1214994521204924,1.092743082281734,1.092743082281734,289000
2015-03-31,1.100411295890808,1.1262920017872546,1.0941807386538653,1.1109553421997047,753000
2015-04-01,1.1574448347091675,1.1665510516951185,1.1262920472665152,1.1262920472665152,271000
2015-04-02,1.1885976791381836,1.21064425065189,1.1636754479891853,1.1636754479891853,234000
2015-04-06,1.2077686786651611,1.227898183305367,1.1953075621863507,1.1953075621863507,167000
2015-04-07,1.1742196083068848,1.2264603824866527,1.1564865245384177,1.2264603824866527,369000
2015-04-08,1.1454633474349976,1.2034553327261417,1.1358777753869234,1.1977041266185013,261000
2015-04-09,1.1119139194488525,1.1454631295668463,1.1119139194488525,1.1454631295668463,281000
2015-04-10,1.1694270372390747,1.1694270372390747,1.1056836148328337,1.1123935269534786,502000
2015-04-13,1.1603204011917114,1.1842840379698127,1.1507349464804708,1.1679887878142305,503000
2015-04-14,1.1574448347091675,1.1823670646632891,1.1358775027461554,1.1823670646632891,168000
2015-04-15,1.1694270372390747,1.1828466329450154,1.1531316669662797,1.1531316669662797,100000
2015-04-16,1.1742196083068848,1.1794915753008455,1.141149747851693,1.1794915753008455,304000
2015-04-17,1.1598414182662964,1.178533093351552,1.1588828268769273,1.1732610121115106,229000
2015-04-20,1.1545692682266235,1.164634077278441,1.135877594255186,1.157924166488012,254000
2015-04-22,1.12149977684021,1.1675101190252732,1.1080801794036668,1.1550489989669463,1338000
2015-04-23,1.1310847997665405,1.1550485532578667,1.1143103094437867,1.1358775276112767,1056000
2015-04-24,1.1615787744522095,1.1730106594539182,1.1282772427745698,1.1362298738848713,537000
2015-04-27,1.1262890100479126,1.1749987970113527,1.1183363796760053,1.1749987970113527,576000
2015-04-28,1.168040156364441,1.168040156364441,1.0994488536040885,1.1233067444132836,396000
2015-04-29,1.1277801990509033,1.1521350939018125,1.1277801990509033,1.1511409706107412,789000
2015-04-30,1.1382180452346802,1.1382180452346802,1.0934846268575942,1.1213187775484215,1501000
2015-05-04,1.1675430536270142,1.168040055943898,1.12131852006792,1.1312592774246462,329000
2015-05-05,1.1754958629608154,1.1874247499123254,1.1680402345516259,1.172016609204258,222000
2015-05-06,1.1804662942886353,1.1804662942886353,1.1585966474990168,1.163069906237967,128000
2015-05-07,1.1730104684829712,1.1804660959673212,1.1670460849986697,1.1769868426423507,129000
2015-05-08,1.1829516887664795,1.1879220690342709,1.150644157774229,1.1854368196487686,187000
2015-05-11,1.1978626251220703,1.2023358836473503,1.1705254790634374,1.1874247453889668,964000
2015-05-12,1.1923952102661133,1.1923952102661133,1.1705255629537485,1.1794721991486974,289000
2015-05-13,1.1481586694717407,1.1764899377556726,1.1446794158585958,1.1660520584130494,849000
2015-05-14,1.1332476139068604,1.1576025094672608,1.118833477533987,1.1486558735997652,362000
2015-05-15,1.1754958629608154,1.1774839910355348,1.1431883373596496,1.1431883373596496,503000
2015-05-18,1.1779812574386597,1.1978628981513257,1.156111606708913,1.1874250160391127,4669000
2015-05-19,1.2152591943740845,1.2227148245986617,1.1844427869512024,1.1844427869512024,1801000
2015-05-20,1.1953775882720947,1.2102887291763553,1.172016812705741,1.194383583313739,1437000
2015-05-21,1.1740046739578247,1.1923950650376631,1.1566082876101367,1.1923950650376631,913000
2015-05-22,1.1580995321273804,1.1705255405806816,1.1531291524466998,1.1705255405806816,1746000
2015-05-25,1.1928919553756714,1.1928919553756714,1.1511406836110991,1.152134806654318,116000
2015-05-26,1.1541231870651245,1.1749988275205243,1.1541231870651245,1.1720165762407257,2030000
2015-05-27,1.1312594413757324,1.1431883282319977,1.1083956724410287,1.1431883282319977,1426000
2015-05-28,1.10342538356781,1.1312595341847493,1.10342538356781,1.1312595341847493,1456000
2015-05-29,1.06863272190094,1.1108808908849812,1.06863272190094,1.0944786257196468,3669000
2015-06-01,1.0909991264343262,1.100939883784279,1.0661472330594437,1.0785732389984726,1948000
2015-06-02,1.1019341945648193,1.1098868254996408,1.0810585531738128,1.0924904379232694,1480000
2015-06-03,1.10342538356781,1.1108808940259318,1.0800646103276652,1.090005369940629,1319000
2015-06-05,1.0736031532287598,1.1208218227750348,1.0736031532287598,1.0934846733528318,717000
2015-06-08,1.0661472082138062,1.0929872287325606,1.065153085100708,1.0835435924224037,1041000
2015-06-09,1.0989519357681274,1.1064075642516809,1.0537213994753574,1.080561543512955,1021000
2015-06-10,1.110880732536316,1.1203244883467458,1.0845377115411472,1.105413351094944,1149000
2015-06-11,1.1103836297988892,1.1108806321113975,1.086028738938368,1.0994487494014866,448000
2015-06-12,1.1103836297988892,1.1103836297988892,1.0835436088726522,1.1074013789174908,1373000
2015-06-15,1.0815556049346924,1.0974607472843292,1.0815556049346924,1.0954726193035231,869000
2015-06-16,1.1133660078048706,1.1133660078048706,1.0686325949857383,1.0924903677546671,590000
2015-06-17,1.1252949237823486,1.1252949237823486,1.1083956577513414,1.1133660370841783,439000
2015-06-18,1.1407032012939453,1.1426913293589078,1.121318686028377,1.1277801911168999,831000
2015-06-19,1.1282771825790405,1.135732810879427,1.1059104161810729,1.1282771825790405,658000
2015-06-22,1.1516379117965698,1.1516379117965698,1.1287741438458516,1.1426912766652044,370000
2015-06-23,1.1556143760681152,1.1764900176681403,1.1352357368742443,1.1605847556392452,631000
2015-06-24,1.1655548810958862,1.176986763467424,1.1456733671459371,1.1456733671459371,784000
2015-06-25,1.1133660078048706,1.158099420624003,1.1098867542137014,1.1496497878307077,1477000
2015-06-26,1.1501469612121582,1.1501469612121582,1.1049165392985822,1.1133661733482303,2324000
2015-06-29,1.1580995321273804,1.1580995321273804,1.1054134838115257,1.123306874362616,1497000
2015-06-30,1.1754958629608154,1.1754958629608154,1.12927132233342,1.1501468448727643,4329000
2015-07-01,1.1362298727035522,1.1749989048872655,1.1208217314143112,1.1745017839724399,875000
2015-07-02,1.1600878238677979,1.1665492110508071,1.143685558434058,1.143685558434058,366000
2015-07-03,1.1571054458618164,1.172513586236618,1.146667566314714,1.1471646872000365,649000
2015-07-06,1.1372239589691162,1.1630698610794374,1.1282772048321945,1.1576024792201147,413000
2015-07-07,1.1307623386383057,1.1382178478231417,1.1198274575302736,1.128774092252713,621000
2015-07-08,1.1307623386383057,1.1476616033935703,1.1307623386383057,1.1327504665207164,448000
2015-07-10,1.1506439447402954,1.1556143240878547,1.1431883164673609,1.1446794421219477,270000
2015-07-13,1.160584568977356,1.1660519500752973,1.1481585627964614,1.148655683625858,158000
2015-07-14,1.1819573640823364,1.1829514873679294,1.1576024693656373,1.1600877183280236,254000
2015-07-15,1.174501657485962,1.1918980435546278,1.174501657485962,1.1779809109990582,183000
2015-07-16,1.1869276762008667,1.1894128065191443,1.1725135411446603,1.17798092264742,163000
2015-07-17,1.1630702018737793,1.1720169586322144,1.1630702018737793,1.1720169586322144,76000
2015-07-20,1.168040156364441,1.168040156364441,1.1362297537886994,1.1546201446294122,121000
2015-07-21,1.143188238143921,1.1620757494725178,1.1426912357941734,1.1615786286195875,177000
2015-07-22,1.1446795463562012,1.1481588003659937,1.1357329101171922,1.1362299125462478,62000
2015-07-23,1.1332476139068604,1.1476617502797337,1.109389839258074,1.1476617502797337,315000
2015-07-24,1.1208218336105347,1.1282773444775338,1.092987562963898,1.1267862186034923,197000
2015-07-27,1.1168452501296997,1.1243008781092725,1.115354124533785,1.1213186269174433,240000
2015-07-28,1.0934845209121704,1.1332475556170232,1.0934845209121704,1.1307624251995654,224000
2015-07-29,1.102431297302246,1.1153543089346012,1.094975786593245,1.108395800672012,264000
2015-07-30,1.1407032012939453,1.1407032012939453,1.1133660552653342,1.118336434679337,755000
2015-07-31,1.1725136041641235,1.1725136041641235,1.1247979381573785,1.1367268250332665,507000
2015-08-03,1.1630702018737793,1.187922224978391,1.1630702018737793,1.1680405827940559,200000
2015-08-04,1.1640640497207642,1.1779810655996457,1.1585966675545178,1.1730106858567309,223000
2015-08-05,1.143188238143921,1.1466674915985187,1.133247480129875,1.140703107892001,206000
2015-08-06,1.1302653551101685,1.13275060414251,1.1168453421444744,1.1168453421444744,216000
2015-08-07,1.1173423528671265,1.1282772353850743,1.1009400883418032,1.1282772353850743,774000
2015-08-10,1.0870230197906494,1.1327505572652348,1.0750941330373809,1.1039222858997122,285000
2015-08-11,1.0860289335250854,1.0860289335250854,1.0686326644386157,1.0696266692417309,69000
2015-08-12,1.092490553855896,1.0989520597696691,1.0616741501519946,1.078573537120513,151000
2015-08-13,1.0934845209121704,1.0934845209121704,1.0706207522562419,1.0775792596289528,329000
2015-08-14,1.0870230197906494,1.092490401531066,1.0562066203834473,1.069129630409151,201000
2015-08-17,1.083046555519104,1.089011057653425,1.0810584276420576,1.0865259274329122,97000
2015-08-18,1.10342538356781,1.1088927658039796,1.0591889677391602,1.0591889677391602,283000
2015-08-19,1.0835437774658203,1.1034252950976935,1.0437806236988814,1.1034252950976935,345000
2015-08-20,1.0929875373840332,1.0929875373840332,1.0537215001273932,1.0686327585188313,310000
2015-08-21,1.0437806844711304,1.0750942069180158,1.033342922657635,1.074100083577264,715000
2015-08-24,1.0089880228042603,1.0234021594234866,0.9851301884961197,0.9935798220996113,83000
2015-08-25,1.0189288854599,1.0214141348028083,1.008988125094688,1.0184318829926027,189000
2015-08-26,1.06863272190094,1.06863272190094,1.0238991852658819,1.0243963061973658,271000
2015-08-27,1.0880171060562134,1.0880171060562134,1.050739317347113,1.068632708068889,619000
2015-08-28,1.0427865982055664,1.0696266227748135,1.0398043469193856,1.0691296203948468,1742000
2015-08-31,1.0611770153045654,1.0611770153045654,0.9995442155861324,1.0268813616955783,672000
2015-09-01,0.999544084072113,1.0343368539983813,0.9970589539363383,1.0338397331686842,1155000
2015-09-02,1.0089880228042603,1.0099821461412823,0.9741953650532718,1.0099821461412823,182000
2015-09-03,1.0403014421463013,1.0437806961229723,0.9881124547414329,1.0074969120768869,163000
2015-09-04,1.0209170579910278,1.0393075721150227,1.0040177883398493,1.0388104511230118,1247000
2015-09-08,1.040798544883728,1.040798544883728,1.0139583998848933,1.0383132957991401,437000
2015-09-09,1.0437806844711304,1.0581948211444334,1.0288695453790513,1.0581948211444334,111000
2015-09-10,1.0880171060562134,1.0880171060562134,1.0432836885033725,1.0432836885033725,432000
2015-09-11,1.0964667797088623,1.1009400381914947,1.073603010896684,1.0880170281234642,219000
2015-09-14,1.143188238143921,1.143188238143921,1.107898582745013,1.107898582745013,364000
2015-09-15,1.1133660078048706,1.1521350366833645,1.1133660078048706,1.1521350366833645,659000
2015-09-16,1.143188238143921,1.143188238143921,1.1108807153466802,1.1198274686612315,5872000
2015-09-17,1.1411999464035034,1.1426910717418528,1.1163480549362914,1.1426910717418528,3211000
2015-09-18,1.1183364391326904,1.1327505750416549,1.10094005186281,1.1138630620913166,455000
2015-09-21,1.110880732536316,1.1223126162796826,1.0934844649941393,1.1024310999439466,683000
2015-09-22,1.0909991264343262,1.0959695051093026,1.0581946034788463,1.0959695051093026,1136000
2015-09-23,1.0437806844711304,1.0760882117555681,1.0437806844711304,1.0760882117555681,2320000
2015-09-24,1.0432838201522827,1.0522305758937358,1.001035527880701,1.0432838201522827,1942000
2015-09-25,1.0412957668304443,1.052230651802219,1.0065031018334452,1.0492483996732602,1214000
2015-09-28,1.0427865982055664,1.0427865982055664,1.025887213751605,1.025887213751605,592000
2015-09-29,1.02886962890625,1.0562067787126526,1.0189288687045053,1.0447748926303253,6177000
2015-09-30,1.0711177587509155,1.0711177587509155,1.0388102336776046,1.0437806130347915,1857000
2015-10-01,1.0417925119400024,1.0646562812751046,1.0323487553661135,1.061177027485397,300000
2015-10-02,1.0885140895843506,1.0885140895843506,1.0278754171544038,1.030857549812282,1725000
2015-10-05,1.06863272190094,1.0979579982272285,1.06863272190094,1.0895082459272185,307000
2015-10-06,1.06863272190094,1.0964668724391797,1.048751084228024,1.0785734814857968,1652000
2015-10-07,1.0586917400360107,1.0800643805064312,1.0457687315883364,1.07509400175757,1280000
2015-10-08,1.0487511157989502,1.0586919941862627,1.0447748592465895,1.0447748592465895,273000
2015-10-09,1.062667965888977,1.062667965888977,1.0437804560700739,1.0567034641560236,344000
2015-10-13,1.0860289335250854,1.0860289335250854,1.0447747716159204,1.0636622849134536,364000
2015-10-14,1.0736031532287598,1.0979580509317104,1.0671416473381157,1.0835439132907958,618000
2015-10-15,1.0994490385055542,1.0994490385055542,1.0736031339112349,1.0736031339112349,318000
2015-10-16,1.1352359056472778,1.1352359056472778,1.0666445862664435,1.1083958756735661,2221000
2015-10-19,1.1357330083847046,1.146170771317193,1.0994491023505997,1.1203247467187887,1552000
2015-10-20,1.1257920265197754,1.1491527971572073,1.1133660191363985,1.1357327850252013,877000
2015-10-21,1.140206217765808,1.140206217765808,1.1014373010672078,1.1252950777273916,739000
2015-10-22,1.1556143760681152,1.1680402657443423,1.1332476087464316,1.1337446111525855,718000
2015-10-23,1.1501469612121582,1.1675433502578136,1.134241816502376,1.1655552219819916,1156000
2015-10-26,1.0701239109039307,1.1441826097369114,1.0641594073993974,1.1397092321085114,1268000
2015-10-27,1.092490553855896,1.092490553855896,1.0562067676492666,1.068632777022894,867000
2015-10-28,1.0770821571350098,1.0870229148872637,1.058691767143658,1.080064408161322,30000
2015-10-29,1.0447747707366943,1.0780763016769364,1.0447747707366943,1.0601829117007717,664000
2015-10-30,1.0929875373840332,1.0929875373840332,1.0427867353112796,1.0447748635957361,1267000
2015-11-03,1.1158511638641357,1.131756425078679,1.072608875659635,1.072608875659635,837000
2015-11-04,1.1302653551101685,1.1421943608602931,1.1228098450195367,1.1282772269862131,719000
2015-11-05,1.1526319980621338,1.1526319980621338,1.1133659682107822,1.132750481960667,483000
2015-11-06,1.1083955764770508,1.155614235928238,1.0944784442636817,1.1531289871924575,381000
2015-11-09,1.0885140895843506,1.110880736285957,1.0795673361011597,1.1103837339268414,198000
2015-11-10,1.089011311531067,1.0964669409370746,1.0591890309134546,1.0721120428817283,280000
2015-11-11,1.1208218336105347,1.1218158385244232,1.0939816863809952,1.0939816863809952,151000
2015-11-12,1.0184316635131836,1.0984548501598086,1.0154494123456745,1.0984548501598086,1112000
2015-11-13,1.01395845413208,1.0303607197576519,1.01395845413208,1.014455456574308,579000
2015-11-16,1.0189288854599,1.0388104061903234,1.0114733744375966,1.0114733744375966,448000
2015-11-17,1.0040174722671509,1.0209167365983063,1.0015323421023004,1.0189286087657903,652000
2015-11-18,1.0114730596542358,1.023401944679426,1.004017432449008,1.0089878110847685,463000
2015-11-19,1.0089880228042603,1.0234021594234866,0.9990472634468349,1.0154495282369067,590000
2015-11-23,0.9990473389625549,1.0179348542712467,0.9901006430142918,1.0154496049924366,1612000
2015-11-24,0.9891067147254944,1.0015327258200677,0.9866215243569022,0.9990474761998633,735000
2015-11-25,0.9940770268440247,1.004514790120652,0.984633268544286,0.993082962615528,1165000
2015-11-26,1.0089880228042603,1.0154495282369067,0.992088755597277,1.0015325125377907,199000
2015-11-27,0.9602780938148499,1.0035204355818859,0.9602780938148499,0.992585555122606,412000
2015-11-30,0.9543135762214661,0.9687277096557421,0.9543135762214661,0.9592839548019226,2298000
2015-12-01,0.9319471120834351,0.9563020089368819,0.9269767322257848,0.9528227548868471,1079000
2015-12-02,0.9090832471847534,0.9344322055424088,0.8971543012069645,0.9294618261978956,814000
2015-12-03,0.8946690559387207,0.9458640311077936,0.8946690559387207,0.9344321474754874,274000
2015-12-04,0.8847285509109497,0.8946693118254264,0.8797581704537114,0.8946693118254264,839000
2015-12-07,0.8723024129867554,0.9061010047091999,0.8698172232902756,0.8797579820761947,238000
2015-12-08,0.8474506139755249,0.8737936396534194,0.8474506139755249,0.8683261979885647,899000
2015-12-09,0.8772727251052856,0.900633553862027,0.8598763985639797,0.8608704625160216,1447000
2015-12-10,0.8842312097549438,0.8842312097549438,0.8539118768774747,0.8752845165081836,170000
2015-12-11,0.8688230514526367,0.8832371262029864,0.8643496750031019,0.8698171153575593,662000
2015-12-14,0.8275688886642456,0.8648467910867185,0.8206103816396516,0.8648467910867185,513000
2015-12-15,0.8275688886642456,0.8459593386964872,0.8275688886642456,0.8394978340298829,145000
2015-12-16,0.8439711928367615,0.8638527694197045,0.819616357806499,0.8211074242050738,449000
2015-12-17,0.8698170781135559,0.8787637713779556,0.8603733232921837,0.8683259526942249,246000
2015-12-18,0.8275688886642456,0.8464563410544768,0.8240896351519487,0.8444682131193335,976000
2015-12-21,0.8201132416725159,0.8216043671072003,0.8086813590087176,0.8196162393620123,665000
2015-12-22,0.8086815476417542,0.8235926869635968,0.7987407880938591,0.8032141654413723,256000
2015-12-23,0.8181250691413879,0.8394977078643153,0.8116635654458633,0.8221013836656788,579000
2015-12-28,0.7902912497520447,0.8056994526123831,0.7902912497520447,0.7972497585751349,619000
2015-12-29,0.7937701344490051,0.8027168268055942,0.7818411915563597,0.7912849454194848,339000
2015-12-30,0.7952615022659302,0.8012259459055742,0.7654391655645136,0.78879999696815,1543000
2016-01-04,0.7604687213897705,0.7743857948677874,0.7554983422370212,0.7709065413111814,379000
2016-01-05,0.7579836249351501,0.7679243844619166,0.7554984350534585,0.7679243844619166,1182000
2016-01-06,0.7599719166755676,0.7689186133276522,0.7435696493553474,0.756492602962484,358000
2016-01-07,0.7231907844543457,0.7654390018028007,0.7202085336467616,0.7654390018028007,474000
2016-01-08,0.7067885994911194,0.7241849261516551,0.6938655902712275,0.7236878645464315,513000
2016-01-11,0.6883981227874756,0.7187174574861037,0.6849188694413025,0.7187174574861037,662000
2016-01-12,0.7033094763755798,0.7157354865919915,0.6943627798305996,0.7023154121487171,313000
2016-01-13,0.6844218969345093,0.6923745278336059,0.6695107584374013,0.6918774661830632,1682000
2016-01-14,0.6585760712623596,0.6774635291057358,0.6461500606995302,0.6734872128358235,1020000
2016-01-15,0.6312388777732849,0.6456530159009882,0.6282566852049228,0.6416766998915664,1070000
2016-01-18,0.6043985486030579,0.638197191605776,0.6024104210154072,0.638197191605776,60000
2016-01-19,0.6078779697418213,0.619806855909552,0.5984342138784078,0.6058897825461377,93000
2016-01-20,0.5999253392219543,0.603404592748516,0.5865052682241422,0.5914757065855638,807000
2016-01-21,0.6113572716712952,0.613842461423959,0.6014165126606396,0.6063868921659674,58000
2016-01-22,0.655096709728241,0.655096709728241,0.6138425425326733,0.6138425425326733,360000
2016-01-26,0.6411795020103455,0.6511202602970806,0.6262683645802428,0.6411795020103455,114000
2016-01-27,0.6779604554176331,0.6869071512065985,0.6486351780677798,0.653108555588064,310000
2016-01-28,0.6928715109825134,0.6928715109825134,0.6630491781155399,0.6744810615184215,174000
2016-01-29,0.7157352566719055,0.7241848887633227,0.6864099862643428,0.692374428961132,500000
2016-02-01,0.7157352566719055,0.7346227079213954,0.7107648186310608,0.7202085738816002,146000
2016-02-02,0.7072857618331909,0.7072857618331909,0.6958538755914785,0.7028124433806799,28000
2016-02-03,0.7261731624603271,0.7346228555008038,0.7038064534153966,0.7072857074165101,220000
2016-02-04,0.7604687213897705,0.776870984444162,0.7311434488375933,0.7311434488375933,312000
2016-02-05,0.7952615022659302,0.809178576926165,0.7689184786682711,0.7689184786682711,450000
2016-02-10,0.7952615022659302,0.8022200099702484,0.7902911226909605,0.7952615022659302,229000
2016-02-11,0.7445636987686157,0.7803504846643798,0.7306466219482194,0.7803504846643798,622000
2016-02-12,0.7445636987686157,0.7455577629875852,0.7311436244319004,0.74058738264113,184000
2016-02-15,0.7445636987686157,0.7589777780726931,0.7381021924679023,0.7589777780726931,83000
2016-02-16,0.7853208184242249,0.7853208184242249,0.7450606570539898,0.7450606570539898,247000
2016-02-17,0.8022199273109436,0.8186221900686035,0.780847285490453,0.784823600591036,500000
2016-02-18,0.7902912497520447,0.7922793782010397,0.7564925921062676,0.7922793782010397,216000
2016-02-19,0.7704095840454102,0.7768710896694985,0.7634510759896851,0.7768710896694985,406000
2016-02-22,0.8101726174354553,0.816137060901686,0.7793562175653368,0.784326596995795,118000
2016-02-23,0.7704095840454102,0.8161371258456653,0.7704095840454102,0.8161371258456653,662000
2016-02-24,0.7455575466156006,0.7530131149715658,0.735616788807647,0.7510249871106112,126000
2016-02-25,0.7654391527175903,0.7664332760171778,0.741084316909643,0.7475457628473778,200000
2016-02-26,0.7455575466156006,0.77786506874304,0.7395931037811465,0.77786506874304,85000
2016-02-29,0.769415557384491,0.774882999159851,0.755995543051412,0.7624570489900364,263000
2016-03-01,0.7803503274917603,0.8002318448731874,0.7803503274917603,0.7902910861824739,221000
2016-03-02,0.7947642207145691,0.7952612822351798,0.7728945210845931,0.7733915826052037,192000
2016-03-03,0.8449652791023254,0.8643497339508772,0.7947643670868116,0.8136518195748014,166000
2016-03-04,0.8946690559387207,0.9070950627794298,0.8549060236535458,0.8549060236535458,333000
2016-03-07,0.8896988034248352,0.9120655715175581,0.8887047393266609,0.9085862582965477,78000
2016-03-08,0.9289649128913879,0.9289649128913879,0.8822433040419296,0.9031189480233924,128000
2016-03-09,0.9190241694450378,0.9428820063953246,0.9070952805956976,0.9394027520852342,417000
2016-03-10,0.8723024129867554,0.889698740862114,0.8424801366289978,0.889698740862114,3570000
2016-03-11,0.9185270071029663,0.9319470195356153,0.88323723066589,0.8847283563254278,3121000
2016-03-14,0.8936749696731567,0.9379113775370982,0.8762786434826562,0.9180298618908118,1491000
2016-03-15,0.8027169704437256,0.8727993965689553,0.7813443291151158,0.8727993965689553,450000
2016-03-16,0.8146460056304932,0.8146460056304932,0.786811797486499,0.7952614900352748,332000
2016-03-17,0.8946690559387207,0.8946690559387207,0.8524208341357224,0.8524208341357224,415000
2016-03-18,0.8941722512245178,0.9145508334755736,0.8832373675278898,0.9001366955352935,403000
2016-03-21,0.9727041721343994,0.9771774898357197,0.914550686507663,0.9344322038497006,165000
2016-03-22,0.9622664451599121,0.9891065317258542,0.9294619146631835,0.9801598362038735,238000
2016-03-23,0.9095805287361145,0.9627636479821731,0.8946693278457839,0.9627636479821731,243000
2016-03-24,0.92697674036026,0.92697674036026,0.8683261864233911,0.8757817562752911,129000
2016-03-28,0.9418877959251404,0.955804870255794,0.9269766575533538,0.9269766575533538,254000
2016-03-29,0.9543135762214661,0.966739581924194,0.9418876297703245,0.9418876297703245,79000
2016-03-30,0.9443730115890503,0.9841361075907571,0.9438760091806331,0.944870073249066,255000
2016-03-31,0.9165388345718384,0.9448700448046863,0.9165388345718384,0.9448700448046863,402000
2016-04-01,0.9567989706993103,0.9677338533225933,0.951828591052945,0.9582900964435398,34000
2016-04-04,0.9120655059814453,0.9294618338300898,0.8896987394958777,0.9294618338300898,222000
2016-04-05,0.9026217460632324,0.9379114632614798,0.8896987360113571,0.9095803127263945,97000
2016-04-06,0.8673321008682251,0.8906929332283902,0.85490615142201,0.8906929332283902,144000
2016-04-07,0.8862195014953613,0.8906928785724576,0.8797579963295091,0.8906928785724576,52000
2016-04-08,0.9319471120834351,0.9438760592927564,0.8941722014646529,0.8941722014646529,134000
2016-04-11,0.9046099185943604,0.9369173839450903,0.9011306056937751,0.9369173839450903,149000
2016-04-12,0.9339351654052734,0.9433789219281886,0.9046099502982562,0.9433789219281886,67000
2016-04-13,0.9741953015327454,0.9741953015327454,0.9394025867987492,0.9394025867987492,205000
2016-04-14,0.9389055967330933,0.9612723041223831,0.9145507020249087,0.9612723041223831,222000
2016-04-15,0.9413907527923584,0.9558048288940211,0.9269766174391013,0.9344321863023601,138000
2016-04-18,0.9294619560241699,0.9488464737263378,0.9294619560241699,0.9438760936875671,40000
2016-04-19,0.9443730115890503,0.9538167683681601,0.9319470626046414,0.9398996936553026,39000
2016-04-20,0.9503374695777893,0.9563019725815005,0.9433789617422588,0.9543137851630636,50000
2016-04-22,0.9567989706993103,0.9612723479319986,0.9354263263696196,0.9394026419370317,96000
2016-04-25,0.9642546772956848,0.9667398673195766,0.937414589486691,0.9592842379962973,73000
2016-04-26,0.9627633094787598,0.9682306906063506,0.9433787966129676,0.9443728605223851,58000
2016-04-27,0.9692248702049255,0.9801596923484264,0.9592840527771336,0.9662426190514287,175000
2016-04-28,0.9632605314254761,0.9806569204387087,0.9632605314254761,0.9717102247109785,93000
2016-04-29,0.9815912842750549,0.9873995364665425,0.9609985045870996,0.9858154619647709,316000
2016-05-02,0.973671019077301,0.9810633461073972,0.959942456696428,0.9615265312703791,281000
2016-05-03,0.9398775100708008,0.9504379216308071,0.9224528184077871,0.9314292185898068,275000
2016-05-04,0.9345974922180176,0.9372375956388864,0.9198129004721456,0.9372375956388864,165000
2016-05-05,0.929317057132721,0.9340692798901407,0.9140044232855001,0.9240368515878203,165000
2016-05-06,0.9493818879127502,0.9493818879127502,0.9319571963442776,0.9462138022289482,120000
2016-05-09,0.9235090613365173,0.9462140269947504,0.9166447796401964,0.9462140269947504,30000
2016-05-10,0.9456856846809387,0.9456856846809388,0.9345972282669047,0.9393494508493534,214000
2016-05-11,0.9646944999694824,0.9715587798759363,0.9309011461781008,0.9715587798759363,34000
2016-05-12,0.9974318742752075,0.9974318742752075,0.954662118455534,0.9757830049544528,484000
2016-05-13,0.9309012293815613,0.9752549983948756,0.9309012293815613,0.9752549983948756,206000
2016-05-16,0.9108365178108215,0.9182287818572314,0.8923557947497692,0.9134766211052576,207000
2016-05-17,0.897107720375061,0.9055560738810035,0.8733467969527356,0.8733467969527356,71000
2016-05-18,0.8659544587135315,0.8971077067154617,0.8633143561512497,0.8971077067154617,253000
2016-05-19,0.869650661945343,0.869650661945343,0.8406095313480734,0.8448337083875884,121000
2016-05-20,0.8817952871322632,0.8817952871322632,0.8585624041490367,0.8643705934223307,59000
2016-05-23,0.8680667877197266,0.8680667877197266,0.8395536354088923,0.8506420310755844,192000
2016-05-24,0.8268811702728271,0.8606745317590567,0.811040549779447,0.8585624742046182,376000
2016-05-25,0.8342733383178711,0.8501139557868451,0.8200167322397798,0.8369134412293668,132000
2016-05-27,0.8395535349845886,0.8527540493981005,0.835857340592791,0.8480018264422255,174000
2016-05-30,0.8363853693008423,0.8363853693008422,0.8242408836989263,0.8321611921856085,63000
2016-05-31,0.8316332101821899,0.8321611929814638,0.8200167073679333,0.8200167073679333,189000
2016-06-01,0.8179046511650085,0.8274090339573951,0.8131524282963071,0.8221288282888489,406000
2016-06-02,0.8342733383178711,0.8369134412293668,0.8131524520808873,0.8184326579038786,469000
2016-06-03,0.8279370665550232,0.8443057302900461,0.8210727861840452,0.8437777474584449,380000
2016-06-06,0.8184327483177185,0.8369135336848146,0.8142086335486942,0.8263531208722028,171000
2016-06-07,0.8390254974365234,0.8390254974365234,0.813152451165966,0.8136804969256783,161000
2016-06-08,0.8976356387138367,0.8976356387138366,0.8263528156157086,0.826880798294286,442000
2016-06-09,0.8912995457649231,0.891299545764923,0.8553941347087586,0.8844352658219036,639000
2016-06-10,0.869650661945343,0.8971077812296829,0.8464177826455335,0.8717627819376083,190000
2016-06-13,0.8765150904655457,0.8765150904655457,0.8601464252648928,0.8654266946688358,240000
2016-06-14,0.855394184589386,0.8643705221406104,0.8527540816069658,0.85909031617577,77000
2016-06-15,0.8575062155723572,0.8796831303024699,0.8548661126706788,0.8596183356607108,157000
2016-06-16,0.9029163718223572,0.9050284296632698,0.8448340258567923,0.8553944409514335,747000
2016-06-17,0.921396791934967,0.9256209691575741,0.8986918944403459,0.8992198772525355,115000
2016-06-20,0.9409337043762207,0.9488540773863577,0.9213969521379604,0.9213969521379604,208000
2016-06-21,0.9842313528060913,1.0153846070938757,0.9398775830434039,0.9398775830434039,407000
2016-06-22,1.0021840333938599,1.0148565652805286,0.9900395472735177,0.9910955758611519,1240000
2016-06-23,1.0755788087844849,1.0771628829555981,1.02700093285542,1.02700093285542,1593000
2016-06-24,1.02436101436615,1.0454818392578153,1.0138005389752938,1.0138005389752938,363000
2016-06-27,1.033865213394165,1.033865213394165,1.003240008320721,1.0211927451303338,348000
2016-06-28,1.056042194366455,1.063962566215821,1.0391455479595209,1.0523460628000976,993000
2016-06-29,1.097755789756775,1.097755789756775,1.0560421277258445,1.0560421277258445,491000
2016-06-30,1.0581543445587158,1.0782192044138141,1.002712177355765,1.0771631127777377,1160000
2016-07-01,1.0507620573043823,1.0766351058548218,1.0138005503830367,1.0713548995724902,1098000
2016-07-04,1.0507620573043823,1.0613224698690455,1.0465378796895122,1.056042263586714,172000
2016-07-05,1.0666025876998901,1.0666025876998901,1.0370334097929435,1.0481218672443031,133000
2016-07-06,1.0481219291687012,1.0560422384033235,1.0449537802968434,1.0560422384033235,79000
2016-07-07,1.0507620573043823,1.0507620573043823,1.0370334957923104,1.0481219541632165,57000
2016-07-08,1.0460100173950195,1.0602665642694753,1.0359776488765224,1.0507622416498614,648000
2016-07-11,1.134189248085022,1.1341892480850218,1.055514083756059,1.055514083756059,575000
2016-07-12,1.1188768148422241,1.1357735261885964,1.109900476280106,1.1326053770748947,1132000
2016-07-13,1.1220446825027466,1.124684848065258,1.1141243117052346,1.1141243117052346,160000
2016-07-14,1.135245442390442,1.1537261007609094,1.1220448642200709,1.1220448642200709,512000
2016-07-15,1.126268982887268,1.1352454465746293,1.1141244962461812,1.1299652404650282,220000
2016-07-18,1.155838131904602,1.1616464465955565,1.124685004799664,1.1273250448400647,547000
2016-07-19,1.155838131904602,1.155838131904602,1.1283811363902492,1.151086034653873,116000
2016-07-20,1.159006118774414,1.1611181756897293,1.1394693720002087,1.1505577652231305,65000
2016-07-21,1.156366229057312,1.1616464349753346,1.1500299315996692,1.156366229057312,141000
2016-07-22,1.19227135181427,1.19227135181427,1.1558379001535324,1.1558379001535324,106000
2016-07-25,1.1880474090576172,1.1880474090576172,1.1447496721967683,1.181183129095896,63000
2016-07-26,1.179071068763733,1.1880474057912973,1.1621743603059456,1.1880474057912973,716000
2016-07-27,1.1405256986618042,1.1801271831352298,1.1394696070412926,1.1801271831352298,221000
2016-07-28,1.126268982887268,1.1357734294185762,1.0824432595885745,1.1357734294185762,240000
2016-07-29,1.1246850490570068,1.1320773125290693,1.1040922071933654,1.1209887914309302,152000
2016-08-01,1.1347172260284424,1.1421096145654914,1.0956437298456077,1.1294370204391395,220000
2016-08-02,1.102508306503296,1.1199330022278426,1.0803313867020365,1.1199330022278426,168000
2016-08-03,1.122572660446167,1.123100769090419,1.0708266997210365,1.0750508135349166,100000
2016-08-04,1.135245442390442,1.135245442390442,1.1220448642200709,1.1246850302101623,238000
2016-08-05,1.1584781408309937,1.1590061235895102,1.10356390546452,1.1352452628859597,1311000
2016-08-08,1.1289088726043701,1.1558378794058708,1.1009237744833933,1.1479176351248466,448000
2016-08-09,1.1167646646499634,1.1246850367764365,1.087723468039621,1.1241569280413088,353000
2016-08-10,1.1141246557235718,1.1246851953444683,1.0924758453423788,1.1246851953444683,294000
2016-08-11,1.135245442390442,1.135245442390442,1.0924756849372794,1.0930036677792803,492000
2016-08-12,1.1246850490570068,1.1405256675928745,1.1099003962228364,1.1405256675928745,704000
2016-08-15,1.1722066402435303,1.179070919316331,1.1310209658067256,1.1326050398919887,586000
2016-08-16,1.1748470067977905,1.182239396549946,1.1616465535997567,1.1722069665142048,141000
2016-08-17,1.1801269054412842,1.1875192932652754,1.1473897094794034,1.1875192932652754,316000
2016-08-18,1.1817113161087036,1.1817113161087036,1.1727349775052507,1.176959218306323,292000
2016-08-19,1.1880474090576172,1.1938555975290608,1.1690386434628535,1.1854072432769398,229000
2016-08-22,1.1838233470916748,1.1917435930029798,1.1748468837534718,1.1880474614590322,100000
2016-08-23,1.1759029626846313,1.1801270770067063,1.1516139906076066,1.1695666653114813,327000
2016-08-24,1.1880474090576172,1.1906875748382946,1.1558380663395333,1.1579502493200886,360000
2016-08-25,1.1986078023910522,1.1986078023910522,1.1727347572233124,1.1875194084148917,468000
2016-08-26,1.1584781408309937,1.2223687125423661,1.151085878651668,1.201247891521422,444000
2016-08-29,1.189103603363037,1.1964958667640482,1.173790967825197,1.1774870995257025,143000
2016-08-30,1.1595344543457031,1.1896316174766273,1.151614082000698,1.1896316174766273,319000
2016-08-31,1.1283810138702393,1.1827671420536485,1.1157084202041812,1.17695895388339,539000
2016-09-01,1.1447497606277466,1.153198115532496,1.1204607874853583,1.139997537389442,808000
2016-09-02,1.2086400985717773,1.2123362294928508,1.1611181275522204,1.1611181275522204,165000
2016-09-05,1.2297611236572266,1.235569312374405,1.2244809177625082,1.2302891064796868,71000
2016-09-06,1.2023038864135742,1.2408493983075575,1.181711047648015,1.2392653241032816,292000
2016-09-08,1.1917433738708496,1.2096960454661252,1.1780148158662216,1.2086400800134711,339000
2016-09-09,1.1510860919952393,1.1737909913899078,1.1399975707810683,1.1737909913899078,299000
2016-09-12,1.1458059549331665,1.1600625000362865,1.1415817141570226,1.1458059549331665,174000
2016-09-13,1.1135962009429932,1.1431653720380794,1.112540235551388,1.1431653720380794,63000
2016-09-14,1.0982838869094849,1.1088442992151495,1.0930036807566526,1.1040922018006318,444000
2016-09-15,1.1326051950454712,1.1368294351481825,1.110956389397942,1.110956389397942,302000
2016-09-16,1.0877234935760498,1.1294371606780145,1.0877234935760498,1.1178207824731958,747000
2016-09-19,1.138413667678833,1.138413667678833,1.1046203678733866,1.1046203678733866,70000
2016-09-20,1.1759029626846313,1.1859353915621065,1.156366213637469,1.156894196455219,245000
2016-09-21,1.1774870157241821,1.191743558665795,1.155838084017629,1.18435129579089,516000
2016-09-22,1.1827671527862549,1.2038879745679694,1.1473897888908862,1.196495712122375,1020000
2016-09-23,1.1632306575775146,1.2023041611722556,1.1584784338786769,1.1722069961930603,628000
2016-09-26,1.1510860919952393,1.1616465044629898,1.146861851474111,1.156894281085488,442000
2016-09-27,1.1500300168991089,1.1553102232087724,1.1357734724520225,1.1521420742449646,197000
2016-09-28,1.1431657075881958,1.1616464921559893,1.135245461266317,1.1510860798001203,781000
2016-09-29,1.1399973630905151,1.1716787206119421,1.1384132889199425,1.1463336597728053,581000
2016-09-30,1.1167646646499634,1.1389415807140437,1.1035640864025231,1.1389415807140437,547000
2016-10-03,1.1141246557235718,1.1394697242116125,1.1067323912899996,1.1394697242116125,727000
2016-10-04,1.1056761741638184,1.1341892595788883,1.104620082674728,1.1341892595788883,216000
2016-10-05,1.12996506690979,1.1563660934027706,1.1088441198253811,1.1347171635555096,1451000
2016-10-06,1.1099004745483398,1.1252131113139692,1.1099004745483398,1.1204608876508315,861000
2016-10-07,1.1167646646499634,1.126268985311687,1.1104283669487849,1.1241569280413088,259000
2016-10-10,1.125740885734558,1.1341892398300748,1.1172925316390412,1.1220447544221501,588000
2016-10-11,1.1368296146392822,1.1368296146392822,1.116236771348554,1.1194047945632355,493000
2016-10-13,1.1463336944580078,1.1611182193106626,1.130493078163009,1.1426375632448442,283000
2016-10-14,1.1642866134643555,1.1933278124125297,1.1531982174847157,1.1531982174847157,1980000
2016-10-17,1.1695667505264282,1.1795991801348686,1.1605904125204725,1.1653426358965833,2862000
2016-10-18,1.196495771408081,1.2096962227307138,1.176959022880963,1.1785430971820845,359000
2016-10-19,1.222368597984314,1.2408492517006566,1.1975515223094924,1.1975515223094924,599000
2016-10-20,1.2276490926742554,1.2461297507551101,1.2028321370285127,1.2223688866668625,334000
2016-10-21,1.2419054508209229,1.2419054508209229,1.206528088444166,1.2149764419722027,2805000
2016-10-24,1.2318733930587769,1.2429619154709937,1.228177260884725,1.236625616949727,622000
2016-10-25,1.2155044078826904,1.2329290974521634,1.2038879062063679,1.2313450233194823,878000
2016-10-26,1.2096962928771973,1.2244809452483008,1.203888104029643,1.2144485160561278,494000
2016-10-27,1.234513282775879,1.2482418425689499,1.2255369458088785,1.2271208941942031,453000
2016-10-28,1.2302888631820679,1.2482416603858584,1.2250086583315445,1.2355690680325913,262000
2016-10-31,1.248769998550415,1.2498260901771283,1.2292332476315921,1.2292332476315921,937000
2016-11-01,1.222368597984314,1.2778108109133657,1.221312506676232,1.2503536958033572,1240000
2016-11-03,1.2350413799285889,1.2434897348827494,1.216560595598235,1.2345133970845925,2304000
2016-11-04,1.219728708267212,1.2514099439881692,1.210752370735278,1.2228968570173158,447000
2016-11-07,1.2788673639297485,1.2820355134196446,1.2360977234863604,1.244017971321031,223000
2016-11-08,1.3100203275680542,1.3200527567184839,1.2799231660068062,1.2799231660068062,635000
2016-11-09,1.2883713245391846,1.296819678016461,1.2492977054430345,1.295763586623043,262000
2016-11-10,1.2514101266860962,1.2899557742530579,1.2144486796155098,1.2899557742530579,593000
2016-11-11,1.093531847000122,1.2403216613020696,1.0560422932205318,1.2403216613020696,2363000
2016-11-14,1.056042194366455,1.1220448315143585,1.0391455479595209,1.1220448315143585,517000
2016-11-16,1.0972278118133545,1.0972278118133545,1.051289972507948,1.0650184693694926,375000
2016-11-17,1.0497058629989624,1.1194045623386544,1.0497058629989624,1.1188765795607485,653000
2016-11-18,1.074522852897644,1.0808590237488818,1.0491777918226184,1.0491777918226184,173000
2016-11-21,1.0871951580047607,1.0877231406909487,1.0692424877743103,1.0724105097814438,536000
2016-11-22,1.0930036306381226,1.1035640424595508,1.087195441903349,1.0982838365488368,81000
2016-11-23,1.0982838869094849,1.1014520357791933,1.0813873027544483,1.0930036807566526,213000
2016-11-24,1.1077882051467896,1.1077882051467896,1.098283759639051,1.098283759639051,31000
2016-11-25,1.10831618309021,1.1167645370968233,1.0924755665365706,1.1003959377584052,78000
2016-11-28,1.1215167045593262,1.1231007787256266,1.099867774879901,1.1083161284701628,104000
2016-11-29,1.12996506690979,1.12996506690979,1.098283709228189,1.1167644907182877,139000
2016-11-30,1.10884428024292,1.1299652303829164,1.1009240340942086,1.1299652303829164,414000
2016-12-01,1.0518181324005127,1.116764748074052,1.0518181324005127,1.116764748074052,345000
2016-12-02,1.04548180103302,1.058682379052696,1.04548180103302,1.053402110077813,199000
2016-12-05,1.04548180103302,1.0565701959287177,1.043897726635057,1.0565701959287177,77000
2016-12-06,1.0402016639709473,1.0423137213449178,1.0090484085622153,1.0423137213449178,221000
2016-12-07,1.0481219291687012,1.0613224445597382,1.045481826090494,1.0518180608891872,447000
2016-12-08,1.04548180103302,1.0824432432420543,1.0380894748242004,1.041257623620126,212000
2016-12-09,1.061322569847107,1.061322569847107,1.0454819495079035,1.0460099324188592,295000
2016-12-12,1.0507620573043823,1.0518180859718438,1.037561541598553,1.042841747880885,217000
2016-12-13,1.0433696508407593,1.0549861541283152,1.0375614621420006,1.0386174907285912,65000
2016-12-14,1.056042194366455,1.056042194366455,1.0391455479595209,1.0444257538957515,211000
2016-12-15,1.0607943534851074,1.0644904848285008,1.034921308191321,1.0639625020337395,170000
2016-12-16,1.0861393213272095,1.1088442187252674,1.0613223667993397,1.0613223667993397,116000
2016-12-19,1.0402016639709473,1.0808592405075725,1.0328093372719993,1.0808592405075725,247000
2016-12-20,1.0349212884902954,1.0428415967660867,1.024360877455907,1.0428415967660867,233000
2016-12-21,1.033865213394165,1.033865213394165,1.033865213394165,1.033865213394165,158000
2016-12-22,1.0169684886932373,1.03967338359357,1.0111602378076832,1.0270009163187388,351000
2016-12-23,1.0016560554504395,1.0254170464786911,0.9979599236709419,1.0217208517541703,436000
2016-12-26,1.02436101436615,1.02436101436615,1.003768172329762,1.003768172329762,308000
2016-12-27,1.0138003826141357,1.0201366794603899,0.999543840600091,1.0127443541214314,658000
2016-12-28,1.0138003826141357,1.0243608563762217,1.0058800745013317,1.0138003826141357,424000
2016-12-29,1.0074641704559326,1.0317531410374072,1.0032399934489349,1.0190806100164147,1649000
2017-01-02,1.008520483970642,1.0164407944925935,1.0042963057699281,1.010104558664039,97000
2017-01-03,1.053402066230774,1.0560421691358126,1.033865254377472,1.0402015517055798,414000
2017-01-04,1.049177885055542,1.056042165171881,1.048649839298509,1.049177885055542,78000
2017-01-05,1.052874207496643,1.068714827740688,1.0523462245888593,1.0534022533494563,332000
2017-01-06,1.0507620573043823,1.0681867506250815,1.0481219541632165,1.051290103110625,289000
2017-01-09,1.0518181324005127,1.0560423102018437,1.0507621036864365,1.0518181324005127,338000
2017-01-10,1.0512900352478027,1.066074624472962,1.0507619894756464,1.0507619894756464,501000
2017-01-11,1.0856112241744995,1.0877232810818576,1.047065713527632,1.0660744774738988,440000
2017-01-12,1.1347172260284424,1.1505578427963508,1.1014519182268312,1.1014519182268312,308000
2017-01-13,1.1267971992492676,1.1357735379039757,1.1220449755296964,1.1262690904648336,150000
2017-01-16,1.1347172260284424,1.1347172260284424,1.1267969805895037,1.1267969805895037,19000
2017-01-17,1.1547822952270508,1.174319046912305,1.1341894518736526,1.1341894518736526,399000
2017-01-18,1.1442216634750366,1.1727347482762198,1.1442216634750366,1.1727347482762198,89000
2017-01-19,1.1442216634750366,1.1568941316211148,1.0887794422371533,1.1458057377295503,365000
2017-01-20,1.149501919746399,1.1600623313157612,1.1304931537435396,1.159534348504304,297000
2017-01-23,1.1616463661193848,1.1616463661193845,1.1088441841789394,1.1458057493042606,173000
2017-01-24,1.1568942070007324,1.1642864700767657,1.1326052347023048,1.1326052347023048,88000
2017-01-26,1.167982578277588,1.1801270641841455,1.1363013435361424,1.159006241023182,302000
2017-01-27,1.1927995681762695,1.1927995681762695,1.167982489546448,1.167982489546448,63000
2017-01-30,1.1716786623001099,1.1938554478043886,1.1484456595479833,1.1938554478043886,214000
2017-01-31,1.2001919746398926,1.2091683122900827,1.1510860460364725,1.1700948128974806,239000
2017-02-01,1.1986078023910522,1.2133924535826313,1.1880473912070806,1.2133924535826313,187000
2017-02-02,1.230817198753357,1.2318731643841738,1.2070562095994581,1.2086402839357204,278000
2017-02-03,1.2514101266860962,1.2667227639537852,1.2017762086550348,1.2017762086550348,274000
2017-02-06,1.2149765491485596,1.2651384402067791,1.2149765491485596,1.227120908921997,420000
2017-02-07,1.2408493757247925,1.2487697466020253,1.2250087598603512,1.2250087598603512,116000
2017-02-08,1.241377592086792,1.2514098948817238,1.2207847519092394,1.248769854953595,240000
2017-02-09,1.2429615259170532,1.2561619758458196,1.22395276220081,1.2498258052004192,734000
2017-02-10,1.2429615259170532,1.2540499189640195,1.233457081113921,1.240849343145232,576000
2017-02-13,1.267250418663025,1.2672504186630251,1.2487696388048095,1.2551059349596294,700000
2017-02-14,1.2529940605163574,1.3147725855516086,1.2382095337052135,1.285731388885376,542000
2017-02-15,1.267250418663025,1.293123334218508,1.2619702138306796,1.2841469985925222,229000
2017-02-16,1.3068519830703735,1.3306129694174786,1.2677784897649347,1.2677784897649347,307000
2017-02-17,1.304212212562561,1.330085261151212,1.2936517999823014,1.330085261151212,63000
2017-02-20,1.3137164115905762,1.3279730805516765,1.2778110625064205,1.326916989035657,137000
2017-02-21,1.351733922958374,1.3570141286773507,1.3274449514730746,1.3274449514730746,1210000
2017-02-22,1.3728548288345337,1.3828872580741418,1.3411735926052848,1.3517340046817012,650000
2017-02-23,1.393975853919983,1.409816472887363,1.373383011495374,1.3781351090625538,2059000
2017-02-24,1.355430006980896,1.3981997599322136,1.348565727197228,1.3981997599322136,1282000
2017-03-01,1.3823591470718384,1.3823591470718384,1.348565730848431,1.3490938395263175,185000
2017-03-02,1.3723268508911133,1.3744389081359192,1.3385335573040908,1.3575423242874292,813000
2017-03-03,1.4494178295135498,1.477931041851839,1.3575422727847237,1.3723267988275094,2718000
2017-03-06,1.4890193939208984,1.5038040454321016,1.461034291089371,1.4758189426005741,842000
2017-03-07,1.5027481317520142,1.5048601891063773,1.4942997764445118,1.5048601891063773,205000
2017-03-08,1.4531142711639404,1.520172881458002,1.4531142711639404,1.5022202044468453,228000
2017-03-09,1.3670467138290405,1.4531142153816095,1.3596544501541104,1.4531142153816095,998000
2017-03-10,1.3686305284500122,1.3886953842036887,1.3522619297220326,1.3670464542647205,3367000
2017-03-13,1.3992561101913452,1.4156247126082626,1.3728549517465607,1.3934477949062671,369000
2017-03-14,1.388695478439331,1.3886954784393313,1.3622943241529295,1.3849992211628095,254000
2017-03-15,1.3855276107788086,1.3855276107788086,1.365462749595263,1.3802474040289374,448000
2017-03-16,1.3834152221679688,1.4034800803753393,1.3834152221679688,1.391863576892649,276000
2017-03-17,1.3728548288345337,1.3939757788774083,1.3411735926052848,1.3939757788774083,467000
2017-03-20,1.3385334014892578,1.3443415897088702,1.3279729906044928,1.3422295327099227,306000
2017-03-21,1.333253264427185,1.3702147044195523,1.3153004642902932,1.3702147044195523,145000
2017-03-22,1.3047401905059814,1.3300852561370886,1.2941797779655322,1.329557147387033,222000
2017-03-23,1.3512060642242432,1.3512060642242432,1.3263891076553078,1.3353654456127921,87000
2017-03-24,1.3168842792510986,1.357541968536764,1.3057958872041044,1.332724893271095,176000
2017-03-27,1.3094919919967651,1.3116040486463392,1.2799228212327094,1.3116040486463392,166000
2017-03-28,1.352262020111084,1.352262020111084,1.2989318546815942,1.2989318546815942,401000
2017-03-29,1.3485658168792725,1.3485658168792725,1.315828615923191,1.331141124868116,188000
2017-03-30,1.312132477760315,1.3485659394486715,1.3094924375226338,1.3485659394486715,382000
2017-03-31,1.366518497467041,1.366518497467041,1.2984038097652473,1.3094922033829715,276000
2017-04-03,1.333253264427185,1.349093881566771,1.3168845385932553,1.349093881566771,416000
2017-04-04,1.3242765665054321,1.3306128625933094,1.3137161569523117,1.330084879882657,129000
2017-04-05,1.3094919919967651,1.3200524011346417,1.3015716221983542,1.314244213875812,100000
2017-04-06,1.2989318370819092,1.3094922482866376,1.2836192030680433,1.2984038542886822,207000
2017-04-07,1.319524884223938,1.319524884223938,1.2862595711083007,1.309492454234605,303000
2017-04-10,1.2830909490585327,1.3079078975549019,1.2804507838704056,1.2936513580310305,239000
2017-04-11,1.3116042613983154,1.3116042613983157,1.2693626179949002,1.2830911772790157,681000
2017-04-12,1.2656664848327637,1.2910114204796863,1.2646103933932973,1.2836191580735028,418000
2017-04-13,1.2667227983474731,1.2762272462434352,1.2540503270429189,1.269890947646127,156000
2017-04-17,1.2804510593414307,1.2804510593414307,1.266722499545676,1.266722499545676,215000
2017-04-18,1.267250418663025,1.2751706629665365,1.2630261792631408,1.2725306234953704,175000
2017-04-19,1.2725309133529663,1.283091325423112,1.251409963322633,1.2815072510235859,379000
2017-04-20,1.2619704008102417,1.2646104406725687,1.2334571897789124,1.2624983836047008,690000
2017-04-24,1.267250418663025,1.2725306234953704,1.2440174166886946,1.2725306234953704,226000
2017-04-25,1.2698907852172852,1.2825632549009327,1.2630265045782165,1.2661946534716397,278000
2017-04-26,1.2698907852172852,1.2709468768117749,1.259858355684793,1.2677787279183514,174000
2017-04-27,1.2250087261199951,1.2984037412607563,1.206528071065504,1.272002589657162,736000
2017-04-28,1.232928991317749,1.2450734746961896,1.2091680072629714,1.22448063863405,442000
2017-05-02,1.2851735353469849,1.2960261423724355,1.258327727384565,1.2674667577122136,551000
2017-05-03,1.2623260021209717,1.2891718095411306,1.2411920715174822,1.2891718095411306,713000
2017-05-04,1.2303394079208374,1.2480461843806328,1.1966392954034615,1.2480461843806328,1477000
2017-05-05,1.2103480100631714,1.2429058353857074,1.199495401622326,1.232053226944862,1097000
2017-05-08,1.1595120429992676,1.2206292453803158,1.153800166380823,1.2206292453803158,775000
2017-05-09,1.225198745727539,1.225198745727539,1.1846443246375673,1.1875003311625,895000
2017-05-10,1.2566139698028564,1.2566139698028564,1.2200578537543496,1.2429054943756006,978000
2017-05-11,1.2851735353469849,1.2851735353469849,1.2457615436613119,1.2566141506867627,380000
2017-05-12,1.3137327432632446,1.320015902370506,1.2783190565762195,1.285173362445279,461000
2017-05-15,1.3223005533218384,1.3480039265621109,1.291456314778904,1.3480039265621109,598000
2017-05-16,1.3708513975143433,1.3708513975143433,1.320015667836067,1.3537156358862992,875000
2017-05-17,1.3651399612426758,1.3651399612426758,1.3257279691913553,1.3611415247894496,719000
2017-05-18,1.21091890335083,1.2674666575456126,1.1994951503895488,1.1994951503895488,1080000
2017-05-19,1.273749589920044,1.273749589920044,1.2251985752084489,1.2360511806017451,712000
2017-05-22,1.2246276140213013,1.273749782929031,1.188071492669203,1.273749782929031,1902000
2017-05-23,1.2566139698028564,1.2566139698028564,1.210918824742223,1.2280545892536283,1242000
2017-05-24,1.3023091554641724,1.3023091554641724,1.2594700107341765,1.267466747318976,1726000
2017-05-25,1.2731786966323853,1.3023092295495435,1.250902334658261,1.3023092295495435,2919000
2017-05-26,1.265753149986267,1.2823174973558227,1.2531869665710564,1.2823174973558227,1821000
2017-05-29,1.265753149986267,1.265753149986267,1.265753149986267,1.265753149986267,0
2017-05-30,1.2794616222381592,1.3011668356753456,1.2606124152771851,1.2606124152771851,3362000
2017-05-31,1.270893931388855,1.286887270476692,1.2657533368444651,1.281175392841444,781000
2017-06-01,1.2680377960205078,1.2777479723557084,1.2543293197932766,1.272036095912539,893000
2017-06-02,1.2566139698028564,1.2680377220225478,1.2469037940343057,1.2680377220225478,938000
2017-06-05,1.2423344850540161,1.2623261239324484,1.2280548597253345,1.2623261239324484,520000
2017-06-06,1.2509021759033203,1.261183499103992,1.2394784229328508,1.2394784229328508,726000
2017-06-07,1.2560429573059082,1.2651819882857795,1.2549006635471103,1.256614240367205,1060000
2017-06-08,1.1606545448303223,1.2280547748202084,1.1303815151645795,1.2280547748202084,8022000
2017-06-09,1.1315240859985352,1.1737920923531715,1.1315240859985352,1.1612259062182395,1962000
2017-06-12,1.1138170957565308,1.1452324871021307,1.1138170957565308,1.140662903828684,1017000
2017-06-13,1.1109609603881836,1.1252406502459378,1.1052490163541497,1.1252406502459378,330000
2017-06-14,1.1058205366134644,1.1195290835177807,1.104106959739056,1.1195290835177807,356000
2017-06-15,1.1058205366134644,1.1058205366134644,1.1058205366134644,1.1058205366134644,0
2017-06-16,1.1183863878250122,1.1183863878250122,1.0961100980231484,1.1029643358013423,788000
2017-06-19,1.1023932695388794,1.118386538571002,1.1006797609315704,1.118386538571002,512000
2017-06-20,1.0509862899780273,1.1029643929991144,1.0338505925075137,1.1029643929991144,2518000
2017-06-21,1.0469878911972046,1.0555557737259964,1.0407048681306728,1.0469878911972046,340000
2017-06-22,1.0509862899780273,1.0675507044752415,1.045274413518169,1.0612676812239603,3647000
2017-06-23,1.0624099969863892,1.0624099969863892,1.0349929775456896,1.0515573913270833,1876000
2017-06-26,1.0841152667999268,1.0909695054376976,1.0658372744022235,1.0675507829934587,500000
2017-06-27,1.084686517715454,1.084686517715454,1.0686932483026848,1.0732626954855224,439000
2017-06-28,1.0744050741195679,1.1041068198458721,1.0744050741195679,1.0852576127975249,385000
2017-06-29,1.081830382347107,1.0943964959954608,1.0686930538593549,1.0744049298896008,357000
2017-06-30,1.085257649421692,1.0978238332719559,1.0795457724319155,1.0932543180619458,832000
2017-07-03,1.0903984308242798,1.101822185340838,1.0881136390663995,1.0898272158620728,142000
2017-07-04,1.0938254594802856,1.0978238278260506,1.0869712207447444,1.0966813979610066,259000
2017-07-05,1.0909696817398071,1.09668155954282,1.0784035641913694,1.09668155954282,275000
2017-07-06,1.1252409219741821,1.1338087379578292,1.0966814672710758,1.0989662590546176,560000
2017-07-07,1.1280968189239502,1.139520573146419,1.1195290032570984,1.1366646345908018,709000
2017-07-10,1.1994953155517578,1.1994953155517578,1.128667996584819,1.1349510888150376,1600000
2017-07-11,1.1823595762252808,1.2034936427554002,1.1549426223091597,1.2034936427554002,1629000
2017-07-12,1.190927505493164,1.1966393824617354,1.1720782978786901,1.1932122290442149,475000
2017-07-13,1.17550528049469,1.1966392085894442,1.1697934043560572,1.194354485370365,1020000
2017-07-14,1.1897852420806885,1.1897852420806885,1.1703648849069663,1.1783614865453333,555000
2017-07-17,1.204635739326477,1.204635739326477,1.1840729591623602,1.1897848349756226,538000
2017-07-18,1.2154885530471802,1.2166309828788466,1.195496916175268,1.1966393460069344,247000
2017-07-19,1.2103480100631714,1.2194870415827304,1.2063497093074718,1.2166311708351902,284000
2017-07-20,1.2200580835342407,1.2240563839459664,1.2097767590729305,1.2097767590729305,274000
2017-07-21,1.2023513317108154,1.2154886631464816,1.1932123007753221,1.2109190795877864,587000
2017-07-24,1.200637698173523,1.212061452257687,1.1852156437780905,1.2097767286772323,509000
2017-07-25,1.2223427295684814,1.2223427295684814,1.2057782477727905,1.2074918242469566,195000
2017-07-26,1.211490273475647,1.2246276039443516,1.209205549955413,1.2200580207219964,194000
2017-07-27,1.21091890335083,1.2206292159316088,1.1937832739089083,1.2172020628068487,185000
2017-07-28,1.21091890335083,1.21091890335083,1.1869291038412657,1.2057783098455677,777000
2017-07-31,1.21091890335083,1.2154884862444688,1.2017800099273068,1.2040647332831877,286000
2017-08-01,1.21091890335083,1.21263247991321,1.1960681334466663,1.2029223035143086,401000
2017-08-02,1.233195185661316,1.2360511918146677,1.2114901108596918,1.2154884105288892,188000
2017-08-03,1.200637698173523,1.2257699299223057,1.200637698173523,1.2257699299223057,281000
2017-08-04,1.2217717170715332,1.2320531781924133,1.2029225078651533,1.2126326859136065,669000
2017-08-07,1.2451905012130737,1.255471826079932,1.2223429915694777,1.2223429915694777,194000
2017-08-08,1.2377649545669556,1.2451904082650365,1.2291970709992124,1.2451904082650365,155000
2017-08-09,1.2223427295684814,1.2297681822292441,1.216630853381885,1.2286257525191766,157000
2017-08-10,1.2217717170715332,1.2274835945224998,1.2052072316091598,1.2126326859136065,239000
2017-08-11,1.2680377960205078,1.2680377960205078,1.194354549049059,1.194354549049059,1925000
2017-08-14,1.340578556060791,1.3405785560607912,1.2674665951788764,1.2680377419442734,3248000
2017-08-15,1.3051652908325195,1.328012800628659,1.3051652908325195,1.3205873463267237,363000
2017-08-16,1.325727939605713,1.3320109632944712,1.278890494900905,1.278890494900905,352000
2017-08-17,1.3137327432632446,1.3365802479176172,1.3103055903287149,1.330868371754024,292000
2017-08-18,1.3365806341171265,1.3440060888935392,1.3137331228610591,1.3137331228610591,545000
2017-08-21,1.3554295301437378,1.3628549831978938,1.3325820241869126,1.336009177316812,240000
2017-08-22,1.3908435106277466,1.397126671411301,1.3765638845000177,1.3879876398749633,646000
2017-08-23,1.385131597518921,1.4016960832435679,1.3599993635731171,1.4016960832435679,217000
2017-08-24,1.3839889764785767,1.3948414459138723,1.3805618235276957,1.3851312700076233,297000
2017-08-25,1.3662821054458618,1.3759922816398467,1.3639973821381963,1.375421134858399,390000
2017-08-28,1.3560009002685547,1.3645686474620644,1.3320109629993324,1.3645686474620644,522000
2017-08-29,1.3422921895980835,1.3537159424828598,1.3320108664745356,1.3320108664745356,237000
2017-08-30,1.326870322227478,1.337151782969547,1.304593960134891,1.337151782969547,453000
2017-08-31,1.2977397441864014,1.3257279825496633,1.2920278671438106,1.3228719759374226,358000
2017-09-01,1.3137327432632446,1.3217293426559011,1.3023089909360586,1.3023089909360586,198000
2017-09-04,1.3262989521026611,1.330868398653144,1.3120191933141252,1.3120191933141252,185000
2017-09-05,1.3165889978408813,1.3422923773356514,1.3068788201489108,1.3411500835965344,231000
2017-09-06,1.3194447755813599,1.336580406100118,1.316017622241231,1.316017622241231,124000
2017-09-07,1.3194447755813599,1.3194447755813599,1.3194447755813599,1.3194447755813599,0
2017-09-08,1.3262989521026611,1.333153258110258,1.310305616812226,1.3251565223741042,119000
2017-09-11,1.3531447649002075,1.353715911676886,1.3262989598500905,1.3262989598500905,142000
2017-09-12,1.3868452310562134,1.3868452310562134,1.347433233555849,1.3508603874570821,175000
2017-09-13,1.395984172821045,1.395984172821045,1.3691383626269575,1.3828468411670598,313000
2017-09-14,1.3897011280059814,1.4165469378036297,1.3759925134864184,1.3822756738685171,502000
2017-09-15,1.385131597518921,1.3902723281607567,1.3708519717563585,1.3902723281607567,906000
2017-09-18,1.3822757005691528,1.3879875780020046,1.370851945703449,1.3845604243059135,543000
2017-09-19,1.3611418008804321,1.412548840354942,1.3491468976334022,1.387987750719178,248000
2017-09-20,1.3480041027069092,1.3822754984753145,1.3468618090964863,1.3525736856942405,456000
2017-09-21,1.347433090209961,1.3628551449429354,1.3360093358757654,1.3599992744503333,183000
2017-09-22,1.3651399612426758,1.3691382615140124,1.3485754771315024,1.3520026305589024,340000
2017-09-25,1.341149926185608,1.3794194855922286,1.3274413134700236,1.3788483387897057,435000
2017-09-26,1.3302974700927734,1.3565721325226487,1.3302974700927734,1.3440059481747404,476000
2017-09-27,1.3188737630844116,1.3531450276125903,1.2686091600672762,1.3468620033036607,1670000
2017-09-28,1.3308683633804321,1.3308683633804321,1.3000242595274691,1.3131615882392624,2315000
2017-09-29,1.3308683633804321,1.3422921156357421,1.3131615882392624,1.3308683633804321,236000
2017-10-02,1.3582854270935059,1.3582854270935059,1.3297260469474255,1.330297193695787,152000
2017-10-03,1.3765636682510376,1.3794195385551828,1.3411499776791984,1.3411499776791984,385000
2017-10-04,1.3679957389831543,1.3731364687760472,1.3571431325921184,1.3639974389826421,223000
2017-10-05,1.3822757005691528,1.3988400497970932,1.3657112151593123,1.3759925400656856,296000
2017-10-06,1.3708513975143433,1.3959836209323988,1.3508597664028554,1.3959836209323988,236000
2017-10-09,1.3594279289245605,1.3976974867333019,1.3485753230384814,1.3759922749611435,286000
2017-10-10,1.3822757005691528,1.3822757005691528,1.3480042997901416,1.3599993377264605,191000
2017-10-11,1.3765636682510376,1.3811331152104238,1.3605703315294166,1.3605703315294166,177000
2017-10-12,1.3765636682510376,1.3765636682510376,1.3765636682510376,1.3765636682510376,0
2017-10-13,1.3617125749588013,1.3794193497299427,1.3377226412512337,1.3788482029836735,943000
2017-10-16,1.3554295301437378,1.3628549831978938,1.340578624035426,1.3577143896849224,239000
2017-10-17,1.3251564502716064,1.3440056545850296,1.2937412005371445,1.3337243323149193,1643000
2017-10-18,1.3137327432632446,1.333153231164957,1.2971682615342637,1.333153231164957,1521000
2017-10-19,1.3382939100265503,1.33829391002655,1.2840310149090262,1.3120192507562491,986000
2017-10-20,1.3691381216049194,1.3691381216049197,1.3228718274266462,1.3308684271521656,3940000
2017-10-23,1.334295630455017,1.3525736901001215,1.2965972175506644,1.3520025432930496,2051000
2017-10-24,1.309734582901001,1.3194447597939243,1.2943125292368352,1.3171600363218043,1531000
2017-10-25,1.2886004447937012,1.3302971521220832,1.2806038458390772,1.3137326713004605,1211000
2017-10-26,1.2903143167495728,1.302880364790625,1.2863160163563387,1.2886007399836306,390000
2017-10-27,1.2794616222381592,1.2977396823766443,1.2794616222381592,1.29145652260173,394000
2017-10-30,1.2554717063903809,1.280032790533922,1.2526158360481436,1.272607336989464,892000
2017-10-31,1.226912260055542,1.2526157727461615,1.2132037835054221,1.2526157727461615,664000
2017-11-01,1.2074921131134033,1.2343379239945012,1.199495375593625,1.2263413226566258,876000
2017-11-02,1.2074921131134033,1.2074921131134033,1.2074921131134033,1.2074921131134033,0
2017-11-03,1.21091890335083,1.2154884862444688,1.198352856802547,1.2114901863262082,213000
2017-11-06,1.19206964969635,1.2229138904043855,1.1892137796611253,1.2229138904043855,604000
2017-11-07,1.1480884552001953,1.1846444435895265,1.137807062187274,1.1846444435895265,1312000
2017-11-08,1.1760764122009277,1.1760764122009277,1.144661025749611,1.148088178625299,277000
2017-11-09,1.16122567653656,1.1663664065997685,1.1446611926763692,1.1532290761150499,152000
2017-11-10,1.1703647375106812,1.182359638457588,1.1532291063657178,1.1538002532159828,367000
2017-11-13,1.153800129890442,1.1657950295552573,1.1395204387959441,1.1572272829894967,394000
2017-11-14,1.1201001405715942,1.1646528633688171,1.1201001405715942,1.1646528633688171,474000
2017-11-15,1.1201001405715942,1.1201001405715942,1.1201001405715942,1.1201001405715942,0
2017-11-16,1.1458035707473755,1.1566561772186212,1.1138170343249907,1.1155305428443458,566000
2017-11-17,1.1309525966644287,1.1589408313842748,1.125811867140733,1.1589408313842748,287000
2017-11-20,1.1309525966644287,1.1309525966644287,1.1309525966644287,1.1309525966644287,0
2017-11-21,1.136664628982544,1.1538002602317008,1.125812021670177,1.1480883831486484,391000
2017-11-22,1.1812173128128052,1.1863579066899508,1.141234106464898,1.141234106464898,494000
2017-11-23,1.2263412475585938,1.2509023331507976,1.1795038000191111,1.1897851245122197,519000
2017-11-24,1.1937832832336426,1.233766555092317,1.1840731067588943,1.232052978516552,584000
2017-11-27,1.1498018503189087,1.201208739167449,1.1463746971592967,1.1937832860489166,504000
2017-11-28,1.1595120429992676,1.1709357962361564,1.1480882897623788,1.1709357962361564,498000
2017-11-29,1.153800129890442,1.1623680126380789,1.143518806775154,1.1623680126380789,227000
2017-11-30,1.1280968189239502,1.193212258846591,1.101822156975893,1.1760766275128876,1211000
2017-12-01,1.136664628982544,1.1520866834885959,1.1183865678440197,1.1292391751563866,493000
2017-12-04,1.1418051719665527,1.1452323931860569,1.122384819147186,1.1366645103646436,213000
2017-12-05,1.1195287704467773,1.1583696084352053,1.1161016176563479,1.1440898505357036,330000
2017-12-06,1.1075338125228882,1.1258118020041028,1.1052490212809034,1.125240655261806,621000
2017-12-07,1.10696280002594,1.1132458919761876,1.0892559540504747,1.1029644997353028,246000
2017-12-08,1.1172442436218262,1.14066296768636,1.1138171581112992,1.1138171581112992,845000
2017-12-11,1.1166729927062988,1.1366645613067043,1.1086763244115714,1.1166729927062988,737000
2017-12-12,1.1195287704467773,1.124098284803706,1.0972524134908492,1.1149592560898485,1010000
2017-12-13,1.1309525966644287,1.1520865253526804,1.1166729059168348,1.1309525966644287,861000
2017-12-14,1.111532211303711,1.146945831851814,1.108676273064494,1.146945831851814,364000
2017-12-15,1.1309525966644287,1.145803502278301,1.1132457529010376,1.1138169677673158,526000
2017-12-18,1.1309525966644287,1.1446610725457442,1.1303813817981503,1.1423763492625039,645000
2017-12-19,1.1029644012451172,1.1315237837579255,1.1029644012451172,1.1315237837579255,651000
2017-12-20,1.136664628982544,1.136664628982544,1.1121035439072298,1.1138171206503347,1195000
2017-12-21,1.1737918853759766,1.1737918853759766,1.1395205551586107,1.1423764936691458,483000
2017-12-22,1.1806459426879883,1.192640978607404,1.1612255899181037,1.1737917726301992,767000
2017-12-25,1.1806459426879883,1.1806459426879883,1.1806459426879883,1.1806459426879883,0
2017-12-26,1.2023513317108154,1.2080632090227619,1.1897851471517749,1.1960683075222438,538000
2017-12-27,1.21091890335083,1.2154884862444688,1.2023511567208078,1.21091890335083,547000
2017-12-28,1.2223427295684814,1.2251985995708445,1.2103476942493196,1.2120612707234857,751000
2017-12-29,1.2223427295684814,1.2223427295684814,1.2223427295684814,1.2223427295684814,0
2018-01-02,1.2304768562316895,1.238835225943569,1.2059985904918595,1.2245065718170884,364000
2018-01-03,1.2239094972610474,1.236447194719988,1.2209244260946046,1.235253080847722,484000
2018-01-04,1.218536138534546,1.2298797215643864,1.217939152799125,1.2298797215643864,262000
2018-01-05,1.2364468574523926,1.2394319278045929,1.2173418947643178,1.2221180642649485,351000
2018-01-08,1.2465966939926147,1.2776422319795062,1.2322678965569307,1.2519698506881782,631000
2018-01-09,1.233461856842041,1.2477905101504152,1.2310737716811122,1.2477905101504152,165000
2018-01-10,1.248984694480896,1.248984694480896,1.2251035568365116,1.2334619265434845,498000
2018-01-11,1.2459995746612549,1.2477906743533513,1.223909534915824,1.2304769479011173,591000
2018-01-12,1.2358500957489014,1.2358500957489016,1.2221184264367713,1.2316709106116641,547000
2018-01-15,1.2328647375106812,1.241223105839392,1.2239092411993588,1.2394320065771276,133000
2018-01-16,1.2358500957489014,1.2424175086869755,1.221521440657971,1.2298798109324456,901000
2018-01-17,1.211371898651123,1.2358500222397726,1.2042075003603918,1.2358500222397726,1541000
2018-01-18,1.2054015398025513,1.2209243069126616,1.20420742604685,1.217342107988359,517000
2018-01-19,1.2233123779296875,1.2239093636292318,1.205401525858173,1.205401525858173,372000
2018-01-22,1.2167452573776245,1.235850083190453,1.2125659299400386,1.2239095136788791,464000
2018-01-23,1.2221182584762573,1.2328648550746215,1.2054015202247552,1.2328648550746215,132000
2018-01-24,1.2597311735153198,1.2597311735153198,1.2310738647324937,1.2310738647324937,585000
2018-01-25,1.2597311735153198,1.2597311735153198,1.2597311735153198,1.2597311735153198,0
2018-01-26,1.2836123704910278,1.2836123704910278,1.2603282196547794,1.2609252053656161,1292000
2018-01-29,1.3015233278274536,1.3015233278274536,1.2627164066385064,1.283612473973204,362000
2018-01-30,1.2979413270950317,1.3015235268823053,1.2758512848639567,1.3015235268823053,318000
2018-01-31,1.2961500883102417,1.312269843282799,1.2931648746931208,1.3074936723067894,737000
2018-02-01,1.3045083284378052,1.313463826052164,1.278239106007028,1.2865974755518927,335000
2018-02-02,1.2925677299499512,1.3021202130700489,1.2740598917654384,1.3021202130700489,458000
2018-02-05,1.2471935749053955,1.2836124088685126,1.2471935749053955,1.2836124088685126,729000
2018-02-06,1.2668956518173218,1.2668956518173218,1.2119689737846886,1.243611497997903,1027000
2018-02-07,1.2519696950912476,1.2674924621554973,1.2459994110159822,1.2674924621554973,973000
2018-02-08,1.2418203353881836,1.2531639188296178,1.232267851560808,1.250178847701395,439000
2018-02-09,1.240626335144043,1.2418203066305573,1.2257005528201372,1.2418203066305573,653000
2018-02-14,1.2955529689788818,1.2955529689788818,1.2561490642886712,1.2561490642886712,423000
2018-02-15,1.2836123704910278,1.3122696774104088,1.2794330434867662,1.2985380096615549,681000
2018-02-16,1.2806271314620972,1.290776600055939,1.277044932583612,1.2836123446417678,397000
2018-02-19,1.3015233278274536,1.3027172993453824,1.2806272604927558,1.2806272604927558,156000
2018-02-20,1.313463807106018,1.313463807106018,1.2842093717781686,1.3015232386876472,393000
2018-02-21,1.3194341659545898,1.3254044505015097,1.3033144119121876,1.316448952509724,367000
2018-02-22,1.313463807106018,1.3194340913152034,1.309881608111946,1.3194340913152034,555000
2018-02-23,1.3737637996673584,1.3737637996673584,1.314657799986651,1.3164488995129033,938000
2018-02-26,1.4083913564682007,1.4089883421810787,1.3761518504879577,1.3761518504879577,1946000
2018-02-27,1.3761518001556396,1.408391304956733,1.36361410424415,1.408391304956733,1242000
2018-02-28,1.3671965599060059,1.3857045432330735,1.352867904229726,1.3761520586679457,778000
2018-03-01,1.3660022020339966,1.373166456674882,1.3582408194159497,1.3671961733027522,467000
2018-03-02,1.373166799545288,1.3761520131481324,1.3391361900612158,1.3660025431155367,1150000
2018-03-05,1.3707785606384277,1.372569660131094,1.3552557932638563,1.3576438784731435,500000
2018-03-06,1.3373448848724365,1.3791368724907884,1.3319715866186663,1.3731665885453095,887000
2018-03-07,1.3373448848724365,1.343912154509624,1.3206280044194174,1.3373448848724365,387000
2018-03-08,1.3612260818481445,1.3648082808450288,1.334359731714317,1.3486885277018537,541000
2018-03-09,1.373166799545288,1.3815251698847413,1.3534648452635378,1.3534648452635378,390000
2018-03-12,1.4000329971313477,1.4149586364596765,1.3809280307545713,1.3809280307545713,431000
2018-03-13,1.4018241167068481,1.427496353368422,1.4018241167068481,1.4149586567290824,411000
2018-03-14,1.4089884757995605,1.4089884757995605,1.394062835162555,1.4048092907274863,200000
2018-03-15,1.399436116218567,1.4149587424265402,1.3976450165901828,1.4125706570362992,267000
2018-03-16,1.4149587154388428,1.4268994268479287,1.3719727522059408,1.4257053130041766,4493000
2018-03-19,1.4239141941070557,1.4310785923868228,1.3970478429007385,1.4161528100849112,686000
2018-03-20,1.420928955078125,1.4310784232127758,1.4095853732570716,1.4310784232127758,515000
2018-03-21,1.4328694343566895,1.4328694343566895,1.414958441877295,1.4257050373649316,1096000
2018-03-22,1.4149587154388428,1.4448102804473406,1.4149587154388428,1.432869711381066,612000
2018-03-23,1.399436116218567,1.4251083544349885,1.395256788857128,1.4149587424265402,496000
2018-03-26,1.4263020753860474,1.4263020753860474,1.4000328560227437,1.4071972532776398,412000
2018-03-27,1.3988391160964966,1.4340638414394768,1.3988391160964966,1.4263024564539786,525000
2018-03-28,1.3904805183410645,1.4030180724976535,1.3522707278094572,1.4030180724976535,1454000
2018-03-29,1.3749579191207886,1.3904806884572767,1.3701817480985559,1.3904806884572767,704000
2018-04-02,1.3713756799697876,1.3827192637476242,1.361823195859126,1.3737639077545658,586000
2018-04-03,1.3701817989349365,1.383316340904804,1.3636143856071763,1.383316340904804,395000
2018-04-04,1.3642113208770752,1.3731666761955217,1.3522707522239426,1.3612261075423888,342000
2018-04-05,1.388092279434204,1.4071972437561309,1.3797339109219067,1.3821219958764506,757000
2018-04-06,1.3743609189987183,1.4018242579472586,1.3725698192983509,1.3785401041853023,575000
2018-04-09,1.3373448848724365,1.3851071564362671,1.3313746009269576,1.3845101707445584,582000
2018-04-10,1.3522710800170898,1.3522710800170898,1.3224195088053725,1.3427185943104811,559000
2018-04-11,1.3791369199752808,1.3791369199752808,1.3433152150690455,1.3576438685629793,595000
2018-04-12,1.3791369199752808,1.4119735539773977,1.3642112807690838,1.4119735539773977,595000
2018-04-13,1.325404167175293,1.4089881329647689,1.3164486710978869,1.4077941617163021,1975000
2018-04-16,1.3015233278274536,1.324807480540822,1.2800302747337915,1.3224192528193381,720000
2018-04-17,1.3283895254135132,1.33077775311338,1.2854035619580892,1.3015233160467248,602000
2018-04-18,1.315255045890808,1.3433153704113352,1.3152550458908079,1.3307778149471385,577000
2018-04-19,1.3373448848724365,1.3373448848724365,1.3074934651450423,1.3337626860365897,373000
2018-04-20,1.3206279277801514,1.3433150908620577,1.3170458714949773,1.3433150908620577,469000
2018-04-23,1.3313746452331543,1.3313746452331543,1.3015232245123485,1.321822162133936,560000
2018-04-24,1.3182401657104492,1.3421213059561405,1.317046194103859,1.331374849782709,507000
2018-04-25,1.3224189281463623,1.3242100273263278,1.3045080786894854,1.3242100273263278,465000
2018-04-26,1.355852723121643,1.3660023339428724,1.3212251331565692,1.3361507718568053,652000
2018-04-27,1.3642113208770752,1.38928642964297,1.357046922748073,1.3803310743245238,444000
2018-04-30,1.364808440208435,1.380928195233852,1.3463005996871829,1.3642114544201813,302000
2018-05-02,1.3385390043258667,1.3600320550901124,1.3289865215036687,1.3600320550901124,468000
2018-05-03,1.3409273624420166,1.3457035336540863,1.3092848367192815,1.3457035336540863,476000
2018-05-04,1.3612260818481445,1.3689874655604592,1.3128666800758155,1.3403300159281892,711000
2018-05-07,1.3212254047393799,1.3719728999056737,1.3212254047393799,1.3719728999056737,509000
2018-05-08,1.3062992095947266,1.3331655556039175,1.3015230398940083,1.3331655556039175,455000
2018-05-09,1.3074934482574463,1.3128666040990196,1.292567667415132,1.3116726327310235,500000
2018-05-10,1.3337624073028564,1.3337624073028564,1.3074931919011297,1.3074931919011297,415000
2018-05-11,1.3194341659545898,1.3433153041422692,1.311672781809313,1.3415242045439122,303000
2018-05-14,1.28958261013031,1.3313745976456617,1.2800301273725274,1.3242101999916256,580000
2018-05-15,1.238835334777832,1.2800303435604885,1.234059021420857,1.2800303435604885,752000
2018-05-16,1.2800301313400269,1.2806271170321146,1.226894561488688,1.2340588168221331,704000
2018-05-17,1.253760814666748,1.281821278379291,1.2418202463246117,1.277044965636755,717000
2018-05-18,1.2280884981155396,1.2418201650445062,1.210177646774643,1.2316706968522775,753000
2018-05-21,1.2507755756378174,1.2662983408647646,1.2185359315730873,1.2286855414082323,515000
2018-05-22,1.2561490535736084,1.2728657924667122,1.2316707886108156,1.2639104373004932,728000
2018-05-23,1.2621192932128906,1.2668954634871097,1.243014327430416,1.2531637960202309,395000
2018-05-24,1.2477904558181763,1.2561489670316754,1.228088504998489,1.2561489670316754,993000
2018-05-25,1.2298797369003296,1.2830153112711573,1.222715480957523,1.2830153112711573,546000
2018-05-28,1.1827144622802734,1.2257005678642052,1.1827144622802734,1.2251035821136207,462000
2018-05-29,1.1892818212509155,1.2071927462889291,1.1851026362496553,1.1851026362496553,509000
2018-05-30,1.1892818212509155,1.196446148563277,1.180326394317612,1.1934610062521758,285000
2018-06-01,1.2071927785873413,1.2173422484823526,1.1791323831751102,1.1839086252349416,545000
2018-06-04,1.2149540185928345,1.2280885581458465,1.193460896293196,1.207789620769155,1007000
2018-06-05,1.1862967014312744,1.2245066376120566,1.1862967014312744,1.19764028513137,484000
2018-06-06,1.1612217426300049,1.191073172035847,1.138534570875859,1.1862969290966279,513000
2018-06-07,1.1403250694274902,1.1546537906876826,1.105100358604478,1.136145885749203,1653000
2018-06-08,1.1403250694274902,1.163012158044257,1.1074885144002022,1.136145885749203,569000
2018-06-11,1.1253994703292847,1.1618182269507662,1.123011385476338,1.1462954618924384,210000
2018-06-12,1.1462955474853516,1.1552509731096827,1.118235228096726,1.118235228096726,547000
2018-06-13,1.1749533414840698,1.1761473843519277,1.138534500228774,1.1588335136680274,350000
2018-06-14,1.1701768636703491,1.1982371856970948,1.149280797410948,1.197640199968851,703000
2018-06-15,1.1630125045776367,1.171968002515769,1.1313699824342538,1.171968002515769,1141000
2018-06-18,1.1265465021133423,1.145732006164447,1.103763769656226,1.145732006164447,1098000
2018-06-19,1.163118600845337,1.1685144779865275,1.109159472076375,1.110958121613909,304000
2018-06-20,1.1871004104614258,1.1871004104614258,1.1547249330262468,1.162519033416461,413000
2018-06-21,1.1403355598449707,1.1847019293067016,1.1403355598449707,1.1817042045378574,508000
2018-06-22,1.139136791229248,1.1547249928168186,1.1163540625518047,1.1289445385626438,441000
2018-06-25,1.1349401473999023,1.1559242293524634,1.1301437715164604,1.1313428476194645,518000
2018-06-26,1.1499285697937012,1.1547249448113548,1.1349399425331663,1.1349399425331663,509000
2018-06-27,1.1091595888137817,1.1505282466454074,1.1055622893601034,1.1391368460230384,555000
2018-06-28,1.133141279220581,1.134939928764307,1.1037635272634903,1.1037635272634903,335000
2018-06-29,1.1517271995544434,1.1691140497605315,1.1277453963499726,1.1277453963499726,771000
2018-07-02,1.163118600845337,1.1661163262507566,1.1493290496861253,1.1493290496861253,141000
2018-07-03,1.176908254623413,1.1871005075962562,1.1697136558459542,1.1697136558459542,149000
2018-07-04,1.2050868272781372,1.2206750288901476,1.1565236442703797,1.1691141203009585,273000
2018-07-05,1.1900982856750488,1.2128810160403798,1.1900982856750488,1.2014896151220038,54000
2018-07-06,1.182903528213501,1.2014893816721055,1.182903528213501,1.199091230087578,72000
2018-07-10,1.1421343088150024,1.1924961322156882,1.1421343088150024,1.1829034549998927,291000
2018-07-11,1.1421343088150024,1.1655166069382716,1.1361388587533545,1.1481297588766506,304000
2018-07-12,1.142734169960022,1.167915052261019,1.1409355201946463,1.1619196006907142,266000
2018-07-13,1.130743145942688,1.1487294987308576,1.124148121331794,1.1397363223367727,611000
2018-07-16,1.1325417757034302,1.1373380791859067,1.1175530771707507,1.1307431261617957,322000
2018-07-17,1.1235486268997192,1.130743225699588,1.1067613488190555,1.130743225699588,581000
2018-07-18,1.1175532341003418,1.127745559110365,1.110358706394942,1.127745559110365,6180000
2018-07-19,1.130143404006958,1.130143404006958,1.1091593288781743,1.117552930341127,273000
2018-07-20,1.1571232080459595,1.1667159590053018,1.1319423261169606,1.1325418998537016,460000
2018-07-23,1.1589219570159912,1.1757092368965198,1.1547251549137154,1.1613201806968811,280000
2018-07-24,1.1781073808670044,1.1894987102983654,1.1625191781459012,1.1739105075772622,1647000
2018-07-25,1.177507758140564,1.187100508873216,1.168514581130484,1.1817045597843177,768000
2018-07-26,1.1871004104614258,1.1984917384746074,1.167315408385163,1.1685144842594855,394000
2018-07-27,1.169114112854004,1.2002905158794388,1.16311866172933,1.1853018165963396,374000
2018-07-30,1.1655168533325195,1.1781073297122113,1.155324600367321,1.1601209042534726,285000
2018-07-31,1.139136791229248,1.1781072951981746,1.139136791229248,1.1661163928912481,325000
2018-08-01,1.1619195938110352,1.1625191675530837,1.1337409858917298,1.1391368636844874,823000
2018-08-02,1.1613198518753052,1.1613198518753052,1.1385371264504978,1.159521202491772,871000
2018-08-03,1.151127576828003,1.174509876838722,1.151127576828003,1.166715776835149,506000
2018-08-06,1.1577224731445312,1.1775074720540386,1.1547247482028302,1.160120624509332,556000
2018-08-07,1.139136791229248,1.1601208702663695,1.1301436144990533,1.1595213680338723,297000
2018-08-08,1.1211506128311157,1.1589219752900333,1.1151551607414916,1.1511278732792365,515000
2018-08-09,1.094171166419983,1.1223497792130275,1.0833793374965057,1.1223497792130275,467000
2018-08-10,1.052202820777893,1.0935714822318467,1.0426100690424016,1.0935714822318467,1201000
2018-08-13,1.0791821479797363,1.0797817216501788,1.0372139922482928,1.0797817216501788,721000
2018-08-14,1.0881754159927368,1.0935712932417994,1.0563994402943464,1.0791821681252782,631000
2018-08-15,1.092971682548523,1.1175530591205398,1.07558490402684,1.1001662805988568,646000
2018-08-16,1.133141279220581,1.133141279220581,1.0833790230250286,1.0887749001847944,2535000
2018-08-17,1.133141279220581,1.133141279220581,1.1055621768072161,1.1271458283891027,704000
2018-08-20,1.148129940032959,1.148129940032959,1.1181526849947931,1.1217499841879384,410000
2018-08-21,1.0977680683135986,1.1529262727324128,1.0953699165873072,1.1529262727324128,973000
2018-08-22,1.116953730583191,1.116953730583191,1.075585071247835,1.0797818731153987,812000
2018-08-23,1.0911731719970703,1.1211504274895387,1.0797817720270835,1.1211504274895387,1244000
2018-08-24,1.0701888799667358,1.1091593784178941,1.0611957045098697,1.100166202961028,1214000
2018-08-27,1.098367691040039,1.1127567449833045,1.0629944869331058,1.0791821904871328,750000
2018-08-28,1.0851775407791138,1.1061616889943222,1.0749852892264065,1.0911730627487501,518000
2018-08-29,1.1061619520187378,1.1241483077902399,1.0923723982996347,1.0923723982996347,773000
2018-08-30,1.094171166419983,1.107361147783596,1.085777489936642,1.107361147783596,386000
2018-08-31,1.1151551008224487,1.1253473545328785,1.0863769180442646,1.0863769180442646,557000
2018-09-03,1.1151551008224487,1.1211505525899277,1.1091596490549696,1.1205509788246106,409000
2018-09-04,1.1295437812805176,1.1379374538497549,1.1127565076134425,1.1127565076134425,575000
2018-09-05,1.1241481304168701,1.1421344833504008,1.1139558780488186,1.1211504049279482,501000
2018-09-06,1.145132064819336,1.145132064819336,1.1181525388121778,1.139136614595523,655000
2018-09-10,1.1517271995544434,1.1661163243599726,1.1427340233527667,1.1487294741538845,595000
2018-09-11,1.1439331769943237,1.1511277041505361,1.133141350524297,1.1397363754424845,540000
2018-09-12,1.133141279220581,1.1643176807213977,1.133141279220581,1.1517272053867287,295000
2018-09-13,1.1271461248397827,1.1397366034858734,1.113956143835716,1.1343406534355072,383000
2018-09-14,1.139136791229248,1.139136791229248,1.1061618098852002,1.1271458889223216,328000
2018-09-17,1.181105136871338,1.181105136871338,1.1091596444864993,1.1355396750376054,780000
2018-09-18,1.1942949295043945,1.1948945031734088,1.1607203764106384,1.1685144767507687,952000
2018-09-19,1.1990914344787598,1.2224737380348643,1.1829037298454068,1.1900982572967393,1708000
2018-09-20,1.2518515586853027,1.2518515586853027,1.2044874468269846,1.2044874468269846,649000
2018-09-21,1.2536500692367554,1.257846870714562,1.2356637159278008,1.251851419611577,1887000
2018-09-24,1.2284691333770752,1.257247241867915,1.1942950044692253,1.257247241867915,997000
2018-09-25,1.2164781093597412,1.239860409509437,1.1948944586787,1.2128808104224313,982000
2018-09-26,1.1871004104614258,1.2176771668780033,1.1715122096809976,1.2176771668780033,1079000
2018-09-27,1.2074849605560303,1.2152790612419841,1.1847022321937857,1.1847022321937857,697000
2018-09-28,1.205686092376709,1.2158784859974798,1.1900979653019936,1.1924961167069033,728000
2018-10-01,1.1990914344787598,1.2272700420214733,1.1751096286600387,1.2272700420214733,603000
2018-10-02,1.259045958518982,1.3034124139724168,1.173910490043451,1.173910490043451,1348000
2018-10-03,1.3190006017684937,1.3381861035315628,1.2836273954303268,1.2836273954303268,1490000
2018-10-04,1.3609687089920044,1.3609687089920046,1.2992155473328881,1.3112064497338267,504000
2018-10-05,1.3579713106155396,1.3813534746410467,1.330991703660831,1.3609689653089188,438000
2018-10-08,1.412529706954956,1.4281179096474723,1.38555024632339,1.4065342553765148,3016000
2018-10-09,1.4209234714508057,1.4335140212510027,1.391545855450346,1.4119303645363792,2684000
2018-10-10,1.4089324474334717,1.414927899182186,1.3861497879654954,1.3999393412818228,779000
2018-10-11,1.4209234714508057,1.4209234714508057,1.3987403123933158,1.3993399576790395,1211000
2018-10-15,1.4293168783187866,1.4299163805187751,1.395742325091451,1.4203236306048472,1123000
2018-10-16,1.4293168783187866,1.4383099830899033,1.4113305258337308,1.4137286775765068,704000
2018-10-17,1.4143283367156982,1.4317151889300768,1.3969414845013197,1.413728834449187,1189000
2018-10-18,1.4089324474334717,1.4191248440548467,1.4011383458658586,1.4011383458658586,766000
2018-10-19,1.3879482746124268,1.4191246772176742,1.3879482746124268,1.4011381811432404,4766000
2018-10-22,1.4203238487243652,1.4341134020415227,1.3939438896170036,1.3957425394360106,1031000
2018-10-23,1.4341131448745728,1.4449050418533989,1.406534043185777,1.410131342178719,913000
2018-10-24,1.4053354263305664,1.4389099879513354,1.3993399740033883,1.4335140379740177,985000
2018-10-25,1.4389095306396484,1.4580948862234473,1.4059344818488113,1.408932135588262,846000
2018-10-26,1.476681113243103,1.476681113243103,1.4395092576452344,1.4550974597650772,609000
2018-10-29,1.5018620491027832,1.5108551545667135,1.4670883458537392,1.4814774003617281,891000
2018-10-30,1.5582189559936523,1.5582189559936523,1.489271208253101,1.5138526537655441,632000
2018-10-31,1.5594183206558228,1.5594183206558228,1.5114545701415218,1.5588186755012012,782000
2018-11-01,1.6121782064437866,1.6121782064437866,1.5444295975206477,1.557619646572422,811000
2018-11-05,1.6301649808883667,1.6451535391119976,1.5857985226367255,1.6067826756812265,998000
2018-11-06,1.630764365196228,1.6361603143788679,1.6019861124983192,1.6361603143788679,506000
2018-11-07,1.5995879173278809,1.6547461263027332,1.589395664442151,1.6547461263027332,1149000
2018-11-08,1.6037845611572266,1.6325628102471674,1.6001872621531317,1.60138640946877,1417000
2018-11-09,1.6589429378509521,1.6589429378509524,1.5923933281578202,1.597789277227142,1833000
2018-11-12,1.6271671056747437,1.6673366170424964,1.6163753499874525,1.6673366170424964,1147000
2018-11-13,1.6277661323547363,1.6397570320339654,1.6121779341831788,1.6271666302536147,1665000
2018-11-14,1.628366231918335,1.6373593377165685,1.619372983177262,1.6319633884719247,1177000
2018-11-16,1.646951675415039,1.654146272602376,1.6301644725683246,1.6433543768213708,1639000
2018-11-19,1.6277661323547363,1.6541462260032798,1.6265671281524932,1.6541462260032798,903000
2018-11-21,1.633162260055542,1.633162260055542,1.5977890592211133,1.6181735623334632,1041000
2018-11-22,1.73268723487854,1.73268723487854,1.6307644143142606,1.6307644143142606,837000
2018-11-23,1.6847232580184937,1.7200964608490983,1.6631396064109585,1.7200964608490983,1096000
2018-11-26,1.6697349548339844,1.7224948730131235,1.663739503088953,1.679327706214604,6685000
2018-11-27,1.8070305585861206,1.8118270049937804,1.669135047186766,1.669135047186766,6234000
2018-11-28,1.8220194578170776,1.8442026139360699,1.7890444032988966,1.7986371542283404,3351000
2018-11-29,1.8160237073898315,1.8322114093808641,1.7866459571743798,1.787845104446714,1937000
2018-11-30,1.8885691165924072,1.889168618870931,1.8004358492215278,1.8166235542844047,2078000
2018-12-03,1.929937720298767,1.9305372225601094,1.8915667167161099,1.9173471722107163,1055000
2018-12-04,1.9083540439605713,1.950322203558014,1.9005599428839055,1.9179466518000037,2047000
2018-12-05,1.954518437385559,1.9575162336715717,1.9005593907224823,1.9005593907224823,763000
2018-12-06,1.912550687789917,1.938331140852202,1.8699828865083548,1.932935192180703,771000
2018-12-07,1.8771777153015137,1.9293381300374708,1.8579922129638282,1.9293381300374708,1070000
2018-12-10,1.8597906827926636,1.8813743350984624,1.838806532707273,1.8735802344618455,860000
2018-12-11,1.8645873069763184,1.899361014708718,1.847800098376437,1.868784252069141,1194000
2018-12-12,1.8483991622924805,1.8975619147275122,1.8472001579299302,1.86098970869899,1795000
2018-12-13,1.868783712387085,1.885570916139025,1.8370076683914056,1.8483990669046857,2981000
2018-12-14,1.8825734853744507,1.9023584881065945,1.8148247313652701,1.8292139282197952,1323000
2018-12-17,1.8789763450622559,1.9107522525651797,1.87178174602656,1.8795758473342838,990000
2018-12-18,1.869383454322815,1.8987612075997995,1.8621888558246704,1.8813743565245031,1490000
2018-12-19,1.8166232109069824,1.8879691145078439,1.8166232109069824,1.8879691145078439,1437000
2018-12-20,1.8268156051635742,1.8579920072752254,1.7926415490488627,1.8196211497905341,1615000
2018-12-21,1.7680599689483643,1.8460009684460428,1.7512727647136739,1.8460009684460428,1875000
2018-12-26,1.7506732940673828,1.7740555943376901,1.7111032914384987,1.7452773456335846,968000
2018-12-27,1.7830489873886108,1.7980376878165132,1.748874927662116,1.751273079706585,933000
2018-12-28,1.8472148180007935,1.8602320467968219,1.787707254122418,1.788946905747544,1270000
2019-01-02,1.8596121072769165,1.9463940706435303,1.8453550799388172,1.9463940706435303,857000
2019-01-03,1.8720098733901978,1.8850271039206135,1.838536910432717,1.838536910432717,1190000
2019-01-04,1.8149816989898682,1.9067225792364697,1.8149816989898682,1.8608522130075271,940000
2019-01-07,1.8335777521133423,1.8527938316204418,1.8069233189355989,1.8515540321143118,879000
2019-01-08,1.8472148180007935,1.8732494233815515,1.8112622606755222,1.8341975892047648,848000
2019-01-09,1.8614718914031982,1.8695302183169598,1.8335776601188376,1.855893015588585,715000
2019-01-10,1.8664311170578003,1.886267024866002,1.851554260096014,1.8596125884063004,849000
2019-01-11,1.906722068786621,1.9067220687866213,1.8496939653114761,1.8937048421280813,3856000
2019-01-14,1.9618908166885376,1.974288219338331,1.88502680202886,1.88502680202886,2518000
2019-01-15,1.9463945627212524,1.9755284505375976,1.9253188553788343,1.9618912455264719,844000
2019-01-16,1.9203596115112305,1.968709572505672,1.9054826094891235,1.968709572505672,1229000
2019-01-17,1.9649903774261475,1.969329453875419,1.9042430115589326,1.90610263686415,1651000
2019-01-18,1.9259382486343384,1.9742880558492486,1.9191195742895124,1.9668497035485542,1384000
2019-01-21,1.943294882774353,1.9656102390545696,1.8893661913072444,1.921599352344259,2039000
2019-01-22,1.9618908166885376,1.974288219338331,1.9432947127138473,1.9432947127138473,778000
2019-01-23,1.9990832805633545,2.0015628796417126,1.959411616562933,1.961891067852575,1992000
2019-01-24,2.0548720359802246,2.0561116879047696,1.9835868777130925,2.015200218620045,1662000
2019-01-28,2.0703682899475098,2.0703682899475098,2.017679399369103,2.0561112612524806,736000
2019-01-29,2.0920636653900146,2.0970225672706673,2.059830359799687,2.07470721323034,535000
2019-01-30,2.0765669345855713,2.09516318697128,2.0542515795114222,2.0939233875493324,973000
2019-01-31,2.04929256439209,2.0846251463991057,2.0455733141200474,2.0728477175892297,738000
2019-02-01,2.0579710006713867,2.074087655549874,2.036275617403204,2.0554915494105535,1178000
2019-02-04,2.048053026199341,2.057970978926593,2.0220185665526045,2.048053026199341,428000
2019-02-05,2.028217077255249,2.060450235843065,1.9997030212742857,2.060450235843065,614000
2019-02-06,1.9705690145492554,2.0306965518008533,1.955072334773047,2.0306965518008533,972000
2019-02-07,1.9786276817321777,1.9904052608851763,1.9525932197586768,1.9718091532803645,1196000
2019-02-08,1.9928840398788452,1.9947436647907024,1.9463938604484463,1.9730482871334964,1137000
2019-02-11,1.9866855144500732,2.0034221401311787,1.954452357978589,1.9842060636120649,1050000
2019-02-12,1.9972233772277832,2.0077613023726233,1.9749081709375336,2.0077613023726233,1591000
2019-02-13,1.9990832805633545,2.026357688115566,1.9749084457534491,2.000323080102534,773000
2019-02-14,2.026977300643921,2.0387548777659825,1.9792473141343836,1.9953639675037937,1184000
2019-02-15,2.0102410316467285,2.0647896989243617,1.9848262495266669,2.0647896989243617,564000
2019-02-18,2.0083813667297363,2.009621166243664,1.9755282313921452,2.009621166243664,466000
2019-02-19,1.983586311340332,2.000322789852824,1.9736683598321565,1.9897850125593548,771000
2019-02-20,1.9693293571472168,2.0015626638028277,1.9457742029639011,1.9947439887557097,1098000
2019-02-21,1.9556918144226074,1.982966066497463,1.9346162627187948,1.982966066497463,1614000
2019-02-22,1.9525926113128662,1.966849637479474,1.9290374603468705,1.966849637479474,940000
2019-02-25,1.9625104665756226,1.9848258189027632,1.94763361428709,1.9532124893160463,1054000
2019-02-26,1.971189022064209,1.9742882989572963,1.9439146169037853,1.966849945740665,1131000
2019-02-27,1.9990832805633545,1.9990832805633545,1.9575519911485224,1.9718090207998595,2421000
2019-02-28,2.015819549560547,2.0344156525973744,1.9891651204288918,2.002802173982685,1644000
2019-03-01,1.983586311340332,2.031316295947938,1.9364761525180196,2.0195387192951864,1013000
2019-03-06,1.9463945627212524,1.9885456818286296,1.9327573577101265,1.9829668050801603,753000
2019-03-07,1.9178801774978638,1.9594114636720523,1.8732494666119308,1.9594114636720523,1184000
2019-03-08,1.9581714868545532,1.9786272151752933,1.8906056008190384,1.9104415033690565,3477000
2019-03-11,2.0021822452545166,2.00838094594802,1.9637502418393218,1.9687092910673338,1100000
2019-03-12,2.051772356033325,2.051772356033325,1.9866859088302353,1.9916449592793697,2397000
2019-03-13,2.085865020751953,2.0920637221653395,2.0337958106485483,2.0505324374745206,2729000
2019-03-14,2.0920636653900146,2.1026014427279227,2.0685085119851765,2.089584214449688,9388000
2019-03-15,2.107560157775879,2.1087998091548728,2.088344083514759,2.0895838826824247,2174000
2019-03-18,2.138554096221924,2.1422733466964994,2.092063760867136,2.108180414397828,2959000
2019-03-19,2.175746202468872,2.176366028255747,2.129875842888831,2.134214918974346,1398000
2019-03-20,2.130495548248291,2.185044204704665,2.111279472054415,2.1757460794836465,1230000
2019-03-21,2.1137590408325195,2.1286358931876808,2.061689835906429,2.1286358931876808,1386000
2019-03-22,2.005281448364258,2.0920634026879616,2.005281448364258,2.0920634026879616,2341000
2019-03-25,2.0288374423980713,2.03999504876213,2.0028028304969494,2.0046624561890822,1123000
2019-03-26,2.041234016418457,2.0592102922555817,2.0251173655154266,2.0399942171995016,1111000
2019-03-27,1.9525926113128662,2.041234044719856,1.917879858376285,2.041234044719856,2375000
2019-03-28,1.9525926113128662,1.9643700390071839,1.9184996841000177,1.9414348615536008,1545000
2019-03-29,1.989785075187683,2.012720255641081,1.9730485961484117,1.9866856505862702,2310000
2019-04-01,1.9928840398788452,2.0028019901458576,1.9711886622216395,1.9966032897025594,969000
2019-04-02,1.9699492454528809,1.9966036773124796,1.9525929399576563,1.9910248014938552,699000
2019-04-03,1.9625104665756226,1.981106716672143,1.9364760120178617,1.981106716672143,1254000
2019-04-04,1.983586311340332,2.002802240782694,1.950113206526653,1.9538324568158056,739000
2019-04-05,2.036895275115967,2.036895275115967,1.9575518067984814,1.9773877108250282,1164000
2019-04-08,2.050532102584839,2.064169154793887,2.0344154519844406,2.0548711780866884,2076000
2019-04-09,2.029456377029419,2.0561108031917255,1.997843049725198,2.030076350513663,1070000
2019-04-10,2.014580011367798,2.0375151933071547,1.9563120960689013,2.0288370403228644,15036000
2019-04-11,1.9767675399780273,2.008381018102744,1.9482534862057554,2.008381018102744,992000
2019-04-12,1.9209797382354736,1.9742886097284675,1.9135412360592505,1.9742886097284675,904000
2019-04-15,1.8906058073043823,1.9463942708457425,1.8906058073043825,1.9352365190219876,885000
2019-04-16,1.9277976751327515,1.943294500648222,1.8912254447589614,1.8918452704872022,1538000
2019-04-17,1.9308972358703613,1.9414350129389077,1.8887459798074846,1.9346164860801287,843000
2019-04-18,2.014580011367798,2.014580011367798,1.9215993363430313,1.9346167136081756,1461000
2019-04-22,2.062309741973877,2.062309741973877,2.0003227315891525,2.026357335066213,949000
2019-04-23,2.0920636653900146,2.0920636653900146,2.030076652938381,2.0641694358924316,1153000
2019-04-24,2.1013622283935547,2.1013622283935547,2.051152634408272,2.092064100696752,974000
2019-04-25,2.218517303466797,2.2253358305442625,2.0598303732109895,2.1007418312531763,10359000
2019-04-26,2.231534719467163,2.2433122972365753,2.1949623344708034,2.226575817137257,1598000
2019-04-29,2.3028199672698975,2.310878294758415,2.2240964655776096,2.2240964655776096,2291000
2019-04-30,2.3831777572631836,2.3831777572631836,2.274936753803484,2.316230976692658,2972000
2019-05-02,2.411958694458008,2.411958694458008,2.344386286073574,2.3700388448837906,2631000
2019-05-03,2.546478033065796,2.577761366660376,2.4113332085110137,2.4113332085110137,1789000
2019-05-06,2.583392381668091,2.6065419929820943,2.503306433493156,2.513317326186423,1954000
2019-05-07,2.5652475357055664,2.5827662233957858,2.5333382843106853,2.5827662233957858,1338000
2019-05-08,2.5927772521972656,2.602787846165624,2.5389696383460625,2.5652476712700953,1388000
2019-05-09,2.6340715885162354,2.6340715885162354,2.562119359759305,2.562119359759305,1895000
2019-05-10,2.6246864795684814,2.649713262587019,2.5934028516239165,2.6340714486147365,1913000
2019-05-13,2.5589914321899414,2.6040397071474715,2.5377186936933236,2.5952800634438518,12375000
2019-05-14,2.562119483947754,2.6127989782998484,2.5145687107192862,2.6127989782998484,2164000
2019-05-15,2.646584987640381,2.697264181326277,2.5233279401496818,2.597782668531235,4907000
2019-05-16,2.577760696411133,2.658472254884239,2.552108291964381,2.658472254884239,2961000
2019-05-17,2.5245792865753174,2.6040396135576582,2.515194316646454,2.5727559826710276,2119000
2019-05-20,2.587146043777466,2.5908997923426655,2.527707216353786,2.527707216353786,2185000
2019-05-21,2.6215579509735107,2.6753655621192807,2.5840177779654927,2.5840177779654927,1238000
2019-05-22,2.6271889209747314,2.640327937018528,2.5908999968946405,2.63407139057315,929000
2019-05-23,2.6040396690368652,2.6259380321183636,2.563996692251136,2.6228096092944866,1323000
2019-05-24,2.5902745723724365,2.6178041545520023,2.552734395769103,2.6178041545520023,1328000
2019-05-27,2.6497132778167725,2.6497132778167725,2.5902744440490197,2.5902744440490197,1305000
2019-05-28,2.690382480621338,2.690382480621338,2.614676190922977,2.6497138742426434,1597000
2019-05-29,2.727922201156616,2.727922201156616,2.677868632054389,2.686627976812998,1404000
2019-05-30,2.7867350578308105,2.8123874667178677,2.7272965203273567,2.7272965203273567,1438000
2019-05-31,2.8843400478363037,2.8843400478363037,2.777976053478662,2.777976053478662,1923000
2019-06-03,2.8780832290649414,2.891222247666465,2.8474255189947195,2.8887197479382727,1443000
2019-06-04,2.868072509765625,2.893724920930228,2.8305323303763177,2.87808310493231,1208000
2019-06-05,2.8905961513519287,2.933141921564287,2.8618153207712704,2.86869779058712,1453000
2019-06-06,2.871826171875,2.9275106594044913,2.868697749426974,2.9275106594044913,1155000
2019-06-07,2.846173048019409,2.9081143713525117,2.8061303802651727,2.890595685563612,1847000
2019-06-10,2.8486766815185547,2.854307604077181,2.787986589828075,2.815516174394001,1663000
2019-06-11,2.858686923980713,2.8686978163794827,2.7848581215465953,2.8636925193514937,1548000
2019-06-12,2.8436708450317383,2.870574501244053,2.811761593779333,2.8568098607407366,1787000
2019-06-13,2.89935564994812,2.921879935084381,2.8399171111336856,2.840542735997003,3495000
2019-06-14,2.8618154525756836,2.9331420566537343,2.846173637733507,2.928136461097419,1849000
2019-06-17,2.8205206394195557,2.873702619770612,2.8123869212677146,2.861814854906941,1532000
2019-06-18,2.84930157661438,2.8924729663154096,2.812387031125051,2.878082403634149,1341000
2019-06-19,2.920628309249878,2.929387652893937,2.841167994985062,2.8712003712992833,1522000
2019-06-21,2.90748929977417,2.95128632092156,2.869323498946512,2.9469066486411006,1751000
2019-06-24,2.8780832290649414,2.9218802560795254,2.829906529183183,2.906864064339019,2387000
2019-06-25,2.8155157566070557,2.8774570889319575,2.7998739427351262,2.8774570889319575,1482000
2019-06-26,2.838665246963501,2.8430449184015263,2.797371031494838,2.8230234353950925,1489000
2019-06-27,2.852430582046509,2.8599386772988655,2.7961201659966464,2.849302159300891,1757000
2019-06-28,2.93251633644104,2.946281277659511,2.853681930257202,2.853681930257202,2330000
2019-07-01,2.903109312057495,2.968179062688815,2.8730772342056423,2.9525372498112454,1859000
2019-07-02,2.871826171875,2.926259409762395,2.841793793722408,2.9024838765058547,1694000
2019-07-03,2.9293875694274902,2.9400237871167487,2.8549328522316455,2.8780824602476995,693000
2019-07-04,2.9406497478485107,2.9719333764110067,2.9006070732335787,2.9406497478485107,1080000
2019-07-05,2.8905961513519287,2.9337675463943116,2.8636924936041335,2.9337675463943116,2078000
2019-07-08,2.898104190826416,2.9275106456772866,2.8787083297509457,2.9275106456772866,1318000
2019-07-10,3.040757179260254,3.040757179260254,2.9037351964773017,2.9137460888848943,2432000
2019-07-11,3.040757179260254,3.112083482414634,3.0000885814792677,3.065783962765047,2009000
2019-07-12,3.0282442569732666,3.0776722068094124,3.0044687194549797,3.0420089005319824,1470000
2019-07-15,3.053895950317383,3.1283506700094437,3.0263663713383555,3.0357516381551775,2824000
2019-07-16,3.059527635574341,3.0845544233151783,3.0351264727755987,3.0470142417039225,1054000
2019-07-17,3.0657835006713867,3.0845534362994655,3.0520185629785317,3.0682859996389986,915000
2019-07-18,3.0782971382141113,3.110206389360526,3.050141934163909,3.106452342264314,1081000
2019-07-19,2.9844472408294678,3.080174717844218,2.9600460782884555,3.0782978430377583,2478000
2019-07-22,2.9700565338134766,2.9907036453505844,2.945655374874822,2.9907036453505844,678000
2019-07-23,2.9950833320617676,3.0119763962789237,2.9650509527043365,2.9688050001240156,616000
2019-07-24,2.9781904220581055,3.003842832135219,2.9419014940173334,2.9788160469366476,1317000
2019-07-25,2.9343934059143066,2.973810458443501,2.9068638227919075,2.9656767383170743,2148000
2019-07-26,2.893724203109741,2.9406493411203662,2.89309857835987,2.928761874187306,870000
2019-07-29,2.8555591106414795,2.9225057488280686,2.8543075624911523,2.879334647040979,1053000
2019-07-30,2.9531633853912354,2.9531633853912354,2.845548147660678,2.8474253206689135,868000
2019-07-31,3.018232583999634,3.0244894284023114,2.93001322598976,2.956291256458379,1229000
2019-08-01,3.018859624862671,3.094565926265141,3.010100277264283,3.015731499536748,968000
2019-08-02,2.9963347911834717,3.043885564584979,2.9562918148032837,3.042008689915354,801000
2019-08-05,2.9531633853912354,2.969430825862795,2.9081151116502095,2.954414933510998,1479000
2019-08-06,3.047013521194458,3.047013521194458,2.944403596383457,2.944403596383457,479000
2019-08-07,3.09706711769104,3.09706711769104,2.9913290677876865,3.0050937084334524,868000
2019-08-08,3.162137031555176,3.164639829228629,3.0626555229343695,3.097067275473303,1249000
2019-08-09,3.2472283840179443,3.266624246201696,3.14274127651003,3.161511513839919,2486000
2019-08-12,3.2096879482269287,3.244725323953201,3.147120992756602,3.244725323953201,1535000
2019-08-13,3.2785120010375977,3.2785120010375977,3.1752764325767884,3.2096884876256095,1310000
2019-08-14,3.2021796703338623,3.2634953726826335,3.156505780541685,3.2528588566081766,1669000
2019-08-15,3.187164068222046,3.253485079240188,3.103949992008174,3.1909181158591875,2129000
2019-08-16,3.3417041301727295,3.34170413017273,3.184035352085388,3.2541103977178465,2676000
2019-08-19,3.3848752975463867,3.4330519857194752,3.347960750441572,3.347960750441572,3913000
2019-08-20,3.3298165798187256,3.3911322860032573,3.284768311975861,3.357971784513363,2735000
2019-08-21,3.3392014503479004,3.3855009664415383,3.296655981325938,3.3310677314163986,1818000
2019-08-22,3.3429558277130127,3.351089547448149,3.2735063975393723,3.342330202863048,1703000
2019-08-23,3.2534849643707275,3.335447787925996,3.2159447876675427,3.335447787925996,2137000
2019-08-26,3.221575975418091,3.30979534502431,3.1877895482194103,3.24785400934093,2243000
2019-08-27,3.197174549102783,3.255987457262897,3.147120984852237,3.2215757064263406,2008000
2019-08-28,3.2466020584106445,3.2466020584106445,3.1321043812687437,3.178403892232018,2473000
2019-08-29,3.3473358154296875,3.37987069743604,3.2303356038628643,3.2559880151854648,2639000
2019-08-30,3.5250258445739746,3.5250258445739746,3.3442071328534575,3.3442071328534575,4144000
2019-09-02,3.6251332759857178,3.6495344355632597,3.4943681333793215,3.5250258398947234,2229000
2019-09-03,3.558811902999878,3.6063626692243353,3.520645807049895,3.5844643096698334,3017000
2019-09-04,3.5788331031799316,3.6032342603500482,3.511886476332943,3.6032342603500482,2000000
2019-09-05,3.5963523387908936,3.608240105801981,3.558186240050057,3.603860433570822,1889000
2019-09-06,3.5531809329986572,3.5976035783694775,3.518143555247787,3.591972656471743,2459000
2019-09-09,3.4393088817596436,3.568822461786498,3.4261695678116517,3.5569346957600296,1927000
2019-09-10,3.4274213314056396,3.446816894467875,3.363602825389076,3.413656391802104,1911000
2019-09-11,3.4261693954467773,3.49186476851063,3.419287224767094,3.4443140051397276,1409000
2019-09-12,3.429298162460327,3.4968707149363505,3.416159146194729,3.4355550073541083,2002000
2019-09-13,3.398014783859253,3.4461911761361237,3.360474311725251,3.4424371289227236,1681000
2019-09-16,3.368607997894287,3.404896921705721,3.344206840418122,3.376741717053009,1070000
2019-09-17,3.441185712814331,3.4411857128143306,3.3435810866736073,3.3435810866736073,1583000
2019-09-18,3.4455649852752686,3.4737201855789475,3.396762677861255,3.4418109386785956,1965000
2019-09-19,3.536287546157837,3.5525549838694475,3.4568275302895377,3.474971842348134,1265000
2019-09-20,3.3354477882385254,3.5412932844364327,3.312923801551626,3.5412932844364327,5538000
2019-09-23,3.300410509109497,3.3460844070674853,3.2741321757802733,3.345458782188211,1553000
2019-09-24,3.2534849643707275,3.314800675822104,3.234715025190537,3.314800675822104,2211000
2019-09-25,3.215944766998291,3.2547364915155597,3.1821586380168525,3.2547364915155597,1201000
2019-09-26,3.2190732955932617,3.250356926179434,3.15337791003655,3.2434744558482014,2153000
2019-09-27,3.137735605239868,3.2222012156397573,3.1371099804605955,3.2096878250260072,2312000
2019-09-30,3.197174549102783,3.2140676121202034,3.128350749086894,3.128350749086894,2508000
2019-10-01,3.1702706813812256,3.201554309069201,3.122093990211435,3.1746503534564083,1889000
2019-10-02,3.1483728885650635,3.1677687531618277,3.093939641050622,3.1677687531618277,1416000
2019-10-03,3.121469020843506,3.19905218319278,3.107704376908723,3.198426558242496,1252000
2019-10-04,3.197174549102783,3.1971745491027828,3.1089548885198357,3.1396128905460996,674000
2019-10-07,3.106452465057373,3.201554299120827,3.1064524650573735,3.1965490022422838,1363000
2019-10-08,3.1189658641815186,3.1346076780158003,3.0926875334039456,3.1045752999842886,1852000
2019-10-09,3.159008264541626,3.180281296589058,3.12334526622661,3.12334526622661,747000
2019-10-10,3.1183407306671143,3.1633890064690915,3.1183407306671143,3.1608862084578804,930000
2019-10-11,3.155254602432251,3.1733989144692654,3.1064522893554662,3.1258478509556498,909000
2019-10-14,3.1270999908447266,3.169019842574287,3.112709424772978,3.1658914197313646,1221000
2019-10-15,3.090810775756836,3.1658911269874968,3.0851798538345148,3.1327306236101484,1464000
2019-10-16,3.103949546813965,3.1396128450802756,3.035125747794737,3.0926874055178497,994000
2019-10-17,3.142115592956543,3.1827841911258825,3.1195916069242604,3.1408643432721925,807000
2019-10-18,3.1571311950683594,3.177152678006391,3.120216651163838,3.1464946797022133,1690000
2019-10-21,3.1608853340148926,3.1902917853830255,3.1289760853279347,3.17214747443548,649000
2019-10-22,3.1715211868286133,3.2159438203184627,3.143366286527262,3.1633877677484357,912000
2019-10-23,3.2021796703338623,3.209687764228448,3.1458692644672284,3.2034309198687065,817000
2019-10-24,3.2534849643707275,3.2534849643707275,3.1790302358246567,3.2021801457125494,698000
2019-10-25,3.1940460205078125,3.3035384124209166,3.1940460205078125,3.3035384124209166,575000
2019-10-28,3.206559658050537,3.228458018782165,3.1439927000010357,3.200302813074192,585000
2019-10-29,3.2534849643707275,3.2659983566051225,3.20468294349655,3.20468294349655,529000
2019-10-30,3.35359263420105,3.35359263420105,3.2365921252334995,3.253485191009569,545000
2019-10-31,3.4368064403533936,3.4518226302253714,3.328565583664158,3.3448330232445334,1189000
2019-11-01,3.53503680229187,3.5350368022918697,3.3967635619627377,3.448694304780843,1133000
2019-11-04,3.466212749481201,3.553806490542478,3.452448108245837,3.5337850043456283,1029000
2019-11-05,3.3761162757873535,3.474972160677495,3.369859729048162,3.4724696613189363,7089000
2019-11-06,3.43868350982666,3.4455659802985608,3.382373391300589,3.4036461292631333,543000
2019-11-07,3.518768787384033,3.5325334273438798,3.429297881788127,3.433677553518204,837000
2019-11-08,3.484982490539551,3.5613140788232536,3.472469100738481,3.5150145663935692,857000
2019-11-11,3.508758306503296,3.5244001209445632,3.443688847709809,3.448068519952228,5648000
2019-11-12,3.6163740158081055,3.616374015808106,3.4799776495919716,3.5300315179789954,888000
2019-11-13,3.800320863723755,3.8247220239220527,3.615748100047965,3.616374023266198,2061000
2019-11-14,3.8203423023223877,3.8653905745443327,3.7946898927031323,3.802197987797258,823000
2019-11-18,3.7333731651306152,3.866640772604508,3.7108491843172686,3.8660151479072935,1254000
2019-11-19,3.790935516357422,3.832229737450738,3.7221117150876335,3.7596518889594868,565000
2019-11-21,3.9536099433898926,3.9536099433898926,3.78530492046644,3.78530492046644,1666000
2019-11-22,3.9536099433898926,3.9536099433898926,3.898551076641271,3.9317115813323964,1048000
2019-11-25,3.9949045181274414,4.000535440345792,3.9467278226340907,3.9848936250980485,867000
2019-11-26,3.9511070251464844,4.013673980352757,3.897299413834813,4.013673980352757,923000
2019-11-27,4.091883182525635,4.103770950025881,3.9210753617964342,3.9398453011758066,1162000
2019-11-28,4.154450416564941,4.154450416564941,4.062476991557097,4.090006575905789,3623000
2019-11-29,4.190738677978516,4.191989927594828,4.112529908446203,4.148193207596112,1413000
2019-12-02,4.0774922370910645,4.198872093021697,4.0330695971592,4.15132132927564,2537000
2019-12-03,4.042454719543457,4.106273221272354,4.038075047693706,4.106273221272354,1737000
2019-12-04,4.1431884765625,4.168215262362958,4.04182978523067,4.058722850728838,1362000
2019-12-05,4.173220634460449,4.179477181851004,4.11190491865032,4.162584116050834,1002000
2019-12-06,4.282712459564209,4.289594929736089,4.204503683252393,4.228904842942361,1278000
2019-12-09,4.264567852020264,4.3089904959668885,4.258936930303057,4.279584041056527,1241000
2019-12-10,4.248300075531006,4.278332152872672,4.233909810801186,4.267695935103405,973000
2019-12-11,4.222648620605469,4.264568473036251,4.147568261176353,4.240167311470364,2506000
2019-12-12,4.210760116577148,4.246423415329188,4.193867053574281,4.217642586075641,1126000
2019-12-13,4.235786437988281,4.248299827679157,4.18072758301698,4.213888080614936,810000
2019-12-16,4.263942241668701,4.2858406021352335,4.228904566579463,4.248300427759984,1337000
2019-12-17,4.260813236236572,4.290845311959104,4.19324099127519,4.264567282994732,982000
2019-12-18,4.235786437988281,4.263316014645304,4.226401470305811,4.22890396923834,6850000
2019-12-19,4.357792854309082,4.382819637384024,4.229530516464305,4.242043908001776,1607000
2019-12-20,4.3546648025512695,4.373434742283966,4.317124624743064,4.357793225287657,1534000
2019-12-23,4.364049434661865,4.401589609564648,4.326509259759082,4.3796912487903885,1343000
2019-12-26,4.338343620300293,4.4501798351447635,4.305374459400172,4.39005978188727,965000
2019-12-27,4.366786956787109,4.39070550828114,4.309252535559869,4.39070550828114,1184000
2019-12-30,4.466987133026123,4.503188627154313,4.333818000586841,4.333818000586841,1252000
2020-01-02,4.405574321746826,4.476037477112531,4.379069837769865,4.462462032264766,884000
2020-01-03,4.654458999633789,4.654458999633789,4.348040455503372,4.408807224639795,6878000
2020-01-06,4.606621265411377,4.621489830843969,4.492845529273626,4.586581145666302,2641000
2020-01-07,4.635065078735352,4.638297415637467,4.549086951606314,4.603388731949319,1498000
2020-01-08,4.586580753326416,4.644761582059733,4.536804123479342,4.622135841220154,1846000
2020-01-09,4.748193740844727,4.7507796718235005,4.551025828354102,4.567833609084654,1624000
2020-01-10,4.83223295211792,4.858091030541422,4.737850935046877,4.737850935046877,1529000
2020-01-13,4.951826572418213,4.95635172066621,4.830293667183319,4.864555636026412,1495000
2020-01-14,4.997077941894531,5.0087141685167,4.921442931229304,4.977037825198448,1806000
2020-01-15,5.029400825500488,5.040390338505113,4.9505334761758615,4.9557050298399545,1399000
2020-01-16,4.933079719543457,5.038451560294835,4.904635709534759,5.0222901839659695,1923000
2020-01-17,4.987381935119629,5.003543003606574,4.911100508171176,4.939544210650088,1332000
2020-01-20,5.106975078582764,5.110207415232329,4.977684386873432,4.98867420818092,1055000
2020-01-21,5.068188190460205,5.136712127585512,5.006775024379201,5.136712127585512,1599000
2020-01-22,5.068188190460205,5.122489968991699,5.039744181525182,5.10632890152548,1426000
2020-01-23,5.094046592712402,5.121843889456695,5.010007680224777,5.056552284967721,1091000
2020-01-24,5.061723709106445,5.122490163534306,5.043623115575188,5.093400056038762,1117000
2020-01-27,5.039744853973389,5.048148745808291,4.956352341418952,4.984149948354645,1393000
2020-01-28,5.126368522644043,5.13800474972324,5.0261685517332975,5.0261685517332975,1064000
2020-01-29,5.126368522644043,5.149640976802438,5.0707736264913335,5.12572211695952,1251000
2020-01-30,5.071420192718506,5.099864201506113,4.964755545080729,5.084349231576036,2809000
2020-01-31,5.074652671813965,5.1328335024308265,5.000957179084521,5.071420334945782,2260000
2020-02-03,5.171620845794678,5.219458570424251,5.068188527519624,5.068834933270949,2903000
2020-02-04,5.210407733917236,5.294446021435498,5.163216419925155,5.203296346631094,1541000
2020-02-05,5.210407733917236,5.308022082070792,5.139297560086916,5.287335250654539,1869000
2020-02-06,5.165802478790283,5.250487482341836,5.096631828553487,5.250487482341836,1376000
2020-02-07,5.13606595993042,5.222690802167166,5.101803989779747,5.116672246518427,1944000
2020-02-10,5.0229363441467285,5.148348297745097,4.919504033902581,5.148348297745097,2186000
2020-02-11,5.130248069763184,5.134126812731357,5.00548281375362,5.035866043460448,2268000
2020-02-12,5.307375431060791,5.325476023448884,5.127015296366734,5.1341260672320015,2422000
2020-02-13,5.372021198272705,5.422443927275814,5.205882905336411,5.263417022062057,7493000
2020-02-14,5.339051723480225,5.415979861319663,5.222690678768056,5.404343325294792,1736000
2020-02-17,5.430201053619385,5.458645369619371,5.304789720365553,5.371374129333141,1838000
2020-02-18,5.432787895202637,5.437313043726374,5.370081913370693,5.397232804513123,1836000
2020-02-19,5.535573482513428,5.561431562069343,5.413393856247524,5.432787878293395,2082000
2020-02-20,5.430201053619385,5.538159125224259,5.373313654629772,5.538159125224259,1506000
2020-02-21,5.503897190093994,5.541391187950742,5.370081649952319,5.427615766432666,1401000
2020-02-26,5.181318283081055,5.365557192228686,5.114086839117575,5.365557192228686,1529000
2020-02-27,5.0895209312438965,5.230447234515244,5.0203502827243325,5.1270152352095515,1741000
2020-02-28,5.070127487182617,5.070127487182617,4.830293703478822,5.0216436675175915,1763000
2020-03-02,5.236266136169434,5.264709837565831,5.0610772382034535,5.070127534852545,1423000
2020-03-03,5.193600654602051,5.415980269205767,5.145762928464224,5.289921587891509,2134000
2020-03-04,5.40046501159668,5.489029070934185,5.210408161667156,5.210408161667156,1614000
2020-03-05,5.159337997436523,5.412100822609534,5.070773939878885,5.322243953602949,1369000
2020-03-06,4.903342247009277,5.062369441493698,4.761769238001649,5.062369441493698,1586000
2020-03-09,4.50577449798584,4.783749313984204,4.431432596755426,4.783749313984204,2128000
2020-03-10,4.732032299041748,4.854211594243905,4.509006019195661,4.654457766604702,1912000
2020-03-11,4.330585956573486,4.708114352208674,4.106913536069793,4.708114352208674,1431000
2020-03-12,3.7093451023101807,3.91750286450317,3.528984945978792,3.881948081153632,2242000
2020-03-13,4.163154602050781,4.295677330034308,3.7313241407823803,4.253657875850061,2039000
2020-03-16,3.838634967803955,3.9459460082730935,3.6608604736502697,3.8030798840216793,1363000
2020-03-17,3.9756836891174316,4.066186969936023,3.746839401620197,3.8800085456499587,1821000
2020-03-18,3.4035725593566895,3.7791616996648196,3.2070510500101914,3.761707204774765,1720000
2020-03-19,3.5671260356903076,3.601388011102771,3.216748486756849,3.336988911871922,1100000
2020-03-20,3.2445454597473145,3.7701112177798515,3.23226282648239,3.5878118606964944,1904000
2020-03-23,3.0383269786834717,3.2464847250603017,2.8909359938221897,3.2064047961162077,872000
2020-03-24,3.1967082023620605,3.325352192687268,3.0635387553344975,3.2639390233656687,856000
2020-03-25,3.3790078163146973,3.4158554089976976,3.023458771092517,3.199940173989166,1548000
2020-03-26,3.8166563510894775,4.039682689787436,3.4113306299288615,3.4113306299288615,2206000
2020-03-27,3.5897510051727295,3.8366958603896597,3.5897510051727295,3.8366958603896597,1757000
2020-03-30,3.729384660720825,3.7339098086791522,3.6007406843657486,3.629184383460209,3003000
2020-03-31,3.7739899158477783,3.9026342066325626,3.7009408310821077,3.7293848397949514,2769000
2020-04-01,3.554196834564209,3.699648622075641,3.370604330075112,3.5929839573504143,8608000
2020-04-02,3.6136701107025146,3.639528189885323,3.4720967726861303,3.5884584372613846,2671000
2020-04-03,3.4326634407043457,3.7086987443033075,3.3828864967718313,3.7086987443033075,2336000
2020-04-06,3.6705572605133057,3.7610605237778874,3.5011866520556456,3.5011866520556456,2826000
2020-04-07,3.7248597145080566,3.9750369101209655,3.7183950409302584,3.8153629868290158,2088000
2020-04-08,3.474682331085205,3.7642930334606164,3.2839787863843006,3.7364957400353207,16133000
2020-04-09,3.5645387172698975,3.583932426114979,3.4203797909878486,3.5218728660632626,6953000
2020-04-13,3.5677714347839355,3.622719922756711,3.4358951252997896,3.5651855039106866,3973000
2020-04-14,3.684779644012451,3.684779644012451,3.5839332593302604,3.64599252555736,4293000
2020-04-15,3.6065590381622314,3.710637760840709,3.5645395823440205,3.5884584443490386,4560000
2020-04-16,3.5839333534240723,3.677022563461334,3.490844143386811,3.6518108895657164,3229000
2020-04-17,3.5567822456359863,3.652457389403715,3.528338542241029,3.633063675041124,2868000
2020-04-20,3.560661554336548,3.562601080207335,3.456582810767184,3.4901983821691354,4153000
2020-04-22,3.71386981010437,3.755889262667445,3.530923744158074,3.5328632694893054,4788000
2020-04-23,3.6459927558898926,3.7946768734870453,3.582640365935225,3.761707712829003,2795000
2020-04-24,3.3098373413085938,3.6117307198617428,3.286565192477583,3.6117307198617428,5823000
2020-04-27,3.4203805923461914,3.4798542357350835,3.3356952756781424,3.3434527610336704,2419000
2020-04-28,3.518641710281372,3.580054885349328,3.4636932097479995,3.475975844761591,3321000
2020-04-29,3.5147624015808105,3.5813471206093737,3.444945654057734,3.5393276676547076,4621000
2020-04-30,3.439127206802368,3.4876110181230304,3.3828856034372325,3.4449451655200303,11082000
2020-05-04,3.3951687812805176,3.454642422255784,3.3227661013216108,3.3990475238008697,5230000
2020-05-05,3.4688644409179688,3.550963819738083,3.437188096322253,3.437188096322253,3426000
2020-05-06,3.4165027141571045,3.572297941668705,3.359614987576443,3.5024811723082254,3271000
2020-05-07,3.3130693435668945,3.47791481903231,3.259413663145984,3.47791481903231,3854000
2020-05-08,3.397108554840088,3.400987297643799,3.2775148584414406,3.346038800885957,3284000
2020-05-11,3.3169476985931396,3.3867644381282327,3.2206261706673507,3.3867644381282327,10094000
2020-05-12,3.283332347869873,3.45981404125668,3.270403309795031,3.3208266507626902,5990000
2020-05-13,3.2535953521728516,3.3525025034682314,3.199293271916589,3.3040186903927693,5881000
2020-05-14,3.4035725593566895,3.4035725593566895,3.10297233587532,3.219333682875922,4199000
2020-05-15,3.4223196506500244,3.4585208330307156,3.307897527906641,3.38223941786846,4412000
2020-05-18,3.525106430053711,3.543853431589819,3.425552537061546,3.477915415055177,7179000
2020-05-19,3.4384818077087402,3.5826407938306275,3.4384818077087402,3.51993511041649,3756000
2020-05-20,3.445591449737549,3.517347709905963,3.426844454778005,3.483732153493641,3790000
2020-05-21,3.5697109699249268,3.5697109699249268,3.4203804614308115,3.4598142924366426,7441000
2020-05-22,3.512824296951294,3.5813482547772395,3.4501183005105474,3.5509650195386313,4321000
2020-05-25,3.750717878341675,3.750717878341675,3.5710041409923057,3.581347249050893,5252000
2020-05-26,3.749424934387207,3.82829197824133,3.6582749492371187,3.7720506751236194,3842000
2020-05-27,3.8476860523223877,3.8851803606777358,3.7048198987665737,3.7636471384660264,4658000
2020-05-28,3.8269994258880615,3.883887138555677,3.778515296132001,3.84639283118839,3755000
2020-05-29,3.8528573513031006,3.958875595237126,3.7739899970066175,3.86707920183906,5525000
2020-06-01,3.840574026107788,3.89487610385393,3.7895042846179465,3.8269985837343907,3393000
2020-06-02,3.9375429153442383,3.9381893211024734,3.823767179073884,3.8703117844457275,4467000
2020-06-03,4.008005142211914,4.064893151233305,3.8864722568756385,3.9588749252416817,7623000
2020-06-04,3.9996018409729004,4.039035671372711,3.944006943244057,4.009298851273441,3335000
2020-06-05,3.971158027648926,4.050025069701493,3.949178693113826,4.01834903339409,3944000
2020-06-08,4.125014305114746,4.165094237922176,3.9459469566679553,4.007359821571023,4205000
2020-06-09,4.1172566413879395,4.178669811891156,4.031924916690943,4.06295455069368,2310000
2020-06-10,4.035157203674316,4.143761075463313,3.9834410448935924,4.117902996072951,2560000
2020-06-12,3.990551710128784,3.990551710128784,3.8528574256280503,3.882594246960602,1645000
2020-06-15,3.930431842803955,3.967279745365504,3.843807305986865,3.8825944258267246,1879000
2020-06-16,3.986673355102539,4.021582042171576,3.927846420700259,3.9472398274859697,2556000
2020-06-17,4.062954902648926,4.12953963321176,3.9750375473165205,3.9892593999137853,2828000
2020-06-18,4.053257942199707,4.112085182799899,4.009299267318361,4.04356123914554,5170000
2020-06-19,4.119842052459717,4.130185159737094,4.043560634468157,4.130185159737094,4087000
2020-06-22,4.084287166595459,4.151518291955569,4.0467931696854915,4.130831768133027,2453000
2020-06-23,3.991197347640991,4.138588614474864,3.9646928683108698,4.132770655775159,2884000
2020-06-24,3.8922910690307617,4.013824289267237,3.833463830287405,3.9304317825262522,3214000
2020-06-25,3.9433608055114746,3.9433608055114746,3.8451000421912847,3.9013413494448437,3092000
2020-06-26,3.873544216156006,3.9433609717937266,3.8302319467694472,3.9433609717937266,3741000
2020-06-29,3.8780696392059326,3.906513653044283,3.8121313135471784,3.8754837076742077,3837000
2020-06-30,3.9071593284606934,3.92849225778832,3.8224740168491156,3.8916443586760203,3962000
2020-07-01,3.911684274673462,3.9698647918573453,3.89164415777822,3.9452998353031905,5016000
2020-07-02,3.775282859802246,3.9821474713513534,3.7752828598022456,3.967279216109925,3638000
2020-07-03,3.847038984298706,3.8690183176191217,3.767525232703385,3.8069587515503827,3684000
2020-07-06,3.8890583515167236,3.9271990612804455,3.8612610574912236,3.892937093886983,3069000
2020-07-07,3.8302321434020996,3.8909986048176566,3.795970169598365,3.8890590791433537,2847000
2020-07-08,3.87742280960083,3.87742280960083,3.7720509661790516,3.863847364111487,3050000
2020-07-09,3.861907482147217,3.922673932492109,3.8308778512853174,3.8884119649303512,3940000
2020-07-10,3.802433967590332,3.8515645006273505,3.7759294839400166,3.850271380953542,3230000
2020-07-13,3.7487778663635254,3.8328167643793014,3.7300308698458076,3.820534132496029,3165000
2020-07-14,3.7468385696411133,3.7817469393802488,3.7022334990305654,3.7352023436438806,3182000
2020-07-15,3.840574026107788,3.8405740261077885,3.723566289553208,3.7604138748163507,4319000
2020-07-16,3.8787152767181396,3.8787152767181396,3.7494248907952397,3.877422465334689,4591000
2020-07-17,4.0642476081848145,4.0823482020546935,3.8780691905157143,3.90198774434302,5572000
2020-07-20,4.0370965003967285,4.115963859866898,4.001541717598138,4.057136620207224,4295000
2020-07-21,3.9659862518310547,4.072650890111113,3.9259060191121393,4.065539811474918,3407000
2020-07-22,4.031278133392334,4.031278133392334,3.9213811507862992,3.9659865344746152,3913000
2020-07-23,4.072650909423828,4.072650909423828,4.011884154409019,4.03257067651485,3991000
2020-07-24,4.053257942199707,4.078469616742646,3.967279809746795,4.078469616742646,3672000
2020-07-27,4.214871406555176,4.220689367162673,3.9950773995675477,4.072651954432546,6795000
2020-07-28,4.264001369476318,4.264001369476318,4.168326231692961,4.22262832025905,4719000
2020-07-29,4.2025885581970215,4.2788699893074496,4.145054436098304,4.266587354645332,4766000
2020-07-30,4.324120998382568,4.324120998382568,4.137296197551599,4.150225235646187,5105000
2020-07-31,4.290505886077881,4.328646598680808,4.220042420734211,4.3170103707038265,4840000
2020-08-03,4.085580348968506,4.339635981830829,4.076530052454592,4.3027883900602655,5912000
2020-08-04,3.940128803253174,4.073298262486069,3.896170126211767,4.06877311362159,5988000
2020-08-05,3.910391330718994,3.9789155746398133,3.8741901458011094,3.975036832219669,4923000
2020-08-06,4.0972161293029785,4.0972161293029785,3.901341024713214,3.9246134791757616,5866000
2020-08-07,3.997015953063965,4.079761734340061,3.951764166087184,4.063600359830312,5740000
2020-08-10,3.985379934310913,4.000248498276278,3.9090985139081984,3.997016161555208,5319000
2020-08-11,3.916856050491333,4.008005727811181,3.9123309023230823,4.00671291640671,4962000
2020-08-12,3.876129388809204,3.9407748907422406,3.839281797950284,3.9084521397757226,4251000
2020-08-13,3.8502724170684814,3.91491793756659,3.8030813967166894,3.897463437420274,5577000
2020-08-14,3.9310781955718994,3.951118315107436,3.773990192799092,3.88582671049504,5030000
2020-08-17,3.837989330291748,3.9549974127452074,3.769465382524478,3.9343108856027516,5164000
2020-08-18,3.8948769569396973,3.9013413226156204,3.8218278677618387,3.8644937292818353,4615000
2020-08-19,3.9058663845062256,3.940128354111406,3.8463927419931645,3.8994020189735603,4664000
2020-08-20,3.8489785194396973,3.8955231207759464,3.8043734434626173,3.8657863007070263,3447000
2020-08-21,4.008005142211914,4.008005142211914,3.8334629897535497,3.8696644780628486,6579000
2020-08-24,4.086873531341553,4.092045085782811,3.995077129935525,4.02222833019424,4316000
2020-08-25,4.153458118438721,4.196123980586946,4.0383895717888825,4.090105730968231,4398000
2020-08-26,4.063600063323975,4.210344926271643,4.03968151438717,4.155396441899438,4693000
2020-08-27,4.031924724578857,4.106913337119445,3.991844795412232,4.049378912139534,5030000
2020-08-28,4.072004795074463,4.113377845377817,4.019642230575062,4.031924864516765,3955000
2020-08-31,3.928492307662964,4.090751853752697,3.873543815272672,4.077822814852193,6367000
2020-09-01,3.9821484088897705,3.9821484088897705,3.9226747574166865,3.9582298520870545,6034000
2020-09-02,4.061661720275879,4.061661720275879,3.950471916385447,3.9860266987594706,3999000
2020-09-03,4.040328502655029,4.116609924513323,3.9679258232855137,4.046146462261895,3361000
2020-09-04,4.0370965003967285,4.089459374207854,3.931724655267514,4.088812660195634,3516000
2020-09-08,4.053257942199707,4.064894170816287,3.969865432826502,3.986026810085202,3861000
2020-09-09,4.157983303070068,4.211638679971006,4.074590795304824,4.074590795304824,5209000
2020-09-10,4.0713582038879395,4.208406388244028,4.040974977417131,4.1528111810390165,4194000
2020-09-11,3.940128803253174,4.090106046340603,3.905220423940724,4.0739446682877585,5309000
2020-09-14,4.01899528503418,4.024166838564348,3.9336635729023666,3.949824947405151,3677000
2020-09-15,4.040975093841553,4.0771765893142575,4.001541569690351,4.017702946093298,3298000
2020-09-16,4.093984603881836,4.112731604291908,4.03515736305676,4.040328917488576,3838000
2020-09-17,4.13341760635376,4.157336466416524,4.070065224899293,4.089458936876209,4494000
2020-09-18,3.9685726165771484,4.136650446663954,3.968572616577148,4.134710921103843,4811000
2020-09-21,4.011885166168213,4.024167801399007,3.8806552300209463,3.9207354730377793,4408000
2020-09-22,4.011237621307373,4.061660959540862,3.9718041035552467,4.008005284900788,2397000
2020-09-23,3.929138422012329,4.027399172020339,3.929138422012329,4.009298580552369,2309000
2020-09-24,3.983440637588501,4.042267561822344,3.899401734036455,3.9537038185048994,15155000
2020-09-25,3.863846778869629,3.9730970402384025,3.83863510895701,3.969218298078571,3267000
2020-09-28,3.751363754272461,3.9103909447932215,3.7358487861230927,3.8961690961580113,2195000
2020-09-29,3.7145161628723145,3.7772221379770436,3.6796077899334763,3.7662326248494935,3253000
2020-09-30,3.7364962100982666,3.769465061302297,3.663446811389664,3.7209812390004,3206000
2020-10-01,3.7022335529327393,3.7714038877936673,3.6311236929177526,3.7714038877936673,2645000
2020-10-02,3.6666784286499023,3.724212844966764,3.653749391357162,3.653749391357162,1494000
2020-10-05,3.717102289199829,3.7558894065316015,3.6356493119778466,3.671850498186458,2294000
2020-10-06,3.746192216873169,3.8050194450612054,3.7171018055959206,3.7171018055959206,1594000
2020-10-07,3.709991455078125,3.7642935462337066,3.702234277701008,3.7642935462337066,1983000
2020-10-08,3.793384313583374,3.807606166383045,3.708698986100114,3.7287391077857936,2481000
2020-10-09,3.7688190937042236,3.8509184907611322,3.768819093704224,3.814070892498805,986000
2020-10-13,3.775282859802246,3.8004945305726814,3.733263408518187,3.777868482495058,750000
2020-10-14,3.8392815589904785,3.861907298307239,3.771404032787618,3.7843330707189926,1419000
2020-10-15,3.9368960857391357,3.9472391932626154,3.792090730894863,3.814070065571702,6474000
2020-10-16,3.8121306896209717,3.9394818628514057,3.806959135656599,3.9317243777785436,3779000
2020-10-19,3.6938297748565674,3.821180627895569,3.6938297748565674,3.820534222242197,2759000
2020-10-20,3.7229201793670654,3.752010593885638,3.677022291746035,3.720334556544811,2318000
2020-10-21,3.745546340942383,3.7772223792334785,3.7106376575212874,3.731324181982918,1433000
2020-10-22,3.793384313583374,3.8418681408683955,3.743607366405542,3.7507184469317054,2428000
2020-10-23,3.7946767807006836,3.848332466180178,3.7946767807006836,3.8056666034021895,1758000
2020-10-26,3.841867685317993,3.9252601912728116,3.7856263783555573,3.7966162007517203,2384000
2020-10-27,3.816009521484375,3.8664328673857056,3.7856262944482784,3.85996850184207,1203000
2020-10-28,3.6886584758758545,3.794676725517697,3.688658475875855,3.794676725517697,1096000
2020-10-29,3.6660327911376953,3.6938303966802075,3.5684184312367515,3.687365722553064,1005000
2020-10-30,3.549670934677124,3.6712038320449882,3.549024220752754,3.6531032402246826,970000
2020-11-03,3.69124436378479,3.694476700759398,3.6052662347275013,3.6104377889353025,2322000
2020-11-04,3.7481324672698975,3.7985558196203337,3.6944770858605764,3.717102830536034,2558000
2020-11-05,3.839928388595581,3.8399283885955815,3.743606845008307,3.7856262999875674,2117000
2020-11-06,3.9808547496795654,3.9873194230623943,3.7733434195301703,3.821180831203251,2677000
2020-11-09,4.038390159606934,4.081702433811434,3.9653407504679574,4.06101590547809,2583000
2020-11-10,4.066186904907227,4.0752372020190855,3.94982554571567,4.068772836190312,1913000
2020-11-11,3.870958089828491,4.046146684125274,3.870958089828491,4.046146684125274,1989000
2020-11-12,3.859968900680542,3.9200889552356486,3.8173030356251343,3.861908118068222,1545000
2020-11-13,4.201941967010498,4.201941967010498,3.8780692560999337,3.878715661855844,6123000
2020-11-16,4.219396591186523,4.2724058759298,4.1980636577752115,4.227154077563847,2312000
2020-11-17,4.164446830749512,4.263353981545425,4.140528281274164,4.219395316358922,4309000
2020-11-18,4.1224284172058105,4.205174523329789,4.079116146774966,4.163801470267799,3804000
2020-11-19,4.1172566413879395,4.163154840763475,4.1082063443143335,4.1237213154420145,611000
2020-11-23,4.092690944671631,4.120488546989477,4.04614634441455,4.101741240797648,1600000
2020-11-24,4.144407749176025,4.158629909537125,4.039036207560949,4.092691587051478,1194000
2020-11-25,4.196770191192627,4.240728862800509,4.1353570238333415,4.1353570238333415,1710000
2020-11-26,4.200648784637451,4.205173932781938,4.150871846795497,4.205173932781938,735000
2020-11-27,4.184487342834473,4.2245672698007715,4.174790641000344,4.200648718059749,1201000
2020-11-30,4.212931156158447,4.294384125955673,4.183840743748171,4.184487149406887,1318000
2020-12-01,4.302789211273193,4.315718252796742,4.161215852099772,4.273698790782043,1163000
2020-12-02,4.321536064147949,4.366787862041819,4.269819899842187,4.318303726815675,1128000
2020-12-03,4.258183479309082,4.355151437157219,4.258183479309082,4.355151437157219,861000
2020-12-04,4.2833943367004395,4.3215350451201715,4.25430392407487,4.258182666308452,706000
2020-12-07,4.313131332397461,4.392645089077572,4.266586731932591,4.266586731932591,2105000
2020-12-08,4.23491096496582,4.354504656318667,4.223274737045633,4.313131606993079,914000
2020-12-09,4.2381439208984375,4.276931044711699,4.207113975245702,4.254304991297802,1136000
2020-12-10,4.28080940246582,4.346747414535378,4.214871082143632,4.300849214267353,1675000
2020-12-11,4.413978099822998,4.4185032479899755,4.265940405211649,4.318302966109217,1390000
2020-12-14,4.412038326263428,4.501895495351176,4.371311995051705,4.415917068510152,1412000
2020-12-15,4.3945841789245605,4.412685078985973,4.331878513265038,4.412038365062013,1036000
2020-12-16,4.457289695739746,4.480562147038141,4.366786437724169,4.40751276511753,1498000
2020-12-17,4.411392688751221,4.499310347898371,4.382948984992471,4.467633998743107,1888000
2020-12-18,4.446946620941162,4.478622653581799,4.397816095577253,4.438542731510628,1709000
2020-12-21,4.405574321746826,4.42302850915861,4.298909671867809,4.408159944621101,1422000
2020-12-22,4.454704761505127,4.472805663759135,4.3958778310006235,4.427553870503049,1092000
2020-12-23,4.571065902709961,4.583994940976925,4.482501851867589,4.483794663218509,1627000
2020-12-28,4.708114147186279,4.718457255327466,4.572359080380684,4.589166862299572,2050000
2020-12-29,4.6225972175598145,4.754402498846926,4.573506530664542,4.745660308550727,3420000
2020-12-30,4.707328796386719,4.707328796386719,4.580230831664397,4.62259692679228,3000000
2021-01-04,4.606457233428955,4.726830284434096,4.54996921553259,4.7080010520224125,2108000
2021-01-05,4.506931304931641,4.599732940049505,4.467255236569771,4.599732940049505,2143000
2021-01-06,4.481377124786377,4.568799023957108,4.40538744345387,4.53450269110377,2348000
2021-01-07,4.413456916809082,4.527777484379418,4.376470558462777,4.480704403809665,1803000
2021-01-08,4.564091205596924,4.564091205596924,4.408749405553786,4.4369932525938856,3960000
2021-01-11,4.387902736663818,4.581575754038172,4.348899098350746,4.562073774550981,3958000
2021-01-12,4.310567855834961,4.410094391527837,4.289721343629143,4.410094391527837,2267000
2021-01-13,4.23054313659668,4.332759375393906,4.223146121859977,4.312585290724889,1975000
2021-01-14,4.274926662445068,4.34688177684406,4.220456247072948,4.245337961104347,1584000
2021-01-15,4.253407955169678,4.29308402502335,4.202972414460689,4.282324554168032,1458000
2021-01-18,4.238613128662109,4.303170908559898,4.215076588384363,4.265512123454193,739000
2021-01-19,4.219112396240234,4.262150604962522,4.156572203580949,4.262150604962522,1462000
2021-01-20,4.1182403564453125,4.221129034492986,4.108153312883724,4.209697137299541,2222000
2021-01-21,4.202971935272217,4.261477232783073,4.130344713625819,4.237268265788043,4594000
2021-01-22,4.161279201507568,4.161279201507568,4.05839019483133,4.133707455290157,2486000
2021-01-26,4.1155500411987305,4.219111459493665,4.090668647439783,4.14244903592594,1215000
2021-01-27,4.1182403564453125,4.187505449067245,4.076546687244434,4.103446004510893,4777000
2021-01-28,4.244665145874023,4.262149523960268,4.1094977497407985,4.133034289217934,2111000
2021-01-29,4.179436206817627,4.2682029708094085,4.179436206817627,4.220457133653497,1455000
2021-02-01,4.1982645988464355,4.256097469197212,4.142449008789395,4.241975545157135,1349000
2021-02-02,4.275599002838135,4.3031707440078,4.21574885394586,4.232560805213356,992000
2021-02-03,4.272237777709961,4.297791602757,4.207007559663145,4.297791602757,1938000
2021-02-04,4.255425453186035,4.344864634734254,4.233906191335836,4.326707827692816,3296000
2021-02-05,4.361676216125488,4.361676216125488,4.2312158024918105,4.262822426072683,1101000
2021-02-08,4.33477783203125,4.369746594399809,4.305861232125959,4.366384139404057,1283000
2021-02-09,4.297118663787842,4.344864494413987,4.264167505577908,4.330742569466873,2151000
2021-02-10,4.2836689949035645,4.30720585620525,4.250045411226082,4.30720585620525,1407000
2021-02-11,4.337467193603516,4.376470834724324,4.271564876645826,4.279634319066224,1034000
2021-02-12,4.293084621429443,4.3394856075098405,4.276945412904368,4.330070989038199,780000
2021-02-17,4.2285261154174805,4.296446029644336,4.21642147147781,4.293083575106431,1072000
2021-02-18,4.126310348510742,4.21843924063141,4.088651558777237,4.186832933899753,2193000
2021-02-19,4.120929718017578,4.161950956961389,4.073184211478562,4.125637346656834,1209000
2021-02-22,3.9750030040740967,4.061752479638001,3.7907449028477953,4.061752479638001,2880000
2021-02-23,4.0066094398498535,4.073856930546657,3.95819118241589,4.020058937989214,2745000
2021-02-24,4.014678001403809,4.0852879313093124,3.9965211989322516,4.0274550699321745,1980000
2021-02-25,3.946086883544922,4.041578553161793,3.9138081493153045,3.9971948526867025,2629000
2021-02-26,3.866734266281128,3.9494488532843564,3.843870152316828,3.937344209187497,3239000
2021-03-01,3.8559749126434326,3.9339818731870184,3.816298845236657,3.872114117931074,1647000
2021-03-02,3.917842388153076,3.9474310893983557,3.7308939614639844,3.832437776876156,2010000
2021-03-03,3.8983407020568848,3.9635709122432203,3.793434424313251,3.9635709122432203,2535000
2021-03-04,4.098738670349121,4.098738670349121,3.8969961812968728,3.8969961812968728,1950000
2021-03-05,3.997194290161133,4.073184287305091,3.9507936362773615,4.073184287305091,1729000
2021-03-08,3.9050652980804443,4.058389500228286,3.9050652980804443,3.9151523406967046,3175000
2021-03-09,3.965587854385376,4.014006107624398,3.8996852230138943,3.9339815525293056,2878000
2021-03-10,4.111515045166016,4.111515045166016,3.949448654557252,3.9884522920214582,2703000
2021-03-11,4.089996814727783,4.17002171069912,4.055028370290849,4.1249655798261005,2811000
2021-03-12,4.229870796203613,4.344191680532571,4.081926329852863,4.169347899638566,3087900
2021-03-15,4.451788425445557,4.451788425445557,4.1827981194761685,4.256770525766556,2457600
2021-03-16,4.478686809539795,4.525760210841321,4.357641332757559,4.478686809539795,3263400
2021-03-17,4.485412120819092,4.519035707054321,4.371091222164363,4.458513123566372,4461900
2021-03-18,4.478686809539795,4.707328586345331,4.4248888198588014,4.707328586345331,3655300
2021-03-19,4.4719624519348145,4.59973284435139,4.4719624519348145,4.498861448163428,3083700
2021-03-22,4.599732398986816,4.606456987062203,4.505585600641014,4.512310509377699,1539400
2021-03-23,4.593007564544678,4.660255049692806,4.579558067515053,4.599732473390143,1073200
2021-03-24,4.478686809539795,4.653530596664337,4.451787814699299,4.613182104403592,1643800
2021-03-25,4.498861312866211,4.545934715181279,4.445063322026888,4.498861312866211,2639800
2021-03-26,4.5123114585876465,4.552659957511573,4.4585134600224094,4.505586548436309,1704800
2021-03-29,4.566108703613281,4.640081099763585,4.519035302306485,4.525760211348018,1581500
2021-03-30,4.619906902313232,4.687154392464401,4.5661089101922965,4.579558408222531,1848700
2021-03-31,4.707328796386719,4.761126788468183,4.6400813062848885,4.6400813062848885,1935400
2021-04-01,4.298496246337891,4.414303646726675,4.271247484461807,4.414303646726675,2446500
2021-04-05,4.25762414932251,4.325746070745481,4.216750996468727,4.291685272449468,1581800
2021-04-06,4.237186431884766,4.284871928283159,4.1418157639188475,4.271247547145171,2303900
2021-04-07,4.203125953674316,4.298496628724615,4.203125953674316,4.243999100124444,1600500
2021-04-08,4.203125953674316,4.264435835764955,4.169064835883764,4.209937982333892,973900
2021-04-09,4.182689189910889,4.2235623360862,4.141816043735577,4.175877161297115,1581300
2021-04-12,4.141816139221191,4.196313668711328,4.087318609731055,4.18950163994051,3423400
2021-04-13,4.175877571105957,4.182689600388244,4.107755654128479,4.121380037523974,3096200
2021-04-14,4.216750621795654,4.257623771017714,4.162253089499574,4.175877472573593,1482600
2021-04-15,4.230374336242676,4.2644354509596925,4.203125574401407,4.24399871716331,1990100
2021-04-16,4.305308818817139,4.346181963716021,4.189501412521529,4.243998939053373,2365600
2021-04-19,4.346182823181152,4.346182823181152,4.27806090154512,4.3053096701995335,745300
2021-04-20,4.352994441986084,4.407491974150086,4.3121212928630825,4.346182412881041,1144700
2021-04-22,4.2644362449646,4.393867725394328,4.2644362449646,4.387055696081095,824900
2021-04-23,4.312121868133545,4.318934222978323,4.230375558981951,4.291685453261126,716100
2021-04-26,4.298496246337891,4.3461817420364675,4.250810750639313,4.339369389152015,579800
2021-04-27,4.243999481201172,4.305309368796941,4.23037509782777,4.298497014694779,580000
2021-04-28,4.175877571105957,4.26443622559214,4.169065216992748,4.2439994880834355,918100
2021-04-29,4.114567279815674,4.21675030767429,4.053257398134327,4.175877161497022,1362500
2021-04-30,3.7921133041381836,4.129955967971248,3.7921133041381836,4.109271897694767,7104000
2021-05-03,3.847270965576172,3.9231133178460253,3.792113010749858,3.888639431695907,5472400
2021-05-04,3.730059862136841,3.8748496468748073,3.6955863073885227,3.847270671569225,6034900
2021-05-05,3.723165273666382,3.764533736524447,3.668007323188961,3.7438493407117552,2239300
2021-05-06,3.743849277496338,3.7990075558097214,3.7024808153367847,3.7645336729597707,1811500
2021-05-07,3.7714290618896484,3.826587352043973,3.7369555004065016,3.750744990753237,1708500
2021-05-10,3.743849277496338,3.8403760179692745,3.7162703027233026,3.8196916225058417,1851500
2021-05-11,3.778322458267212,3.7990068498871197,3.7024801273505537,3.730059096998929,1395200
2021-05-12,3.612849473953247,3.785218254094544,3.592165404446012,3.7714287648339346,3033200
2021-05-13,3.6404285430908203,3.7024810763205074,3.6128492376064383,3.633533634527891,1579400
2021-05-14,3.702481269836426,3.709376178759728,3.6542182224427195,3.681797200601224,1173400
2021-05-17,3.757638692855835,3.7714281799780336,3.6955861651895945,3.7231651394339917,1251000
2021-05-18,3.7714290618896484,3.8127978616972378,3.723166010059766,3.757639571542913,1641000
2021-05-19,3.778322458267212,3.826585819535495,3.743848581823117,3.7714275514714926,1414200
2021-05-20,3.7990078926086426,3.7990078926086426,3.764534006702429,3.771428586623267,1009300
2021-05-21,3.778322458267212,3.826585819535495,3.7645329734430244,3.812796334711307,985000
2021-05-24,3.888639211654663,3.909323607927762,3.7921127961706254,3.7990077045174333,2024700
2021-05-25,3.874849319458008,3.9300072654084395,3.8679547405978494,3.8955337135730654,2035400
2021-05-26,3.9231133460998535,3.930007926119125,3.8679553908762987,3.8817448796821874,1848700
2021-05-27,3.8955345153808594,3.9644819620101734,3.8541660474032713,3.930008074311837,1596700
2021-05-28,4.0265350341796875,4.033429614811361,3.9024292951358026,3.9300082751972494,3132200
2021-05-31,3.9920599460601807,4.054112796950086,3.9575860669508387,4.033428403731025,940800
2021-06-01,3.971376419067383,4.033428949587777,3.971376419067383,3.97827099856195,1749700
2021-06-02,3.978271484375,4.005850463255765,3.9575870858307454,3.998955882919254,1347400
2021-06-04,3.971376419067383,3.998955394580296,3.930007627030691,3.9920604863184073,1286400
2021-06-07,3.9644815921783447,4.012744964700232,3.943797195735442,3.99895547666074,1460600
2021-06-08,3.9437968730926514,3.985165662594068,3.916217899269908,3.9782707547547314,1264200
2021-06-09,4.012745380401611,4.040324359337648,3.923113534475813,3.943797604294159,1628600
2021-06-10,4.095481872558594,4.116165940131247,4.005850036364225,4.026534432704205,2294500
2021-06-11,4.116166591644287,4.143745900718663,4.040324560183732,4.102377101490788,1278400
2021-06-14,4.219587326049805,4.254061210865184,4.1092714206683185,4.116166000370996,2105900
2021-06-15,4.274745464324951,4.309219350636985,4.198903440466228,4.247166486782262,2006800
2021-06-16,4.24027156829834,4.336797981992479,4.219587172408793,4.281640031310114,2357800
2021-06-17,4.185113906860352,4.323008793096549,4.164429509541251,4.25406134997845,3825400
2021-06-18,3.9231133460998535,4.267850895014421,3.923113346099854,4.15753498456731,9697400
2021-06-21,4.054113388061523,4.067902875962386,3.9851659485572104,4.026534412259799,3555000
2021-06-22,4.040324687957764,4.067903669136938,4.019640287689688,4.054114178547351,1104400
2021-06-23,4.019639492034912,4.067902863928823,3.985165936768397,4.054113376068751,1683600
2021-06-24,4.012745380401611,4.040324359337648,3.978271492347885,4.040324359337648,840700
2021-06-25,3.9093239307403564,4.0265347521761825,3.8955344416753976,4.019639843260027,1856100
2021-06-28,3.85416579246521,3.9369027229476607,3.8265868156377265,3.9300078143571215,1568700
2021-06-29,3.85416579246521,3.874849860702154,3.7783234418059615,3.8610603722884123,1256600
2021-06-30,3.8265867233276367,3.847270791065612,3.771428442235935,3.819691814903426,1529700
2021-07-01,3.840376377105713,3.8679553544578225,3.7921130023558494,3.8472709570600685,1727800
2021-07-02,3.874849319458008,3.874849319458008,3.812796794647418,3.854165254110242,973000
2021-07-05,3.9300084114074707,3.950692811554144,3.840376887484917,3.881745359010877,804000
2021-07-06,3.874849319458008,3.9300072654084395,3.8610598329704002,3.9300072654084395,1022400
2021-07-07,3.9437968730926514,3.9437968730926514,3.8472704647130485,3.9024284123585358,1307600
2021-07-08,3.8265867233276367,3.9024287433899847,3.7990077471654504,3.8886392553088918,1980300
2021-07-12,3.9093239307403564,3.9231134198053152,3.840376485415563,3.847271065564366,1050300
2021-07-13,3.867955207824707,3.9300077401308875,3.861060299364392,3.9093236722846045,1188500
2021-07-14,3.8955345153808594,3.9024290956601115,3.867955536729134,3.888639606334249,820600
2021-07-15,3.85416579246521,3.9369027229476607,3.833481395460929,3.9162183259433796,1396500
2021-07-16,3.888639211654663,3.8886392116546626,3.8334812599494987,3.8541656562225977,1092700
2021-07-19,3.861060380935669,3.888639357824919,3.8127973357631513,3.8541658010970257,1259700
2021-07-20,3.874849319458008,3.888638805945616,3.833480859995184,3.854165254110242,739800
2021-07-21,3.874849319458008,3.8955337135730654,3.8610598329704002,3.888638805945616,889500
2021-07-22,3.9437968730926514,3.9644812678433596,3.867954859463757,3.8748494385357923,791000
2021-07-23,3.9162180423736572,3.964481412710716,3.909323463049685,3.9437970172041728,441500
2021-07-26,3.9162180423736572,3.930007529788915,3.8886390675431417,3.930007529788915,826200
2021-07-27,3.9437968730926514,3.957586360004023,3.867954859463757,3.916217899269908,1352700
2021-07-28,3.98516583442688,3.992060413796197,3.930007555635771,3.9437970431417195,1290400
2021-07-29,4.0265350341796875,4.0265350341796875,3.950692674627022,3.9851665640875176,812700
2021-07-30,3.9575870037078857,4.026534778246442,3.923113445205962,3.9989557999379617,1179300
2021-08-02,4.019639492034912,4.019639492034912,3.9369025648744866,3.9989554246284675,2846800
2021-08-03,3.9575870037078857,4.012745289092202,3.9024290470909246,4.012745289092202,1817400
2021-08-04,3.978271484375,4.026534861800019,3.9575870858307454,3.998955882919254,2267300
2021-08-05,3.98516583442688,4.040323784450674,3.9782709262902483,3.992060413796197,2336800
2021-08-06,4.088587284088135,4.102376773137928,3.9851662805983645,3.9989557696481572,1713700
2021-08-09,4.109272003173828,4.150640473556029,4.047219133216838,4.088587603599039,1697100
2021-08-10,3.998955726623535,4.143745524472248,3.998955726623535,4.129955706803467,1026300
2021-08-11,4.074797630310059,4.095482027432234,3.978271210863698,4.026534584970547,1275700
2021-08-12,4.061007976531982,4.081692372812289,3.964481561014311,4.067902884881193,1528400
2021-08-13,4.054113388061523,4.081692363863249,4.0196395039257045,4.061007967628293,855500
2021-08-16,3.998955726623535,4.081692660032129,3.998955726623535,4.054113682229264,1246400
2021-08-17,3.9575870037078857,4.033429358439886,3.8817449777432413,4.033429358439886,1726500
2021-08-18,3.9575870037078857,4.033429358439886,3.909323956051722,3.9851663107837214,1568600
2021-08-19,4.081692218780518,4.088586798102221,3.9093234617628765,3.943797015906017,1804300
2021-08-20,4.136850357055664,4.157534753498567,4.033429032375807,4.074797496494284,1669700
2021-08-23,4.019639492034912,4.12995539491548,4.012744912488539,4.12995539491548,2543800
2021-08-24,4.088587284088135,4.088587284088135,4.01963983883917,4.033429327888964,2488200
2021-08-25,4.0679030418396,4.0679030418396,4.026534576450126,4.054113553376442,1518700
2021-08-26,4.0679030418396,4.074797621687509,4.026534576450126,4.0679030418396,1790900
2021-08-27,4.0265350341796875,4.0679035042718565,4.0058506347499145,4.0679035042718565,2046400
2021-08-30,4.019639492034912,4.061007955615125,3.9989554246284675,4.040323888208681,1415200
2021-08-31,4.102376461029053,4.102376461029053,3.998955465407554,4.019639533024923,3132300
2021-09-01,4.178218364715576,4.240271218497857,4.081691958984367,4.109270932050427,2930500
2021-09-02,4.123061180114746,4.192008625514521,4.116166271191092,4.178219136434565,2483700
2021-09-03,4.171324253082275,4.178218832737438,4.088586995849016,4.171324253082275,4052700
2021-09-06,4.1920084953308105,4.233376961285969,4.123061052072213,4.123061052072213,2186200
2021-09-08,3.978271484375,4.185114154748098,3.9644819949346175,4.185114154748098,3890300
2021-09-09,4.054113388061523,4.061007967628293,3.9093236007188032,3.998955436458073,5013700
2021-09-10,4.061007976531982,4.136850324536672,4.026534421087906,4.0954818607433845,3069500
2021-09-13,4.150639533996582,4.150639533996582,4.081692098966865,4.081692098966865,3025300
2021-09-14,4.157534599304199,4.198903061888405,4.150639691156506,4.164429178684576,2399400
2021-09-15,4.061007976531982,4.164429300398864,4.040323909019001,4.1575347208169795,2266700
2021-09-16,4.0265350341796875,4.08169299430258,3.9989560541182407,4.08169299430258,1953800
2021-09-17,4.274745464324951,4.274745464324951,3.8679553811866145,4.0265346664407495,13226700
2021-09-20,4.433324813842773,4.49537767859699,4.143745545446913,4.164429614520086,8912800
2021-09-21,4.481588363647461,4.5367463216741895,4.4264304056207315,4.481588363647461,3953300
2021-09-22,4.6056928634643555,4.667745718424959,4.5022718768864145,4.522955942695083,2753100
2021-09-23,4.626378536224365,4.653957517433692,4.571220573805711,4.633273117143002,2373400
2021-09-24,4.6056928634643555,4.6539562316300795,4.585008797655687,4.612587771245444,2106500
2021-09-27,4.6677470207214355,4.750483964574228,4.605694148448147,4.612589058152908,2907700
2021-09-28,4.653956413269043,4.688430295985367,4.605693043219651,4.6746408086523,2287500
2021-09-29,4.598798751831055,4.7229041455979175,4.585009263634737,4.67464110129447,3217700
2021-09-30,4.5919036865234375,4.660851453917609,4.550535223347327,4.660851453917609,3417700
2021-10-01,4.4686970710754395,4.550623283484393,4.45380142837746,4.543175284565336,3967000
2021-10-04,4.43145751953125,4.513383726999827,4.386770594132058,4.505936083670019,1372100
2021-10-05,4.3718743324279785,4.468696167967558,4.3569786927403555,4.438904888592312,1641500
2021-10-06,4.2899489402771,4.364427146502723,4.245261661401625,4.35697914831011,3633100
2021-10-07,4.230366230010986,4.3495317210234905,4.215470588026938,4.319740437055394,2381500
2021-10-08,4.297396659851074,4.3495315827073995,4.237814093809621,4.289949016665946,1786700
2021-10-11,4.170783519744873,4.312292291334337,4.1633358765770625,4.312292291334337,4240500
2021-10-13,4.252709865570068,4.304844790023159,4.170783657183817,4.170783657183817,1834800
2021-10-14,4.267605781555176,4.356979639093261,4.267605781555176,4.267605781555176,2020800
2021-10-15,4.3793230056762695,4.3793230056762695,4.267605513208382,4.275053156631512,2070500
2021-10-18,4.43145751953125,4.468696801600634,4.3271880269331335,4.334636025403056,1694800
2021-10-19,4.349531650543213,4.461248786043238,4.349531650543213,4.431457502557883,1963400
2021-10-20,4.36442756652832,4.44635342369087,4.327188282261608,4.349531923849662,1935800
2021-10-21,4.282500743865967,4.312292024977306,4.16333561942061,4.312292024977306,3346800
2021-10-22,4.140992164611816,4.275052935556552,4.051618317315326,4.275052935556552,5434100
2021-10-25,4.140992164611816,4.230366011908306,4.118648880357744,4.178231445222071,2587500
2021-10-26,4.140992164611816,4.200574729476143,4.111200882179653,4.140992164611816,1894600
2021-10-27,4.118649005889893,4.237814139250576,4.1112010074847944,4.155887932495051,2070900
2021-10-28,4.103753566741943,4.155888137590052,4.08140992556409,4.118649209147136,1606400
2021-10-29,4.006931781768799,4.163336207256661,3.999483782869313,4.163336207256661,2066100
2021-11-01,4.081409454345703,4.140992017087378,4.006931250918609,4.029274534376694,1254200
2021-11-03,4.163335800170898,4.193127082575619,4.036722672380784,4.073961597816636,2348700
2021-11-04,4.081409454345703,4.148440015000131,4.059065815747531,4.126096376401959,1495100
2021-11-05,4.111201286315918,4.155888214356945,4.081410000955233,4.103753642545814,1298000
2021-11-08,4.059065818786621,4.185678942277521,4.051618176008379,4.096305098098093,1620000
2021-11-09,4.111201286315918,4.1856794997176285,4.066514358274891,4.088857644725337,2227000
2021-11-10,4.170783519744873,4.222918442479973,4.11864895214988,4.126096595317691,2278000
2021-11-11,4.163335800170898,4.237814006182701,4.148440158968538,4.22291836498034,2147300
2021-11-12,4.260157585144043,4.282501226063419,4.170783731746784,4.178231730433284,2535700
2021-11-16,4.163335800170898,4.275052931618552,4.148440158968538,4.275052931618552,1363000
2021-11-17,4.148440361022949,4.208022928734427,4.096305436705348,4.185679288272564,1338500
2021-11-18,4.111201286315918,4.2005751423979705,4.103753642545814,4.140992571676602,744000
2021-11-19,4.155888557434082,4.178232200869177,4.111201625704058,4.118649625229144,966000
2021-11-22,4.103753566741943,4.193127421173097,4.103753566741943,4.1707837799952445,1111400
2021-11-23,4.133544921875,4.148440564533607,4.036723067023987,4.118649279216393,1197700
2021-11-24,4.111201286315918,4.2005751423979705,4.081410000955233,4.133544927906499,1990600
2021-11-25,4.2080230712890625,4.230366357367728,4.11864921669414,4.11864921669414,1074900
2021-11-26,4.096305847167969,4.185679707690724,4.059066561046745,4.1409927774293465,1624100
2021-11-29,4.148440361022949,4.185679288272564,4.111201078633218,4.185679288272564,1496700
2021-11-30,4.140992164611816,4.200574729476143,4.088857242785481,4.148440162789908,5779800
2021-12-01,4.1931281089782715,4.260158333226642,4.126097529589714,4.148441174432629,2396200
2021-12-02,4.245262145996094,4.327188359766164,4.208023216202528,4.208023216202528,1454400
2021-12-03,4.267605781555176,4.342083996170246,4.222918852786133,4.275053425446612,1102800
2021-12-06,4.267605781555176,4.319740709355796,4.222918852786133,4.267605781555176,1088400
2021-12-07,4.282500743865967,4.297396384421636,4.222918181643289,4.27505274601809,797700
2021-12-08,4.43145751953125,4.43145751953125,4.275053103064018,4.289949100003864,1164900
2021-12-09,4.416562080383301,4.505936290422691,4.37187515293367,4.438905721678181,1049800
2021-12-10,4.45380163192749,4.4835929186849866,4.4165623459105445,4.4165623459105445,881400
2021-12-13,4.491040229797363,4.53572715308638,4.446352951368249,4.468696590582806,684500
2021-12-14,4.498488426208496,4.565518996958602,4.468697140350702,4.498488426208496,870800
2021-12-15,4.4686970710754395,4.498488356471398,4.3942188575855425,4.498488356471398,864300
2021-12-16,4.461248874664307,4.505936155920149,4.431457590587159,4.4910405138815745,827500
2021-12-17,4.498488426208496,4.505936425243015,4.409114568635116,4.461249141316184,1078300
2021-12-20,4.424010276794434,4.498488492537072,4.334636417903268,4.498488492537072,911100
2021-12-21,4.34208345413208,4.446352941576838,4.3271878130685435,4.431457300513301,710300
2021-12-22,4.424010276794434,4.424010276794434,4.312292775610404,4.356979705055987,659200
2021-12-23,4.3793230056762695,4.446353217044907,4.349531721703515,4.43145757505853,395700
2021-12-27,4.446353435516357,4.461249078234632,4.379323220854192,4.386770864643261,601500
2021-12-28,4.446353435516357,4.461249078234632,4.41656215007981,4.4538014344455625,546600
2021-12-29,4.476145267486572,4.483592911594092,4.42401033817333,4.468697268238902,446600
2021-12-30,4.558070182800293,4.558070182800293,4.4389050606795255,4.476144338912304,1906500
2022-01-03,4.518325328826904,4.60914621591875,4.4502101146188835,4.594009461551558,1839200
2022-01-04,4.4653472900390625,4.556167824805998,4.450210534244573,4.541031069011509,1070400
2022-01-05,4.351820945739746,4.480483535790763,4.336684191668373,4.46534678171939,1489700
2022-01-06,4.344252586364746,4.397231408474816,4.291274125143376,4.359389702015081,1939000
2022-01-07,4.261001110076904,4.344253090482303,4.245864353558765,4.344253090482303,1970400
2022-01-10,4.291274070739746,4.306410825309481,4.2080217401618585,4.261000561600277,1312900
2022-01-11,4.253431797027588,4.321547369723295,4.253431797027588,4.291273862056021,772100
2022-01-12,4.321547031402588,4.344251979931204,4.245863268159451,4.268568216688067,755600
2022-01-13,4.321547031402588,4.359389093468481,4.291273526105333,4.31397847463395,838200
2022-01-14,4.397231578826904,4.397231578826904,4.298842488620263,4.298842488620263,501300
2022-01-17,4.457778453826904,4.510757276249605,4.389663237441949,4.397231434423077,744200
2022-01-18,4.472915172576904,4.510757239843224,4.4123681536617525,4.457778417848116,854700
2022-01-19,4.510756969451904,4.533461919739719,4.450209954166162,4.488051658275412,1066200
2022-01-20,4.533462047576904,4.556167359393654,4.4804835881523015,4.510757096648843,902100
2022-01-21,4.488051891326904,4.586440976719633,4.435073430645201,4.533462155149234,1670200
2022-01-24,4.472915172576904,4.5410307493008,4.4275049083905405,4.488051927305692,1117400
2022-01-25,4.541030406951904,4.541030406951904,4.450209885426148,4.465346639013774,1211100
2022-01-26,4.5485992431640625,4.609146261228028,4.5183253732433855,4.5410306854617195,1258800
2022-01-27,4.578873157501221,4.616714866696462,4.541031087417253,4.578873157501221,670000
2022-01-28,4.6545562744140625,4.6545562744140625,4.55616719490798,4.586440702311594,785900
2022-01-31,4.805923938751221,4.821060692854032,4.646987840227357,4.684829905928729,852200
2022-02-01,4.8513336181640625,4.866470370448169,4.760513104459425,4.805923361311743,1376200
2022-02-02,4.957292079925537,4.957292079925537,4.79835597373082,4.851334435203258,1945900
2022-02-03,4.972428798675537,5.025407259763527,4.911881418892736,4.957292043952012,1190100
2022-02-04,4.919449329376221,4.979996340303282,4.896744019834247,4.972428144381726,700500
2022-02-07,4.813492774963379,4.957292127710867,4.813492774963379,4.957292127710867,792700
2022-02-08,4.737808704376221,4.813492474549117,4.737808704376221,4.813492474549117,921300
2022-02-09,4.798355579376221,4.8059237757265585,4.737808565018827,4.752945318608175,1224200
2022-02-10,4.813492774963379,4.828629529942656,4.7529457550462695,4.7983560199841016,950800
2022-02-11,4.768082618713379,4.836197837228452,4.768082618713379,4.805924326579817,862200
2022-02-14,4.7453765869140625,4.783218649940576,4.669692821749695,4.768081896907702,1393100
2022-02-15,4.843766212463379,4.881607918901141,4.730240371372695,4.745377126125539,992600
2022-02-16,4.821061134338379,4.911881667272057,4.821061134338379,4.858903203505104,595800
2022-02-17,4.775650978088379,4.85133475727981,4.760514222250093,4.85133475727981,545200
2022-02-18,4.783219337463379,4.836197800249041,4.745377268997582,4.775650779414735,593100
2022-02-21,4.730240821838379,4.828629917545913,4.730240821838379,4.8059246028100455,429400
2022-02-22,4.737808704376221,4.783218966479959,4.699966638845431,4.71510339288001,596900
2022-02-23,4.775650978088379,4.813493048128458,4.73024071057352,4.7453774664118065,1003300
2022-02-24,4.6015777587890625,4.699966844768973,4.518325427506931,4.699966844768973,4902200
2022-02-25,4.609146595001221,4.646988303587174,4.541031014302296,4.563736328164844,2983600
2022-03-02,4.6923980712890625,4.722671579293094,4.601577547276968,4.609146104722317,1573100
2022-03-03,4.699966907501221,4.752945730094924,4.669693397701591,4.72267185940659,919700
2022-03-04,4.768082618713379,4.768082618713379,4.669693528660956,4.745377305282545,928800
2022-03-07,4.6242828369140625,4.760513622289676,4.6242828369140625,4.7378086718380805,1221200
2022-03-08,4.662124156951904,4.692397662317411,4.601577146220889,4.654555961054853,1208100
2022-03-09,4.821061134338379,4.858903203505104,4.662125021260084,4.662125021260084,1155600
2022-03-10,4.843766212463379,4.8664711641482965,4.745377126125539,4.821060899889762,1156500
2022-03-11,4.8513336181640625,4.904312431602754,4.805923361311743,4.84376542246633,786600
2022-03-14,4.760514259338379,4.92701893574546,4.730240747425951,4.88160830698809,1452100
2022-03-15,4.783219337463379,4.828629603089108,4.707535200531786,4.7605140242061585,1194000
2022-03-16,4.805923938751221,4.851334201059656,4.730240168237163,4.821060692854032,1428300
2022-03-17,4.919449329376221,4.919449329376221,4.775649997980124,4.813492060253863,822100
2022-03-18,5.101090908050537,5.101090908050537,4.8891763471277905,4.91944985583104,2349300
2022-03-21,5.108659744262695,5.146501812649754,5.032975968377286,5.0935229890856135,1457500
2022-03-22,5.2524590492248535,5.267595804258811,5.1389332060258255,5.1389332060258255,1395600
2022-03-23,5.055680751800537,5.22218541407463,5.048112554909186,5.191911904731831,1942900
2022-03-24,5.161638259887695,5.22975347367651,5.070817373354794,5.093522685210192,1476400
2022-03-25,5.085953235626221,5.191910857849723,5.063248288641631,5.176774106230455,939700
2022-03-28,4.934587001800537,5.13893338220912,4.904313490694726,5.10865987110331,1805700
2022-03-29,5.055680751800537,5.055680751800537,4.904313205086541,4.979996978443539,1440500
2022-03-30,5.116228103637695,5.184343318845364,5.017839018362656,5.070817478980987,1185400
2022-03-31,5.146501064300537,5.161637817276594,5.093522248440009,5.13893250736818,651700
2022-04-01,5.207048416137695,5.207048416137695,5.116227892352297,5.146501400280763,1330400
2022-04-04,5.101090908050537,5.252458812455476,5.085954153698912,5.222185303752227,1334200
2022-04-05,5.055680751800537,5.131364886046233,5.055680751800537,5.1237963282661845,923800
2022-04-06,5.070817947387695,5.108660017800973,5.002702725888018,5.078386505825843,656100
2022-04-07,5.055680751800537,5.1237963282661845,5.032975800237787,5.070817506471936,501300
2022-04-08,5.048112392425537,5.0935226549781145,5.017838884057151,5.070817343257483,558900
2022-04-11,5.002701759338379,5.05568021461476,5.002701759338379,5.02540670848864,411900
2022-04-12,4.934587001800537,5.070817801776686,4.934587001800537,5.055681046223781,663500
2022-04-13,4.972428798675537,5.017839062846114,4.934586731422374,4.987565553399063,1033900
2022-04-14,5.055680751800537,5.055680751800537,4.94972346910074,4.964860223772139,885000
2022-04-18,5.078386306762695,5.10865981755116,5.032976040579998,5.070817748621221,657100
2022-04-19,5.032975673675537,5.085954133248858,4.987565410803253,5.085954133248858,920600
2022-04-20,5.101090908050537,5.101090908050537,5.0102703819407886,5.048112448264196,1251100
2022-04-22,4.995133876800537,5.070817652334588,4.979997121693727,5.063249455225537,1258800
2022-04-25,5.108659744262695,5.108659744262695,4.979997144813145,4.995133899990226,1891500
2022-04-26,5.055680751800537,5.169206592280383,5.010270487786338,5.101091015814736,2060100
2022-04-27,5.108659744262695,5.146501812649754,5.085954431052717,5.116228302295591,885200
2022-04-28,5.161638259887695,5.184343210854403,5.085954127628829,5.123796193758262,928600
2022-04-29,4.934587001800537,5.1994804044207426,4.934587001800537,5.184343648867837,3596400
2022-05-02,4.837646484375,4.976331188461626,4.796857117231839,4.976331188461626,2100400
2022-05-03,4.764225006103516,4.886593484671319,4.764225006103516,4.813172475330618,1233900
2022-05-04,4.79685640335083,4.805014119965431,4.698961469976295,4.756066653278164,1319400
2022-05-05,4.780540943145752,4.805014483842791,4.698961825822428,4.7886986603781265,1006700
2022-05-06,4.739750862121582,4.796856434797705,4.690803395113428,4.780540612461654,973000
2022-05-09,4.7234344482421875,4.764224193473921,4.666328882717728,4.7234344482421875,971900
2022-05-10,4.764225006103516,4.805014369292814,4.731593359952114,4.739751076990011,645500
2022-05-11,4.764225006103516,4.813172475330618,4.70711943083861,4.764225006103516,1159400
2022-05-12,4.919225215911865,4.919225215911865,4.731593067633306,4.739750784167218,912500
2022-05-13,5.1639628410339355,5.172120947032363,4.9192254960796635,4.927383213078187,2480800
2022-05-16,5.261857509613037,5.294489153936228,5.14764675448187,5.172120682224206,1251500
2022-05-17,5.327120780944824,5.384225959654893,5.278172929193544,5.3026468550691845,922600
2022-05-18,5.302647113800049,5.40870014943602,5.294489008443494,5.343436862583076,551600
2022-05-19,5.408700466156006,5.433174005659032,5.229226027800961,5.3108055301441075,718400
2022-05-20,5.425015926361084,5.490279212675223,5.367910356336277,5.449489464228951,780500
2022-05-23,5.588174819946289,5.588174819946289,5.433174301649979,5.433174301649979,873000
2022-05-24,5.661596298217773,5.686069839390227,5.56370135552811,5.56370135552811,1031200
2022-05-25,5.6697540283203125,5.751333536411191,5.63712238068393,5.645280487092988,1586300
2022-05-26,5.645280361175537,5.686069725311249,5.588174784585641,5.653438078402713,955900
2022-05-27,5.637121677398682,5.686069142746587,5.604490033833412,5.628963961007302,1137500
2022-05-30,5.49843692779541,5.726858818846199,5.49843692779541,5.694227175696067,657300
2022-05-31,5.408700466156006,5.620806160848453,5.408700466156006,5.514753508002178,4600300
2022-06-01,5.433173656463623,5.4821211213236705,5.400542013223592,5.425015940153551,1350900
2022-06-02,5.490279197692871,5.5229108407608924,5.400541984755877,5.45764755462485,587200
2022-06-03,5.3842267990112305,5.514753775696294,5.3842267990112305,5.4739640225447275,975600
2022-06-06,5.359752655029297,5.433173657838005,5.327121011781011,5.433173657838005,1040500
2022-06-07,5.310805797576904,5.351595161802584,5.286331867841564,5.3271216210671595,582500
2022-06-08,5.278173923492432,5.351595325950572,5.278173923492432,5.286332029987749,604300
2022-06-09,5.245542049407959,5.343437378132456,5.229226226120527,5.286331802126492,722600
2022-06-10,5.212910175323486,5.253699926261812,5.163962707597432,5.221068281111109,588200
2022-06-13,5.1068572998046875,5.163962481821752,5.049751728787746,5.13948894352869,1145500
2022-06-14,5.13948917388916,5.196594358465774,5.123173351295857,5.123173351295857,1106800
2022-06-15,5.13948917388916,5.245541826245684,5.13948917388916,5.188436641669069,879400
2022-06-17,5.155805587768555,5.1965949544297345,5.098700007642975,5.098700007642975,1135900
2022-06-20,5.2047529220581055,5.229226463600738,5.131331519430349,5.163963167487146,576000
2022-06-21,5.131331443786621,5.261858034089644,5.131331443786621,5.237384492907789,531100
2022-06-22,5.155805587768555,5.180279129965275,5.090541900910775,5.098700007642975,845600
2022-06-23,5.0497517585754395,5.196594156199648,5.0497517585754395,5.17212061776222,771400
2022-06-24,5.131331443786621,5.139489550180522,5.0497523248472325,5.090541689816965,776300
2022-06-27,5.2047529220581055,5.2210687460865035,5.057910116802593,5.082384047345155,568900
2022-06-28,5.212910175323486,5.286331571412515,5.180278530172783,5.221068281111109,668800
2022-06-29,5.13948917388916,5.237384109448979,5.131331068092561,5.188436641669069,599400
2022-06-30,5.19659423828125,5.204752343889172,5.066067660553585,5.123173232809381,1201800
2022-07-01,5.1639628410339355,5.204752593026266,5.115015372043081,5.196594487027839,1110600
2022-07-04,5.131331443786621,5.188437021544155,5.082383972422988,5.155805373968399,668900
2022-07-05,5.090541839599609,5.123173877135444,5.000805000625852,5.123173877135444,789700
2022-07-06,5.025277614593506,5.1068571098692646,4.98448825595549,5.090540899614222,676700
2022-07-07,5.0579094886779785,5.1150150601855895,5.041593666675787,5.041593666675787,584700
2022-07-08,5.082383632659912,5.131331100751352,5.07422552681139,5.123173383902727,559500
2022-07-11,5.13948917388916,5.147646890685864,5.041593849329446,5.057909671922749,561800
2022-07-12,5.245542049407959,5.25370015555163,5.090541533677409,5.139489392539613,598200
2022-07-13,5.155805587768555,5.253700534555314,5.155805587768555,5.245542427823114,436800
2022-07-14,5.19659423828125,5.19659423828125,5.131330949417418,5.163962593849334,311100
2022-07-15,5.23738431930542,5.245542036428995,5.139489379823054,5.196594566687812,257600
2022-07-18,5.188436508178711,5.294489157806665,5.155804863831666,5.278173335633142,401600
2022-07-19,5.147647380828857,5.204752959842782,5.131331556682012,5.196594853269393,524100
2022-07-20,5.147647380828857,5.204752959842782,5.131331556682012,5.172121311549091,579700
2022-07-21,5.1639628410339355,5.180278664030887,5.106857655044558,5.180278664030887,404700
2022-07-22,5.180278778076172,5.196594601432321,5.1476471313638745,5.163962954720023,382200
2022-07-25,5.188436508178711,5.237383974699279,5.155804863831666,5.19659422476553,763000
2022-07-26,5.147647380828857,5.229226501563084,5.098699908388321,5.212910677416239,850700
2022-07-27,5.1639628410339355,5.188436770029315,5.106857655044558,5.1476470180369835,556500
2022-07-28,5.2047529220581055,5.229226463600738,5.163963167487146,5.196594815543942,390800
2022-07-29,5.278173923492432,5.278173923492432,5.1721212620528085,5.196594803538903,589900
2022-08-01,5.270015716552734,5.441332047044378,5.237384071601935,5.286331539028134,2416300
2022-08-02,5.294488906860352,5.351594476260954,5.2700153692599985,5.2863311906601895,399100
2022-08-03,5.2292256355285645,5.294488921307413,5.221067919306142,5.294488921307413,471100
2022-08-04,5.367910385131836,5.408700133796921,5.261857349802514,5.261857349802514,685500
2022-08-05,5.392385005950928,5.43317437086437,5.335279428272202,5.376069182185566,863900
2022-08-08,5.392385005950928,5.441332477247013,5.359753358420205,5.42501665348165,561600
2022-08-09,5.44133186340332,5.46580540179051,5.392384397629063,5.416857936016252,495700
2022-08-10,5.261857509613037,5.416858014648135,5.2292258652898465,5.343437009420898,1400800
2022-08-11,5.2292256355285645,5.310805131751993,5.20475209786143,5.310805131751993,1380900
2022-08-12,5.270015716552734,5.286331539028134,5.221068249126535,5.278173433290489,497500
2022-08-15,5.261857509613037,5.286331437355372,5.221068148708991,5.278173331774632,725600
2022-08-16,5.294488906860352,5.310805117260409,5.2373837264596155,5.2700153692599985,664300
2022-08-17,5.433173656463623,5.465805299703655,5.278173156573536,5.302647083503496,829000
2022-08-18,5.400543212890625,5.4739646209903325,5.367911562401856,5.4413329705015645,451000
2022-08-19,5.351594924926758,5.400542393230978,5.318963279390611,5.400542393230978,453600
2022-08-22,5.3842267990112305,5.44133237562344,5.28633185824737,5.359753258320223,554100
2022-08-23,5.425015926361084,5.465805285807486,5.408700104782549,5.425015926361084,503800
2022-08-24,5.416857719421387,5.457647467102215,5.3842260768766685,5.449489361966104,312200
2022-08-25,5.359752655029297,5.449489479462149,5.359752655029297,5.416857836213862,491800
2022-08-26,5.327120780944824,5.416857601489177,5.327120780944824,5.343436601861966,332100
2022-08-29,5.302647113800049,5.367910400652993,5.294489008443494,5.367910400652993,354900
2022-08-30,5.221068859100342,5.367911278534437,5.221068859100342,5.367911278534437,638900
2022-08-31,5.351594924926758,5.351594924926758,5.245541882434331,5.261857705202405,886100
2022-09-01,5.473964214324951,5.498437755873389,5.302647867486173,5.327121798034539,1000100
2022-09-02,5.433173656463623,5.498436942943687,5.433173656463623,5.490279226633614,821900
2022-09-05,5.457647800445557,5.482121339348963,5.400542228004463,5.457647800445557,384600
2022-09-06,5.367910385131836,5.4576475987950985,5.318962920133658,5.4576475987950985,563600
2022-09-08,5.310805797576904,5.416858455763604,5.286331867841564,5.39238491502818,352900
2022-09-09,5.318964004516602,5.35159565450137,5.27001652953945,5.35159565450137,345700
2022-09-12,5.318964004516602,5.400543129478522,5.3108062865203856,5.392385411482306,703100
2022-09-13,5.221068859100342,5.343437736462056,5.221068859100342,5.343437736462056,524500
2022-09-14,5.221068859100342,5.2781740499358545,5.212910752409591,5.2781740499358545,616200
2022-09-15,5.115015029907227,5.261857427057716,5.115015029907227,5.237383888699241,1321000
2022-09-16,5.155805587768555,5.155805587768555,5.098700007642975,5.115015832107435,1223600
2022-09-19,5.123173236846924,5.155804881304556,5.090541203389404,5.115015131232572,873500
2022-09-20,5.131331443786621,5.180278915150255,5.106857902604766,5.163963091362377,593500
2022-09-21,5.131331443786621,5.180278915150255,5.131331443786621,5.147647267574499,342700
2022-09-22,5.23738431930542,5.253700142552481,5.123173556575993,5.139489379823054,756200
2022-09-23,5.221068859100342,5.253700507863474,5.163963279264892,5.204753034718776,448500
2022-09-26,5.0579094886779785,5.237383919701967,5.0579094886779785,5.237383919701967,1058200
2022-09-27,4.984488487243652,5.098699241329466,4.976330381737582,5.098699241329466,898600
2022-09-28,4.93554162979126,5.025278467423879,4.93554162979126,5.000804925887684,730800
2022-09-29,5.082383632659912,5.082383632659912,4.87843565444563,4.927383122537069,1035200
2022-09-30,5.0579094886779785,5.1150150601855895,5.025277844673595,5.1150150601855895,956800
2022-10-03,5.2292256355285645,5.2700153836402786,5.098699063970868,5.106857169193158,1754000
2022-10-04,5.13948917388916,5.302647399822193,5.123173351295857,5.237384109448979,981400
2022-10-05,5.098699569702148,5.1476470388913,5.098699569702148,5.1476470388913,588100
2022-10-06,5.098699569702148,5.13133121582825,5.07422564060762,5.106857675733627,882700
2022-10-07,5.090541839599609,5.163963243305352,5.066068297697652,5.123173877135444,824100
2022-10-10,5.098699569702148,5.123173498796677,5.07422564060762,5.123173498796677,514900
2022-10-11,5.066068172454834,5.131331467913201,5.066068172454834,5.0986998201840175,490100
2022-10-13,5.008962631225586,5.090541751147841,5.000804913733324,5.066068209671128,946700
2022-10-14,5.017120361328125,5.057909723729228,4.9844887158072835,5.025278078208387,816300
2022-10-17,5.074225902557373,5.106857939367964,5.000804889483342,5.017120713388674,532500
2022-10-18,5.131331443786621,5.131331443786621,5.057910042241209,5.082383972422988,711000
2022-10-19,5.155805587768555,5.212910778894194,5.115015832107435,5.115015832107435,1341800
2022-10-20,5.278173923492432,5.278173923492432,5.196594803538903,5.20475291003422,1527500
2022-10-21,5.367910385131836,5.4005420284639545,5.27001545513548,5.302647098467599,889700
2022-10-24,5.686069011688232,5.7268587597045935,5.33527865694702,5.35975258355681,2432200
2022-10-25,5.7431745529174805,5.800280122060077,5.620805698468981,5.677911267611578,1858700
2022-10-26,5.637121677398682,5.759490535268381,5.612648139224667,5.6942272481378415,1191200
2022-10-27,5.653437614440918,5.735017114017173,5.62080597021037,5.637121792325644,933000
2022-10-28,5.702385425567627,5.718701637669305,5.604490486957003,5.645280239211383,712400
2022-10-31,5.7187018394470215,5.735017663124477,5.5555432136725456,5.645280438398511,1080800
2022-11-01,6.346861362457275,6.436598194336561,5.775806780225955,5.775806780225955,5068400
2022-11-03,6.248966217041016,6.297913687396438,6.167387099781978,6.28159786394463,1500500
2022-11-04,6.387651443481445,6.4855463923547365,6.224493195359293,6.257124844983724,1215400
2022-11-07,6.248966217041016,6.379493193655391,6.2163345701374,6.330545723299968,689400
2022-11-08,6.3060712814331055,6.363176853376184,6.175544704420223,6.248965709490028,413400
2022-11-09,6.142912864685059,6.3550185455812915,6.134754759381422,6.297912975455447,789300
2022-11-10,5.922649383544922,6.167386720261721,5.849227988029936,6.126597358642201,2107800
2022-11-11,5.963438987731934,6.01238645706627,5.824754296784695,5.955281270676165,1404600
2022-11-14,6.03685998916626,6.077649349762049,5.963438595494005,6.028701883647173,558900
2022-11-16,5.792122840881348,6.036860584594612,5.759491193586235,6.020544760947055,472300
2022-11-17,5.645280361175537,5.775806948809681,5.555543137677105,5.775806948809681,982400
2022-11-18,5.433173656463623,5.628963904903686,5.376068475293503,5.61264808328367,2173400
2022-11-21,6.501861095428467,6.820019818876064,6.265281481967449,6.363176802951224,8152300
2022-11-22,6.479663848876953,6.62441330082729,6.3093702088131645,6.539266277789848,3868200
2022-11-23,6.334914207458496,6.445605009287693,6.0624446351122625,6.428575686391746,2887200
2022-11-24,6.479663848876953,6.573324924600386,6.334914396926616,6.403031690547693,1324300
2022-11-25,6.224223613739014,6.522236977387837,6.1561063198776935,6.47966387173006,1235100
2022-11-28,6.190164566040039,6.292340500216867,6.096503090039078,6.173135243677234,782000
2022-11-29,6.241252899169922,6.283826410579351,6.139076959000606,6.198679793771587,677100
2022-11-30,6.394517421722412,6.394517421722412,6.0965036442646605,6.241253100513029,1530200
2022-12-01,6.300856113433838,6.4200613841442955,6.28382678904663,6.343429221396299,707800
2022-12-02,6.181650638580322,6.4200611721279595,6.181650638580322,6.309370364261003,806700
2022-12-05,6.062445163726807,6.198680164784469,6.028386514965171,6.173135975207682,624400
2022-12-06,5.977298736572266,6.122048201530935,5.95175454616321,6.087989551659617,1184700
2022-12-07,6.113533020019531,6.190165181274079,5.977298427576881,5.977298427576881,1110400
2022-12-08,5.985812664031982,6.156105886702579,5.960268477625858,6.1050179199014,759100
2022-12-09,5.900666236877441,5.985813262740319,5.866607588936735,5.985813262740319,651600
2022-12-12,5.815519332885742,5.934724594853977,5.653740560066164,5.9006659485773385,1507800
2022-12-13,5.72185754776001,5.875121853850081,5.713343089650044,5.815519023036046,1425500
2022-12-14,5.696313858032227,5.738886961281418,5.53453509125872,5.721857638779526,1434400
2022-12-15,5.628196716308594,5.7303726540119335,5.594138070407481,5.696314008110821,1083600
2022-12-16,5.398300647735596,5.687799137587506,5.398300647735596,5.63671116879011,1508400
2022-12-19,5.6111674308776855,5.6707698585976285,5.449388658760105,5.449388658760105,2090600
2022-12-20,5.798490524291992,5.84106403892121,5.594138628498449,5.611167953147911,1093800
2022-12-21,5.730372428894043,5.849577684864957,5.687798920184611,5.79848971802028,788800
2022-12-22,5.747402191162109,5.832548809088216,5.653740708437841,5.789975703130713,1059700
2022-12-23,5.815519332885742,5.841063520598766,5.721857852619442,5.7474020403324655,463000
2022-12-26,5.738887310028076,5.815519468948988,5.653740692344341,5.815519468948988,356800
2022-12-27,5.679285049438477,5.764431669652697,5.594138429224256,5.738887480582875,614100
2022-12-28,5.892151832580566,5.917695615767603,5.662255753841666,5.679285077970061,1350900
2022-12-29,5.849578380584717,5.926210542971515,5.80700527282292,5.892151894357631,2409300
2023-01-02,5.670769691467285,5.858092645666218,5.619681723779688,5.832548458816881,427900
2023-01-03,5.619682312011719,5.747402447605168,5.619682312011719,5.670770285046875,793900
2023-01-04,5.687799453735352,5.892151746294637,5.619682158219293,5.619682158219293,1576800
2023-01-05,5.747402191162109,5.76443151474733,5.636711384852619,5.704828679193505,1013300
2023-01-06,5.662255764007568,5.75591724988746,5.645226439848598,5.7474023848024185,729100
2023-01-09,5.6111674308776855,5.66225540007096,5.543050138619986,5.66225540007096,1092700
2023-01-10,5.670769691467285,5.696313878316622,5.551564433529558,5.594137942941427,1067900
2023-01-11,5.841063499450684,5.849577957983471,5.619681893442975,5.670769862672964,709700
2023-01-12,5.789975166320801,5.900665556356677,5.781460302312085,5.849577590337566,504300
2023-01-13,5.789975166320801,5.866606912343936,5.755916522308061,5.781460302312085,398700
2023-01-16,5.772946357727051,5.832548787044512,5.75591703420619,5.789975681247911,454400
2023-01-17,5.866607189178467,5.917695157608326,5.7729461167292655,5.7899754395392184,584400
2023-01-18,5.858092784881592,5.960268722684959,5.824034138947137,5.909180753783276,847200
2023-01-19,5.8751220703125,5.926210038887781,5.824034101737219,5.858092747454073,733400
2023-01-20,5.883636951446533,5.8921518164930395,5.798490331037032,5.875122492411139,1540300
2023-01-23,5.755916595458984,5.943239139909707,5.755916595458984,5.883636309124397,1186100
2023-01-24,5.798490524291992,5.832549173590916,5.738887685013312,5.807005389622286,783200
2023-01-25,5.8751220703125,5.8751220703125,5.789975456020365,5.832548560160891,688100
2023-01-26,5.866607189178467,5.926210022018844,5.83254854355856,5.892151376398937,848400
2023-01-27,5.798490524291992,5.909181337519057,5.7559174156739,5.86660782288984,732100
2023-01-30,5.789975166320801,5.807004488327172,5.738886794290627,5.798489624318455,595700
2023-01-31,5.858092784881592,5.866607243359663,5.764431305556296,5.781460628523524,779900
2023-02-01,5.892151832580566,5.977298453222546,5.7984903468688325,5.866607643382416,1261900
2023-02-02,5.730372428894043,5.943239160419066,5.70482824246617,5.917694973991193,1351800
2023-02-03,5.645226001739502,5.738887074339525,5.6196818144778975,5.738887074339525,940600
2023-02-06,5.70482873916626,5.70482873916626,5.619682120345038,5.645226308996957,692700
2023-02-07,5.594138145446777,5.730372730878669,5.568593957672752,5.704828543104644,849200
2023-02-08,5.645226001739502,5.6963139702516274,5.5600793875526255,5.5941380332273765,678000
2023-02-09,5.602652549743652,5.6792847063121075,5.560079445214245,5.645226060284147,978800
2023-02-10,5.662255764007568,5.730373060643448,5.577109143212718,5.611167791530658,1685900
2023-02-13,5.662255764007568,5.687799547240466,5.602652926445616,5.670770223081496,1471800
2023-02-14,5.560079574584961,5.687799297156024,5.53453538646409,5.670769973745809,922200
2023-02-15,5.619682312011719,5.67928515022496,5.5089915007633214,5.560079879809596,1245200
2023-02-16,5.645226001739502,5.662255324576877,5.440873721679917,5.662255324576877,1750500
2023-02-17,5.585623264312744,5.653740556826995,5.534535294927056,5.6452260982682585,1390200
2023-02-22,5.440873622894287,5.611167254187235,5.372756332781537,5.5685937448612295,1644300
2023-02-23,5.398300647735596,5.440873752061217,5.372756460331355,5.440873752061217,1328900
2023-02-24,5.347212791442871,5.406815219954984,5.287609956919664,5.398300761315151,1295500
2023-02-27,5.338697910308838,5.372756556785203,5.287609940594291,5.3472127749334755,1031500
2023-02-28,5.381271839141846,5.423844947536579,5.313154134890251,5.389786298416343,4418300
2023-03-01,5.338697910308838,5.38127142140984,5.253551294117925,5.38127142140984,1526700
2023-03-02,5.330183506011963,5.406815258359146,5.304639317888838,5.338697964712274,1044900
2023-03-03,5.338697910308838,5.3897858800233855,5.304639263832473,5.330183451695293,1402400
2023-03-06,5.406815528869629,5.4323597182707655,5.287610259023599,5.330183772688454,1191400
2023-03-07,5.364242076873779,5.41533004638549,5.313153701350979,5.39830072321492,1031200
2023-03-08,5.415330410003662,5.415330410003662,5.347213112747572,5.372756896213048,1237500
2023-03-09,5.236522197723389,5.432359626451616,5.236522197723389,5.4153303024757315,2234600
2023-03-10,5.236522197723389,5.29612462863343,5.210978008754006,5.236522197723389,1000300
2023-03-13,5.210977554321289,5.304639031026291,5.1769189093396655,5.279094844284536,1978200
2023-03-14,5.270580291748047,5.321668258306461,5.219492325189633,5.2620654276494445,2276000
2023-03-15,5.364242076873779,5.364242076873779,5.176919115986418,5.236521950088958,1967500
2023-03-16,5.27909517288208,5.381271520197997,5.27909517288208,5.33869800831544,1591800
2023-03-17,5.040684700012207,5.33869806851736,5.040684700012207,5.33869806851736,3842000
2023-03-20,5.09177303314209,5.1343465485306705,5.049199517753509,5.066228842706715,2298700
2023-03-21,5.006626129150391,5.159890045181525,4.964052616136187,5.117316938178432,2233900
2023-03-22,5.06622838973999,5.125831224752743,5.006625960738334,5.117316766042976,1993900
2023-03-23,4.998110294342041,5.125830402591556,4.964051652943642,5.0747424404939565,2498900
2023-03-24,5.134345531463623,5.134345531463623,4.9810812312339,5.023654738189057,1610700
2023-03-27,5.2194929122924805,5.2194929122924805,5.108802102626244,5.134346291784266,1451800
2023-03-28,5.262065410614014,5.3727562074710935,5.210977444220992,5.219492308292028,4032200
2023-03-29,5.236522197723389,5.279095304657545,5.134346253868081,5.26206598068166,1787400
2023-03-30,5.338697910308838,5.3472127749334755,5.228007106255106,5.253551294117925,1757800
2023-03-31,5.313154220581055,5.355727735673539,5.262066246076752,5.34721327626172,1104600
2023-04-03,5.270580291748047,5.355726902678737,5.193948138904893,5.355726902678737,1569900
2023-04-04,5.398300647735596,5.398300647735596,5.2535511998040985,5.313153627062184,2185800
2023-04-05,5.398300647735596,5.406815106196286,5.287609845669029,5.372756460331355,1698900
2023-04-06,5.3897857666015625,5.3983006310470145,5.313153610636831,5.381271308167195,1406700
2023-04-10,5.406815528869629,5.406815528869629,5.330183772688454,5.389786204605911,1366900
2023-04-11,5.619682312011719,5.730373123260116,5.46641839290625,5.46641839290625,6403700
2023-04-12,5.798490524291992,5.858093363570672,5.5856237631681545,5.619682412467078,4257800
2023-04-13,5.960268497467041,5.960268497467041,5.764431087738395,5.798489732385892,2094000
2023-04-14,5.943240165710449,6.002843006783184,5.87512286506226,5.951754625285904,1818400
2023-04-17,5.858092784881592,5.968783587174116,5.7899754930126806,5.943239399717731,1111900
2023-04-18,5.807005405426025,5.900666488247402,5.772946756034411,5.883637163551595,1278300
2023-04-19,5.815519332885742,5.909180813152044,5.7474020403324655,5.7474020403324655,976800
2023-04-20,5.8751220703125,5.883636528736172,5.78146059158561,5.832548560160891,535500
2023-04-24,5.909181118011475,5.968783955076095,5.841063821943971,5.875122469977723,824100
2023-04-25,5.960268497467041,5.960268497467041,5.824033918877051,5.909180530495795,1259800
2023-04-26,5.951754093170166,6.122047735576698,5.8836367986119935,5.960268957995488,922300
2023-04-27,5.994327068328857,6.036900576619717,5.900665593695607,5.968783288163195,991100
2023-04-28,6.053929805755615,6.053929805755615,5.917694824923847,5.994326976266025,873100
2023-05-02,6.02838659286499,6.0454159174658635,5.968784159767495,6.02838659286499,2420200
2023-05-03,5.960268497467041,6.019871328605697,5.900665666328385,6.011356464438287,1667900
2023-05-04,5.994327068328857,6.002841932391456,5.8836362715814765,5.9602684241005965,823200
2023-05-05,5.951754093170166,6.002842470099896,5.900666122251536,5.960268957995488,961400
2023-05-08,5.832549095153809,5.951754366096949,5.832549095153809,5.934725041676501,875500
2023-05-09,5.960268497467041,5.985812683958199,5.798489732385892,5.8495776993571384,594100
2023-05-10,6.045415878295898,6.07947452727697,5.917695741611319,5.917695741611319,1007900
2023-05-11,5.960268497467041,6.019871328605697,5.8410632412008,5.9517536332996315,1507900
2023-05-12,5.909181118011475,5.968783955076095,5.875122469977723,5.960269090062102,733700
2023-05-15,5.909181118011475,5.92621044202835,5.815519632913102,5.909181118011475,721900
2023-05-16,5.841063499450684,5.934724573366787,5.807004853297357,5.909180791757336,852600
2023-05-17,5.772946357727051,5.909180945893933,5.738887304674231,5.849578110565373,1116500
2023-05-18,5.755916595458984,5.78997523990457,5.653740256111158,5.772945917681777,1799600
2023-05-19,5.755916595458984,5.807004562127363,5.730372409119261,5.764431053564847,1021300
2023-05-22,5.747402191162109,5.8070050267159345,5.713343543991666,5.738887326363948,955500
2023-05-23,5.807005405426025,5.8240347301218325,5.73037324128933,5.747402565985137,1558900
2023-05-24,5.72185754776001,5.84106320938808,5.72185754776001,5.807004564926079,791200
2023-05-25,5.849578380584717,5.875122570050689,5.696314461822237,5.747402434743064,1106400
2023-05-26,5.849578380584717,5.900666353505543,5.772946624209036,5.849578380584717,1093400
2023-05-29,5.8751220703125,5.909180716029354,5.815519237302464,5.858092747454073,506800
2023-05-30,5.764431476593018,5.943239576059877,5.73888728837871,5.909180929114865,1498600
2023-05-31,5.653740882873535,5.764431692598185,5.645226423823777,5.755917233548427,901400
2023-06-01,5.70482873916626,5.713343604053935,5.55156482528806,5.662255632761201,1875200
2023-06-02,5.730372428894043,5.747401751175603,5.670769597903052,5.730372428894043,2266400
2023-06-05,5.72185754776001,5.755916598233078,5.662255122957043,5.730372411881044,845200
2023-06-06,5.841063499450684,5.841063499450684,5.7048285088262904,5.713343373370166,1884400
2023-06-07,5.9347243309021,5.943239195098098,5.798489751854693,5.824033938431618,1468000
2023-06-09,6.530752182006836,6.607384344594546,6.019872045448038,6.045415828969863,4324200
2023-06-12,6.564810752868652,6.598869401167986,6.496693456269987,6.52223723948893,1706400
2023-06-13,6.462634563446045,6.6244133397522615,6.420061051677163,6.547781180972712,1568500
2023-06-14,6.5137224197387695,6.522236878336579,6.4115464804985045,6.522236878336579,1067500
2023-06-15,6.5052080154418945,6.5137228806533125,6.403032068971606,6.5137228806533125,1221400
2023-06-16,6.479663848876953,6.530751819092761,6.420061013952963,6.48817830757404,1157500
2023-06-19,6.530752182006836,6.564810830710014,6.394517587194121,6.539266641177071,942000
2023-06-20,6.598869323730469,6.615898647680297,6.479664056081674,6.5307520279311575,794800
2023-06-21,6.590353965759277,6.632927475454695,6.547780862074939,6.624413017122259,1306100
2023-06-22,6.462634563446045,6.590354286730496,6.377487539908279,6.547781180972712,1641300
2023-06-23,6.752132892608643,6.80322086183515,6.411546431098591,6.420060889630798,1809800
2023-06-26,6.62441349029541,6.752133216482356,6.581839977559023,6.752133216482356,1043800
2023-06-27,6.556295871734619,6.726589518825418,6.454119927086807,6.7180746537658775,1164900
2023-06-28,6.547781467437744,6.590354575058099,6.513722818937014,6.556295926557369,558800
2023-06-29,6.803221225738525,6.879853386682875,6.5477813659425435,6.5477813659425435,1842100
2023-06-30,7.007573127746582,7.05014664080423,6.820250969528487,6.820250969528487,1178100
2023-07-03,6.913911819458008,7.007572895462416,6.837279660898858,7.007572895462416,917500
2023-07-04,6.905397415161133,6.93094201106557,6.845794982095276,6.888368496580423,611500
2023-07-05,6.879853248596191,6.913911895885392,6.803221089189939,6.8968829782518934,994900
2023-07-06,6.854309558868408,6.862824423811459,6.76916253348233,6.862824423811459,1152400
2023-07-07,6.8372802734375,6.90539757336542,6.80322162347354,6.854310004430614,647100
2023-07-10,6.66698694229126,6.828766136663326,6.6499576175170105,6.828766136663326,1717300
2023-07-11,6.675501346588135,6.718074452577549,6.539266351793146,6.709559993784107,1398900
2023-07-12,6.641442775726318,6.726589394694891,6.607384128138889,6.675501423313747,1183500
2023-07-13,6.675501346588135,6.726589317382093,6.607384052196191,6.632927834587619,1718600
2023-07-14,6.66698694229126,6.68401626706551,6.60738450858695,6.66698694229126,979800
2023-07-17,6.539266586303711,6.666986720874443,6.522237262095021,6.666986720874443,1016700
2023-07-18,6.454119682312012,6.607383999482238,6.38600238846351,6.581839811283501,951400
2023-07-19,6.454119682312012,6.505207652698388,6.38600238846351,6.454119682312012,648700
2023-07-20,6.462634563446045,6.488178345698496,6.403031728171829,6.454119698687829,842200
2023-07-21,6.5733256340026855,6.5733256340026855,6.4456058976850255,6.462635222928123,1092600
2023-07-24,6.68401575088501,6.726589262538412,6.44560522245703,6.590354268854183,2250400
2023-07-25,6.854309558868408,6.896883071561447,6.7010452379823535,6.709560102925404,1525400
2023-07-26,7.067176342010498,7.118263907853521,6.871338507552994,6.896883102496724,3322600
2023-07-27,6.862824440002441,7.118263892718886,6.820250927208962,7.058661462021345,1578800
2023-07-28,6.879853248596191,6.939455678346742,6.81173595401779,6.862824330962693,2086100
2023-07-31,6.965000152587891,6.990543934608257,6.820250701102163,6.879853129823749,1574800
2023-08-01,7.03311824798584,7.143809065392564,6.888368779994144,6.9224274305791145,2504000
2023-08-02,7.1863813400268555,7.1863813400268555,6.956485665326344,7.024602962424439,1919400
2023-08-03,7.075690269470215,7.245983486420317,7.016087034521096,7.2034099791772634,3134500
2023-08-04,7.041632175445557,7.17786675963422,6.999058664881057,7.050146227940718,4098400
2023-08-07,6.990543365478516,7.084204433275977,6.982028501490895,7.067175517322858,3774500
2023-08-08,7.067176342010498,7.126778772834765,6.939455803358504,6.990544181223745,7936600
2023-08-09,7.092720031738281,7.186381109234657,6.9564854419172955,7.15232246177941,23251500
2023-08-10,7.135293483734131,7.135293483734131,6.999058895065006,7.092719971769479,21783800
2023-08-11,7.297072410583496,7.314102141475374,7.152322946091586,7.152322946091586,29453100
2023-08-14,7.322617530822754,7.373705103108956,7.2289556282608505,7.331131584855574,9268200
2023-08-15,7.237468719482422,7.339644651020696,7.143807651911202,7.280042227295567,9123500
2023-08-16,7.194896697998047,7.245985080332132,7.1267793962341255,7.245985080332132,5870200
2023-08-17,7.067176342010498,7.211925798602761,6.999059046204988,7.194896068640275,12879300
2023-08-18,7.075690269470215,7.135292692397223,7.016087034521096,7.067175405617182,8579800
2023-08-21,6.999059200286865,7.101235146244498,6.913912172644387,7.041632714108105,6736200
2023-08-22,7.041632175445557,7.041632175445557,6.930941372786725,7.016087581893552,6727300
2023-08-23,7.041632175445557,7.067175956975388,6.965000018833891,7.041632175445557,5838400
2023-08-24,6.982028484344482,7.0842044158786415,6.939454976533053,7.067175499967342,8814300
2023-08-25,7.041632175445557,7.084204873987884,6.930941372786725,7.007572717376217,14618600
2023-08-28,6.990543365478516,7.058660653335237,6.982028501490895,7.041631737382119,2291100
2023-08-29,6.990543365478516,7.067175517322858,6.930940941609416,7.033116873394497,4571700
2023-08-30,6.982028484344482,7.024601992155913,6.947969840499763,7.024601992155913,6749700
2023-08-31,6.896883010864258,6.9905440883468914,6.854309498545894,6.9905440883468914,5339600
2023-09-01,6.999059200286865,6.999059200286865,6.862824605676688,6.930941902981777,12005600
2023-09-04,6.965000152587891,7.0586612280106955,6.913911776524968,6.965000152587891,18255500
2023-09-05,6.930941581726074,6.956485364025944,6.871338340330111,6.956485364025944,6908200
2023-09-06,6.862824440002441,6.939455788604045,6.8117360622458225,6.939455788604045,6919900
2023-09-08,6.862824440002441,6.871338492943364,6.794706738330652,6.828765792172101,3243500
2023-09-11,6.965000152587891,6.965000152587891,6.794706513070701,6.862824212484234,3306800
2023-09-12,7.041632175445557,7.041632175445557,6.930941372786725,6.990543800363722,4531400
2023-09-13,7.101234436035156,7.186380643139748,6.990543635979247,7.050146062154677,10843200
2023-09-14,7.160837650299072,7.2204400830340685,7.101235217564076,7.101235217564076,6443800
2023-09-15,7.271528720855713,7.271528720855713,7.160837904685434,7.186381689333261,7600500
2023-09-18,7.152322769165039,7.280043311627919,7.084205471327066,7.25449952794424,7342900
2023-09-19,7.194896697998047,7.305587516369991,7.135294261960189,7.23747021460607,6611800
2023-09-20,7.220439434051514,7.280042673451538,7.177866735651432,7.1948956526070305,2879100
2023-09-21,7.203411102294922,7.280043264876076,7.126778939713768,7.1778673187752835,4817200
2023-09-22,7.237468719482422,7.237468719482422,7.135292787944149,7.203410075636331,4243100
2023-09-25,7.305586814880371,7.322616544697285,7.169352224433908,7.2374695196571395,5243800
2023-09-26,7.177867412567139,7.331130927709876,7.143808763421837,7.305587143856461,6801600
2023-09-27,6.990543365478516,7.220439008989419,6.837279061789832,7.220439008989419,9654000
2023-09-28,7.1097493171691895,7.1097493171691895,6.939455278512893,6.990543652514213,6171400
2023-09-29,7.160837650299072,7.211926029802101,7.04163278482908,7.15232278504486,4575100
2023-10-02,7.155559062957764,7.243898788655678,7.067218494781754,7.243898788655678,2934300
2023-10-03,7.0318827629089355,7.146725169885366,6.943542611865168,7.102554883743949,4214600
2023-10-04,6.961210250854492,7.058384200921934,6.9347079964112535,7.031882367717739,3911000
2023-10-05,6.8552021980285645,7.005380238426389,6.802197688195154,6.943542345685829,5414800
2023-10-06,6.890538215637207,6.899372019730263,6.669687637203182,6.784529617847198,5689500
2023-10-09,6.952375888824463,6.978878142746215,6.784529403957463,6.855201940669123,3514800
2023-10-10,7.129056930541992,7.129056930541992,6.8993725309946035,6.970044653932262,7088800
2023-10-11,7.120223522186279,7.164392967009559,7.049550978256164,7.129056905664041,5016500
2023-10-13,6.970044136047363,7.1113887926596355,6.917040047782404,7.084886959146681,3155700
2023-10-16,6.952375888824463,7.040716033165244,6.917039831088151,7.040716033165244,2579800
2023-10-17,6.837533950805664,6.925874522331805,6.837533950805664,6.908206492274389,3186200
2023-10-18,6.65201997756958,6.81103225123565,6.590181660524349,6.81103225123565,5565000
2023-10-19,6.802197456359863,6.961210137962456,6.722691536797605,6.722691536797605,10265100
2023-10-20,6.79336404800415,6.890538423391933,6.7226919281726945,6.758027988088423,7581500
2023-10-23,6.970044136047363,7.0053801948906695,6.749193557657176,6.7580277829875275,7303800
2023-10-24,7.005380630493164,7.06721894793365,6.925874703771481,7.005380630493164,4274900
2023-10-25,6.961210250854492,7.023048142490311,6.917039967195442,7.0053801132745,2408000
2023-10-26,7.076052665710449,7.155559007962176,6.96121026495552,6.96121026495552,4787400
2023-10-27,7.0318827629089355,7.155559395609276,7.005380506976271,7.076053049050352,5703700
2023-10-30,6.881703853607178,7.049550340431626,6.846367795458772,7.049550340431626,2879200
2023-10-31,6.94354248046875,6.94354248046875,6.811032045791133,6.8728703609711035,2982000
2023-11-01,7.102554798126221,7.120223249361057,6.908206468172704,6.943542528164253,2950800
2023-11-03,7.1908955574035645,7.296903740150581,7.12022343557222,7.208563166622327,5557100
2023-11-06,7.349907875061035,7.367576327875221,7.129057269752921,7.235065459203431,11778900
2023-11-07,7.420579433441162,7.473583945348917,7.341073929296734,7.3587415382805625,7773300
2023-11-08,7.367575645446777,7.49125143377769,7.3234053599808275,7.42057931402342,8915400
2023-11-09,7.367575645446777,7.482418050666998,7.243899014637742,7.447081990789862,4258500
2023-11-10,7.464749336242676,7.508919620150946,7.332239326995954,7.349906935072408,5616000
2023-11-13,7.473583221435547,7.517753503333855,7.4029111073894756,7.438247164412512,3676400
2023-11-14,7.685600280761719,7.694434506461364,7.50008575345983,7.50008575345983,7335500
2023-11-16,7.791607856750488,7.853446589368459,7.685599684020054,7.773940249201116,10807000
2023-11-17,7.729769229888916,7.853445840859214,7.694433175679972,7.81810978665027,6485100
2023-11-20,7.729769229888916,7.809275562478538,7.579590788881407,7.729769229888916,5999000
2023-11-21,7.659098148345947,7.7297702662390275,7.579591805096707,7.641429697633627,3714000
2023-11-22,7.7209367752075195,7.800443126018468,7.632597040678383,7.659098876789306,7461500
2023-11-23,7.765106678009033,7.765106678009033,7.667932722110276,7.747439068972049,4495900
2023-11-24,7.800443172454834,7.8446134612214395,7.659098922384244,7.756272883688228,2939300
2023-11-27,7.800443172454834,7.835779234972482,7.738605273668497,7.800443172454834,2183600
2023-11-28,7.712101459503174,7.879948363609285,7.6944338520845665,7.7827744166117885,6575600
2023-11-29,7.729769229888916,7.826943168344016,7.667931345642761,7.729769229888916,5300000
2023-11-30,7.765106678009033,7.835778799113245,7.68560033114726,7.738604843214488,4564800
2023-12-01,7.7562713623046875,7.826943473477731,7.685599251131643,7.765105586820822,2958200
2023-12-04,7.659098148345947,7.747438716951348,7.500085461847466,7.747438716951348,10453200
2023-12-05,7.809276580810547,7.844612639627324,7.623762061402944,7.623762061402944,10214800
2023-12-06,7.844613075256348,7.844613075256348,7.729770667104841,7.800442788662977,7070500
2023-12-07,7.818110942840576,7.853447002275234,7.7562722069713415,7.8446127767970415,5437500
2023-12-08,7.853447437286377,7.950621395494732,7.773941088534925,7.844613211318848,11042300
2023-12-11,7.853447437286377,7.90645110813524,7.791608697991826,7.853447437286377,2502400
2023-12-12,7.871114253997803,7.888782704153371,7.773940305576399,7.835778196164741,3400200
2023-12-13,8.074297904968262,8.074297904968262,7.844613088283814,7.87111492329259,7299200
2023-12-14,8.091965675354004,8.233309921520826,8.038962004280528,8.100799901358972,10034100
2023-12-15,8.091965675354004,8.19797385997912,7.924119593650444,8.118467510890742,4061000
2023-12-18,8.030126571655273,8.109632908796895,7.968288683868694,8.083130234764331,6572600
2023-12-19,8.065463066101074,8.171471240556874,8.03012700794914,8.03012700794914,5508800
2023-12-20,8.038962364196777,8.189140843092279,7.994792074672535,8.136136327167549,8552900
2023-12-21,8.144969940185547,8.180306000648207,8.056629367789828,8.074297819260225,3451500
2023-12-22,8.259812355041504,8.295148415537247,8.144969947810809,8.144969947810809,4218400
2023-12-26,8.348151206970215,8.427657545342568,8.224475429482597,8.250977261447366,6642800
2023-12-27,8.401156425476074,8.41882403412411,8.295148246153495,8.348151914575725,3649700
2023-12-28,8.3834867477417,8.4629930812204,8.303980414262998,8.356984917408132,11054700
2024-01-02,8.180306434631348,8.383488582451369,8.180306434631348,8.383488582451369,4623200
2024-01-03,8.109633445739746,8.22447584671719,8.091964995214866,8.171471337620643,6155100
2024-01-04,8.003626823425293,8.189141377552053,7.985958369471194,8.127302631190963,2953000
2024-01-05,8.074297904968262,8.136135800814788,7.985957331634815,8.003625783292762,9003500
2024-01-08,8.100799560546875,8.153803229390412,8.003625606014971,8.074297726125106,7289600
2024-01-09,8.17147159576416,8.197973429910604,7.994791297324342,8.030127357012306,7821500
2024-01-10,8.118467330932617,8.206807904067759,8.012459148657332,8.17147184330933,5724800
2024-01-11,8.083131790161133,8.180306595356662,8.030128116852842,8.100800242916028,4857300
2024-01-12,8.083131790161133,8.127302079570173,7.9859578274438014,8.083131790161133,10507100
2024-01-15,8.074297904968262,8.144970026643762,7.994791557463788,8.074297904968262,4482700
2024-01-16,7.994791507720947,8.07429785473074,7.950621221329047,8.056629403182724,10983700
2024-01-17,8.083131790161133,8.118467853192726,7.959455990789656,7.994792053821249,9915600
2024-01-18,7.9241204261779785,8.083132298582749,7.879950133990667,8.083132298582749,6168400
2024-01-19,7.932952880859375,7.941787106757081,7.862280758634029,7.941787106757081,7440300
2024-01-22,7.86228084564209,7.9594556466359405,7.7827753391173395,7.93295296864953,3193200
2024-01-23,8.003626823425293,8.003626823425293,7.8269456537973285,7.86228171922727,5800700
2024-01-24,7.950621604919434,8.09196585421038,7.924119768796926,8.003626119642629,4556200
2024-01-25,8.0477933883667,8.0477933883667,7.915283401126397,7.950619453889008,2331500
2024-01-26,7.977122783660889,8.091965187365362,7.906450664839383,8.05662912795461,6919600
2024-01-29,7.906449794769287,7.994790354813733,7.897615570269238,7.977121905813636,4492200
2024-01-30,7.826943397521973,7.9241181813004,7.773939735895569,7.906449732439591,3106300
2024-01-31,7.9241204261779785,8.04779623332855,7.809278003482269,7.818112230415381,10605700
2024-02-01,8.038962364196777,8.038962364196777,7.871115432500299,7.950621785148294,3314600
2024-02-02,7.950621604919434,8.065464018087873,7.888783706474189,8.038962181965365,5213500
2024-02-05,7.985956192016602,8.021292247811799,7.853446193404121,7.950620136221405,2231600
2024-02-06,8.065463066101074,8.127300957247437,7.9771224994822,7.9771224994822,5907200
2024-02-07,8.109633445739746,8.136135279048975,8.003625270024742,8.047794711380758,4829500
2024-02-08,7.950621604919434,8.100800080410611,7.941787378719204,8.100800080410611,3317100
2024-02-09,8.0477933883667,8.08312944112931,7.915283401126397,7.959453677699148,6078900
2024-02-14,8.0477933883667,8.08312944112931,7.985955506651618,8.0477933883667,3737500
2024-02-15,8.144969940185547,8.189140226383406,8.065463593525026,8.065463593525026,6024800
2024-02-16,8.17147159576416,8.206807655452124,8.109633701929754,8.189140046847202,7895100
2024-02-19,8.295148849487305,8.295148849487305,8.118467695287611,8.127301921493231,2738600
2024-02-20,8.348151206970215,8.427657545342568,8.233308811818821,8.286313318226407,4535200
2024-02-21,8.162637710571289,8.356986468197697,8.162637710571289,8.348152242287826,3053600
2024-02-22,8.197973251342773,8.268645369179325,8.14496958420441,8.162637192424498,4918000
2024-02-23,8.144969940185547,8.242143895838328,8.100799653987687,8.215642061110868,3780300
2024-02-26,8.091965675354004,8.19797385997912,8.065463839817266,8.162637798437416,6148900
2024-02-27,8.153803825378418,8.1891407304945,8.10080015266067,8.118467762740522,7319100
2024-02-28,8.162637710571289,8.189140388300903,8.083131362338753,8.136135875319829,8572700
2024-02-29,8.109633445739746,8.162637112358203,8.056628936643198,8.162637112358203,7141700
2024-03-01,8.012458801269531,8.162637263601257,7.9506209082428585,8.14496965522711,8268600
2024-03-04,7.968289375305176,8.021293043013548,7.924119090562794,8.01245881756945,9674800
2024-03-05,8.021293640136719,8.083131537892543,7.959455742380896,8.003626030411414,4623000
2024-03-06,8.0477933883667,8.109632112559732,7.9947897304617594,8.08312944112931,6048100
2024-03-07,8.038962364196777,8.047795748119066,7.924119948425029,8.047795748119066,3588100
2024-03-08,8.065463066101074,8.109633349410512,7.968289116802777,7.985956724639704,3256400
2024-03-11,7.968289375305176,8.056629102311833,7.9329524735287835,8.038961493901745,8750200
2024-03-12,7.9594550132751465,8.003625297259559,7.897616278705733,7.994791071967057,2420700
2024-03-13,7.906449794769287,8.038960634835956,7.862279514747064,7.959454299291558,2681800
2024-03-14,7.9594550132751465,7.985956846674556,7.862280220013823,7.932952337397644,5014100
2024-03-15,7.9241204261779785,8.030128621940575,7.818112230415381,8.003626783619488,5703900
2024-03-18,7.782776355743408,7.9241206202214,7.747440289623911,7.9241206202214,2275700
2024-03-19,7.879948616027832,7.879948616027832,7.756271990223596,7.8004422739021155,1879200
2024-03-20,7.985956192016602,7.985956192016602,7.8622795754944015,7.8622795754944015,1763400
2024-03-21,8.003626823425293,8.04779627335403,7.888784400158418,7.968290757995351,1735900
2024-03-22,7.941787242889404,8.056629654093674,7.879949345501784,7.9947917567060545,4453900
2024-03-25,7.782776355743408,7.932954004892571,7.738606062474468,7.915286393071957,4404600
2024-03-26,7.659098148345947,7.8092766094882675,7.659098148345947,7.8092766094882675,7368800
2024-03-27,7.747438907623291,7.765106516292328,7.659098336843744,7.703268622233518,3401700
2024-03-28,7.641430377960205,7.765107016523239,7.561924870110585,7.747439406716048,10217800
2024-04-01,7.491251468658447,7.667932611344909,7.491251468658447,7.659098385714961,6213300
2024-04-02,7.561923980712891,7.5795915884421,7.411745523863262,7.491251022361822,16705700
2024-04-03,7.659098148345947,7.667932373702107,7.473583628257087,7.553089971506327,5399700
2024-04-04,7.7739410400390625,7.835778936469695,7.632596795352959,7.632596795352959,8378800
2024-04-05,7.694434642791748,7.773940990540988,7.579592234095973,7.773940990540988,9817700
2024-04-08,7.685600280761719,7.782775078501552,7.65026422044127,7.685600280761719,11110900
2024-04-09,7.729769229888916,7.738603454060649,7.650262897299295,7.729769229888916,13990200
2024-04-10,7.526588439941406,7.7032687417639,7.464749702444934,7.7032687417639,8726500
2024-04-11,7.314571380615234,7.517754363606904,7.261567710254382,7.500085911834519,19277200
2024-04-12,7.314571380615234,7.367575893454237,7.182061362234953,7.323405606501427,6996800
2024-04-15,7.243899822235107,7.332240403015793,7.182061921175557,7.305738565772874,9338500
2024-04-16,7.23506498336792,7.305737947498444,7.129056800889352,7.217397374193897,7422500
2024-04-17,7.279235363006592,7.332239876162038,7.199729014512499,7.235065075790079,5675400
2024-04-18,7.323405742645264,7.341074194746109,7.2262317835251135,7.279235454871317,2876500
2024-04-19,7.491251468658447,7.508919919918344,7.32340539408006,7.32340539408006,9581000
2024-04-22,7.623762607574463,7.623762607574463,7.411746239484806,7.464749910268141,6384200
2024-04-23,7.483102798461914,7.598500685170877,7.403211888697777,7.598500685170877,10107000
2024-04-24,7.358827114105225,7.456471077895769,7.29669012319788,7.456471077895769,7917200
2024-04-25,7.278936386108398,7.349950333558975,7.22567634879698,7.349950333558975,16046900
2024-04-26,7.403210639953613,7.429840656532112,7.2611827561310065,7.27893581833235,11283700
2024-04-29,7.420963764190674,7.429840718642035,7.341073713787337,7.403210701840923,3183800
2024-04-30,7.278936386108398,7.403211217423423,7.24342941238311,7.403211217423423,9505700
2024-05-02,7.509732246398926,7.509732246398926,7.305566509633015,7.305566509633015,4223300
2024-05-03,7.9003095626831055,7.9003095626831055,7.580746770310812,7.607376791370227,17831900
2024-05-06,7.749403953552246,7.900308802626157,7.687266961540527,7.882555739145534,7758100
2024-05-07,7.64288330078125,7.784912046367402,7.62513023667864,7.731651160953462,5846400
2024-05-08,7.598499774932861,7.7138968012651,7.580745865310668,7.660636765504529,7994000
2024-05-09,7.332197189331055,7.571869047702509,7.243429332717615,7.571869047702509,18276100
2024-05-10,7.2523064613342285,7.376581294257998,7.172415557779879,7.349950428704521,10312800
2024-05-13,7.332197189331055,7.385457226056702,7.234552377745667,7.252306287689563,5420900
2024-05-14,7.509732246398926,7.527485310239894,7.376581304656015,7.376581304656015,4614900
2024-05-15,7.705020427703857,7.767157416135992,7.509731661349033,7.527484723806939,7633300
2024-05-16,7.731650352478027,7.758280369123849,7.669513364786789,7.713896443678836,2558400
2024-05-17,7.696145057678223,7.740528992790202,7.607377187454264,7.713898123791124,3871400
2024-05-20,7.6073760986328125,7.722773974786139,7.589623035060855,7.678390046026701,3022800
2024-05-21,7.793787956237793,7.793787956237793,7.5541160943743435,7.589623068226448,6836000
2024-05-22,7.61625337600708,7.767158232243484,7.571869445369361,7.731651257043922,13899000
2024-05-23,7.465348243713379,7.634007004589351,7.420964314716911,7.580746120482982,9984100
2024-05-24,7.420963764190674,7.5097316155983425,7.36770373058845,7.465347689894508,4491700
2024-05-27,7.39433479309082,7.483102657051973,7.385457837384087,7.429841769364663,2165300
2024-05-28,7.412088871002197,7.491978934498099,7.37658189393076,7.420964980355225,19742100
2024-05-29,7.349950313568115,7.403211197287701,7.234552437636537,7.403211197287701,4907900
2024-05-31,7.225676536560059,7.367704435151884,7.12803172136339,7.367704435151884,6783000
2024-06-03,7.429841995239258,7.456472016615947,7.172416197789622,7.225677087096116,5336300
2024-06-04,7.500855922698975,7.554116811811999,7.385458035081684,7.403211946970397,3705400
2024-06-05,7.483102798461914,7.545239796477084,7.420964953893637,7.483102798461914,2656200
2024-06-06,7.509732246398926,7.571869239671878,7.447595253125972,7.465348316966941,4598000
2024-06-07,7.332197189331055,7.491978146061017,7.30556632441521,7.491978146061017,5122200
2024-06-10,7.287813186645508,7.385457150681329,7.207922285819376,7.314443204736548,6278300
2024-06-11,7.385457515716553,7.447595356404234,7.2523065721271935,7.2523065721271935,1778200
2024-06-12,7.332197189331055,7.429841154363422,7.225676269326739,7.412088090972546,4532600
2024-06-13,7.367704391479492,7.412088321164613,7.2878134873568845,7.2878134873568845,6328400
2024-06-14,7.39433479309082,7.429841769364663,7.234552976581981,7.358827816816977,19421100
2024-06-17,7.287813186645508,7.385457150681329,7.287813186645508,7.385457150681329,2988800
2024-06-18,7.261183738708496,7.314443779072597,7.190169787187641,7.261183738708495,3159000
2024-06-19,7.261183738708496,7.270059847733794,7.101401924510035,7.234552871973366,4213400
2024-06-20,7.136908531188965,7.296690337124393,7.101401557264762,7.234552497842263,4867600
2024-06-21,7.278936386108398,7.278936386108398,7.101401517481955,7.181292420002112,9992500
2024-06-24,7.332197189331055,7.412088090972546,7.252306287689563,7.278936306052387,5007200
2024-06-25,7.261183738708496,7.33219769022935,7.243429827551743,7.33219769022935,5585300
2024-06-26,7.296690464019775,7.323320483287786,7.119155591311287,7.261183489478078,5678000
2024-06-27,7.456471920013428,7.47422583173662,7.25230701451535,7.278937035547033,9545900
2024-06-28,7.358827114105225,7.474224987613873,7.332197096081079,7.456471077895769,4372900
2024-07-01,7.376580715179443,7.429840748999281,7.287812863409083,7.3854568231141,2864700
2024-07-02,7.412088871002197,7.465348913332798,7.3144440491409135,7.367704938024624,3636800
2024-07-03,7.491978168487549,7.554116006924169,7.4120881131599345,7.4120881131599345,2688000
2024-07-04,7.64288330078125,7.687267230867356,7.518609312403816,7.518609312403816,3321700
2024-07-05,7.6783905029296875,7.758281410139982,7.589623486681756,7.642883527119899,12383500
2024-07-08,7.749403953552246,7.829294855597614,7.642883033009431,7.713896980037974,3024500
2024-07-09,7.9003095626831055,7.926940430295626,7.722774678031831,7.7494046990912455,2454600
2024-07-10,7.909185886383057,7.9801998345675145,7.855925848521233,7.90030893122174,2365500
2024-07-11,8.051214218139648,8.077845085063723,7.9091863140902525,7.9091863140902525,3857400
2024-07-12,8.07784366607666,8.11335063585171,7.9890758183625685,8.04233669630161,4676600
2024-07-15,7.997953414916992,8.077844314966692,7.953569487494603,8.077844314966692,2459000
2024-07-16,8.113350868225098,8.139980884680858,7.962446030720859,7.997953001512858,3870300
2024-07-17,8.113350868225098,8.166610901136618,8.033459972304858,8.166610901136618,3624100
2024-07-18,7.953570365905762,8.113352183651845,7.935816454354821,8.095598272100903,4786500
2024-07-19,7.935816764831543,8.03346158907573,7.873679765078428,7.918063699139138,20701900
2024-07-22,8.104475021362305,8.131105041457047,7.9269401431422315,7.9890771388809885,6527200
2024-07-23,8.015706062316895,8.122226974675414,7.989076045865505,8.122226974675414,5150000
2024-07-24,7.935816764831543,8.068968567013671,7.838172787140486,8.068968567013671,7969900
2024-07-25,7.9003095626831055,7.9446934954842,7.864802585752851,7.93581653961336,4340700
2024-07-26,8.03346061706543,8.068967590707198,7.838171838759194,7.90030883099403,6742300
2024-07-29,8.024584770202637,8.068968705022474,7.918063834566915,8.024584770202637,4935300
2024-07-30,7.997953414916992,8.042337342339382,7.962446442289681,7.962446442289681,4514200
2024-07-31,7.971323013305664,8.033460853925613,7.944692993927431,7.971323013305664,4129600
2024-08-01,8.07784366607666,8.12222674338077,7.935814940423526,7.971321910198576,10080000
2024-08-02,8.024584770202637,8.193242706654242,7.997954747931993,8.07784566129707,3532400
2024-08-05,7.989077091217041,8.006831002209664,7.793788303063543,7.802665258559855,9519100
2024-08-06,8.157734870910645,8.157734870910645,7.953569977367034,7.953569977367034,8155100
2024-08-07,8.122227668762207,8.184365507862733,8.06896763130808,8.122227668762207,3810100
2024-08-08,8.122227668762207,8.166611597676003,8.006830638760587,8.166611597676003,3572600
2024-08-09,8.246502876281738,8.264256787277683,8.051214088091696,8.122228038969334,6146100
2024-08-12,8.273133277893066,8.282010233800566,8.1666123466624,8.273133277893066,3587000
2024-08-13,8.308640480041504,8.406285304562866,8.255380436259973,8.264257392407938,4677400
2024-08-14,8.45954418182373,8.50392810989015,8.308639334329714,8.308639334329714,4821500
2024-08-15,8.379654884338379,8.468422757459882,8.308640924462448,8.450669690767487,5432500
2024-08-16,8.388529777526855,8.44179065760913,8.30863888067993,8.432913703169923,4235700
2024-08-19,8.486174583435059,8.495050691321488,8.344145852063589,8.388529777707612,5443200
2024-08-20,8.486174583435059,8.521681554639683,8.388529777707612,8.468420674556262,4854100
2024-08-21,8.477298736572266,8.548312688259635,8.4240378495302,8.503928756816759,4046100
2024-08-22,8.45954418182373,8.583819011099102,8.41516025375731,8.45066807345286,10823900
2024-08-23,8.574942588806152,8.610449564154194,8.424037731938709,8.468421662762028,3840300
2024-08-26,8.468421936035156,8.566065909754942,8.397407983047477,8.530558933261101,2986400
2024-08-27,8.379654884338379,8.459545800837095,8.353024861023199,8.459545800837095,1837600
2024-08-28,8.424036979675293,8.44179088904043,8.299763000331303,8.38853000749801,3759100
2024-08-29,8.388529777526855,8.450667612048338,8.219871875946763,8.424036748730716,6463100
2024-08-30,8.326393127441406,8.415160135776715,8.273132245197818,8.28200919999725,10715800
2024-09-02,8.424036979675293,8.424036979675293,8.202118191929033,8.35302303532073,3330200
2024-09-03,8.495050430297852,8.521681292797773,8.379652565790357,8.388529519956998,5572400
2024-09-04,8.663710594177246,8.690340614491781,8.450668738554793,8.450668738554793,6226100
2024-09-05,8.699216842651367,8.70809379753158,8.503928068051732,8.654832914803313,8450700
2024-09-06,8.566064834594727,8.743600541333821,8.566064834594727,8.690339660001495,5627300
2024-09-09,8.574942588806152,8.601572608678916,8.486175573712583,8.58381954428143,4818400
2024-09-10,8.628202438354492,8.654832455027439,8.503927616292465,8.583818512864271,3293300
2024-09-11,8.566064834594727,8.663709642611826,8.53943481720506,8.663709642611826,2968100
2024-09-12,8.539434432983398,8.592695311919314,8.406283505473034,8.592695311919314,7711400
2024-09-13,8.690340042114258,8.699216997152128,8.512805174121974,8.53943519268256,4796100
2024-09-16,8.60157299041748,8.71697087705825,8.53943599243903,8.672587790818275,5127800
2024-09-17,8.60157299041748,8.610449946286717,8.512805971384422,8.592696881101348,2366800
2024-09-18,8.610448837280273,8.654832764356806,8.512804874954302,8.654832764356806,3084200
2024-09-19,8.486174583435059,8.637078576139988,8.47729762899566,8.637078576139988,3089500
2024-09-20,8.344146728515625,8.503928538996075,8.317516708953235,8.495051583624258,4264400
2024-09-23,8.2109956741333,8.32639355276154,8.175488699674846,8.32639355276154,3352300
2024-09-24,8.21987247467041,8.290886422250683,8.157734635622898,8.228749429756203,2818400
2024-09-25,8.095598220825195,8.228750016954608,8.086721265105949,8.219873061235363,3379000
2024-09-26,8.202118873596191,8.202118873596191,8.095597948211534,8.139981878760073,4543200
2024-09-27,8.068967819213867,8.228749628403227,8.042337799866658,8.202118762502966,10567900
2024-09-30,8.157734870910645,8.157734870910645,7.989076952181273,8.0778448124934,5160300
2024-10-01,8.179359436035156,8.20644316534991,8.080050993587342,8.170331239271494,15077400
2024-10-02,8.206442832946777,8.287694878576144,8.161302711933107,8.179359104729054,2503000
2024-10-03,8.052967071533203,8.134219118509012,7.953659492438444,8.116162725413849,8986600
2024-10-04,8.125191688537598,8.125191688537598,7.9717157766537845,7.989772171452488,4894900
2024-10-07,8.170331001281738,8.197414729807582,8.125190879754527,8.143247272755895,3251100
2024-10-08,8.287694931030273,8.287694931030273,8.23352661327579,8.23352661327579,4016900
2024-10-09,8.224498748779297,8.25158333923783,8.179359486634212,8.224498748779297,5322600
2024-10-10,8.242554664611816,8.305750316732583,8.188386347811026,8.27866658882028,6674900
2024-10-11,8.125191688537598,8.260611205622707,8.071023365117778,8.260611205622707,4186200
2024-10-14,8.19741439819336,8.206442594328822,8.08005043136088,8.125190551062014,2217100
2024-10-15,8.143247604370117,8.278667113490178,8.107134816896776,8.197415063627645,7934900
2024-10-16,8.152274131774902,8.179358719693843,8.080050285943376,8.152274131774902,5074600
2024-10-17,8.034911155700684,8.107135010418908,7.98977189223399,8.080051280143639,3560800
2024-10-18,8.034911155700684,8.043939352784527,7.935603570707191,8.043939352784527,4043700
2024-10-21,8.09810733795166,8.116162870393138,7.99879889610674,8.025883486233296,2584700
2024-10-22,8.007826805114746,8.05296692606101,7.926574759606709,8.016855001499238,5255600
2024-10-23,7.953659534454346,7.998798795478281,7.863379290454043,7.98074326326395,5599900
2024-10-24,7.890462875366211,7.935602996543147,7.773098904696656,7.899491071796838,12061600
2024-10-25,7.85435152053833,7.908519842076393,7.791155862890808,7.908519842076393,3253000
2024-10-28,7.872407913208008,7.935603570843473,7.836295985848275,7.881435249315744,4407800
2024-10-29,7.917547225952148,7.989771073267291,7.87240710613614,7.87240710613614,4578300
2024-10-30,7.908519268035889,7.96268672466594,7.854350950429637,7.917547464466297,3396300
2024-10-31,7.863379001617432,7.953659242301573,7.845322609090131,7.863379001617432,9202900
2024-11-01,7.691847801208496,7.8633792303259815,7.60156755789853,7.8633792303259815,9383500
2024-11-04,7.809211254119873,7.8182394510414674,7.66476354727935,7.673791744200944,7442000
2024-11-05,7.718931674957275,7.836295649076653,7.646707823341694,7.836295649076653,5369200
2024-11-06,7.664763450622559,7.69184804104579,7.538372139219085,7.673791647430302,10905500
2024-11-07,7.628652095794678,7.84532366955298,7.54740004039124,7.755044277641837,5853200
2024-11-08,7.565456390380859,7.6015683191258825,7.45712060414579,7.5473999955202,5602100
2024-11-11,7.592539310455322,7.592539310455322,7.475175339329914,7.484203535795608,5545500
2024-11-12,7.520316123962402,7.574484446557924,7.493232393152782,7.55642805203399,5484000
2024-11-13,7.53837251663208,7.592539978237998,7.421008535184219,7.493232391309629,5234300
2024-11-14,7.709903717041016,7.72796011099224,7.502260352459451,7.502260352459451,7485900
2024-11-18,7.637679576873779,7.727959821293047,7.556427529091684,7.673791502446242,6196600
2024-11-19,7.8001837730407715,7.90851955115542,7.583511355835244,7.664763404665288,9965800
2024-11-21,7.53837251663208,7.782127815811268,7.53837251663208,7.782127815811268,12719800
2024-11-22,7.547399044036865,7.619622892421816,7.45711966404377,7.547399044036865,6062100
2024-11-25,7.718931674957275,7.755043600765067,7.5473993816381,7.5473993816381,8025800
2024-11-26,8.125191688537598,8.20644374317918,7.926575650633318,7.980743974053136,10960700
2024-11-27,7.899491786956787,8.179359874809961,7.881435392460844,8.179359874809961,11239200
2024-11-28,7.773099422454834,7.899491597973869,7.709903765183445,7.899491597973869,7783400
2024-11-29,7.881434440612793,7.917547225243305,7.655734702529134,7.746014942153067,16149900
2024-12-02,7.782127380371094,7.899491355251985,7.764071847838157,7.836295699922363,5716500
2024-12-03,7.827267646789551,7.854351376574027,7.746015596459876,7.746015596459876,3615900
2024-12-04,7.764071941375732,7.836295794330054,7.746015547649032,7.827267597466704,4330100
2024-12-05,7.755043983459473,7.908519890960339,7.7279602530111635,7.809211444356092,4638700
2024-12-06,7.764071941375732,7.764071941375732,7.6376797682175495,7.755043744512382,4393900
2024-12-09,7.727960109710693,7.809211299548972,7.664763591868141,7.809211299548972,10452300
2024-12-10,7.818238735198975,7.854350658602677,7.74601488839157,7.773098615700305,4450500
2024-12-11,7.92657470703125,8.016854948324967,7.691847629424727,7.809210737739893,12602100
2024-12-12,7.6870245933532715,7.862359382240204,7.631656361119007,7.862359382240204,9287100
2024-12-13,7.622427940368652,7.714708619706091,7.5855154926212425,7.622427940368652,12676800
2024-12-16,7.502462387084961,7.687024628821048,7.474778270840095,7.687024628821048,8006300
2024-12-17,7.6685686111450195,7.6962527265468115,7.465549711386833,7.493233826788626,8527000
2024-12-18,7.502462387084961,7.696252960923399,7.456321606635393,7.585515615881747,7771700
2024-12-19,7.723937034606934,7.733165366658434,7.465549897600208,7.539374793887844,11216700
2024-12-20,7.7608489990234375,7.779305661976049,7.5855151012842645,7.705480770289857,7210700
2024-12-23,7.511690616607666,7.723936971690183,7.484005620678679,7.696252855823371,5959700
2024-12-26,7.603971004486084,7.640883450913214,7.465549550399879,7.567058558058953,4389000
2024-12-27,7.622427940368652,7.742393615563278,7.60397127646386,7.668568720068459,7819200
2024-12-30,7.603971004486084,7.650111782535532,7.567058558058953,7.594742672863766,8651400
2025-01-02,7.603971004486084,7.631655999353038,7.4563212187775605,7.631655999353038,11360600
2025-01-03,7.474778175354004,7.62242796685673,7.465549843369539,7.585515518981048,8349900
2025-01-06,7.539374828338623,7.613199724963598,7.484005715838798,7.567058944557441,5792300
2025-01-07,7.640883445739746,7.659340108971885,7.539374438149401,7.576286884551539,5115600
2025-01-08,7.502462387084961,7.59474306792191,7.456321606635393,7.585515615881747,5189700
2025-01-09,7.4470930099487305,7.474778005272177,7.400953111200633,7.474778005272177,2176300
2025-01-10,7.317899703979492,7.4470932731711255,7.262531031468792,7.4470932731711255,5783800
2025-01-13,7.308671474456787,7.428637146039843,7.280986919464131,7.31789936610029,5288800
2025-01-14,7.382496356964111,7.400953020286352,7.262530685555987,7.2902152405082745,26622400
2025-01-15,7.613199234008789,7.622427565507347,7.4101803413511576,7.465549450280378,4198400
2025-01-16,7.484005451202393,7.613199455758858,7.419408888955237,7.613199455758858,4927500
2025-01-17,7.677796363830566,7.723937144683453,7.456321671811345,7.502462452664232,7256300
2025-01-20,7.6685686111450195,7.687024394725493,7.594742836636638,7.631656163921909,6286500
2025-01-21,7.7147088050842285,7.723937137258374,7.594743127006925,7.677796356449843,2455100
2025-01-22,7.83467435836792,7.880815138441504,7.714708682201475,7.742393678282934,4450300
2025-01-23,7.640883445739746,7.843902340982576,7.548602769765471,7.843902340982576,5758300
2025-01-24,7.677796363830566,7.714708812500437,7.603971466490826,7.640883915160696,4961900
2025-01-27,7.862359523773193,7.890043640388676,7.631656498499034,7.668568947340411,6634200
2025-01-28,7.954639911651611,7.963868243536206,7.8069901217467725,7.862359232992171,4425700
2025-01-29,7.917726993560791,8.00078021546128,7.890042879614666,8.00078021546128,4284000
2025-01-30,8.166887283325195,8.20379973142802,7.899271814564169,7.917727598584491,5835900
2025-01-31,8.000781059265137,8.157659188275215,7.982324394646441,8.157659188275215,9514300
2025-02-03,8.046921730041504,8.1207466273762,7.908499387492305,7.973096832706809,8959700
2025-02-04,8.176115036010742,8.176115036010742,7.98232445632801,8.03769357054974,5326200
2025-02-05,8.176115036010742,8.222255817851815,8.083834352390811,8.203800033152714,5740700
2025-02-06,8.213027000427246,8.222255332262899,8.074605543141121,8.194571216818105,7431600
2025-02-07,8.093061447143555,8.2222545604671,8.05614812326588,8.2222545604671,3776500
2025-02-10,8.139202117919922,8.166887113467876,7.982323996730168,8.166887113467876,4755700
2025-02-11,8.314537048339844,8.452958508253788,8.148430592393366,8.17611470836372,5284900
2025-02-12,8.26839542388916,8.342220312311753,8.139201429118579,8.259167092820814,3014900
2025-02-13,8.30530834197998,8.342220788297405,8.203799334622595,8.213026786155346,3947700
2025-02-14,8.572924613952637,8.655977846089176,8.296080800184914,8.305309132658357,6494300
2025-02-17,8.526782989501953,8.600607881873751,8.452958097130153,8.536011321063961,4725600
2025-02-18,8.462186813354492,8.53601170908212,8.406817701527682,8.517555045119124,3823100
2025-02-19,8.462186813354492,8.47141514533599,8.36990525366387,8.443730149391497,5449000
2025-02-20,8.471414566040039,8.480642017328366,8.369904681309412,8.443729571988714,3034100
2025-02-21,8.471414566040039,8.545239456719342,8.406817126649063,8.471414566040039,3075400
2025-02-24,8.388361930847168,8.591380834449197,8.35144948292518,8.489870942617094,3468000
2025-02-25,8.517555236816406,8.554468565573172,8.369905442038123,8.388362106416507,4005200
2025-02-26,8.425273895263672,8.582152009944826,8.379133117993545,8.517554569741797,5098800
2025-02-27,8.434502601623535,8.526783280203315,8.379133490425934,8.425274269746907,3625000
2025-02-28,8.22225570678711,8.48987118177577,8.148430808863493,8.360678050440542,10814300
2025-03-05,8.157658576965332,8.194571023374408,7.991552128093414,8.194571023374408,5351800
2025-03-06,8.074605941772461,8.203799953663214,8.037693492669703,8.120746723166459,2749000
2025-03-07,8.213027000427246,8.277624443214647,7.97309653313544,8.046921427696327,5080500
2025-03-10,8.213027000427246,8.24993944770769,8.157658769537662,8.213027000427246,4939600
2025-03-11,8.26839542388916,8.26839542388916,8.083833202832679,8.176113873329875,3543900
2025-03-12,8.314537048339844,8.332992832299354,8.222255488355762,8.222255488355762,3705700
2025-03-13,8.443729400634766,8.489870176388495,8.222254733091384,8.314536284598843,4246300
2025-03-14,8.692890167236328,8.720574284184615,8.4345030222405,8.489871256137073,5736600
2025-03-17,8.711345672607422,8.757486452750339,8.554468428220995,8.655977440485668,6073800
2025-03-18,8.711345672607422,8.785171448873399,8.637520776403628,8.711345672607422,3048500
2025-03-19,8.84053897857666,8.905135537606963,8.692889197900474,8.748257425622988,4557500
2025-03-20,8.729802131652832,8.858996137006187,8.70211801624217,8.831311141533364,2500400
2025-03-21,8.683661460876465,8.803627135901484,8.674433128937116,8.76671468820626,5399400
2025-03-24,8.665205955505371,8.803627418794916,8.619065174388123,8.70211840438673,4051100
2025-03-25,8.720574378967285,8.803627610777047,8.65597781203179,8.674433596843837,3393600
2025-03-26,8.748258590698242,8.775943588308643,8.6836620230651,8.739031138223671,1654600
2025-03-27,8.748258590698242,8.877452606026756,8.711346140613271,8.775943588308643,4391000
2025-03-28,8.711345672607422,8.739030668730482,8.61906499238377,8.720574004648443,4182600
2025-03-31,8.646748542785645,8.74825754840973,8.609836097098512,8.692889319910092,3778700
2025-04-01,8.7759428024292,8.812855249208686,8.628293015311248,8.739030355649712,5168000
2025-04-02,8.794398307800293,8.868223199025692,8.711345085156188,8.748257530768887,4996300
2025-04-03,8.978960990905762,9.07124254964528,8.785171301664674,8.785171301664674,6699300
2025-04-04,8.822083473205566,8.95127659532531,8.720573585754751,8.932820812191979,7562000
2025-04-07,8.702117919921875,8.886680154053709,8.591380579442776,8.812855260400974,7309000
2025-04-08,8.674432754516602,8.877451648108375,8.600607862312708,8.729801863700589,6531900
2025-04-09,8.794398307800293,8.905135644638392,8.545239519930101,8.591380296961507,10103000
2025-04-10,8.757486343383789,8.82208378680203,8.674433116176173,8.766714675309563,6730400
2025-04-11,8.886680603027344,8.905136387341875,8.67443336300595,8.794399041268095,9894700
2025-04-14,9.098926544189453,9.13583899118174,8.868223530472115,8.914364309228015,5567600
2025-04-15,9.11738395690918,9.191208856960085,9.071243174361806,9.108155624387258,4513600
2025-04-16,9.071242332458496,9.163523888988578,9.006645770924727,9.1081547790581,3703200
2025-04-17,9.191207885742188,9.200436217288967,8.988188992023712,9.043558101242255,3720200
2025-04-22,9.3480863571167,9.394227136542307,9.135839123783766,9.200436567004486,4433500
2025-04-23,9.394227027893066,9.514192700987316,9.348086249001101,9.403454479621734,5602100
2025-04-24,9.73566722869873,9.763351343568589,9.421910993299845,9.440366776525703,6767600
2025-04-25,9.458824157714844,9.514193271719083,9.311174360453151,9.384999259083997,7115300
2025-04-28,9.532648086547852,9.606472977668169,9.421910749867374,9.468051526833102,6241000
2025-04-29,9.486507415771484,9.634157199664871,9.42191085533366,9.52341986174483,11297600
2025-04-30,9.63415813446045,9.63415813446045,9.421911769535122,9.486508336240705,9232400
2025-05-02,9.874088287353516,9.874088287353516,9.541876282043937,9.65261361714713,13095000
2025-05-05,9.864860534667969,9.911001313682718,9.735667409501264,9.837176419283985,8547100
2025-05-06,9.892545700073242,9.947913931792467,9.781808356572615,9.864860704151454,6738500
2025-05-07,9.883316993713379,9.947913554959579,9.763351322783194,9.947913554959579,4667300
2025-05-08,10.141704559326172,10.27089856749303,9.92945820311867,10.012511431221494,15779800
2025-05-09,10.418548583984375,10.55697004709484,10.243214672040308,10.317039569707514,10551500
2025-05-12,10.215529441833496,10.437005009834213,10.058651317861486,10.390864229831474,11749200
2025-05-13,10.510828971862793,10.566197198896534,10.206301082990908,10.298581754734512,7608300
2025-05-14,10.593881607055664,10.64925071569146,10.492372601295852,10.538513378481994,8830700
2025-05-15,10.593881607055664,10.741532270063745,10.492372601295852,10.593881607055664,7223300
2025-05-16,10.667708396911621,10.667708396911621,10.473917818280613,10.603110950659811,3715800
2025-05-19,10.658479690551758,10.741532918487987,10.612338910580277,10.66770802255849,5642100
2025-05-20,10.686162948608398,10.741532056141494,10.529284837337086,10.741532056141494,12486500
2025-05-21,10.52005672454834,10.695391501992685,10.464688495927483,10.695391501992685,4530000
2025-05-22,10.483144760131836,10.649251213745721,10.455460644550243,10.47391730831275,4404200
2025-05-23,10.55696964263916,10.55696964263916,10.243214279605137,10.42777651670226,3001600
2025-05-26,10.640023231506348,10.695392344551184,10.510830101172058,10.547742549847882,4190600
2025-05-27,10.787672996520996,10.796901328680104,10.658479866542256,10.695392315116495,6266700
2025-05-28,10.593881607055664,10.778444715800234,10.593881607055664,10.778444715800234,3429100
2025-05-29,10.81535816192627,10.833813946470558,10.547742685567533,10.593882586959356,6398200
2025-05-30,10.759988784790039,10.82458534920719,10.667708104202994,10.815357897192015,4133900
2025-06-02,10.61233901977539,10.833813709842735,10.492373342640033,10.750760481051934,5107500
2025-06-03,10.686162948608398,10.704619611140133,10.529284837337086,10.529284837337086,3977000
2025-06-04,10.640023231506348,10.815358022763165,10.593882450646017,10.658479895875358,4837400
2025-06-05,10.584654808044434,10.732304600090659,10.501601580002887,10.732304600090659,3884100
2025-06-06,10.621566772460938,10.640022555595342,10.529285216602492,10.575425994531715,7228000
2025-06-09,10.53851318359375,10.603109742422493,10.40009173465727,10.584653959926614,6190800
2025-06-10,10.658479690551758,10.713847922467792,10.529285682644048,10.640023026538294,12372900
2025-06-11,10.603110313415527,10.69539187105075,10.46468885702485,10.676935207498843,4736500
2025-06-12,10.667708396911621,10.676935849179985,10.501601935210125,10.566198501399725,4144400
2025-06-13,10.667708396911621,10.676935849179985,10.483145270548977,10.676935849179985,7133200
2025-06-16,10.889182090759277,10.889182090759277,10.658479084090912,10.667707415572558,3168600
2025-06-17,10.926095008850098,10.926095008850098,10.741532771551041,10.852270113930475,2961200
2025-06-18,10.796900749206543,10.953778867242901,10.77844496594105,10.935323083977408,6954300
2025-06-20,10.759988784790039,10.796901233037294,10.630795655955739,10.741533000697505,5027400
2025-06-23,10.732304573059082,10.833813584819646,10.667708009217103,10.778445352972858,4448100
2025-06-24,10.843042373657227,11.027604621026184,10.741533357619854,10.796901591799434,7403300
2025-06-25,10.676936149597168,10.852270948562637,10.612339581590014,10.852270948562637,6229800
2025-06-26,10.723075866699219,10.750759981656104,10.621566858482545,10.695391751742335,7002100
2025-06-27,10.547741889953613,10.676935012205245,10.483144448765657,10.66770756066023,7091500
2025-06-30,10.759988784790039,10.759988784790039,10.464689198811998,10.529285763229147,6524400
2025-07-01,10.713847160339355,10.796900382367602,10.658478932361934,10.732303823039906,4064300
2025-07-02,10.400092124938965,10.741532474515925,10.335494683623981,10.713847479640012,7090100
2025-07-03,10.6307954788208,10.65847959452941,10.335495017700998,10.400092461103982,3666600
2025-07-04,10.658479690551758,10.695392138516507,10.547742346657513,10.603110578573546,1553700
2025-07-07,10.55696964263916,10.704620312379024,10.49237307967071,10.658479533089201,3052000
2025-07-08,10.510828971862793,10.566197198896534,10.409319088864097,10.556968867703544,3660300
2025-07-09,10.400092124938965,10.50160113263088,10.307810568810211,10.50160113263088,3503800
2025-07-10,10.28935432434082,10.335495104283147,10.187845312517444,10.252441876399395,5552800
2025-07-11,10.25244140625,10.32626629874744,10.150932399081555,10.233985623156709,3859800
2025-07-14,10.160161018371582,10.261670028414528,10.067879460105512,10.215529249281493,3908700
2025-07-15,10.280126571655273,10.289354023324046,10.104791789016316,10.261669908193424,2973700
2025-07-16,10.418548583984375,10.45546103281798,10.252442124202059,10.27089878864996,7999300
2025-07-17,10.317039489746094,10.437005167541072,10.197073811951118,10.427776835388643,5073300
2025-07-18,10.25244140625,10.36317874499616,10.17861651375256,10.243213954734424,4637400
2025-07-21,10.24321460723877,10.280127055838854,10.160161377873031,10.252442059342146,3711600
2025-07-22,10.067879676818848,10.280126913374612,10.040195560767986,10.280126913374612,3809500
2025-07-23,10.24321460723877,10.270898723673286,10.01251158347269,10.021739035576067,1707400
2025-07-24,10.095563888549805,10.243214562365514,10.030967323798189,10.169389665488755,2417900
2025-07-25,10.049423217773438,10.086335663382526,9.94791333230185,10.077107331964724,1932000
2025-07-28,9.947914123535156,10.067879801322011,9.837176777900105,10.003283236383778,19787800
2025-07-29,10.104791641235352,10.132475755961098,9.929457741222777,9.975598519140446,5783100
2025-07-30,10.25244140625,10.38163540815159,10.058650843428685,10.058650843428685,5079500
2025-07-31,10.187845230102539,10.381635800242893,10.040195439531253,10.206301893955034,4259200
2025-08-01,10.317039489746094,10.409320171083788,10.058651469851286,10.058651469851286,5003000
2025-08-04,10.24321460723877,10.37240773730797,10.132476381376321,10.37240773730797,6546800
2025-08-05,10.150933265686035,10.280127278617163,10.077108366886023,10.261670613886054,2940000
2025-08-06,10.409319877624512,10.464688988915919,10.132476081291815,10.21552930819784,3963300
2025-08-07,10.6307954788208,10.723076157870224,10.280126786283777,10.418548244889,5541000
2025-08-08,10.603110313415527,10.704620202826705,10.51082963584246,10.630795308743389,6554100
2025-08-11,10.483144760131836,10.69539199308982,10.446232312668991,10.630795430045383,4004700
2025-08-12,10.713847160339355,10.76921626837889,10.501600819655717,10.547741596344979,2862800
2025-08-13,10.446232795715332,10.732304936827326,10.344723780514151,10.732304936827326,6241600
2025-08-14,10.464689254760742,10.815357955015587,10.298582796728924,10.427776806316137,9253900
2025-08-15,10.418548583984375,10.501601813875533,10.326267021869267,10.464689365041929,3705300
2025-08-18,10.381635665893555,10.473917223837473,10.363179002279907,10.409319781251867,3310300
2025-08-19,10.160161018371582,10.353951586680598,10.123248571077585,10.353951586680598,2870000
2025-08-20,10.32626724243164,10.32626724243164,10.114020877120524,10.206302441206708,3060800
2025-08-21,10.215529441833496,10.363179233792522,10.197073657869707,10.280126885862204,2225200
2025-08-22,10.455460548400879,10.464688880197267,10.132475976024555,10.270898312783904,2510200
2025-08-25,10.418548583984375,10.547742594933087,10.372407802926821,10.483145149427632,2502100
2025-08-26,10.317039489746094,10.49237340033125,10.289354493288812,10.418548503236217,3700600
2025-08-27,10.418548583984375,10.418548583984375,10.252442124202059,10.363179470702871,2226400
2025-08-28,10.446232795715332,10.603110924702198,10.400092894299837,10.446232795715332,5124200
2025-08-29,10.335494995117188,10.501601449130236,10.335494995117188,10.390864106475593,13534800
2025-09-01,10.298583030700684,10.409320378550323,10.206302347523756,10.372407929267109,2094600
2025-09-02,10.363178253173828,10.47391646672664,10.187844361829049,10.243213468605456,32642700
2025-09-03,10.28935432434082,10.437004996168701,10.28935432434082,10.363179220223671,1696900
2025-09-04,10.409319877624512,10.409319877624512,10.233985971982365,10.353951646395274,3890600
2025-09-05,10.52005672454834,10.547741718920896,10.4093193872445,10.437004381617054,2611600
2025-09-08,10.409319877624512,10.510829768315062,10.307810866996128,10.510829768315062,5699200
2025-09-09,10.547741889953613,10.5846543363201,10.353951326514025,10.390863772880511,5152500
2025-09-10,10.6307954788208,10.704620374085208,10.556969703494222,10.556969703494222,3711300
2025-09-11,10.667708396911621,10.815358193951969,10.5754268337303,10.630795947651533,5259900
2025-09-12,10.704620361328125,10.732304477003742,10.566198022825695,10.6215671342391,1758000
2025-09-15,10.843042373657227,10.879954823131019,10.704620908146063,10.732305025235853,1773300
2025-09-16,10.889182090759277,10.990691096870991,10.824584650449887,10.86149797637647,4723800
2025-09-17,11.073744773864746,11.073744773864746,10.889182536979433,10.889182536979433,2189200
2025-09-18,11.046060562133789,11.138341239741578,10.999919783298816,11.07374467740991,3127700
2025-09-19,11.239850997924805,11.239850997924805,10.999919654834745,11.05528788474036,5158700
2025-09-22,11.082972526550293,11.230622308342657,11.009147635654111,11.230622308342657,2995700
2025-09-23,11.230622291564941,11.230622291564941,11.055287515901858,11.10142829265857,1776900
2025-09-24,11.138340950012207,11.24907828829836,11.082972720900198,11.24907828829836,2281500
2025-09-25,10.944550514221191,11.14756941011832,10.898410616116422,11.11988529524303,3551900
2025-09-26,10.916866302490234,11.009147858005328,10.85226974166695,10.944550417119908,2602000
2025-09-29,11.11065673828125,11.119885069739917,10.889182063645986,10.963006955191075,4555800
2025-09-30,11.14756965637207,11.202938767407918,11.092201425398388,11.138341324522402,3966200
2025-10-01,11.16602611541748,11.313675902057357,11.092201222097543,11.23985100873742,6576500
2025-10-02,10.926095008850098,11.202938804829765,10.89841089327078,11.13834136172847,5504100
2025-10-03,10.935323715209961,10.944551167344283,10.778445588117943,10.916867050816926,2917400
2025-10-06,10.81535816192627,10.926095509378623,10.787673165016527,10.926095509378623,3332000
2025-10-07,10.640023231506348,10.78767302620965,10.538514217663376,10.78767302620965,10889400
2025-10-08,10.61233901977539,10.75998881315362,10.538514123086276,10.640023136018263,6619400
2025-10-09,10.686162948608398,10.750759507345254,10.612338058605676,10.630794721137411,2317100
2025-10-10,10.667708396911621,10.815358193951969,10.538514384470211,10.630795947651533,3225500
2025-10-13,10.787672996520996,10.852270441572559,10.686163982957387,10.686163982957387,2190700
2025-10-14,10.787672996520996,10.953779455136168,10.723076431531625,10.769217212264973,3894400
2025-10-15,10.81535816192627,10.889183060227838,10.686164149867421,10.787673165016527,7256600
2025-10-16,11.05528736114502,11.119884799725002,10.759987802135182,10.806128578245996,4108200
2025-10-17,11.276763916015625,11.332132148236113,10.944551002443964,10.999920114726637,2722400
2025-10-20,11.442869186401367,11.45209751821179,11.332131844862765,11.350588508483613,5694600
2025-10-21,11.516694068908691,11.525922400709618,11.378272612143428,11.387500943944355,2542900
2025-10-22,11.710485458374023,11.802767022736196,11.489010759979474,11.489010759979474,6225100
2025-10-23,11.802765846252441,11.83044996077669,11.627431947516024,11.83044996077669,2956100
2025-10-24,11.848907470703125,11.978100601091437,11.811995022011864,11.867363255017656,4434400
2025-10-27,11.913503646850586,12.024240989308135,11.839678751878887,11.867362867477732,4823400
2025-10-28,11.811994552612305,11.959644341509858,11.682800547295866,11.959644341509858,7548400
2025-10-29,11.959644317626953,11.99655676477763,11.775082081873576,11.839678644371718,5349500
2025-10-30,11.95041561126709,11.996556388774804,11.839678273285855,11.941187279753121,2504300
2025-10-31,12.098065376281738,12.125750370780258,11.931959809601276,11.99655636997356,5768700
2025-11-03,12.301084518432617,12.31954118180594,12.116522285010124,12.208802961690298,3538300
2025-11-04,12.337997436523438,12.430278996791623,12.254944208294507,12.282629204412272,3859200
2025-11-05,12.55947208404541,12.642525312002904,12.310313280235105,12.33799739620021,4456900
2025-11-06,12.337997436523438,12.550244673115392,12.23648842427818,12.531788009036882,5795900
2025-11-07,12.421050071716309,12.467190849647436,12.254943623189106,12.337996847452708,2844200
2025-11-10,12.642524719238281,12.65175305081469,12.421050041777269,12.421050041777269,4223400
2025-11-11,12.531787872314453,12.956281460804933,12.439506313053064,12.734806774652206,11195600
2025-11-12,12.52255916595459,12.596384059131488,12.393366042926093,12.52255916595459,7797600
2025-11-13,12.707122802734375,12.771719366911231,12.476419782031678,12.485647234012527,11551100
2025-11-14,12.707122802734375,12.790175150935113,12.504103898098592,12.790175150935113,8744600
2025-11-17,12.605611801147461,12.790174025456524,12.374908800745605,12.753261580594712,17295200
2025-11-18,12.568700790405273,12.70712313447798,12.439506778616522,12.605613239478888,8722400
2025-11-19,12.190347671508789,12.64252538170114,12.190347671508789,12.64252538170114,14875400
2025-11-21,12.015013694763184,12.22726005056964,11.858135570879202,12.190347602600598,7652400
2025-11-24,12.134978294372559,12.236488184692474,11.987328504884132,12.024240952256239,7241900
2025-11-25,12.337997436523438,12.337997436523438,12.042697851764736,12.144206864009995,5906100
2025-11-26,12.642524719238281,12.670208833905374,12.337996817713856,12.347225149290265,13186800
2025-11-27,12.614840507507324,12.707122062437094,12.577928061547842,12.642524621961403,4658500
2025-11-28,12.568700790405273,12.70712313447798,12.476420107752341,12.651754020836457,13899200
2025-12-01,12.550244331359863,12.651753340840932,12.365681215849328,12.550244331359863,12393300
2025-12-02,12.679437637329102,12.836315759717516,12.522559514940687,12.550244510700175,11796000
2025-12-03,12.716350555419922,12.790175453385553,12.522559978244585,12.679438106437106,5110100
2025-12-04,12.854772567749023,12.965509911842602,12.716350227585414,12.716350227585414,5550300
2025-12-05,12.25494384765625,12.937825437408195,12.162663170165882,12.854772211623354,7381500
2025-12-08,12.236488342285156,12.41182224954523,12.107294334787824,12.365681469720313,5967700
2025-12-09,12.264171600341797,12.319540708271358,11.885818816353153,12.134977601880895,6849300
2025-12-10,12.264171600341797,12.4395054953382,12.171890047146565,12.264171600341797,8136900
2025-12-11,12.328768730163574,12.411821955870879,12.171890610508033,12.264172167974406,5324000
2025-12-12,12.457962989807129,12.504103769485516,12.171890859850867,12.264172419207641,8074900
2025-12-15,12.651753425598145,12.688665872935106,12.476419520763121,12.550244415437042,12436900
2025-12-16,12.199576377868652,12.587157535657102,12.125751479248205,12.559472538627777,26561500
2025-12-17,11.959644317626953,12.171890668727798,11.719712971116483,12.171890668727798,17836500
2025-12-18,11.996557235717773,12.107294581516935,11.68280098258905,11.876591557753132,14329600
2025-12-19,11.876591682434082,12.125751373144531,11.802766784459623,11.996557361658127,26998900
2025-12-22,11.728940963745117,11.941187308708274,11.62743195703171,11.876590748078119,13945500
2025-12-23,11.931960105895996,12.06115322984869,11.75662532329998,11.765853655028645,13482700
2025-12-26,11.996557235717773,12.005785567883253,11.76585421195397,11.858135773484369,9095200
2025-12-29,11.876591682434082,12.033469810645355,11.82122344898434,11.987329029395768,43870900
2025-12-30,12.070382118225098,12.116522898934134,11.904275659697442,11.987328888961269,18404700
2026-01-02,11.957013130187988,12.321435977361245,11.91761609101519,12.222942909779498,18163600
2026-01-05,12.065354347229004,12.203244449345146,11.838821614430492,11.966861282960405,19884100
2026-01-06,12.252490043640137,12.311586070068232,12.065354348666867,12.065354348666867,13695300
2026-01-07,11.9373140335083,12.252490344053893,11.84867046134248,12.252490344053893,18721900
2026-01-08,12.193394660949707,12.282038228793438,11.868368871722327,11.927463957418512,13090600
2026-01-09,12.626762390136719,12.725255454551615,12.153997935263959,12.232792011076086,21896600
2026-01-12,12.685858726501465,12.794200348564546,12.528270571028074,12.626762698549195,16923400
2026-01-13,12.272189140319824,12.59721494028877,12.203244558295951,12.57751689083887,16862600
2026-01-14,12.26233959197998,12.43962673274627,12.124450428539069,12.32143561866857,27016300
2026-01-15,12.410079002380371,12.538118669563975,12.173695838481148,12.370681964947078,22657000
2026-01-16,12.12445068359375,12.508571577601924,12.016108122268781,12.449476488969665,42861600
2026-01-19,12.085053443908691,12.222942607958839,12.03580691133386,12.09490199898407,11423100
2026-01-20,12.272189140319824,12.301736684144414,11.937313845976186,12.094901998773315,18771400
2026-01-21,12.685858726501465,12.685858726501465,12.41007945442303,12.419928009665494,21096700
2026-01-22,13.089677810668945,13.207868920059026,12.646460915631286,12.685857952094645,20397600
2026-01-23,13.316211700439453,13.454100860747904,12.91239089572332,13.148774057808229,18818500
2026-01-26,13.385156631469727,13.434403163999166,13.099527869958356,13.365457642738157,17825500
2026-01-27,13.503347396850586,13.680634533653265,13.326060260047907,13.552593928106825,31378200
2026-01-28,13.286663055419922,13.611688842594802,12.991184810906546,13.542744263284812,35654700
2026-01-29,12.892692565917969,13.335909458809306,12.71540543304166,13.335909458809306,27454800
2026-01-30,12.98133659362793,13.099527706645397,12.843446492124484,12.843446492124484,19201400
2026-02-02,12.991185188293457,13.10937724097178,12.89269306346082,13.001034682566564,18400600
2026-02-03,13.335909843444824,13.414703918262562,13.040431593228577,13.040431593228577,23983200
2026-02-04,12.971487045288086,13.345759371265583,12.813898895255342,13.345759371265583,13696900
2026-02-05,13.138924598693848,13.21771867316552,12.981336449750506,13.020733486986341,15402000
2026-02-06,13.198019981384277,13.266965502570407,13.060130817610977,13.178321931973583,12070900
2026-02-09,13.51319694519043,13.542744488342965,13.247266238919226,13.247266238919226,26396300
2026-02-10,13.77912712097168,13.838223148329517,13.414704280280233,13.47380030763807,21666000
2026-02-11,13.946564674377441,14.084454777740874,13.779127027185947,13.887469586721316,21711700
2026-02-12,13.749579429626465,14.005660646600901,13.690483402901796,13.887469532451043,23311200
2026-02-13,13.759428977966309,13.78897652179487,13.385156645373081,13.601840825147999,18142800
2026-02-18,13.867770195007324,14.094303862571934,13.759428577919572,13.848072146127485,17775700
2026-02-19,14.0647554397583,14.153399008340934,13.749579141952902,13.897317796724318,27085200
2026-02-20,14.281439781188965,14.301138769681936,13.828373378144784,13.976112034644192,19174300
2026-02-23,14.182947158813477,14.30113921485148,14.035208497715221,14.261741236639146,15014100
2026-02-24,14.645862579345703,14.852697261526489,14.153399139800928,14.182946683169764,34355700
2026-02-25,14.645862579345703,14.773903186343281,14.527671466570894,14.773903186343281,13864600
2026-02-26,14.72465705871582,14.793602580868258,14.586767893009931,14.655712475862876,14844400
2026-02-27,14.439027786254883,14.813300110149962,14.399630748965897,14.7936020611552,123326700
2026-03-02,14.507972717285156,14.567068744296476,14.064755802248447,14.36023405870608,25231800
2026-03-03,14.163249015808105,14.251892587603555,13.769277689972716,13.985961872217205,22550500
2026-03-04,14.72465705871582,14.76405409738886,14.28144013881926,14.301139127805525,23212900
2026-03-05,14.37008285522461,14.714806688267828,14.242042252334464,14.714806688267828,16698500
2026-03-06,14.232192993164062,14.320836561188456,14.025358314206962,14.271590030141631,10467800
2026-03-09,14.31098747253418,14.330686461230743,13.907167597249448,14.23219339634689,26101600
2026-03-10,14.63601303100586,14.93149128150008,14.350384274697989,14.370083263070686,26877200
2026-03-11,14.468575477600098,14.704958643054765,14.389781402215032,14.4981239603441,25336400
2026-03-12,13.956414222717285,14.340536051165284,13.867770651590863,14.281440023981174,14285500
2026-03-13,13.877619743347168,14.261740621350453,13.808675163049031,14.084454423541036,15308100
2026-03-16,14.182947158813477,14.291289720298396,14.104153080987807,14.222344197726311,14371500
2026-03-17,14.182947158813477,14.45872737050282,14.094304525734223,14.133701564647058,50355600
2026-03-18,14.970888137817383,15.069381199890303,14.05490679345681,14.064755348224539,37966000
2026-03-19,15.23681926727295,15.32546283775377,14.675410300660914,14.675410300660914,29624700
2026-03-20,14.606465339660645,15.335310994670811,14.507972277394641,15.21711988353128,37272200
2026-03-23,15.1284761428833,15.286065228572243,14.803450356130105,14.872395874650092,17227100
2026-03-24,15.039834022521973,15.207270729236258,14.803450855661707,15.16787369130946,12262200
2026-03-25,15.1284761428833,15.335310819844377,15.039833515013793,15.217119710052254,27849500
2026-03-26,14.951189994812012,15.039833562259426,14.803450402633171,15.039833562259426,12400100
2026-03-27,14.754203796386719,15.059531533887261,14.645862180783013,14.892093893854616,13806200
2026-03-30,14.793601989746094,14.96103869294146,14.665561384350084,14.951190138141348,12903200
2026-03-31,15.19742202758789,15.246667620046606,14.84284775036855,14.892094282126733,23324600
2026-04-01,15.591392517089844,15.66033709847588,15.226969682293051,15.325462746529794,25239700
2026-04-02,15.680035591125488,15.788378146219216,15.197421658088075,15.197421658088075,13410200
2026-04-06,15.58154296875,15.896719270334994,15.57169441380007,15.71943307034317,11244100
2026-04-07,15.561844825744629,15.581542874825217,15.335311155871345,15.571694319934656,14750000
2026-04-08,15.985363006591797,16.162650147730908,15.798228249699589,16.162650147730908,22324500
2026-04-09,16.290691375732422,16.31038848545069,15.975513198454092,16.01491117508848,18126300
2026-04-10,16.40888214111328,16.556620801630586,16.231594997052916,16.33008806359745,18736400
2026-04-13,16.477827072143555,16.517225051033094,16.251294329325813,16.349787397950625,27622300
2026-04-14,16.67481231689453,16.733907403466812,16.418731103616064,16.44827958620167,16045200
2026-04-15,16.576318740844727,16.684661295042044,16.339936523267838,16.645263319479792,17391100
2026-04-16,16.546770095825195,16.655112648952965,16.41873043370962,16.655112648952965,32594100
2026-04-17,16.40888214111328,16.87179711169391,16.261143480595972,16.743757440205307,48828300
2026-04-20,16.645263671875,16.72405774606877,16.320237881000836,16.38918246109552,35395800
2026-04-22,16.458127975463867,16.655114111430002,16.34978729142161,16.645264616771794,34600300
2026-04-23,16.55661964416504,16.635413716172412,16.44827896927919,16.536922535112343,24383700
2026-04-24,16.339937210083008,16.57631943759573,16.300539232864747,16.566469943291164,21410300
2026-04-27,16.05430793762207,16.497525800109386,16.02476133252225,16.497525800109386,17752400
2026-04-28,15.886869430541992,15.886869430541992,15.630789160723733,15.886869430541992,34031600
2026-04-29,15.532297134399414,15.837623936983732,15.433804072037045,15.837623936983732,24501900
2026-04-30,15.899999618530273,15.989999771118164,15.529999732971191,15.529999732971191,43747800
2026-05-04,15.869999885559082,16.010000228881836,15.729999542236328,16.0,26087700
2026-05-05,15.899999618530273,16.0,15.6899995803833,15.699999809265137,40237700
2026-05-06,15.75,16.049999237060547,15.470000267028809,16.049999237060547,38530400
2026-05-07,15.289999961853027,15.789999961853027,15.25,15.720000267028809,24626400
2026-05-08,15.470000267028809,15.539999961853027,15.329999923706055,15.460000038146973,21096600
2026-05-11,15.069999694824219,15.390000343322754,14.960000038146973,15.289999961853027,20915000
2026-05-12,15.0,15.140000343322754,14.829999923706055,14.960000038146973,29321300
2026-05-13,14.5600004196167,15.0,14.460000038146973,15.0,18641200
2026-05-14,14.930000305175781,14.970000267028809,14.6899995803833,14.699999809265137,32868600
2026-05-15,14.850000381469727,14.899999618530273,14.59000015258789,14.600000381469727,24523600
2026-05-18,14.850000381469727,14.920000076293945,14.770000457763672,14.8100004196167,17221200
2026-05-19,14.699999809265137,14.739999771118164,14.489999771118164,14.65999984741211,31755900
2026-05-20,15.119999885559082,15.229999542236328,14.789999961853027,14.800000190734863,28699800
2026-05-21,14.899999618530273,15.119999885559082,14.649999618530273,15.119999885559082,24517000
2026-05-22,14.729999542236328,14.859999656677246,14.640000343322754,14.819999694824219,13486000
2026-05-25,14.869999885559082,14.970000267028809,14.710000038146973,14.880000114440918,15372300
2026-05-26,14.779999732971191,14.829999923706055,14.550000190734863,14.8100004196167,26397000
2026-05-27,14.640000343322754,15.050000190734863,14.609999656677246,14.989999771118164,20838000
2026-05-28,14.449999809265137,14.770000457763672,14.4399995803833,14.760000228881836,19403200
2026-05-29,14.5600004196167,14.5600004196167,14.140000343322754,14.489999771118164,49360000
2026-06-01,14.40999984741211,14.699999809265137,14.3100004196167,14.619999885559082,22999300
2026-06-02,14.649999618530273,14.710000038146973,14.420000076293945,14.510000228881836,14022000
2026-06-03,14.40999984741211,14.479999542236328,14.220000267028809,14.319999694824219,20531700
2026-06-05,14.4399995803833,14.489999771118164,14.300000190734863,14.350000381469727,29648600
2026-06-08,14.399999618530273,14.430000305175781,14.289999961853027,14.399999618530273,14688800
2026-06-09,14.579999923706055,14.680000305175781,14.479999542236328,14.59000015258789,14570600
2026-06-10,14.279999732971191,14.529999732971191,14.199999809265137,14.529999732971191,20901800
2026-06-11,14.5,14.640000343322754,14.229999542236328,14.229999542236328,16687100
2026-06-12,14.609999656677246,14.739999771118164,14.300000190734863,14.34000015258789,13651200
2026-06-15,14.75,15.0,14.670000076293945,14.899999618530273,18294900
2026-06-16,14.5,14.800000190734863,14.5,14.75,15483700
2026-06-17,14.300000190734863,14.760000228881836,14.270000457763672,14.670000076293945,21897500
2026-06-18,14.779999732971191,14.779999732971191,14.300000190734863,14.300000190734863,55235100
2026-06-19,14.5600004196167,14.850000381469727,14.539999961853027,14.680000305175781,26534500
2026-06-22,14.859999656677246,14.970000267028809,14.539999961853027,14.609999656677246,26578900
2026-06-23,14.989999771118164,15.069999694824219,14.710000038146973,14.760000228881836,18370100
2026-06-24,15.020000457763672,15.0600004196167,14.880000114440918,14.890000343322754,18396300
2026-06-25,15.069999694824219,15.279999732971191,15.0600004196167,15.140000343322754,12939800
2026-06-26,15.260000228881836,15.279999732971191,14.979999542236328,15.050000190734863,21774700
2026-06-29,15.210000038146973,15.350000381469727,15.109999656677246,15.289999961853027,9138100
2026-06-30,15.020000457763672,15.140000343322754,14.890000343322754,15.050000190734863,23205300
2026-07-01,15.0,15.020000457763672,14.699999809265137,14.859999656677246,17939700
2026-07-02,15.069999694824219,15.220000267028809,14.979999542236328,15.109999656677246,9879900
2026-07-03,15.0600004196167,15.210000038146973,15.050000190734863,15.180000305175781,12415000
2026-07-06,14.930000305175781,15.039999961853027,14.779999732971191,14.979999542236328,12113600
2026-07-07,14.90999984741211,15.119999885559082,14.84000015258789,14.979999542236328,11168600
2026-07-08,14.8100004196167,14.920000076293945,14.640000343322754,14.84000015258789,14478000
2026-07-09,15.050000190734863,15.0600004196167,14.779999732971191,14.8100004196167,12478500
2026-07-10,15.529999732971191,15.529999732971191,15.199999809265137,15.25,18247600
2026-07-13,15.170000076293945,15.510000228881836,15.079999923706055,15.430000305175781,10228900
2026-07-14,15.210000038146973,15.289999961853027,15.09000015258789,15.25,10744400
2026-07-15,15.020000457763672,15.25,14.989999771118164,15.210000038146973,15651800
2026-07-16,14.600000381469727,14.729999542236328,14.1899995803833,14.399999618530273,42664400
2026-07-17,14.800000190734863,14.899999618530273,14.569999694824219,14.59000015258789,18015900
2026-07-20,14.90999984741211,14.90999984741211,14.6899995803833,14.800000190734863,11084300
2026-07-21,14.510000228881836,14.960000038146973,14.510000228881836,14.850000381469727,9994100
2026-07-22,14.949999809265137,14.960000038146973,14.40999984741211,14.600000381469727,13605100
2026-07-23,14.880000114440918,14.979999542236328,14.710000038146973,14.800000190734863,14743200
2026-07-24,14.539999961853027,14.770000457763672,14.449999809265137,14.75,15706700
2026-07-27,14.779999732971191,14.779999732971191,14.529999732971191,14.670000076293945,12816400
2026-07-28,14.930000305175781,15.1899995803833,14.880000114440918,15.140000343322754,14491600
2026-07-29,14.529999732971191,14.90999984741211,14.529999732971191,14.890000343322754,16080500
2026-07-30,14.890000343322754,14.890000343322754,14.640000343322754,14.699999809265137,11175700
2026-07-31,14.829999923706055,14.970000267028809,14.779999732971191,14.970000267028809,7714400
2026-08-03,14.869999885559082,15.0,14.640000343322754,14.930000305175781,16125200
2026-08-04,14.930000305175781,15.119999885559082,14.84000015258789,15.020000457763672,12225800
2026-08-05,14.859999656677246,15.09000015258789,14.859999656677246,14.989999771118164,8178100
2026-08-06,14.899999618530273,14.979999542236328,14.729999542236328,14.869999885559082,11549700
2026-08-07,14.670000076293945,14.920000076293945,14.59000015258789,14.859999656677246,6403000
