Date,Close,High,Low,Open,Volume
2000-01-03,1.5882763862609863,1.5882763862609863,1.5017620268038494,1.522982722161581,1461600
2000-01-04,1.611129641532898,1.6209235927968715,1.5229826790997922,1.5882763413530427,1504800
2000-01-05,1.6976439952850342,1.741717523118894,1.5882763383041492,1.5882763383041492,1116000
2000-01-06,1.7743643522262573,1.795584952957489,1.7188645494616706,1.7188645494616706,2210400
2000-01-07,1.762938141822815,1.8070116700914443,1.762938141822815,1.7955850199107317,17690400
2000-01-10,1.78415846824646,1.8070117698697832,1.7629382391675317,1.7629382391675317,4406400
2000-01-11,1.709071159362793,1.7743649345318824,1.709071159362793,1.762938654642683,4881600
2000-01-12,1.6323500871658325,1.7090708767692038,1.6323500871658325,1.7090708767692038,12024000
2000-01-13,1.4805411100387573,1.6437763200202735,1.4805411100387573,1.6323496713160583,1188000
2000-01-14,1.4364678859710693,1.5229827118622699,1.4364678859710693,1.5229827118622699,8827200
2000-01-17,1.526247262954712,1.526247262954712,1.5017620107489396,1.5017620107489396,1411200
2000-01-18,1.5001294612884521,1.5262472248898573,1.475644209693346,1.5262472248898573,2016000
2000-01-19,1.4576886892318726,1.4821739433487182,1.4364679924447306,1.4821739433487182,2901600
2000-01-20,1.4152474403381348,1.4576884534317018,1.4152474403381348,1.4576884534317018,1627200
2000-01-21,1.3173062801361084,1.3711738426346598,1.30587972558984,1.3499531518509074,21060000
2000-01-24,1.349953532218933,1.3923945521295589,1.349953532218933,1.3711742289819095,2023200
2000-01-25,1.349953532218933,1.349953532218933,1.349953532218933,1.349953532218933,0
2000-01-26,1.338526725769043,1.349953281411969,1.3319976123301103,1.349953281411969,2232000
2000-01-27,1.3173062801361084,1.3499531518509074,1.2846590348060876,1.338526597304639,2793600
2000-01-28,1.305879831314087,1.338526705671982,1.305879831314087,1.3271005238158702,1814400
2000-01-31,1.2732332944869995,1.3058801774994977,1.2732332944869995,1.3058801774994977,6976800
2000-02-01,1.2291597127914429,1.2846593328600289,1.2291597127914429,1.2846593328600289,8028000
2000-02-02,1.1965125799179077,1.261806718661761,1.1965125799179077,1.2405860208257884,5925600
2000-02-03,1.2618064880371094,1.2797621580810263,1.2193654737375987,1.2193654737375987,22989600
2000-02-04,1.2928211688995361,1.2928211688995361,1.2520122947531518,1.2732329877684765,5947200
2000-02-07,1.2879244089126587,1.2879244089126587,1.2618067344084158,1.2846594777655138,7423200
2000-02-08,1.2911885976791382,1.330364955306927,1.2846590179335649,1.2879239479120579,7459200
2000-02-09,1.2601739168167114,1.3058798594764138,1.2585418719558221,1.3058798594764138,7848000
2000-02-10,1.2618064880371094,1.2797621580810263,1.2405857940797151,1.2732330442922661,8164800
2000-02-11,1.2275272607803345,1.2683361421006765,1.2275272607803345,1.261806653838663,1684800
2000-02-14,1.1867181062698364,1.2193653532566342,1.1867181062698364,1.199777173191414,331200
2000-02-15,1.1752920150756836,1.1752920150756836,1.1099978896997222,1.1752920150756836,1058400
2000-02-16,1.1981446743011475,1.2128358795611587,1.1965122558919388,1.1965122558919388,6580800
2000-02-17,1.2405859231948853,1.2520124806392718,1.2030419738390707,1.2030419738390707,3578400
2000-02-18,1.2193652391433716,1.261806245277638,1.2079386850865748,1.261806245277638,1699200
2000-02-21,1.2356886863708496,1.240585755067974,1.1965123236014872,1.1965123236014872,2289600
2000-02-22,1.2389538288116455,1.2993505215920786,1.2193656440746543,1.2520125252324739,9028800
2000-02-23,1.1965125799179077,1.2830274164977333,1.1965125799179077,1.2830274164977333,856800
2000-02-24,1.2030420303344727,1.2748652817809831,1.1965125419442442,1.2520125394343513,3499200
2000-02-25,1.1752920150756836,1.2193654469602582,1.173659503154795,1.2079388909560294,3484800
2000-02-28,1.1965125799179077,1.219365696605162,1.1752922556972814,1.1752922556972814,2793600
2000-02-29,1.1965125799179077,1.2144686268589895,1.1965125799179077,1.1965125799179077,1461600
2000-03-01,1.2226301431655884,1.2291597245744432,1.196512471356966,1.196512471356966,38116800
2000-03-02,1.2258946895599365,1.2618065930597042,1.2258946895599365,1.2405858973360704,6912000
2000-03-03,1.305879831314087,1.305879831314087,1.2405857089830443,1.2405857089830443,6408000
2000-03-06,1.305879831314087,1.305879831314087,1.305879831314087,1.305879831314087,0
2000-03-07,1.305879831314087,1.305879831314087,1.305879831314087,1.305879831314087,0
2000-03-08,1.2291597127914429,1.2405858963734793,1.2226301314451822,1.2405858963734793,18302400
2000-03-09,1.209571361541748,1.240585724441339,1.2079388496766479,1.240585724441339,1454400
2000-03-10,1.1948803663253784,1.229159758994464,1.1948803663253784,1.229159758994464,792000
2000-03-13,1.1965125799179077,1.1965125799179077,1.1426449995176817,1.1932480224268536,1396800
2000-03-14,1.1965125799179077,1.1965125799179077,1.1752922556972814,1.1752922556972814,2584800
2000-03-15,1.1801893711090088,1.2063066726825387,1.1752923011733518,1.2063066726825387,6501600
2000-03-16,1.1965125799179077,1.207939138261535,1.1899833715319628,1.1932480224268536,7056000
2000-03-17,1.1965125799179077,1.207939138261535,1.1883509526806808,1.2030420685153622,5076000
2000-03-20,1.1867181062698364,1.1965122430043516,1.1867181062698364,1.1965122430043516,252000
2000-03-21,1.1752920150756836,1.1948801966461815,1.1703949463321046,1.1932477781291102,6955200
2000-03-22,1.2063065767288208,1.2193656467941036,1.175292207686622,1.194880392467299,8762400
2000-03-23,1.1899832487106323,1.219365570751204,1.1899832487106323,1.2128360828276754,6501600
2000-03-24,1.2405859231948853,1.2405859231948853,1.19651248575547,1.19651248575547,5364000
2000-03-27,1.3173062801361084,1.3499531518509074,1.2520121630912888,1.2520121630912888,3938400
2000-03-28,1.3646442890167236,1.3711737751227604,1.3058796612927992,1.3058796612927992,8251200
2000-03-29,1.3238351345062256,1.3760706421136768,1.3058794706529995,1.3760706421136768,2851200
2000-03-30,1.3173062801361084,1.3401591090172287,1.2618062993287729,1.2944531710435716,23760000
2000-03-31,1.34015953540802,1.34015953540802,1.327100838609574,1.327100838609574,16264800
2000-04-03,1.338526725769043,1.338526725769043,1.3271005437413748,1.3287325885915717,3945600
2000-04-04,1.338526725769043,1.3532178381314353,1.3058798509209772,1.338526725769043,3859200
2000-04-05,1.305879831314087,1.338526705671982,1.2846591388123036,1.2846591388123036,2368800
2000-04-06,1.305879831314087,1.3499532611433462,1.2618064014848276,1.3499532611433462,1137600
2000-04-07,1.3483210802078247,1.3499535924532393,1.3058801518073362,1.3058801518073362,684000
2000-04-10,1.3271009922027588,1.3271009922027588,1.305880292211344,1.3271009922027588,993600
2000-04-11,1.3271009922027588,1.3271009922027588,1.305880292211344,1.305880292211344,3852000
2000-04-12,1.3271009922027588,1.3271009922027588,1.305880292211344,1.305880292211344,3427200
2000-04-13,1.2846591472625732,1.3173063954504687,1.2846591472625732,1.3058798399039426,2332800
2000-04-14,1.1867181062698364,1.2618063633627061,1.1867181062698364,1.2405856715020498,5544000
2000-04-17,1.1230566501617432,1.175292084304716,1.077351077279323,1.175292084304716,23263200
2000-04-18,1.056130290031433,1.1312185507405415,1.0447037343549908,1.1312185507405415,10051200
2000-04-19,1.0659244060516357,1.0789830063235133,1.0561302690401018,1.0659244060516357,10684800
2000-04-20,1.0822480916976929,1.0985713429680077,1.0659244668121053,1.0887772053981823,4694400
2000-04-21,1.0822480916976929,1.0822480916976929,1.0822480916976929,1.0822480916976929,0
2000-04-24,1.0724539756774902,1.0822481134441164,1.0659244882305259,1.0822481134441164,1339200
2000-04-25,1.0691890716552734,1.0887772542703649,1.0691890716552734,1.0887772542703649,1562400
2000-04-26,1.057762861251831,1.072453974481568,1.057762861251831,1.0691890439540863,19317600
2000-04-27,1.0234835147857666,1.0659245310699963,1.0202185841234268,1.0659245310699963,19526400
2000-04-28,1.109998106956482,1.109998106956482,1.0447039688006856,1.0447039688006856,6091200
2000-05-01,1.109998106956482,1.109998106956482,1.109998106956482,1.109998106956482,0
2000-05-02,1.1051005125045776,1.109997579881305,1.0887768923129584,1.0887768923129584,3924000
2000-05-03,1.0773508548736572,1.105100657916389,1.0773508548736572,1.105100657916389,5608800
2000-05-04,1.056130290031433,1.0773509829140748,1.0447037343549908,1.0659244272376325,5328000
2000-05-05,1.0773508548736572,1.1002035898952933,1.0447036101946154,1.0447036101946154,11880000
2000-05-08,1.0773508548736572,1.088777035576868,1.0773508548736572,1.0773508548736572,1699200
2000-05-09,1.0659244060516357,1.0691889627157922,1.0659244060516357,1.0659244060516357,1677600
2000-05-10,1.0642918348312378,1.0691889030637884,1.0447036553048432,1.0659243465817674,1605600
2000-05-11,1.0185863971710205,1.0659244802797643,1.0120569097727599,1.0626599233882728,3045600
2000-05-12,0.9386010766029358,1.0006302675163634,0.9255423831403612,1.0006302675163634,2304000
2000-05-15,0.9353367686271667,0.9402338383547737,0.9141160708716455,0.9402338383547737,2685600
2000-05-16,0.9532924890518188,0.9794102578272017,0.9255426749659375,0.9255426749659375,6624000
2000-05-17,0.9859393239021301,1.0006305330786456,0.9467629529057615,0.9467629529057615,4204800
2000-05-18,0.9908363223075867,1.0006304610536183,0.9679835809770581,0.9973659038113234,727200
2000-05-19,1.0659244060516357,1.0855125866708908,0.9679834095515478,0.9745128964951123,10281600
2000-05-22,1.1214245557785034,1.1752921304376616,1.0234835449086983,1.0234835449086983,8208000
2000-05-23,1.0887773036956787,1.1540714355176713,1.069189120191377,1.1312186948683927,3837600
2000-05-24,1.1312183141708374,1.1312183141708374,1.0887769372812448,1.109997625726041,3650400
2000-05-25,1.1312183141708374,1.154071047129311,1.1312183141708374,1.1312183141708374,21124800
2000-05-26,1.1573362350463867,1.1965127036636398,1.1312189317823207,1.1312189317823207,4255200
2000-05-29,1.2193652391433716,1.2193652391433716,1.1540711248955113,1.1540711248955113,1648800
2000-05-30,1.3173062801361084,1.3499531518509074,1.2405856085450204,1.2405856085450204,6624000
2000-05-31,1.305879831314087,1.3319975923310796,1.2944532758427227,1.305879831314087,8287200
2000-06-01,1.2813950777053833,1.3271010370556096,1.2732334493633148,1.3058803363469855,14450400
2000-06-02,1.2405859231948853,1.305880056800259,1.2193656006442433,1.305880056800259,6508800
2000-06-05,1.1965125799179077,1.2405860208257884,1.1965125799179077,1.2405860208257884,1490400
2000-06-06,1.1965125799179077,1.1965125799179077,1.1965125799179077,1.1965125799179077,0
2000-06-07,1.1867181062698364,1.2405856715020498,1.1540712328982796,1.1540712328982796,8805600
2000-06-08,1.1965125799179077,1.2405860208257884,1.1867184404255624,1.219365696605162,8157600
2000-06-09,1.2291597127914429,1.2405858963734793,1.2079390170842745,1.2193655742816196,8964000
2000-06-12,1.2258946895599365,1.2618065930597042,1.2144685059690346,1.2405858973360704,2455200
2000-06-13,1.2193652391433716,1.2356884874939322,1.2079386850865748,1.2275268633186518,4284000
2000-06-14,1.1932477951049805,1.2291596019341893,1.1752920317961042,1.2193654643076943,12981600
2000-06-15,1.1312183141708374,1.1948799124862501,1.1312183141708374,1.1801888031530918,6199200
2000-06-16,1.0642918348312378,1.1312184651440318,1.0561302101166663,1.1312184651440318,8755200
2000-06-19,1.109998106956482,1.1295862923609195,1.0659246664455386,1.0659246664455386,13406400
2000-06-20,1.1361157894134521,1.1410127653457853,1.1181596505719247,1.1181596505719247,5292000
2000-06-21,1.1818212270736694,1.1948802960855787,1.1540714176275295,1.1540714176275295,8539200
2000-06-22,1.1818212270736694,1.1818212270736694,1.1818212270736694,1.1818212270736694,0
2000-06-23,1.1867181062698364,1.1965122430043516,1.163865369632795,1.1752919247589362,6062400
2000-06-26,1.1769239902496338,1.1818210587030815,1.1540712532103752,1.1818210587030815,4442400
2000-06-27,1.163865566253662,1.1850862616992959,1.155703939935776,1.1850862616992959,7027200
2000-06-28,1.1752920150756836,1.1801890838192624,1.1638654590714546,1.1752920150756836,5659200
2000-06-29,1.1687625646591187,1.1752920521256043,1.1573359148908584,1.1638654957611645,2822400
2000-06-30,1.230791687965393,1.2405858259189944,1.17692411602823,1.17692411602823,11354400
2000-07-03,1.2944536209106445,1.327100877586708,1.2405860396912594,1.2405860396912594,11520000
2000-07-04,1.3711739778518677,1.3826001599096978,1.3254680353709563,1.3254680353709563,11030400
2000-07-05,1.351586103439331,1.436468053565056,1.3254683360367678,1.4038211712252777,13298400
2000-07-06,1.3597476482391357,1.3711742058119092,1.3499535094075186,1.3711742058119092,3564000
2000-07-07,1.379335641860962,1.392394336158563,1.3711740163023474,1.3711740163023474,13687200
2000-07-10,1.3662768602371216,1.3907621089632485,1.3662768602371216,1.3907621089632485,6703200
2000-07-11,1.2944536209106445,1.3662772493441673,1.2846594812693608,1.3662772493441673,5040000
2000-07-12,1.304247498512268,1.314041636887195,1.2536449483955494,1.3058800105811323,25847998
2000-07-13,1.2454826831817627,1.3042472207027838,1.2193652977578098,1.3042472207027838,5400000
2000-07-14,1.2846591472625732,1.3058798399039426,1.1965122870242393,1.2291595352121347,12470400
2000-07-17,1.3271009922027588,1.3597478780830425,1.2846595922199289,1.3271009922027588,5666400
2000-07-18,1.3271009922027588,1.3662773673437145,1.3173068517155968,1.3434242483352086,4744800
2000-07-19,1.3222037553787231,1.327100825005337,1.2928214310228736,1.3173066857521092,4377600
2000-07-20,1.3271009922027588,1.3368950392860748,1.3042477797904068,1.3271009922027588,24616799
2000-07-21,1.3124094009399414,1.3271006074109806,1.3058799135724892,1.3173064697636212,19389600
2000-07-24,1.3009827136993408,1.3271004737306404,1.3009827136993408,1.3271004737306404,7164000
2000-07-25,1.3009827136993408,1.312409268739463,1.2846590903288264,1.3058797820297334,7999200
2000-07-26,1.304247498512268,1.3238356818582964,1.2944534535411667,1.3238356818582964,5745600
2000-07-27,1.320570945739746,1.349953263478005,1.3042473217249417,1.349953263478005,4874400
2000-07-28,1.3173062801361084,1.3271004163735924,1.2846590348060876,1.3271004163735924,3916800
2000-07-31,1.2405859231948853,1.3499534942396743,1.2405859231948853,1.3483209821130302,9259200
2000-08-01,1.2405859231948853,1.2944534993558723,1.2291597393658154,1.2944534993558723,3564000
2000-08-02,1.1965125799179077,1.2928214625862422,1.1965125799179077,1.2928214625862422,3132000
2000-08-03,1.2797619104385376,1.2797619104385376,1.1965121296941859,1.1965121296941859,1972800
2000-08-04,1.3271009922027588,1.3450566673522997,1.2846595922199289,1.2846595922199289,5306400
2000-08-07,1.3271009922027588,1.3319980624463397,1.3205714095382408,1.3271009922027588,4269600
2000-08-08,1.3173062801361084,1.3499531518509074,1.3173062801361084,1.3271004163735924,2700000
2000-08-09,1.3826004266738892,1.3826004266738892,1.3271008033004177,1.3271008033004177,11491200
2000-08-10,1.421776533126831,1.4283061136535615,1.3923943080927912,1.3923943080927912,11419200
2000-08-11,1.4283061027526855,1.4364677280845009,1.403820853141981,1.403820853141981,9669600
2000-08-14,1.4805411100387573,1.4805411100387573,1.447894236169315,1.457688373053197,6998400
2000-08-15,1.4576886892318726,1.4740123165148789,1.4364679924447306,1.4740123165148789,5925600
2000-08-16,1.3989238739013672,1.457688514082429,1.3711740657891127,1.457688514082429,12146400
2000-08-17,1.4152474403381348,1.4364677600772846,1.4038208844076587,1.4038208844076587,5724000
2000-08-18,1.3711739778518677,1.4038208527861116,1.3597474221787786,1.4038208527861116,7747200
2000-08-21,1.3711739778518677,1.3711739778518677,1.3499532849754539,1.3711739778518677,5760000
2000-08-22,1.397291660308838,1.4021887302703118,1.3923946837512047,1.4021887302703118,2887200
2000-08-23,1.4364678859710693,1.4478944429029825,1.4152475643721447,1.4152475643721447,8582400
2000-08-24,1.4299381971359253,1.457687995373594,1.4250411299627899,1.4495263724246803,1288800
2000-08-25,1.4364678859710693,1.4544240240975652,1.4364678859710693,1.441364955112225,12355200
2000-08-28,1.4364678859710693,1.4446298858152538,1.4315708168299137,1.4364678859710693,1785600
2000-08-29,1.4429974555969238,1.4478945250158015,1.425041783471253,1.4299388528901307,2959200
2000-08-30,1.4429974555969238,1.4576886638535569,1.431570898016989,1.4576886638535569,8150400
2000-08-31,1.4381002187728882,1.4478942624305986,1.4364677069229452,1.4413647754537071,7992000
2000-09-01,1.4364678859710693,1.441364955112225,1.4348357475329425,1.4381003980244962,6530400
2000-09-04,1.4381002187728882,1.4478942624305986,1.403820832461368,1.4478942624305986,6847200
2000-09-05,1.43483567237854,1.4478943670645865,1.42504162801305,1.4364678107311781,25452000
2000-09-06,1.43483567237854,1.4544239479171601,1.43483567237854,1.4364678107311781,8409600
2000-09-07,1.43483567237854,1.43483567237854,1.43483567237854,1.43483567237854,0
2000-09-08,1.3923941850662231,1.43483547399996,1.3826000486510381,1.43483547399996,7344000
2000-09-11,1.4446299076080322,1.4576886031750675,1.3826003330830459,1.4152475857216797,12866400
2000-09-12,1.4381002187728882,1.4609529561729415,1.4315706383921833,1.4609529561729415,10843200
2000-09-13,1.3826004266738892,1.4805414439889926,1.3826004266738892,1.4478945627557351,22348800
2000-09-14,1.349953532218933,1.4364679908089253,1.3058800935395667,1.4364679908089253,28094400
2000-09-15,1.3695414066314697,1.3858650301988638,1.338526671299518,1.349953226477456,3456000
2000-09-18,1.3140414953231812,1.3662769254966525,1.3058798698963847,1.3662769254966525,4485600
2000-09-19,1.2944536209106445,1.3483211087261917,1.2911890633699465,1.3483211087261917,3650400
2000-09-20,1.2732332944869995,1.3058801774994977,1.2520125963596649,1.284659479372163,2808000
2000-09-21,1.2667033672332764,1.3058797253689756,1.2618062991153625,1.3058797253689756,1519200
2000-09-22,1.3075125217437744,1.3173065667080874,1.2454829476109528,1.2520124354589293,15480000
2000-09-25,1.2944536209106445,1.3662772493441673,1.2862919935493047,1.3662772493441673,1584000
2000-09-26,1.2846591472625732,1.310776908451364,1.2846591472625732,1.310776908451364,10656000
2000-09-27,1.2585421800613403,1.292821481991406,1.2487480404219857,1.2846594810163217,4730400
2000-09-28,1.269968032836914,1.28792407535162,1.2520122705336487,1.2618064076116238,2700000
2000-09-29,1.2650713920593262,1.2944537198245498,1.2650713920593262,1.273233393659706,8424000
2000-10-02,1.2585421800613403,1.2732332961165345,1.2405860394469015,1.2732332961165345,7034400
2000-10-03,1.2520126104354858,1.2944536335519494,1.2520126104354858,1.2846594938150184,16718400
2000-10-04,1.2552767992019653,1.273232934719701,1.2471151741588442,1.273232934719701,7365600
2000-10-05,1.2552767992019653,1.2552767992019653,1.2552767992019653,1.2552767992019653,0
2000-10-06,1.2552767992019653,1.265070936061334,1.2487476859750912,1.265070936061334,3924000
2000-10-09,1.2650713920593262,1.271600881255016,1.2405861344889473,1.271600881255016,4809600
2000-10-10,1.2601739168167114,1.2650709854375302,1.252012291455039,1.252012291455039,2901600
2000-10-11,1.2405859231948853,1.2618066193608437,1.238953784683558,1.2520124806392718,8287200
2000-10-12,1.2405859231948853,1.2405859231948853,1.2405859231948853,1.2405859231948853,0
2000-10-13,1.2405859231948853,1.255277037873414,1.1997774166049286,1.238953784683558,3873600
2000-10-16,1.2520126104354858,1.2618067501724166,1.203042098558509,1.203042098558509,2952000
2000-10-17,1.2291597127914429,1.2944534713698521,1.1867183213771064,1.2944534713698521,2246400
2000-10-18,1.163865566253662,1.2291596976426624,1.1589684970591045,1.2291596976426624,6832800
2000-10-19,1.1671297550201416,1.219365174410721,1.163865198927137,1.219365174410721,11174400
2000-10-20,1.1622328758239746,1.1671299442670189,1.1246889335041335,1.1671299442670189,15926400
2000-10-23,1.109998106956482,1.186718429737652,1.109998106956482,1.185086384516415,3290400
2000-10-24,1.109998106956482,1.109998106956482,1.109998106956482,1.109998106956482,0
2000-10-25,1.0985713005065918,1.154071286718687,1.0887771633153245,1.154071286718687,7905600
2000-10-26,1.1312183141708374,1.1312183141708374,1.0953065163928828,1.1312183141708374,14911200
2000-10-27,1.1475419998168945,1.1752921845709356,1.1312187463302916,1.1312187463302916,15631199
2000-10-30,1.15407133102417,1.1752920246891339,1.142644774926476,1.1752920246891339,12391200
2000-10-31,1.15407133102417,1.1752920246891339,1.1475418437101113,1.1687625373750752,24508800
2000-11-01,1.1801893711090088,1.196512626215065,1.163865742387592,1.196512626215065,9554400
2000-11-02,1.1801893711090088,1.1801893711090088,1.1801893711090088,1.1801893711090088,0
2000-11-03,1.2079390287399292,1.2193655860475316,1.1801892184378726,1.2193655860475316,9684000
2000-11-06,1.2161004543304443,1.220997522823585,1.1965122737616936,1.1965122737616936,7020000
2000-11-07,1.2405859231948853,1.2405859231948853,1.19651248575547,1.19651248575547,9928800
2000-11-08,1.2356886863708496,1.240585755067974,1.2291595727874054,1.240585755067974,33213600
2000-11-09,1.2291597127914429,1.2405858963734793,1.17529213779507,1.2405858963734793,10598400
2000-11-10,1.234056830406189,1.261806641527933,1.186718367881856,1.2405859449891747,10324800
2000-11-13,1.2601739168167114,1.273232984414463,1.1965123049575144,1.2356886671164333,5558400
2000-11-14,1.2601739168167114,1.2601739168167114,1.2601739168167114,1.2601739168167114,0
2000-11-15,1.2601739168167114,1.2601739168167114,1.2601739168167114,1.2601739168167114,0
2000-11-16,1.237320899963379,1.2422179674798408,1.2226296974139927,1.24058545596803,9324000
2000-11-17,1.2585421800613403,1.2618067376013953,1.1965125978774815,1.2618067376013953,5918400
2000-11-20,1.2683358192443848,1.2813945122328119,1.2291594600676794,1.2618063326444593,11894400
2000-11-21,1.2618064880371094,1.2862917388888837,1.2618064880371094,1.2797621580810263,9187200
2000-11-22,1.2389538288116455,1.2683361526190486,1.2193656440746543,1.2618066643028858,13478400
2000-11-23,1.2520126104354858,1.2520126104354858,1.219365727055953,1.229159866792884,2412000
2000-11-24,1.2405859231948853,1.2846593606343004,1.2340568087266013,1.2601741072341999,2613600
2000-11-27,1.1948803663253784,1.2405859430060004,1.175292181973257,1.2405859430060004,4528800
2000-11-28,1.1818212270736694,1.1965124345270262,1.1687626250808862,1.1948802960855787,4384800
2000-11-29,1.170395016670227,1.240585841392809,1.1099979564081164,1.2193655202413982,8157600
2000-11-30,1.1214245557785034,1.1540714348633363,1.0904098151594936,1.1540714348633363,4053600
2000-12-01,1.1116305589675903,1.1312187433107195,1.0985714891940122,1.1099980468156259,1533600
2000-12-04,1.1312183141708374,1.16386518228728,1.1083651141933877,1.1442770053751372,2275200
2000-12-05,1.1687625646591187,1.1752920521256043,1.1344831757772604,1.1540713579652564,4420800
2000-12-06,1.1426451206207275,1.1867185661997248,1.1426451206207275,1.1801894505256292,7912800
2000-12-07,1.1524388790130615,1.175292085800561,1.1312186512638045,1.1638655291087228,7264800
2000-12-08,1.1752920150756836,1.1867181974646428,1.1638654590714546,1.173659503154795,7070400
2000-12-11,1.2471153736114502,1.2471153736114502,1.1867183111910546,1.2079390067160776,18612000
2000-12-12,1.2471153736114502,1.2471153736114502,1.2471153736114502,1.2471153736114502,0
2000-12-13,1.3173062801361084,1.3303649727797446,1.30587972558984,1.30587972558984,13507200
2000-12-14,1.3173062801361084,1.3532177082570596,1.30751223730243,1.3205708365422606,8632800
2000-12-15,1.2683358192443848,1.3271004514132507,1.2405856413004133,1.307512271824898,11606400
2000-12-18,1.2813950777053833,1.294453776456542,1.2520127486546908,1.2520127486546908,8510400
2000-12-19,1.2846591472625732,1.2944532843574164,1.2732329653313017,1.2846591472625732,7286400
2000-12-20,1.2797619104385376,1.2928209761234166,1.255276664324822,1.2618062438691622,9453600
2000-12-21,1.2634388208389282,1.3368945684087221,1.2422182217256208,1.2797620712220474,15789600
2000-12-22,1.2667033672332764,1.3042472136566619,1.2536446745918488,1.2683357855417845,7884000
2000-12-25,1.2667033672332764,1.2667033672332764,1.2667033672332764,1.2667033672332764,0
2000-12-26,1.338526725769043,1.3401592376383122,1.3009827823322417,1.3009827823322417,6804000
2000-12-27,1.356482744216919,1.3809679916330815,1.3385266096733937,1.3385266096733937,75888000
2000-12-28,1.351586103439331,1.397291589268883,1.3336299632178765,1.3760713585980007,13701599
2000-12-29,1.351586103439331,1.351586103439331,1.351586103439331,1.351586103439331,0
2001-01-01,1.351586103439331,1.351586103439331,1.351586103439331,1.351586103439331,0
2001-01-02,1.338526725769043,1.3711739742323663,1.2993502704629722,1.2993502704629722,2426400
2001-01-03,1.3826004266738892,1.4038211236447051,1.3058801063296017,1.3711742424114477,41140800
2001-01-04,1.3826004266738892,1.425041820615521,1.3760713119579695,1.3760713119579695,13075200
2001-01-05,1.3826004266738892,1.3923945657669328,1.3597476845336751,1.3760713119579695,12247200
2001-01-08,1.4087178707122803,1.4087178707122803,1.3662768601014326,1.3907621088251279,3153600
2001-01-09,1.4087178707122803,1.4103502891233217,1.392394247024735,1.392394247024735,8935200
2001-01-10,1.4021884202957153,1.410350419702802,1.3891298190288246,1.3923943759417272,11224800
2001-01-11,1.3989238739013672,1.4103504303072734,1.3923943864111863,1.4021884308388162,9093600
2001-01-12,1.3956594467163086,1.4087181426992559,1.3711741932651453,1.3989240039572588,4759200
2001-01-15,1.4152474403381348,1.4152474403381348,1.3907621901820983,1.398923815695688,3744000
2001-01-16,1.4087178707122803,1.411982427322929,1.3989237338612777,1.403820802286779,7034400
2001-01-17,1.4283061027526855,1.4283061027526855,1.4152474088179665,1.4152474088179665,13284000
2001-01-18,1.4609531164169312,1.4691151161390108,1.4250416813356053,1.4250416813356053,10742400
2001-01-19,1.4805411100387573,1.4821736218590904,1.462585441495138,1.4691149283536005,5299200
2001-01-22,1.4838062524795532,1.4870709029718612,1.470747183491197,1.4805413217757704,2908800
2001-01-23,1.5180854797363281,1.5197175245954102,1.4870707429734231,1.4870707429734231,6321600
2001-01-24,1.5278797149658203,1.5278797149658203,1.5164530651239616,1.5180855771068285,13939200
2001-01-25,1.5278797149658203,1.5278797149658203,1.5278797149658203,1.5278797149658203,0
2001-01-26,1.573584794998169,1.5850114419463828,1.5164526811026682,1.527879328050882,17611200
2001-01-29,1.5752177238464355,1.5850118618196838,1.5605266102903854,1.5833793498177724,11361600
2001-01-30,1.5882763862609863,1.5882763862609863,1.567056157922383,1.567056157922383,6573600
2001-01-31,1.611129641532898,1.611129641532898,1.5784823900890692,1.611129641532898,4024800
2001-02-01,1.5360413789749146,1.5931735087566892,1.514820684151071,1.5784823950073086,7545600
2001-02-02,1.5131886005401611,1.5458354796526623,1.4903354862691647,1.5360414345996773,9072000
2001-02-05,1.4772768020629883,1.5131886122137326,1.4642181063595416,1.5131886122137326,3376800
2001-02-06,1.4968647956848145,1.4968647956848145,1.4674824772218573,1.4821736831552437,7567200
2001-02-07,1.474012017250061,1.4805411305838796,1.4478942562614043,1.474012017250061,5284800
2001-02-08,1.5213501453399658,1.5229826573349439,1.475644199460197,1.475644199460197,2649600
2001-02-09,1.4805411100387573,1.5327765378873985,1.4805411100387573,1.519717470766662,2397600
2001-02-12,1.4936002492904663,1.5017618747481676,1.4805411815390634,1.4805411815390634,3988800
2001-02-13,1.464218020439148,1.5229826613773956,1.4609530898443472,1.5229826613773956,4190400
2001-02-14,1.474012017250061,1.5229825155413999,1.4625854617910938,1.4887031293759374,5868000
2001-02-15,1.469114899635315,1.4821735928855333,1.457688344558278,1.4658499694622833,8676000
2001-02-16,1.4413647651672363,1.4478942520975293,1.4185119345264616,1.442997183601716,3722400
2001-02-19,1.467482566833496,1.467482566833496,1.449526896450849,1.449526896450849,2311200
2001-02-20,1.5050266981124878,1.5164532559887018,1.4805414437870517,1.4903355828787592,7617600
2001-02-21,1.5229823589324951,1.5588937862290928,1.4968646006295385,1.5131882229198372,9957600
2001-02-22,1.5393059253692627,1.5393059253692627,1.5017619786472853,1.5344088563520228,12009600
2001-02-23,1.573584794998169,1.599702551610723,1.5229822603615029,1.599702551610723,32853600
2001-02-26,1.573584794998169,1.573584794998169,1.573584794998169,1.573584794998169,0
2001-02-27,1.573584794998169,1.573584794998169,1.573584794998169,1.573584794998169,0
2001-02-28,1.5131886005401611,1.573585289536758,1.4936004170303643,1.5719531510695515,30513600
2001-03-01,1.5588942766189575,1.5752179040442686,1.522982838025503,1.522982838025503,12146400
2001-03-02,1.568688154220581,1.5719529912460115,1.5523649031316007,1.5588940167595586,1368000
2001-03-05,1.6013352870941162,1.614393887014979,1.560526415110937,1.5686880400614762,3175200
2001-03-06,1.545835256576538,1.6307175596774637,1.545835256576538,1.6013353353547666,7358400
2001-03-07,1.5556291341781616,1.5605262018831683,1.5458349987681486,1.5458349987681486,8827200
2001-03-08,1.545835256576538,1.5621588805848152,1.5278795877403977,1.545835256576538,16387200
2001-03-09,1.5229823589324951,1.5458350938852212,1.50992329297341,1.5458350938852212,5061600
2001-03-12,1.044703483581543,1.0855123476768984,1.044703483581543,1.044703483581543,11527200
2001-03-13,1.0593948364257812,1.0659244168392408,1.044703724163613,1.0593948364257812,22593600
2001-03-14,1.0593948364257812,1.0659244168392408,1.044703724163613,1.0593948364257812,22593600
2001-03-15,1.0398067235946655,1.0447037924701812,1.0267480289329902,1.0398067235946655,7905600
2001-03-16,1.0267479419708252,1.0430715657758671,1.0234833853366785,1.0430715657758671,5385600
2001-03-19,1.0055274963378906,1.0300127512435016,0.9794101962244333,1.0300127512435016,7696800
2001-03-20,1.000630259513855,1.0234833698567918,0.9924686345424003,0.9941010529405019,11037600
2001-03-21,1.0202186107635498,1.0447038633997199,0.9745130362388038,1.0447038633997199,5220000
2001-03-22,0.9467628002166748,1.0006303717020708,0.9402336863151041,0.9581893566692605,19663200
2001-03-23,0.9647189974784851,0.96798355463193,0.9141159798025023,0.964718997478485,4831200
2001-03-26,0.9941011667251587,1.0006303740458438,0.9794100532873766,0.9941011667251587,3585600
2001-03-27,0.9989982843399048,0.9989982843399048,0.9875717273038945,0.9989982843399048,6552000
2001-03-28,1.000630259513855,1.0169538830720068,0.9794099411842622,1.000630259513855,4334400
2001-03-29,1.0234835147857666,1.026748071832811,0.9892042180325311,1.0234835147857666,10346400
2001-03-30,1.0202186107635498,1.026748098643433,1.0120569844232614,1.0202186107635498,15328800
2001-04-02,0.9908363223075867,1.020218645141852,0.9908363223075867,0.9908363223075867,3304800
2001-04-03,0.9843071699142456,0.9908362841473786,0.9794101007298313,0.9908362841473786,6429600
2001-04-04,0.9728805422782898,0.9924687241905834,0.9581893357912052,0.9728805422782898,13766400
2001-04-05,0.974513053894043,1.0006304454637864,0.9679835658958651,0.9745130538940429,7624800
2001-04-06,1.0120569467544556,1.0169540157801857,0.9745129999673853,1.0120569467544556,6732000
2001-04-09,1.0659244060516357,1.0659244060516357,1.0185863262393893,1.0659244060516357,5068800
2001-04-10,1.109998106956482,1.109998106956482,1.0512334573393338,1.109998106956482,5500800
2001-04-11,1.0887773036956787,1.1279536707042823,1.0887773036956787,1.0887773036956787,5025600
2001-04-12,1.0887773036956787,1.098571442149743,1.0724540509516605,1.0887773036956787,2491200
2001-04-13,1.0887773036956787,1.0887773036956787,1.0887773036956787,1.0887773036956787,0
2001-04-16,1.044703483581543,1.1099975914110778,1.0332773042631305,1.044703483581543,2930400
2001-04-17,1.0496008396148682,1.064291952533432,1.0332775883805039,1.0496008396148682,7048800
2001-04-18,1.0642918348312378,1.1426446463406241,1.0447036553048432,1.0642918348312378,8301600
2001-04-19,1.0463364124298096,1.0724540846602844,1.02348357765841,1.0463364124298096,5990400
2001-04-20,1.0071595907211304,1.023483211757747,1.0038950346406403,1.0120566583513562,7740000
2001-04-23,1.109998106956482,1.109998106956482,0.979410204260232,1.0006305282897423,2080800
2001-04-24,1.0887773036956787,1.1312186948683927,1.0838802344686467,1.0887773036956787,5306400
2001-04-25,1.0642918348312378,1.0773509013935907,1.0577627218671959,1.0659243465817674,11851200
2001-04-26,1.0691890716552734,1.0887772542703649,1.0561303766490349,1.0887772542703649,3434400
2001-04-27,1.0887773036956787,1.1018363729100265,1.0789831652416144,1.0887773036956787,16416000
2001-04-30,1.1246891021728516,1.1312186834158326,1.0920422234000284,1.0920422234000284,6868800
2001-05-01,1.1246891021728516,1.1246891021728516,1.1246891021728516,1.1246891021728516,0
2001-05-02,1.1246891021728516,1.1246891021728516,1.1246891021728516,1.1246891021728516,0
2001-05-03,1.1165273189544678,1.1230565256644598,1.1116303438691144,1.1214243874436338,11174400
2001-05-04,1.1214245557785034,1.1279536700647554,1.114895067876945,1.1165274865542478,6206400
2001-05-07,1.1181594133377075,1.1312184800723972,1.1165272751808697,1.1181594133377075,4111200
2001-05-08,1.096939206123352,1.1181595262071082,1.0953067875903078,1.1099979005609784,2923200
2001-05-09,1.096939206123352,1.096939206123352,1.096939206123352,1.096939206123352,0
2001-05-10,1.0659244060516357,1.0887771433350473,1.0610273375458688,1.0887771433350473,4118400
2001-05-11,1.0234835147857666,1.056130392909744,1.0234835147857666,1.0496009052003599,7480800
2001-05-14,1.0038950443267822,1.0267477777448752,1.0006301145996055,1.0038950443267822,1389600
2001-05-15,1.0234835147857666,1.0234835147857666,1.0038953318690857,1.0038953318690857,3326400
2001-05-16,1.044703483581543,1.044703483581543,1.0136891279565454,1.0234831694079418,2505600
2001-05-17,1.056130290031433,1.0626598705085906,1.0463362462290486,1.056130290031433,3477600
2001-05-18,1.0773508548736572,1.0773508548736572,1.0463361218746534,1.0512330964919452,4284000
2001-05-21,1.0724539756774902,1.0773510445608032,1.0659244882305259,1.0773510445608032,23695200
2001-05-22,1.0544978380203247,1.065924487749263,1.0528657930726908,1.065924487749263,1807200
2001-05-23,1.0136895179748535,1.0544979307523352,1.0071599365528092,1.0544979307523352,3196800
2001-05-24,1.0398067235946655,1.043071654120589,1.0185864031468306,1.0234834720223462,5457600
2001-05-25,1.0300124883651733,1.0398066251893059,1.020218444944852,1.0398066251893059,14234400
2001-05-28,1.0251156091690063,1.0300125846349557,1.0202185402992372,1.0300125846349557,2584800
2001-05-29,1.044703483581543,1.0724536568763008,1.0332773042631305,1.0724536568763008,6760800
2001-05-30,1.044703483581543,1.044703483581543,1.044703483581543,1.044703483581543,0
2001-05-31,1.0463364124298096,1.0496009696773958,1.0332777164203166,1.039806830915489,6076800
2001-06-01,1.078982949256897,1.078982949256897,1.0234833406138735,1.0332774771074027,4161600
2001-06-04,1.0675569772720337,1.0691891157319748,1.056130420187399,1.0659245586006136,3830400
2001-06-05,1.0920422077178955,1.098571415251812,1.0447038418810306,1.0447038418810306,9633600
2001-06-06,1.1148951053619385,1.1148951053619385,1.0887773396852265,1.0920422705534323,2772000
2001-06-07,1.1246891021728516,1.1279536592847779,1.118159614333696,1.1214245450609253,2606400
2001-06-08,1.1573362350463867,1.1573362350463867,1.1312189317823207,1.1312189317823207,6588000
2001-06-11,0.9288069605827332,0.9581892783930005,0.909218779843826,0.9467627228738712,15156000
2001-06-12,0.925542414188385,0.925542414188385,0.8994247461756646,0.9141158585422205,4572000
2001-06-13,0.9794102907180786,0.9843073608524379,0.927174844816966,0.927174844816966,12808800
2001-06-14,0.9794102907180786,0.9794102907180786,0.9794102907180786,0.9794102907180786,0
2001-06-15,0.9581893086433411,0.9794100019037746,0.9467627527634718,0.9794100019037746,8200800
2001-06-18,0.9581893086433411,0.9581893086433411,0.9353365704988681,0.9467627527634718,4960800
2001-06-19,0.9679834842681885,0.9679834842681885,0.9353366074532982,0.9467627901693416,9583200
2001-06-20,0.9696159362792969,0.9810421193894912,0.9581893795538092,0.9745130053319848,6105600
2001-06-21,0.9810421466827393,0.9875717279410196,0.9745130324435887,0.9794101016325164,11196000
2001-06-22,0.9679834842681885,1.0038952916145,0.9679834842681885,0.9875716663994147,10670400
2001-06-25,0.9794102907180786,0.9973660588709891,0.9679837314686779,0.9973660588709891,7041600
2001-06-26,0.9843071699142456,0.9843071699142456,0.935336664877754,0.9794101007298313,11426400
2001-06-27,0.9353367686271667,0.9810422545977059,0.9353367686271667,0.9386013261058445,7336800
2001-06-28,0.9353367686271667,0.9483954655610585,0.9141160708716455,0.9255426291719526,5104800
2001-06-29,0.9353367686271667,0.9451308146785445,0.9190131405992525,0.9353367686271667,5601600
2001-07-02,0.9173804521560669,0.9467627714746352,0.9157484072397729,0.9255424514100835,4111200
2001-07-03,0.9026892185211182,0.9418655767726376,0.8994246621058668,0.9124832613820951,3708000
2001-07-04,0.9026892185211182,0.902689218521118,0.902689218521118,0.902689218521118,0
2001-07-05,0.9092190265655518,0.9288072126198239,0.8716750733477424,0.9026895378102888,5284800
2001-07-06,0.8928953409194946,0.9026894800215449,0.8667780413973027,0.8928953409194946,2577600
2001-07-09,0.8928953409194946,0.8928953409194946,0.8928953409194946,0.8928953409194946,0
2001-07-10,0.8422926664352417,0.8928952130627749,0.8373955975854447,0.8928952130627749,2764800
2001-07-11,0.8047484159469604,0.8308660875698533,0.7982192081998489,0.8276015303982112,12981600
2001-07-12,0.8373956680297852,0.8488218516277866,0.7982192073395814,0.8014838579115324,10612800
2001-07-13,0.8373956680297852,0.8488218516277866,0.8341306438425249,0.8373956680297852,4687200
2001-07-16,0.8471897840499878,0.8602484808344893,0.8227045290958975,0.8373957381106527,1166400
2001-07-17,0.861880898475647,0.8700425246928472,0.8406602032918021,0.8406602032918021,4269600
2001-07-18,0.8684099912643433,0.8749395722888411,0.8602483652480556,0.8602483652480556,6192000
2001-07-19,0.925542414188385,0.925542414188385,0.8700424280387383,0.8700424280387383,13478400
2001-07-20,0.9206454157829285,0.9353366226732712,0.8928952337849632,0.9353366226732712,2455200
2001-07-23,0.9353367686271667,0.9353367686271667,0.9141160708716455,0.9141160708716455,11534400
2001-07-24,0.914115846157074,0.9369685835245184,0.914115846157074,0.9353365386959711,1785600
2001-07-25,0.914115846157074,0.922277471357009,0.9092187776332998,0.9092187776332998,1857600
2001-07-26,0.8928953409194946,0.9092189683588003,0.8863662261975706,0.9092189683588003,3081600
2001-07-27,0.8716748952865601,0.8928952156852751,0.8716748952865601,0.8928952156852751,4089600
2001-07-30,0.8488218784332275,0.901057316676118,0.8488218784332275,0.8928953163731786,1260000
2001-07-31,0.8488218784332275,0.8749396442565879,0.8276015556415894,0.8749396442565879,4406400
2001-08-01,0.8471897840499878,0.8537189923364858,0.8276015987674826,0.8488219226649008,3794400
2001-08-02,0.8684099912643433,0.8684099912643433,0.84392473960019,0.8471896702181728,2124000
2001-08-03,0.8749396800994873,0.8814691685247305,0.870042610482472,0.8798366563126685,1944000
2001-08-06,0.873306930065155,0.8928951097950545,0.8635127934983009,0.8928951097950545,1677600
2001-08-07,0.8488218784332275,0.8896307591019615,0.8341306701840236,0.8896307591019615,3952800
2001-08-08,0.8602485656738281,0.8602485656738281,0.8373958206962105,0.8390278660682439,3096000
2001-08-09,0.8324985504150391,0.8635129158548592,0.8324985504150391,0.8602483588763468,3924000
2001-08-10,0.8373956680297852,0.8373956680297852,0.8210720415547207,0.8324985987680312,3506400
2001-08-13,0.8292337656021118,0.8373957666081305,0.8178075806590184,0.8373957666081305,2980800
2001-08-14,0.835763156414032,0.835763156414032,0.809645391400526,0.809645391400526,2980800
2001-08-15,0.8308659791946411,0.8471896035581024,0.7982191040829794,0.8292335607160058,28987200
2001-08-16,0.8227042555809021,0.8227042555809021,0.8047482148829478,0.821071837297195,2901600
2001-08-17,0.7965866327285767,0.8063806759312039,0.7949541209544889,0.7982190510988554,4651200
2001-08-20,0.8112778663635254,0.8145424233840994,0.7965867526460919,0.7965867526460919,2491200
2001-08-21,0.7998511791229248,0.8112777339548558,0.7965866226351591,0.8112777339548558,5652000
2001-08-22,0.7982192039489746,0.8112778995851365,0.7884251588708965,0.8112778995851365,4521600
2001-08-23,0.7802630662918091,0.790057157496069,0.7802630662918091,0.790057157496069,3240000
2001-08-24,0.7835279703140259,0.7949541521235091,0.7721013681873856,0.7802629933397398,2203200
2001-08-27,0.7704692482948303,0.7851603669597141,0.7704692482948303,0.7835283214093695,1936800
2001-08-28,0.7688369750976562,0.775366136502877,0.7639399522625128,0.7721015324493085,2520000
2001-08-29,0.7721011638641357,0.7753657663592504,0.762307076167428,0.7688366080709151,4384800
2001-08-30,0.794954240322113,0.794954240322113,0.757410340138705,0.7704689885332093,4046400
2001-08-31,0.775365948677063,0.7786308788531439,0.7655718586773949,0.7786308788531439,7365600
2001-09-03,0.7623072266578674,0.763939738386229,0.7574102051937178,0.763939738386229,2246400
2001-09-04,0.7688369750976562,0.7835281370069193,0.7639399522625128,0.7639399522625128,2671200
2001-09-05,0.7965866327285767,0.7982190510988554,0.7574102264085453,0.7574102264085453,4996800
2001-09-06,0.7721011638641357,0.8031159383603392,0.7721011638641357,0.7965864531587461,3225600
2001-09-07,0.7721011638641357,0.7721011638641357,0.7721011638641357,0.7721011638641357,0
2001-09-10,0.7721011638641357,0.7835277629669237,0.7721011638641357,0.7769982310634366,1418400
2001-09-11,0.7394546270370483,0.780263084478819,0.7394546270370483,0.7394546270370483,302400
2001-09-12,0.7296605706214905,0.7492488023822986,0.7296605706214905,0.7394547098528531,3405600
2001-09-13,0.7068071961402893,0.7410865797789554,0.7068071961402893,0.7394544883734311,5752800
2001-09-14,0.6855869889259338,0.7002781480290139,0.6741603865509376,0.6872190804823463,4348800
2001-09-17,0.7182339429855347,0.7182339429855347,0.6529398123085588,0.6529398123085588,3751200
2001-09-18,0.6921162009239197,0.718233917656321,0.6921162009239197,0.718233917656321,4262400
2001-09-19,0.6741605401039124,0.7100724002630202,0.6676310515452698,0.7100724002630202,17877600
2001-09-20,0.6480426788330078,0.6806899277380922,0.6447781220693677,0.6464105872588193,10504800
2001-09-21,0.6268224120140076,0.644778128211792,0.6088662754990484,0.6251899001070962,11304000
2001-09-24,0.6268224120140076,0.6268224120140076,0.6268224120140076,0.6268224120140076,0
2001-09-25,0.6202929615974426,0.6464106804222726,0.6202929615974426,0.6317195190418293,7747200
2001-09-26,0.5990721583366394,0.6202928507090203,0.5990721583366394,0.6202928507090203,3376800
2001-09-27,0.5990721583366394,0.6202928507090203,0.5990721583366394,0.6202928507090203,3376800
2001-09-28,0.5876460075378418,0.6317194394224164,0.5778519167525928,0.6317194394224164,14774400
2001-10-01,0.5811164379119873,0.6088662433457401,0.5811164379119873,0.6088662433457401,5623200
2001-10-02,0.5762194395065308,0.5811165085447977,0.5729548824873911,0.5811165085447977,6170400
2001-10-03,0.5729548931121826,0.5827489846684252,0.566425358635617,0.5762194501918596,7207200
2001-10-04,0.5827488303184509,0.5827488303184509,0.551734051815063,0.551734051815063,9302400
2001-10-05,0.5729548931121826,0.5827489846684252,0.566425358635617,0.5827489846684252,3607200
2001-10-08,0.5501015782356262,0.5762192884956353,0.5484694869614278,0.5762192884956353,1123200
2001-10-09,0.5631607174873352,0.5664252740796795,0.553366627393154,0.553366627393154,4204800
2001-10-10,0.5631607174873352,0.5664252740796795,0.5566311839854982,0.5566311839854982,12715200
2001-10-11,0.5827488303184509,0.5876458981504648,0.5664252086092046,0.5762192975713324,13132800
2001-10-12,0.5827488303184509,0.5827488303184509,0.5827488303184509,0.5827488303184509,0
2001-10-15,0.608866274356842,0.608866274356842,0.5794840023077806,0.5794840023077806,6962400
2001-10-16,0.6202929615974426,0.6317195190418293,0.6088663574511413,0.6088663574511413,20699999
2001-10-17,0.6007046699523926,0.6382486155017281,0.5990722046931745,0.6317194549935033,25869600
2001-10-18,0.5827488303184509,0.6088661673746248,0.5811163654033462,0.6056016111596156,4039200
2001-10-19,0.5876460075378418,0.589278099141552,0.5794840083563031,0.581116473575283,14673600
2001-10-22,0.6202929615974426,0.6202929615974426,0.587646081602414,0.5892781734118266,6861600
2001-10-23,0.608866274356842,0.6186604117417707,0.5990721836738215,0.608866274356842,8582400
2001-10-24,0.6056017875671387,0.6121313222162645,0.6007047183086431,0.6056017875671387,14378400
2001-10-25,0.6186602711677551,0.631719289287344,0.6023370239146173,0.6202927359987618,8064000
2001-10-26,0.6268224120140076,0.633351525603487,0.6186604129023504,0.6202928781073536,4233600
2001-10-29,0.608866274356842,0.6268224108381163,0.608866274356842,0.6251898989342675,3600000
2001-10-30,0.6023372411727905,0.6219254251532412,0.595807706406897,0.6121313331630159,3376800
2001-10-31,0.608866274356842,0.615395808251247,0.6007046488757621,0.608866274356842,5119200
2001-11-01,0.6007046699523926,0.6202928987076243,0.6007046699523926,0.6186604334484062,2044800
2001-11-02,0.6007046699523926,0.6007046699523926,0.6007046699523926,0.6007046699523926,0
2001-11-05,0.6251899003982544,0.633351525898446,0.620292878396231,0.633351525898446,5378400
2001-11-06,0.6741605401039124,0.6741605401039124,0.6480428193789323,0.6513077971678435,7848000
2001-11-07,0.7068071961402893,0.7394544883734311,0.6611016782020559,0.6611016782020559,11332800
2001-11-08,0.697013258934021,0.719866419865755,0.6855870754344168,0.7182339544880965,28735200
2001-11-09,0.7198662757873535,0.7247633440268072,0.6855869382168899,0.6855869382168899,7848000
2001-11-12,0.7231310606002808,0.7296605959523411,0.6872192466398505,0.7263956648195957,6084000
2001-11-13,0.7263954877853394,0.7361895782678187,0.7182338624713748,0.7296604181223688,11772000
2001-11-14,0.7361897230148315,0.7623074428756719,0.7312926534597938,0.7345576311406788,8388000
2001-11-15,0.7361897230148315,0.7361897230148315,0.7361897230148315,0.7361897230148315,0
2001-11-16,0.7721011638641357,0.7721011638641357,0.7361893688705253,0.7492484326774996,16272000
2001-11-19,0.8096454739570618,0.8276016143669442,0.7721015682127225,0.8227045446030543,18633600
2001-11-20,0.8227042555809021,0.8373954597114421,0.8047482148829478,0.8243363936531971,13586400
2001-11-21,0.8178073763847351,0.8178073763847351,0.7884250580983478,0.8047483088024103,2354400
2001-11-22,0.7916898131370544,0.8096454868128582,0.7884252555823537,0.8096454868128582,1346400
2001-11-23,0.827601432800293,0.8373955701793468,0.7916896268783677,0.7916896268783677,7264800
2001-11-26,0.8145425915718079,0.8373958030881077,0.8145425915718079,0.8276016629849644,13190400
2001-11-27,0.827601432800293,0.8292335710878971,0.8047483210440789,0.8292335710878971,5781600
2001-11-28,0.7786308526992798,0.8276013477546282,0.7655718329621775,0.8276013477546282,11109600
2001-11-29,0.7737340331077576,0.798219240322531,0.772101520946671,0.78352812533405,4536000
2001-11-30,0.7623072266578674,0.7835279176466335,0.7427190473974629,0.7508806720012068,7509600
2001-12-03,0.8047484159469604,0.8047484159469604,0.7655720019164487,0.7949542774128973,7516800
2001-12-04,0.7818956971168518,0.8080134177367083,0.7655720691897839,0.8047484866628564,12686400
2001-12-05,0.8178073763847351,0.8178073763847351,0.7753659905160231,0.7982191019246003,9633600
2001-12-06,0.8227042555809021,0.8276013236244154,0.8096451895226571,0.8096451895226571,7351200
2001-12-07,0.8227042555809021,0.8357629480239309,0.7835278980404036,0.8276013236244154,7084800
2001-12-10,0.8471897840499878,0.8602484808344893,0.8243366677108106,0.8243366677108106,4629600
2001-12-11,0.8537188172340393,0.8667778849553945,0.8357630544607787,0.8488217485668701,10353600
2001-12-12,0.8569838404655457,0.8569838404655457,0.8308660758085352,0.8488218405270994,11073600
2001-12-13,0.8096454739570618,0.8406603113975892,0.8047484975970087,0.8406603113975892,7243200
2001-12-14,0.7835279703140259,0.8047482891139595,0.781895505177836,0.8047482891139595,828000
2001-12-17,0.7704692482948303,0.8063810688837949,0.7688371560425583,0.8047486497180321,7092000
2001-12-18,0.7786308526992798,0.7998511701605407,0.7704688544465702,0.7704688544465702,50299200
2001-12-19,0.7851602435112,0.8014839655830233,0.7835281982174571,0.7965868956633962,4312800
2001-12-20,0.7688369750976562,0.7802631593380205,0.7574104172419618,0.7802631593380205,8056800
2001-12-21,0.794954240322113,0.794954240322113,0.778630988206372,0.778630988206372,6724800
2001-12-24,0.794954240322113,0.794954240322113,0.794954240322113,0.794954240322113,0
2001-12-25,0.794954240322113,0.794954240322113,0.794954240322113,0.794954240322113,0
2001-12-26,0.8014838099479675,0.8047483669207289,0.7949542289833362,0.7949542289833362,1562400
2001-12-27,0.8047484159469604,0.8080133467339121,0.7802631163137161,0.7802631163137161,6141600
2001-12-28,0.794954240322113,0.8080133090338211,0.794954240322113,0.8047483783992037,3254400
2001-12-31,0.794954240322113,0.794954240322113,0.794954240322113,0.794954240322113,0
2002-01-01,0.794954240322113,0.794954240322113,0.794954240322113,0.794954240322113,0
2002-01-02,0.7982192039489746,0.8145424567393933,0.7949542731794101,0.7982192039489746,10231200
2002-01-03,0.8031161427497864,0.8096452559978576,0.794954144064921,0.8047482809560866,6566400
2002-01-04,0.827601432800293,0.8276014328002931,0.7998512523545519,0.8031161827564748,20772000
2002-01-07,0.8292337656021118,0.8471898128807674,0.7982193013060679,0.8276016269316553,7920000
2002-01-08,0.8292337656021118,0.8308661844840831,0.8080134409825431,0.8259692080496839,7747200
2002-01-09,0.8406602740287781,0.8406602740287781,0.8178075318900342,0.8276015775786149,10994400
2002-01-10,0.8798364996910095,0.8896306371815639,0.8276014422220502,0.8276014422220502,24372000
2002-01-11,0.914115846157074,0.9157483580046875,0.8635128358793449,0.9026892906657253,13975200
2002-01-14,0.9402335286140442,0.958189195956579,0.887998010855712,0.9124832580237464,11455200
2002-01-15,0.9353367686271667,0.9581895116124364,0.9157485831205748,0.9157485831205748,31931999
2002-01-16,0.9010571837425232,0.93533657119624,0.8814690023706063,0.93533657119624,7164000
2002-01-17,0.914115846157074,0.9353365386959711,0.892895153618177,0.9353365386959711,5342400
2002-01-18,0.8994247913360596,0.9353365983321698,0.8814690279437334,0.9190129732762676,13240800
2002-01-21,0.9092190265655518,0.9092190265655518,0.8945279103758073,0.8945279103758073,482400
2002-01-22,0.8879982233047485,0.9173805456167213,0.8782041781366428,0.9092189191464897,3427200
2002-01-23,0.8814690709114075,0.8961601847317348,0.8618808880163632,0.8814690709114075,6091200
2002-01-24,0.8700424432754517,0.8863660677976088,0.8700424432754517,0.8814689991217249,2779200
2002-01-25,0.8700424432754517,0.8700424432754517,0.8700424432754517,0.8700424432754517,0
2002-01-28,0.8569838404655457,0.8814690930502755,0.8537189097248106,0.8700425359863987,5313600
2002-01-29,0.8292337656021118,0.8602485101096706,0.8292337656021118,0.8602485101096706,7797600
2002-01-30,0.8161750435829163,0.8373957411732862,0.7965868582287706,0.8373957411732862,7322400
2002-01-31,0.8112778663635254,0.8488218132632085,0.8080133093429512,0.8373956301816414,7034400
2002-02-01,0.8161750435829163,0.8439248560798283,0.8096454616571969,0.8096454616571969,32436000
2002-02-04,0.8129105567932129,0.816175114530261,0.8047485553256095,0.816175114530261,6516000
2002-02-05,0.8373956680297852,0.842292737291539,0.8080133458630891,0.842292737291539,8272800
2002-02-06,0.8504542112350464,0.8504542112350464,0.8292335193030964,0.8341304942829957,12463200
2002-02-07,0.8308659791946411,0.8684099229345781,0.8276014224488162,0.8292335607160058,11260800
2002-02-08,0.8161750435829163,0.8422928108627814,0.8145425313466921,0.8422928108627814,4600800
2002-02-11,0.8161750435829163,0.8161750435829163,0.8161750435829163,0.8161750435829163,0
2002-02-12,0.8161750435829163,0.8161750435829163,0.8161750435829163,0.8161750435829163,0
2002-02-13,0.8373956680297852,0.8488218516277866,0.8047484150796562,0.8161749722929668,8726400
2002-02-14,0.8765718936920166,0.8928951439144909,0.8439246460165702,0.8439246460165702,10065600
2002-02-15,0.8961601853370667,0.9141159496167847,0.887998185598103,0.899424835786534,3261600
2002-02-18,0.8814690709114075,0.8961601847317348,0.8814690709114075,0.8961601847317348,19836000
2002-02-19,0.8602485656738281,0.8831013106514457,0.8488220063773306,0.8488220063773306,16221600
2002-02-20,0.8373956680297852,0.8602484088410971,0.8243365987228444,0.8602484088410971,13312800
2002-02-21,0.8602485656738281,0.8684101935916598,0.842292890850754,0.8439249362227873,11966400
2002-02-22,0.8488218784332275,0.860248436007384,0.8145424859222488,0.860248436007384,22788000
2002-02-25,0.8814690709114075,0.8928952540730014,0.8700425141345186,0.8700425141345186,7329600
2002-02-26,0.8879982233047485,0.9026894311626488,0.8814691089362187,0.8814691089362187,6703200
2002-02-27,0.9010571837425232,0.9141158779199846,0.8945276965480677,0.8945276965480677,16394400
2002-02-28,0.9010571837425232,0.9010571837425232,0.9010571837425232,0.9010571837425232,0
2002-03-01,0.9288069605827332,0.9581892783930005,0.9288069605827332,0.9353365409699957,17373600
2002-03-04,0.9467628002166748,0.9467628002166748,0.9092188541195951,0.9092188541195951,10576800
2002-03-05,0.9026892185211182,0.935336463942135,0.902689218521118,0.9255423276773522,5659200
2002-03-06,0.8961601853370667,0.9141159496167847,0.8422927056902647,0.9026893928321775,8416800
2002-03-07,0.914115846157074,0.914115846157074,0.876571903218307,0.8961600839095907,10382400
2002-03-08,0.9549247622489929,0.9794100125630696,0.9141158871871085,0.9141158871871085,7178400
2002-03-11,0.9728805422782898,0.9794100296528734,0.9483952915369679,0.9516598484166217,8992800
2002-03-12,1.0234835147857666,1.0283805838658928,0.9728805921628947,0.9745130107921526,16099200
2002-03-13,1.0626596212387085,1.0773507301980743,1.0185861075530258,1.0561300422932056,42278400
2002-03-14,1.0659244060516357,1.0871450985125013,1.0626598493874793,1.0659244060516357,13068000
2002-03-15,1.0659244060516357,1.0691889627157922,1.0626598493874793,1.0691889627157922,7862400
2002-03-18,1.0463364124298096,1.0757186419078706,1.0463364124298096,1.0691891537973797,2340000
2002-03-19,1.044703483581543,1.0561300365151247,1.0398064161539486,1.0463359950637283,6796800
2002-03-20,1.0316450595855713,1.0447037537634158,1.0234834341018038,1.0447037537634158,6062400
2002-03-21,1.000630259513855,1.0300124830263344,0.9794099411842622,0.9989981213271852,7898400
2002-03-22,0.9679834842681885,0.9908362233155555,0.9451306518170013,0.9908362233155555,12067200
2002-03-25,0.948395311832428,0.9761451200472436,0.9402336859490891,0.9745129816782179,9979200
2002-03-26,0.9516598582267761,0.9794100397490897,0.9320715827087384,0.9794100397490897,21823200
2002-03-27,0.925542414188385,0.9565567771759708,0.9141158585422205,0.9467627333995383,5983200
2002-03-28,0.9124834537506104,0.9581894014873268,0.8961602012140791,0.9581894014873268,6451200
2002-03-29,0.9124834537506104,0.9124834537506104,0.9124834537506104,0.9124834537506104,0
2002-04-01,0.9418656826019287,0.9467627512845613,0.8928951825832354,0.9092188071278882,17755200
2002-04-02,0.9402335286140442,0.9402335286140442,0.9288068806741766,0.9353364604996762,5320800
2002-04-03,0.9239100217819214,0.9402336464786273,0.9141158843254248,0.9402336464786273,7740000
2002-04-04,0.974513053894043,0.9745130538940429,0.9222776169277599,0.9320716621173708,10648800
2002-04-05,0.9794102907180786,0.9859394062177443,0.9581895911999595,0.9745132205837195,18748800
2002-04-08,0.9794102907180786,0.9794102907180786,0.9581895911999595,0.9728808016030371,2923200
2002-04-09,0.966350793838501,0.9941009702601108,0.954924613232602,0.9941009702601108,3434400
2002-04-10,0.9712482690811157,0.9777777580607779,0.9483955246715079,0.9614541290154643,5688000
2002-04-11,0.9924687743186951,0.9973658433950668,0.9712480793852014,0.9712480793852014,6012000
2002-04-12,1.0300124883651733,1.0332775119859212,0.9973657080987055,0.9973657080987055,6019200
2002-04-15,0.9908363223075867,1.0120570185265414,0.9679835809770581,1.0120570185265414,6840000
2002-04-16,1.0234835147857666,1.0234835147857666,0.9908362630464937,0.9908362630464937,5040000
2002-04-17,1.0381747484207153,1.0430717242215184,1.012056983726808,1.0234835408068272,12016800
2002-04-18,1.000630259513855,1.0234833698567918,1.000630259513855,1.0055272344967279,15055200
2002-04-19,1.010424256324768,1.010424256324768,0.9989980752950413,1.0055271881637333,8863200
2002-04-22,1.0055274963378906,1.0055274963378906,0.9973659626449686,0.9989983814681549,7135200
2002-04-23,1.0120569467544556,1.0120569467544556,0.9973658330810878,1.00063039009187,5868000
2002-04-24,1.0332776308059692,1.0332776308059692,1.008792379333808,1.0120569363109027,14342400
2002-04-25,1.000630259513855,1.0234833698567918,0.9989981213271852,1.0234833698567918,8071200
2002-04-26,0.9859393239021301,1.0038954641712665,0.9614540686784407,0.9794102089475771,34869600
2002-04-29,0.9973657727241516,0.9973657727241516,0.9647188969384812,0.9794100097227963,5976000
2002-04-30,1.0169541835784912,1.0300127873915914,1.000630555196763,1.0234836722927179,10029600
2002-05-01,1.0169541835784912,1.0169541835784912,1.0169541835784912,1.0169541835784912,0
2002-05-02,0.974513053894043,0.9892042617842012,0.9598219394077127,0.9794101231907624,10468800
2002-05-03,0.9679834842681885,0.9794100405995122,0.9516598590531031,0.9794100405995122,12744000
2002-05-06,0.9222776889801025,0.9679836415189554,0.9157485740871537,0.9581895021603558,38052000
2002-05-07,0.9026892185211182,0.935336463942135,0.8945275939734754,0.935336463942135,55879200
2002-05-08,0.9402335286140442,0.9418655733061488,0.9222773942524823,0.9353364604996762,30866400
2002-05-09,0.9026892185211182,0.9288068840926036,0.8716747650286586,0.9288068840926036,13003200
2002-05-10,0.9353367686271667,0.9353367686271667,0.8814691884311618,0.8928953731161242,8704800
2002-05-13,0.9614536762237549,0.9614536762237549,0.9190127650740172,0.9581891200790339,10562400
2002-05-14,0.9989982843399048,0.9989982843399048,0.9663510318963473,0.9679835439646466,19195200
2002-05-15,1.044703483581543,1.044703483581543,0.9908359286855897,1.0006300635407783,68565600
2002-05-16,1.0985713005065918,1.1312185490159024,1.0447037327622508,1.095306743782527,20354400
2002-05-17,1.0724539756774902,1.0822481134441164,1.0577628624313709,1.0659244882305259,13982400
2002-05-20,1.0593948364257812,1.0757184605460817,1.056130279728586,1.0724539038488865,7473600
2002-05-21,1.0659244060516357,1.0675568244894333,1.0626598493874793,1.0659244060516357,13615200
2002-05-22,1.0398067235946655,1.0773510428453792,1.0300125858436342,1.065924486533296,12204000
2002-05-23,1.0773508548736572,1.0773508548736572,1.0234832934492135,1.0234832934492135,21628800
2002-05-24,1.0887773036956787,1.098571442149743,1.0512333553653035,1.0773511201786925,15984000
2002-05-27,1.087145209312439,1.096939253918352,1.080615628299578,1.080615628299578,13442400
2002-05-28,1.0512332916259766,1.0969392371723832,1.0316451093093633,1.0953068185931332,27885600
2002-05-29,1.044703483581543,1.0626596154249044,1.0381743716907248,1.0512329690875304,12520800
2002-05-30,1.044703483581543,1.044703483581543,1.044703483581543,1.044703483581543,0
2002-05-31,1.0512332916259766,1.062659941469265,1.0398067351865092,1.0577628725391564,7264800
2002-06-03,1.0185863971710205,1.0561303425861928,1.0169539786195456,1.0300125798007893,4356000
2002-06-04,1.0234835147857666,1.0332776529460188,1.0136894700293382,1.0169540270763824,5176800
2002-06-05,1.002262830734253,1.0234835259147617,0.9957333429538695,1.0234835259147617,6184800
2002-06-06,0.9794102907180786,1.0120571758702226,0.9549250334501267,1.0055275933513372,30153600
2002-06-07,0.9875714778900146,0.9908360341830112,0.954924607306817,0.9679832994978147,10166400
2002-06-10,1.0234835147857666,1.0234835147857666,0.9875717059994493,0.9875717059994493,14155200
2002-06-11,0.9843071699142456,1.033277674950737,0.9794101007298313,1.026748093698475,17136000
2002-06-12,0.9549247622489929,1.0006303324391865,0.9467627630674542,0.9467627630674542,8107200
2002-06-13,0.9794102907180786,0.9843073608524379,0.951660102084918,0.9794102907180786,16754400
2002-06-14,0.948395311832428,0.9581893562962558,0.9418657309142937,0.9581893562962558,20368800
2002-06-17,0.9908363223075867,0.998998322538215,0.9679835809770581,0.9761452075923687,4240800
2002-06-18,0.9908363223075867,1.0006304610536183,0.9794101384499811,0.9908363223075867,1137600
2002-06-19,0.9810421466827393,0.9924687971299473,0.9679835445891344,0.9794101016325164,16639200
2002-06-20,0.9026892185211182,0.9761449602955715,0.887998014123944,0.9728804038803203,25077600
2002-06-21,0.8373956680297852,0.9206454718642919,0.8096453909375828,0.9075864025573511,12549600
2002-06-24,0.8602485656738281,0.8667781482196265,0.8161751210906264,0.8602485656738281,9662400
2002-06-25,0.8814690709114075,0.8814690709114075,0.8324985669718848,0.86841000210324,8647200
2002-06-26,0.8928953409194946,0.9026894800215449,0.8635130170171765,0.8798366444564822,15508800
2002-06-27,0.9581893086433411,0.9581893086433411,0.9026893213585652,0.943498195976311,26870400
2002-06-28,0.9614536762237549,0.9826743653081188,0.9467625664478231,0.967983255532187,20714400
2002-07-01,0.9989982843399048,1.0234835368649213,0.9794101010006568,0.9973658656754314,20131200
2002-07-02,1.0773508548736572,1.0773508548736572,0.9924685604502097,1.0071596711096926,13183200
2002-07-03,1.0398067235946655,1.0708215554088116,1.015321472620907,1.065924486533296,18842400
2002-07-04,1.0659244060516357,1.0887771433350473,1.0447037135907702,1.0447037135907702,16358400
2002-07-05,1.0398067235946655,1.0822481117208949,1.0349096547191499,1.0528657918716207,7718400
2002-07-08,1.044703483581543,1.0528654805697155,1.0316447927809451,1.044703483581543,8690400
2002-07-09,1.044703483581543,1.044703483581543,1.044703483581543,1.044703483581543,0
2002-07-10,1.0234835147857666,1.0528658358626997,0.9989982627889596,1.0512333238296179,12441600
2002-07-11,0.9941011667251587,1.012056930525194,0.9745129843401754,0.9941011667251587,14400000
2002-07-12,0.9761449098587036,1.0055271303272773,0.9337039039810303,0.995733087972353,22816800
2002-07-15,0.9908363223075867,1.0087924612842465,0.9581894422310265,0.9794101384499811,15084000
2002-07-16,1.0202186107635498,1.026748098643433,0.9908362889193805,0.9908362889193805,10684800
2002-07-17,1.163865566253662,1.2846593170272433,1.1214245489776988,1.2846593170272433,134229600
2002-07-18,1.2030420303344727,1.2520125394343513,1.1638656604161033,1.1638656604161033,66708000
2002-07-19,1.15407133102417,1.2095714127707609,1.149174262240535,1.203041832052884,29714400
2002-07-22,1.109998106956482,1.2030420576804368,1.088777409311629,1.1426449892267088,30585600
2002-07-23,1.052865743637085,1.1279535380641645,1.0234834251338916,1.0463362564996503,19648800
2002-07-24,1.0430716276168823,1.0430716276168823,0.9532922517892374,1.023483446016361,18000000
2002-07-25,1.044703483581543,1.044703483581543,1.0071595490467657,1.0234831694079418,15343200
2002-07-26,0.9794102907180786,1.046336573406893,0.940233916450893,1.046336573406893,13428000
2002-07-29,0.925542414188385,0.9875716071826292,0.925542414188385,0.9761450515364647,16401600
2002-07-30,0.8422926664352417,0.935336600966109,0.8373955975854447,0.9255424632665148,18122400
2002-07-31,0.925542414188385,0.9565567771759708,0.8733069847591298,0.8733069847591298,10072800
2002-08-01,0.8651452660560608,0.9614537419770266,0.8602481979945765,0.9614537419770266,10260000
2002-08-02,0.8537188172340393,0.8928951797637612,0.8439246798997009,0.8488217485668701,15501600
2002-08-05,0.7835279703140259,0.8569837175309658,0.7769984366826108,0.7884250388092511,13730400
2002-08-06,0.8161750435829163,0.8308661592475667,0.7818956958622025,0.7851602066135559,9842400
2002-08-07,0.8422926664352417,0.8439247113724426,0.7835280270453153,0.8406601544789436,23940000
2002-08-08,0.914115846157074,0.914115846157074,0.8602482792031841,0.8831010165706286,40010400
2002-08-09,0.914115846157074,0.9402336072197452,0.8814689717420813,0.8945276654657904,22147200
2002-08-12,0.8879982233047485,0.9141159884324564,0.8814691089362187,0.9141159884324564,4183200
2002-08-13,0.827601432800293,0.892895183840298,0.8276014328002931,0.8814690015774564,14083200
2002-08-14,0.7933220863342285,0.847189558146364,0.762307257748423,0.8161748229643687,23551200
2002-08-15,0.7557776570320129,0.808013126121662,0.7557776570320129,0.7737337907174868,18338400
2002-08-16,0.827601432800293,0.8373955701793468,0.7835280014021835,0.7835280014021835,7056000
2002-08-19,0.8602485656738281,0.8684101935916598,0.8047485617941289,0.8276016803871238,7624800
2002-08-20,0.8569838404655457,0.8684100239141181,0.8488218405270994,0.8602483975909763,2095200
2002-08-21,0.8814690709114075,0.9026893922224354,0.8602483759850846,0.8700425141345186,7344000
2002-08-22,0.8961601853370667,0.9141159496167847,0.876572002428791,0.8831011165200782,14227200
2002-08-23,0.9059544205665588,0.9059544205665588,0.8879982807475366,0.9010573509638107,3088800
2002-08-26,0.914115846157074,0.9467627205720668,0.914115846157074,0.914115846157074,6760800
2002-08-27,0.925542414188385,0.9353365513686319,0.9026893028960561,0.9353365513686319,7423200
2002-08-28,0.8961601853370667,0.9255425064013919,0.8961601853370665,0.9255425064013919,3038400
2002-08-29,0.8896307945251465,0.919013118789665,0.8814691675125497,0.901057352554284,9547200
2002-08-30,0.8814690709114075,0.9092188799246073,0.8700425141345186,0.9026893922224354,34560000
2002-09-02,0.8814690709114075,0.899424835178997,0.8814690709114075,0.8831011159235673,1735200
2002-09-03,0.8488218784332275,0.883101177540376,0.837395694474392,0.883101177540376,6782400
2002-09-04,0.8439246416091919,0.8488217100541715,0.8276013914719654,0.8488217100541715,8560800
2002-09-05,0.8439246416091919,0.8471895718480723,0.8292335296780646,0.8439246416091919,8589600
2002-09-06,0.8292337656021118,0.848821951551224,0.8259692080496839,0.8390278118747487,5853600
2002-09-09,0.8390277028083801,0.8488218412117018,0.827601519350592,0.8488218412117018,5407200
2002-09-10,0.8341305255889893,0.848821731291499,0.8080132313121664,0.848821731291499,9597600
2002-09-11,0.8488218784332275,0.860248436007384,0.837395694474392,0.837395694474392,4132800
2002-09-12,0.8227042555809021,0.8439245724234463,0.8178072809411928,0.8439245724234463,5752800
2002-09-13,0.8373956680297852,0.8471897131494656,0.8161749722929668,0.8178074843865969,4766400
2002-09-16,0.8047484159469604,0.8357631568368848,0.7949542774128973,0.8357631568368848,6703200
2002-09-17,0.8014838099479675,0.8227044110110444,0.8014838099479675,0.8047483669207289,4017600
2002-09-18,0.7704692482948303,0.794954508338873,0.7590430613653266,0.7721017141625204,8006400
2002-09-19,0.8014838099479675,0.8014838099479675,0.7721014428377004,0.7949542289833362,13723200
2002-09-20,0.7688369750976562,0.8014839029697508,0.7182340010512326,0.74435172081619,20224800
2002-09-23,0.7117043733596802,0.7623073408170933,0.6970132133633526,0.7068073044602676,11556000
2002-09-24,0.7394546270370483,0.7704689930462705,0.7068073286818373,0.7100723060374908,7725600
2002-09-25,0.7688369750976562,0.7721015324493085,0.7394546979810466,0.7508808822214108,19828800
2002-09-26,0.7688369750976562,0.7949543212472835,0.7688369750976562,0.788425206543979,5342400
2002-09-27,0.7296605706214905,0.7590428949117441,0.7051753159469181,0.7296605706214905,6861600
2002-09-30,0.6611018776893616,0.7394547115036824,0.6529398770360584,0.7394547115036824,17776800
2002-10-01,0.6872190833091736,0.6937486171093662,0.6659988106626379,0.6937486171093662,12304800
2002-10-02,0.6447781324386597,0.690484076152424,0.6431456672229549,0.6839545422029654,11721600
2002-10-03,0.6872190833091736,0.6937486171093662,0.6349840271572293,0.6447781176989342,13140000
2002-10-04,0.7394546270370483,0.7394546270370483,0.7002782146049423,0.7231309545084869,19994400
2002-10-07,0.7084397673606873,0.7508807324370183,0.7068072555009304,0.7508807324370183,2124000
2002-10-08,0.6839545369148254,0.7198663428834222,0.67252793431996,0.7084397869904651,12693600
2002-10-09,0.6757930517196655,0.6904842141552509,0.6659989589965812,0.6741605394757719,9280800
2002-10-10,0.7068071961402893,0.7182337974588872,0.6692633027772533,0.6725278592035263,9525600
2002-10-11,0.7166014909744263,0.7296605135009635,0.7068073525097851,0.7166014909744263,4903200
2002-10-14,0.6872190833091736,0.7035427076510711,0.6659988106626379,0.7002781509095587,4888800
2002-10-15,0.6790573596954346,0.7002780495887913,0.6790573596954346,0.6823219159646098,4240800
2002-10-16,0.6594691872596741,0.6790573656816175,0.652939654346656,0.6545721193032376,29282400
2002-10-17,0.7378221154212952,0.7394546274509918,0.6806899854189807,0.6921162152714139,8056800
2002-10-18,0.7427190542221069,0.7492485874746162,0.7280278962908588,0.7394544977544187,19260000
2002-10-21,0.7688369750976562,0.7688369750976562,0.7378221857956391,0.7655720441306738,15660000
2002-10-22,0.8194394707679749,0.8227044013175541,0.747616182589275,0.7688368768061413,27669600
2002-10-23,0.8831011056900024,0.8831011056900024,0.8178074436746295,0.8373956263426818,20109600
2002-10-24,0.8879982233047485,0.9124834763307546,0.8602484130944775,0.8879982233047484,11901600
2002-10-25,0.8537188172340393,0.887998111096592,0.8537188172340393,0.887998111096592,10944000
2002-10-28,0.8439246416091919,0.8700424022516247,0.8276013914719654,0.8569837087380316,3117600
2002-10-29,0.827601432800293,0.8700424456993493,0.8276014328002931,0.8406601269660042,9417600
2002-10-30,0.8471897840499878,0.8553514111629044,0.8406602955519842,0.8488219226649008,9568800
2002-10-31,0.8047484159469604,0.8520867833295419,0.8047484159469604,0.8488218525425902,12124800
2002-11-01,0.8161750435829163,0.8210721132724116,0.7949543459925464,0.8096454616571969,35049600
2002-11-04,0.8308659791946411,0.8488217418252919,0.8161748667136303,0.8406601164511918,7632000
2002-11-05,0.8422926664352417,0.8471896418812194,0.8243365293770737,0.8373955975854447,8913600
2002-11-06,0.8422926664352417,0.8422926664352417,0.8161749036337775,0.8341305736728484,3744000
2002-11-07,0.873306930065155,0.878203998348582,0.8373955007365276,0.8373955007365276,16243200
2002-11-08,0.8847335577011108,0.907586295824934,0.8373955695518182,0.8782040705174238,13881600
2002-11-11,0.8667779564857483,0.8847336273369744,0.8602483753843129,0.8847336273369744,5846400
2002-11-12,0.8439246416091919,0.8618807771830114,0.8373955283619248,0.8439246416091919,4226400
2002-11-13,0.9026892185211182,0.902689218521118,0.7949540932237308,0.8161747840666306,47606400
2002-11-14,0.9614536762237549,0.9712478116769081,0.8896304521183557,0.8896304521183557,34912800
2002-11-15,0.9614536762237549,0.9614536762237549,0.9614536762237549,0.9614536762237549,0
2002-11-18,0.9794102907180786,0.9859394062177443,0.9581895911999595,0.9581895911999595,19310400
2002-11-19,1.000630259513855,1.000630259513855,0.9679833860127938,0.9679833860127938,9518400
2002-11-20,0.9908363223075867,1.0104245063958204,0.9712481382193529,1.0055274370228047,5752800
2002-11-21,1.0267479419708252,1.0332775222581787,1.000630274648095,1.000630274648095,7466400
2002-11-22,1.000630259513855,1.0104243028834112,0.9908361227404882,1.0038951897138688,5623200
2002-11-25,0.9679834842681885,1.0006303610830787,0.9614539034168063,0.9924687352831763,34538400
2002-11-26,0.9859393239021301,0.9859393239021301,0.9679836506521745,0.9745131392220721,34754400
2002-11-27,0.9794102907180786,1.0120571758702226,0.9679837314686779,0.9843073608524379,10008000
2002-11-28,1.0169541835784912,1.0169541835784912,0.9712482295980962,0.9712482295980962,5054400
2002-11-29,1.056130290031433,1.057762801905491,1.0153214161402075,1.0153214161402075,20599200
2002-12-02,1.044703483581543,1.0757182128217098,1.044703483581543,1.0528654805697155,20426400
2002-12-03,1.0626596212387085,1.0626596212387085,1.0251153128833574,1.0447034892971092,7704000
2002-12-04,1.0757182836532593,1.0773507952429386,1.028380304550078,1.0626596853966,23371200
2002-12-05,1.0920422077178955,1.0969392768250255,1.0447038418810306,1.07735109380033,15372000
2002-12-06,1.0985713005065918,1.0985713005065918,1.0773509812715614,1.083880094719691,2556000
2002-12-09,1.0855127573013306,1.0985714530297017,1.078983175927576,1.0985714530297017,6415200
2002-12-10,1.0822480916976929,1.0920421358637,1.0789830678283572,1.0920421358637,13010400
2002-12-11,1.096939206123352,1.0985713444449414,1.085512650007315,1.0985713444449414,13996800
2002-12-12,1.1051005125045776,1.109997579881305,1.0969388892163507,1.0969388892163507,6768000
2002-12-13,1.1214245557785034,1.1214245557785034,1.0920422338367965,1.1132625557958153,20707200
2002-12-16,1.1442772150039673,1.1475417716483571,1.1214243844551148,1.1426447031722415,5925600
2002-12-17,1.109998106956482,1.1638656868715618,1.109998106956482,1.1540715474674252,12232800
2002-12-18,1.0920422077178955,1.1279536430869432,1.0855127199725059,1.1263215980639811,20196000
2002-12-19,1.0855127573013306,1.144277401800052,1.0610275043275013,1.0626600164257243,26935200
2002-12-20,1.0887773036956787,1.1181596256540447,1.0806156773236697,1.098571442149743,12535200
2002-12-23,1.052865743637085,1.0969391746899673,1.0496008132607364,1.0969391746899673,8208000
2002-12-24,1.052865743637085,1.052865743637085,1.052865743637085,1.052865743637085,0
2002-12-25,1.052865743637085,1.052865743637085,1.052865743637085,1.052865743637085,0
2002-12-26,1.0838801860809326,1.0838801860809326,1.0447038208212813,1.0561303774434576,3088800
2002-12-27,1.0887773036956787,1.098571442149743,1.069189120191377,1.069189120191377,6559200
2002-12-30,1.1132622957229614,1.129585918259616,1.088777048725589,1.1279534065598629,3600000
2002-12-31,1.1132622957229614,1.1132622957229614,1.1132622957229614,1.1132622957229614,0
2003-01-01,1.1132622957229614,1.1132622957229614,1.1132622957229614,1.1132622957229614,0
2003-01-02,1.129585862159729,1.1312183737784047,1.1099976842154216,1.1099976842154216,4125600
2003-01-03,1.1051005125045776,1.1475415140261058,1.1034680010393496,1.137747379272651,5313600
2003-01-06,1.1148951053619385,1.1426449161555199,1.098571478463036,1.1426449161555199,8683200
2003-01-07,1.1214245557785034,1.1573359920064623,1.114895067876945,1.114895067876945,13449600
2003-01-08,1.1361157894134521,1.149174391899674,1.1099980240180358,1.1099980240180358,5270400
2003-01-09,1.1785566806793213,1.189983237738223,1.150806870981243,1.170395054359733,39074400
2003-01-10,1.2128359079360962,1.2340566005217892,1.1899830771144433,1.207938839401523,18539999
2003-01-13,1.1736599206924438,1.2291600217296104,1.1638658731248033,1.1752924331941101,16135200
2003-01-14,1.163865566253662,1.1965124451405103,1.1426448708080283,1.1752921233101805,12168000
2003-01-15,1.1622328758239746,1.1638653876446754,1.1442772072763103,1.1442772072763103,6026400
2003-01-16,1.15407133102417,1.1752920246891339,1.142644774926476,1.1752920246891339,10843200
2003-01-17,1.1475419998168945,1.1475419998168945,1.1230567459716667,1.1442774425234048,6638400
2003-01-20,1.1606007814407349,1.1606007814407349,1.1279534419395945,1.1442771583920686,2620800
2003-01-21,1.1965125799179077,1.2144686268589895,1.1426449995176817,1.1426449995176817,14198400
2003-01-22,1.1932477951049805,1.209571420085018,1.165497894169609,1.165497894169609,8438400
2003-01-23,1.1801893711090088,1.2161008125538528,1.1736597888550657,1.2161008125538528,11116800
2003-01-24,1.163865566253662,1.1965124451405103,1.163865566253662,1.1671301233769904,13514400
2003-01-27,1.1622328758239746,1.1671299442670189,1.139380138833266,1.154071250758587,32004000
2003-01-28,1.1965125799179077,1.2095716505166534,1.1540715578613088,1.1540715578613088,7941600
2003-01-29,1.2079390287399292,1.217733167344258,1.175292149135708,1.217733167344258,6645600
2003-01-30,1.2079390287399292,1.217733167344258,1.1654980105313792,1.217733167344258,2664000
2003-01-31,1.2569094896316528,1.2683360465272306,1.1965124282878898,1.1965124282878898,12715200
2003-02-03,1.276497721672058,1.2846593481879125,1.261806607135864,1.261806607135864,10519200
2003-02-04,1.2618064880371094,1.2764976011866462,1.2454828629308339,1.2454828629308339,9864000
2003-02-05,1.3352620601654053,1.3434236848080663,1.2618063175357752,1.3107768126221953,11808000
2003-02-06,1.349953532218933,1.3532180895449195,1.2944535357737081,1.3222037208039843,15307200
2003-02-07,1.3271009922027588,1.3499537375958806,1.3205714095382408,1.3352626202689837,11700000
2003-02-10,1.351586103439331,1.356483173151832,1.3058801505905993,1.3058801505905993,17099999
2003-02-11,1.4103504419326782,1.4364678316857609,1.3564829636271372,1.3956593284682255,20952000
2003-02-12,1.3891301155090332,1.444630116776811,1.3891301155090332,1.405453744191857,16768800
2003-02-13,1.320570945739746,1.389129718263621,1.314041458772299,1.389129718263621,13024800
2003-02-14,1.304247498512268,1.3205711247396972,1.2846593151662398,1.3205711247396972,7632000
2003-02-17,1.349953532218933,1.3564831138900648,1.3058800935395667,1.3058800935395667,5248800
2003-02-18,1.3923941850662231,1.4070852962851932,1.3728059122358534,1.3826000486510381,8798400
2003-02-19,1.3956594467163086,1.4152476307964734,1.376071262636144,1.3874974464890426,34092000
2003-02-20,1.4250414371490479,1.4478941731397859,1.3972911659105092,1.4315705501080391,25920000
2003-02-21,1.3009827136993408,1.4038207750223444,1.286291602111973,1.4038207750223444,36424800
2003-02-24,1.2944536209106445,1.3173067379454242,1.2405860396912594,1.3140418067893742,29606400
2003-02-25,1.304247498512268,1.3058800105811323,1.2748651767913126,1.292821315087606,21995999
2003-02-26,1.351586103439331,1.3630122880890472,1.3058801505905993,1.3058801505905993,19173600
2003-02-27,1.377703309059143,1.3826003784348053,1.3581151249603227,1.3581151249603227,18395999
2003-02-28,1.349953532218933,1.3777033436338821,1.3336299049545157,1.3777033436338821,18172800
2003-03-03,1.349953532218933,1.349953532218933,1.349953532218933,1.349953532218933,0
2003-03-04,1.349953532218933,1.349953532218933,1.349953532218933,1.349953532218933,0
2003-03-05,1.2993505001068115,1.3140417084695044,1.2846593851479495,1.3058800817188376,9986400
2003-03-06,1.2977184057235718,1.3385269115436662,1.273233152785391,1.3385269115436662,13399200
2003-03-07,1.2813950777053833,1.294453776456542,1.2683363789542246,1.2846596356383615,17546400
2003-03-10,1.2520126104354858,1.269968377613461,1.2389539131259761,1.2520126104354858,18885599
2003-03-11,1.2846591472625732,1.2928211461171744,1.2405857171434063,1.2520122726899323,5731200
2003-03-12,1.2846591472625732,1.300982771356521,1.2732329653313017,1.2846591472625732,10123200
2003-03-13,1.2585421800613403,1.3058801791708154,1.253645110241663,1.2993505970715158,27928800
2003-03-14,1.2732332944869995,1.284659479372163,1.2454831076725599,1.2618067359864846,11541600
2003-03-17,1.2846591472625732,1.2846591472625732,1.242218228998903,1.242218228998903,16372800
2003-03-18,1.3026152849197388,1.3058798416159434,1.2846591489467538,1.294453286054437,8596800
2003-03-19,1.3140414953231812,1.317306425705347,1.2928211758096946,1.3058798698963847,14536799
2003-03-20,1.351586103439331,1.3662772191729984,1.3058801505905993,1.3058801505905993,30088800
2003-03-21,1.4005566835403442,1.4168799387158786,1.353218216089048,1.353218216089048,15804000
2003-03-24,1.3532179594039917,1.3891298612089453,1.3287327076698112,1.382600280165773,14047200
2003-03-25,1.4152474403381348,1.416879578633219,1.3368946211580552,1.3597474528075568,23868000
2003-03-26,1.4136149883270264,1.4642179059462768,1.3956592258150713,1.4364677260310705,18806400
2003-03-27,1.4119824171066284,1.4283060406760653,1.3695414068028595,1.3989237237394623,29044801
2003-03-28,1.456055760383606,1.4609528284863664,1.3728058828480927,1.426673445170848,16632000
2003-03-31,1.4152474403381348,1.4838061220942729,1.395659258894069,1.4152474403381348,30146399
2003-04-01,1.3858652114868164,1.421776646290632,1.35648298411415,1.421776646290632,70884000
2003-04-02,1.418512225151062,1.4250418068229476,1.3124095819584143,1.3972915283856353,48103200
2003-04-03,1.4152474403381348,1.4152474403381348,1.3826001910532415,1.4054533963180103,15012000
2003-04-04,1.377703309059143,1.4185121893883865,1.3662771251953623,1.4152476321443275,97185600
2003-04-07,1.349953532218933,1.4152476676612762,1.3434240439516334,1.3858653440737545,49262401
2003-04-08,1.3826004266738892,1.3891300084089728,1.3319978728469395,1.3515860576291936,28900800
2003-04-09,1.4152474403381348,1.4364677600772846,1.358114940897205,1.358114940897205,22759200
2003-04-10,1.4478943347930908,1.4642179596473242,1.4070854594651439,1.4152474586998964,181504800
2003-04-11,1.467482566833496,1.4805412616764635,1.4478943844633132,1.4707471237894614,16596000
2003-04-14,1.4756442308425903,1.4805412999125618,1.4478944218562815,1.4740121858320119,8337600
2003-04-15,1.4544239044189453,1.4772766427870132,1.4413648365081826,1.4772766427870132,11966400
2003-04-16,1.4478943347930908,1.46258554111961,1.41035038992439,1.4576884723441037,22226400
2003-04-17,1.4478943347930908,1.4576884723441037,1.4185120155438706,1.436467778714364,15969600
2003-04-18,1.4478943347930908,1.4478943347930908,1.4478943347930908,1.4478943347930908,0
2003-04-21,1.4478943347930908,1.4478943347930908,1.4478943347930908,1.4478943347930908,0
2003-04-22,1.4250414371490479,1.4478941731397859,1.4119823705967969,1.4478941731397859,17099999
2003-04-23,1.4364678859710693,1.4364678859710693,1.4054535194936584,1.425041702654456,41932800
2003-04-24,1.4478943347930908,1.4544239155001295,1.423409084319377,1.4332032218703898,34956000
2003-04-25,1.4576886892318726,1.4576886892318726,1.4217767839323239,1.4576886892318726,51976800
2003-04-28,1.4805411100387573,1.4805411100387573,1.4332031242473038,1.447894236169315,10468800
2003-04-29,1.50176203250885,1.50176203250885,1.4805413370705038,1.4903354754562557,27396000
2003-04-30,1.2552767992019653,1.273232934719701,1.2405856873167243,1.273232934719701,16488000
2003-05-01,1.2552767992019653,1.2552767992019653,1.2552767992019653,1.2552767992019653,0
2003-05-02,1.2846591472625732,1.287924077569753,1.2552768293818573,1.2552768293818573,17654400
2003-05-05,1.2993505001068115,1.3042475695610425,1.278130270555078,1.2846593851479495,20289600
2003-05-06,1.2928211688995361,1.3058798629164272,1.2846591699011025,1.3058798629164272,15681600
2003-05-07,1.3466888666152954,1.349953423678802,1.2911888746324292,1.2911888746324292,32436000
2003-05-08,1.3434237241744995,1.3548502792204784,1.3336295875086945,1.3483206991035925,16725599
2003-05-09,1.3173062801361084,1.3499531518509074,1.2911886146374194,1.3499531518509074,28058400
2003-05-12,1.2944536209106445,1.325468365306764,1.2862919935493047,1.325468365306764,23335200
2003-05-13,1.2846591472625732,1.3058798399039426,1.2683358967838803,1.2960857028090993,15696000
2003-05-14,1.271600365638733,1.2846590585234587,1.2552767426723557,1.2846590585234587,15472800
2003-05-15,1.2258946895599365,1.2634390117484928,1.2161006444463414,1.2618065930597042,34192800
2003-05-16,1.2291597127914429,1.2356888271185678,1.1801892070499815,1.2340567820463544,22586400
2003-05-19,1.2193652391433716,1.2193652391433716,1.185085950588187,1.2079386850865748,8006400
2003-05-20,1.2520126104354858,1.2520126104354858,1.1899834012489994,1.2079391684269745,19468800
2003-05-21,1.2797619104385376,1.2797619104385376,1.23568848611461,1.2454826219216169,17128800
2003-05-22,1.2667033672332764,1.2748648983529847,1.2536446745918488,1.2650708555209627,15444000
2003-05-23,1.2405859231948853,1.2667036887216299,1.2258947151125272,1.255277037873414,10749600
2003-05-26,1.2209975719451904,1.2405857533019877,1.2193654336573776,1.2291595710376844,21448800
2003-05-27,1.2471153736114502,1.2471153736114502,1.1981448682903213,1.2258946780864273,17992800
2003-05-28,1.2454826831817627,1.268335792393897,1.2405856150373928,1.268335792393897,23529600
2003-05-29,1.2405859231948853,1.2585420621267018,1.2258947151125272,1.2258947151125272,24595200
2003-05-30,1.2454826831817627,1.2454826831817627,1.220997435863719,1.242218126758526,23500800
2003-06-02,1.2193652391433716,1.2454826233118714,1.2063061734439158,1.242218067045561,17208000
2003-06-03,1.2405859231948853,1.2405859231948853,1.2095715553265007,1.2275272272391713,22989600
2003-06-04,1.2911885976791382,1.2993501286930347,1.2487475902842693,1.2487475902842693,32443201
2003-06-05,1.349953532218933,1.3515860443915058,1.2716007004534862,1.2846593967765902,28540800
2003-06-06,1.3319973945617676,1.3630117524700245,1.3173061911974266,1.3450559929199397,10389600
2003-06-09,1.361379861831665,1.3662769305095261,1.3107769433655225,1.32710056789427,24660000
2003-06-10,1.349953532218933,1.3662771594833507,1.3450564627203743,1.359747671216051,22024800
2003-06-11,1.3271009922027588,1.3597478780830425,1.3205714095382408,1.3271009922027588,15552000
2003-06-12,1.349953532218933,1.367909298040596,1.3189387898626708,1.346688974892947,16293600
2003-06-13,1.4021884202957153,1.4152474885817061,1.3597474991592204,1.3597474991592204,21470400
2003-06-16,1.456055760383606,1.456055760383606,1.3826000190536136,1.3956590852698538,16610400
2003-06-17,1.4805411100387573,1.4805411100387573,1.442997167727374,1.457688373053197,21240000
2003-06-18,1.4576886892318726,1.4903355701825576,1.4152476692729163,1.475644361670151,20296800
2003-06-19,1.4576886892318726,1.4576886892318726,1.4576886892318726,1.4576886892318726,0
2003-06-20,1.4478943347930908,1.4772766540423112,1.4152474586998964,1.436467778714364,8625600
2003-06-23,1.4364678859710693,1.4805413214338206,1.4038210074402313,1.4691151381172072,13082400
2003-06-24,1.4021884202957153,1.4560559911560198,1.3956593064699099,1.4364678090442236,8632800
2003-06-25,1.4250414371490479,1.4446296166602903,1.3891296346060586,1.3956591211802805,15904800
2003-06-26,1.4756442308425903,1.48707088101223,1.415247543800001,1.425041681939944,11887200
2003-06-27,1.5344088077545166,1.5556295017596726,1.4740121232751537,1.4740121232751537,20095200
2003-06-30,1.5180854797363281,1.5539969114993695,1.5180854797363281,1.5539969114993695,14479199
2003-07-01,1.5066590309143066,1.5278797253556402,1.4936003360198846,1.5278797253556402,7963200
2003-07-02,1.5082913637161255,1.5131884324003875,1.482173695201333,1.4903353206687426,7034400
2003-07-03,1.490335464477539,1.5131885784143781,1.490335464477539,1.5131885784143781,8316000
2003-07-04,1.5229823589324951,1.5262469152637088,1.4887029762919957,1.4887029762919957,2764800
2003-07-07,1.5409386157989502,1.5458356856800324,1.5131888022163884,1.522982941978553,13528800
2003-07-08,1.5882763862609863,1.5882763862609863,1.5278797913358537,1.5409383933903789,19749600
2003-07-09,1.5882763862609863,1.5882763862609863,1.5882763862609863,1.5882763862609863,0
2003-07-10,1.611129641532898,1.6143941051465764,1.5246147240989856,1.5670561136144336,12974400
2003-07-11,1.581747055053711,1.6323496914961648,1.567055942950079,1.567055942950079,14904000
2003-07-14,1.5768499374389648,1.59480569798553,1.5670558013191982,1.5670558013191982,8424000
2003-07-15,1.5556291341781616,1.5784819611285295,1.5360409567619333,1.567055687759042,11462400
2003-07-16,1.5278797149658203,1.5523649662094787,1.5131885081773326,1.5523649662094787,6926400
2003-07-17,1.5556291341781616,1.567055687759042,1.5197172420722487,1.5197172420722487,15026400
2003-07-18,1.573584794998169,1.573584794998169,1.5344084402907299,1.567055682758321,7704000
2003-07-21,1.6127617359161377,1.6274530377281025,1.5539971824950973,1.5719532284212578,14241600
2003-07-22,1.6323500871658325,1.6405120879239408,1.6160268328803,1.6209238091659597,6854400
2003-07-23,1.6045993566513062,1.6568344907517278,1.6029670320616147,1.6405112448548147,12211200
2003-07-24,1.6323500871658325,1.6486737150667072,1.6062326935013094,1.6290854363087262,10396800
2003-07-25,1.6535706520080566,1.664997303351391,1.6323500483264357,1.64377669966977,14824800
2003-07-28,1.676423192024231,1.6845851906939442,1.6437763181911176,1.6535702682564777,14745600
2003-07-29,1.7025411128997803,1.7139677639207573,1.666629394916168,1.6764235337858189,19044000
2003-07-30,1.6976439952850342,1.7074381333378525,1.6698940931417536,1.6878498572322158,5954400
2003-07-31,1.762938141822815,1.762938141822815,1.6976440120316865,1.6976440120316865,14594400
2003-08-01,1.7515114545822144,1.767835080088432,1.735187829075997,1.7629381045211527,14176800
2003-08-04,1.6862170696258545,17.412275036131486,1.6780554449221265,17.412275036131486,30431213
2003-08-05,1.6976439952850342,1.6976439952850342,1.6715262315416368,1.6976439952850342,43488000
2003-08-06,1.676423192024231,1.718864389537951,1.6535702682564777,1.7041732776322875,15350400
2003-08-07,1.759672999382019,1.761305511303474,1.6715261355822997,1.6715261355822997,12996000
2003-08-08,1.7368202209472656,1.76783495781786,1.7368202209472656,1.7629379825892755,7610400
2003-08-11,1.8168056011199951,1.8168056011199951,1.7384528704158595,1.7417175208266207,11433600
2003-08-12,1.8396583795547485,1.8755700916058775,1.8168054549033363,1.8168054549033363,13003200
2003-08-13,1.901687741279602,1.914746717283931,1.8396586327011482,1.8396586327011482,27518400
2003-08-14,1.8723057508468628,1.9049530082097448,1.8347617037718362,1.9049530082097448,10036800
2003-08-15,1.9212758541107178,1.9212758541107178,1.834761313031324,1.8625112143492555,8344800
2003-08-18,1.9033203125,1.9473936573547481,1.875570407946159,1.9212760781502318,6912000
2003-08-19,1.8886290788650513,1.9359670714436812,1.8853644283715563,1.9147466564283127,7927200
2003-08-20,1.9375993013381958,1.9473932513924523,1.8820991301850039,1.8853641538183352,20793600
2003-08-21,2.0567612648010254,2.063290379203257,1.916378860288898,1.9588202521914528,21340800
2003-08-22,2.082878589630127,2.0894080774382076,2.0355405969540574,2.05349617470524,14882400
2003-08-25,2.1220550537109375,2.1547023074460903,2.1024667761929092,2.1400111927113987,10785600
2003-08-26,2.166128158569336,2.1971428940699185,2.110628361199777,2.122054636228409,11239200
2003-08-27,2.0910401344299316,2.1759219630012283,2.056760751214829,2.1759219630012283,18107999
2003-08-28,2.0894079208374023,2.1008345703470304,2.0110551938588634,2.1008345703470304,20966400
2003-08-29,2.166128158569336,2.174290157205032,2.025746153333726,2.045334240190432,27648000
2003-09-01,2.166128158569336,2.166128158569336,2.09756938755181,2.166128158569336,4485600
2003-09-02,2.1547017097473145,2.1742899818316963,2.1334811127905016,2.1465397117699467,13586400
2003-09-03,2.252642869949341,2.265701469933961,2.1547018756037173,2.1547018756037173,21729600
2003-09-04,2.2559077739715576,2.3293635280022467,2.1987756453750062,2.2640693998809835,13406400
2003-09-05,2.2412161827087402,2.2640691059030815,2.2085693096947825,2.2412161827087402,11311200
2003-09-08,2.1922459602355957,2.2852899896059595,2.154702107621851,2.2412164626815465,13428000
2003-09-09,2.0779809951782227,2.1824516575481065,2.074716532164154,2.1824516575481065,17935200
2003-09-10,2.068187713623047,2.110628922241492,2.0616584118710843,2.0796141784966533,28252800
2003-09-11,2.1367459297180176,2.1416430919542195,2.0681873396799353,2.0681873396799353,13233600
2003-09-12,2.2379515171051025,2.2624367630541573,2.1351133720345126,2.1530691318869386,10432800
2003-09-15,2.143275499343872,2.2379520425313304,2.143275499343872,2.2379520425313304,9086400
2003-09-16,2.166128158569336,2.169392995385139,2.1481723967167206,2.154701883540704,5414400
2003-09-17,2.2232611179351807,2.231422744656696,2.1547023326284824,2.1547023326284824,9770400
2003-09-18,2.3065104484558105,2.3260987229510826,2.188981361907071,2.224892700328055,11426400
2003-09-19,2.267334461212158,2.3065108298734973,2.264069623717967,2.3065108298734973,5918400
2003-09-22,2.2412161827087402,2.254274969275847,2.187348711470377,2.254274969275847,5176800
2003-09-23,2.2134668827056885,2.24121659915851,2.2085697200783,2.21183437062479,6768000
2003-09-24,2.1465396881103516,2.2330543998564507,2.1465396881103516,2.215098452842413,6602400
2003-09-25,2.087775468826294,2.1726578723674996,2.0632902175917587,2.1726578723674996,11174400
2003-09-26,2.1040987968444824,2.1432751559219554,2.0779810373185517,2.0779810373185517,12175200
2003-09-29,2.188981533050537,2.1987756710639186,2.104099128139662,2.104099128139662,10605600
2003-09-30,2.2461137771606445,2.293451770831745,2.1987757834895443,2.1987757834895443,14954400
2003-10-01,2.317936658859253,2.3489513948043035,2.2542750487492937,2.2542750487492937,9424800
2003-10-02,2.3620102405548096,2.4142455767710347,2.2950839787260002,2.3375249909185767,9828000
2003-10-03,2.437098503112793,2.4403631535015395,2.3718043744919983,2.3913926504397653,15400799
2003-10-06,2.5187160968780518,2.54646637476194,2.3962898288606507,2.448525360348019,8553600
2003-10-07,2.5905394554138184,2.632980280293797,2.4925984580342053,2.513818683666567,13464000
2003-10-08,2.6003339290618896,2.7635687084711895,2.6003339290618896,2.6003339290618896,24155999
2003-10-09,2.5252459049224854,2.611760272953218,2.469745719844763,2.611760272953218,17827200
2003-10-10,2.4860687255859375,2.5464658718069253,2.4730101255048025,2.5464658718069253,6451200
2003-10-13,2.5334067344665527,2.5350390593712553,2.4730099657621065,2.4925982382337617,12074400
2003-10-14,2.5268776416778564,2.5480980539835376,2.5138186677561087,2.535039266869416,20044800
2003-10-15,2.5105535984039307,2.5448329789065243,2.5023919745754046,2.535038843504698,13132800
2003-10-16,2.5578930377960205,2.61012839035233,2.512187361169821,2.61012839035233,12945600
2003-10-17,2.6003339290618896,2.6329808102206838,2.5383044438833178,2.5464664443845137,6840000
2003-10-20,2.616656541824341,2.623186215348772,2.575848043776647,2.611759566892446,9136800
2003-10-21,2.5889079570770264,2.698275459420542,2.5840107932063012,2.621554844445923,13255200
2003-10-22,2.6003339290618896,2.6003339290618896,2.5497310951388603,2.598701603684716,11635200
2003-10-23,2.5138189792633057,2.544833719257393,2.4925987511356844,2.544833719257393,9856800
2003-10-24,2.5089223384857178,2.513819314861229,2.466481316141599,2.50565768756871,8366400
2003-10-27,2.5138189792633057,2.5285100932362314,2.4925987511356844,2.5121868408303687,7696800
2003-10-28,2.5578930377960205,2.567686991268121,2.481172614751772,2.508922523204766,4946400
2003-10-29,2.502392292022705,2.577480174808581,2.4942302935435783,2.577480174808581,10288800
2003-10-30,2.57421612739563,2.57421612739563,2.495863208395297,2.495863208395297,10440000
2003-10-31,2.567686080932617,2.5856422163551143,2.531774744125733,2.557892130932818,5256000
2003-11-03,2.629715919494629,2.6313480577992556,2.5562601685970563,2.5676862575752515,9201600
2003-11-04,2.6656265258789062,2.6737885228114058,2.6231857110136088,2.6231857110136088,8740800
2003-11-05,2.567686080932617,2.6656270753915807,2.557892130932818,2.6656270753915807,9576000
2003-11-06,2.5236129760742188,2.574215989734506,2.5236129760742188,2.574215989734506,11253600
2003-11-07,2.4942307472229004,2.5693190172819307,2.4828046571427658,2.5366721382729462,13773600
2003-11-10,2.456686496734619,2.513818619202554,2.4305687362032056,2.513818619202554,8323200
2003-11-11,2.5350394248962402,2.585642438276482,2.4485250716269036,2.4730103223431725,7984800
2003-11-12,2.597069263458252,2.616657356088971,2.5252460080687107,2.5252460080687107,10274400
2003-11-13,2.6884806156158447,2.719494980226016,2.611759839222154,2.611759839222154,18741600
2003-11-14,2.8076419830322266,2.8076419830322266,2.6688924706385833,2.6982746983445725,11023200
2003-11-17,2.7292885780334473,2.792950180231198,2.7211269539104035,2.7521416860007752,6372000
2003-11-18,2.67868709564209,2.7962162146337755,2.670525094407105,2.732554585162319,9453600
2003-11-19,2.631348133087158,2.7064362112454057,2.5938040940080342,2.7064362112454057,18727200
2003-11-20,2.6525685787200928,2.6982744277300688,2.6395099782116755,2.6770538282886327,11210400
2003-11-21,2.639510154724121,2.6770540073117552,2.615024903518174,2.6525687561058082,9273600
2003-11-24,2.619921922683716,2.665627401896349,2.6003336466695646,2.6558334506969183,10130400
2003-11-25,2.708068609237671,2.714597722791102,2.632980347432019,2.6656272228525992,10713600
2003-11-26,2.6901133060455322,2.730922193172668,2.688481354065057,2.7162310760022828,6638400
2003-11-27,2.7864208221435547,2.7864208221435547,2.698273794923199,2.698273794923199,9972000
2003-11-28,2.9170098304748535,2.9170098304748535,2.7749952848031327,2.781524772943197,10929600
2003-12-01,2.9496562480926514,2.980670984979829,2.9170093729360365,2.9170093729360365,9352800
2003-12-02,2.9823036193847656,2.998626870826041,2.930068093926854,2.9496563692716613,10699200
2003-12-03,2.892524480819702,2.9823038656205134,2.874568715944132,2.9823038656205134,9028800
2003-12-04,2.8076419830322266,2.9170096413351763,2.768465617155025,2.8843627631746656,23572800
2003-12-05,2.9055826663970947,2.9333329393897105,2.8255978051622974,2.884362440814307,10605600
2003-12-08,3.0410680770874023,3.075347465596552,2.905582848197767,2.905582848197767,15638400
2003-12-09,3.090038537979126,3.093303188230003,3.047597337487184,3.068817937733155,10209600
2003-12-10,3.016582727432251,3.152067578267578,3.00352375306913,3.1047297769413364,11268000
2003-12-11,3.0361709594726562,3.047597234966346,3.003523710831594,3.014950359940544,7099200
2003-12-12,3.014951229095459,3.068818719182379,2.9888334600148636,3.047598113532757,8589600
2003-12-15,2.9578185081481934,3.076979743752264,2.9398623702927607,3.04759751615653,9086400
2003-12-16,2.9725093841552734,3.0035237476834507,2.897421122336318,2.952921109453349,9936000
2003-12-17,2.9594502449035645,3.0084207452130536,2.938230018569351,2.982303543570944,12715200
2003-12-18,3.0051562786102295,3.0051562786102295,2.9055827661871874,2.9594502417471187,12664800
2003-12-19,3.062289237976074,3.0900393326681383,3.005157096662078,3.005157096662078,46252800
2003-12-22,3.1879799365997314,3.210832864814393,3.060656692898229,3.0639213435552777,24465600
2003-12-23,3.1618621349334717,3.3185675971217834,3.1128916312977126,3.1994059884593975,22932000
2003-12-24,3.1618621349334717,3.1618621349334717,3.1618621349334717,3.1618621349334717,0
2003-12-25,3.1618621349334717,3.1618621349334717,3.1618621349334717,3.1618621349334717,0
2003-12-26,3.2581708431243896,3.2761271699066183,3.161862522865507,3.161862522865507,38531217
2003-12-29,3.4409942626953125,3.4491558897269736,3.2679651543167476,3.2859211074017383,8006400
2003-12-30,3.4099783897399902,3.5144486698697914,3.4099783897399902,3.460581205028812,11606400
2003-12-31,3.4099783897399902,3.4099783897399902,3.4099783897399902,3.4099783897399902,0
2004-01-01,3.4099783897399902,3.4099783897399902,3.4099783897399902,3.4099783897399902,0
2004-01-02,3.462214708328247,3.4654793589916775,3.3414207657047155,3.374068019569661,3787200
2004-01-05,3.7005374431610107,3.700537443161011,3.4818025157130372,3.4818025157130372,16819200
2004-01-06,3.7837870121002197,3.79847831120217,3.7005373134965183,3.7299195380851624,19677600
2004-01-07,3.656463861465454,3.7968456869435765,3.635243261731313,3.716861010495742,17942400
2004-01-08,3.747875690460205,3.754405365296656,3.6238174727973513,3.6891112322393464,20664000
2004-01-09,3.8294930458068848,3.9176400974455183,3.7217580925732423,3.7544049688468637,8748000
2004-01-12,3.765831470489502,3.9910956925223107,3.742978172295674,3.8735664194918535,15285599
2004-01-13,3.527508020401001,3.808272425148329,3.5258760688920634,3.7870518249183314,30045600
2004-01-14,3.569950819015503,3.7005387418219806,3.4034509839276184,3.569950819015503,32731201
2004-01-15,3.481802463531494,3.623816987775478,3.4785374397426123,3.54709621423439,15515999
2004-01-16,3.550361156463623,3.5781110559171667,3.472008433250925,3.4818023835467917,10080000
2004-01-19,3.6091253757476807,3.6678901946282516,3.573213853333358,3.573213853333358,9475200
2004-01-20,3.6238176822662354,3.7429789309011587,3.609126380054157,3.609126380054157,18237600
2004-01-21,3.6123900413513184,3.6238166896341446,3.507919749929531,3.6238166896341446,9568800
2004-01-22,3.569950819015503,3.6678918545242114,3.4622154557866835,3.4622154557866835,9878400
2004-01-23,3.583008050918579,3.63524320001648,3.525875926645611,3.5699494504517326,10252800
2004-01-26,3.656463861465454,3.6891107368020677,3.5470962126226144,3.656463861465454,10382400
2004-01-27,3.8523457050323486,3.8735663039089103,3.6123901909250185,3.6564637136982423,23479200
2004-01-28,3.74297833442688,3.9355956898117053,3.726655083031743,3.852345986850678,19728000
2004-01-29,3.5046558380126953,3.7429786938012577,3.460582307783644,3.7429786938012577,22629599
2004-01-30,3.558523654937744,3.6564646763912174,3.3969208200933747,3.460582633484271,23630400
2004-02-02,3.47200870513916,3.5470964105179963,3.3952879273526198,3.3952879273526198,11008800
2004-02-03,3.677684783935547,3.677684783935547,3.504655694321346,3.525876295917705,13975200
2004-02-04,3.547096014022827,3.7821545494083946,3.494860866962755,3.7217577773749495,17481600
2004-02-05,3.4165077209472656,3.5911690889352177,3.3952871250436534,3.548728270743189,18827999
2004-02-06,3.47200870513916,3.47200870513916,3.155332390160749,3.3740677000498485,15868800
2004-02-09,3.569950819015503,3.635244593611042,3.481803737611505,3.5373035581023333,11224800
2004-02-10,3.6303462982177734,3.656463873294611,3.548728922804565,3.548728922804565,6645600
2004-02-11,3.7788898944854736,3.7870515194481915,3.5732139565030567,3.612390129939343,12801600
2004-02-12,3.7217586040496826,3.8311258974464466,3.667891120029923,3.7788907387839332,10944000
2004-02-13,3.74297833442688,3.805007810574229,3.6352433807578715,3.6776845816157797,15076800
2004-02-16,3.836021900177002,3.836021900177002,3.733183934303031,3.733183934303031,3801600
2004-02-17,3.9388601779937744,3.9617134762370303,3.8131692793474303,3.9290662275597454,25732800
2004-02-18,3.9388601779937744,4.0204779260717265,3.8964193524977206,3.9617134762370303,27878400
2004-02-19,3.803375482559204,3.9372283855897856,3.765831630763498,3.9372283855897856,19569600
2004-02-20,3.827860116958618,3.827860116958618,3.591169273862828,3.6776839867237774,15803999
2004-02-23,3.827860116958618,3.827860116958618,3.827860116958618,3.827860116958618,0
2004-02-24,3.827860116958618,3.827860116958618,3.827860116958618,3.827860116958618,0
2004-02-25,3.9143753051757812,3.9143753051757812,3.7903170932725114,3.7903170932725114,4564800
2004-02-26,3.8637735843658447,3.8703025129104063,3.721759020695192,3.721759020695192,8366400
2004-02-27,4.048227787017822,4.069448386369573,3.852345791297359,3.852345791297359,13658400
2004-03-01,4.115153789520264,4.178815586460884,4.023742467102394,4.0694483151189536,15069600
2004-03-02,4.113522529602051,4.152699084092005,3.9649786853852196,4.090669228136816,15048000
2004-03-03,4.244110107421875,4.255536757307869,4.092301623847891,4.113522224823064,17438400
2004-03-04,4.271859169006348,4.386123777318236,4.1788151574963255,4.24900624734397,16747200
2004-03-05,4.395918369293213,4.407345018602918,4.244109893375499,4.3273595942807805,15840000
2004-03-08,4.342051982879639,4.526507380662566,4.265331563127858,4.428566355683211,11109600
2004-03-09,4.546093940734863,4.568947236441736,4.151065339227272,4.374697211855069,31319998
2004-03-10,4.157595634460449,4.4187713922771925,4.157595634460449,4.374697866390844,34826400
2004-03-11,3.9617135524749756,4.307771705083755,3.917640027443186,4.134742255164097,26611200
2004-03-12,4.178815841674805,4.190242491184432,3.966610586143171,4.0400663377384145,19432799
2004-03-15,4.036800861358643,4.244109491883799,4.015580637076399,4.200035971144061,24443999
2004-03-16,4.058021545410156,4.1020950670856005,4.009051048796383,4.074345168819828,7012800
2004-03-17,4.113522529602051,4.126581132021827,4.0661839749844235,4.09883122826449,24818400
2004-03-18,4.178815841674805,4.178815841674805,4.0433309879939445,4.15759561501386,10749600
2004-03-19,4.167389869689941,4.244110277135598,4.134742617523274,4.178816146417565,9057600
2004-03-22,4.004154205322266,4.1184188257110135,3.973139656079338,4.084139626402015,9309600
2004-03-23,3.9698750972747803,4.041698147609954,3.9502868228127967,4.027007221974911,9086400
2004-03-24,3.9829330444335938,4.048227157390197,3.863771839370212,3.951918499565667,17798400
2004-03-25,4.069448471069336,4.136374920630875,3.9404929208334067,4.023742621301225,16984799
2004-03-26,4.200036525726318,4.2424777271253005,4.048228044124514,4.069448644824005,14651999
2004-03-29,4.226154804229736,4.28818391237719,4.222889780039856,4.237580707625423,9662400
2004-03-30,4.278388977050781,4.309403900317894,4.222889177965301,4.255536426286971,11556000
2004-03-31,4.3289923667907715,4.353477617311516,4.255536615228537,4.278389167006977,10180800
2004-04-01,4.371433258056641,4.39591850893781,4.343683356873353,4.353477681394987,7668000
2004-04-02,4.451419353485107,4.453051305265994,4.386125216790271,4.386125216790271,11606400
2004-04-05,4.461212158203125,4.461212158203125,4.420403286565131,4.420403286565131,7171200
2004-04-06,4.418770790100098,4.451418035589576,4.343682723258655,4.430197438105982,8488800
2004-04-07,4.286550998687744,4.374698054245581,4.2767570474547805,4.340418851314917,6645600
2004-04-08,4.237580299377441,4.315933400079837,4.13637502046994,4.3028744254243465,11822400
2004-04-09,4.237580299377441,4.237580299377441,4.237580299377441,4.237580299377441,0
2004-04-12,4.222888469696045,4.280020957868992,4.177183002218959,4.280020957868992,16235999
2004-04-13,4.152698993682861,4.288183858914938,4.149433969533687,4.280022232580266,12556800
2004-04-14,4.069448471069336,4.190242395852125,4.040066245822769,4.190242395852125,17834400
2004-04-15,3.9062132835388184,4.06944840526906,3.831125209738264,4.06944840526906,24818399
2004-04-16,3.884993076324463,3.917640328135792,3.840919547909876,3.906213677917238,10886400
2004-04-19,3.765831470489502,3.9029486443456527,3.742978172295674,3.9029486443456527,13852800
2004-04-20,3.6450369358062744,3.7446106265809904,3.6319783361081055,3.7446106265809904,17963999
2004-04-21,3.6450369358062744,3.6450369358062744,3.6450369358062744,3.6450369358062744,0
2004-04-22,3.569950819015503,3.602597706313272,3.460583130102565,3.602597706313272,27532800
2004-04-23,3.569950819015503,3.569950819015503,3.569950819015503,3.569950819015503,0
2004-04-26,3.720125913619995,3.831125521481122,3.6548317848917926,3.742978466378813,8316000
2004-04-27,3.7266557216644287,3.773993906053168,3.68911148979115,3.7038027921796806,8049600
2004-04-28,3.547096014022827,3.7658312994616487,3.4720083170373104,3.728287077353648,22946399
2004-04-29,3.3952879905700684,3.579743727943151,3.3153029345552842,3.5699497766979786,28821600
2004-04-30,3.0361709594726562,3.2434792323516786,3.0100531979213327,3.2434792323516786,27518400
2004-05-03,2.9594502449035645,3.036171019188329,2.851715293668795,3.036171019188329,22060800
2004-05-04,3.166759729385376,3.166759729385376,3.0475980974378083,3.0688187029753604,23450400
2004-05-05,3.1520674228668213,3.2206261942588275,3.0818763264618085,3.1994055954744987,9691200
2004-05-06,2.93822979927063,3.101464539042172,2.93822979927063,3.101464539042172,26733600
2004-05-07,2.8207008838653564,2.894156637995263,2.781524519024268,2.894156637995263,24249600
2004-05-10,2.6003339290618896,2.7537747562081503,2.5350397931289717,2.7407159663831,25934401
2004-05-11,2.763568162918091,2.807641686631919,2.6444069394466196,2.6444069394466196,27899999
2004-05-12,2.6982738971710205,2.796214876187139,2.5676856760727396,2.763567634104976,31593600
2004-05-13,2.726024627685547,2.7537745304377235,2.5725836263116055,2.6982747249333707,19044000
2004-05-14,2.67215633392334,2.796214882726193,2.6558327128440853,2.7570385283896486,15364800
2004-05-17,2.6558330059051514,2.6558330059051514,2.5285096067522392,2.6101273475395343,15026400
2004-05-18,2.8941564559936523,2.902318081400851,2.6590980949213345,2.6950096203282716,19519199
2004-05-19,3.0361709594726562,3.0867735970818866,2.9594501866968423,2.9594501866968423,28238401
2004-05-20,2.9969944953918457,3.068817730089582,2.8941563381787803,2.9382298608140403,17143200
2004-05-21,3.0475971698760986,3.0475971698760986,2.9382298980255968,2.9920973714330157,13428000
2004-05-24,3.090038537979126,3.1765528904731757,3.042700175303233,3.0884062128536875,8229600
2004-05-25,3.090038537979126,3.1096268130996587,3.042700175303233,3.1096268130996587,10893600
2004-05-26,3.1079938411712646,3.11778797728196,3.026376476133221,3.0900380806413295,11930400
2004-05-27,3.1847143173217773,3.2206262150704723,3.1128912690548853,3.1128912690548853,23248800
2004-05-28,3.1341118812561035,3.22062622871681,3.10962663218379,3.210832278533985,16811999
2004-05-31,2.3832311630249023,2.3832311630249023,2.302266483661803,2.3832311630249023,2604600
2004-06-01,2.389760732650757,2.409349010406709,2.3179371098148196,2.3636429667069336,7750800
2004-06-02,2.404778003692627,2.4811720565180124,2.354501901480705,2.415877927214938,19089000
2004-06-03,2.409348964691162,2.409348964691162,2.355154568694685,2.400207531955465,17604000
2004-06-04,2.461583375930786,2.461583375930786,2.3995542808571595,2.447871696961468,10834200
2004-06-07,2.481172800064087,2.5072905716967537,2.461584518041512,2.461584518041512,15093000
2004-06-08,2.441995859146118,2.507289992944531,2.423060661220714,2.4811722273405707,23448600
2004-06-09,2.3799664974212646,2.4674604773890967,2.321854559282524,2.448525279983875,14736600
2004-06-10,2.3799664974212646,2.3799664974212646,2.3799664974212646,2.3799664974212646,0
2004-06-11,2.4158780574798584,2.4158780574798584,2.355154547579145,2.3793134477108433,4219200
2004-06-14,2.3146727085113525,2.3962901054035357,2.304878755385821,2.3962901054035357,24627600
2004-06-15,2.349277973175049,2.3832310095124667,2.2885546543717856,2.3499310526948154,12216600
2004-06-16,2.396289348602295,2.396289348602295,2.2604781521615713,2.3571129880498876,18005400
2004-06-17,2.3636434078216553,2.411308325554019,2.3179375423996884,2.324467031806125,13932000
2004-06-18,2.30814266204834,2.3832309255256527,2.2787604361541662,2.31793679961561,12643200
2004-06-21,2.262436628341675,2.3603776063061837,2.246113007475863,2.3309952008322767,12213000
2004-06-22,2.1964900493621826,2.2976958917003008,2.1742903895725414,2.2206489477044107,16479000
2004-06-23,2.317936658859253,2.321201682529469,2.187348788584369,2.2330546365843906,26040600
2004-06-24,2.3375251293182373,2.3656015704896083,2.321201877671125,2.3401368869433035,35193600
2004-06-25,2.3832311630249023,2.4171842015493565,2.317937030608018,2.317937030608018,15114600
2004-06-28,2.3048787117004395,2.4387314567635605,2.2950845719528594,2.4093492243284977,11435400
2004-06-29,2.461583375930786,2.474642162284331,2.317936539234177,2.317936539234177,21720600
2004-06-30,2.473336696624756,2.4746424820250192,2.389760453163448,2.473336696624756,45527400
2004-07-01,2.456360340118408,2.4681133426371695,2.4158778173999287,2.449177773260841,9779400
2004-07-02,2.5334067344665527,2.5353654122676295,2.4563599902034827,2.4739893980664505,18106200
2004-07-05,2.579113006591797,2.585642494100672,2.526877853751366,2.533407154452599,14650200
2004-07-06,2.4837844371795654,2.5529957481667993,2.46288999829666,2.5144724554355173,14778000
2004-07-07,2.484436273574829,2.5379773904856004,2.422406992322174,2.5040243595028384,11255400
2004-07-08,2.5072896480560303,2.5072896480560303,2.4302425209936165,2.4877013732494264,13491000
2004-07-09,2.5072896480560303,2.5072896480560303,2.5072896480560303,2.5072896480560303,0
2004-07-12,2.5725831985473633,2.579112685242685,2.5262244594757193,2.5262244594757193,19413000
2004-07-13,2.6692192554473877,2.6757487442204724,2.5725840171748757,2.5725840171748757,23833800
2004-07-14,2.7749950885772705,2.806336181095001,2.625471632777217,2.6444072030867276,27381600
2004-07-15,2.7554070949554443,2.8507363545447144,2.7443073570598733,2.8024189253614082,16639200
2004-07-16,2.7560598850250244,2.8076419595597,2.750836182810754,2.789359842444163,10627200
2004-07-19,2.7116594314575195,2.7521419503106404,2.6803183434768556,2.7521419503106404,6798600
2004-07-20,2.782830238342285,2.788053566722707,2.664647880299052,2.716230326290696,6525000
2004-07-21,2.703172206878662,2.8076423424505554,2.663995835986325,2.7880540636005513,8344800
2004-07-22,2.677053689956665,2.7423478099705676,2.658118496028748,2.690112289790302,8722800
2004-07-23,2.6737890243530273,2.755406393681406,2.6411417777294863,2.6783594595450095,11251800
2004-07-26,2.6378772258758545,2.7097004561630036,2.6124125462289767,2.7097004561630036,8812800
2004-07-27,2.7678122520446777,2.7678122520446777,2.644406588816336,2.644406588816336,8089200
2004-07-28,2.8161306381225586,2.8207012613342415,2.735819032749043,2.7880540060529837,14437800
2004-07-29,2.8076419830322266,2.869671462514023,2.778259755326237,2.8422480998038053,16282800
2004-07-30,2.8722822666168213,2.872935345979491,2.7945826351429512,2.8076412334747767,16167600
2004-08-02,2.9192941188812256,2.9382296857110606,2.814170937081107,2.8703236241193744,9765000
2004-08-03,2.9839346408843994,3.000258260853225,2.9369230188785553,2.9369230188785553,12240000
2004-08-04,2.9708762168884277,3.033558383214828,2.9192937840061717,2.98393481473217,28008000
2004-08-05,2.8598763942718506,2.9904642295302173,2.7854412347707944,2.9839345575559366,12182400
2004-08-06,2.9219064712524414,2.9219064712524414,2.7684654790451853,2.844859341992773,9979200
2004-08-09,2.8272299766540527,2.925823867620951,2.7841358850946794,2.925823867620951,21841200
2004-08-10,2.833759307861328,2.866406180961605,2.7880532745441795,2.8533473943599703,13242600
2004-08-11,2.8363709449768066,2.872282466503664,2.798500372033205,2.82070040171896,13539600
2004-08-12,2.8350651264190674,2.872935701412454,2.797847444061527,2.8370238043266056,12771000
2004-08-13,2.8174357414245605,2.8657535330382067,2.7926241397839933,2.846817965169946,7887600
2004-08-16,2.8859949111938477,2.8859949111938477,2.8076421741071256,2.8076421741071256,7515000
2004-08-17,2.8859949111938477,2.9336598198350097,2.8598777057802613,2.9062362684508267,10722600
2004-08-18,2.979365348815918,2.987200621662728,2.837024091746441,2.8859945937409117,15017400
2004-08-19,2.9806714057922363,3.0361714002862024,2.931700899336007,2.979365620269283,11088000
2004-08-20,2.993729591369629,3.0133178659474775,2.957818252797256,2.990465128016829,11763000
2004-08-23,2.91211199760437,3.0133176394309715,2.90558251096671,2.9872002533031825,9448200
2004-08-24,2.8729357719421387,2.9676121183460693,2.850083034665531,2.9676121183460693,10481400
2004-08-25,2.8892598152160645,2.9088480920761834,2.8102540018366104,2.8644478359599477,9262800
2004-08-26,2.823965072631836,2.8598769680422746,2.7887062566343954,2.8526942153449624,8420400
2004-08-27,2.877506732940674,2.894483064734087,2.82723025667389,2.82723025667389,12288600
2004-08-30,2.93822979927063,2.93822979927063,2.8533474058080173,2.8664061924620454,5196600
2004-08-31,2.961082696914673,2.9885062437839895,2.941494609271701,2.951288559689372,10339200
2004-09-01,2.918642282485962,2.9885068558979238,2.8729364239447155,2.9676127918351067,11757600
2004-09-02,3.006789445877075,3.0094008303539366,2.8729365167379077,2.914724833020934,18142200
2004-09-03,3.0015649795532227,3.0231121197810507,2.98393556911505,3.002871138559959,11957400
2004-09-06,3.0100533962249756,3.0152767247102,2.9969947948004525,3.0048300677397517,2345400
2004-09-07,3.0100533962249756,3.0100533962249756,3.0100533962249756,3.0100533962249756,0
2004-09-08,2.920600414276123,3.0361708172074318,2.920600414276123,3.023764736275949,10193400
2004-09-09,2.892524480819702,2.9591242115140894,2.8174362103366577,2.925171360013039,15024600
2004-09-10,2.8729357719421387,2.8873005311291284,2.822006408943426,2.8722826924826386,13649400
2004-09-13,2.8402888774871826,2.9219062494282833,2.8161299814631344,2.8735888309954354,7844400
2004-09-14,2.9049298763275146,2.908847605767624,2.827882754068885,2.8598771086119914,5544000
2004-09-15,2.8957886695861816,2.92517108223922,2.8762005812917923,2.9114592149447476,7304400
2004-09-16,2.91211199760437,2.91211199760437,2.8735887176303594,2.8957883744140287,7565400
2004-09-17,2.9036242961883545,2.93692425583615,2.8912187731807433,2.9147245940837174,11079000
2004-09-20,2.8859949111938477,2.9780595173764914,2.8859949111938477,2.96434783508823,8897400
2004-09-21,2.8859949111938477,2.9297420895768433,2.8598777057802613,2.9186421651914727,13078800
2004-09-22,2.8076419830322266,2.89905387702766,2.7880537066898015,2.8964419324948656,16750800
2004-09-23,2.7978477478027344,2.8533477376425265,2.7684655211160245,2.8533477376425265,14149800
2004-09-24,2.754753828048706,2.8141715515105363,2.743001011352085,2.8011129493176923,15094800
2004-09-27,2.677053689956665,2.7554064098042046,2.677053689956665,2.7554064098042046,16074000
2004-09-28,2.8631417751312256,2.8631417751312256,2.638530626432245,2.702518592832207,11050200
2004-09-29,2.837024450302124,2.8886069032390567,2.7939305376020913,2.853348077568427,11471400
2004-09-30,2.8990538120269775,2.921906551503887,2.8076419200811213,2.8363714412212295,13393800
2004-10-01,2.8729357719421387,2.9219062701776024,2.864447420237269,2.9042768609236154,13717800
2004-10-04,2.9578185081481934,2.970224030382705,2.8794655898801578,2.8899124339338953,13417200
2004-10-05,3.039436101913452,3.0492300539229484,2.922559889302988,2.944759551219378,15159600
2004-10-06,3.072082757949829,3.098853414549511,3.003523978042524,3.0165829533838027,16203600
2004-10-07,3.075347900390625,3.1040772380157544,3.0296420425831774,3.038783102060068,8937000
2004-10-08,2.9969944953918457,3.115176283576681,2.9741413847590965,3.0818763302095125,7119000
2004-10-11,2.9969944953918457,3.036170856174508,2.9578181346091834,2.9969944953918457,2898000
2004-10-12,2.9969944953918457,2.9969944953918457,2.9969944953918457,2.9969944953918457,0
2004-10-13,2.842900276184082,3.0329056619984933,2.810906483520015,3.0329056619984933,24201000
2004-10-14,2.7521414756774902,2.8435529665229735,2.74234734067072,2.7723822645942833,14182200
2004-10-15,2.808948040008545,2.8592243276883007,2.794583279638534,2.8011127671178957,9151200
2004-10-18,2.7652010917663574,2.8141715980296333,2.703824689045622,2.8089482691507444,7718400
2004-10-19,2.6542019844055176,2.8011135312898707,2.6542019844055176,2.788054365960835,21186000
2004-10-20,2.615677833557129,2.677054427901256,2.5569133708765404,2.677054427901256,15555600
2004-10-21,2.6522417068481445,2.692723846203243,2.579765404723064,2.579765404723064,9442800
2004-10-22,2.571277618408203,2.7364716087746177,2.5693187535625825,2.7031716536296035,12745800
2004-10-25,2.5921716690063477,2.6032719661595807,2.48378400452279,2.5562603274966778,14171400
2004-10-26,2.677053689956665,2.677053689956665,2.5595244233777357,2.608494919984353,7884000
2004-10-27,2.7194952964782715,2.801113057805861,2.678360062831608,2.7097011576466543,13199400
2004-10-28,2.6835834980010986,2.69598920668998,2.5987012812657126,2.6764009309788754,7858800
2004-10-29,2.7514889240264893,2.7586711167217586,2.6868478821157002,2.6933773689749545,7216200
2004-11-01,2.8076419830322266,2.8076419830322266,2.732554088539992,2.754753748992268,3808800
2004-11-03,2.8579185009002686,2.8716301815584777,2.833106523560977,2.8402890904496347,15611400
2004-11-04,2.9055826663970947,2.9121121533840415,2.8076416692462884,2.8598771915266052,15102000
2004-11-05,2.8207008838653564,2.912112401827896,2.794583307304631,2.912112401827896,6960600
2004-11-08,2.767159938812256,2.8141715796847055,2.742348332866735,2.8141715796847055,17164800
2004-11-09,2.791318893432617,2.8011130321746145,2.706436482207082,2.776954131703334,23783400
2004-11-10,2.846818208694458,2.846818208694458,2.7945832435719105,2.8396360154097864,10557000
2004-11-11,2.847470998764038,2.847470998764038,2.792624094812335,2.8011124462439083,7345800
2004-11-12,2.9826297760009766,2.9826297760009766,2.8644474258228603,2.8644474258228603,16372800
2004-11-15,2.9826297760009766,2.9826297760009766,2.9826297760009766,2.9826297760009766,0
2004-11-16,2.9904656410217285,2.9983009148354585,2.925824398548881,2.9447595968968114,9941400
2004-11-17,3.0427002906799316,3.05575945260154,2.9519418520567293,2.983935649897663,17726400
2004-11-18,3.0485763549804688,3.098199931756939,2.951941519217177,3.036170834401596,21834000
2004-11-19,3.016582727432251,3.049229602917155,2.931047435434263,3.049229602917155,13255200
2004-11-22,3.0198466777801514,3.035517219215143,2.9584701102817164,2.990464459291439,13060800
2004-11-23,3.0779595375061035,3.0884067564013242,3.029642107505012,3.0355185163523424,23128200
2004-11-24,3.166759729385376,3.166759729385376,3.075348191912947,3.0818773072351675,21886200
2004-11-25,3.2614357471466064,3.2640473182660887,3.192876961453308,3.215729890017741,13514400
2004-11-26,3.3495826721191406,3.354805814142015,3.21377089191106,3.21377089191106,13509000
2004-11-29,3.3561108112335205,3.426628442590721,3.2646994958472186,3.34827572642451,17267400
2004-11-30,3.382229804992676,3.4083473851414197,3.3299946446951885,3.335871240334407,34932600
2004-12-01,3.3299942016601562,3.4547054901725938,3.298000030128819,3.3952879565374183,46296000
2004-12-02,3.264700174331665,3.362641183297768,3.2320532958813972,3.362641183297768,13138200
2004-12-03,3.343052625656128,3.36917057455838,3.264699899795175,3.264699899795175,19629000
2004-12-06,3.310405731201172,3.372434832050703,3.294082106633538,3.3267289821535404,14221800
2004-12-07,3.091670513153076,3.290164264215802,3.081876376109635,3.081876376109635,36682200
2004-12-08,3.1073408126831055,3.134111651085743,3.0524939110952363,3.0981997558222663,20876400
2004-12-09,3.0688180923461914,3.199405977036894,3.0133181012469086,3.165453313824957,20322000
2004-12-10,3.0949361324310303,3.1079947352584245,3.049883168084338,3.075347854574614,5794200
2004-12-13,3.1928768157958984,3.1928768157958984,3.0949359913998093,3.121053382672133,15199200
2004-12-14,3.2418477535247803,3.2575183024615963,3.203977353664647,3.222259847565278,14292000
2004-12-15,3.2764527797698975,3.3032234350717817,3.2451116888085436,3.2451116888085436,29764800
2004-12-16,3.315629720687866,3.329994482473727,3.264700348475018,3.264700348475018,18468000
2004-12-17,3.3234646320343018,3.33652360759054,3.2842884525961864,3.2973470545371253,8472600
2004-12-20,3.2255234718322754,3.329994150539627,3.2229119010126146,3.329994150539627,13712400
2004-12-21,3.281024694442749,3.287553997188976,3.2255245002536173,3.2255245002536173,7074000
2004-12-22,3.2522945404052734,3.3371769542774796,3.2451121593166823,3.310406295094123,7389000
2004-12-23,3.263394355773926,3.2712298157471142,3.225523588595674,3.2647001412310255,5554800
2004-12-24,3.263394355773926,3.263394355773926,3.263394355773926,3.263394355773926,0
2004-12-27,3.264700174331665,3.314323758357536,3.2261767008419233,3.264700174331665,4633200
2004-12-28,3.311711311340332,3.314323255500018,3.258170005411568,3.2646996790031624,7038000
2004-12-29,3.305835485458374,3.3430531764802915,3.2842887158059617,3.329994573492809,11718000
2004-12-30,3.3162827491760254,3.324770541862868,3.232053418491435,3.3162827491760254,6834600
2004-12-31,3.3162827491760254,3.3162827491760254,3.3162827491760254,3.3162827491760254,0
2005-01-03,3.1798176765441895,3.3626410873244343,3.1602294005869793,3.313670584239053,10431000
2005-01-04,3.0557594299316406,3.2189941891458416,3.049229755615457,3.174594496041381,13831200
2005-01-05,3.0100533962249756,3.100812207948079,2.9780592249504383,3.0100533962249756,13892400
2005-01-06,2.9839346408843994,3.0557584193011675,2.9447582892128628,3.019193450792573,13728600
2005-01-07,3.0289885997772217,3.085141669522653,3.00091234511597,3.00091234511597,12978000
2005-01-10,3.075347900390625,3.0851420394647446,2.9904656730943646,3.0427006456051164,21312000
2005-01-11,3.1243178844451904,3.1412944017775026,3.0753473841033925,3.0884061717406963,19170000
2005-01-12,3.166759729385376,3.173289405130645,3.036171818710477,3.147824529039436,10891800
2005-01-13,3.297346591949463,3.316934865728114,3.19222321716544,3.19222321716544,16801200
2005-01-14,3.4148759841918945,3.421405284481896,3.2189939865697714,3.25817016192504,20278800
2005-01-17,3.4148759841918945,3.4605818334524248,3.39528770970663,3.4148759841918945,9761400
2005-01-18,3.297346591949463,3.4148758610061227,3.2973465919494624,3.326728815809816,10423800
2005-01-19,3.3234646320343018,3.349582583146778,3.2679648265547137,3.318241490150166,9192600
2005-01-20,3.2124645709991455,3.2973465925689176,3.18634699716112,3.2973465925689176,10733400
2005-01-21,3.3299942016601562,3.3397881528071593,3.1994059446750565,3.234012060681433,11588400
2005-01-24,3.4644994735717773,3.4801700180321093,3.316934899692216,3.3234641998135417,12682800
2005-01-26,3.4866995811462402,3.6042288602712853,3.4083468529346366,3.522611108137496,19697400
2005-01-27,3.3626410961151123,3.4409938265334965,3.303876641705147,3.429241010374561,20615400
2005-01-28,3.3554587364196777,3.378964742497344,3.2914703926398197,3.378964742497344,13159800
2005-01-31,3.4214060306549072,3.4246706815118944,3.375700171426405,3.3796179019009265,4698000
2005-02-01,3.4409942626953125,3.4507885887486425,3.3757001255960164,3.4214059842039903,14968800
2005-02-02,3.5324056148529053,3.5382818362622848,3.448176287575679,3.450135152583905,19278000
2005-02-03,3.5369765758514404,3.5519940449900846,3.4867002785612313,3.5258768373108262,14909400
2005-02-04,3.6434059143066406,3.6434059143066406,3.5193469438210636,3.538935221982751,8731800
2005-02-09,3.6956400871276855,3.7413459327655585,3.519346004348681,3.7086986866726606,12751200
2005-02-10,3.7086987495422363,3.7322043785677486,3.595740292379373,3.6878046910238975,19470600
2005-02-11,3.7217586040496826,3.7544054848099218,3.6891113496741172,3.70151724655838,12209400
2005-02-14,3.6505866050720215,3.7674627786729964,3.612063515856572,3.69237509109806,12960000
2005-02-15,3.7119641304016113,3.7217580811691047,3.56570533307957,3.5898640438649396,23857200
2005-02-16,3.8196990489959717,3.8196990489959717,3.6466699716841804,3.679316847564526,27810000
2005-02-17,3.9568166732788086,3.9692221949225455,3.8392873948775543,3.8392873948775543,36838800
2005-02-18,3.999257802963257,4.093934162899079,3.9241697198443815,3.958775463838981,28477800
2005-02-21,3.9829330444335938,4.0560626153356765,3.9372275763406903,4.0025213156820945,14396400
2005-02-22,4.0286383628845215,4.219949494950875,3.956815333660706,4.1788144669255,43437600
2005-02-23,4.0436577796936035,4.074346169350665,4.0221110099507,4.074346169350665,18585000
2005-02-24,4.387756824493408,4.387756824493408,4.106992418883256,4.106992418883256,41380200
2005-02-25,4.368168830871582,4.569927442939333,4.319198326607931,4.3714334813404525,33926400
2005-02-28,4.387756824493408,4.45631560076672,4.257168572463688,4.374697849844327,11637000
2005-03-01,4.298957347869873,4.557521550820935,4.283286801436939,4.505286396044489,21304800
2005-03-02,4.342051982879639,4.374046160633401,4.217993376146812,4.302222343792155,24012000
2005-03-03,4.400815486907959,4.485697889272709,4.348580708428905,4.446521712009599,14889600
2005-03-04,4.557520866394043,4.557520866394043,4.35837422861,4.384491428460769,18916200
2005-03-07,4.544463157653809,4.680927272265277,4.505286602964513,4.574498092818245,15098400
2005-03-08,4.508550643920898,4.5444625431324805,4.446521543268551,4.5372797896749,18063000
2005-03-09,4.366861343383789,4.469373130275457,4.328991334741966,4.4334612388117565,23443200
2005-03-10,4.29503870010376,4.359026657628283,4.225174148816847,4.337479520781405,17748000
2005-03-11,4.250638484954834,4.420402493733098,4.24476189192502,4.374696655363884,13482000
2005-03-14,4.244110107421875,4.309404235528924,4.015581219470134,4.217992530902113,15309000
2005-03-15,4.215381145477295,4.302874750455565,4.17881616312598,4.276757172786985,13093200
2005-03-16,4.21146297454834,4.289815699351768,4.159227451064125,4.217992274878143,24926400
2005-03-17,4.351844310760498,4.3551089605585975,4.146168384558473,4.152698057769893,16803000
2005-03-18,4.253905296325684,4.387758241851787,4.231052737134557,4.367516880649524,12592800
2005-03-21,4.214075565338135,4.3087519374997045,4.2016700411546,4.253904830052798,12070800
2005-03-22,4.1592278480529785,4.387757117561322,4.1592278480529785,4.2904688147310965,19285200
2005-03-23,4.100463390350342,4.257821934383079,4.068469591526197,4.180122281678388,15449400
2005-03-24,4.1559624671936035,4.245415294267237,4.147474302723369,4.178815390128188,21234600
2005-03-28,4.046921730041504,4.201668675608435,3.924822030646672,4.178815379118826,15184800
2005-03-29,3.9111106395721436,4.144210342872196,3.8294932575672385,4.10046335438343,19411200
2005-03-30,4.035168647766113,4.101768547307497,3.852345276910485,3.973139183050037,17575200
2005-03-31,4.133110523223877,4.151392640080067,4.015581241434446,4.054757793236019,19292400
2005-04-01,4.208197593688965,4.237579816295166,4.152698171979679,4.191874344249537,11442600
2005-04-04,4.12005090713501,4.210809518620348,4.097197984408501,4.195138975060618,10564200
2005-04-05,3.9633467197418213,4.165105377547218,3.953552766114971,4.1396405003327965,16844400
2005-04-06,3.845815420150757,3.9959919134403896,3.8445096350652443,3.983586021090046,17397000
2005-04-07,3.9241695404052734,3.924169540405273,3.770728730650249,3.90392855857634,19927800
2005-04-08,3.7217586040496826,3.917640635841771,3.708699627576391,3.914375611511954,21319200
2005-04-11,3.558523654937744,3.7674643014436353,3.558523654937744,3.743305959508657,15391800
2005-04-12,3.6381826400756836,3.677359203024926,3.5023712027849934,3.5513417196638493,17119800
2005-04-13,3.5552585124969482,3.718493276607413,3.5062880085407495,3.591170041044356,22852800
2005-04-14,3.3241169452667236,3.551992709695336,3.297999373790447,3.5454637838452836,27088200
2005-04-15,3.4279353618621826,3.4279353618621826,3.281676552290472,3.281676552290472,30637800
2005-04-18,3.4736404418945312,3.486699416119351,3.3626408422522345,3.427934966145813,18590400
2005-04-19,3.5578694343566895,3.574846136652631,3.4932283958714154,3.519345968309141,15303600
2005-04-20,3.480170249938965,3.6172874297000828,3.480170249938965,3.499758525223489,12612600
2005-04-22,3.4514408111572266,3.5193461289802133,3.440993408089947,3.5193461289802133,9016200
2005-04-25,3.5977001190185547,3.6042294206475276,3.447523939860158,3.4964944493081282,14765400
2005-04-26,3.656463861465454,3.7478751871310245,3.584640436832694,3.584640436832694,45507600
2005-04-27,3.6205525398254395,3.721758579380469,3.5813763578958913,3.649934769676431,21979800
2005-04-28,3.507593870162964,3.6368759735254104,3.4677646107665137,3.5976997936789346,28114200
2005-04-29,3.6022706031799316,3.627082398037286,3.476906216888468,3.583988110038089,25061400
2005-05-02,2.938883066177368,3.042047780651547,2.929088927615072,3.042047780651547,35168400
2005-05-03,2.9708762168884277,3.00091151499029,2.917987998944834,2.941493998124825,24823800
2005-05-04,3.0133180618286133,3.04270028879775,2.9663062371472932,3.0009123530510142,19198800
2005-05-05,2.9708762168884277,3.0753466809066863,2.951287946507632,3.0237642480244302,22534200
2005-05-06,3.075347900390625,3.0779594715488807,2.9904656730943646,3.075347900390625,15926400
2005-05-09,3.0231122970581055,3.089059507000232,3.019847646580377,3.0753476387400043,13154400
2005-05-10,2.892524480819702,3.0485768697284055,2.859877601626365,3.0296418591316177,20503800
2005-05-11,2.8859949111938477,2.961083184411532,2.8468185426504866,2.8925245861625655,28288800
2005-05-12,2.7423479557037354,2.9284358153363916,2.677706911692472,2.8879532943857544,36495000
2005-05-13,2.6705241203308105,2.7880531964536504,2.564747858416448,2.7880531964536504,42120000
2005-05-16,2.677053689956665,2.722759536604873,2.613065728818317,2.690112289790302,23169600
2005-05-17,2.657465696334839,2.6764008922560105,2.611759844875306,2.670524484350757,14425200
2005-05-18,2.7554070949554443,2.80698954852427,2.6783601412099567,2.7834837267251213,23515200
2005-05-19,2.689459800720215,2.7325538935132667,2.6457128152443863,2.7325538935132667,13872600
2005-05-20,2.693377733230591,2.725371531979611,2.6607304813266888,2.709700985567245,8496000
2005-05-23,2.6444075107574463,2.696642671031104,2.595437001298975,2.6933780202159174,13707000
2005-05-24,2.6901133060455322,2.6959899023598384,2.579113671065869,2.6124136362828443,34752600
2005-05-25,2.5889079570770264,2.7090490331284363,2.586296011807506,2.6959900540116366,32004000
2005-05-27,2.709700345993042,2.709700345993042,2.6182888468302186,2.6280829827281367,22471200
2005-05-30,2.788053274154663,2.8331062280297217,2.6907653606879833,2.7097005545558033,7608600
2005-05-31,2.788053274154663,2.859877067472665,2.748876914355233,2.774994674362472,27437400
2005-06-01,2.814824104309082,2.869671007847297,2.767812472704898,2.7945829384442646,18050400
2005-06-02,2.901665210723877,2.901665210723877,2.815477207291466,2.8592243819371697,26413200
2005-06-03,2.844207286834717,2.931701087129789,2.8435542072237494,2.8990542052728374,11309400
2005-06-06,2.72275972366333,2.843553648499427,2.685542225880745,2.788053474547791,16930800
2005-06-07,2.677053689956665,2.765200546487052,2.6091479994221305,2.6959888838845822,18565200
2005-06-08,2.625471591949463,2.7416950884401667,2.6052307969265676,2.735818680386386,24418800
2005-06-09,2.611759662628174,2.625471342386185,2.5595245142094405,2.585642275226433,16882200
2005-06-10,2.6378772258758545,2.690112183570755,2.5921711942247376,2.638530305287845,20365200
2005-06-13,2.6372249126434326,2.7097012433987526,2.6032722456603152,2.686848501145321,11390400
2005-06-14,2.768465280532837,2.768465280532837,2.534059819693093,2.6372243306962746,30834000
2005-06-15,2.703172206878662,2.711007481057129,2.6248192782863162,2.703172206878662,14131800
2005-06-16,2.8076419830322266,2.8141714707489176,2.7554068285292908,2.7619365030536294,15222600
2005-06-17,2.833759307861328,2.872935667666231,2.8030712994532014,2.833759307861328,16540200
2005-06-20,2.8011133670806885,2.8272307621692243,2.761936994236362,2.8207014600990106,8548200
2005-06-21,2.758671283721924,2.795888781969057,2.70317166950044,2.795888781969057,16686000
2005-06-22,2.7057833671569824,2.7684657421993517,2.677707297256916,2.7684657421993517,10953000
2005-06-23,2.6052305698394775,2.716230167701129,2.585642295624111,2.6770538060780233,10463400
2005-06-24,2.6052305698394775,2.628083307347235,2.566054208216372,2.6052305698394775,10245600
2005-06-27,2.5595242977142334,2.6045772495203448,2.5072893405213765,2.5876009211239976,11885400
2005-06-28,2.579113006591797,2.630695453531275,2.5725835190829223,2.579113006591797,12627000
2005-06-29,2.5399365425109863,2.6313480564025484,2.521001347049643,2.594130371355258,15440400
2005-06-30,2.474641799926758,2.5464653945656712,2.4576654735567716,2.5373239652453305,16075800
2005-07-01,2.481172800064087,2.5203491773015343,2.4641964633317106,2.4641964633317106,6354000
2005-07-04,2.432201385498047,2.4811718857001233,2.432201385498047,2.4641955552238817,3873600
2005-07-05,2.3891074657440186,2.477254335119155,2.368866296798626,2.4256720736677266,14189400
2005-07-06,2.389760732650757,2.440037025785953,2.2983488320588674,2.3799665937727807,20925000
2005-07-07,2.3375251293182373,2.370172379843025,2.308142715930513,2.349931024739212,18340200
2005-07-08,2.3251192569732666,2.3825777338709355,2.3244661775072584,2.342748666402935,13597200
2005-07-11,2.455054521560669,2.458319545903171,2.337525414113396,2.3629899139545576,10782000
2005-07-12,2.607841730117798,2.607841730117798,2.4485247266483476,2.5066362780393074,20932200
2005-07-13,2.6783599853515625,2.7097010792599687,2.5869484614520446,2.6058836589864596,23369400
2005-07-14,2.703172206878662,2.7358190892184404,2.6574661606260945,2.684889713654566,13838400
2005-07-15,2.634612560272217,2.6737889184145422,2.6124125305877604,2.6417947524926015,10436400
2005-07-18,2.611759662628174,2.6692185126964065,2.5660541879732213,2.611759662628174,8078400
2005-07-19,2.6901133060455322,2.6933783308526222,2.554302060478107,2.5921722758327097,14853600
2005-07-20,2.823965072631836,2.8611825664454353,2.6574653157634933,2.6574653157634933,22352400
2005-07-21,2.9545536041259766,2.983283126969634,2.840289339543071,2.859877616607809,31375800
2005-07-22,2.8304948806762695,3.000259119858172,2.823965393457764,2.9512886195460992,25635600
2005-07-25,2.7514889240264893,2.8076416143394853,2.7168831854145483,2.7880533405693453,22802400
2005-07-26,2.8729357719421387,2.8729357719421387,2.684889051245652,2.684889051245652,18858600
2005-07-27,2.840941905975342,2.9382302069602755,2.774995070924052,2.9003596270051095,23369400
2005-07-28,2.9055826663970947,2.9375768350601663,2.796541746856869,2.8918709865744225,17035200
2005-07-29,2.925171375274658,2.9663064208559597,2.8905656308430276,2.8905656308430276,9808200
2005-08-01,2.891871452331543,2.923212546578294,2.829189077030384,2.905583134362582,13968000
2005-08-02,2.9708762168884277,3.0165820565718904,2.8990529947098893,2.8990529947098893,9298800
2005-08-03,2.993729591369629,3.0982000777721024,2.9747943962699717,2.990465128016829,15989400
2005-08-04,2.9597768783569336,3.03617092368756,2.9382299261492517,2.9447590395467764,15429600
2005-08-05,2.9578185081481934,3.0035239879552824,2.925171256494894,2.989812306651626,8640000
2005-08-08,3.0368242263793945,3.0557597984802367,2.9969951510464505,2.9969951510464505,15642000
2005-08-09,3.1856939792633057,3.2039764681108007,3.05575918701425,3.06685892260035,21546000
2005-08-10,3.1086466312408447,3.147169905890929,3.0426994417795346,3.1341113080355445,28121400
2005-08-11,3.076000452041626,3.2581706077265746,3.0492299809359973,3.1145241136157082,29075400
2005-08-12,3.109299898147583,3.132805714783394,2.9121121207433545,2.9545531318561076,19287000
2005-08-15,3.1341118812561035,3.192876329583555,3.0590236222010674,3.0968943848615424,15508800
2005-08-16,3.114523410797119,3.192876128162631,3.0884058383419486,3.114523410797119,12069000
2005-08-17,3.183081865310669,3.183081865310669,3.079264478317432,3.13411137507512,21963600
2005-08-18,3.08579421043396,3.166758880147578,3.0557592792448016,3.166758880147578,14437800
2005-08-19,3.0361709594726562,3.1047297332805748,2.938882666639045,3.1047297332805748,20961000
2005-08-22,3.062289237976074,3.100159825771675,3.042700957817874,3.094283416447289,11763000
2005-08-23,2.9904656410217285,3.0753478674076304,2.928436343294454,3.0753478674076304,14050800
2005-08-24,2.8859949111938477,2.9512890455737764,2.8859949111938477,2.925171466544869,9957600
2005-08-25,2.9969944953918457,3.036170856174508,2.8762003893986283,2.9003592853203215,21708000
2005-08-26,2.948024034500122,3.022459214319872,2.906235729002847,3.01527646110293,18840600
2005-08-29,2.934965133666992,2.9708770348552136,2.9088479307887,2.9708770348552136,9106200
2005-08-30,2.9774067401885986,2.980671390787204,2.931700884577498,2.9610831135802593,16412400
2005-08-31,3.025071144104004,3.025071144104004,2.977406796130435,2.9839359106426637,24723000
2005-09-01,3.0361709594726562,3.0590236972676657,2.9806709730365846,3.0302945518572324,17213400
2005-09-02,3.0949361324310303,3.0949361324310303,3.028988917860585,3.028988917860585,15300000
2005-09-05,3.166106700897217,3.166106700897217,3.0857950878322282,3.0884070328956232,9324000
2005-09-06,3.166759729385376,3.166759729385376,3.095589177961794,3.1341128451204927,22879800
2005-09-08,3.1994056701660156,3.1994056701660156,3.140641221095412,3.1589233363909366,13874400
2005-09-09,3.2255234718322754,3.230746987086879,3.168717883544193,3.18047069946323,17314200
2005-09-12,3.192222833633423,3.22225850695191,3.147823150259177,3.203322941284585,12693600
2005-09-13,3.1399879455566406,3.199405089698494,3.1399879455566406,3.1980993046175623,12571200
2005-09-14,3.160229206085205,3.1824294251574936,3.1210530301972383,3.141294384432839,10679400
2005-09-15,3.232053279876709,3.2777587600346374,3.182429696096568,3.182429696096568,14576400
2005-09-16,3.402470111846924,3.421404931287165,3.2424992823337417,3.2424992823337417,24373800
2005-09-19,3.4148759841918945,3.493228708517692,3.3802702443165753,3.4122644135219984,13386600
2005-09-20,3.382229804992676,3.4867001255876504,3.382229804992676,3.434464965290163,17209800
2005-09-21,3.444911241531372,3.505634555352505,3.2666586560193087,3.3854937130273512,22192200
2005-09-22,3.396594285964966,3.4932291376984494,3.3463176214321977,3.460582258622162,13824000
2005-09-23,3.4736404418945312,3.4860463366427688,3.405734747325145,3.427934966145813,11874600
2005-09-26,3.3632941246032715,3.5121644969467494,3.362641045087295,3.493228927136274,9759600
2005-09-27,3.3286871910095215,3.4116107092439,3.2777578361211495,3.362640218806834,12173400
2005-09-28,3.395939826965332,3.434463285545397,3.356763289095208,3.3848400943404156,9167400
2005-09-29,3.370476007461548,3.4311993169519206,3.3299936765962226,3.4311993169519206,6080400
2005-09-30,3.380270481109619,3.3952879475516706,3.3169352177371465,3.37178194179967,7203600
2005-10-03,3.3626410961151123,3.4148762497273686,3.359376445716258,3.359376445716258,13879800
2005-10-04,3.218994379043579,3.394635417735514,3.170023873667351,3.3724351962583454,20446200
2005-10-05,3.0231122970581055,3.1994060381625222,3.0231122970581055,3.1994060381625222,20919600
2005-10-06,2.8892598152160645,3.0511887984547514,2.8892598152160645,2.9650007912470633,20530800
2005-10-07,3.0139713287353516,3.0675124574907566,2.9317008639376363,2.948677196376992,12285000
2005-10-10,3.030947685241699,3.0884065445902213,3.023112411713399,3.0361713877348886,14436000
2005-10-11,3.0283353328704834,3.0786116116701225,2.982629489010733,3.062941068656655,11566800
2005-10-13,2.8729357719421387,2.938229894127841,2.840288897656913,2.937576814668341,18469800
2005-10-14,2.856612205505371,2.944759066742382,2.7815243184145237,2.9055827047267804,11593800
2005-10-17,2.892524480819702,2.9382303358595587,2.882077262780956,2.882077262780956,11509200
2005-10-18,2.72275972366333,2.9303947257356353,2.72275972366333,2.9186417235472426,17730000
2005-10-19,2.6581180095672607,2.7749941753189358,2.618288577494887,2.7097000672544906,22550400
2005-10-20,2.5862951278686523,2.7684654518283924,2.5627893097460466,2.716230300444824,42721200
2005-10-21,2.6783599853515625,2.6901128021633873,2.615677610727095,2.625471749275386,20462400
2005-10-24,2.7619364261627197,2.7684655400823477,2.670524534712147,2.672483212845742,11986200
2005-10-25,2.7554070949554443,2.879465879106896,2.7149249397051873,2.739083467489175,34506000
2005-10-26,2.8135178089141846,2.8304945108255395,2.706435764345325,2.7168829798913596,14050800
2005-10-27,2.7149243354797363,2.8396357978606153,2.704477305894063,2.800459436914341,13010400
2005-10-28,2.703824758529663,2.7619366989492637,2.680971830111829,2.748877535781988,16777800
2005-10-31,2.823965072631836,2.83180034431931,2.729288732969146,2.729288732969146,13462200
2005-11-01,2.93822979927063,2.9512883991170384,2.823965182538359,2.8318004545307756,14137200
2005-11-03,2.918642282485962,3.004177403945037,2.918642282485962,2.9708774426430047,18108000
2005-11-04,2.8011133670806885,2.8859952280318732,2.758671969585893,2.8350660367380898,17229600
2005-11-07,2.815476894378662,2.8664062568776982,2.7821769409606483,2.8207005959652833,9738000
2005-11-08,2.892524480819702,2.9029715120507946,2.7887068744511536,2.820701047702115,17053200
2005-11-09,2.8402888774871826,2.9251708994720973,2.8370238538281196,2.918641599384469,21047400
2005-11-10,2.8272299766540527,2.843553600909608,2.7554065529909733,2.8272299766540527,15822000
2005-11-11,2.8781588077545166,2.8781588077545166,2.7645472783274645,2.8076413647056038,10870200
2005-11-14,2.8304948806762695,2.859224213460899,2.8076417688153175,2.8337595308817054,5360400
2005-11-16,2.8304948806762695,2.85661226912739,2.7756479726328855,2.829841801189075,17051400
2005-11-17,2.974142074584961,3.0015654400896192,2.8566127781694726,2.8566127781694726,15157800
2005-11-18,3.0361709594726562,3.0361709594726562,2.950635481869892,2.987200460126323,28297800
2005-11-21,2.984589099884033,3.0766537089769512,2.980671556309689,3.039436204386183,10747800
2005-11-22,2.9578185081481934,2.990465386186198,2.889259728014618,2.950635754113785,19877400
2005-11-23,3.042048215866089,3.06881869074584,2.9480249205548534,2.989812864996609,17958600
2005-11-24,3.0035240650177,3.062288708524559,2.984588867797525,3.0355182379573127,7192800
2005-11-25,2.9806714057922363,3.019847773595688,2.9728361322315457,3.003524146905174,9167400
2005-11-28,2.918642282485962,3.0361715796469766,2.918642282485962,3.0022185387372304,15301800
2005-11-29,2.9806714057922363,2.9904655444450134,2.9055831339927156,2.92517141129827,8514000
2005-11-30,3.0035240650177,3.023112341789204,2.9192947364309476,2.9251713315469896,17591400
2005-12-01,3.1047298908233643,3.143252988611731,3.029641626115516,3.038129978443662,24800400
2005-12-02,3.062289237976074,3.1602300783440227,3.062289237976074,3.134112869620247,17807400
2005-12-05,3.029641628265381,3.1014648691022044,3.0048300243860693,3.029641628265381,9651600
2005-12-06,3.173288345336914,3.1798172716709643,3.1014645514337458,3.173288345336914,22680000
2005-12-07,3.1204006671905518,3.177858965175543,3.069471296686461,3.1204006671905518,15714000
2005-12-08,3.1210529804229736,3.1654530442441975,3.107994193066034,3.1210529804229736,21652200
2005-12-09,3.1536998748779297,3.159576095019138,3.0799174076833684,3.1536998748779297,13989600
2005-12-12,3.1536998748779297,3.18961139597106,3.1243174665186295,3.1536998748779297,13901400
2005-12-13,3.2091987133026123,3.21899303445591,3.1373756841258946,3.2091987133026123,15318000
2005-12-14,3.2033236026763916,3.2771058952299104,3.16806478155416,3.2033236026763916,27124200
2005-12-15,3.162841320037842,3.231400098537863,3.1315002282004527,3.162841320037842,24584400
2005-12-16,3.1791651248931885,3.2124650835516237,3.1667592286388455,3.1791651248931885,7270200
2005-12-19,3.144558906555176,3.1987532994997894,3.1406415501911713,3.144558906555176,14481000
2005-12-20,3.166759729385376,3.166759729385376,3.1014655872402437,3.166759729385376,11334600
2005-12-21,3.2581708431243896,3.2647005183948377,3.1667594991068393,3.2581708431243896,18522000
2005-12-22,3.2581708431243896,3.2927769638502156,3.199406380997726,3.2581708431243896,11620800
2005-12-23,3.264700174331665,3.297347052781933,3.231400216338578,3.264700174331665,7891200
2005-12-26,3.293428897857666,3.295387762618103,3.2490292086719244,3.293428897857666,3596400
2005-12-27,3.270575761795044,3.303875709529316,3.2124640296916773,3.270575761795044,16511400
2005-12-28,3.2503347396850586,3.2673114417422653,3.189611431323173,3.2503347396850586,12326400
2005-12-29,3.284288167953491,3.284288167953491,3.222911772750671,3.284288167953491,9219600
2006-01-02,3.1994056701660156,3.278411472931786,3.1667587955284864,3.1994056701660156,7671600
2006-01-03,3.296041250228882,3.296694329768316,3.1987533213098214,3.296041250228882,11635200
2006-01-04,3.264700174331665,3.329341225304681,3.238582596848391,3.264700174331665,13941000
2006-01-05,3.2581708431243896,3.2705771140536397,3.2248708816218565,3.2581708431243896,8168400
2006-01-06,3.310405731201172,3.3293409264750786,3.2588232867919973,3.3104057312011723,13608000
2006-01-09,3.3952879905700684,3.414876266675705,3.3136706093477555,3.3136706093477555,23313600
2006-01-10,3.3900644779205322,3.4070408095386573,3.3234645632767603,3.3900644779205322,20359800
2006-01-11,3.6042287349700928,3.6042287349700928,3.3822291592807354,3.4050817106346143,21546000
2006-01-12,3.519346237182617,3.6427521032922416,3.516081960695645,3.591169660277385,25308000
2006-01-13,3.4893109798431396,3.5572170478924923,3.4612349138654737,3.55003429451018,10008000
2006-01-16,3.591169834136963,3.591169834136963,3.473640556690547,3.4742936361887122,4386600
2006-01-17,3.5519933700561523,3.578111320003302,3.5128171923659934,3.5578699648365535,16417800
2006-01-18,3.4520936012268066,3.506287994014231,3.4344645636016837,3.4736407424351587,9275400
2006-01-19,3.6218578815460205,3.6296933403326705,3.5134698590989517,3.5252226736636882,12268800
2006-01-20,3.5957400798797607,3.6486279288692374,3.5389341281306,3.6303458155537385,14049000
2006-01-23,3.591169834136963,3.591169834136963,3.473640556690547,3.506940512406777,33499800
2006-01-24,3.6923770904541016,3.6923770904541016,3.5781124251989374,3.584641727894833,23704200
2006-01-25,3.6923770904541016,3.6923770904541016,3.6923770904541016,3.6923770904541016,0
2006-01-26,3.7211050987243652,3.786399226389787,3.7086992032594766,3.7100053622880944,26062200
2006-01-27,3.91829252243042,4.077609909842634,3.91763981659321,4.048227685941234,50346000
2006-01-30,4.133110523223877,4.162492750267413,3.9026223954552397,3.907846284403051,22602600
2006-01-31,4.243457317352295,4.321157346308113,4.015581493375712,4.133110782539039,28780200
2006-02-01,4.342051982879639,4.373393080983804,4.2127698597961185,4.236275496566562,27637200
2006-02-02,3.898052215576172,4.133110794588079,3.8980522155761714,4.048228384650047,21466800
2006-02-03,4.002521991729736,4.092627531630875,3.7863990129702936,3.9574692217791667,31217400
2006-02-06,3.9111106395721436,4.10046335438343,3.892828148734169,4.049533985466553,23211000
2006-02-07,3.728287696838379,3.915028472010417,3.718493371627684,3.915028472010417,19827000
2006-02-08,3.778564214706421,3.7916228163275005,3.630346545723189,3.71000543534988,13939200
2006-02-09,3.8131704330444336,3.9176411373586033,3.73677655042286,3.8360233645867168,17973000
2006-02-10,3.884993076324463,3.950287206331825,3.780522767204921,3.8725875540299013,14430600
2006-02-13,3.7315521240234375,3.891522605813813,3.7224108789123593,3.8843402256276294,15856200
2006-02-14,3.8001108169555664,3.800110816955567,3.6767053183690948,3.770728590969766,23709600
2006-02-15,3.9633467197418213,4.041699469602768,3.8066412200199284,3.8197001984711108,21412800
2006-02-16,4.141598224639893,4.1886098616032665,4.001869472765767,4.041698355986992,19191600
2006-02-17,4.217992305755615,4.269574376523084,4.1853454302523465,4.217992305755615,9298800
2006-02-20,4.342051982879639,4.347275499230332,4.1657582126398705,4.18208184134155,4114800
2006-02-21,4.276103973388672,4.426933200528465,4.26696272885575,4.342050802689604,14540400
2006-02-22,4.188610076904297,4.3675157625335155,4.188610076904297,4.2121160834018685,11124000
2006-02-23,4.309403419494629,4.341397211163398,4.099809767506733,4.179468267403949,10323000
2006-02-24,4.1951398849487305,4.3094045233642495,4.158575275378826,4.3094045233642495,9538200
2006-02-27,4.1951398849487305,4.1951398849487305,4.1951398849487305,4.1951398849487305,0
2006-02-28,4.174898624420166,4.174898624420166,4.174898624420166,4.174898624420166,0
2006-03-01,4.191874980926514,4.216686772181224,4.1461691283236854,4.201669305692998,5977800
2006-03-02,4.204933166503906,4.268921129648919,4.162492342098401,4.216686355061047,8548200
2006-03-03,4.322462558746338,4.374697708423511,4.159227435793725,4.170327918821108,9846000
2006-03-06,4.237580299377441,4.387756826646851,4.17228654694581,4.342050975775544,11349000
2006-03-07,4.068470001220703,4.198404821840357,3.986199530674151,4.16249328938381,13383000
2006-03-08,4.113522529602051,4.158575305734779,3.9039288223960154,4.015581516992478,14272200
2006-03-09,3.9972972869873047,4.207543982331818,3.9672619914216383,4.139637934263725,14904000
2006-03-10,4.1461687088012695,4.187303747812469,3.9907686762294037,3.9907686762294037,8451000
2006-03-13,4.030599594116211,4.1788169209669785,3.9914230337009013,4.146170036364467,10728000
2006-03-14,4.110257148742676,4.132457368714525,3.96987531683418,4.022110469211566,9858600
2006-03-15,4.270227909088135,4.270227909088135,4.087404863810508,4.110257417556819,11079000
2006-03-16,4.178815841674805,4.355109570780336,4.167716105529057,4.270227543290736,12659400
2006-03-17,4.276756763458252,4.276756763458252,4.178815763171189,4.182080786980655,5949000
2006-03-20,4.302220821380615,4.350538610738012,4.244762535470898,4.276756328287771,8067600
2006-03-21,4.080875396728516,4.275451642169732,4.080875396728516,4.269575046738256,17946000
2006-03-22,4.085445880889893,4.133763305201062,4.043004677926393,4.080875071380267,10722600
2006-03-23,3.98815655708313,4.146167750100097,3.9372272060726488,4.0880563948019395,14268600
2006-03-24,4.067163944244385,4.070428968745541,3.982934606375221,3.982934606375221,6852600
2006-03-27,4.244110107421875,4.328992511322567,4.09393394902942,4.116786875186123,24629400
2006-03-28,4.276756763458252,4.441950753314686,4.21146301234372,4.22452161312052,26656200
2006-03-29,4.391021251678467,4.394285901771068,4.296344904532029,4.309403878517686,21162600
2006-03-30,4.452398300170898,4.531403740717317,4.4073455244772495,4.40799823042269,18790200
2006-03-31,4.443256855010986,4.524874610137899,4.395592510443842,4.472639082465946,10953000
2006-04-03,4.6019206047058105,4.602573684155304,4.485697494917371,4.505285768634484,10301400
2006-04-04,4.565357208251953,4.665257094362845,4.455010289879086,4.599962955917828,9059400
2006-04-05,4.570580959320068,4.609757519123902,4.504634111478467,4.570580959320068,7169400
2006-04-06,4.648931503295898,4.648931503295898,4.441296731360898,4.570578794416199,16124400
2006-04-07,4.523568153381348,4.661991489329576,4.472638788123916,4.6358739140200305,12884400
2006-04-10,4.459580421447754,4.534668501107456,4.421056949141411,4.534668501107456,6634800
2006-04-11,4.443256855010986,4.641750814041588,4.4099568975979535,4.479168756934498,18003600
2006-04-12,4.763197422027588,4.763197422027588,4.439992174949674,4.459580450994003,35598600
2006-04-13,4.701168060302734,4.786050087037741,4.6750504848754035,4.701168060302734,15771600
2006-04-14,4.701168060302734,4.701168060302734,4.701168060302734,4.701168060302734,0
2006-04-17,4.734468460083008,4.753403657343297,4.656115726446311,4.703780072565736,9921600
2006-04-18,4.896397113800049,4.903579493935865,4.7664619390771055,4.7664619390771055,9613800
2006-04-19,4.994990825653076,4.994990825653076,4.844814307094994,4.897049829071643,11120400
2006-04-20,4.8872551918029785,4.988460450612275,4.792578484986748,4.949284281656289,11961000
2006-04-21,4.8872551918029785,4.8872551918029785,4.8872551918029785,4.8872551918029785,0
2006-04-24,4.808903694152832,4.929697637738838,4.733815607449674,4.897050757229084,9516600
2006-04-25,4.735121250152588,4.831756476829152,4.711615242836279,4.812168199668113,9856800
2006-04-26,4.818697929382324,4.826533016166847,4.735121304117086,4.766462398485807,11320200
2006-04-27,4.648931503295898,4.74687248279932,4.636525984636568,4.724019936289363,16783200
2006-04-28,4.786051273345947,4.812168855246987,4.64893368815397,4.687457541775285,18271800
2006-05-01,4.786051273345947,4.786051273345947,4.786051273345947,4.786051273345947,0
2006-05-02,4.798456192016602,4.841550099953387,4.655462413593589,4.7011682659950225,14257800
2006-05-03,4.804985523223877,4.831755803786847,4.7416502644588086,4.799108928809556,13811400
2006-05-04,4.85722017288208,4.864402552441313,4.77299123015569,4.804985398444045,14383800
2006-05-05,4.994990825653076,5.053755274155835,4.844814307094994,4.844814307094994,11815200
2006-05-08,4.994990825653076,5.06681424805381,4.891173234775266,5.04069630025786,11460600
2006-05-09,4.880726337432861,4.978667336669743,4.844814438451198,4.962343712258509,452035008
2006-05-10,4.923166751861572,4.923166751861572,4.779520288780194,4.865055386097817,255517104
2006-05-11,4.854608058929443,4.981931264760434,4.747525830597887,4.96234299302908,281474448
2006-05-12,4.7338151931762695,4.831756199749678,4.684191610362702,4.76711515035584,184177752
2006-05-15,4.570580959320068,4.714227847113641,4.509857627877953,4.648280999272039,379719672
2006-05-16,4.5718865394592285,4.7037802184339785,4.475904391075873,4.635874513843027,341517384
2006-05-17,4.531403541564941,4.635874223390133,4.440645288220973,4.534668565609882,352624464
2006-05-18,4.374697685241699,4.57710935618723,4.342703889743507,4.553603352149431,15525000
2006-05-19,4.436074733734131,4.577110031540174,4.328992848471049,4.472639343709505,24519600
2006-05-22,4.342051982879639,4.391675575018914,4.126581653201985,4.360987182948985,21812400
2006-05-23,4.306792259216309,4.4661096616161915,4.217992499705879,4.342051080661036,288515040
2006-05-24,4.244110107421875,4.308751156010198,4.106992550481659,4.295692554557959,553282464
2006-05-25,4.537933349609375,4.537933349609375,4.257168921012116,4.308098291167323,334046712
2006-05-26,4.733161926269531,4.797802973104312,4.609756427263232,4.675050553599022,643143840
2006-05-29,4.671785831451416,4.782785433537782,4.66786810173618,4.701168057085144,15768000
2006-05-30,4.498756408691406,4.651544506000766,4.496797917436847,4.545115338841769,388432656
2006-05-31,4.453050136566162,4.648932121626252,4.4465212103101255,4.532055935300373,412192464
2006-06-01,4.583639144897461,4.684844804347213,4.439992281931587,4.54446296548014,257005104
2006-06-02,4.6424031257629395,4.753402716371225,4.552297219706405,4.753402716371225,355851936
2006-06-05,4.413874626159668,4.63587421763789,4.375351153353156,4.63587421763789,241319880
2006-06-06,4.413221836090088,4.413221836090088,4.288509801072489,4.37535106992166,275456064
2006-06-07,4.21146297454834,4.502020948992478,4.21146297454834,4.465456344084212,289904304
2006-06-08,4.276756763458252,4.332256937605449,4.026027668221874,4.1533512674872695,368648088
2006-06-09,4.247374534606934,4.439991884828668,4.244109884415415,4.355762564872527,255132936
2006-06-12,4.046268463134766,4.308097258113392,4.046268463134766,4.244109301199125,238891320
2006-06-13,3.898052215576172,4.048228384650047,3.876505446924387,3.982934251898892,251423472
2006-06-14,3.8588759899139404,4.022110759469379,3.679317220341527,3.9241697482899927,411599808
2006-06-15,3.8588759899139404,3.85887598991394,3.85887598991394,3.85887598991394,0
2006-06-16,4.071080684661865,4.146168757620043,3.930698489021041,4.015580885870006,147068664
2006-06-19,4.0123162269592285,4.159227736140808,3.9568167967366636,4.126580858638887,238656360
2006-06-20,3.9535515308380127,4.058021831344466,3.950939960132984,4.01558100527326,165610824
2006-06-21,4.172286510467529,4.243456856914181,3.8654045317069428,3.9535515824188323,326128032
2006-06-22,4.166409015655518,4.198402802311684,4.100461830849816,4.17228523482953,132244992
2006-06-23,4.224522113800049,4.244110390902067,4.099810817693976,4.114828285090181,157563384
2006-06-26,4.100463390350342,4.257168854841961,4.100463390350342,4.15269891879618,10789200
2006-06-27,4.139638900756836,4.231050967362294,4.108950892358391,4.108950892358391,120797844
2006-06-28,4.250638484954834,4.266961731790145,4.146167837132986,4.146167837132986,125718204
2006-06-29,4.531403541564941,4.531403541564941,4.266963120610547,4.266963120610547,199204320
2006-06-30,4.537933349609375,4.635874359842782,4.531403674942592,4.531403674942592,313893192
2006-07-03,4.6691741943359375,4.681580090173649,4.569927401249538,4.57710978166165,146071128
2006-07-04,4.675050735473633,4.720756588325265,4.64370964328085,4.681580036276641,111547848
2006-07-05,4.588862419128418,4.682885693124945,4.524874451062379,4.603227179392818,294490944
2006-07-06,4.593433380126953,4.7155327255600925,4.580374031217756,4.6038800373006685,288278544
2006-07-07,4.505285739898682,4.6678677755678075,4.446521292737405,4.667214696122479,236213856
2006-07-10,4.537933349609375,4.60975678202156,4.4856981939669325,4.505286470736674,121560048
2006-07-11,4.6424031257629395,4.652197075423001,4.4406445496746905,4.5509910608595465,226201776
2006-07-12,4.606491565704346,4.687456233813313,4.577109340966251,4.6391384405672,187461708
2006-07-13,4.374697685241699,4.537932807329319,4.374697685241699,4.537932807329319,307318608
2006-07-14,4.413874626159668,4.43346252871325,4.327033729269854,4.407345325308474,157755000
2006-07-17,4.316586494445801,4.464151077846267,4.316586494445801,4.31723957394617,7828200
2006-07-18,4.413874626159668,4.426280521946111,4.338133465993825,4.400815650841988,172218624
2006-07-19,4.688107490539551,4.688107490539551,4.413872855059908,4.464149497563038,223510008
2006-07-20,4.473291873931885,4.740344595570259,4.46741527937321,4.524874318750653,9664200
2006-07-21,4.355109214782715,4.55099120302481,4.276103788380337,4.5052857295681985,349576104
2006-07-24,4.384491920471191,4.43999209722781,4.328992490945139,4.400815545824936,301336248
2006-07-25,4.504632949829102,4.556215394481618,4.345315553921648,4.361639178566289,13559400
2006-07-26,4.505285739898682,4.577762240105151,4.460232972167353,4.554256237071494,8908200
2006-07-27,4.531403541564941,4.569927388034547,4.484391902870487,4.53793321603953,14346000
2006-07-28,4.603227138519287,4.661991590841508,4.5255271167719755,4.537933012016049,209088120
2006-07-31,4.550992012023926,4.629344746525952,4.511815831580567,4.57058028905326,143001336
2006-08-01,4.505285739898682,4.550991213460096,4.457621028001284,4.550991213460096,193176672
2006-08-02,4.629345417022705,4.648933696889131,4.517692707484051,4.517692707484051,287469576
2006-08-03,4.613020896911621,4.654809016573395,4.524874222105789,4.577109371683007,234687240
2006-08-04,4.5320563316345215,4.635873927296836,4.51181535081738,4.603227051470222,185415960
2006-08-07,4.5829854011535645,4.664602772258397,4.5248740331846955,4.5633971274761365,148328688
2006-08-08,4.646321773529053,4.715533267050034,4.5744983352032405,4.582986501992103,299235120
2006-08-09,4.541197299957275,4.699861607459685,4.5274856204171625,4.693985013250245,236085960
2006-08-10,4.413874626159668,4.537933210408813,4.3864508900771275,4.494186222198287,472597776
2006-08-11,4.358374118804932,4.448479651588734,4.336173901706705,4.407344614521842,9867600
2006-08-14,4.289815902709961,4.423015727997742,4.264351406047429,4.374697931867014,232475856
2006-08-15,4.407345294952393,4.434115577704021,4.309404288397895,4.313322018327744,236799864
2006-08-16,4.458926677703857,4.458926677703857,4.389715203213149,4.434114890149186,486391632
2006-08-17,4.420403003692627,4.492879498294237,4.396897376091985,4.4628441975910045,280635120
2006-08-18,4.439992427825928,4.485698283327406,4.402121659019247,4.439992427825928,175037940
2006-08-21,4.438685894012451,4.4582741678701066,4.3746975576517935,4.377962581307442,176615280
2006-08-22,4.375351428985596,4.437380538210147,4.364904397519441,4.437380538210147,314161416
2006-08-23,4.179468154907227,4.40081461474179,4.179468154907227,4.387756016113837,267983328
2006-08-24,4.193180561065674,4.2369275465734235,4.114827834846256,4.199057155637856,177381696
2006-08-25,4.198403358459473,4.269573692574134,4.171632708138366,4.178815086849278,157173048
2006-08-28,4.217992305755615,4.2271335504534155,4.142904230567413,4.2081979815739485,101944128
2006-08-29,4.1735920906066895,4.273491951962642,4.146168731118282,4.243456648248301,131827872
2006-08-30,4.1494340896606445,4.210810492874029,4.0808753056186955,4.210810492874029,186555936
2006-08-31,4.087405204772949,4.198404826689886,4.074346227927544,4.198404826689886,294684456
2006-09-01,4.302873611450195,4.30940328435036,4.113521316879889,4.113521316879889,277138176
2006-09-04,4.439992427825928,4.453051030189029,4.315933837299904,4.340745630128172,166478472
2006-09-05,4.375351428985596,4.47263936281225,4.355110072010348,4.420404205481474,162888660
2006-09-06,4.289815902709961,4.36816863122769,4.264351406047429,4.342051055055114,152715456
2006-09-07,4.289815902709961,4.289815902709961,4.289815902709961,4.289815902709961,0
2006-09-08,4.154656410217285,4.257167830197144,4.154656410217285,4.257167830197144,134604168
2006-09-11,4.015580177307129,4.1788148947875365,3.9633446642089947,4.1788148947875365,4368000
2006-09-12,4.061286449432373,4.0619395289111,3.982933724671845,4.048227848779916,4970400
2006-09-13,4.114174842834473,4.214727790498887,4.0358221149490525,4.080874886781259,11021400
2006-09-14,4.035168647766113,4.208850401740712,4.022109675441337,4.17555045197002,2343600
2006-09-15,4.022110939025879,4.063899065808971,3.9764050819530405,4.054758193286663,2539200
2006-09-18,4.113522529602051,4.152046004524891,4.0286401194122545,4.029293198979368,3178800
2006-09-19,4.002521991729736,4.139639166398677,3.961386577798371,4.126580565770808,3262200
2006-09-20,3.9215574264526367,4.04822756245241,3.8523455775980153,4.019498418879834,12078000
2006-09-21,3.8699753284454346,3.942451460027954,3.8327576434187183,3.917640043625412,4039200
2006-09-22,3.879117488861084,3.9555117491601552,3.8197003120301956,3.8451648163862906,3793800
2006-09-25,3.8131704330444336,3.8908704750112717,3.764199918827451,3.878464576538868,6958800
2006-09-26,4.002521991729736,4.002521991729736,3.813169293703531,3.852345842817664,2324400
2006-09-27,4.041697978973389,4.0547573262235,3.950939737437374,3.982933531654597,1839600
2006-09-28,4.048227787017822,4.10242180085228,4.015580912269497,4.020151347705076,2926200
2006-09-29,4.048227787017822,4.085445470816982,4.016233618123004,4.048227787017822,1392600
2006-10-02,4.054758071899414,4.126581132446195,4.023416977750353,4.054758071899414,9039600
2006-10-03,3.9515929222106934,4.061939824380912,3.9515929222106934,4.041045762924914,2355000
2006-10-04,4.047574996948242,4.074345652852804,3.940493120560564,3.956163666394026,4362000
2006-10-05,4.175551414489746,4.2140748873474765,4.080875057560389,4.08871014386918,3990600
2006-10-06,4.170327663421631,4.185345127928395,4.114827493375226,4.162492204642284,2403600
2006-10-09,4.296346187591553,4.332258096565391,4.139640321041346,4.146169996791823,3402600
2006-10-10,4.334216117858887,4.374045753236655,4.293081070534231,4.302875022673818,3386400
2006-10-11,4.308749675750732,4.32899102410924,4.224520380305517,4.293079135222448,1676400
2006-10-12,4.308749675750732,4.308749675750732,4.308749675750732,4.308749675750732,0
2006-10-13,4.382534503936768,4.443258216041516,4.342052527354144,4.342052527354144,1942200
2006-10-16,4.452398300170898,4.47198657722497,4.358375018649725,4.387757247423178,2664000
2006-10-17,4.511815547943115,4.511815547943115,4.394939346289824,4.44064519861318,4054800
2006-10-18,4.358374118804932,4.570579351168051,4.34270357512013,4.4987559325422355,9114600
2006-10-19,4.309403419494629,4.394285433706665,4.2734915250707255,4.394285433706665,4041000
2006-10-20,4.375351428985596,4.375351428985596,4.258475217756072,4.335521794607478,3072000
2006-10-23,4.3622918128967285,4.4001618261434245,4.280021365812191,4.374697332967005,2879400
2006-10-24,4.42432165145874,4.451745013891842,4.363598331664604,4.363598331664604,3162000
2006-10-25,4.374697685241699,4.4347682938597615,4.374697685241699,4.407344933828378,4480800
2006-10-26,4.433462142944336,4.443909546458595,4.368168392883219,4.407344941812098,7052400
2006-10-27,4.368168830871582,4.445868857045769,4.363598394938223,4.415833176055447,1761600
2006-10-30,4.319199085235596,4.407346157838512,4.282634470500592,4.407346157838512,2667000
2006-10-31,4.342051982879639,4.368169564633109,4.286551794740073,4.342051982879639,3173400
2006-11-01,4.485698223114014,4.583639233983819,4.378615966543557,4.378615966543557,7042800
2006-11-02,4.485698223114014,4.485698223114014,4.485698223114014,4.485698223114014,0
2006-11-03,4.583639144897461,4.601921262328131,4.472639160381904,4.472639160381904,2668800
2006-11-06,4.701168060302734,4.707697360755749,4.604532844413976,4.604532844413976,12724200
2006-11-07,4.603227138519287,4.704432791749376,4.550338907260122,4.701168141466506,2159400
2006-11-08,4.590168476104736,4.594739285703991,4.4804742763368495,4.551645002361142,2055600
2006-11-09,4.440646171569824,4.642404821348109,4.420404811818116,4.609757563326739,4339200
2006-11-10,4.381227970123291,4.515080512426588,4.342051415801915,4.466110006332523,2073600
2006-11-13,4.432808876037598,4.432808876037598,4.286550102347888,4.355108867488513,7405200
2006-11-14,4.498756408691406,4.511815383285188,4.409303945865852,4.409303945865852,2130000
2006-11-15,4.498756408691406,4.498756408691406,4.498756408691406,4.498756408691406,0
2006-11-16,4.439992427825928,4.53466878941966,4.439992427825928,4.528139488238109,2518800
2006-11-17,4.251292705535889,4.441298131156421,4.202975279901991,4.4073454667483745,8138400
2006-11-20,4.251292705535889,4.251292705535889,4.251292705535889,4.251292705535889,0
2006-11-21,4.166409015655518,4.258473394328218,4.113520801398471,4.242802853838925,28580400
2006-11-22,4.174898624420166,4.224522211072521,4.106992919369531,4.195793061127988,7846800
2006-11-23,4.139638900756836,4.222562429160576,4.1252745157109985,4.211462694062212,12112200
2006-11-24,4.205585956573486,4.212768335659098,4.1004625879425785,4.129844810083123,3385200
2006-11-27,4.110257148742676,4.211463176791053,4.089363087791721,4.181427870770236,11723400
2006-11-28,4.154004096984863,4.161186102810731,4.048227643705118,4.100462790899346,3562800
2006-11-29,4.178163528442383,4.195139860812626,4.146169355147049,4.1533517358303005,5076600
2006-11-30,4.224522113800049,4.257168993226539,4.159881060894106,4.18599901277367,5331000
2006-12-01,4.12005090713501,4.234315520767557,4.10699193402762,4.12723328630179,3091200
2006-12-04,4.230398178100586,4.242804072921081,4.126580584019707,4.1526985326214705,2799600
2006-12-05,4.26696252822876,4.296344751631753,4.240844954802184,4.242150740069703,2990400
2006-12-06,4.257821559906006,4.3191979548376365,4.219298463519991,4.255862695070231,3117000
2006-12-07,4.204933166503906,4.315280430803973,4.189915701501228,4.309403836525403,4873200
2006-12-08,4.227785110473633,4.250638402831882,4.16249137716353,4.236926352693899,3286200
2006-12-11,4.12984561920166,4.191875099086922,4.12984561920166,4.162492871189818,6249600
2006-12-12,4.031903266906738,4.124620729259879,4.018844669355262,4.120050294839897,7318800
2006-12-13,4.103728294372559,4.158575018532255,4.0351695155576515,4.056063576878542,8281800
2006-12-14,4.12005090713501,4.155962429353679,4.0874040347893805,4.1363745301154395,7702200
2006-12-15,4.122009754180908,4.201669011316283,4.093933688124814,4.159227438455435,4164000
2006-12-18,4.2003631591796875,4.234316195779326,4.139639466292167,4.139639466292167,3931800
2006-12-19,4.227785110473633,4.234314782696774,4.127232566896189,4.166409105774382,11039400
2006-12-20,4.186651706695557,4.27610493369752,4.186651706695557,4.250640432796311,3689400
2006-12-21,4.1592278480529785,4.2310516529972855,4.142904595670453,4.224521978428976,1828200
2006-12-22,4.174898624420166,4.193181116433766,4.120704975187389,4.17881635465384,1141200
2006-12-26,4.191874980926514,4.204933582461443,4.165757404241367,4.178816005776296,3670200
2006-12-27,4.283286094665527,4.283286094665527,4.191874402082648,4.191874402082648,1846800
2006-12-28,4.21146297454834,4.283286399021965,4.19252740580749,4.283286399021965,1370400
2007-01-02,4.301568031311035,4.309403489718557,4.227785750306164,4.231050773719445,1521600
2007-01-03,4.163797855377197,4.287203338243042,4.147474232524431,4.263697709894894,3500400
2007-01-04,4.067816734313965,4.157922287917592,4.051493107431507,4.157922287917592,3291000
2007-01-05,3.950286388397217,4.104380249249971,3.9470217386151116,4.090668197103824,4462200
2007-01-08,4.020803928375244,4.031903662660465,3.960733327619705,4.018845063827214,2899800
2007-01-09,3.9306983947753906,4.048227663340073,3.9111101210787362,4.027986310194607,2890800
2007-01-10,3.9829330444335938,3.9999097454437336,3.8699745988977177,3.884992061806289,9360000
2007-01-11,3.9829330444335938,4.090667975877549,3.956815847589191,3.9764037452224934,2545800
2007-01-12,4.035821914672852,4.058674839207274,4.001216174942665,4.02211023467525,1900200
2007-01-15,4.044963836669922,4.093281264490029,3.984240512103915,4.05084043205966,8058600
2007-01-16,3.9535515308380127,4.028639606028934,3.924169305522481,4.028639606028934,3031800
2007-01-17,3.9633467197418213,3.9796703494019536,3.917641229201139,3.950288114906021,6705000
2007-01-18,3.9306983947753906,4.041045283864125,3.9111101210787362,3.9901162953141665,9403200
2007-01-19,3.990116596221924,3.9959928172433936,3.8784635398154435,3.9339633414620154,2868000
2007-01-22,3.9829330444335938,4.041044778811907,3.939839146579051,3.9894627172598933,1993800
2007-01-23,4.014928340911865,4.041045918738899,3.96726362127179,3.9764048669150776,8978400
2007-01-24,4.105034828186035,4.131805115624337,4.025375924666138,4.037781822539035,9786600
2007-01-26,4.0802226066589355,4.145516366569153,4.022110853974283,4.093934288767775,3137400
2007-01-29,4.139638900756836,4.17228614746205,4.087404127982016,4.150739383085675,14072400
2007-01-30,4.24149751663208,4.276103627160773,4.1624920932083995,4.165756743073984,4784400
2007-01-31,4.498103618621826,4.515733029969377,4.400815690057066,4.4935335563236185,74786400
2007-02-01,4.609102725982666,4.6319552729688525,4.508549800613548,4.508549800613548,25659000
2007-02-02,4.6711320877075195,4.6822318221685695,4.537932285253188,4.6025733219012945,5490600
2007-02-05,4.812168598175049,4.830451091336784,4.6202042880535386,4.635874836357022,10812000
2007-02-06,4.968873500823975,5.0008676709066044,4.766461823746926,4.819350054222636,38703600
2007-02-07,4.793885231018066,5.026332215564276,4.793885231018066,4.962996954278886,28990800
2007-02-08,4.838285446166992,4.841549722666679,4.699861740709645,4.786703002951219,14036400
2007-02-09,4.79976224899292,4.926432782735716,4.788009432275285,4.788009432275285,5625600
2007-02-12,4.675704479217529,4.818698279362312,4.65546312079137,4.796498055693922,15152400
2007-02-13,4.936227321624756,4.967568416638251,4.6763565681700445,4.703127600548474,21927600
2007-02-14,5.040696620941162,5.132108696812016,4.9623438934143556,4.9623438934143556,7344000
2007-02-15,5.18760871887207,5.21046202066676,4.972138413301711,4.985197763140378,8875800
2007-02-16,5.229395866394043,5.241801759832931,5.094890276789235,5.094890276789235,4176600
2007-02-21,5.190873622894287,5.256167381652562,5.137985386880143,5.228744017918698,3843600
2007-02-22,5.18695592880249,5.301873273797129,4.897050621667452,5.222214753056946,5352000
2007-02-23,5.126231670379639,5.196096226575203,5.060937549465794,5.171937144042562,14290200
2007-02-26,5.132108688354492,5.221561151957301,5.099461438394001,5.171284865245696,12540600
2007-02-27,4.6952900886535645,4.962342359180516,4.570578469054941,4.887254678762618,4185600
2007-02-28,4.838285446166992,4.8774616211615704,4.733814774412519,4.779520623252241,24393600
2007-03-01,4.8245744705200195,4.848080479660639,4.564051372820243,4.714227553351255,5271600
2007-03-02,4.655462265014648,4.883991146113041,4.616285714602228,4.703779686723397,6961800
2007-03-05,4.505939483642578,4.661992255265133,4.439992641853237,4.5640512383594345,11397600
2007-03-06,4.8036789894104,4.811514074402806,4.668520317350519,4.671785340847188,2826000
2007-03-07,4.732509613037109,4.850691606686641,4.717491772190066,4.835021059899709,12870000
2007-03-08,4.877460956573486,4.936225771481123,4.821961164951168,4.844813712641954,10587600
2007-03-09,5.001521587371826,5.010009754759115,4.900968990795811,4.974750925907792,3529800
2007-03-12,5.102725028991699,5.119048276966845,4.937531443068997,5.001519397085004,19924200
2007-03-13,4.874197006225586,5.070079018472681,4.853303318460666,5.0400440854500985,8705400
2007-03-14,5.060285568237305,5.086403147548012,4.844815258712474,4.857221155586976,9285600
2007-03-15,5.190219879150391,5.2293964282842555,5.027637835390796,5.027637835390796,9760200
2007-03-16,5.12492561340332,5.262696237424387,5.072037385619797,5.213725739168958,6144600
2007-03-19,5.216990947723389,5.236579225248379,5.1255796086322984,5.164756163682279,4809000
2007-03-20,5.281631946563721,5.281631946563721,5.190873688002116,5.223520567790735,4315800
2007-03-21,5.615283966064453,5.615283966064453,5.2757551107707705,5.288161005841698,10127400
2007-03-22,5.527136325836182,5.634871640255811,5.49579523856162,5.615283367305404,6347400
2007-03-23,5.719752788543701,5.811164086416984,5.527135124412992,5.527135124412992,8245200
2007-03-26,5.752401351928711,5.801371851307437,5.667518953744113,5.745871678027023,5767800
2007-03-27,5.713877201080322,5.835324189447848,5.713877201080322,5.752400665960777,5178600
2007-03-28,5.569577217102051,5.693635774184594,5.523871747537081,5.666865497110793,6891600
2007-03-29,5.612020015716553,5.68841426053488,5.56761994499834,5.621814341265219,4038600
2007-03-30,5.8013715744018555,5.813777468523077,5.463801236200295,5.504283942166591,10620600
2007-04-02,5.817695617675781,5.82422454450635,5.721060401893247,5.801371992945917,2836800
2007-04-03,5.82879638671875,5.8895197135803246,5.77199041664977,5.843813855128702,6830400
2007-04-04,5.797454833984375,5.81116651571664,5.762196010321232,5.798107913539361,2378400
2007-04-05,5.807901382446289,5.839242473405199,5.730201360934446,5.771336402712286,2958000
2007-04-09,5.811165809631348,5.875153774478834,5.785048234834898,5.824224410221942,3115800
2007-04-10,5.843812942504883,5.8451191015137685,5.798760170695551,5.809860280579412,4183800
2007-04-11,5.6681718826293945,5.843812521528668,5.608753981309609,5.817695321076828,4881000
2007-04-12,5.713224411010742,5.756971392435912,5.615936498402697,5.666865859096278,3093600
2007-04-13,5.843812942504883,5.856218837782352,5.726283663928787,5.771989515242562,2387400
2007-04-16,5.87645959854126,5.896047871926112,5.82553023718674,5.845118510571592,3730200
2007-04-17,5.73934268951416,5.941101292415971,5.73934268951416,5.876460244669221,11343600
2007-04-18,5.779171943664551,5.85556580725106,5.641401682681816,5.690372184696815,5278200
2007-04-19,5.74652624130249,5.818349683844381,5.6831909660477224,5.711920492510621,2763000
2007-04-20,5.788312911987305,5.863400986579321,5.748483656938808,5.843812711986781,11410200
2007-04-23,5.843812942504883,5.898007332915303,5.748483883696509,5.788965846205298,4011000
2007-04-24,5.845117092132568,5.898005305352674,5.732811367353623,5.857522609530104,3167400
2007-04-25,5.856217384338379,5.922164200539327,5.788964409452718,5.911064467025565,6052800
2007-04-26,5.752401351928711,5.888865446545241,5.739342377740596,5.888865446545241,6282600
2007-04-27,5.781131267547607,5.781131267547607,5.653808026923372,5.681884470233797,6303600
2007-04-30,5.811165809631348,5.85687165892895,5.739342385537295,5.785701314310532,5872200
2007-05-02,5.7177958488464355,5.792883552480256,5.615284036751259,5.679925083663354,15971400
2007-05-03,5.7491374015808105,5.811166509082685,5.72171366453228,5.77198995536496,5328600
2007-05-04,5.974400997161865,6.039694748054004,5.765460022907332,5.777865917772197,4245600
2007-05-07,6.059283256530762,6.072342231382154,5.993989503119634,5.993989503119634,10350000
2007-05-08,6.118047714233398,6.161141995023827,5.987459833691072,6.061242126303216,14331600
2007-05-09,6.464106559753418,6.567923789629607,5.850342931512801,5.941101559519666,4813200
2007-05-10,6.464106559753418,6.528747984021638,6.340047600303065,6.421665356447524,7718400
2007-05-11,6.539194107055664,6.633870462743118,6.437988450593983,6.46541181273797,8620800
2007-05-14,6.450395107269287,6.575106403454639,6.424277155373119,6.526135897476117,2199000
2007-05-15,6.41905403137207,6.552906200120412,6.39881230102264,6.449742045832581,2914800
2007-05-16,6.497406005859375,6.522870876747757,6.373347796276561,6.438641551465906,6280800
2007-05-17,6.604487419128418,6.620810668122533,6.438640369872535,6.50981108050167,3862200
2007-05-18,6.708959579467773,6.73834218308763,6.563353467775368,6.594694562928911,4055400
2007-05-21,6.660640239715576,6.784046107225635,6.650193957054311,6.708958406791785,3408000
2007-05-22,6.562049388885498,6.716143324835019,6.516343522431108,6.6599904245405055,5185200
2007-05-23,6.417747497558594,6.614282590113561,6.36681775572206,6.614282590113561,7264200
2007-05-24,6.2355780601501465,6.464107357209185,6.2231725362899795,6.39097813159643,5073600
2007-05-25,6.52809476852417,6.52809476852417,6.271489062644861,6.281283013842878,4260000
2007-05-28,6.581634044647217,6.636481505626739,6.530051980657933,6.575104745127605,990000
2007-05-29,6.581634044647217,6.6436631373139665,6.500669385589245,6.60514041959434,4473000
2007-05-30,6.795801639556885,6.795801639556885,6.37922571194918,6.418402274360806,4294800
2007-05-31,6.471287727355957,6.908104453644306,6.471287727355957,6.855869308726516,4897800
2007-06-01,6.82322359085083,6.82322359085083,6.601224362046037,6.669782771593253,3773400
2007-06-04,6.796450614929199,6.823220888582562,6.686103376561524,6.719403696032359,3679800
2007-06-05,6.718752861022949,6.803635265470148,6.6469290581120655,6.803635265470148,4027200
2007-06-06,6.554210662841797,6.660639440175338,6.516340277433837,6.6599871080102035,19150200
2007-06-08,6.54572057723999,6.606444243750272,6.385750535756113,6.405991508849456,7316400
2007-06-11,6.562049388885498,6.640402516301824,6.464108353230491,6.587514267380424,9394200
2007-06-12,6.377264499664307,6.584898921580757,6.346576491971244,6.56204637247372,3140400
2007-06-13,6.562049388885498,6.609713747271436,6.386408305534947,6.4510490005072345,6234000
2007-06-14,6.594693183898926,6.679575579067998,6.535928736178219,6.535928736178219,1890000
2007-06-15,6.598611354827881,6.68806456491174,6.586858912835792,6.637134825510876,8260200
2007-06-18,6.607753753662109,6.673047513516524,6.541153834662967,6.640401007204632,2468400
2007-06-19,6.644317626953125,6.646276865563112,6.54898818982638,6.562699871173924,2523600
2007-06-20,6.562049388885498,6.715490245114236,6.548990036162242,6.6599904245405055,3283200
2007-06-21,6.643011569976807,6.656723249992748,6.522870352738499,6.592734911764679,2570400
2007-06-22,6.5378899574279785,6.62734244142718,6.5000188100572265,6.528096004375841,2722800
2007-06-25,6.5359296798706055,6.6208120872954535,6.431459369454148,6.537888918508128,2761200
2007-06-26,6.477165699005127,6.594694620041089,6.464107096052388,6.532665508784923,2127600
2007-06-27,6.5000152587890625,6.516339252188104,6.392280339614827,6.467368766451605,3105000
2007-06-28,6.465410232543945,6.59208072885037,6.465410232543945,6.503933695480931,6768000
2007-06-29,6.516341686248779,6.542459637104942,6.437988580910882,6.529400288061566,2704200
2007-07-02,6.620811462402344,6.629952333489564,6.483693912710856,6.516341161846124,3106200
2007-07-03,6.686105251312256,6.711570120726607,6.565311699119496,6.640400148386751,3181800
2007-07-04,6.582286357879639,6.723321602224415,6.582286357879639,6.659986358133672,1075200
2007-07-05,6.601223945617676,6.620811847901029,6.503282939739759,6.588164596864866,2694600
2007-07-06,6.627340316772461,6.627340316772461,6.627340316772461,6.627340316772461,2779800
2007-07-10,6.507199764251709,6.626687894354466,6.456270029832271,6.626687894354466,4532400
2007-07-11,6.598611354827881,6.680882184925222,6.4836940222741335,6.5019765119880475,2446800
2007-07-12,6.953812599182129,7.01453630214987,6.633871576897074,6.633871576897074,9471000
2007-07-13,7.019104480743408,7.110516176855521,6.9015755841595485,7.019104480743408,5203800
2007-07-16,6.862400531768799,7.050447106176834,6.804942229870564,6.842811879915463,6283200
2007-07-17,6.829751968383789,6.960340215875378,6.791228498888365,6.90549274842443,5372400
2007-07-18,6.791879653930664,6.855214894920798,6.725279763720547,6.7977558730805745,3520800
2007-07-19,6.8428120613098145,6.908106572910922,6.818654093306521,6.8428120613098145,5458800
2007-07-20,6.855870723724365,6.888517229016932,6.744870364037809,6.825835042178473,6432000
2007-07-23,7.019104480743408,7.019104480743408,6.870234495255152,6.998863500931704,7411200
2007-07-24,6.8689284324646,7.230657492458304,6.79710538293169,7.059587286390671,8715000
2007-07-25,7.1301045417785645,7.195398287599968,6.934222557083884,7.0380397698583135,7655400
2007-07-26,6.921162128448486,6.986455864065336,6.661291850180249,6.898309582513213,9122400
2007-07-27,6.791879653930664,7.019102676901012,6.7905734953505466,6.823220734780701,4245000
2007-07-30,7.052404880523682,7.208458010957025,6.791882188829886,7.130757985507255,4702200
2007-07-31,7.098112106323242,7.228047297463198,7.071994153284725,7.167975930751541,4751400
2007-08-01,7.126189231872559,7.126189231872559,6.9224717192894145,7.019106585581835,5649000
2007-08-02,7.058281898498535,7.227393631869231,6.999517442964854,7.182340110488463,4177200
2007-08-03,6.790575981140137,7.08309359005114,6.759234888817234,7.08309359005114,4450200
2007-08-06,6.680229187011719,6.855870211848254,6.5000173528832486,6.8297522623336215,6142200
2007-08-07,6.854564666748047,6.921164584660023,6.594694296255938,6.751400512917495,5611800
2007-08-08,7.039346694946289,7.17515885124464,6.927693999443511,6.941405681541702,5680200
2007-08-09,6.8565216064453125,7.025633307583661,6.744868938042912,6.888515772652334,4053600
2007-08-10,6.790575981140137,6.855217404373326,6.6599884700766685,6.660640802375214,8129400
2007-08-13,6.732463836669922,6.9929872439596945,6.695898859522744,6.914634148490312,3906000
2007-08-14,6.569228649139404,6.816039612904527,6.568575569729016,6.643663262853861,4588200
2007-08-15,6.336782932281494,6.722670743741875,6.302177189085296,6.562047550056259,12358200
2007-08-16,6.053406238555908,6.2878117010613845,5.773948007151447,6.200970813344181,40282200
2007-08-17,6.103031158447266,6.431459960511488,5.877113811198179,6.398812705294556,9131400
2007-08-20,6.221866607666016,6.2871603747184475,6.03969624288671,6.268225548416292,4730400
2007-08-21,6.300870895385742,6.385100220424976,6.170283385383202,6.291730023743961,4340400
2007-08-22,6.627340316772461,6.659987563710614,6.385752482783279,6.385752482783279,5922000
2007-08-23,6.711570739746094,6.7611943241758645,6.5476828930027065,6.633870712591368,5004000
2007-08-24,6.8885178565979,6.986458875859772,6.5946947988122835,6.659989309807316,6618600
2007-08-27,6.933570384979248,7.0191051210030135,6.764458657022974,6.895046912985038,4725000
2007-08-28,6.725282192230225,6.863705909725637,6.667170817346146,6.863705909725637,3594600
2007-08-29,6.953812599182129,7.051753621705821,6.790577063488841,6.842812225686097,5976000
2007-08-30,7.083745002746582,7.156221121583637,6.878721418217045,6.979927051730901,5762400
2007-08-31,7.269833564758301,7.293993022556206,7.137286822768206,7.214334510909981,21056400
2007-09-03,7.384754180908203,7.389977324172601,7.280936175797233,7.280936175797233,4725000
2007-09-04,7.378223896026611,7.495753582502463,7.293995296147127,7.378223896026611,1586400
2007-09-05,7.456575393676758,7.482693345161743,7.143164459240599,7.247634770719319,23286600
2007-09-06,7.5479865074157715,7.638745130053049,7.492486705524111,7.561045108512504,25061400
2007-09-10,7.339046955108643,7.404340717201489,7.225435017002593,7.370388050580888,19234800
2007-09-11,7.628951549530029,7.635480850395319,7.410869313922533,7.444821977314275,13633200
2007-09-12,7.469632148742676,7.688367416438118,7.457226629235557,7.557126853605192,4544400
2007-09-13,7.451351165771484,7.5799801713315835,7.413480029552938,7.566921571107533,4738800
2007-09-14,7.391280174255371,7.561044210031427,7.319456382297087,7.443515319665732,3588000
2007-09-17,7.429804801940918,7.46245130590585,7.312928225500843,7.345575476696354,6458400
2007-09-18,7.672043800354004,7.704691046445751,7.3782208272196685,7.434373701937633,19504800
2007-09-19,7.815692901611328,7.874457358200689,7.685104639122278,7.737339794671777,6526800
2007-09-20,7.646580696105957,7.858132876295633,7.578674624442155,7.858132876295633,6450600
2007-09-21,7.769333839416504,7.83528067550821,7.679880623292244,7.737339667064358,5140200
2007-09-24,8.011573791503906,8.011573791503906,7.777167583304007,7.835279699375751,6277200
2007-09-25,8.187212944030762,8.19765997224676,7.913631719537616,7.961949131632807,12130200
2007-09-26,8.227045059204102,8.324986071813674,8.194397805924035,8.292338818533608,4069800
2007-09-27,8.5855073928833,8.5855073928833,8.290378269178952,8.290378269178952,3657000
2007-09-28,8.413130760192871,8.563306887364066,8.292336480180797,8.563306887364066,6532200
2007-10-01,8.837541580200195,8.93287099902355,8.455571572725955,8.481689518563627,17524800
2007-10-02,8.671043395996094,8.963560245322457,8.527396542108546,8.837542801823897,20822400
2007-10-03,8.488875389099121,8.71022232504144,8.311928157388941,8.488875389099121,6971400
2007-10-04,8.356980323791504,8.452309766256027,8.185910089906201,8.439250416483322,4877400
2007-10-05,8.899571418762207,8.932218666983326,8.520866776657577,8.557431007213161,3296400
2007-10-08,8.89826488494873,8.93744142842763,8.697159774177026,8.847335154257038,13662000
2007-10-09,9.066072463989258,9.074561003428963,8.651455135117075,8.997513310632534,4587600
2007-10-10,8.985109329223633,9.127450054900416,8.985109329223633,9.022979728969684,7045800
2007-10-11,8.945276260375977,9.284805810300261,8.757882825201738,9.141158233190493,4367400
2007-10-15,9.006654739379883,9.13789607477453,8.834278361178336,9.127448296962976,10153800
2007-10-16,8.814690589904785,8.905449216126321,8.7493960873814,8.87998434519759,3390600
2007-10-17,9.19992733001709,9.19992733001709,8.880639369503701,9.004045274011704,18352800
2007-10-18,9.322677612304688,9.369689625474143,8.998819650931619,9.075866598049197,6136200
2007-10-19,9.069337844848633,9.40233744548917,9.00339100430396,9.324637414134603,4432200
2007-10-22,9.141161918640137,9.169891445644996,8.768986468580534,8.953768407914305,16680600
2007-10-23,9.337039947509766,9.376216490434155,9.203187817761178,9.219511065967003,5566800
2007-10-24,9.063459396362305,9.329859011426088,8.987065542942933,9.305699556158324,6783000
2007-10-25,8.987719535827637,9.206454854656286,8.893043924453844,9.206454854656286,7771200
2007-10-26,9.147690773010254,9.199925930181683,8.908061382361435,9.062808362395195,6599400
2007-10-29,9.010571479797363,9.271747215642197,8.951807032636086,9.229959097907024,24391800
2007-10-30,8.893044471740723,9.069337850617393,8.814691360752883,9.043219897877897,8167800
2007-10-31,9.04256820678711,9.068685414148085,8.848644654316786,8.983802995763515,5849400
2007-11-01,8.804895401000977,8.911324184750754,8.749394857488577,8.847988929710551,8072400
2007-11-05,8.59921932220459,8.749394711594743,8.553512729286943,8.749394711594743,23257800
2007-11-06,8.676919937133789,8.77551402304888,8.5078082070614,8.7304612497774,7899000
2007-11-07,8.620765686035156,8.801629829954742,8.567878208537737,8.627948065216613,11581200
2007-11-08,8.441208839416504,8.93156698264131,8.362203398001853,8.88063798480247,8346000
2007-11-09,8.520869255065918,8.586163023269208,8.165016312919635,8.586163023269208,8620200
2007-11-12,8.063806533813477,8.500623944767758,8.050747936262,8.389624371119515,16597800
2007-11-13,8.24010181427002,8.25054884330984,8.086661028545764,8.161748722856142,14398200
2007-11-14,8.35763168334961,8.488219935262448,8.35763168334961,8.42357851518797,13703400
2007-11-16,8.618806838989258,8.67757128162719,8.35828345541284,8.35828345541284,3961800
2007-11-19,8.43598461151123,8.670390081773638,8.357631512518962,8.670390081773638,2371800
2007-11-21,8.26817798614502,8.466019199361538,8.09645471830501,8.324983938235341,5448000
2007-11-22,8.350448608398438,8.354366337474568,8.227042757806819,8.268830871644978,1779600
2007-11-23,8.475160598754883,8.487566866433701,8.326942949432485,8.42553702250057,2563200
2007-11-26,8.096455574035645,8.553513314973221,8.096455574035645,8.55286098273497,10193400
2007-11-27,8.37722110748291,8.422926962521268,7.998515664945263,8.064462502887459,12794400
2007-11-28,8.716748237609863,8.748089324979468,8.435983862904793,8.435983862904793,15192000
2007-11-29,8.739603042602539,8.910674029282799,8.553514961402698,8.746133091316608,19017000
2007-11-30,8.912629127502441,8.970740486364406,8.873452586287126,8.873452586287126,7281000
2007-12-03,8.977925300598145,9.009919472150804,8.87345499383267,8.981189950982655,13289400
2007-12-04,9.07194709777832,9.10785899338415,8.840806301528813,8.912630092740473,4493400
2007-12-05,9.598871231079102,9.681795146886904,9.141160357813424,9.143119596445983,38304000
2007-12-06,9.748394966125488,9.786918439312977,9.502236286555938,9.663512559759354,16452000
2007-12-07,9.79410171508789,9.937748590057891,9.719013253231243,9.826748222651077,5542200
2007-12-10,10.019367218017578,10.153219405038323,9.813690466467962,9.858090916154353,17944200
2007-12-11,9.820219993591309,10.153219637716868,9.820219993591309,10.119920046919683,4706400
2007-12-12,9.82805347442627,10.055276583347679,9.761453559023584,9.879635549398083,7314000
2007-12-13,9.630865097045898,9.694201107895264,9.40951896137241,9.611277194727553,5673600
2007-12-14,9.363160133361816,9.715747609628131,9.363160133361816,9.715747609628131,3893400
2007-12-17,9.157485008239746,9.382749644233092,9.109166832534235,9.2064555163052,4167000
2007-12-18,9.293293952941895,9.434981550014253,9.033423639970847,9.271746815558755,16540200
2007-12-19,9.957989692687988,10.09706575936181,9.4480436167302,9.470896172296362,11268600
2007-12-20,9.79410171508789,10.133630624359649,9.761454460294045,10.120571274103714,6264600
2007-12-21,10.257686614990234,10.381745558421072,9.957334327396207,10.055275323230369,20419200
2007-12-26,10.316452026367188,10.447040282083549,10.21851102138756,10.381746527840653,12895200
2007-12-27,10.316452026367188,10.336040675701454,10.088575845187435,10.316452026367188,4847400
2007-12-28,10.290334701538086,10.411129004770203,10.218510900215085,10.3033933027857,12970800
2008-01-02,10.121875762939453,10.35758739424686,10.12056960396021,10.186516435031786,3135600
2008-01-03,10.336043357849121,10.394807826639848,10.10098473545545,10.101637815141158,2686200
2008-01-04,10.003694534301758,10.440511341927975,9.97039495012941,10.440511341927975,3822600
2008-01-07,9.676570892333984,10.074863436970677,9.552511946274594,10.042216935821243,4133400
2008-01-08,9.859393119812012,9.983452060578436,9.753616667247558,9.7712460760083,4303800
2008-01-09,9.728805541992188,9.911628942008083,9.508112498570512,9.859393791607902,3699000
2008-01-10,10.087923049926758,10.1042463009307,9.54010592891413,9.79410004847258,3981600
2008-01-11,9.826745986938477,10.12056897154256,9.826745986938477,10.020669485558589,3090600
2008-01-14,10.04156494140625,10.052665051888699,9.813688752053281,9.860047685371468,3438000
2008-01-15,9.79410171508789,10.079436226235703,9.79410171508789,9.970395844851737,4600800
2008-01-16,9.252811431884766,9.82674491155109,9.192087752708893,9.53618660875775,8390400
2008-01-17,9.076519012451172,9.515948109529132,8.814690176793562,9.293948156368966,7815000
2008-01-18,9.337039947509766,9.389275088998815,8.964864657804084,9.271746207456054,6427200
2008-01-21,8.514988899230957,8.972046549247956,8.514988899230957,8.776817671832326,4525200
2008-01-22,9.402336120605469,9.428453322417528,8.52739640975172,8.52739640975172,8010000
2008-01-23,9.010571479797363,9.35728268944853,8.71870698786599,9.020365429785828,5065800
2008-01-24,9.911630630493164,9.98998374305646,9.402337640523726,9.656984135508445,5209400
2008-01-28,10.42092227935791,10.440510179958022,9.498318262605176,9.500276753772983,5500200
2008-01-29,10.57175064086914,10.753920941033579,10.334732878493288,10.577626861122688,5528600
2008-01-30,10.742169380187988,10.771551980366588,10.342569903357951,10.479687458807149,3509800
2008-01-31,10.773510932922363,10.822481437162919,10.285764381904963,10.516905221698835,5792600
2008-02-01,11.472809791564941,11.472809791564941,11.028157518824887,11.302392644281593,6860000
2008-02-06,10.949808120727539,11.42776010727504,10.900837602740799,11.010531084803382,4234200
2008-02-07,10.889080047607422,11.128056318770405,10.597215548536377,10.812686189705946,6768200
2008-02-08,10.996818542480469,11.165277230782529,10.773513117421738,10.977230635704728,4233200
2008-02-11,11.17702865600586,11.26713420849703,11.028157898017238,11.08692235628406,3747400
2008-02-12,11.410127639770508,11.831274280731533,11.380745037943235,11.390539736706062,4100200
2008-02-13,11.870450019836426,11.870450019836426,11.412086066748769,11.45909807996084,5978400
2008-02-14,11.811686515808105,12.12509821894595,11.70199305485592,12.027157201821122,4150200
2008-02-15,12.046747207641602,12.046747207641602,11.459101002390792,11.73333619706682,4547800
2008-02-18,12.47768497467041,12.632431204450608,12.338608918120212,12.614802539778339,2567800
2008-02-19,12.93212890625,13.251417520824052,12.536447926143945,12.595213123582164,7742800
2008-02-20,13.398330688476562,13.398330688476562,12.648102180798439,12.740166970834819,5064200
2008-02-21,13.71174144744873,14.023193142985109,13.631429101629431,13.71370068610465,7346000
2008-02-22,13.178940773010254,13.7117400542313,12.928212051132366,13.594211152658671,11857800
2008-02-25,12.72253704071045,13.104507889582205,12.538408951783442,13.063372843296557,10639800
2008-02-26,12.320978164672852,12.575623869355748,12.320978164672852,12.507065467881933,7141000
2008-02-27,12.176025390625,12.530572088378493,12.146642791007602,12.236749081126701,6512000
2008-02-28,12.507068634033203,12.702950684666336,12.105510579681427,12.203451604997992,7123000
2008-02-29,12.360154151916504,12.58541875537972,12.256336928923643,12.438507252398635,4410800
2008-03-03,12.726449966430664,12.763668013508148,12.281797869975133,12.458091168821577,4027600
2008-03-04,12.673565864562988,12.947800986442651,12.346443255812957,12.742125765878793,5219400
2008-03-05,12.653976440429688,12.949758668110595,12.612841401262568,12.867488589776357,6358800
2008-03-06,12.614799499511719,12.78129887950971,12.507063815386676,12.634387398136035,5683800
2008-03-07,12.467891693115234,12.732332138640897,12.340568072836563,12.469850184662766,4111800
2008-03-10,11.909626960754395,12.55603749327639,11.905709230589943,12.438508577265345,5217200
2008-03-11,12.185820579528809,12.415002937030561,12.017361918698429,12.397373524915041,6098000
2008-03-12,12.360154151916504,12.712742356855546,12.242625248423852,12.260254658670805,4495400
2008-03-13,12.78130054473877,12.859653643905244,12.085919591750812,12.179942862412261,5312200
2008-03-14,13.124098777770996,13.1730692955985,12.595217783018597,12.693158818673604,4952800
2008-03-17,12.81068229675293,12.947799090382954,12.438506221164475,12.632428970572931,5550000
2008-03-18,13.128010749816895,13.182858964192308,12.77150557591239,12.957594369291646,5379600
2008-03-19,12.34056568145752,13.220075420305962,12.34056568145752,13.08295862162973,5140800
2008-03-20,11.946845054626465,12.223038680474925,11.517862940891396,12.203450029601962,6496600
2008-03-24,12.034989356994629,12.477683078743752,12.034989356994629,12.085919093522476,4704400
2008-03-25,12.195610046386719,12.395409727809444,12.144681067465797,12.3386045294212,3553000
2008-03-26,12.291595458984375,12.291595458984375,11.831273059412629,12.285719238117753,3098600
2008-03-27,12.191693305969238,12.48159851203164,12.160352222806555,12.320975367419098,2760800
2008-03-28,12.309226989746094,12.452220784239705,12.185821099669985,12.32098018073499,1836200
2008-03-31,12.25438117980957,12.43263381342472,12.111387374578138,12.26221589382651,2658800
2008-04-01,12.732327461242676,12.732327461242676,12.203446017252674,12.393451758480325,2852400
2008-04-02,12.585419654846191,12.985019150849023,12.581502672049632,12.779342434191573,3602600
2008-04-03,12.928213119506836,12.983059845142469,12.430672617087442,12.516861182778403,4021000
2008-04-04,13.124098777770996,13.247503944690129,12.808728523404945,12.98306344731393,3269200
2008-04-07,13.104506492614746,13.574623605631542,13.047700531572694,13.261211200646276,4083000
2008-04-08,13.496272087097168,13.496272087097168,12.771507683651777,13.094713330157067,3483200
2008-04-09,13.474725723266602,13.672567002296837,13.227913934191553,13.400291086004575,4651000
2008-04-10,13.466886520385742,13.55503281618934,13.037904493363405,13.398328124265058,3940200
2008-04-11,13.417919158935547,13.535448078953673,13.300390238917423,13.31606116010952,2530400
2008-04-14,13.020275115966797,13.402244369391468,13.020275115966797,13.319974298570903,2653200
2008-04-15,13.21224308013916,13.259255846035733,13.084920948938054,13.259255846035733,2462200
2008-04-16,13.98597526550293,14.142679970693068,13.382658339645142,13.398329258502478,8741600
2008-04-17,13.937004089355469,14.266085897102684,13.711739498698929,13.82926839550986,4862200
2008-04-18,14.142677307128906,14.258248443859307,13.952673055997224,14.123089409476863,3685600
2008-04-22,14.526812553405762,14.618982490990211,14.326442725082924,14.526812553405762,4146400
2008-04-23,14.546853065490723,14.671082942133824,14.43665054808071,14.608968768162711,2638200
2008-04-24,14.13809871673584,14.647038412411202,14.069973689032507,14.647038412411202,3411200
2008-04-25,14.236278533935547,14.40859672819939,14.146111183708758,14.296388572052761,3493600
2008-04-28,14.48674201965332,14.576907848472844,14.28236389890127,14.326445514306643,3029800
2008-04-29,13.925704956054688,14.486741162886803,13.925704956054688,14.486741162886803,3628200
2008-04-30,14.586923599243164,14.721171012599585,13.945739253989375,14.104031596229206,7053800
2008-05-02,14.226263999938965,15.228113577399455,14.142109002320556,14.731195514350551,6957400
2008-05-05,14.44666862487793,14.576909357870568,14.326446997769699,14.426631941810045,4088800
2008-05-06,14.869447708129883,14.89749936732985,14.366518911843421,14.426630483672366,4171000
2008-05-07,15.14395523071289,15.44851676227895,15.017721233500644,15.067813701295778,7397200
2008-05-08,15.708996772766113,15.769106811414439,15.188035460977321,15.328293746524075,4954200
2008-05-09,15.839240074157715,15.999535065477863,15.430485323934834,15.632857807802806,4207000
2008-05-12,15.92740249633789,16.24999814899304,15.67293340278246,16.029591570636978,4741600
2008-05-13,15.92740249633789,16.24999814899304,15.67293340278246,16.029591570636978,4741600
2008-05-14,15.829224586486816,16.15182029845689,15.74907630815676,16.15182029845689,3453400
2008-05-15,16.270036697387695,16.29007491210831,15.879315969554204,15.959464242333194,4723200
2008-05-16,16.69080924987793,16.811030855098647,16.430327831315832,16.430327831315832,5423400
2008-05-19,16.90520668029785,17.291920595076718,16.760940127615463,16.831069277196956,5290000
2008-05-20,16.82105255126953,16.865134174013036,16.386250233665017,16.63070175709643,6786200
2008-05-21,16.350181579589844,16.923239547376642,16.32012579244282,16.835076312732262,4242600
2008-05-23,16.372224807739258,16.61868046432508,16.04962913733639,16.340166417758788,2534200
2008-05-26,16.530515670776367,16.690812191791537,16.430330727317116,16.490442304873035,1977600
2008-05-27,16.270036697387695,16.570591573783044,16.049630093771338,16.570591573783044,3386200
2008-05-28,16.75092124938965,16.817043675048097,16.249996561736246,16.6407187353264,4505800
2008-05-29,16.75092124938965,16.817043675048097,16.249996561736246,16.430329755031636,4505800
2008-05-30,15.889328956604004,16.456374443173672,15.859273174801235,16.229957073833873,4098200
2008-06-02,15.889328956604004,16.456374443173672,15.859273174801235,16.456374443173672,4098200
2008-06-03,15.829224586486816,15.949446239631275,15.588781280197901,15.82722045913572,3708600
2008-06-04,15.42847728729248,16.165838340872142,15.288219014342758,16.071664273877104,5770600
2008-06-05,15.308259010314941,15.588777145720096,15.08785244988977,15.42848063157405,3778800
2008-06-06,16.13177490234375,16.370213952560732,15.532668029996668,15.668919570992271,5389600
2008-06-09,15.56873607635498,16.009550644968343,15.388404441927387,15.909365724197201,4359000
2008-06-10,15.087854385375977,15.348334343401884,14.791306254774534,15.328297658738514,5939200
2008-06-11,14.777280807495117,15.388409642200775,14.777280807495117,15.188039732946605,3399600
2008-06-12,14.83939266204834,15.208074032158686,14.558876056063225,15.00770415434026,3554800
2008-06-13,14.667074203491211,15.027740589110186,14.572901646574815,14.867444078012682,2457600
2008-06-16,14.546853065490723,14.807334522461433,14.506779700741786,14.747222946637153,2764000
2008-06-17,14.957609176635742,15.125919112002824,14.687110192681164,14.787295114790311,5549200
2008-06-18,14.552865982055664,15.196053208345331,14.38656011892175,14.92755826329217,6594200
2008-06-19,14.348485946655273,14.705144056585702,14.32644513952917,14.602954998882925,5474200
2008-06-20,13.6652250289917,14.316427130627096,13.607119109794825,14.306409553976291,6617200
2008-06-23,13.424782752990723,13.923703355625305,13.294542017557339,13.785449169775335,5245200
2008-06-24,13.494908332824707,13.66522239000635,13.196357701150966,13.324594275643065,8175200
2008-06-25,14.126073837280273,14.366517035796305,13.294538688636427,13.645185911547639,10131600
2008-06-26,13.925704956054688,14.164145573263438,13.60511349302234,13.805483348505142,5152000
2008-06-27,14.06596565246582,14.156133020096297,13.757397367430952,13.985818919506652,4858600
2008-06-30,14.322442054748535,14.366522151502306,14.166152238489992,14.34448133877486,5889600
2008-07-01,13.689271926879883,14.035912537144304,13.627157745158359,13.887637705930054,4789600
2008-07-02,12.663379669189453,14.01988418061852,12.52312056598035,13.815505996909026,7927600
2008-07-03,12.01818561553955,12.763561832639418,12.000152295308087,12.703451019984692,6713800
2008-07-04,12.004158973693848,12.004158973693848,11.62746340117092,11.821822421161809,3534800
2008-07-07,12.408909797668457,12.823675490671825,12.224569065027726,12.262639840825058,5077000
2008-07-08,12.382858276367188,12.525120705945067,11.952063498361582,12.262636655609908,4903800
2008-07-10,12.623303413391113,12.753544151174234,12.022193727039156,12.222563622489808,5511200
2008-07-11,12.701446533203125,12.923857221639027,12.370836690794711,12.481039971597514,6300600
2008-07-14,12.779587745666504,13.184335665713743,12.685414443608725,12.983965832062777,7996600
2008-07-15,12.645342826843262,12.843708573383196,12.198518101085668,12.418924655985688,5328600
2008-07-16,12.793617248535156,12.885787215051366,12.523118201130918,12.629313998884356,5486400
2008-07-17,12.022192001342773,13.024041334788004,11.934029535165731,13.024041334788004,6914400
2008-07-18,12.002157211303711,12.452989482380804,11.942045630346362,12.122378844517401,4109000
2008-07-21,12.613282203674316,12.739515423125395,12.142412597814086,12.262634966360457,5437800
2008-07-22,12.422933578491211,12.803636687443237,12.362822762433126,12.523118526704849,5143600
2008-07-23,12.080299377441406,12.65335731520989,11.982117807007839,12.55317238243499,4374600
2008-07-24,11.463159561157227,12.162450712165644,11.449133732039181,12.012173316457709,8321600
2008-07-25,11.290843963623047,11.45715135346732,10.986282377344116,11.411066366538924,6650000
2008-07-28,11.503233909606934,11.801785344525342,11.401045614855217,11.451138081063982,3956800
2008-07-29,12.022192001342773,12.052247787086284,11.701600520380453,11.711618860844828,5240400
2008-07-30,12.703451156616211,12.821669420660527,12.362822195441872,12.583228765663259,7024200
2008-07-31,12.282673835754395,12.849720214602229,12.182488892943429,12.64935109333075,6765000
2008-08-01,11.881937026977539,12.414921025044237,11.83384867047489,12.202529382514676,4814600
2008-08-04,11.280826568603516,11.741677240944574,11.170623263270963,11.741677240944574,4770400
2008-08-05,11.300862312316895,11.677557162203767,11.122532464839557,11.621453836550506,3879200
2008-08-06,11.601414680480957,11.761710408436327,11.36097070637274,11.621451359844007,6749800
2008-08-07,11.190656661987305,11.72163711033225,11.100490834157357,11.621452177765308,7028000
2008-08-08,11.038375854492188,11.160601594007163,10.840009352527652,11.060416661860511,4316200
2008-08-11,10.605578422546387,11.200677245135008,10.441275172597758,11.200677245135008,7691600
2008-08-12,10.341089248657227,10.573518270332366,10.238900185580421,10.435263333384789,6042800
2008-08-13,10.699752807617188,10.815966950437486,10.12268729012703,10.190813085694275,7677200
2008-08-14,10.858041763305664,11.02034161498335,10.649657702764943,10.922160053372089,3976000
2008-08-15,10.44929027557373,10.819974273653134,10.36914201225092,10.719789326674864,3496200
2008-08-18,10.220866203308105,10.669695025188894,9.988437196713686,10.54746928851978,4298200
2008-08-19,10.230889320373535,10.483355106208899,9.846178641540298,10.47934761572254,5711200
2008-08-20,10.779897689819336,10.850027595361519,10.455298749466479,10.519417039799135,6303400
2008-08-21,11.063104629516602,11.217988186407787,10.831784862154747,10.863968408566144,4893600
2008-08-22,11.161666870117188,11.415112195337242,10.94643849812437,11.193850415658087,6514000
2008-08-25,10.74327564239502,11.264247101533586,10.74327564239502,11.183787886739113,3422200
2008-08-26,10.861957550048828,11.000748953621143,10.580350936269193,10.62058056214004,3667600
2008-08-27,11.163677215576172,11.25017063196503,10.904196966409595,11.03293113945826,4158600
2008-08-28,11.435224533081055,11.535798190425007,11.222008870594184,11.384937704409078,4378800
2008-08-29,11.364823341369629,11.67660152735991,11.364823341369629,11.565970657146083,4230600
2008-09-01,11.465398788452148,11.549880305950003,11.067127133141758,11.364825114869234,1520400
2008-09-02,10.801610946655273,11.384937698560895,10.801610946655273,11.26424961673659,5598600
2008-09-03,10.491842269897461,10.926320371284472,10.349027882860451,10.861953301991285,7935800
2008-09-04,9.697309494018555,10.477761099684615,9.66311482716551,10.459657815081261,10903800
2008-09-05,9.733518600463867,9.733518600463867,9.266856883839157,9.43984370018241,9768600
2008-09-08,9.365418434143066,10.178052931694934,9.353349320076934,10.065410936341866,6315800
2008-09-09,8.588991165161133,9.272891628419506,8.588991165161133,9.152203537055138,7777400
2008-09-10,8.951056480407715,9.107951157444464,8.430084847821673,8.647324339702893,7326000
2008-09-11,9.61484146118164,9.61484146118164,8.578933253884674,8.707667412146998,7011400
2008-09-12,10.228339195251465,10.258511595104643,9.453922450390554,9.655069736569077,8561400
2008-09-15,9.27490234375,10.05535410094073,9.27490234375,9.54443976277733,8467200
2008-09-16,9.683231353759766,9.805931335289864,8.902779578276908,9.02145652154024,8594200
2008-09-17,8.800193786621094,9.719436824775434,8.763987213656572,9.590702684153138,9882400
2008-09-18,9.222606658935547,9.43381201246484,8.47635009623545,9.152205385970001,8925000
2008-09-19,10.459662437438965,10.654775616909319,9.747600618118948,9.856220373740562,7859600
2008-09-22,9.956793785095215,10.819716097292698,9.956793785095215,10.618568748098856,7116200
2008-09-23,9.264843940734863,9.978916627240817,9.250763692599623,9.80592984464675,7966000
2008-09-24,9.465991973876953,9.695299767283888,9.293005177498799,9.53639322016293,4791600
2008-09-25,9.28294849395752,9.532370724107071,9.142145226064796,9.512256300400717,13040600
2008-09-26,8.850480079650879,8.95105371691964,8.548759167844599,8.918870183686275,9821600
2008-09-29,7.641585350036621,8.448185588879682,7.2714743316406825,8.448185588879682,10420600
2008-09-30,8.19675064086914,8.19675064086914,7.68382529410615,7.846754079566414,5882000
2008-10-01,7.925206661224365,8.126354030622787,7.6476230766059725,8.08612440327984,6758200
2008-10-02,7.440442085266113,7.999631568258487,7.180961775279837,7.744174298037468,6002600
2008-10-03,7.180959224700928,7.770320912941299,6.979811911781104,7.526932081148073,5664600
2008-10-06,6.575506210327148,6.637862161410595,5.294197880685215,6.034420146736904,9465400
2008-10-07,6.056547164916992,6.559415567619283,5.774940552477195,6.436715554589318,10288200
2008-10-08,5.974075794219971,6.193326412401669,5.443046587487432,5.471207474290952,9575600
2008-10-09,5.833272457122803,6.3120029244495335,5.752813603411345,6.233555590038122,7283400
2008-10-10,5.531552314758301,5.609999661178815,4.549953381894408,5.191613174172513,14099600
2008-10-13,6.436713695526123,6.436713695526123,5.571780446153014,6.03441908955574,8954200
2008-10-14,6.134994029998779,7.040157083605156,6.06861542141397,6.668034801826804,11594000
2008-10-15,5.085002899169922,5.83327057241055,4.726960636263722,5.752811744695099,11427200
2008-10-16,5.964018821716309,6.032408951075815,4.5479416841165605,5.111154107909778,19560600
2008-10-17,5.990167140960693,6.416599231217249,5.732698441270925,6.134993068728534,18201200
2008-10-20,6.436713695526123,6.436713695526123,6.0143042825256146,6.092751991577302,6899800
2008-10-21,6.06257963180542,6.340163126724088,5.964017498689034,6.175222398502462,11137800
2008-10-22,5.320346832275391,5.793042733107293,5.294197465508324,5.634136547873701,7711600
2008-10-23,5.229831218719482,5.585862128379492,4.928110186870281,5.227819699134845,7820600
2008-10-24,4.8194899559021,5.119199822264394,4.688744265061194,4.757134389561008,5938000
2008-10-27,4.628399848937988,4.986442214310878,4.545929478970547,4.726961989053759,4308600
2008-10-28,5.632124423980713,5.632124423980713,4.646502726515694,4.988452907776848,7009000
2008-10-29,5.760859489440918,5.887582523971476,5.527528614052374,5.712584175601021,6038000
2008-10-30,6.295910835266113,6.295910835266113,5.903673799389951,6.014304669690342,5801800
2008-10-31,5.774940490722656,6.074650393147429,5.774940490722656,6.034420767898185,9203000
2008-11-03,5.752814292907715,5.9278122727470395,5.652240617799741,5.833273156262469,5559600
2008-11-04,6.1148786544799805,6.3964848351067936,5.76890539069939,5.9137313277953885,7098400
2008-11-05,5.352529048919678,6.01229185778553,5.352529048919678,6.01229185778553,10855800
2008-11-06,4.950235843658447,5.209715696165402,4.843627622157931,5.107130513285603,7431800
2008-11-07,4.8999481201171875,5.179542731185369,4.8999481201171875,5.06086579907916,4348600
2008-11-10,4.777248859405518,5.278105641152644,4.757134050634302,5.229830330296567,6529000
2008-11-11,4.9462127685546875,5.008568332083547,4.53184938512918,4.646503299367368,7372200
2008-11-12,4.4252400398254395,4.92810822616924,4.4252400398254395,4.787304980529784,7567000
2008-11-13,4.628399848937988,4.767191606253612,4.264323309545765,4.4232294918032515,5837400
2008-11-14,4.6666178703308105,4.875810878826133,4.537883327598709,4.751099758137666,4283400
2008-11-17,4.747077941894531,4.859720360084283,4.427253597404887,4.427253597404887,5249600
2008-11-18,4.423229694366455,4.785295114771843,4.324667549737,4.566044496673925,7687800
2008-11-19,4.4493794441223145,4.564033369487842,4.348805771533871,4.421218554910033,7455200
2008-11-21,4.022947788238525,4.274382025003433,3.9746724608186472,4.2683474652041244,5597000
2008-11-24,4.676675319671631,4.706847341776607,4.208002066422904,4.276392187811823,6143600
2008-11-25,4.8798346519470215,5.022649083215476,4.507711985729419,4.568056035966602,6347000
2008-11-26,5.143337249755859,5.255979648950251,4.708859040633689,4.825524478570974,6709400
2008-11-27,5.189600467681885,5.260002103227478,5.040751503656999,5.060866311478319,1999200
2008-11-28,5.207704067230225,5.39477113891682,5.191612296744177,5.209715586498239,3467400
2008-12-01,4.84765100479126,5.06891315707747,4.837593407525733,5.024660496425365,3262200
2008-12-02,4.863741397857666,4.992475537094647,4.799374328239176,4.897936451549739,3009800
2008-12-03,4.755122661590576,4.795352280234527,4.566044451475006,4.787306203042506,5436200
2008-12-04,4.827535629272461,4.978396117687225,4.757133991280625,4.869776381872725,4079200
2008-12-05,4.688743591308594,4.771213956003358,4.576101207471996,4.6867320722114,6095400
2008-12-08,5.32235860824585,5.32235860824585,4.9381672068339135,5.006557335388112,7795000
2008-12-09,5.390747547149658,5.531550812196043,5.2358644159882735,5.326380471811207,6598400
2008-12-10,5.752814292907715,5.871491260227773,5.511437319185329,5.5315521309385485,7360600
2008-12-11,5.700514316558838,6.0243615811870095,5.700514316558838,5.8312599803287535,5092000
2008-12-12,5.793042182922363,5.853386604121201,5.33442657683298,5.360575557458519,5433000
2008-12-15,5.8031005859375,5.9740758943094985,5.71459565272292,5.843329822010973,3022800
2008-12-16,6.134994029998779,6.145051243797827,5.8936170622405,5.933846684752917,5041400
2008-12-17,6.344186782836914,6.364301208309571,6.034419719734659,6.1148785725995065,9665400
2008-12-18,6.456827640533447,6.557401284574878,6.336139574610135,6.382403358791271,5415400
2008-12-19,6.336142063140869,6.525220311965804,6.215453566158936,6.255683193038966,4203600
2008-12-22,5.724653244018555,6.4085545226876,5.712584510765017,6.366313380813048,4771600
2008-12-23,5.507414817810059,5.813158912067048,5.507414817810059,5.762872069603391,3384800
2008-12-26,5.650228500366211,5.6904581196156565,5.505402561652755,5.533563064932517,1126400
2008-12-29,5.732699394226074,5.831261548298356,5.591896097746748,5.746779647142383,2566800
2008-12-30,5.833272457122803,5.833272457122803,5.5717810866460455,5.772928412753728,5331000
2009-01-02,6.3803935050964355,6.416600087786222,5.8936169255453095,5.9941905958355575,3604800
2009-01-05,6.949637413024902,7.020039411714595,6.163151687278511,6.257691141394102,6874400
2009-01-06,7.359981536865234,7.416302549091959,6.985847344636285,7.020042792999829,9580600
2009-01-07,7.062282562255859,7.281533172812901,6.969754978762538,7.180959512324646,5366800
2009-01-08,7.553081512451172,7.593311128848692,6.762572504406933,6.9154448932542865,7115200
2009-01-09,7.45854377746582,7.834689090533086,7.382107572987331,7.462566049050182,8168400
2009-01-12,6.9355597496032715,7.3117050366092675,6.905388110913727,7.2573959335048555,8822000
2009-01-13,6.820907115936279,7.08038740092237,6.698207100525044,6.758551156557174,6481400
2009-01-14,6.68010139465332,6.907398049852737,6.466885755848864,6.688147470503004,6582400
2009-01-15,6.969754219055176,7.020041043818009,6.39648395636924,6.635849733322601,6880600
2009-01-16,7.140731334686279,7.221190586228978,6.843033331684355,7.158834627917572,5058600
2009-01-19,7.213143348693848,7.384118271606611,6.999926903484048,7.178947903721595,3255800
2009-01-20,6.732400894165039,7.34388815001933,6.732400894165039,7.130672486708416,6489400
2009-01-21,7.2071075439453125,7.2071075439453125,6.712284642837663,6.81889322498334,10031800
2009-01-22,7.140731334686279,7.291591855841623,7.06630702576487,7.281534641227858,9197000
2009-01-23,6.939583778381348,7.1165936664176,6.778666047128512,6.917457446462282,5877600
2009-01-26,7.038144111633301,7.199061792385911,6.818893531821611,6.891305912673264,4902000
2009-01-27,7.203085422515869,7.291589962377137,6.959696595094225,7.040155825743443,5444000
2009-01-28,7.456531524658203,7.5430249386736214,7.3921644399001485,7.4424512728246395,5996200
2009-01-29,7.265441417694092,7.5208986214367375,7.245326991418618,7.392164451714876,5934600
2009-01-30,7.0763630867004395,7.364003828193767,7.0763630867004395,7.209120292980732,4843200
2009-02-02,7.080386638641357,7.267453729322554,6.9395833448478665,6.977801063846523,4381400
2009-02-03,7.309692859649658,7.339865261357134,7.100499485011823,7.140729098183106,4217200
2009-02-04,7.547048568725586,7.844746550886403,7.382107805194812,7.382107805194812,8933400
2009-02-05,7.794456958770752,7.903076672158486,7.4826788338831145,7.534976788116488,7196600
2009-02-06,8.086124420166016,8.226927732502213,7.844747422920579,7.923194774379174,5101400
2009-02-09,7.860836505889893,8.367727004313439,7.79646866679577,8.035834434329356,4707800
2009-02-10,7.603369235992432,8.13640998953419,7.543025187952056,7.951354039252009,8083000
2009-02-11,7.398199081420898,7.834689217769211,7.285557059640347,7.623484659614451,5385400
2009-02-12,7.160844802856445,7.374061253707405,7.122627085526824,7.295613916005653,7028000
2009-02-13,7.464578151702881,7.553082707932799,7.305671563805231,7.442451820816343,6906800
2009-02-16,7.54302453994751,7.54302453994751,7.382106836558523,7.440439743823323,1513000
2009-02-17,7.213143348693848,7.376072194281826,7.201074232706671,7.343888652298853,4101000
2009-02-18,6.939583778381348,7.331821275840069,6.88125086101586,7.261419240887018,8121400
2009-02-19,6.879238605499268,7.1407299721426725,6.859123412793687,7.100500354047654,5057200
2009-02-20,6.770617961883545,6.923489569432577,6.561424589602941,6.597631164317509,4522600
2009-02-25,6.438725471496582,6.657976084255335,6.307980171938589,6.404530794898937,4214000
2009-02-26,6.392462253570557,6.637861856827261,6.340163901992947,6.637861856827261,4157000
2009-02-27,6.305967807769775,6.555390408827698,6.2154513710859245,6.235566177422116,4050000
2009-03-02,5.851376533508301,6.253671239786448,5.851376533508301,6.215453135265748,7108200
2009-03-03,6.134994029998779,6.217464410856933,5.873502634642405,5.949938457026262,6326600
2009-03-04,6.696195602416992,6.708263952581075,6.340164693567574,6.416600519319102,5966400
2009-03-05,6.275795936584473,6.515160948232561,6.185279497787782,6.43470210466774,5447600
2009-03-06,6.239590167999268,6.444760533366689,6.058557650651928,6.32004902196941,4663800
2009-03-09,6.175221920013428,6.316024791987521,6.058556507848375,6.1249350978102495,3091600
2009-03-10,6.657978057861328,6.657978057861328,6.316027737598856,6.336142552592692,6418200
2009-03-11,6.617748737335205,6.7786664788362865,6.46487630742194,6.73441381217987,5237600
2009-03-12,6.698205471038818,6.738435087712264,6.380392727024383,6.547344984000484,7275400
2009-03-13,6.505104064941406,6.818894146166793,6.420622179020426,6.740446050373373,4742000
2009-03-16,6.388439655303955,6.698206363807659,6.366313324818651,6.597632692377165,6217200
2009-03-17,6.416600704193115,6.440738556191129,6.159132329057722,6.416600704193115,5614800
2009-03-18,6.74849271774292,6.8188947431079425,6.269762244720265,6.33412932845527,7215600
2009-03-19,6.859123706817627,6.999926992527809,6.780676370193488,6.861135609832499,6970600
2009-03-20,6.798779010772705,6.9798118989953695,6.7686073742796635,6.899352667048385,4928600
2009-03-23,7.289577484130859,7.291588619234389,6.97981050070273,7.080384136830101,4432800
2009-03-24,7.124637126922607,7.2795206428099775,7.060270051140333,7.1608437029646455,5523800
2009-03-25,6.9864959716796875,7.214541512757311,6.7605232267900135,6.955398492968314,10013400
2009-03-26,7.11088228225708,7.1523453117981255,6.965762074284179,7.11088228225708,6706000
2009-03-27,7.150271892547607,7.150271892547607,6.94503034918359,7.011370874326386,4345200
2009-03-30,6.947103500366211,7.007224851493669,6.820642411540104,6.99478649666832,4966600
2009-03-31,7.131612777709961,7.345146269850455,6.9761270409067615,7.075637817559846,6572800
2009-04-01,7.35966157913208,7.367954345361283,6.945032757772526,6.949179140887128,5322800
2009-04-02,7.670632362365723,7.753558433971193,7.589779877513285,7.589779877513285,6621600
2009-04-03,7.732823848724365,7.795017985517696,7.566972553661695,7.616728337601174,6213200
2009-04-06,7.670632362365723,7.699656250175148,7.515146571236688,7.651974035796574,3652000
2009-04-07,7.587706089019775,7.772216553894137,7.5690477629467106,7.5690477629467106,5327400
2009-04-08,7.55661153793335,7.726609316405573,7.446734346353622,7.649903194617333,6380000
2009-04-09,7.857215404510498,7.867580965455862,7.70172961780521,7.778435717810836,4300800
2009-04-13,8.052091598510742,8.08318907589355,7.743192784148869,7.763924699351307,4343400
2009-04-14,7.981603145599365,8.25733163386947,7.927701758040925,7.973310381100666,6260200
2009-04-15,8.064528465270996,8.064528465270996,7.85721411696934,7.940139381785116,5608400
2009-04-16,8.259405136108398,8.32367288020865,8.01270130247993,8.190991009404103,4279600
2009-04-17,8.346476554870605,8.445988152782487,8.195137153023612,8.240746569496425,5631600
2009-04-20,7.981603145599365,8.230380544669474,7.95672564294482,8.230380544669474,3086000
2009-04-22,8.334038734436035,8.479158967315493,8.085261305334342,8.147455464899354,6082400
2009-04-23,8.313304901123047,8.437693982372958,8.188916610714601,8.40037733708213,5625400
2009-04-24,8.363061904907227,8.499889360540806,8.334038018991253,8.400378555611073,3703600
2009-04-27,8.095623970031738,8.360986835181484,8.027210656242204,8.251109708729562,5154200
2009-04-28,8.089407920837402,8.14745569932271,7.921482973422753,7.99196990051563,5236800
2009-04-29,8.209649085998535,8.288428771395983,8.172332434538776,8.251112119936224,4283600
2009-04-30,8.348549842834473,8.497816443520167,8.284282102907785,8.334037900083539,6178000
2009-05-04,8.951699256896973,8.951699256896973,8.596140942934381,8.598232908286198,4771000
2009-05-05,8.899410247802734,9.123202643102488,8.838756025339945,8.95169820554288,5202600
2009-05-06,9.307255744934082,9.384641692898215,8.962154931880454,8.987253724072216,6504600
2009-05-07,9.043724060058594,9.453661390999203,8.94751362700046,9.420197135368353,4969600
2009-05-08,9.359541893005371,9.382548715817475,9.12110899813576,9.265423435069813,4007800
2009-05-11,9.206863403320312,9.349086707701614,9.020718407311199,9.171307178299541,2993200
2009-05-12,8.993528366088867,9.326079795725724,8.878495023302094,9.234053281066481,3657800
2009-05-13,8.585680961608887,8.832480141709574,8.46855646790061,8.711172516390178,4637600
2009-05-14,8.529210090637207,8.57522374163629,8.29914343134338,8.428817323062585,4705800
2009-05-15,8.397445678710938,8.617054924559175,8.31169346660445,8.617054924559175,3793800
2009-05-18,8.920323371887207,8.939147063232587,8.460189315106208,8.460189315106208,3359200
2009-05-19,9.171305656433105,9.349085156334837,8.838754278996573,9.098102849200533,4398000
2009-05-20,9.240325927734375,9.516406220184187,9.177580551786827,9.215227936925505,6905600
2009-05-21,8.926599502563477,9.07718906424617,8.76346134264113,9.07718906424617,5357400
2009-05-22,8.957972526550293,9.125293817245486,8.901501441343632,9.035358473899786,3768800
2009-05-25,9.077187538146973,9.114834922238192,8.95378795648147,8.97051968393828,1004200
2009-05-26,9.33862590789795,9.40346243943515,8.81365457134166,8.993525203058935,3981400
2009-05-27,9.395098686218262,9.713009525174154,9.290522783845303,9.309346478186468,5440600
2009-05-28,9.76948356628418,9.828046631883812,9.453664596545874,9.537324865065113,6362800
2009-05-29,10.1438627243042,10.1438627243042,9.842684406932602,9.934710915555659,10929600
2009-06-01,10.551709175109863,10.666742513231403,10.32164170101593,10.323733665952256,5579800
2009-06-02,10.562166213989258,10.767134888340417,10.386478664852433,10.453407179014002,5815400
2009-06-03,9.92007064819336,10.44713331767783,9.853142131228745,10.44713331767783,10313600
2009-06-04,10.01837158203125,10.083208129684317,9.694185652362696,10.05601897002049,5155000
2009-06-05,10.175235748291016,10.384387555673353,10.0811172753988,10.353014465425671,4078600
2009-06-08,10.237980842590332,10.237980842590332,9.830134670111297,10.039286471603027,4604800
2009-06-09,10.1438627243042,10.35301453305274,10.007913729477314,10.35301453305274,3300600
2009-06-10,10.206605911254883,10.34464604341349,10.02673526677686,10.34464604341349,4989400
2009-06-12,10.102032661437988,10.378112997687161,10.039287275536061,10.332100140212878,3755400
2009-06-15,9.65235710144043,9.955626611249311,9.526865526968676,9.915888051484584,5697200
2009-06-16,9.307255744934082,9.817585885070452,9.307255744934082,9.78621359160703,5998200
2009-06-17,9.252877235412598,9.286341496027886,9.018626613254673,9.238235873408183,4912600
2009-06-18,9.114837646484375,9.309348125290079,9.039542855797801,9.30725695792699,3789600
2009-06-19,9.231962203979492,9.363728088205367,9.158759378215652,9.296799562406724,4562000
2009-06-22,8.711173057556152,9.129476670445268,8.700714828953267,9.127384705584362,5909400
2009-06-23,8.941240310668945,9.018626260719765,8.640061976904308,8.78437644556949,5340800
2009-06-24,8.909866333007812,9.223594032027112,8.861761514900282,9.129476360601961,5284600
2009-06-25,9.307255744934082,9.307255744934082,8.669342870300905,8.744637651174486,4497200
2009-06-26,9.33862590789795,9.474574065978013,9.24241549703365,9.263331150634848,4798200
2009-06-29,9.397192001342773,9.432747430290139,9.188040166543871,9.353270307519228,3784600
2009-06-30,9.123202323913574,9.46202885266803,9.087646896862676,9.455753755420131,5190800
2009-07-01,9.110651969909668,9.342809779232464,9.083462014676089,9.083462014676089,3876800
2009-07-02,8.96424674987793,9.045815828536925,8.805290926672486,8.97261301380471,3460000
2009-07-03,8.895225524902344,8.97261226297304,8.82620584790911,8.964245999746353,1355200
2009-07-06,8.784377098083496,8.851305621669391,8.577316429717117,8.70071604467566,5247000
2009-07-07,8.585680961608887,8.82620584321828,8.545942408079403,8.721629946492591,4878600
2009-07-08,8.487383842468262,8.694443760997034,8.324244830279184,8.619148955040709,5423000
2009-07-09,8.487383842468262,8.487383842468262,8.487383842468262,8.487383842468262,0
2009-07-10,8.470647811889648,8.562674315706115,8.345157052335304,8.397445001791413,3395400
2009-07-13,8.403719902038574,8.637969708973731,8.177835561248681,8.619146013907907,7457600
2009-07-14,8.284502983093262,8.52293590909021,8.25940499031748,8.43090940367847,5070000
2009-07-15,8.826205253601074,8.868035769067099,8.428816553449915,8.47064706891594,6877000
2009-07-16,9.045816421508789,9.160849765564732,8.742546116015193,8.784376640540327,4769600
2009-07-17,9.137842178344727,9.217320088557264,8.888951814757807,9.056273101112494,4870000
2009-07-20,9.518500328063965,9.518500328063965,9.246603083044976,9.328172176765573,6333800
2009-07-21,9.62098217010498,9.662812686936455,9.307254490645036,9.57078539033706,5533400
2009-07-22,9.641897201538086,9.750656228099109,9.390915691775007,9.390915691775007,4353000
2009-07-23,9.85732650756836,9.997457858323514,9.579154175566455,9.694187528754455,6790400
2009-07-24,9.798762321472168,9.913796459269124,9.658630986848047,9.828044246089217,3845400
2009-07-27,9.8301362991333,9.892881690408645,9.643991292614373,9.838502564063596,4525400
2009-07-28,9.934711456298828,9.934711456298828,9.687912244714282,9.706735940440252,4157600
2009-07-29,9.715100288391113,9.892878981295988,9.704642859017424,9.817584213244276,7007400
2009-07-30,9.978633880615234,10.110399760383705,9.87196679556043,9.91379732223227,5244000
2009-07-31,10.051836967468262,10.122948619675311,9.79667148639869,9.934711658582858,4290400
2009-08-03,10.313277244567871,10.411578064226571,10.166870800873996,10.166870800873996,4274200
2009-08-04,10.164779663085938,10.411578911667661,10.05183826965018,10.229617024272999,4595800
2009-08-05,10.342555046081543,10.367653034743645,9.955623798108325,10.143860707700775,5544400
2009-08-06,10.42621898651123,10.47641577955876,10.217067144873285,10.33210129605492,5880000
2009-08-07,10.47850513458252,10.574715571462367,10.35301437044473,10.480597099433615,4793400
2009-08-10,10.503602981567383,10.620727471474622,10.36347086962026,10.457589333189112,3398200
2009-08-11,10.317458152770996,10.478504328480046,10.227522819512261,10.457589468682983,5666400
2009-08-12,10.622817993164062,10.691837658505285,10.28399157034142,10.39484254475405,7944800
2009-08-13,10.70648193359375,10.790142985071059,10.57262488951079,10.73994619461449,4618200
2009-08-14,10.499422073364258,10.65837711383343,10.392754192782187,10.551710031102276,6671600
2009-08-17,10.079025268554688,10.227523657544358,10.02255418505453,10.13131322018252,4529600
2009-08-18,10.290268898010254,10.415759661046026,10.143862475901308,10.143862475901308,4900400
2009-08-19,10.206605911254883,10.265168947642328,10.097846898364669,10.139677410684083,3140800
2009-08-20,10.457589149475098,10.505693963820596,10.23379680550439,10.252620497887474,3888000
2009-08-21,10.520336151123047,10.66465141431973,10.499421288731197,10.635369489979938,3468000
2009-08-24,10.834061622619629,10.917722650502684,10.66674036470421,10.708570878645737,5683200
2009-08-25,10.647918701171875,10.934456459787539,10.629095006205834,10.888443603754538,5043000
2009-08-26,10.601906776428223,10.666744135852895,10.424128026637732,10.572625645672233,4270400
2009-08-27,10.59354019165039,10.62491248650109,10.32164218250565,10.5830819621826,4561400
2009-08-28,10.54543685913086,10.706483894111711,10.407396657411708,10.656287892314419,3404800
2009-08-31,10.252622604370117,10.445041901286176,10.252622604370117,10.417852738363841,4663800
2009-09-01,10.164779663085938,10.447135141302823,10.133407364073614,10.267264421368584,4411400
2009-09-02,10.12294864654541,10.29236111412741,10.064385593021814,10.085301254226989,3699800
2009-09-03,10.227523803710938,10.244255533588538,10.081117377490475,10.208700108941866,2638200
2009-09-04,10.468047142028809,10.486870835424236,10.219156794112177,10.248437917649335,3000800
2009-09-08,10.677199363708496,10.677199363708496,10.50987808119006,10.664650766176369,3125000
2009-09-09,10.520336151123047,10.666742581418571,10.447133334900714,10.614454627588088,3103400
2009-09-10,10.549617767333984,10.61236395312398,10.43667638818396,10.49942177612306,3553400
2009-09-11,10.603995323181152,10.67301499516252,10.491053171374496,10.562164807936014,3015200
2009-09-14,10.729485511779785,10.729485511779785,10.426215289374223,10.4471309448319,2947000
2009-09-15,10.98046875,10.997201275825502,10.710662754944392,10.72948644757271,5396200
2009-09-16,11.346487045288086,11.390408739140462,11.036942425324643,11.036942425324643,5974200
2009-09-17,11.292108535766602,11.47407041869727,11.21472177816251,11.315114568670843,4256200
2009-09-18,11.497075080871582,11.497075080871582,11.252367051910484,11.252367051910484,3920200
2009-09-21,11.474067687988281,11.605833543231366,11.294197015274086,11.356942394677674,3140000
2009-09-22,11.45106029510498,11.670669511057392,11.428053470965546,11.643479555451629,5687600
2009-09-23,11.220993041992188,11.492890189779128,11.174979396204147,11.482432760604766,6839000
2009-09-24,11.064130783081055,11.32557053884525,10.980469742096185,11.262824359181188,4613800
2009-09-25,11.024392127990723,11.18125599138678,10.980470437724035,10.990927869046931,2575000
2009-09-28,11.336030960083008,11.336030960083008,11.051584303115083,11.085048568767132,2472000
2009-09-29,11.18962287902832,11.440605234015962,11.143609221222828,11.405049008116013,3185600
2009-09-30,11.373674392700195,11.455243461918437,11.191711763681772,11.346484437010531,5412000
2009-10-01,11.068312644958496,11.304654397486674,11.026482924101078,11.27328210684361,3398400
2009-10-02,11.200079917907715,11.231453010374338,10.87589475310645,10.896809616183608,4667800
2009-10-05,11.501259803771973,11.501259803771973,11.273284270794793,11.409232485378766,3020800
2009-10-06,11.64348316192627,11.733418521682223,11.440606408999741,11.566097200456378,4056400
2009-10-07,11.660212516784668,11.754330983665193,11.501257504381497,11.605833401393019,3347600
2009-10-08,11.900739669799805,11.94256939830521,11.65394044193345,11.733417564374465,3632600
2009-10-09,11.879823684692383,11.921654209911376,11.775247770570353,11.806620863947325,2828200
2009-10-13,12.065966606140137,12.065966606140137,11.844266217007853,11.871455375544338,2366200
2009-10-14,12.674602508544922,12.6850607399179,12.172638518832361,12.256298784858936,4794200
2009-10-15,12.925583839416504,12.948590669983478,12.49263958483192,12.662052866219746,4069600
2009-10-16,12.705970764160156,12.83982777706474,12.58884547894328,12.67459767770095,4044600
2009-10-19,13.166106224060059,13.176563654692032,12.720612658050815,12.724795789873767,2825800
2009-10-20,12.821005821228027,13.03224959658251,12.532376099403992,12.904666864549753,4116800
2009-10-21,13.281140327453613,13.58650178759275,12.758260787002685,12.758260787002685,5128600
2009-10-22,13.35434341430664,13.511207279617295,13.113819299540832,13.36270967860742,3494800
2009-10-23,13.168196678161621,13.741272143417754,13.082444475060488,13.594866526794432,2931200
2009-10-26,12.883748054504395,13.362705774813977,12.84400950746127,13.239306204905626,3313400
2009-10-27,12.50727653503418,13.040613425150337,12.444531159347115,12.967410619823884,3523800
2009-10-28,11.879823684692383,12.444533780521525,11.735509210430308,12.342049033627536,6478600
2009-10-29,12.528194427490234,12.611854677383043,12.063877128429425,12.216557862388411,4549200
2009-10-30,12.193546295166016,12.674595138098356,11.835897010876588,12.6494971526703,4120000
2009-11-03,12.25629711151123,12.5072794710265,11.858909106975403,11.953027591524995,4745200
2009-11-04,12.632773399353027,12.75408107034006,12.498915530957197,12.653688267431493,4151400
2009-11-05,12.712244987487793,12.789631720871478,12.488452645758166,12.570021712651112,3720600
2009-11-06,12.48636245727539,12.823096978554723,12.339956039608186,12.758259634171177,4605200
2009-11-09,12.549105644226074,12.737342548029725,12.517732560975249,12.69760320286526,4255000
2009-11-10,12.473814010620117,12.64531843360269,12.308583886720784,12.549108791022388,5269400
2009-11-11,12.475905418395996,12.760351201428264,12.362963252836392,12.632769271278507,4216600
2009-11-12,12.339956283569336,12.611853465840532,12.239563514631547,12.440349052507125,3696000
2009-11-13,12.287668228149414,12.517734888599978,12.086882691990654,12.352505573260405,4087600
2009-11-16,12.668323516845703,12.75825884796268,12.46544603067242,12.609761272527948,3757000
2009-11-17,12.741527557373047,12.75407695287939,12.51564402321462,12.674599043707527,4611400
2009-11-18,12.553290367126465,12.87538431099205,12.50727671861688,12.810546969714977,3934400
2009-11-19,12.595118522644043,12.595118522644043,12.339953134715696,12.423614153074347,3901800
2009-11-23,12.51773452758789,12.81891362099081,12.465446579188859,12.756168242482126,3080400
2009-11-24,12.417341232299805,12.549107080038416,12.241653701265237,12.517733993198023,4201000
2009-11-25,12.450807571411133,12.57211600980538,12.404794713615793,12.446624439275034,4141000
2009-11-26,12.254204750061035,12.339956961438352,12.176818802684151,12.204007963909286,2222600
2009-11-27,12.266754150390625,12.308583874705855,12.028320413399232,12.12871398573816,3138600
2009-11-30,12.235381126403809,12.436166676481102,12.193550604008326,12.298126511071606,4203000
2009-12-01,12.488451957702637,12.588844711258991,12.394333501915215,12.4131571930727,6079000
2009-12-02,12.670416831970215,12.674599165995197,12.530284706608564,12.570023262652494,4648600
2009-12-03,12.636951446533203,12.831462685492623,12.634860279575392,12.68505706292171,3901000
2009-12-04,12.50727653503418,12.81682107989434,12.37969381902173,12.54910705144247,5090800
2009-12-07,12.570021629333496,12.630675836875197,12.448714012100817,12.551197937263684,3388400
2009-12-08,12.369236946105957,12.517734528080869,12.308582734476506,12.517734528080869,3002600
2009-12-09,12.42361831665039,12.50727856519583,12.279303051509304,12.40270265612588,3442400
2009-12-10,12.48636245727539,12.653683735530429,12.48636245727539,12.507277317863224,3227200
2009-12-11,12.528194427490234,12.65368520125489,12.509370731640448,12.613946642394621,2969600
2009-12-14,12.588846206665039,12.651592383210613,12.511460266203152,12.60139560154431,2217400
2009-12-15,12.50727653503418,12.590937567850759,12.42361630006834,12.501002236820694,2384600
2009-12-16,12.463354110717773,12.618126772869825,12.463354110717773,12.549106305222768,4282600
2009-12-17,12.350417137145996,12.457085032229196,12.237474941593558,12.434078200040624,2637600
2009-12-18,11.737428665161133,12.158968149169015,11.606095092601784,12.014924563241062,17118200
2009-12-21,11.354022979736328,11.894187048249032,11.354022979736328,11.894187048249032,7805000
2009-12-22,11.544670104980469,11.587036028446164,11.279884093398348,11.459938258049078,6738800
2009-12-23,11.56373405456543,11.661175107199924,11.459937588541568,11.608217907977343,4585400
2009-12-24,11.56373405456543,11.56373405456543,11.56373405456543,11.56373405456543,0
2009-12-28,11.629400253295898,11.748023851998084,11.601862285856036,11.667529498039505,3907600
2009-12-29,11.699302673339844,11.733195243647236,11.659055498619383,11.67176470744552,2107400
2009-12-30,11.699302673339844,11.699302673339844,11.699302673339844,11.699302673339844,0
2010-01-04,11.906896591186523,11.96620920435597,11.853939391466183,11.864530669797702,3174400
2010-01-05,12.017049789428711,12.17380348387878,11.883597396267708,11.883597396267708,5379400
2010-01-06,12.031875610351562,12.125080798984678,11.904778654295347,11.989509688978579,4925600
2010-01-07,11.904776573181152,12.036110179222069,11.84334603833234,12.010690954066995,5134000
2010-01-08,12.173797607421875,12.296657853008538,11.92595756833004,12.053055293628734,8016400
2010-01-11,12.413167953491211,12.447060530797959,12.334791519981128,12.351738212665893,4511000
2010-01-12,12.18227481842041,12.28818922612314,12.053059919795833,12.286071293516718,4236800
2010-01-13,12.391983985900879,12.51484506969956,12.256413692097292,12.29666087055064,6085600
2010-01-14,12.49789810180664,12.580511197257369,12.421639611217454,12.455532183916795,3882200
2010-01-15,12.235230445861816,12.474597202687113,12.127198119471752,12.243703791321387,3658600
2010-01-18,12.286067962646484,12.360207704713284,12.158971031085521,12.19074485994447,1804200
2010-01-19,12.417403221130371,12.455532467292441,12.137789287983642,12.137789287983642,2095400
2010-01-20,12.116605758666992,12.307251166090763,11.89418571264128,12.243702696949507,3899200
2010-01-21,11.582797050476074,12.178036176970886,11.546785739874016,12.129314849439403,5480000
2010-01-22,11.354022979736328,11.671766169184876,11.303184521939682,11.489594086007058,6906200
2010-01-26,11.406978607177734,11.481119159343821,11.017213649470994,11.186677306957703,4472600
2010-01-27,11.180322647094727,11.523485849346851,11.137957537934113,11.41545272002437,3903400
2010-01-28,11.50018310546875,11.597624137161025,11.245988442219833,11.417570021726927,4042200
2010-01-29,11.65058422088623,11.798864545310062,11.548906491926028,11.591272414341802,4957000
2010-02-01,11.915369987487793,12.053059030568305,11.650583987765842,11.767089666030952,4065200
2010-02-02,12.09965991973877,12.106015332743452,11.828519334711068,12.010692218300061,2960600
2010-02-03,12.072122573852539,12.13778897874322,11.803099925257587,12.050939210934036,4078800
2010-02-04,11.56796932220459,12.053057402090444,11.559495977423255,11.947143016511662,4358800
2010-02-05,11.502303123474121,11.682358079625256,11.171850728576514,11.438754648152482,5838400
2010-02-08,11.52136516571045,11.661172103321766,11.39638617541681,11.502300546578793,3215800
2010-02-09,11.820045471191406,11.947143220897855,11.635754663389102,11.650582612978791,4373800
2010-02-10,11.947142601013184,12.095422089216498,11.822163598054244,11.997981051807862,5794200
2010-02-11,12.286067962646484,12.355971840648824,11.92384098044141,11.97044275771372,6627400
2010-02-12,12.243703842163086,12.243703842163086,11.89630475750516,12.161090743745982,4333800
2010-02-17,12.506372451782227,12.54026502720456,12.286070307505689,12.288188239942137,3501600
2010-02-18,12.622875213623047,12.622875213623047,12.267002849857638,12.449175703697376,3494000
2010-02-19,12.533910751342773,12.595341302390773,12.434351756539021,12.497900240215692,2439200
2010-02-22,12.317842483520508,12.58898303259617,12.256411950350998,12.582628428496765,3954200
2010-02-23,12.169564247131348,12.391984316846825,12.053058573286355,12.283951988606523,4483000
2010-02-24,12.042464256286621,12.286067644884353,11.991625808202135,12.205572492677593,3399200
2010-02-25,12.286067962646484,12.307250515219117,11.856055842533884,11.89418508361469,4792800
2010-02-26,12.529674530029297,12.603814290868112,12.413168037192891,12.500017817630983,9155200
2010-03-01,12.730907440185547,12.792337971082105,12.495778208519054,12.675832321215816,3322200
2010-03-02,12.773274421691895,12.946973945078554,12.730908506900915,12.805049059800782,4994200
2010-03-03,12.826234817504883,13.048654915645802,12.720320408098463,12.773277612801673,5205200
2010-03-04,12.836827278137207,12.963925065958728,12.620762574160116,12.858010646805573,5431800
2010-03-05,13.192692756652832,13.26047788412207,12.944853535855145,12.96391815345977,5806000
2010-03-08,13.535857200622559,13.607878198565075,13.268952527989839,13.281662543659863,7894600
2010-03-09,14.067551612854004,14.361993520359446,13.45960236514735,13.535860863679387,11866400
2010-03-10,14.311150550842285,14.4043557226785,14.016708702859901,14.4043557226785,7253200
2010-03-11,14.444602966308594,14.510269361587863,14.160751601185908,14.21582752865003,5445400
2010-03-12,14.436131477355957,14.552636335043527,14.323862484113713,14.506035361643686,5450800
2010-03-15,14.359870910644531,14.398000149636896,14.192526007073875,14.3196229316734,2819200
2010-03-16,14.52086353302002,14.603476628029952,14.330217307564276,14.425539612229478,4948000
2010-03-17,14.275141716003418,14.656434176098445,14.152280632625533,14.616186189720255,4740200
2010-03-18,14.150164604187012,14.38317596290069,13.885378601983852,14.38317596290069,4795400
2010-03-19,14.00188159942627,14.298442205430629,13.921387247334133,14.298442205430629,4043800
2010-03-22,14.006120681762695,14.09932425375898,13.81547444066159,13.898087542451158,2527400
2010-03-23,14.60559368133545,14.616185766746991,14.173464393900176,14.268786698102742,5408600
2010-03-24,14.743280410766602,14.743280410766602,14.434010635281671,14.47002113426192,4564200
2010-03-25,14.510268211364746,14.883087233981959,14.446718945010968,14.730570287632872,4101400
2010-03-26,14.739044189453125,14.815302665517631,14.493322074106375,14.679732400541852,3597600
2010-03-29,15.247435569763184,15.247435569763184,14.811067204767774,14.828013894231244,4637900
2010-03-30,15.133048057556152,15.569414812697516,14.98053108244356,15.319456795957498,4809300
2010-03-31,15.111865997314453,15.124576824432074,14.916983886849696,14.997479866134428,3230600
2010-04-01,15.52705192565918,15.52705192565918,15.298276430264558,15.298276430264558,3223400
2010-04-05,15.493158340454102,15.666857892232244,15.38300807528097,15.56941683792992,3801800
2010-04-06,15.179649353027344,15.548230934066307,15.15846518463562,15.209305249425586,3731300
2010-04-07,14.883089065551758,15.28979989511739,14.726334620221632,15.247434789751244,4002200
2010-04-08,15.16694164276123,15.16694164276123,14.700918932714634,14.80683333191845,56500
2010-04-09,15.16694164276123,15.16694164276123,15.16694164276123,15.16694164276123,0
2010-04-12,15.16694164276123,15.16694164276123,15.16694164276123,15.16694164276123,0
2010-04-13,15.16694164276123,15.16694164276123,15.16694164276123,15.16694164276123,0
2010-04-14,15.16694164276123,15.16694164276123,15.16694164276123,15.16694164276123,0
2010-04-15,15.16694164276123,15.16694164276123,15.16694164276123,15.16694164276123,0
2010-04-16,15.16694164276123,15.16694164276123,15.16694164276123,15.16694164276123,0
2010-04-19,15.16694164276123,15.16694164276123,15.16694164276123,15.16694164276123,0
2010-04-20,15.16694164276123,15.16694164276123,15.16694164276123,15.16694164276123,0
2010-04-22,15.16694164276123,15.16694164276123,15.16694164276123,15.16694164276123,0
2010-04-23,15.16694164276123,15.16694164276123,15.16694164276123,15.16694164276123,0
2010-04-26,15.16694164276123,15.16694164276123,15.16694164276123,15.16694164276123,0
2010-04-27,15.16694164276123,15.16694164276123,15.16694164276123,15.16694164276123,0
2010-04-28,15.16694164276123,15.16694164276123,15.16694164276123,15.16694164276123,0
2010-04-29,15.16694164276123,15.16694164276123,15.16694164276123,15.16694164276123,0
2010-04-30,15.16694164276123,15.16694164276123,15.16694164276123,15.16694164276123,0
2010-05-03,15.615708351135254,15.615708351135254,15.615708351135254,15.615708351135254,0
2010-05-04,15.615708351135254,15.615708351135254,15.615708351135254,15.615708351135254,0
2010-05-05,15.615708351135254,15.615708351135254,15.615708351135254,15.615708351135254,0
2010-05-06,15.615708351135254,15.615708351135254,15.615708351135254,15.615708351135254,0
2010-05-07,15.615708351135254,15.615708351135254,15.615708351135254,15.615708351135254,0
2010-05-10,15.615708351135254,15.615708351135254,15.615708351135254,15.615708351135254,0
2010-05-11,15.615708351135254,15.615708351135254,15.615708351135254,15.615708351135254,0
2010-05-12,15.615708351135254,15.615708351135254,15.615708351135254,15.615708351135254,0
2010-05-13,15.615708351135254,15.615708351135254,15.615708351135254,15.615708351135254,0
2010-05-14,15.615708351135254,15.615708351135254,15.615708351135254,15.615708351135254,0
2010-05-17,15.615708351135254,15.615708351135254,15.615708351135254,15.615708351135254,0
2010-05-18,15.615708351135254,15.615708351135254,15.615708351135254,15.615708351135254,0
2010-05-19,15.615708351135254,15.615708351135254,15.615708351135254,15.615708351135254,0
2010-05-20,15.615708351135254,15.615708351135254,15.615708351135254,15.615708351135254,0
2010-05-21,15.615708351135254,15.615708351135254,15.615708351135254,15.615708351135254,0
2010-05-24,15.615708351135254,15.615708351135254,15.615708351135254,15.615708351135254,0
2010-05-25,15.615708351135254,15.615708351135254,15.615708351135254,15.615708351135254,0
2010-05-26,15.615708351135254,15.615708351135254,15.615708351135254,15.615708351135254,0
2010-05-27,15.615708351135254,15.615708351135254,15.615708351135254,15.615708351135254,0
2010-05-28,15.615708351135254,15.615708351135254,15.615708351135254,15.615708351135254,0
2010-05-31,15.615708351135254,15.615708351135254,15.615708351135254,15.615708351135254,0
2010-06-01,15.615708351135254,15.615708351135254,15.615708351135254,15.615708351135254,0
2010-06-02,15.615708351135254,15.615708351135254,15.615708351135254,15.615708351135254,0
2010-06-04,15.615708351135254,15.615708351135254,15.615708351135254,15.615708351135254,0
2010-06-07,15.615708351135254,15.615708351135254,15.615708351135254,15.615708351135254,0
2010-06-08,15.615708351135254,15.615708351135254,15.615708351135254,15.615708351135254,0
2010-06-09,11.210159301757812,11.519855901164853,11.175263898557413,11.3410168557663,2611800
2010-06-10,11.71178150177002,11.803381626834184,11.327931219287242,11.327931219287242,2838800
2010-06-11,11.903706550598145,11.982220586341292,11.594009109273932,11.663799917915883,2950700
2010-06-14,11.908066749572754,12.178506734360731,11.851362034295853,12.04328715795274,3019700
2010-06-15,11.969136238098145,12.034565022169167,11.860087987322398,11.97349826796583,2337500
2010-06-16,11.990944862365723,12.104355136453831,11.864449331403037,11.908067963614396,3148200
2010-06-17,11.842639923095703,12.130527239928853,11.698696264679128,12.012755760840479,3952900
2010-06-18,11.668163299560547,11.860088461552253,11.611458572957536,11.842640341383843,5637
2010-06-21,11.868809700012207,12.126163605549083,11.868809700012207,12.017115368693526,3194200
2010-06-22,11.969136238098145,12.15669936254797,11.873173244953326,11.873173244953326,2669100
2010-06-23,12.07818603515625,12.10435738574076,11.820832063820559,12.056375883025629,2562700
2010-06-24,12.082547187805176,12.34426233858158,11.873173902423009,12.03456568857582,7117900
2010-06-25,12.169784545898438,12.235213329570104,11.947326015837074,12.104355762226772,2949900
2010-06-28,12.152335166931152,12.38351688491313,12.134887050569958,12.20031582298048,3413800
2010-06-29,11.559115409851074,11.995308444185078,11.384638362511911,11.990946414005075,5014000
2010-06-30,11.471875190734863,11.855725484042312,11.471875190734863,11.602733585623714,7113200
2010-07-01,11.646353721618652,11.751039944378217,11.29739881378129,11.480599911603566,3926000
2010-07-02,11.668163299560547,11.794659674865038,11.537305726186116,11.733592086247763,2055000
2010-07-05,11.668163299560547,11.772849524654525,11.598372482831229,11.737954116289865,1071700
2010-07-06,11.847002029418945,12.117442060416934,11.733591747514765,11.969136371155479,3268900
2010-07-07,12.095629692077637,12.156697267730058,11.759760937891262,11.86444797273199,2629200
2010-07-08,12.14797306060791,12.230849948852724,11.956047941714862,12.14797306060791,3091400
2010-07-12,11.95168685913086,12.265746320730855,11.851362678662879,12.165421308290835,3020800
2010-07-13,11.929879188537598,12.1479756971691,11.886259720416867,12.073822850955503,4188300
2010-07-14,11.755401611328125,11.947325931141496,11.598371866051625,11.886259177743797,3529700
2010-07-15,11.428255081176758,11.755399778172597,11.323568046002741,11.755399778172597,5293300
2010-07-16,11.275588989257812,11.480599395618098,11.21016020697024,11.480599395618098,3416000
2010-07-19,11.4413423538208,11.5198572280583,11.27995140741895,11.27995140741895,3018800
2010-07-20,12.052013397216797,12.065099488000715,11.314847754472364,11.341019104067996,5600700
2010-07-21,12.174145698547363,12.326813404095729,12.060735426767781,12.187231787127645,4891500
2010-07-22,12.627786636352539,12.74555810429427,12.392242036524973,12.392242036524973,5727900
2010-07-23,12.88949966430664,12.88949966430664,12.422773401588236,12.627784593902543,3917800
2010-07-26,12.933119773864746,13.055254089673895,12.810986290027557,12.824071545026136,2872700
2010-07-27,12.710663795471191,13.059618695799346,12.649597041501917,13.020361259112777,4811200
2010-07-28,12.819713592529297,12.95057200792999,12.588531806340857,12.649598567677845,3173500
2010-07-29,12.933119773864746,13.042168002703356,12.806624261037378,12.915672489875988,4872100
2010-07-30,12.75428295135498,12.920036753765952,12.501291049965905,12.815349703836862,5145900
2010-08-02,12.99854850769043,13.08578742330122,12.889500279162919,12.889500279162919,3753400
2010-08-03,13.111960411071777,13.238456771388659,12.828435147705193,12.976740823676403,3719400
2010-08-04,13.229734420776367,13.378040115899218,13.125048194567091,13.133772254744239,2251900
2010-08-05,13.282078742980957,13.312612123452052,13.020362745843814,13.282078742980957,2749900
2010-08-06,13.255908012390137,13.26899410487018,13.024726202382219,13.085792970011132,1841100
2010-08-09,13.155583381652832,13.378041954917471,13.068344431833344,13.3169751892272,1825000
2010-08-10,13.181753158569336,13.181753158569336,12.793541625406306,12.998552051419061,3047600
2010-08-11,12.671405792236328,13.0378079636141,12.61470107065333,12.954931896067572,4577100
2010-08-12,12.675766944885254,12.841520732454361,12.544909392149249,12.671404915531117,2351800
2010-08-13,12.544912338256836,12.863333068140063,12.544912338256836,12.715027363158681,4771700
2010-08-16,12.688855171203613,12.767370048864922,12.366072432352135,12.475120688665696,2241600
2010-08-17,12.675766944885254,12.89822545011409,12.675766944885254,12.780453153468466,2682300
2010-08-18,12.579804420471191,12.706299940086902,12.396603352912019,12.701938742834642,4567700
2010-08-19,12.527461051940918,12.71502415097301,12.448947020878848,12.557995256876852,2876700
2010-08-20,12.370434761047363,12.514378429576986,12.222129062323244,12.440225580214927,3286100
2010-08-23,12.191594123840332,12.5667195209009,12.126164511262388,12.475119394447113,2554100
2010-08-24,12.14797306060791,12.213401832602457,11.929876599311438,12.017114684646842,3142000
2010-08-25,11.868809700012207,12.326812793988758,11.829553100158467,11.995306054111223,4745100
2010-08-26,11.733588218688965,11.995304111144682,11.689968764617698,11.990942082540366,3307000
2010-08-27,11.886262893676758,11.97350185320829,11.689975650716997,11.864453569780062,2065100
2010-08-30,11.768487930297852,11.886260249878228,11.711783201595555,11.82083146076875,1558500
2010-08-31,11.733588218688965,11.903704006369718,11.628902028101056,11.755398361710542,2669800
2010-09-01,12.257024765014648,12.265748825612263,11.855727129218657,11.908069828859928,3351200
2010-09-02,12.235213279724121,12.309366122775813,12.11744180238377,12.257023428840572,2231800
2010-09-03,12.195954322814941,12.553633235983755,12.126163518287372,12.4489470291924,2972900
2010-09-06,12.143611907958984,12.257022175854692,12.04328772819541,12.257022175854692,756400
2010-09-08,12.261384010314941,12.335536844607493,11.956048614528669,12.021477390205149,2699100
2010-09-09,12.21340274810791,12.396603822608409,12.191593433132246,12.335537075098921,1141200
2010-09-10,12.126165390014648,12.274471080520376,12.008393909178336,12.274471080520376,2401100
2010-09-13,12.348624229431152,12.49692992358378,12.174147186890462,12.32245288104309,3555900
2010-09-14,12.462034225463867,12.475120315339867,12.20468028170757,12.379157320193498,3009200
2010-09-15,12.387880325317383,12.45767113476926,12.226489390449442,12.387880325317383,2814000
2010-09-16,12.357346534729004,12.405328026603577,12.257022353511303,12.357346534729004,1496700
2010-09-17,12.161059379577637,12.387879918839722,12.099992631304017,12.248298304515993,1968800
2010-09-20,12.226490020751953,12.309366091265955,12.126164999017337,12.13052702882946,1556400
2010-09-21,12.222127914428711,12.379156826821577,12.130526952891769,12.23521317181105,1959400
2010-09-22,12.322452545166016,12.418414707954682,12.147975507381101,12.209042262612785,2739600
2010-09-23,12.278830528259277,12.475117674994571,12.147972985083728,12.296278644401067,4124200
2010-09-24,12.30064582824707,12.549275763656718,12.165425367397496,12.278835673929889,3395500
2010-09-27,12.57108211517334,12.632148868885372,12.195955869291724,12.287556831831894,2896200
2010-09-28,12.88949966430664,12.98110060452561,12.501288255498233,12.65395593454857,4008900
2010-09-29,12.802265167236328,12.976742206986252,12.684492853415573,12.872055983136297,3039600
2010-09-30,12.793540000915527,12.90258824532564,12.614700946640708,12.863330810780232,2934300
2010-10-01,12.87641716003418,12.8895024171659,12.627787290866324,12.793540259654195,2824000
2010-10-04,12.83279800415039,12.933122193780292,12.697578408041736,12.845884093569467,1774000
2010-10-05,12.597254753112793,12.893866156347556,12.518740703996714,12.863332776362602,5030200
2010-10-06,12.483841896057129,12.693214300660408,12.374793664663091,12.601613353663986,3525400
2010-10-07,12.400968551635742,12.5667215446618,12.156700676449683,12.523102073242661,2398100
2010-10-08,12.584168434143066,12.645235188968648,12.309366373483673,12.418414625370577,3363000
2010-10-11,12.632147789001465,12.754282117956757,12.374794706655898,12.653957936299937,1693300
2010-10-13,12.562357902526855,12.789178459226695,12.518739268676365,12.684492240435718,2711300
2010-10-14,12.453310012817383,12.571082324340562,12.400967317899616,12.488205420086606,2677400
2010-10-15,12.57108211517334,12.627787671024901,12.387881022065123,12.510015361461308,1801500
2010-10-18,12.579804420471191,12.680128596713308,12.431498754734147,12.431498754734147,1947400
2010-10-19,12.344259262084961,12.518737095081246,12.213401719309715,12.379154662289825,2228200
2010-10-20,12.07818603515625,12.422778119097721,11.95168964871535,12.387882707660962,3488200
2010-10-21,12.169784545898438,12.313728202764953,11.868811142642226,12.113079821908894,2877200
2010-10-22,12.379157066345215,12.562358160991733,12.239575438418749,12.562358160991733,4969600
2010-10-25,12.339900970458984,12.540549360886532,12.339900970458984,12.431501105574474,3070000
2010-10-26,12.13924789428711,12.243934086315946,12.052008984943798,12.243934086315946,3467300
2010-10-27,12.113079071044922,12.300642182723283,11.986582709411767,12.047650291429047,2697100
2010-10-28,12.366071701049805,12.45330980175828,12.169784518504521,12.348623581724837,4489600
2010-10-29,12.322452545166016,12.418414707954682,12.156699567263383,12.213404292553927,4245200
2010-11-01,12.29191780090332,12.43149941561221,12.278831712534844,12.278831712534844,1351800
2010-11-03,12.649598121643066,12.69321759190524,12.44894972319814,12.51874054282874,3554700
2010-11-04,13.042166709899902,13.129405617112026,12.82407027384147,12.84588041663044,4285100
2010-11-05,12.937484741210938,13.08579043267233,12.824074457624453,12.998551496998987,2312600
2010-11-08,12.976740837097168,13.098875168015084,12.824073131442788,12.824073131442788,2212500
2010-11-09,12.8458833694458,13.081427141906735,12.771730530861937,12.954931612541362,2419100
2010-11-10,12.828435897827148,12.946208205980017,12.627787519764137,12.7673691448466,1550800
2010-11-11,12.758645057678223,12.885141425118055,12.649596809321999,12.701940334600714,2562000
2010-11-12,12.627786636352539,12.697577444011362,12.462032844183796,12.627786636352539,1512300
2010-11-16,12.305002212524414,12.50128936471562,12.178506694868297,12.50128936471562,2473400
2010-11-17,12.305002212524414,12.40532721918436,12.13052520611667,12.25702155574478,2854100
2010-11-18,12.475120544433594,12.867694096229206,12.387881607602498,12.867694096229206,2272900
2010-11-19,12.444586753845215,12.518739598103314,12.30936632303965,12.40096728687478,2003900
2010-11-22,12.243938446044922,12.392244145552985,12.126166126087544,12.322453326016507,2477600
2010-11-23,11.886262893676758,12.161064201848044,11.8688147689815,12.06510201194126,2964000
2010-11-24,12.152335166931152,12.152335166931152,11.921152616977196,11.995305447568317,2309400
2010-11-25,12.060731887817383,12.152332817056996,11.96913179054959,12.152332817056996,911000
2010-11-26,11.799018859863281,11.969134674592583,11.737952113636979,11.864448467359486,2473700
2010-11-29,11.694334030151367,11.820830398774374,11.541666314630266,11.742315526107973,2541900
2010-11-30,11.388998031616211,11.676885308036397,11.388998031616211,11.676885308036397,5070100
2010-12-01,11.602733612060547,11.799019956882919,11.58092346354333,11.59400955265366,3115100
2010-12-02,11.777209281921387,11.851362114382734,11.489322010476624,11.72486576348961,3154900
2010-12-03,11.694334030151367,11.85136377548417,11.64635336616688,11.838277686049064,2854700
2010-12-06,11.95605182647705,12.012757390743221,11.742317324796499,11.742317324796499,2488400
2010-12-07,12.00403118133545,12.287556456004998,11.969135775714152,12.04328861665592,3219500
2010-12-08,11.833917617797852,12.012757541833222,11.703060029644634,12.008395511298481,1991000
2010-12-09,11.903706550598145,11.969135329703466,11.781572219488698,11.84700099859402,1944500
2010-12-10,11.986583709716797,12.017117087287474,11.79465938442336,11.925516954575443,2181300
2010-12-13,12.475120544433594,12.475120544433594,12.038927524222435,12.073822932560441,3400400
2010-12-14,12.344259262084961,12.431498178583103,12.26138320658089,12.357345349151272,2423100
2010-12-15,11.929879188537598,12.318090707670581,11.894983780435442,12.283195299568428,3356800
2010-12-16,11.912432670593262,12.126167177960445,11.799022371015768,11.894985380181792,1733600
2010-12-17,11.864449501037598,12.017116379904301,11.72050584955464,11.842639352648003,2244800
2010-12-20,11.602733612060547,11.95168766861505,11.602733612060547,11.95168766861505,3470500
2010-12-21,11.829554557800293,11.995307532177188,11.646353464029975,11.742315624777428,1729100
2010-12-22,11.746674537658691,11.860084787706283,11.6332642876111,11.855722759015386,2266400
2010-12-23,11.764124870300293,11.820830426010959,11.607095956577794,11.746677582985402,1733800
2010-12-27,11.663798332214355,11.868808700732275,11.60273159094773,11.646351048411871,1710100
2010-12-28,11.572197914123535,11.772846248388856,11.467511718162681,11.668160052428002,1960100
2010-12-29,11.624541282653809,11.711780200426077,11.550388452138975,11.646351428082866,1697400
2010-12-30,11.633270263671875,11.746680571978827,11.594012817258994,11.659441617289685,2550000
2011-01-03,11.908066749572754,12.017114982927714,11.7772092023356,11.7772092023356,2411700
2011-01-04,12.235213279724121,12.309366122775813,11.951687996987229,11.951687996987229,4675000
2011-01-05,12.540550231933594,12.649598494819973,12.134890560880708,12.134890560880708,5889200
2011-01-06,12.592893600463867,12.767370652419215,12.39224436673606,12.566721418691408,6174400
2011-01-07,12.671405792236328,12.715025256823603,12.483843508863593,12.523100111822844,3736100
2011-01-10,12.658320426940918,12.72811123689462,12.553634212010365,12.584167587368599,2737000
2011-01-11,12.88949966430664,12.92875709126164,12.667042020857542,12.736832817228224,4033700
2011-01-12,13.151219367980957,13.151219367980957,12.937484888320304,13.011637734894176,4256500
2011-01-13,12.95493221282959,13.234095461858653,12.915674776938365,13.173028709126573,2858800
2011-01-14,13.02036190032959,13.042171218686343,12.758645920187718,12.91131364460149,1885100
2011-01-17,12.880777359008789,13.03344421699452,12.78481438316407,12.954930189446992,1323100
2011-01-18,12.793540000915527,13.002912430509644,12.767368655209282,12.954931768710209,2541100
2011-01-19,12.553632736206055,12.915672832269003,12.457669759822057,12.80226257143372,3475200
2011-01-20,12.614701271057129,12.680130052991435,12.230851806929666,12.457671528837116,3728400
2011-01-21,12.50565242767334,12.780453631485944,12.440223648858154,12.645234044338286,1928400
2011-01-24,12.553632736206055,12.688852310598438,12.357345586304223,12.496927189802422,1163200
2011-01-26,12.57544231414795,12.749919322188884,12.470756109323387,12.623423803348706,3264000
2011-01-27,12.374799728393555,12.754287293691815,12.29192279897171,12.571086141901224,2655900
2011-01-28,12.095629692077637,12.422774388031952,11.777209054355378,12.374793731699603,3696800
2011-01-31,12.082547187805176,12.300643701433629,12.012756370001844,12.03892771868505,2645800
2011-02-01,12.418414115905762,12.60161520483883,12.11307952233205,12.11307952233205,4217
2011-02-02,12.169784545898438,12.448948631921468,12.104355762226772,12.257023478775407,2063700
2011-02-03,12.518739700317383,12.518739700317383,12.06073654134647,12.113080068532797,3055
2011-02-04,12.191594123840332,12.601614926022163,12.056373701019861,12.34426100126331,2746700
2011-02-07,12.230850219726562,12.361707766613728,12.113077928344918,12.32245033615318,1183700
2011-02-08,12.584168434143066,12.584168434143066,12.16978474418398,12.16978474418398,3032
2011-02-09,11.908066749572754,12.427136573294518,11.829552720413659,12.300641055228203,3769300
2011-02-10,11.768487930297852,12.017117828097186,11.729230490437727,11.90806956892399,2598000
2011-02-11,11.794660568237305,11.942965441041158,11.646354863461228,11.820831918500076,3199300
2011-02-14,11.873172760009766,12.047650619702353,11.729229108143848,11.820830067679665,2503500
2011-02-15,11.894981384277344,11.982219470973169,11.729227605202897,11.781571122797983,2457200
2011-02-16,12.195954322814941,12.274469185901461,11.908067046145714,11.95168650696845,2931300
2011-02-17,11.95168685913086,12.248298203098837,11.894982140770884,12.248298203098837,3206600
2011-02-18,12.05637264251709,12.082544818039285,11.90806697577936,11.912429005033058,2451400
2011-02-21,11.799018859863281,12.052010735336275,11.668161308814913,12.052010735336275,1871600
2011-02-22,11.794660568237305,12.11308129767973,11.646354863461228,11.689973503241772,5291900
2011-02-23,11.737953186035156,11.842639402832555,11.56347615803949,11.794658740116306,3095800
2011-02-24,11.737953186035156,11.737953186035156,11.737953186035156,11.737953186035156,0
2011-02-25,11.559115409851074,11.877536125241571,11.532944060743247,11.772849896838073,2305000
2011-02-28,11.624541282653809,11.772846943683478,11.532941167767708,11.746675601140588,2799400
2011-03-01,11.450065612792969,11.751038998995707,11.384636832828566,11.689971416653133,2477700
2011-03-02,11.467514038085938,11.61145769064897,11.349741731814703,11.38027510781715,3737200
2011-03-03,11.689971923828125,11.7815728853301,11.537305041278353,11.554752328438852,4842900
2011-03-04,11.724867820739746,11.860088253759331,11.559114841904705,11.733591880671101,3022900
2011-03-09,11.724867820739746,11.724867820739746,11.724867820739746,11.724867820739746,0
2011-03-10,11.24941635131836,11.47623604841185,11.14909134255769,11.47623604841185,3209100
2011-03-11,11.253778457641602,11.362826701734921,11.105472779116923,11.227607112011388,3330100
2011-03-14,11.515494346618652,11.580923126320902,11.11855880685665,11.210159764017458,4310300
2011-03-15,11.559115409851074,11.56783947021108,11.131646435877077,11.131646435877077,3304500
2011-03-16,11.144731521606445,11.711782956629825,11.061855445388247,11.624544018327098,5297100
2011-03-17,11.136008262634277,11.380276124447036,11.040045264371566,11.25377974745425,3076900
2011-03-18,11.327932357788086,11.406447234003888,11.101112621130628,11.22324613349107,3347800
2011-03-21,11.262504577636719,11.511134486547839,11.214523075225019,11.467515846506908,2415200
2011-03-22,11.262504577636719,11.511134486547839,11.214523075225019,11.467515846506908,2390000
2011-03-23,11.262504577636719,11.262504577636719,11.262504577636719,11.262504577636719,0
2011-03-24,11.471875190734863,11.628904931812647,11.397722349889477,11.532942774471831,2582200
2011-03-25,11.471875190734863,11.628904931812647,11.397722349889477,11.532942774471831,2557600
2011-03-28,11.580923080444336,11.746676875803633,11.537304448797007,11.541665646384084,2730300
2011-03-29,11.71178150177002,11.908067840609831,11.611457317564867,11.681248126748631,3072600
2011-03-30,11.71178150177002,11.908067840609831,11.611457317564867,11.681248126748631,3072600
2011-03-31,11.637628555297852,11.886258414710204,11.594009091968722,11.79465829049389,1940400
2011-04-01,11.637628555297852,11.637628555297852,11.637628555297852,11.637628555297852,0
2011-04-04,11.812104225158691,11.908066367925603,11.681246682115454,11.681246682115454,2676400
2011-04-05,11.812104225158691,11.812104225158691,11.812104225158691,11.812104225158691,0
2011-04-06,11.79029369354248,11.973494734053828,11.73795018255129,11.820827061632391,2789600
2011-04-07,11.567839622497559,11.755402762845932,11.441343241528768,11.755402762845932,3467100
2011-04-08,11.332293510437012,11.650714188684438,11.301760134710833,11.567838120848263,3655300
2011-04-11,11.279950141906738,11.410807696306735,11.114196352229898,11.384636351821143,3605600
2011-04-12,11.083664894104004,11.266866001112838,10.983340696258548,11.153455712776685,3722900
2011-04-13,10.708539009094238,11.22324693949786,10.647472248528457,11.188351528892813,8041800
2011-04-14,10.551507949829102,10.79577577481207,10.411926335553119,10.647470101650827,5199600
2011-04-15,10.599488258361816,10.673641092484138,10.390115843888916,10.599488258361816,2977500
2011-04-18,10.512250900268555,10.551508334712159,10.3508591328924,10.512250900268555,2866800
2011-04-19,10.468631744384766,10.708537555738076,10.468631744384766,10.582042021452253,2521700
2011-04-20,10.73034954071045,10.817587654326418,10.625663305187938,10.678006006963072,3407100
2011-04-25,10.73034954071045,10.756520891598015,10.577681801917196,10.682368037439707,1601800
2011-04-26,10.756519317626953,10.77396743698036,10.603851601173135,10.699814593672627,1595000
2011-04-27,10.725985527038574,10.826309713534878,10.394478759858881,10.756518902757268,3812200
2011-04-28,10.643108367919922,10.708537147433178,10.433735940688674,10.564593499715187,3311900
2011-04-29,10.669281959533691,10.852483079923363,10.577681815324977,10.599491135763554,3386900
2011-05-02,10.560478210449219,10.896388624529626,10.514462880843958,10.84117005346943,3885500
2011-05-03,10.486852645874023,10.652506581786126,10.164746258947819,10.537468711836665,4357500
2011-05-04,10.560478210449219,10.707726563050525,10.459244309783761,10.601891919327013,4824100
2011-05-05,10.491454124450684,10.772146827676204,10.408627589517799,10.546672692075298,4731100
2011-05-06,10.500657081604004,10.735334451746228,10.454641756105058,10.675515142966132,3715500
2011-05-09,10.491454124450684,10.730733121375083,10.422431573171934,10.730733121375083,4150
2011-05-10,10.491454124450684,10.491454124450684,10.491454124450684,10.491454124450684,0
2011-05-11,10.284387588500977,10.477651279690358,10.284387588500977,10.477651279690358,3526800
2011-05-12,10.422430038452148,10.532866279770102,10.127933394937601,10.178550334667625,2349600
2011-05-13,10.201558113098145,10.48225079032465,10.164746030647889,10.422430607799686,2652100
2011-05-16,10.201558113098145,10.201558113098145,10.201558113098145,10.201558113098145,0
2011-05-17,10.335000991821289,10.454640472360058,10.09112128866119,10.279783310138304,2920800
2011-05-18,10.307393074035645,10.523664833391217,10.302791453871771,10.353408398005085,3283500
2011-05-19,10.256781578063965,10.394826733816847,10.109532300212608,10.353413011557043,2351600
2011-05-20,10.123334884643555,10.311996964552899,10.040507458796625,10.302793722198906,2951500
2011-05-23,10.100327491760254,10.146341947441034,9.90246217272276,9.980687976117363,1593200
2011-05-24,10.210763931274414,10.242974401842648,10.049710700763749,10.14634211246845,2265200
2011-05-25,10.054311752319336,10.270582669360127,10.054311752319336,10.16474802129779,1874800
2011-05-26,10.123334884643555,10.196959068136493,10.040507458796625,10.08192117172009,3236100
2011-05-27,10.100327491760254,10.219966129733661,10.07731938625038,10.141741204008543,2433200
2011-05-30,10.022100448608398,10.16934879497869,10.003693966477424,10.127935087853373,707800
2011-05-31,10.141740798950195,10.155544784035309,9.962281093818689,10.146341542198934,2242900
2011-06-01,9.939271926879883,10.19235488429552,9.939271926879883,10.104925859253875,2053300
2011-06-02,9.985288619995117,10.04510793312752,9.819633787214004,9.985288619995117,2659900
2011-06-03,9.902461051940918,10.091123107421284,9.838039241474155,9.902461051940918,3158600
2011-06-06,9.548145294189453,9.930071070850252,9.538942051939918,9.930071070850252,3608600
2011-06-07,9.488326072692871,9.71840186528546,9.488326072692871,9.621769576008434,3457100
2011-06-08,9.359481811523438,9.589557567209521,9.336474587022572,9.479121309800524,2611300
2011-06-09,9.115602493286133,9.446912190386028,9.041978311190485,9.364084766111054,9489800
2011-06-10,9.203030586242676,9.281256381332513,9.06498547851679,9.115601549925941,5062800
2011-06-13,9.023571968078613,9.226038013483448,9.023571968078613,9.203030787582255,3037900
2011-06-14,8.99596118927002,9.120202300979257,8.949946742861538,9.041976513347809,3638800
2011-06-15,8.9269380569458,9.074186382209106,8.880922735883706,8.940742916565204,3952400
2011-06-16,8.752080917358398,8.96835178605348,8.724471198033642,8.926938084735598,3441400
2011-06-17,8.761283874511719,8.880922477049353,8.696862075834657,8.788892715276617,2798000
2011-06-20,8.696864128112793,8.876323829606429,8.687660886462979,8.719872232237325,1726100
2011-06-21,8.673856735229492,8.77048813769014,8.609434922586313,8.733676049466645,2592600
2011-06-22,8.554216384887695,8.692261482685065,8.554216384887695,8.637043794633849,2758900
2011-06-24,8.535809516906738,8.673855486117063,8.50359905405845,8.604832940346544,2157200
2011-06-27,8.558819770812988,8.641647197646037,8.466789101516378,8.56342139204477,2111500
2011-06-28,8.687660217285156,8.733675544320404,8.572622338531717,8.572622338531717,3477000
2011-06-29,8.857915878295898,9.046577912503203,8.63244176125959,8.742878009746601,4772900
2011-06-30,8.830307006835938,8.995960940192367,8.701464278519353,8.931540014868716,2754000
2011-07-01,8.867121696472168,8.94534750493605,8.724474066075384,8.830309602940313,3342900
2011-07-04,8.99596118927002,9.000562809444729,8.834908871501721,8.87172095523009,1337300
2011-07-05,8.90393352508545,9.111001215915172,8.867121432648865,8.986760952485144,3105000
2011-07-06,8.788895606994629,8.885527020300005,8.724473787121534,8.857918170451256,1904500
2011-07-07,8.949946403503418,8.96375038583483,8.83490853650553,8.903931081170407,2507100
2011-07-08,8.742878913879395,8.880924019346581,8.660051499531331,8.83490956930377,3443300
2011-07-11,8.434576034545898,8.664651759304563,8.379357474429353,8.627839678449947,3456000
2011-07-12,8.236712455749512,8.457584986059468,8.236712455749512,8.379359188532682,3060500
2011-07-13,8.393163681030273,8.475991095664781,8.204501626660285,8.204501626660285,2152900
2011-07-14,8.140079498291016,8.397764067773949,8.08025931754634,8.393162447895955,3229800
2011-07-15,7.951418399810791,8.199899758543035,7.886996591668145,8.140080448484884,2550600
2011-07-18,7.7995686531066895,7.937613758712194,7.7535533253483955,7.850184723738373,2639600
2011-07-19,7.896200656890869,8.006636925376192,7.735147436223731,7.859388567395761,3465100
2011-07-20,7.781162261962891,8.0296445081629,7.781162261962891,7.965222697479905,2688800
2011-07-21,7.9376139640808105,8.029644621978493,7.735147043307549,7.8271777012052315,3825300
2011-07-22,7.822576522827148,8.112471619557361,7.817974901905152,7.937614412868725,2897300
2011-07-25,7.684531211853027,8.05265209962527,7.666124728629702,7.868591655739149,2573
2011-07-26,7.50046968460083,7.693733364798454,7.482064079551696,7.661522897710417,3669200
2011-07-27,7.477460861206055,7.574092241823494,7.321009302204207,7.399235081705131,3996000
2011-07-28,7.491265773773193,7.620107615516209,7.440648834420311,7.477460914585347,2341800
2011-07-29,7.638514995574951,7.638514995574951,7.390032766894748,7.500469020418397,2536
2011-08-01,7.2703938484191895,7.546484487421637,7.261190607701772,7.500469161503894,2562900
2011-08-02,7.141551971435547,7.454455152928406,7.086333401543528,7.238183371659839,2632900
2011-08-03,7.159958362579346,7.311808340064624,6.90687492049231,7.178364407158328,5665900
2011-08-04,6.580167770385742,6.975897976534754,6.580167770385742,6.925281460033581,7919700
2011-08-05,6.667596817016602,6.805642389718069,6.32708472616515,6.534152865799964,5878900
2011-08-08,5.889939785003662,6.423715499852188,5.889939785003662,6.294873191848851,6351800
2011-08-09,6.304075717926025,6.322481761119187,5.9083455698557135,6.009579026835444,6809700
2011-08-10,6.212044715881348,6.373097902567679,6.08320242983306,6.294872119186847,6156600
2011-08-11,6.736618518829346,6.8884684877580975,6.221248860823476,6.281068173208396,5796200
2011-08-12,6.902272701263428,7.035716622601133,6.635384858588016,6.833250149784665,7597600
2011-08-15,7.086332321166992,7.233581087038454,7.026513017434252,7.081731140073064,4866800
2011-08-16,6.842452526092529,6.989700860796635,6.750422316902464,6.902272271774735,4438700
2011-08-17,6.842452526092529,6.920678313612749,6.616978403868204,6.920678313612749,5937100
2011-08-18,6.649189472198486,6.662993895124009,6.419113708877884,6.6077757645872275,3745300
2011-08-19,6.465128421783447,6.764226710100885,6.4421207598741095,6.529549348528011,4040900
2011-08-22,6.386904239654541,6.690604224442152,6.386904239654541,6.566363521044839,3326500
2011-08-23,6.787234306335449,6.787234306335449,6.331684448044097,6.446722317643003,4079700
2011-08-24,6.85625696182251,6.920678327804992,6.672196543064925,6.81024207655044,3690000
2011-08-25,6.672196865081787,6.893069378250747,6.630783159153938,6.847054490757885,2932200
2011-08-26,6.718212127685547,6.782633057331442,6.4513242907205415,6.589369390724415,3038500
2011-08-29,7.0081071853637695,7.086332976039864,6.741219348528156,6.847054422492441,3360700
2011-08-30,7.100138187408447,7.155356317874516,6.860859183220789,6.971295444152927,3305400
2011-08-31,7.2703938484191895,7.3578224410612965,7.081731802058849,7.201370859542574,4206300
2011-09-01,7.316408634185791,7.5372811423291415,7.302604212135497,7.367025579761307,3751300
2011-09-02,7.021912574768066,7.251988343753903,7.021912574768066,7.118544415295506,2736000
2011-09-05,6.791836261749268,6.989701108820314,6.764226978595229,6.85625719105091,1313700
2011-09-06,7.155355930328369,7.155355930328369,6.630783061060426,6.695204429199016,3860700
2011-09-08,7.265793323516846,7.426846110841373,7.210575187391173,7.316409838590028,4232000
2011-09-09,7.003507137298584,7.224379684011649,6.957491803982658,7.159958743971043,3874500
2011-09-12,7.090936183929443,7.104740609246772,6.814845483409033,6.925281763617197,3937500
2011-09-13,7.044918060302734,7.256587719849529,7.017308783477254,7.1139405941145855,2686200
2011-09-14,7.210574626922607,7.302604846645339,6.920679105669975,7.178364159728327,3985300
2011-09-15,7.247386932373047,7.422244135677974,7.169161133551767,7.2611913560371795,3019400
2011-09-16,7.551085948944092,7.551085948944092,7.270393695487266,7.3164085816024205,2890500
2011-09-19,7.71213960647583,7.716741227011641,7.376229206385959,7.3808308269217715,4281800
2011-09-20,7.523477077484131,7.730544722495849,7.482063372947923,7.730544722495849,3884700
2011-09-21,7.4130401611328125,7.707536809104126,7.4130401611328125,7.62931102727809,4383600
2011-09-22,6.90687370300293,7.316408232404424,6.8608583802493355,7.06332527376358,5259500
2011-09-23,6.874663829803467,6.994303335789899,6.676798965570972,6.902273115352146,3591900
2011-09-26,6.975897312164307,7.031115444588927,6.658392941014063,6.934483603137164,3297200
2011-09-27,6.902272701263428,7.224378672888784,6.902272701263428,7.123145217063211,1900600
2011-09-28,6.879264831542969,7.1369498644170815,6.819445083932288,6.93908457915365,3556200
2011-09-29,6.9114766120910645,7.063326591130667,6.801039904652035,6.962093125492691,3461800
2011-09-30,6.791836261749268,7.035716434465488,6.699806049293587,6.810242304240403,4549600
2011-10-03,6.400707721710205,6.828648785680737,6.400707721710205,6.718212523635017,3479000
2011-10-04,6.276465892791748,6.437518635882763,6.087803430968864,6.322480774174345,4732200
2011-10-05,6.285668849945068,6.359293013056958,6.129217283914989,6.313278130529341,2890900
2011-10-06,6.423716068267822,6.524949538645646,6.35009188575113,6.419114447151843,3890300
2011-10-07,6.313278675079346,6.580166508797593,6.267263349748062,6.52034676140079,4312200
2011-10-10,6.672196865081787,6.755024276937484,6.386902982821209,6.465128774277218,2423900
2011-10-11,6.690603256225586,6.801039518560482,6.575565373251394,6.6353851250581375,4459000
2011-10-13,6.70900821685791,6.994302067916418,6.515744569554627,6.796437239551343,6573400
2011-10-14,6.805641174316406,6.874663728923194,6.718212575892162,6.764227466018454,3298500
2011-10-17,6.451324939727783,6.782633739668553,6.451324939727783,6.718212803541872,2971700
2011-10-18,6.451324939727783,6.782633739668553,6.451324939727783,6.718212803541872,2971700
2011-10-19,6.446722984313965,6.662993885564051,6.400707656181989,6.658392703818607,3915700
2011-10-20,6.2948737144470215,6.45592650311306,6.262662805646021,6.3961067454366205,3197700
2011-10-21,6.465128421783447,6.5111433067674716,6.373098212980747,6.373098212980747,3290400
2011-10-24,6.874663829803467,6.948288444988376,6.488136903964899,6.54795621812341,5683500
2011-10-25,6.874663829803467,6.874663829803467,6.874663829803467,6.874663829803467,0
2011-10-26,6.874663829803467,6.874663829803467,6.874663829803467,6.874663829803467,0
2011-10-27,6.874663829803467,6.874663829803467,6.874663829803467,6.874663829803467,0
2011-10-28,7.546485424041748,7.647719329159138,7.2519887058881425,7.344018930311144,11170600
2011-10-31,7.546485424041748,7.652320072419519,7.330214506356375,7.528079817991873,6269000
2011-11-01,7.201371669769287,7.27499628728812,6.989701936635102,7.0265144648118785,4647800
2011-11-03,7.321010589599609,7.431446848726498,7.224378753154911,7.385431521339618,4305700
2011-11-04,7.546485424041748,7.546485424041748,7.178364526349741,7.29800359868228,2675600
2011-11-07,7.661524295806885,7.7121412548501835,7.491268687938711,7.532682403943308,2693100
2011-11-08,7.60170316696167,7.817974061017099,7.449853203546293,7.7121394242029115,4195600
2011-11-09,7.29340124130249,7.468258420111721,7.224378254981805,7.454454437216101,3315100
2011-11-10,7.29340124130249,7.29340124130249,7.29340124130249,7.29340124130249,0
2011-11-11,7.5832977294921875,7.63391468349051,7.362425184595011,7.376230047777138,3359700
2011-11-14,7.454455375671387,7.578695625719355,7.385431941826559,7.537281916480226,2098400
2011-11-16,7.50046968460083,7.620109189263112,7.403838283336721,7.50046968460083,2547100
2011-11-17,7.357822895050049,7.679929318679362,7.279597099464038,7.518876106864705,5792100
2011-11-18,7.169160842895508,7.463657542909174,7.136950376040187,7.445251937993018,3092900
2011-11-21,6.939085483551025,7.109341507940155,6.787235503992215,7.05872499436546,6817800
2011-11-22,6.837852478027344,6.994304089037854,6.727416201608661,6.94828919328078,4529300
2011-11-23,6.667596817016602,6.824048436822613,6.5985742500832565,6.722814958330233,3452400
2011-11-24,6.529549598693848,6.778031391398516,6.492737513762391,6.778031391398516,1858200
2011-11-25,6.5663628578186035,6.667595883299734,6.4099112599217625,6.446723348975758,2389800
2011-11-28,6.796438694000244,6.888468917450084,6.649189897645778,6.709009652596855,3875000
2011-11-29,6.520347595214844,6.856258021051163,6.506543171384032,6.833250794278051,3038300
2011-11-30,6.787234306335449,7.081731410489121,6.612376691884955,6.713610140005693,5416700
2011-12-01,6.85625696182251,6.971294833254664,6.791836034674682,6.925279947982594,2732500
2011-12-02,6.819446563720703,7.031116317030369,6.7504239993340835,6.989702602864492,2606700
2011-12-05,7.086332321166992,7.1185432218322715,6.842452169803582,6.920677953250556,3358500
2011-12-06,7.288800239562988,7.288800239562988,6.96669425923999,7.040318433161281,2567300
2011-12-07,7.0541229248046875,7.228980558989075,7.0173108374853115,7.196770092293295,3268000
2011-12-08,6.768828868865967,7.136950172203949,6.768828868865967,7.0909348447236935,3110800
2011-12-09,6.920678615570068,6.9344830378422175,6.727414948421283,6.810242359723525,2696500
2011-12-12,6.920678615570068,6.920678615570068,6.920678615570068,6.920678615570068,0
2011-12-13,6.7412190437316895,6.85625691436762,6.709008580380717,6.791835987665675,3599200
2011-12-14,6.575565338134766,6.741219730752437,6.538753250886394,6.704407643504066,5627500
2011-12-15,6.483534336090088,6.7136100729913135,6.483534336090088,6.626181047221448,2906000
2011-12-16,6.391506671905518,6.534153439787736,6.391506671905518,6.501942964233973,3568200
2011-12-19,6.299473285675049,6.483534132723445,6.299473285675049,6.3961051096959345,1899900
2011-12-20,6.626181602478027,6.626181602478027,6.313278872479492,6.359293760414878,3330300
2011-12-21,6.7412190437316895,6.810242029414038,6.580166288142176,6.621579991784656,2935000
2011-12-22,6.8608598709106445,6.8792659162442416,6.653791751198995,6.759626402158493,2422800
2011-12-23,6.897670269012451,6.902271888925379,6.768827983292874,6.893068649099524,2490700
2011-12-26,6.952890396118164,6.989702488365976,6.847055740614393,6.902273878986111,732200
2011-12-27,7.012710094451904,7.012710094451904,6.879266151510941,6.925281485835998,2192700
2011-12-28,6.828647613525391,7.040317298863375,6.787233912658343,7.017309638511168,2631200
2011-12-29,6.893069267272949,6.902272507924155,6.805640675259831,6.879264845130808,1909500
2012-01-02,6.952890396118164,7.035717823093119,6.814845269606246,7.031116201853454,1656600
2012-01-03,7.311807632446289,7.311807632446289,6.980498423253173,6.994302845642772,3210200
2012-01-04,7.362423896789551,7.454454546567149,7.0955360656377024,7.247386023402214,4315800
2012-01-05,7.302605628967285,7.408440722112477,7.159958882824101,7.302605628967285,3052800
2012-01-06,7.284197807312012,7.3854308157561315,7.2013704014626025,7.302603848741365,1952300
2012-01-09,7.284197807312012,7.4084389160861255,7.178363178801894,7.316408270104719,1967600
2012-01-10,7.569493293762207,7.583297278453827,7.362424746693678,7.403838456107384,5232900
2012-01-11,7.569493293762207,7.6385158502285755,7.509673101200444,7.564891672975193,2024200
2012-01-12,7.592498779296875,7.70293501985725,7.509671379459288,7.6339124792156685,3866400
2012-01-13,7.532680034637451,7.564890497471966,7.3762284628675605,7.5464840171840795,2896500
2012-01-16,7.555688381195068,7.684531129367065,7.491267445943779,7.500469809787236,1329700
2012-01-17,7.555688381195068,7.555688381195068,7.555688381195068,7.555688381195068,0
2012-01-18,7.850184917449951,7.868591400075219,7.6523196175753165,7.679929341513218,3413500
2012-01-19,7.9836297035217285,8.034245778065507,7.804169999160958,7.877795055866303,4854700
2012-01-20,8.236712455749512,8.282727785648108,7.882395556500572,7.914606901798181,6392900
2012-01-23,8.356351852416992,8.429976028217807,8.089463995721692,8.23671234732332,4053800
2012-01-24,8.342546463012695,8.429975495375976,8.21370460233981,8.305734377439107,4781600
2012-01-26,8.434576034545898,8.558817136556195,8.360951872836665,8.420771175099453,5294200
2012-01-27,8.420771598815918,8.480591781757978,8.245914425375332,8.406967616344122,4924500
2012-01-30,8.30113410949707,8.420772736202105,8.236712297806589,8.310336473164796,4131900
2012-01-31,8.397764205932617,8.47598998980698,8.291929580005323,8.374756983833384,5081600
2012-02-01,8.522005081176758,8.604832482764554,8.383959119307349,8.457583281236671,6539400
2012-02-02,8.365555763244629,8.512804126629483,8.28732996048774,8.512804126629483,7073000
2012-02-03,8.581825256347656,8.673855906952992,8.158485843367908,8.30113343957311,8081700
2012-02-06,8.522005081176758,8.568020401799894,8.443779299418198,8.494395362201331,3442500
2012-02-07,8.5634183883667,8.577222369550693,8.402365212422897,8.494394971769927,2793700
2012-02-08,8.475991249084473,8.650848444957253,8.420772679105523,8.600232373285062,5058900
2012-02-09,8.489797592163086,8.554218536986518,8.351751581966312,8.406970161578931,3681800
2012-02-10,8.227508544921875,8.374757764152427,8.190696459531573,8.351749662240147,5562000
2012-02-13,8.227508544921875,8.227508544921875,8.227508544921875,8.227508544921875,0
2012-02-14,8.227508544921875,8.416171469925185,8.172290855671095,8.379358506865538,3691300
2012-02-15,8.029644966125488,8.314938438030934,7.9836296352044505,8.287329590546086,7101800
2012-02-16,8.011238098144531,8.098667134930906,7.882395353284051,7.928410681996322,3952800
2012-02-17,8.052651405334473,8.190696506929608,8.006636078912976,8.0894634909378,3903100
2012-02-23,8.080260276794434,8.186095791214067,8.00663610534473,8.117072362519286,3391900
2012-02-24,8.09406566619873,8.144682616499125,8.052651957347392,8.103268907647786,2185400
2012-02-27,8.029644966125488,8.094065902813279,7.946817546001508,8.057253813610336,2390300
2012-02-28,8.08486270904541,8.126276419353019,7.979028061667939,8.020441771975548,2928800
2012-02-29,8.05725383758545,8.250517525893333,8.05725383758545,8.10787078951615,4238700
2012-03-01,8.172290802001953,8.245914972299051,8.061854546556306,8.135478716853404,3679500
2012-03-02,8.38856315612793,8.38856315612793,8.213705940581603,8.25051803215291,4712800
2012-03-05,8.291930198669434,8.489795483094994,8.236711632774426,8.310335802188217,4653400
2012-03-06,8.048048973083496,8.190695680698319,7.960619949468937,8.190695680698319,4739600
2012-03-07,8.020442008972168,8.140081522543893,7.886997632333505,8.10326943203486,3565000
2012-03-08,8.130877494812012,8.245915376245305,8.071058182641227,8.190696806982796,3372000
2012-03-09,8.255118370056152,8.314937680434598,8.084861924461666,8.135478871629907,3358100
2012-03-12,8.19529914855957,8.328743524043553,8.126276589161062,8.140081452108548,2742800
2012-03-13,8.535809516906738,8.581824839976846,8.204500770606678,8.213704010754558,4955600
2012-03-14,8.788895606994629,8.830309320602508,8.508202854245566,8.52660933925774,6258700
2012-03-15,8.857915878295898,8.954547266596052,8.65084736383945,8.788893332700177,4075100
2012-03-16,8.940742492675781,8.945344112330748,8.825704634309226,8.92693763371088,3136200
2012-03-19,8.940742492675781,8.940742492675781,8.940742492675781,8.940742492675781,0
2012-03-20,8.857915878295898,8.857915878295898,8.660050603964022,8.738276389684316,2927800
2012-03-21,8.531208992004395,8.867119366942394,8.52200575162188,8.793495199220896,5961500
2012-03-22,8.531208992004395,8.867119366942394,8.52200575162188,8.793495199220896,5961500
2012-03-23,8.347148895263672,8.397765846976379,8.218307022059596,8.34254727441075,2865400
2012-03-26,8.420771598815918,8.526607104558957,8.347147433402062,8.462185301569873,2415300
2012-03-27,8.232110977172852,8.591029503377621,8.190697267315784,8.540412551847998,5203800
2012-03-28,7.9836297035217285,8.227509467452105,7.933012751308506,8.213705482426278,4896500
2012-03-29,7.97902774810791,8.002034973966024,7.781162446118258,7.956020522249796,3946400
2012-03-30,7.92380952835083,8.107870854047638,7.845583728230521,8.075659507682085,4292000
2012-04-02,8.075657844543457,8.140079646337792,7.868590212283192,7.923807896484889,3570700
2012-04-03,7.896200656890869,8.176893387834467,7.854786946500192,8.144682919234928,3173400
2012-04-04,7.744349956512451,7.822575749110329,7.689131388579506,7.822575749110329,3407000
2012-04-05,7.767356872558594,7.951418173242233,7.66152223903403,7.776560113126641,3378400
2012-04-09,7.71213960647583,7.753553313628759,7.620108951098348,7.670725899322901,2010900
2012-04-10,7.610906600952148,7.707537999364371,7.514274324870549,7.6845307743146165,3400400
2012-04-11,7.615508556365967,7.822577125460674,7.606306191482493,7.679930376567385,2836900
2012-04-12,7.822576522827148,7.859388612533675,7.49586933639041,7.675328164001044,4430000
2012-04-13,7.679931163787842,7.790367452735295,7.569494874840388,7.781164209238939,2258000
2012-04-16,7.620108604431152,7.785763425506612,7.518875590256891,7.721342496274749,3235200
2012-04-17,7.785762310028076,7.840980868365091,7.606303531353896,7.739746991025432,3355000
2012-04-18,7.946817398071289,7.974426245042197,7.620109344516094,7.827177890971458,4484900
2012-04-19,7.813372611999512,7.9974330447728255,7.748951679946195,7.923808871663501,2244400
2012-04-20,7.758155345916748,7.93301254721099,7.758155345916748,7.886997217080056,1746000
2012-04-23,7.638514995574951,7.670725459810683,7.509672260962699,7.592499670522766,3158700
2012-04-24,7.670726776123047,7.679930018246644,7.560290503648308,7.61550820105094,2896800
2012-04-25,7.76275634765625,7.886996588131992,7.666124074320281,7.781161951639216,3112200
2012-04-26,7.767356872558594,7.79956821454676,7.629311774715191,7.702935943920916,2507300
2012-04-27,7.808771133422852,7.817974374646161,7.684530887585728,7.799568769868931,2494100
2012-04-30,7.906973361968994,7.906973361968994,7.689349878029471,7.868284845091635,2385400
2012-05-02,7.906973361968994,7.906973361968994,7.689349878029471,7.868284845091635,2385400
2012-05-03,7.737709999084473,7.965004898241091,7.7135295630966425,7.882791692604542,2083400
2012-05-04,7.466891288757324,7.757056111580369,7.466891288757324,7.7377113903491,3715400
2012-05-07,7.355659484863281,7.505577796575723,7.3072986201293615,7.3072986201293615,3892500
2012-05-08,7.200905799865723,7.321807506276611,7.128364499297144,7.302463251699005,4458900
2012-05-09,7.302464008331299,7.341152521495154,7.094512904172983,7.1041848018622185,4205700
2012-05-10,7.312134742736816,7.524921992489265,7.283118593081817,7.350823249745737,2691100
2012-05-11,7.041315078735352,7.263774221007023,7.041315078735352,7.0703312279167045,5547800
2012-05-14,6.91074275970459,6.997792151521161,6.867218063796304,6.973611713660615,3211200
2012-05-15,6.673774242401123,6.949429983627008,6.673774242401123,6.905905295811677,4346900
2012-05-16,6.557709217071533,6.891397747162521,6.52869260257502,6.7946764675132085,3665800
2012-05-17,6.4271345138549805,6.746314936023314,6.359429394133087,6.639921308232737,3538500
2012-05-18,6.349759101867676,6.528693612190703,6.267545886151216,6.427136137552929,5775200
2012-05-21,6.349759101867676,6.349759101867676,6.349759101867676,6.349759101867676,0
2012-05-22,6.74147891998291,6.847872550342299,6.625413392974528,6.751151277835312,5762100
2012-05-23,6.504512310028076,6.726971488702507,6.3836105925137865,6.668938719640062,6068400
2012-05-24,6.3787736892700195,6.610905200381289,6.291724776156268,6.523855826064138,4241400
2012-05-25,6.335249900817871,6.427134999117669,6.301397107799266,6.301397107799266,3135700
2012-05-28,6.3449225425720215,6.470660448646397,6.311070206784107,6.383611058102062,2091300
2012-05-29,6.349759101867676,6.446480396474243,6.301398223962636,6.37877525964789,3713800
2012-05-30,6.349759101867676,6.373939540820196,6.238529267167489,6.311070584025049,4791500
2012-05-31,6.2820539474487305,6.383611421802097,6.195005013148353,6.383611421802097,6078100
2012-06-01,6.195004940032959,6.286890053266543,6.122463624234703,6.190168760072374,3182600
2012-06-04,6.170823574066162,6.2578724942572235,6.136970780633059,6.2578724942572235,2753700
2012-06-05,6.069267749786377,6.26271035917095,6.054759669383424,6.180497134881616,3748300
2012-06-06,6.093446254730225,6.180495170686887,5.962872188990111,6.122462406314641,8802300
2012-06-08,6.069267749786377,6.1369724324691965,5.97254644509409,5.991890706032548,3155700
2012-06-11,6.011232852935791,6.335249455607202,5.977380062296198,6.1272983777485175,3673800
2012-06-12,6.030578136444092,6.103118986533356,5.967709184471774,6.030578136444092,3716300
2012-06-13,6.083775043487549,6.117627380451464,5.933857155901494,6.020906088266348,4488600
2012-06-14,6.07410192489624,6.170823197655029,6.011232982302175,6.059593388079866,4381100
2012-06-15,6.069267749786377,6.132136713137253,5.97254644509409,6.098283910592282,5237600
2012-06-18,6.069267749786377,6.069267749786377,6.069267749786377,6.069267749786377,0
2012-06-19,5.8613152503967285,5.972545071107051,5.6533641472449,5.958036532838235,8889700
2012-06-20,5.967708587646484,6.020905174978236,5.832298799127116,5.900003462785085,5853400
2012-06-21,5.779102325439453,5.967709181254735,5.745249990243176,5.967709181254735,4051500
2012-06-22,5.638856410980225,5.8177909096123015,5.609840255095824,5.779102394297446,4251400
2012-06-25,5.392216682434082,5.561479279778289,5.348692449394561,5.556643100150517,2912300
2012-06-26,5.426069736480713,5.513118667899936,5.285823749034941,5.372872680454164,3865000
2012-06-27,5.368036270141602,5.488937983782598,5.3196754002038285,5.426069037344867,3250100
2012-06-28,5.285822868347168,5.368036067414489,5.203609669279847,5.363199888362666,2973900
2012-06-29,5.503446578979492,5.527627016227372,5.324512081270749,5.435741446926125,5474200
2012-07-02,5.585659027099609,5.62434753693829,5.46475731855288,5.469593497583569,4113400
2012-07-03,5.837133884429932,5.977379836924991,5.590494768803022,5.60983902220912,5909000
2012-07-04,6.016070365905762,6.098283585816675,5.735578366634481,5.846808207009526,3650100
2012-07-05,5.938692092895508,6.14664318962344,5.900003581114047,6.078938063404163,5711300
2012-07-06,5.754921913146973,5.89033217692238,5.711397679651462,5.89033217692238,3436500
2012-07-10,5.314840793609619,5.701726483979431,5.285824632023937,5.638857518939024,7300600
2012-07-11,5.184266090393066,5.377708665660037,5.126233317812975,5.372872485977492,4406500
2012-07-12,5.155250549316406,5.21811951469875,5.0101683569881965,5.087545864445864,4624600
2012-07-13,5.213282108306885,5.310003393384259,5.116560823229511,5.251970622337835,4538900
2012-07-16,5.213282108306885,5.213282108306885,5.213282108306885,5.213282108306885,0
2012-07-17,5.02951192855835,5.2132826188023005,4.97631533185754,5.14557794322009,3938200
2012-07-18,5.053691864013672,5.135905071490163,4.99082291351968,5.024675709141655,3179700
2012-07-19,5.058528423309326,5.145577816867201,5.015003726530389,5.0778726817440205,3175000
2012-07-20,4.840906143188477,4.995660234404521,4.821561881786471,4.981152153653909,6046300
2012-07-23,4.734511375427246,4.739347554955582,4.613609654439621,4.739347554955582,4056800
2012-07-24,4.695823669433594,4.8118892308597285,4.637790888720526,4.8118892308597285,5936300
2012-07-25,4.512052536010742,4.782872614698903,4.478200199126035,4.749019816610695,4993200
2012-07-26,4.468527317047119,4.589429033165516,4.352461780262285,4.560412879571031,5467000
2012-07-27,4.758692264556885,4.908610154569194,4.521724979567422,4.5362330583291115,6044000
2012-07-30,4.927953243255615,4.932789422095741,4.676477939213251,4.773199209998776,4666100
2012-07-31,5.092380046844482,5.150412814018377,4.884429413105552,4.884429413105552,6239300
2012-08-01,4.923118591308594,5.16008587132943,4.898938153077111,5.106889276182967,4793700
2012-08-02,4.753856658935547,4.956971630953843,4.7490204783628345,4.865086506090121,4982100
2012-08-03,5.048855781555176,5.048855781555176,4.8941017227193,4.937626417067759,4839000
2012-08-06,5.426069736480713,5.488938691018955,5.0004955942858045,5.024676032370281,6580500
2012-08-07,5.368036270141602,5.696888617626774,5.353527732438208,5.551806469016891,7924100
2012-08-08,5.426069736480713,5.542135285842007,5.3003318274042295,5.3341841640003995,4826100
2012-08-09,5.430904388427734,5.5131175850450145,5.310002682955665,5.368035907441255,3026000
2012-08-10,5.430904388427734,5.5131175850450145,5.310002682955665,5.368035907441255,3026000
2012-08-13,5.203610420227051,5.271315091909548,5.106889131249566,5.271315091909548,3138600
2012-08-14,5.053691864013672,5.290659127350164,5.02951142748468,5.251970613385164,4963900
2012-08-15,5.0053324699401855,5.087545694133861,4.797381319191059,4.981152028494359,8482900
2012-08-16,5.261642932891846,5.2954952670556645,5.053691825991904,5.102052698686041,5816900
2012-08-17,5.150413513183594,5.3535284564666625,5.1068892777973645,5.27131524317573,5137900
2012-08-20,5.310004234313965,5.3293489555964735,5.029512232567155,5.174594413761187,4098000
2012-08-21,5.285822868347168,5.508282031493434,5.251970076187823,5.397052219318591,4567000
2012-08-22,5.479266166687012,5.513118502266137,5.276151230805298,5.276151230805298,8685700
2012-08-23,5.585659027099609,5.798445831212351,5.440576884602851,5.469593497583569,10162300
2012-08-24,5.280987739562988,5.488938868113926,5.2519711206847255,5.416397551520023,11199300
2012-08-27,5.135905742645264,5.290659818728375,5.131069562466785,5.280987919574943,4352700
2012-08-28,4.995659351348877,5.222954728547347,4.990823171552348,5.150413415209883,6692200
2012-08-29,4.778035640716553,5.03918331620576,4.76352756463477,5.024675240123977,7563000
2012-08-30,4.671642780303955,4.845741566931208,4.661970881715496,4.763528353513561,5016600
2012-08-31,4.807052135467529,4.869921084573676,4.618445749352545,4.739347468125106,12741500
2012-09-03,4.8699212074279785,4.952134415163603,4.618445865862838,4.879593566551449,3515400
2012-09-04,4.623281955718994,4.855413035736621,4.623281955718994,4.8263964201326885,7616400
2012-09-05,5.000495910644531,5.024676350258795,4.618446440590443,4.845741835038883,11340800
2012-09-06,5.0875444412231445,5.25680656725259,5.005331237276134,5.058527826393369,9708300
2012-09-10,5.397052764892578,5.532462563607923,5.3680366100553085,5.426069380933313,12036800
2012-09-11,5.619512557983398,5.648529177160765,5.314840132036866,5.416397607352376,7838100
2012-09-12,5.716232776641846,5.745249390354232,5.435740842636967,5.658200010420501,8341400
2012-09-13,6.325577259063721,6.378773843990402,5.624347452287431,5.629183631245332,12963200
2012-09-14,6.625413417816162,7.036479404016381,6.364265750466438,6.456151305595149,17509600
2012-09-17,6.446479320526123,6.639921877452773,6.325577607146108,6.548036778213473,6710900
2012-09-18,6.286890029907227,6.499676874143775,6.214349175582006,6.446480278385514,4884600
2012-09-19,6.335249900817871,6.494840123951447,6.243364341314641,6.3884464881279195,6364500
2012-09-20,6.35943078994751,6.364266969818424,6.146643948865739,6.253037600008373,4188300
2012-09-21,6.214348316192627,6.441643207620647,6.209512136918812,6.383610439945189,5237900
2012-09-24,6.151480197906494,6.257873389041961,6.030578466995144,6.204676793474228,6067400
2012-09-25,5.643692493438721,5.996725304903896,5.575987362202733,5.948364892195455,12579600
2012-09-26,5.750086307525635,5.803282901422081,5.440577720083201,5.5759875253127404,8440700
2012-09-27,5.62434720993042,5.875822509260695,5.585658702341147,5.846806359170436,7526900
2012-09-28,5.522790908813477,5.634020275924503,5.440577697816854,5.556643244681443,6036200
2012-10-01,5.561478614807129,5.74524926785821,5.522790104817788,5.561478614807129,3959500
2012-10-02,5.440577030181885,5.682380453745524,5.358363829273973,5.614675329114471,5255600
2012-10-03,5.329348564147949,5.498610712105482,5.266479608208235,5.44057793613117,4636600
2012-10-04,5.426069736480713,5.459922073076883,5.295495647546635,5.353528422227282,3864100
2012-10-05,5.343856334686279,5.546971269485467,5.329348256830189,5.508282754400239,3440900
2012-10-08,5.513118743896484,5.517954923820744,5.276151462049784,5.295495720543321,4135500
2012-10-09,5.358363151550293,5.605002723079151,5.339018898559992,5.532461428462996,6929900
2012-10-10,5.266478538513184,5.435740652091226,5.213281492105828,5.372871708921069,5269100
2012-10-11,5.426069736480713,5.455085893219288,5.310003725915923,5.3341841640003995,4523400
2012-10-15,5.561478614807129,5.571150972906174,5.285822865832217,5.440576905789583,4500200
2012-10-16,5.60500431060791,5.735577939974509,5.503446838343444,5.590496232056844,6348000
2012-10-17,5.677545547485352,5.706562167747994,5.5759880683714025,5.648529388426242,5037700
2012-10-18,5.711397171020508,5.750085682595636,5.5759869193041185,5.595331175091683,4934100
2012-10-19,5.517954349517822,5.793610119661632,5.440577323596996,5.716233093740804,4908000
2012-10-22,5.609841346740723,5.658201769693228,5.46475915547606,5.537300020506605,3396500
2012-10-23,5.50828218460083,5.5904953859533375,5.484101749873017,5.517954081769897,3451000
2012-10-24,5.4163970947265625,5.600167768914511,5.353528143461991,5.561479254475309,3845900
2012-10-25,5.484102725982666,5.5518074018271095,5.392217149903044,5.517955063904888,4447700
2012-10-26,5.353528022766113,5.508282538237438,5.2471348410586875,5.435741229396781,4095600
2012-10-29,5.401889324188232,5.4163974026267905,5.251970976311468,5.305168032592013,1722400
2012-10-30,5.522790908813477,5.532462807117116,5.372872564877434,5.416397260252526,2154800
2012-10-31,5.430904388427734,5.585658885050299,5.38738016186865,5.527626121768114,3679100
2012-11-01,5.561478614807129,5.605003303845993,5.300330941777366,5.406724574849764,5248700
2012-11-05,5.513118743896484,5.561479620732078,5.4212336313530605,5.537299182314281,3284600
2012-11-06,5.721068859100342,5.769429727402477,5.469593543058138,5.508282053218477,6218300
2012-11-07,5.513118743896484,5.77910264408524,5.4309055299980775,5.73074222845315,5957400
2012-11-08,5.372871398925781,5.59533054607609,5.324510995495166,5.532461606533244,5293100
2012-11-09,5.343856334686279,5.44057762239935,5.280987382371914,5.348692514372803,5390700
2012-11-12,5.266478538513184,5.392215963650085,5.261642359530076,5.358363633175159,2734400
2012-11-13,5.222954750061035,5.329348400005465,5.126233459749505,5.285823704064403,4826100
2012-11-14,5.015004634857178,5.193939173087926,4.9182833251653655,5.169758730364077,6121200
2012-11-16,4.753856658935547,4.97631589204113,4.7490204783628345,4.97631589204113,5782000
2012-11-19,4.9472975730896,5.005330797652024,4.836068225285664,4.894100988644683,5798100
2012-11-21,5.0246758460998535,5.044020103609622,4.84090516915531,4.908609839837761,6357700
2012-11-22,4.952134132385254,5.068199668018477,4.952134132385254,5.0585277706507625,1421500
2012-11-23,5.174593925476074,5.184266285204624,4.927954286839987,4.9714789832114725,3667600
2012-11-26,4.952134132385254,5.150412871059537,4.932789876446384,5.12623289703853,5363100
2012-11-27,4.903773307800293,5.048854984451982,4.83606818714701,5.005330758178516,4836000
2012-11-28,4.879593849182129,4.937626623673859,4.811888715006696,4.84574151269616,3894200
2012-11-29,5.348691463470459,5.3680357172123445,4.981150181171236,5.00533061364944,9856000
2012-11-30,5.0730366706848145,5.43090569423968,4.981151555362599,5.368037198137041,10605900
2012-12-03,5.044020175933838,5.160085722656669,4.981151222824766,5.039183996186182,7467900
2012-12-04,5.0246758460998535,5.12623331332701,5.000495408911773,5.053692001762768,5110900
2012-12-05,5.1165595054626465,5.174592261562769,5.024674423604956,5.174592261562769,7328700
2012-12-06,5.077871799468994,5.150412640694325,4.990822421035859,5.145576922828479,4129500
2012-12-07,5.184266090393066,5.280987378026551,5.044020108023643,5.077872443394493,5777300
2012-12-10,5.445412635803223,5.479264963951534,5.121396045458759,5.169756448355864,5040400
2012-12-11,5.561478614807129,5.682380323824675,5.464757339833776,5.479265415778924,6872600
2012-12-12,5.62434720993042,5.72590465765311,5.5131174047087175,5.5614782697970035,8824800
2012-12-13,5.542135238647461,5.6872174047153665,5.474430104828174,5.517954800768895,4415200
2012-12-14,5.614675521850586,5.643692136603791,5.503446164570765,5.634019777951575,5081000
2012-12-17,5.619512557983398,5.692053875325058,5.542135521781774,5.609840659059953,6225200
2012-12-18,5.90484094619751,5.90484094619751,5.663037468402695,5.667873648647439,6769200
2012-12-19,5.870987892150879,6.016069592202537,5.7065614734752925,5.803282760577556,9573300
2012-12-20,5.808119773864746,5.9628738554400025,5.735578452223687,5.9096772551993935,3948400
2012-12-21,5.672708511352539,5.711397486266581,5.5324625338508255,5.561479149735491,5865500
2012-12-26,5.696888446807861,5.750085494385007,5.619511426190292,5.648528039523592,2651200
2012-12-27,5.600168704986572,5.79844748993079,5.638857225892588,5.740414708571766,3221200
2012-12-28,5.839333534240723,5.903339777890367,5.721168378062883,5.795021952833976,3560700
2013-01-02,6.213522911071777,6.2529112916850265,5.967345297465701,5.967345297465701,7098900
2013-01-03,6.30214786529541,6.346459916940424,6.090434938345497,6.22337109328054,4449600
2013-01-04,6.065817356109619,6.2923008207460045,5.987040580505072,6.272606626844867,8732900
2013-01-07,6.0362772941589355,6.14951881035381,5.927958975090191,6.090436218919958,4316000
2013-01-08,5.982117176055908,6.25783637226711,5.957499784763696,6.095359148095976,6697500
2013-01-09,6.149518966674805,6.174136831118037,5.98704171871486,6.105206904586327,4341300
2013-01-10,6.25783634185791,6.321842591909241,6.129823841755248,6.188906425753406,4399400
2013-01-11,6.213522911071777,6.2726054819916515,6.105204629612074,6.2726054819916515,5042300
2013-01-14,6.252913475036621,6.326767066634081,6.15444248912004,6.213525080669989,4984800
2013-01-15,6.13967227935791,6.326767397146679,6.065818683902312,6.213525405266784,4198700
2013-01-16,6.124898910522461,6.164287761264912,6.006733766934732,6.139669905630833,3518700
2013-01-17,5.898416996002197,5.942729053594155,5.819640213415011,5.8787228003554,12415700
2013-01-18,5.90826416015625,5.957499882642878,5.790098989644321,5.9427288841689005,4254500
2013-01-21,5.780252456665039,5.923035508165395,5.760558258856256,5.908264977195485,3784700
2013-01-22,5.780252456665039,5.898417643517737,5.745787727886347,5.785176123503913,4558700
2013-01-23,5.893494129180908,5.952576719428868,5.819640539210942,5.868876265857586,4109400
2013-01-24,5.603002548217773,5.9033390681126585,5.578384692920627,5.863950687455838,4704700
2013-01-28,5.430678367614746,5.731015375689692,5.4257551718871,5.662085470490437,4606500
2013-01-29,5.553768634796143,5.652239618302926,5.376520864483933,5.391291394623278,5188500
2013-01-30,5.322360992431641,5.583309169607111,5.322360992431641,5.543920783223894,5397800
2013-01-31,5.292819976806641,5.4011382845492335,5.2386610577086685,5.36174989437859,7473400
2013-02-01,5.489761829376221,5.578385940446848,5.312514076781607,5.337131937584186,5492800
2013-02-04,5.332208633422852,5.460221142647433,5.26820237881056,5.460221142647433,4995500
2013-02-05,5.356825351715088,5.450372645677115,5.233736535185458,5.332207494499848,4376200
2013-02-06,5.406061172485352,5.406061172485352,5.199272370670024,5.366672784563706,5607700
2013-02-07,5.317437171936035,5.4552965202636825,5.25835459408133,5.396213942408977,4989500
2013-02-08,5.209118843078613,5.3863665754625645,5.20419517757019,5.3863665754625645,2932300
2013-02-13,5.2238898277282715,5.263278216153345,5.169730911030453,5.2435840219408085,3428100
2013-02-14,5.228813648223877,5.268202037813212,5.145113202959881,5.19434892471987,2484400
2013-02-15,5.233738899230957,5.332209903024053,5.184503162561017,5.228815231654607,3337200
2013-02-18,5.189424991607666,5.287895960514083,5.135266076095791,5.2485075729515165,1894700
2013-02-19,5.0958781242370605,5.312514274353835,5.056489733306738,5.22389015998728,4716400
2013-02-20,4.898934841156006,5.115571422838645,4.8743169837539,5.095877230826275,5769300
2013-02-21,4.854623317718506,4.958017954372441,4.731534486918423,4.923553232003338,5772400
2013-02-22,4.785694122314453,4.987559740216307,4.761076260962523,4.92355348851995,5288000
2013-02-25,4.820158004760742,5.061411970878133,4.7019928543620075,4.84969952713371,8941100
2013-02-26,4.923553943634033,5.017101261962535,4.770923564780833,4.820159292035851,8829200
2013-02-27,4.908783435821533,5.026948618320259,4.859547708340383,4.972789693728351,5661100
2013-02-28,4.923553943634033,5.056490125494565,4.874318216379015,4.9038597466413645,4268400
2013-03-01,4.785694122314453,4.89893562716802,4.780770456134737,4.89893562716802,5247500
2013-03-04,4.825082302093506,4.849700162371119,4.7118403326351395,4.780770247503129,6090000
2013-03-05,4.898934841156006,4.98263527459522,4.834928599729161,4.889087979923109,8452900
2013-03-06,5.1697306632995605,5.258354767782467,4.967865064907701,4.992482923880353,8309800
2013-03-07,5.228813648223877,5.415908733546536,5.199272590805197,5.243584176933217,6911600
2013-03-08,5.23866081237793,5.287896063012182,5.100800983690117,5.16480723210661,3257700
2013-03-11,5.164807319641113,5.214043040656453,5.115572068172408,5.194348846159643,3121500
2013-03-12,5.154960632324219,5.263278470963835,5.145113299967899,5.184501690299878,4311800
2013-03-13,4.997406959533691,5.20911992489814,4.987560096018455,5.15496100169763,6267300
2013-03-14,4.972789287567139,5.105724989633776,4.908783034888144,5.105724989633776,6080900
2013-03-15,4.815234661102295,5.10080069508189,4.8004641337024125,5.02202392288705,9562300
2013-03-18,4.889089584350586,4.9186306472901915,4.775847590957485,4.780771257962996,3752700
2013-03-19,4.569057464599609,4.9186297779085875,4.564134268011017,4.780770412948421,11713700
2013-03-20,4.637988090515137,4.6872238202972145,4.534593433610148,4.569058162729571,6029800
2013-03-21,4.490279674530029,4.63798633853393,4.475509148993601,4.628139008478618,8857800
2013-03-22,4.57890510559082,4.623217164702303,4.514898850157198,4.549363576334272,6603400
2013-03-25,4.460740089416504,4.618293665706938,4.445969089479254,4.618293665706938,4586400
2013-03-26,4.524744987487793,4.593674898327874,4.470586073679117,4.495203932518189,5861300
2013-03-27,4.475510120391846,4.519822176165491,4.38196234274823,4.519822176165491,8417200
2013-03-28,4.495203971862793,4.54443922042527,4.411503532805316,4.485356640422334,6375900
2013-04-01,4.7315354347229,4.810312696634503,4.5690581830836505,4.603523381903327,11116800
2013-04-02,4.395936012268066,4.852914689369354,4.386001466645983,4.64429396835767,12767400
2013-04-03,4.42077112197876,4.455541555536735,4.341296657340831,4.405869778285442,5728400
2013-04-04,4.28169059753418,4.440639518964914,4.276723325313181,4.440639518964914,5239100
2013-04-05,4.187314987182617,4.261822179116864,3.9836615537708475,4.177380442281958,11376200
2013-04-08,4.137643337249756,4.21711780407678,4.048234325216759,4.197249187370025,4810800
2013-04-09,4.207184314727783,4.321428758173438,4.152545255944858,4.167447075815795,7141800
2013-04-10,4.192282199859619,4.3214284540886085,4.162479509625372,4.246921254797772,5861000
2013-04-11,4.0681023597717285,4.222084472492899,4.0532010178003635,4.222084472492899,12413000
2013-04-12,4.063135623931885,4.157511422805515,3.9935952374899126,4.0382997377951,5295400
2013-04-15,3.889285087585449,4.023398595152952,3.874383744646333,3.9985627077843233,5390900
2013-04-16,3.814779043197632,3.9240567029525977,3.765107487332948,3.9240567029525977,12954600
2013-04-17,3.8247125148773193,3.859482714777153,3.7601396248527847,3.7849752789075723,11110100
2013-04-18,3.884317398071289,3.963791845302608,3.8147770198913493,3.8545144803595446,6179800
2013-04-19,3.8992197513580322,3.988628527717994,3.839613900451391,3.968759910749114,6092200
2013-04-22,3.904186725616455,3.9538582642420934,3.784974796062343,3.9538582642420934,4549300
2013-04-23,3.9588253498077393,4.028365504764198,3.859482271298512,3.899219502702203,5734800
2013-04-24,4.003530502319336,4.038300464948585,3.9290228304928143,3.968760065984874,4771900
2013-04-25,3.904186725616455,4.05320134149337,3.780007760626069,4.048234069204517,9998700
2013-04-26,3.904186725616455,3.904186725616455,3.904186725616455,3.904186725616455,0
2013-04-29,3.904186725616455,3.9836614242700557,3.8147777192377266,3.919088068777857,5835500
2013-04-30,3.929022789001465,3.9687600240738905,3.8098110837841874,3.8545155916669684,8171000
2013-05-02,3.8644495010375977,3.958825306154406,3.8396136132578613,3.9439239629686274,5773600
2013-05-03,3.854515314102173,3.9737270107349807,3.8346464611441182,3.9339897785240447,14008100
2013-05-06,3.8346471786499023,3.8743846551487553,3.789942902474218,3.8743846551487553,8932000
2013-05-07,3.8346471786499023,3.9190889313244397,3.755172699357458,3.8197458322088846,6213700
2013-05-08,3.7750401496887207,3.8644491480468135,3.7700731146980258,3.839613262535664,7693100
2013-05-09,3.7353036403656006,3.849548309342781,3.7104677500804124,3.7998767656250076,7973000
2013-05-10,3.6111249923706055,3.740271254681547,3.606157955971598,3.705501052477995,7301400
2013-05-13,3.5415842533111572,3.6210587176914917,3.526682672813551,3.601190101596408,5699800
2013-05-14,3.4223716259002686,3.5564848757729193,3.40747028527694,3.5316492291165256,9150200
2013-05-15,3.332963466644287,3.4968796638804682,3.323029158837627,3.407470893620528,9082200
2013-05-16,3.327995777130127,3.402503194766409,3.228652711516785,3.278324244323456,12731000
2013-05-17,3.33793044090271,3.4174051387509823,3.2981932104048624,3.3776679082531342,5638700
2013-05-20,3.402503490447998,3.43230641272191,3.273357493927713,3.3776678403126907,5842500
2013-05-21,3.477010488510132,3.541583597284216,3.3826344611139803,3.4124373797360477,7231700
2013-05-22,3.477010488510132,3.665762543302435,3.442240298358115,3.5366163257542667,11619100
2013-05-23,3.4621098041534424,3.50184727608947,3.3279965173205857,3.3478651348622974,5728600
2013-05-24,3.5018470287323,3.5465512966171095,3.407470983649232,3.4621095596031757,6283100
2013-05-27,3.5068137645721436,3.5763539151116714,3.496879457352211,3.541583958268191,2232000
2013-05-28,3.4521753787994385,3.566420044232436,3.4521753787994385,3.541584391570321,6589700
2013-05-29,3.352832078933716,3.4521751569018306,3.337930498812208,3.447208121429715,8156000
2013-05-31,3.283291816711426,3.407470778526581,3.2534888942980973,3.347864696847351,9557000
2013-06-03,3.357799530029297,3.377668146680735,3.278324826570952,3.332963640788703,4683200
2013-06-04,3.33793044090271,3.40747083112652,3.3130947902678436,3.3727006360146152,6094900
2013-06-05,3.198850393295288,3.3627666008038544,3.1839488122251476,3.2981934775875716,8228100
2013-06-06,3.1442110538482666,3.223685508020559,3.0895722481785377,3.223685508020559,8294900
2013-06-07,3.029966354370117,3.154145305261127,3.0150650129006253,3.059769274161653,7205400
2013-06-10,3.00016450881958,3.089573300207962,2.9802958885110504,3.0448690229400897,5432000
2013-06-11,2.8908865451812744,2.965393738686684,2.8610836204085923,2.9455251221715626,8967600
2013-06-12,2.915722131729126,2.9951968328522236,2.8809521720370705,2.940558020239954,10162200
2013-06-13,3.1541454792022705,3.1988499797811625,2.9057875637240986,2.9107548357228934,11733800
2013-06-14,3.2435548305511475,3.2435548305511475,3.109441551187468,3.1839487443930525,13562000
2013-06-17,3.1839487552642822,3.2683904938283583,3.154145830509772,3.2485218773253512,8036400
2013-06-18,3.273357629776001,3.3130948611236932,3.1342770832064963,3.1442113910434193,6119700
2013-06-19,3.218719482421875,3.3528327843205936,3.193883589278448,3.248522412082409,9228800
2013-06-20,3.2981936931610107,3.3478652385537373,3.0796386565804013,3.154146093095797,16143100
2013-06-21,3.1690478324890137,3.337931095209652,3.154146249704999,3.228653689919827,14487100
2013-06-24,3.074671506881714,3.1690475580677235,3.0647371981701657,3.1342773591510036,6861500
2013-06-25,3.134276866912842,3.1839484026696687,3.0597694448513186,3.1193755246120762,5095400
2013-06-26,3.059769630432129,3.2038172112899677,3.059769630432129,3.2038172112899677,5206900
2013-06-27,3.069704294204712,3.1392446933997595,3.0548029492719215,3.0796386031107748,5188800
2013-06-28,2.9604268074035645,3.12434301786122,2.945525226065323,3.0548028576054937,9447000
2013-07-01,3.0150654315948486,3.124342819338878,2.945525038905154,3.054802663501768,4714700
2013-07-02,2.83128023147583,2.985262352384555,2.8114116165558474,2.980295080228273,7970300
2013-07-03,2.7567732334136963,2.880952203624177,2.7567732334136963,2.8014775016297087,4811100
2013-07-04,2.8163793087005615,2.871018126304734,2.7617404910963894,2.856116544466284,4758600
2013-07-05,2.707101821899414,2.8412151183873138,2.6226603096943535,2.751806333012921,10845000
2013-07-08,2.712068796157837,2.786576227517631,2.682265870984438,2.682265870984438,4054800
2013-07-10,2.7269699573516846,2.781608768263212,2.7120686141910912,2.7766417328272075,3113800
2013-07-11,2.9455251693725586,2.9554594777893133,2.7865762347044867,2.791543270486566,8609200
2013-07-12,2.786576271057129,2.9306238634055584,2.786576271057129,2.9256565907060823,6085300
2013-07-15,3.0200328826904297,3.0448687744757765,2.801477840278278,2.801477840278278,10852900
2013-07-16,2.920689344406128,3.044868310714015,2.8610834974229618,3.020032422711405,7965700
2013-07-17,2.985262393951416,3.020032352119237,2.9157220039106218,2.9355906191072556,6251300
2013-07-18,2.975328207015991,3.005131370244666,2.9057880454718266,2.920689627086164,5528200
2013-07-19,2.980295419692993,2.995197001006602,2.9057879868301484,2.9206895681437572,4569200
2013-07-22,3.129310369491577,3.1491789872084515,2.9852627726179355,2.9852627726179355,6832900
2013-07-23,3.2236855030059814,3.3031601939072037,3.144211048957315,3.144211048957315,7984800
2013-07-24,3.134276866912842,3.21871859612573,3.109441217460711,3.21871859612573,5760300
2013-07-25,3.1789820194244385,3.2137519831581054,3.104474582083902,3.104474582083902,4933200
2013-07-26,3.1789820194244385,3.1789820194244385,3.1789820194244385,3.1789820194244385,0
2013-07-29,3.5217156410217285,3.6905988780124384,3.412438015528094,3.452175247761202,10647200
2013-07-30,3.3130953311920166,3.5813219176980238,3.308128058142498,3.5564860261556612,10587900
2013-07-31,3.263422966003418,3.3727003402908857,3.2584556942004372,3.2783243077072495,5682000
2013-08-01,3.288259267807007,3.327996502716048,3.193883216471732,3.238587724170705,8552400
2013-08-02,3.2038168907165527,3.382634649246854,3.1988498557628935,3.31806153688139,5766000
2013-08-05,3.258456230163574,3.303160736333345,3.198850379838943,3.2187189966138203,4795000
2013-08-06,3.218719482421875,3.2981939615166325,3.1839492793916033,3.2683910318560985,9413800
2013-08-07,3.2236855030059814,3.437273453540606,3.3081272288589676,3.3776676130041063,14172700
2013-08-08,3.428931474685669,3.510209772868822,3.322253587206062,3.388292325594092,7852000
2013-08-09,3.5864086151123047,3.6016484184811253,3.4492513537067513,3.454331368905844,8404800
2013-08-12,3.6880075931549072,3.799765288904217,3.5965692362224138,3.6067290267450782,11037900
2013-08-13,3.804845094680786,3.850564273527094,3.7083272050273814,3.7845255134665416,10777400
2013-08-14,3.8861234188079834,4.002961124599518,3.743886116972353,3.7743654868881666,21969800
2013-08-15,3.9623219966888428,4.008040930817278,3.769285743435665,3.799765113597456,15989000
2013-08-16,4.241717338562012,4.241717338562012,3.9470828903029775,3.9470828903029775,16462500
2013-08-19,4.510951042175293,4.597309376797492,4.180757267308947,4.2010773314148695,15492100
2013-08-20,4.353474140167236,4.500791220626308,4.307754962704591,4.444912495092527,11537800
2013-08-21,4.389033317565918,4.4804711786177105,4.272195377809508,4.287434940575313,10600300
2013-08-22,4.592229843139648,4.607469408362864,4.434752720976275,4.526191081229656,8670600
2013-08-23,4.475391864776611,4.602389357728245,4.444912253307145,4.5414301347893105,9965000
2013-08-26,4.444911956787109,4.541429831830568,4.434751925489399,4.475391566223282,6505600
2013-08-27,4.353474140167236,4.505871236890384,4.3280750277608915,4.404273333893957,7643000
2013-08-28,4.368714809417725,4.490632310328532,4.2823564584916305,4.358554775446615,8258100
2013-08-29,4.322995185852051,4.460152239314796,4.317915169383088,4.4296731094150905,5844900
2013-08-30,4.3179144859313965,4.460151533349423,4.231556157456212,4.4296724082740395,10957000
2013-09-02,4.490630626678467,4.561748899983872,4.368713171477571,4.373792702101598,7336400
2013-09-03,4.495711326599121,4.54143001592119,4.460151700072655,4.516030905561254,4941200
2013-09-04,4.612549304962158,4.632868886216999,4.444912638495463,4.490631817433113,9145000
2013-09-05,4.6531877517700195,4.703986939322269,4.53127028299297,4.556669876769094,9966900
2013-09-06,4.66842794418335,4.749706752125627,4.622709250565659,4.714147122258061,8212900
2013-09-09,4.7598652839660645,4.805584452278432,4.658267401303533,4.66334741655089,10178600
2013-09-10,4.800504207611084,4.886862524861331,4.764945071492828,4.800504207611084,9796400
2013-09-11,4.7598652839660645,4.876703212370663,4.734465692186202,4.800504437031076,9867800
2013-09-12,4.754786491394043,4.815745236666872,4.72430736098615,4.759866507947706,5676700
2013-09-13,4.790345668792725,4.800505216480105,4.714146881080883,4.7446264930570194,6148400
2013-09-16,4.719226837158203,4.861463894172271,4.719226837158203,4.8259047510330015,6790500
2013-09-17,4.739546775817871,4.764946373323287,4.643028886645721,4.739546775817871,7817500
2013-09-18,4.800504207611084,4.861462934295336,4.734465465922255,4.734465465922255,7895600
2013-09-19,4.7954254150390625,4.851304625420158,4.749706721714101,4.851304625420158,5848900
2013-09-20,4.698907852172852,4.810665796196829,4.693827835522431,4.790346214052201,5304900
2013-09-23,4.744626522064209,4.8106652780354136,4.6633482022402655,4.7903456980794275,7615700
2013-09-24,4.754786491394043,4.810665704570252,4.653188582605995,4.790346122812642,7812700
2013-09-25,4.800504207611084,4.810664237620241,4.724305920369994,4.775104617045089,6748600
2013-09-26,4.947822570800781,4.9630626198780226,4.780185906607317,4.810665520304776,9828800
2013-09-27,4.912263870239258,4.973222618699852,4.861464670960229,4.942743002241021,8505600
2013-09-30,4.8055853843688965,4.973222044391078,4.729387078706819,4.942742431452039,7416700
2013-10-01,4.7751054763793945,4.841144229952645,4.693827159506772,4.825904666653274,7365200
2013-10-02,4.770026206970215,4.8005053352434,4.703987449768969,4.764946190772348,4372300
2013-10-03,4.810665607452393,4.897023949293089,4.790346026104995,4.8005055745501775,8720100
2013-10-04,4.968141555786133,5.003701181576828,4.825904505994252,4.841144068786284,7098400
2013-10-07,5.008780479431152,5.074819227728119,4.932582184565314,4.932582184565314,6687700
2013-10-08,5.054500102996826,5.105299293763423,5.003701396687218,5.029100507613529,5144400
2013-10-09,5.039260387420654,5.11545868681323,5.029100355791259,5.084979560838989,6764900
2013-10-10,5.278015613555908,5.278015613555907,5.054499770245902,5.120538520112178,9776100
2013-10-11,5.389772891998291,5.4304120469563655,5.151017977733838,5.156097508760891,10426300
2013-10-14,5.633607864379883,5.674247016150773,5.338973771812474,5.384692938668952,7654600
2013-10-15,5.811405181884766,5.81648519797529,5.587889802928697,5.6386889949199395,7841100
2013-10-16,5.963802337646484,6.0907998345356695,5.75552652026134,5.811405244488061,13634500
2013-10-17,5.877443790435791,5.953642576513553,5.6793280124389804,5.816485052247773,12738500
2013-10-18,5.97396183013916,6.019681002401275,5.821564750751098,5.928242657877045,7737500
2013-10-21,6.050161838531494,6.090801006599743,5.907924750292622,5.928244334326746,5557700
2013-10-22,6.299075126647949,6.309235158091213,6.009521012912443,6.034920607063636,8810000
2013-10-23,6.202558994293213,6.299076897858857,6.172079375849952,6.217798561286294,8196400
2013-10-24,6.034921169281006,6.2635165690239285,5.999362024830798,6.222877408378832,8850300
2013-10-25,5.943481922149658,6.055239839352218,5.872363643940068,6.055239839352218,6823100
2013-10-28,6.065401077270508,6.131439842922619,5.938403562814234,5.953643613358079,5781400
2013-10-29,6.004441738128662,6.131439240098944,5.958722559906237,6.100960110922009,3825800
2013-10-30,6.070480823516846,6.1669992014971085,6.024761642837463,6.060321274730899,5971500
2013-10-31,6.222878932952881,6.248278535693093,6.060322250546923,6.090801386269477,6648700
2013-11-01,6.527671813964844,6.624189702580764,6.146679306950328,6.146679306950328,10755700
2013-11-04,6.456554412841797,6.614031562428872,6.436234827519961,6.527673203696787,5810300
2013-11-05,6.461632251739502,6.5225909871527,6.34479431218815,6.517510971420693,6367700
2013-11-06,6.45147180557251,6.547990160448561,6.375273512318308,6.4768713981428885,5540700
2013-11-07,6.3498759269714355,6.64959014823762,6.2635175756080566,6.400675128170041,7216500
2013-11-08,6.507351875305176,6.573390146569179,6.278755996095171,6.354954783984172,6346200
2013-11-11,6.532752990722656,6.5886322158735195,6.471794232386653,6.517513422252942,3287100
2013-11-12,6.299075126647949,6.568310146410858,6.273676016953719,6.527670989551733,5775900
2013-11-13,6.182237148284912,6.426072068791901,6.070479234157414,6.268595470412034,5373400
2013-11-14,6.827998161315918,7.028185052060298,6.822587579300299,7.011953821994943,9393900
2013-11-18,6.941617488861084,6.963259299960375,6.811766622265345,6.919975677761794,5994400
2013-11-19,6.800946235656738,6.9903124913946035,6.730610212553576,6.855051027576567,5186500
2013-11-21,6.817178249359131,6.941618553265944,6.660274965834879,6.708968661288703,5151900
2013-11-22,6.7630720138549805,6.892922872685449,6.714377812798193,6.714377812798193,3621900
2013-11-25,6.622401237487793,6.833409309753903,6.573707027273957,6.790125682004169,4798600
2013-11-26,6.395162105560303,6.692737441317606,6.362699641866958,6.589938951646603,6392300
2013-11-27,6.4709086418151855,6.525013435341384,6.378930802409578,6.411393781721608,3699700
2013-11-28,6.362697601318359,6.5682950307058094,6.341055793802912,6.535832061441942,2862600
2013-11-29,6.4438557624816895,6.535833594999218,6.357288512107901,6.36269909425164,4455000
2013-12-02,6.4709086418151855,6.616990758765439,6.33023659143231,6.33023659143231,5493100
2013-12-03,6.368110179901123,6.519602880033288,6.330236617881916,6.411393808510312,5641500
2013-12-04,6.525012969970703,6.5574754309859244,6.357288534787009,6.416803390635925,5034000
2013-12-05,6.7630720138549805,6.892922872685449,6.3572876930236815,6.416802540992284,7104200
2013-12-06,6.768484115600586,6.86587202360744,6.60075966495182,6.76307353293866,4363600
2013-12-09,6.892923831939697,6.952439204172208,6.714378747205203,6.811767162871843,3036700
2013-12-10,6.9524383544921875,6.995721974836081,6.86046053226605,6.865870597822945,2997400
2013-12-11,6.833408832550049,7.0011327493720605,6.795535789909242,6.925386664090445,4728400
2013-12-12,6.806356430053711,6.887513097325642,6.703557950443831,6.838819406551387,4877100
2013-12-13,6.838818550109863,6.930796370022921,6.800944996275318,6.81717674048217,3860800
2013-12-16,7.087699890136719,7.125572929439605,6.817177001444195,6.833408230290937,6732900
2013-12-17,7.033596992492676,7.18508970631767,7.028186409432098,7.0877017911352596,4902100
2013-12-18,7.379866123199463,7.433970402594731,7.066059548369577,7.141805642719265,10576000
2013-12-19,7.612514019012451,7.655797640472393,7.3744541009827715,7.3960959117127425,6144800
2013-12-20,7.493484973907471,7.753186725399313,7.482663809604553,7.596283454877613,5906800
2013-12-23,7.747776031494141,7.796470238191875,7.52594732629913,7.52594732629913,4666600
2013-12-26,7.801879405975342,7.953372064698542,7.764006370289894,7.774827016493703,5076800
2013-12-27,7.764007091522217,7.87221614351937,7.677439333943035,7.818111359530063,2800500
2013-12-30,7.780239582061768,7.915501047989166,7.780239582061767,7.791060231025556,5003100
2014-01-02,7.596282482147217,7.872215944759196,7.574640672294206,7.861394781841967,8504200
2014-01-03,7.834343433380127,7.839754015558959,7.504305660194159,7.569231098395586,18621600
2014-01-06,7.731545448303223,7.877628080621984,7.6828512375303015,7.780239659076143,6671200
2014-01-07,7.655797958374023,7.8451641971106705,7.580051875664557,7.7694175984197145,6432200
2014-01-08,7.747776031494141,7.780239007953132,7.585462697143698,7.709902988943238,6907000
2014-01-09,7.531357288360596,7.764007138549758,7.498894314574088,7.736954746391245,7900800
2014-01-10,7.5151262283325195,7.596282890650288,7.3852748462500255,7.509715646582942,5893300
2014-01-13,7.525947093963623,7.6449773159966385,7.428558683574656,7.48807405258191,3737600
2014-01-14,7.374454498291016,7.515126533605448,7.325760292529751,7.477252975801411,5363000
2014-01-15,7.428559303283691,7.493485259613615,7.331171400751871,7.379865610008547,3916700
2014-01-16,7.482663154602051,7.509715547009771,7.3419911268670806,7.498894383654096,3903000
2014-01-17,7.439380168914795,7.525947419232398,7.374454731176593,7.482663794073597,2870500
2014-01-20,7.401506423950195,7.482663084430813,7.298707436961185,7.439379463376955,2628300
2014-01-21,6.849639892578125,6.849639892578125,6.763072645275637,6.795535621004817,13073200
2014-01-22,6.736020565032959,6.903745001474552,6.503371206073999,6.87128202423435,13190600
2014-01-23,6.5412445068359375,6.7089684338934275,6.497960879467454,6.649453575257147,7705700
2014-01-24,6.384340286254883,6.633221364877782,6.2869518810602605,6.476318109831702,10535100
2014-01-27,6.140870571136475,6.519602560919966,6.124638824216354,6.405982912386766,6697800
2014-01-28,6.232848167419434,6.2815418583680005,6.173332796290894,6.254489979834855,4809600
2014-01-29,6.157101154327393,6.30318324936945,6.027250288516346,6.232847750707906,5424500
2014-01-30,6.086765289306641,6.351877609183107,6.086765289306641,6.162511887549125,5821500
2014-01-31,6.054302215576172,6.097586353854524,5.897398955754633,6.027250338626733,9796300
2014-02-03,5.745906352996826,6.1084070814686395,5.745906352996826,5.989376860601996,5224000
2014-02-04,6.054302215576172,6.075944026724608,5.772958670646489,5.8378841040918,4654000
2014-02-05,5.886578559875488,6.065123638479877,5.848705517741679,6.011018850304577,3975800
2014-02-06,6.222026824951172,6.303183490188372,5.956914501462724,5.962325083406936,5583100
2014-02-07,6.286950588226318,6.346465425839282,6.113816139911256,6.238256395642368,4511600
2014-02-10,6.081354141235352,6.254489133101189,6.005608066026646,6.243667970367695,4498500
2014-02-11,6.276132583618164,6.378931076558069,6.01643028590531,6.140871109971061,6571800
2014-02-12,6.362697601318359,6.460085477147179,6.243667401992701,6.324824051180282,6825000
2014-02-13,6.308594226837158,6.346467269412407,6.135459728228587,6.319415390990947,3281700
2014-02-14,6.319416046142578,6.41139388705936,6.249080019795535,6.357289092644232,3165700
2014-02-17,6.097586154937744,6.368109043458891,6.075943828513849,6.319414840968051,3251600
2014-02-18,5.794600486755371,6.140869981408266,5.794600486755372,6.108407006667082,6794800
2014-02-19,6.092175483703613,6.157100914075729,5.708032967015836,5.713443548542209,10249700
2014-02-20,6.189564228057861,6.281542062812368,5.924451888345003,6.01101914082418,7228700
2014-02-21,6.119228363037109,6.254489816087624,6.032660599660325,6.189563864559661,6044900
2014-02-24,6.0218400955200195,6.14087032152157,5.956914658423221,6.086765532616818,5061300
2014-02-25,5.810831546783447,6.032660233775183,5.767547925710986,5.96773480216649,5130200
2014-02-26,5.772958755493164,5.924451435758751,5.691802091489114,5.89739904243024,4227300
2014-02-27,5.9460930824279785,5.978556056718771,5.778369177206383,5.778369177206383,3804800
2014-02-28,5.372585773468018,6.075945007295064,5.372585773468018,6.059713775309618,12096800
2014-03-05,5.328828811645508,5.457032591304271,5.295384046924765,5.429162042634735,5546400
2014-03-06,5.373421669006348,5.473754903582943,5.3176805696742795,5.3566990202548155,4817100
2014-03-07,5.1002912521362305,5.390144136989672,5.072421232242792,5.35669936889637,7230300
2014-03-10,4.93306827545166,5.016679385915664,4.804863970275514,5.00553095434101,8122700
2014-03-11,4.821586608886719,5.083568931848292,4.810438707689702,4.9943835959260205,7737900
2014-03-12,4.866179466247559,4.949791120618892,4.737975673766024,4.7769941268540475,5442700
2014-03-13,4.799289703369141,4.94979033850508,4.782567587771749,4.933068222907688,4623600
2014-03-14,5.356699466705322,5.557367015756055,5.1170139954086515,5.183903001230041,19568700
2014-03-17,5.367847919464111,5.484903812969681,5.317681032020787,5.434736925526356,6718900
2014-03-18,5.468181610107422,5.507200063479301,5.295384615085494,5.43473684179827,5957500
2014-03-19,5.378995418548584,5.496051303288571,5.32882906644847,5.496051303288571,5202300
2014-03-20,5.356699466705322,5.429162689241802,5.256366223766521,5.339977348146617,4392400
2014-03-21,5.367847919464111,5.496051714853438,5.295384696666706,5.295384696666706,5113800
2014-03-24,5.457032203674316,5.490476966019374,5.367846879536113,5.434735872639766,3646700
2014-03-25,5.546218395233154,5.618681615325205,5.451458840619439,5.490477824722264,5127800
2014-03-26,5.395719051361084,5.663275104360828,5.367848496276954,5.590811873776742,5682400
2014-03-27,5.6298298835754395,5.640977784716663,5.445884996259741,5.462607113764841,7759700
2014-03-28,5.512773513793945,5.746885264654289,5.490477181882793,5.64655150526086,6427400
2014-03-31,5.484903812408447,5.6242560412538385,5.468181693791238,5.551792818463847,3667600
2014-04-01,5.401291847229004,5.5350703832750705,5.306532826093405,5.518347734027727,4310800
2014-04-02,5.507199287414551,5.5740882830204175,5.3734212962028165,5.401291312348732,4814200
2014-04-03,5.462607383728027,5.551792723611496,5.395718378815426,5.551792723611496,4200000
2014-04-04,5.557366847991943,5.657700087901915,5.484903627642961,5.5127741787905,9994800
2014-04-07,5.479329586029053,5.646552366666487,5.479329586029053,5.624256031353934,5266500
2014-04-08,5.356699466705322,5.652126573566331,5.351125781576797,5.5796633510298514,6967700
2014-04-09,5.077995300292969,5.351126087494767,4.966513617550702,5.351126087494767,10467900
2014-04-10,5.083569526672363,5.195051209619578,5.044551070537487,5.044551070537487,5816400
2014-04-11,5.1058669090271,5.189478587052501,5.027829980774104,5.044552103744503,5166500
2014-04-14,5.2061991691589355,5.339977176501636,5.100291181322721,5.1616065000447025,8138800
2014-04-15,4.9888081550598145,5.217345655164047,4.97208604157537,5.172752998147924,6496600
2014-04-16,5.1058669090271,5.261941297119796,5.094719004242402,5.167182245896401,8903300
2014-04-17,5.222920894622803,5.362273108027637,5.066846564453611,5.13373556309755,5959400
2014-04-22,5.156031608581543,5.323254361663645,5.105864729498264,5.21177270347107,6434100
2014-04-23,5.1002912521362305,5.1671807883228364,5.066847015629483,5.1448839218695985,5470300
2014-04-24,4.994384288787842,5.206199756781277,4.8829026034193515,5.133736528395107,7722300
2014-04-25,4.905197620391846,4.9720866136115776,4.8773270736536745,4.960938182281724,4850100
2014-04-28,4.821586608886719,4.894049827220198,4.782568157317359,4.882901926023181,4352300
2014-04-29,4.899623870849609,4.972087086628011,4.82158643887598,4.849456988265598,4623300
2014-04-30,4.771420001983643,4.899623782646849,4.771420001983643,4.8661790176640745,4837100
2014-05-02,4.9888081550598145,5.04454924212317,4.765844869979198,4.78814119848726,5708600
2014-05-05,4.977661609649658,5.128161735092104,4.93864262546443,4.988809511140761,4172400
2014-05-06,5.156031608581543,5.178327940220058,4.949790408028658,4.972086739667174,9022900
2014-05-07,4.977661609649658,5.1560322861996815,4.9219205074345025,5.133735951630929,9058500
2014-05-08,5.011106967926025,5.083570204398949,4.960940071015027,4.9888106283641,7770500
2014-05-09,5.038976669311523,5.09471777454101,4.955365543053871,5.09471777454101,4203100
2014-05-12,5.2061991691589355,5.222921287180136,5.033402177651371,5.094717496373352,4592800
2014-05-13,5.178328037261963,5.267513365487357,5.167180137027032,5.234069133196078,4329200
2014-05-14,5.222920894622803,5.334402559029368,5.178328228860177,5.178328228860177,4025000
2014-05-15,5.250792026519775,5.30653313070422,5.195050922335331,5.2117735725426035,3286400
2014-05-16,5.2061991691589355,5.334402959965719,5.178328618065903,5.256366054809085,3712900
2014-05-19,5.072421073913574,5.200624862498646,5.066846857474256,5.200624862498646,4177800
2014-05-20,4.849456310272217,5.111438587368957,4.849456310272217,5.072420142630495,5741400
2014-05-21,4.849456310272217,4.938641630580952,4.799289434701944,4.871752640349401,5707400
2014-05-22,4.8606061935424805,4.949791540501436,4.8327356397211565,4.8829025302822195,4276700
2014-05-23,4.838308811187744,4.921919922995778,4.793716147345261,4.866178827399432,7627600
2014-05-26,5.016679286956787,5.128160942571867,4.921919746787353,4.938641862232998,7978400
2014-05-27,5.016679286956787,5.100290395771481,4.988808740156401,5.0668461648801895,4910100
2014-05-28,4.9553656578063965,5.044551002969599,4.860606095673846,5.044551002969599,6387900
2014-05-29,4.910772323608398,4.983235008100838,4.871753341666488,4.955364990182138,3768600
2014-05-30,4.788142204284668,4.85503120385956,4.754697438703965,4.843882771470486,8726500
2014-06-02,4.866179466247559,4.8717536828562915,4.7769941268540475,4.8104388949198915,4800700
2014-06-03,4.927494525909424,4.93306874222419,4.827160758589744,4.855031308577047,5003400
2014-06-04,4.910772323608398,4.949790773963791,4.8661791254481415,4.8884759903215285,3946000
2014-06-05,4.905197620391846,4.999957160349748,4.899623404726919,4.960938182281724,3688600
2014-06-06,5.1337361335754395,5.1393103503118205,4.983235471212559,5.016680240044277,9380500
2014-06-09,5.267513751983643,5.284235869356243,5.094717298764871,5.133735749829781,6201400
2014-06-10,5.267513751983643,5.278662184623061,5.156032083522092,5.2507916346110415,5838400
2014-06-11,5.339978218078613,5.339978218078613,5.211774402265333,5.284237105020095,4973400
2014-06-13,5.239643573760986,5.306533111170724,5.217347238486595,5.284236244309768,5871300
2014-06-16,5.195050239562988,5.26193923684133,5.117013341864838,5.2396429044152155,5438200
2014-06-17,5.139309406280518,5.217346299909114,5.1225867591431316,5.217346299909114,2158200
2014-06-18,5.2898101806640625,5.312106514756743,5.12816162559549,5.167180608947584,5672500
2014-06-20,5.167181015014648,5.289810596368071,5.1616067981567895,5.2173473719756425,7167700
2014-06-23,5.30653190612793,5.30653190612793,5.183901824173156,5.200623938934939,3211200
2014-06-24,5.351125240325928,5.4904774545887225,5.26193937666507,5.2842357096836565,8472600
2014-06-25,5.328828811645508,5.451458375253064,5.284235614822349,5.356698828728542,5862700
2014-06-26,5.328828811645508,5.378995161346871,5.261939282204021,5.356698828728542,4459100
2014-06-27,5.217347621917725,5.339977740732439,5.200625502129637,5.312107186694558,4792000
2014-06-30,5.239643573760986,5.250792007191464,5.122587680673791,5.217347238486595,4901100
2014-07-01,5.2061991691589355,5.334402959965719,5.178328618065903,5.278662389366201,3277600
2014-07-02,5.384570121765137,5.4068664574657275,5.16718098158102,5.178328883638028,5642800
2014-07-03,5.674422740936279,5.674422740936279,5.384569859366989,5.384569859366989,6136000
2014-07-04,5.635403156280518,5.6688479204317,5.618681039998172,5.6688479204317,998800
2014-07-07,5.852793216705322,5.8750895505531195,5.546218227608214,5.59638511166239,9525900
2014-07-08,5.813774108886719,5.8527925558178335,5.774755130369133,5.797051461699266,4624900
2014-07-10,5.880663871765137,5.958700775830576,5.769182200538411,5.9085344224684535,7920300
2014-07-11,5.925256252288818,5.964274702425245,5.852793036616518,5.880663585965328,5109700
2014-07-14,6.170516014099121,6.203960780160913,5.925256345463225,5.925256345463225,9925500
2014-07-15,6.4102020263671875,6.510535793409319,6.098052824228628,6.170516041360553,11916000
2014-07-16,6.376757621765137,6.633165738623449,6.304294932110587,6.4324987247464644,9450000
2014-07-17,5.953127384185791,6.382331972446182,5.919682615377151,6.348887735224108,14364700
2014-07-18,6.443646430969238,6.5997207574866055,6.382331118290401,6.438072214982708,15729400
2014-07-21,6.532832145690918,6.577424813040082,6.354460944707734,6.465943144667171,5577500
2014-07-22,6.443646430969238,6.610868657873169,6.399053234663495,6.49938699607505,4559400
2014-07-23,6.298720836639404,6.410202513159651,6.192812845255247,6.382331961132948,5916600
2014-07-24,6.354460716247559,6.426923930981332,6.254127484112455,6.298720149858391,5038300
2014-07-25,6.298720836639404,6.3711840592742055,6.281998718058009,6.354461409106245,3269700
2014-07-28,6.4102020263671875,6.415776242666534,6.304294574612236,6.304294574612236,3634800
2014-07-29,6.242979049682617,6.4492202615815195,6.2374048335697125,6.421350244190012,3353800
2014-07-30,6.248554229736328,6.32659167259601,6.203961557126963,6.287572685372874,2905600
2014-07-31,6.382330417633057,6.41020096291956,6.131496573227405,6.187237663800411,5516300
2014-08-01,6.560702323913574,6.644313437558738,6.321016351803908,6.354460584627375,8129100
2014-08-04,6.622016429901123,6.688905420313889,6.493812132920157,6.516108463057746,5578000
2014-08-05,6.521684169769287,6.733499620304368,6.516109953063652,6.594147392182859,5146600
2014-08-06,6.443646430969238,6.594146541500075,6.31544212121153,6.516109112448144,5969700
2014-08-07,6.348887920379639,6.460369600348687,6.2764246955031116,6.415776928361067,7144300
2014-08-08,6.287571430206299,6.393479405201432,6.248552982358873,6.27642353007267,4573700
2014-08-11,6.3154425621032715,6.410202114143622,6.309868345727597,6.309868345727597,6401300
2014-08-12,6.1036272048950195,6.376757431879916,6.064608752921903,6.298720527933682,4613500
2014-08-13,5.969849586486816,6.137072369701143,5.908534796329078,6.086905481578188,6566300
2014-08-14,5.8862385749816895,6.003294472346247,5.858368021973636,5.936404932492285,5706100
2014-08-15,5.824923038482666,5.99772003552793,5.81934882176811,5.958701050112607,4754400
2014-08-18,5.925256252288818,5.98657103558699,5.836070919641838,5.858367252803583,4769000
2014-08-19,5.975423336029053,6.109201339504661,5.941978569366884,5.992145453566871,5743800
2014-08-20,6.014441967010498,6.059034636166792,5.930830845239084,6.020016183551672,3135700
2014-08-21,5.863941192626953,6.070182397549713,5.863941192626953,5.9977191852925555,3223700
2014-08-22,5.808200359344482,5.880663574880188,5.741311359985333,5.852793025583915,3330600
2014-08-25,5.908534526824951,5.930830861464094,5.791478637072813,5.869515542516538,3282800
2014-08-26,5.863941192626953,5.941978089221977,5.830496428667308,5.936403873297621,3139500
2014-08-27,5.852793216705322,5.9364043357379295,5.836071099216108,5.902960100759499,3931800
2014-08-28,5.540643692016602,5.847218663449904,5.535070007565687,5.780329665760429,6890200
2014-08-29,5.484903812408447,5.601959705902038,5.362273702180264,5.5796633705502385,6131900
2014-09-01,5.378995418548584,5.56851452065966,5.373421733817367,5.479329185921866,2912800
2014-09-02,5.546218395233154,5.663274284368536,5.378995620527389,5.401291955049055,5991600
2014-09-03,5.663273334503174,5.702291780475132,5.490476903838965,5.490476903838965,6515000
2014-09-04,5.574090003967285,5.730164375234107,5.5629415687977595,5.596386342719688,5449200
2014-09-05,5.440310955047607,5.613107415198764,5.395718285873984,5.601959513698632,5925500
2014-09-08,5.284235954284668,5.501625609968481,5.239643286183353,5.484903492327121,6069900
2014-09-09,5.30653190612793,5.429161456496259,5.206198154384348,5.206198154384348,6170500
2014-09-10,5.328828811645508,5.356698828728542,5.217346616967364,5.267513498255228,6553500
2014-09-11,5.284235954284668,5.390143939715193,5.222921168541993,5.384569723305894,4153500
2014-09-12,5.239643573760986,5.339977348289028,5.18390300136829,5.217347238486595,4522500
2014-09-15,5.390143871307373,5.395718087645927,5.222921102256445,5.234069534933553,4362200
2014-09-16,5.440310955047607,5.540644194894988,5.3288292821135474,5.378995636243964,3965300
2014-09-17,5.378995418548584,5.535070285926251,5.3511254001329185,5.479329185921866,3798900
2014-09-18,5.568514823913574,5.613107493710928,5.328829356649432,5.378995711481539,8838100
2014-09-19,5.6075334548950195,5.696718788862997,5.496051255848527,5.579662905133397,6990100
2014-09-22,5.42358922958374,5.518348800621124,5.345552311025875,5.451459785462966,6297900
2014-09-23,5.4347357749938965,5.490476867372005,5.3232541218241325,5.3622725675369365,3677900
2014-09-24,5.468181610107422,5.551792733500465,5.37342205341581,5.378995738478537,3756300
2014-09-25,5.3622727394104,5.501624943235784,5.317680076713195,5.490477043354718,4924500
2014-09-26,5.1337361335754395,5.390144255996721,5.105865581480103,5.390144255996721,6010800
2014-09-29,4.894050121307373,5.128161907964557,4.888476436167204,5.044550783409806,7243300
2014-09-30,4.849456310272217,4.910771616674303,4.804863650117849,4.899623185842491,4796800
2014-10-01,4.743549823760986,4.866179397911698,4.665512387094268,4.8438830633764285,5145700
2014-10-02,4.866179466247559,4.89405001770467,4.715679338917647,4.754697792005669,5177600
2014-10-03,4.927494525909424,5.077994645302418,4.899623975922121,5.072420960574179,7672200
2014-10-06,4.977661609649658,5.228495506444766,4.910772605943399,5.044550613355917,6423300
2014-10-07,5.016679286956787,5.122586726894497,4.9999571715111415,5.07242038055756,4964300
2014-10-08,5.033401966094971,5.122587300574933,4.9888092988549895,5.117013615859829,4696600
2014-10-09,4.849456310272217,5.128160702030234,4.821585764779127,5.094716472707679,7331000
2014-10-10,4.698956489562988,4.698956489562988,4.698956489562988,4.698956489562988,6952600
2014-10-13,4.81043815612793,4.8996234818242685,4.743549161855675,4.788141824703845,5465500
2014-10-14,4.994384288787842,5.105865974156333,4.793717255124559,4.832735712106879,4221500
2014-10-15,4.977661609649658,4.994383727679586,4.860605720267069,4.905198389404575,5341700
2014-10-16,4.843883514404297,4.988809968171343,4.760272385008399,4.821587177792951,5007500
2014-10-17,4.7268266677856445,4.94421630490553,4.7268266677856445,4.8829015243988145,5458600
2014-10-20,4.693383693695068,4.760272708068589,4.581902003072534,4.749124804799652,4684700
2014-10-21,4.654364585876465,4.654364585876465,4.654364585876465,4.654364585876465,5774700
2014-10-22,4.620920181274414,4.737976082216159,4.581901724822699,4.626494398363687,4941700
2014-10-23,4.793716907501221,4.983235493091136,4.565178804585328,4.598623573563883,7138400
2014-10-24,5.083569526672363,5.278662870519936,4.810439270555038,4.810439270555038,6910000
2014-10-27,4.698956489562988,5.055697791631324,4.6376411795801395,4.905197687717863,8758100
2014-10-28,4.654364585876465,4.7825683793191835,4.604197699194859,4.715679374272562,5387500
2014-10-29,4.45927095413208,4.687808505477506,4.45927095413208,4.671086388243737,5942900
2014-10-30,4.3477888107299805,4.464844681727627,4.258603220669297,4.464844681727627,5686800
2014-10-31,4.598623275756836,4.665512277795642,4.325493051201744,4.370085719227615,5062400
2014-11-03,4.526159763336182,4.654364074273367,4.45369654960412,4.565178212427869,3376400
2014-11-04,4.659937858581543,4.70453052466661,4.475992978084015,4.57075252641141,3343700
2014-11-05,4.509437561035156,4.698956650023933,4.503863345103372,4.6209192217384105,3519800
2014-11-06,4.303196430206299,4.515012133872725,4.292048263254726,4.487141583597158,3961400
2014-11-07,4.386808395385742,4.409104732237531,4.2697524940171965,4.3477899387917605,4544300
2014-11-10,4.364511966705322,4.459271529228352,4.308771125748627,4.453697312236034,2804000
2014-11-11,4.1694183349609375,4.331066885095267,4.163844118711284,4.319918718389219,5584800
2014-11-12,4.124826431274414,4.286475011315486,4.108104045224889,4.174993057836371,3896900
2014-11-13,4.069085121154785,4.180566796065897,4.035640352888173,4.15269624444148,5426100
2014-11-14,3.924159049987793,4.007770446994137,3.7625104731457366,3.97432594135026,11616000
2014-11-17,3.846121072769165,3.979899067609641,3.77365785933395,3.901861903952697,4493200
2014-11-18,3.701195001602173,3.873991727774379,3.6398802143042532,3.8405472258500755,6850500
2014-11-19,3.5562686920166016,3.7011948615374606,3.5228241913579414,3.628731909673663,8967100
2014-11-21,3.7234914302825928,3.9018623775115593,3.578565251616098,3.6231579219750194,10294000
2014-11-24,3.7680840492248535,3.9743252651694294,3.734639283477874,3.846121215783536,7256500
2014-11-25,3.7234914302825928,3.8461215395629074,3.6510284738459857,3.7903807016142554,7964400
2014-11-26,3.4280648231506348,3.7625101134058303,3.4169166556685706,3.756935896768159,8279200
2014-11-27,3.3444535732269287,3.5061021413361004,3.3054348525203636,3.4615094695533344,4462800
2014-11-28,3.372323751449585,3.439212751694884,3.350027418034485,3.36674953519918,4389000
2014-12-01,3.210675001144409,3.3277306113799665,3.1828044532163164,3.2887121632325287,36593404
2014-12-02,3.1326375007629395,3.311008418629477,3.0713227220093615,3.2608415398372426,26953405
2014-12-03,3.149360418319702,3.2051012565798254,3.110341698640975,3.127064083015653,3085900
2014-12-04,3.088045358657837,3.199527035009163,3.032304520482174,3.199527035009163,4078900
2014-12-05,3.088045358657837,3.2051012517233706,3.0490266390382317,3.0936195753720446,13551100
2014-12-08,2.909674644470215,3.1326382808793944,2.909674644470215,3.082471655387474,5408800
2014-12-09,2.826063632965088,2.9263971539876423,2.7981930775621655,2.90410081598263,4878000
2014-12-10,2.7090070247650146,2.8873776826634545,2.7090070247650146,2.8260629019074885,6014500
2014-12-11,2.6811363697052,2.781469860773912,2.6811363697052,2.748025363751008,7279400
2014-12-12,2.547358751296997,2.7201554772222725,2.508340032877764,2.6811367588030395,9236600
2014-12-15,2.591951370239258,2.636544038543829,2.352265379412284,2.525062367782401,11474100
2014-12-16,2.7814700603485107,2.82606299203856,2.4581729668034917,2.497191682359815,9963800
2014-12-17,3.0824713706970215,3.1716567107064053,2.8149150848755924,2.8316372032307124,13347500
2014-12-18,2.937544107437134,3.249692976133707,2.931970158139033,3.1772297747059652,10155300
2014-12-19,3.1883788108825684,3.1883788108825684,2.870655906014039,2.943119127255144,7126200
2014-12-22,3.2719902992248535,3.2887126837872644,3.0824714470128085,3.2051012925617783,6400900
2014-12-23,3.5061018466949463,3.600861399166691,3.2329716220818163,3.2775642901171627,6017300
2014-12-26,3.372323751449585,3.612009468558537,3.3444532017840802,3.533972301605688,4092300
2014-12-29,3.2496941089630127,3.4893801255785575,3.2329719894462476,3.3890463453047768,4923200
2014-12-30,3.149360418319702,3.3165829331000714,3.0991935309889502,3.266416311562602,5412600
2015-01-02,2.936821222305298,3.225878433566314,2.907915666579059,3.1565047690236154,5823600
2015-01-05,2.792292594909668,2.9136966447463,2.7576057629086925,2.9136966447463,7627400
2015-01-06,3.0177571773529053,3.1044743962403927,2.8096361828226635,2.826979461200297,10139900
2015-01-07,3.3472824096679688,3.353063686084093,3.052444204106421,3.1044743135193813,9987200
2015-01-08,3.237440586090088,3.462905124988687,3.150723370924033,3.3877504624667725,9124600
2015-01-09,3.098693609237671,3.202754113686028,3.0408822178774724,3.1796295571419484,8553900
2015-01-12,3.0466628074645996,3.1333800206194566,2.9830701477288484,3.098693190490798,3910700
2015-01-13,2.9426023960113525,3.2547841512097024,2.925258842648587,3.0986932736105275,8787100
2015-01-14,2.861666202545166,2.9194778637411742,2.786511539189931,2.8790097560372545,7945100
2015-01-15,2.8154172897338867,2.983070457251251,2.803855011824636,2.8443231223402394,7296000
2015-01-16,2.983069896697998,3.0351002753457434,2.8154167606845926,2.8558848635957723,6641600
2015-01-19,2.7865114212036133,2.9772891232065346,2.763386867970921,2.9657268465901883,5926000
2015-01-20,2.9310402870178223,2.994632676438489,2.8038549568435998,2.8558853442481857,8780800
2015-01-21,3.040881872177124,3.0466628728227056,2.838541611919641,2.9310401032467963,6248300
2015-01-22,3.098693609237671,3.191191835413988,3.0408822178774724,3.064006774421552,5477100
2015-01-23,2.8905725479125977,3.0524447318889543,2.8905725479125977,3.040882452723963,4600600
2015-01-26,2.902134418487549,2.913696696024693,2.7922926440514604,2.8616663092743244,6029200
2015-01-27,2.7691681385040283,2.879009914904648,2.746043583016155,2.8443230816728384,6366800
2015-01-28,2.6419827938079834,2.757605558577219,2.6362015177363136,2.7460432821002954,6594900
2015-01-29,2.543703317642212,2.705575189065041,2.5263597650137,2.6651073590425423,7142900
2015-01-30,2.4280805587768555,2.5205790574316955,2.3991750019262077,2.485892223811049,7664000
2015-02-02,2.5205790996551514,2.5205790996551514,2.399175042115965,2.4512051555852925,4262200
2015-02-03,2.630420684814453,2.6882320708800207,2.555265745095998,2.555265745095998,4733300
2015-02-04,2.561047077178955,2.705575698873023,2.555266075657756,2.630421025098624,4668000
2015-02-05,2.561047077178955,2.6246397479109564,2.514797962343488,2.5437037969488894,4117800
2015-02-06,2.6419827938079834,2.653545070284907,2.4858919235363075,2.5379220298492555,9262200
2015-02-09,2.879009485244751,2.9599454173735262,2.6419826890344225,2.6477636892104184,8011100
2015-02-10,2.8905725479125977,3.029319897892492,2.826979874671906,2.8327611520876417,7931100
2015-02-11,2.913696527481079,2.9541646343534143,2.7807302056621777,2.855885143139475,4499500
2015-02-12,2.7865114212036133,3.0061946769141903,2.769167868445885,2.9657268465901883,5892900
2015-02-13,2.8501038551330566,2.9310400685443656,2.717137533861819,2.809636024093826,6218700
2015-02-18,2.9079158306121826,2.9772894990681924,2.8501041645657206,2.8501041645657206,3883200
2015-02-19,2.9772894382476807,2.9830704393343597,2.873228662022981,2.919478049048652,2748400
2015-02-20,3.052443742752075,3.14494194609819,2.931039713027105,2.9426019884453694,7226600
2015-02-23,2.9252586364746094,3.1391608840963303,2.913696360269825,3.0697872268676223,4608500
2015-02-24,2.9946324825286865,3.011976035762659,2.9021342670579706,2.936821097859489,4052500
2015-02-25,2.9946324825286865,3.035100589630338,2.9310400972257824,2.9483833747933286,4891900
2015-02-26,2.9715075492858887,3.029318926574254,2.931039723017229,3.029318926574254,4582300
2015-02-27,2.988851547241211,3.0582252103609866,2.959945716441421,2.9830702708146797,6532400
2015-03-02,2.988851547241211,3.0466629331743573,2.948383439254792,2.994632548001309,4918800
2015-03-03,3.006194591522217,3.0929118015147905,2.983070038946385,3.0293191440980483,4076000
2015-03-04,3.0293197631835938,3.1333805467075817,2.977289647088068,3.0061952058819226,6352100
2015-03-05,2.9252586364746094,3.0986930552127885,2.9252586364746094,3.0697872268676223,9612000
2015-03-06,2.9079158306121826,2.965727220992191,2.8154173303377155,2.9426026648401877,6828500
2015-03-09,2.9946324825286865,2.994632482528686,2.780730221419443,2.826979329154801,6463200
2015-03-10,2.988851547241211,3.0640064867875174,2.948383439254792,2.959945716441421,6313900
2015-03-11,3.0177571773529053,3.0408820079671495,2.9310402341318578,3.0177571773529053,4540500
2015-03-12,3.2178235054016113,3.259925973022047,3.0794871538482904,3.127604095814733,9371900
2015-03-13,3.302027940750122,3.3260866969803344,3.175721119639081,3.1877503543543986,5906900
2015-03-16,3.3561594486236572,3.4102911451497038,3.2358671083430663,3.3381157409813493,5815500
2015-03-17,3.5185546875,3.5546423940569705,3.3621746257531275,3.3621746257531275,5686100
2015-03-18,3.428334951400757,3.572686050688979,3.4163057170267024,3.4884814100705985,5020000
2015-03-19,3.33811616897583,3.45840852467963,3.320072172220461,3.3982623468277304,4177900
2015-03-20,3.5365984439849854,3.536598443984986,3.36818887135731,3.3742036321081024,7170400
2015-03-23,3.56667160987854,3.5847156064571735,3.48246696171064,3.5065254326157542,2975100
2015-03-24,3.5185546875,3.5967448617732347,3.440364513226765,3.578700865094951,3731200
2015-03-25,3.656890869140625,3.717037043935783,3.482466818834874,3.5486277545093405,4892900
2015-03-26,3.6328330039978027,3.692979188805787,3.5305843464244147,3.668920714882593,5358200
2015-03-27,3.374204397201538,3.6328331453379774,3.332101922798081,3.6027599083641304,5490600
2015-03-30,3.4343502521514893,3.4944964334817152,3.3862333070873083,3.4343502521514893,3630400
2015-03-31,3.2599258422851562,3.4584083633365372,3.25391108138077,3.4223206583089754,8401300
2015-04-01,3.3561594486236572,3.4042763847358932,3.3200717465394796,3.356159448623657,6035300
2015-04-02,3.386232614517212,3.4403640232433674,3.265939989660024,3.3140572116826332,5314600
2015-04-06,3.488481044769287,3.5245687441124747,3.4283345923977673,3.452393058626559,3940200
2015-04-07,3.4403648376464844,3.5606574909793474,3.3982626527596635,3.4944965459862543,3595000
2015-04-08,3.374204397201538,3.536599245901096,3.3501459223423176,3.458409059208809,8247800
2015-04-09,3.3982622623443604,3.464423199736439,3.314057615445092,3.3862330270730365,3598900
2015-04-10,3.4403648376464844,3.4463795993729587,3.350145706146368,3.3681894177265415,3047200
2015-04-13,3.4163057804107666,3.446379010303648,3.362174368122986,3.4163057804107666,2725600
2015-04-14,3.560657262802124,3.560657262802124,3.404276909530595,3.404276909530595,3572700
2015-04-15,3.8192856311798096,3.969651209468775,3.5245692353972355,3.5546421789752807,9760200
2015-04-16,3.933563470840454,4.174148451367612,3.849358828035801,3.849358828035801,7843700
2015-04-17,3.698993444442749,3.909505205859902,3.6689202127547587,3.909505205859902,5771800
2015-04-20,3.6809496879577637,3.771169102101746,3.66892045185854,3.711022921605628,4272800
2015-04-22,3.9576220512390137,3.9756660471745717,3.705007828938722,3.717037063962565,5902900
2015-04-23,4.294440746307373,4.3064699808483065,3.933563423279787,3.9636366530319087,6305400
2015-04-24,4.294440746307373,4.462850316680019,4.234294573602704,4.312484741518561,5361300
2015-04-27,4.757566928863525,4.757566928863525,4.300455708127511,4.360601883645462,9003700
2015-04-28,4.727493762969971,5.034239387136954,4.727493762969971,4.835756873828982,13109600
2015-04-29,4.69140625,4.70944995914331,4.547055142855595,4.601186843884695,7611900
2015-04-30,4.829742431640625,4.99213753883711,4.529011548312671,4.595172199245025,7347700
2015-05-04,5.2206926345825195,5.286853277120639,4.968078437838261,4.974093198141484,7248100
2015-05-05,5.443233489990234,5.473306717280609,5.142502364284686,5.142502364284686,6800100
2015-05-06,5.443233489990234,5.653744933824656,5.322941154427835,5.569540585730528,8838600
2015-05-07,5.010181427001953,5.449249249308309,4.992137716758988,5.443234488027585,6689900
2015-05-08,4.823727607727051,5.214677847870906,4.799668853435552,5.112429217630369,7345900
2015-05-11,5.190619468688965,5.190619468688965,4.90793204064983,4.90793204064983,5249900
2015-05-12,5.004166126251221,5.178590169394137,4.950034427758739,5.1184442838684925,4688200
2015-05-13,4.769596576690674,5.034240058669421,4.757567340546167,4.974094164746503,5918700
2015-05-14,4.77561092376709,4.871845091372193,4.6072013455578515,4.757566927716263,5800700
2015-05-15,4.751552581787109,4.817713520026059,4.691406404660609,4.73952334636181,3656500
2015-05-18,4.553070068359375,4.787640303299014,4.51698236196863,4.721479364849517,5240900
2015-05-19,4.300455570220947,4.516982081941609,4.264367866067434,4.516982081941609,4399600
2015-05-20,4.420747756958008,4.480893928364325,4.222265247917379,4.264367711301585,5076600
2015-05-21,4.414733409881592,4.529011282232157,4.348572476036616,4.426762644507989,3911600
2015-05-22,4.3184990882873535,4.529011116757274,4.246323683166015,4.414733248582038,4279300
2015-05-25,4.306469440460205,4.4448057637218925,4.270381741365791,4.288425734312767,2290300
2015-05-26,4.186178207397461,4.396689984025861,4.186178207397461,4.336543803103406,5413400
2015-05-27,4.240309238433838,4.282411414975729,4.132045843212821,4.20422124882712,4630200
2015-05-28,3.9576220512390137,4.174148568467777,3.909505111143641,4.138060863396247,9717200
2015-05-29,3.692978858947754,3.9997248042692743,3.6689203871734706,3.9696515711516174,13567300
2015-06-01,3.795227527618408,3.8674029433259833,3.656891170779086,3.7170373505353984,4713200
2015-06-02,4.059870719909668,4.101973186178805,3.813271256846578,3.8373297270576314,5725300
2015-06-03,3.9155189990997314,4.114001476141741,3.867401782932392,4.077913779115878,10278500
2015-06-05,3.7230517864227295,3.879431840117603,3.6689200859747126,3.813271191569563,4891600
2015-06-08,3.644862174987793,3.741096068938744,3.5907304662405695,3.7350815939666226,7503300
2015-06-09,3.6809496879577637,3.759139866002523,3.6208035074616456,3.6448619796600927,3736500
2015-06-10,3.650876998901367,3.78319860533618,3.6268185250041287,3.729066895667577,3413800
2015-06-11,3.6689202785491943,3.741095691735175,3.6147888620595077,3.7050079851421844,3450400
2015-06-12,3.7230517864227295,3.7230517864227295,3.6087739114766846,3.656890851075107,6000400
2015-06-15,3.6328330039978027,3.692979188805787,3.572686819189819,3.662906239801611,3477700
2015-06-16,3.476452112197876,3.6208029220499074,3.476452112197876,3.614788448372522,5053100
2015-06-17,3.4223203659057617,3.476452062221882,3.3321009676454154,3.470437301831397,3354900
2015-06-18,3.470437526702881,3.4944959962245985,3.3501451790942944,3.4343498224203053,4553800
2015-06-19,3.428334951400757,3.500510644444653,3.3742035401172976,3.398262008865406,3260000
2015-06-22,3.4163057804107666,3.518554417887073,3.3982620719146985,3.470437479498123,2516900
2015-06-23,3.4223203659057617,3.458408067849988,3.398261897942944,3.4463788338685797,1995300
2015-06-24,3.374204397201538,3.4463798217791988,3.320072685368471,3.4463798217791988,2214100
2015-06-25,3.2358670234680176,3.344130126880866,3.2057937957868936,3.3321008931683274,4429100
2015-06-26,3.3621740341186523,3.386232500923117,3.2238377065932102,3.2478961733976743,2726500
2015-06-29,3.205794095993042,3.320071970363473,3.199779621973325,3.2779695050271305,2662600
2015-06-30,3.1215896606445312,3.2178235457851474,3.0794871924957117,3.2178235457851474,3889700
2015-07-01,3.043398857116699,3.1576767155230003,3.043398857116699,3.1095597828886716,2571400
2015-07-02,2.977238655090332,3.0674580691111686,2.9591949443659313,3.037385122303964,3592700
2015-07-03,2.8629603385925293,2.959194203150416,2.856945578657892,2.959194203150416,2700400
2015-07-06,2.935136556625366,3.0012972135840013,2.778756196251242,2.7907854326800496,4856700
2015-07-07,2.9652090072631836,2.965209007263184,2.7967997254889787,2.9050628352009675,5207100
2015-07-08,2.802814245223999,2.983253051166997,2.784770536709445,2.868975178976375,5776200
2015-07-10,2.7186100482940674,2.935136593535081,2.70658081171399,2.935136593535081,5602600
2015-07-13,2.9170920848846436,2.9772382572617304,2.6584634002633845,2.7306388071158887,7789400
2015-07-14,2.881004810333252,2.9170925191316264,2.7968001564703777,2.887019571866122,4302100
2015-07-15,2.790785074234009,2.971223884290344,2.772741365308125,2.874990005220076,3932600
2015-07-16,2.760711669921875,2.8749895256554105,2.706579978574533,2.80882860143083,3853100
2015-07-17,2.7005655765533447,2.8268726818994487,2.6945511027175924,2.766726509544059,4214400
2015-07-20,2.5923023223876953,2.7426678883275817,2.5923023223876953,2.724624181022547,3896800
2015-07-21,2.441936731338501,2.6464339906898537,2.435922257898519,2.5983170559717834,7670900
2015-07-22,2.357732057571411,2.4599806855986737,2.357732057571411,2.4118637516563264,7088700
2015-07-23,2.4178788661956787,2.4900542862493706,2.351718064479795,2.36374730115541,7049000
2015-07-24,2.38179087638855,2.4780247584892297,2.345703170600795,2.435922578469978,5026900
2015-07-27,2.2855567932128906,2.3817908162849357,2.2855567932128906,2.3517177288873565,4804600
2015-07-28,2.526141881942749,2.526141881942749,2.2975862520506993,2.3156301062474554,7711100
2015-07-29,2.4960687160491943,2.574258887442446,2.4659954849596093,2.544185656352861,6034500
2015-07-30,2.49005389213562,2.5622295875653154,2.4178784835055045,2.514112361678992,5534100
2015-07-31,2.616360902786255,2.634404897668728,2.429907627398683,2.4780245646858536,6336600
2015-08-03,2.616360902786255,2.6704926006341063,2.544185496855498,2.59831719470335,5055100
2015-08-04,2.6283907890319824,2.6825225003062085,2.592303077115712,2.6223763137790908,2789400
2015-08-05,2.622375965118408,2.760712319137947,2.616361203865575,2.68853661810196,5943400
2015-08-06,2.5381710529327393,2.634405226311904,2.5141125812878493,2.5802735217110992,5017000
2015-08-07,2.4178788661956787,2.5261419962762166,2.399835011182256,2.5020835229249863,5522600
2015-08-10,2.4058494567871094,2.459981161340693,2.3817909851632066,2.4238934539048387,3908600
2015-08-11,2.351717948913574,2.3938202752092694,2.2975862431335896,2.375776421082543,5128100
2015-08-12,2.39382004737854,2.435922513066958,2.2855567895222815,2.3216444943411036,7174800
2015-08-13,2.177293300628662,2.36976132603876,2.1472202164707643,2.315629631154768,15966400
2015-08-14,2.081059694290161,2.183308336747128,2.063015841515366,2.1532351053893417,6847700
2015-08-17,2.0570011138916016,2.1111326693204067,2.044971879351867,2.075044965701203,5118400
2015-08-18,1.9727959632873535,2.0630153490235683,1.9727959632873537,2.0509861167120413,6473800
2015-08-19,1.8705476522445679,1.9848255213597734,1.8645330351016511,1.9667816699310228,6502300
2015-08-20,1.8946062326431274,1.91866470081387,1.8284453017738043,1.8344599188164898,4185300
2015-08-21,1.8344601392745972,1.8885918425638815,1.8224309037436004,1.8705478458675875,4200500
2015-08-24,1.7081528902053833,1.7682992065913583,1.654021334517815,1.6840944210109086,7651700
2015-08-25,1.648006558418274,1.780328269637233,1.648006558418274,1.7622844194800713,4611500
2015-08-26,1.8645333051681519,1.8885919206243502,1.6600361492890026,1.6961238573735928,8240700
2015-08-27,2.0930891036987305,2.1051183398832216,1.9126504175315586,1.9126504175315586,8828900
2015-08-28,1.9968549013137817,2.12917663151045,1.9848256661504298,2.0449719853669848,6479000
2015-08-31,2.1051182746887207,2.141205982124575,1.9186649762036723,1.9547526836395264,6880500
2015-09-01,2.123162269592285,2.1652645977338274,2.01489899668565,2.020913614991585,5717300
2015-09-02,2.2314252853393555,2.249469138177704,2.1291766425222525,2.1652643481989493,5629500
2015-09-03,2.315629720687866,2.333673715280047,2.2254104647258743,2.285556635367202,5735900
2015-09-04,2.4238932132720947,2.4238932132720947,2.213381320661974,2.213381320661974,10172200
2015-09-08,2.562229871749878,2.6464345244910685,2.4659956961031915,2.4840396936618236,6149700
2015-09-09,2.604332208633423,2.7426685754264044,2.5862884968080415,2.6704931545256216,6713700
2015-09-10,2.802814245223999,2.8088290059285677,2.4720101500612714,2.4720101500612714,10697000
2015-09-11,3.0855021476745605,3.1155750952716184,2.802814662104582,2.8268731349020757,12008900
2015-09-14,2.959195137023926,3.241882346773941,2.8509317184306027,3.1516629268793817,13217700
2015-09-15,2.959195137023926,3.00731208448779,2.8028147709667386,2.9050634277272644,10569700
2015-09-16,3.097531318664551,3.145648263243481,2.995282668034518,3.0494143740856208,7065500
2015-09-17,3.2599258422851562,3.2960135473127177,3.0554285603293896,3.08550179125215,8500200
2015-09-18,3.4584083557128906,3.4584083557128906,3.2118088951683603,3.2358673651337004,14050700
2015-09-21,3.4042770862579346,3.5185549764736104,3.404277086257934,3.5125405016199545,5413400
2015-09-22,3.079486846923828,3.2659401218602775,3.043399144045764,3.2659401218602775,11067600
2015-09-23,2.4479520320892334,3.079487369907114,2.4479520320892334,3.079487369907114,13003800
2015-09-24,2.526141881942749,2.7005659492445306,2.3156301062474554,2.3156301062474554,17095600
2015-09-25,2.4118638038635254,2.6704924728016923,2.3577321086068754,2.5923023100530993,11089500
2015-09-28,2.38179087638855,2.4900539937518147,2.3216445566758295,2.345703170600795,7211200
2015-09-29,2.3637468814849854,2.4840393702836727,2.3637468814849854,2.417878436914491,5363300
2015-09-30,2.357732057571411,2.496068386055434,2.357732057571411,2.4780243924272796,6939100
2015-10-01,2.219395875930786,2.459980848360059,2.219395875930786,2.3697614478491356,9003600
2015-10-02,2.2735276222229004,2.321644563412868,2.141205890550694,2.1772935964431697,8487000
2015-10-05,2.4599807262420654,2.496068427295061,2.31562963523053,2.3276588689148614,6839000
2015-10-06,2.67049241065979,2.688536117459096,2.5080976154682952,2.5080976154682952,7173800
2015-10-07,2.8268728256225586,2.9772384075556646,2.7426681800439034,2.79679988131569,8080900
2015-10-08,3.0073118209838867,3.0373850539135674,2.8268729970050117,2.8629609912404703,8094000
2015-10-09,3.205794095993042,3.30202797470516,3.097530982441909,3.1276039261396553,12100400
2015-10-13,2.802814245223999,3.121589392576741,2.7366535982711993,3.079486928043488,8759100
2015-10-14,2.67049241065979,2.9531795405118193,2.67049241065979,2.862960432916193,21449200
2015-10-15,2.8208584785461426,2.8810046566687424,2.6223759473417623,2.7246245935499824,10290500
2015-10-16,3.019340753555298,3.0313699881591205,2.8328874737962555,2.9170921160230154,17118700
2015-10-19,3.0855021476745605,3.151662804467859,2.9892679696849673,3.0674581496766313,8415500
2015-10-20,2.887019395828247,3.127604106480936,2.856946163596862,3.127604106480936,8134200
2015-10-21,2.8148434162139893,2.9471652807280737,2.7967997081072493,2.8870191090396577,7580800
2015-10-22,2.887019395828247,2.995282515621957,2.802814460300208,2.802814460300208,7631600
2015-10-23,2.959195137023926,3.055429031951654,2.959195137023926,3.001297322654992,7253500
2015-10-26,2.983253240585327,3.0313701820787045,2.93513629909195,3.007311711332016,4220700
2015-10-27,2.959195137023926,3.0253560831865536,2.94716590015796,2.971224373889892,4697000
2015-10-28,2.9110782146453857,2.9110782146453857,2.862961266766889,2.868975741851885,489500
2015-10-29,2.5923023223876953,2.796799583841799,2.5802730885844865,2.700565426616573,5487500
2015-10-30,2.6103463172912598,2.706580187746384,2.5622293820636974,2.5622293820636974,5295800
2015-11-03,3.043398857116699,3.1095597828886716,2.652448349263467,2.7065800418768573,12678800
2015-11-04,2.983253240585327,3.2057942383919937,2.923107063718606,3.1276040650654586,10575000
2015-11-05,2.977238655090332,3.0433995969455605,2.9291217107591154,2.9832534165315394,5142900
2015-11-06,3.0073118209838867,3.1095604687852756,2.8749902270524217,2.9952825851719354,8940600
2015-11-09,3.043398857116699,3.1456474823644185,2.9952819244823705,3.001296397661891,6368600
2015-11-10,3.1035451889038086,3.1155744227057784,3.031369786091989,3.0554282536959287,4466200
2015-11-11,3.2118091583251953,3.283984574134847,3.1456482170998767,3.1456482170998767,6254000
2015-11-12,3.2599258422851562,3.283984312303531,3.1937649063348346,3.241881846371583,6377500
2015-11-13,2.9471654891967773,3.1576772483966353,2.9471654891967773,3.1576772483966353,7970300
2015-11-16,2.959195137023926,3.0614437937844516,2.923107426426028,2.94716590015796,6379500
2015-11-17,2.9531798362731934,3.031370005033071,2.893033662919279,3.0073115356915054,5331400
2015-11-18,3.464423418045044,3.512540362162401,3.1697067051268153,3.17572146654129,15426700
2015-11-19,3.524569511413574,3.692978811677932,3.4223208642818417,3.554642457346694,9973300
2015-11-23,3.446378469467163,3.5546415638526887,3.3501446077911403,3.51855386572418,5987800
2015-11-24,3.6268179416656494,3.668920120814274,3.356159723655015,3.44036436875185,6157900
2015-11-25,3.6689202785491943,3.8313151016174496,3.548627923239226,3.548627923239226,8377300
2015-11-26,3.620803117752075,3.819285635426259,3.6208031177520756,3.698993287381172,4633700
2015-11-27,3.5365984439849854,3.7110224905638756,3.536598443984986,3.5847153827930134,5768100
2015-11-30,3.3080437183380127,3.7110236353689534,3.3080437183380127,3.572687250221014,12289700
2015-12-01,3.0915167331695557,3.4223211761793677,3.0915167331695557,3.3681894670469474,8039600
2015-12-02,2.9952824115753174,3.157677229024599,2.9291214750442505,3.0734725832211605,8719900
2015-12-03,3.025355577468872,3.1396331651931213,3.01332634261371,3.1276039303379592,5331800
2015-12-04,2.929121494293213,3.0855018386125663,2.8930337887117292,3.031370136840546,5206600
2015-12-07,2.923107147216797,3.061443501361614,2.905063150241559,2.9712240900846285,5886100
2015-12-08,2.7366535663604736,2.9531797868077776,2.736653566360474,2.917092083399894,6371500
2015-12-09,2.796799659729004,2.862960590841613,2.7306387286163947,2.796799659729004,6311600
2015-12-10,2.7787561416625977,2.917092501276083,2.7607124307736637,2.778756141662597,5051300
2015-12-11,2.712594985961914,2.8148433313497687,2.6885362312123213,2.7727411558369934,4771300
2015-12-14,2.67049241065979,2.736653338122858,2.6464339437276836,2.7125948711907513,3627200
2015-12-15,2.652449369430542,2.7486835585116816,2.652449369430542,2.6885370827861,3039400
2015-12-16,2.580273151397705,2.6765070241660562,2.580273151397705,2.6283900877818804,4355000
2015-12-17,2.5862884521484375,2.700566056534869,2.5862884521484375,2.622376161975672,6757100
2015-12-18,2.520127534866333,2.5983177170773724,2.4840398246457673,2.556215245086899,6094300
2015-12-21,2.4118638038635254,2.5983170703258627,2.4118638038635254,2.5321561413232416,5193900
2015-12-22,2.4178788661956787,2.4720105746357603,2.375776537831025,2.423893627933299,3638900
2015-12-23,2.604332208633423,2.6584639177088243,2.435922893198263,2.435922893198263,5438300
2015-12-28,2.5501997470855713,2.688536073060466,2.5381705138181694,2.6163606734560543,3462000
2015-12-29,2.526141881942749,2.5862883493982145,2.5141126458115783,2.5321566434081406,2452300
2015-12-30,2.4058494567871094,2.5381710507185744,2.4058494567871094,2.496068868776547,4545700
2016-01-04,2.3216445446014404,2.393820099201376,2.3036006918014054,2.393820099201376,4417300
2016-01-05,2.207366704940796,2.3457030465441573,2.207366704940796,2.321644433891574,4163300
2016-01-06,2.032942533493042,2.195337334286891,2.0148985392716994,2.1171471706603375,4565700
2016-01-07,1.9848257303237915,2.026928054756776,1.8885918459055417,1.9066356992339635,6308300
2016-01-08,2.0570011138916016,2.1833082199586,2.0570011138916016,2.0810595829710703,7965500
2016-01-11,2.026928424835205,2.1351917079723437,1.9908407115894342,2.069030900355097,4962200
2016-01-12,1.9727959632873535,2.087073813646623,1.96678134713159,2.057000732867805,5125300
2016-01-13,1.9246796369552612,2.0570013772321647,1.918665018915393,1.9968550534336782,5411800
2016-01-14,1.9848257303237915,2.0810597581418406,1.9006210814578228,1.9487380236669478,8097600
2016-01-15,1.9066355228424072,1.9607670778197155,1.858518441685014,1.918664757281809,5745100
2016-01-18,1.9246796369552612,1.9848258173539421,1.9006211647957887,1.9246796369552612,3302200
2016-01-19,1.9727959632873535,2.038956884400514,1.96678134713159,2.014898276377699,4142100
2016-01-20,1.9367085695266724,1.972796272110452,1.9006208669428932,1.9367085695266726,4358200
2016-01-21,1.9968549013137817,2.069030455693689,1.9066356375886409,1.9066356375886409,4567900
2016-01-22,2.075045108795166,2.141205903326117,2.026928023918314,2.069030491110534,5386800
2016-01-26,2.0570011138916016,2.099103434780672,1.9968547977931426,2.014898649602744,3064700
2016-01-27,2.0930891036987305,2.1472206665289404,2.0690306313297486,2.0690306313297486,4563100
2016-01-28,2.075045108795166,2.183308370518337,2.0148987885490497,2.1111328149029576,4225600
2016-01-29,2.1351912021636963,2.195337520058322,2.0870742625678287,2.1171473498152458,4600600
2016-02-01,2.255483865737915,2.333674041915401,2.081059803064818,2.1231621284066478,6605300
2016-02-02,2.2675130367279053,2.375776299340321,2.1953376239194937,2.237439948057734,6921300
2016-02-03,2.2795422077178955,2.3697616145763036,2.24345450233445,2.327659148229156,4275100
2016-02-04,2.5020830631256104,2.634404929040661,2.303600551052608,2.303600551052608,6666300
2016-02-05,2.6344048976898193,2.7065803036211538,2.5441854968758673,2.5742587260803744,7697500
2016-02-10,2.616360902786255,2.6644778400734257,2.4960685595683274,2.556214731177291,4492700
2016-02-11,2.3336739540100098,2.6043318929835095,2.3336739540100098,2.5682441869070156,7037500
2016-02-12,2.4178788661956787,2.4840398113113755,2.351718064479795,2.36374730115541,5393200
2016-02-15,2.4659953117370605,2.5321562434069556,2.4599808380213792,2.5261414828917075,2288200
2016-02-16,2.664478063583374,2.6945512953103354,2.4720102982895167,2.4720102982895167,4644800
2016-02-17,2.7366535663604736,2.941150552338483,2.6945511023181563,2.7486828008297683,10137700
2016-02-18,2.760711669921875,2.8268723073469206,2.658463047065578,2.706579978574533,7731100
2016-02-19,2.7847707271575928,2.826872907770603,2.7186097888805256,2.7667267306094487,4972400
2016-02-22,3.079486846923828,3.079486846923828,2.887019098240819,2.8990483325335075,6321500
2016-02-23,3.1396331787109375,3.175721170231384,3.0313700645483475,3.061443295215525,7672300
2016-02-24,3.1456477642059326,3.2539108723332535,2.9772381980972007,3.0193406613242755,8301100
2016-02-25,3.1396331787109375,3.277969523540705,3.043399299455302,3.0674577692692107,5859700
2016-02-26,3.0073118209838867,3.289999005964546,3.0073118209838867,3.217823591092838,7686800
2016-02-29,3.1276044845581055,3.2298531423455183,3.043399825650673,3.049414587543877,9042300
2016-03-01,3.247896671295166,3.338116079042175,3.229852675025928,3.229852675025928,6772400
2016-03-02,3.3982622623443604,3.428335207122875,3.2478966780530136,3.283984383866986,9632400
2016-03-03,3.9095053672790527,3.9095053672790527,3.9095053672790527,3.9095053672790527,10046500
2016-03-04,4.547055244445801,4.643289126825736,4.138060957531486,4.216251130364979,15861000
2016-03-07,4.9500346183776855,5.166561420685757,4.6914062108196175,4.709449919812235,16131700
2016-03-08,4.276397228240967,4.901917739011417,4.228280287935516,4.6914062685748625,10444400
2016-03-09,4.101972579956055,4.50495203983542,4.023782419925913,4.414732933277074,13920100
2016-03-10,4.408719062805176,4.504952948845251,4.065885700387607,4.270382708222766,11355700
2016-03-11,4.24632453918457,4.541041266374802,4.24632453918457,4.492924033127701,8235900
2016-03-14,4.162119388580322,4.3906751438606495,4.120016922039339,4.294440975595487,9687100
2016-03-15,3.650876998901367,4.065886103828182,3.6087745261813837,4.065886103828182,7854200
2016-03-16,4.0358123779296875,4.059870848905158,3.5546423848210895,3.57870085579656,8957200
2016-03-17,4.769596576690674,4.841772280357323,4.252339135677298,4.450821675461455,13552600
2016-03-18,4.7635817527771,4.907932575928119,4.583142937038734,4.793654697533767,13617600
2016-03-21,4.751552581787109,5.052283467419615,4.751552581787109,4.7695962915252625,8893100
2016-03-22,4.895904064178467,4.956049959056798,4.679377523338236,4.679377523338236,6930000
2016-03-23,4.571113586425781,4.847786564082677,4.571113586425781,4.781625341608627,8347500
2016-03-24,4.685392379760742,4.733509329022527,4.336544210813161,4.4869098206560585,6968900
2016-03-28,4.69140625,4.931990950574699,4.673362254057104,4.853800779488129,5155200
2016-03-29,4.4508209228515625,4.799668998853519,4.4508209228515625,4.637274194962968,8619100
2016-03-30,4.480894088745117,4.679376891689438,4.414733441229921,4.541040549103772,7736800
2016-03-31,4.288425445556641,4.288425445556641,4.288425445556641,4.288425445556641,78700
2016-04-01,4.420747756958008,4.420747756958008,4.420747756958008,4.420747756958008,63400
2016-04-04,4.180163860321045,4.180163860321045,4.180163860321045,4.180163860321045,99000
2016-04-05,4.571113586425781,4.571113586425781,4.571113586425781,4.571113586425781,117000
2016-04-06,4.6192307472229,4.6192307472229,4.6192307472229,4.6192307472229,48500
2016-04-07,4.565098762512207,4.565098762512207,4.565098762512207,4.565098762512207,84800
2016-04-08,4.962064266204834,5.010181207140704,4.6914063300407705,4.721479274725894,8428700
2016-04-11,5.40714693069458,5.40714693069458,5.40714693069458,5.40714693069458,121500
2016-04-12,6.483763694763184,6.483763694763184,6.483763694763184,6.483763694763184,151200
2016-04-13,7.8190107345581055,7.8190107345581055,7.8190107345581055,7.8190107345581055,155300
2016-04-14,6.892756938934326,8.203944738267788,6.790508317503787,8.089666597328215,19745800
2016-04-15,7.169432163238525,7.277695583461693,6.76645229196259,6.934861610621419,8164800
2016-04-18,7.277693271636963,7.572409629070429,7.0431227935332785,7.193488352256364,8483900
2016-04-19,7.999448776245117,7.999448776245117,7.999448776245117,7.999448776245117,92400
2016-04-20,8.215974807739258,8.492647484693249,7.831039308393975,8.059594474330666,13808500
2016-04-22,8.059596061706543,8.420473737018463,7.758864856813027,7.819011327231431,8801800
2016-04-25,7.319796085357666,8.041550715696482,7.277693908780969,7.945316841464525,9293600
2016-04-26,7.397986888885498,7.572410944356818,7.037109255827986,7.446103830146607,9272000
2016-04-27,7.788937091827393,7.879156785869686,7.2536359829596675,7.422045275466432,8404000
2016-04-28,7.794951915740967,8.24604866879635,7.764878684150772,7.9152442685025655,7640200
2016-04-29,7.9032158851623535,8.209961263239117,7.891186362226405,7.921259595967051,10579300
2016-05-02,7.758863925933838,8.173873260111218,7.722776506891829,7.93930274194143,8599500
2016-05-03,7.3498687744140625,7.590453442316694,7.3498687744140625,7.506248521751226,6490700
2016-05-04,7.079211711883545,7.548352156247202,7.0491384814604165,7.175445590358227,8427500
2016-05-05,6.628116130828857,7.391973104470721,6.628116130828858,7.391973104470721,8780500
2016-05-06,6.700290203094482,6.916816423777925,6.285280896452285,6.477749221770046,11041300
2016-05-09,6.026651859283447,6.555938120372659,5.984549112861129,6.555938120372659,10263000
2016-05-10,6.297309875488281,6.375500036290991,6.056724632957074,6.146944314005938,10057100
2016-05-11,5.984549522399902,6.513836393308718,5.984549522399902,6.465719457189655,10397800
2016-05-12,5.792082786560059,6.20709157625661,5.792082786560058,6.044697031975081,10452700
2016-05-13,5.052283763885498,5.834184972810432,5.046269576019331,5.7800532668203575,11606600
2016-05-16,5.004166126251221,5.3169267959414945,4.944020240725576,5.022210408148145,8908200
2016-05-17,4.962064266204834,5.190620022449807,4.811698682380445,5.142503081513937,9184700
2016-05-18,4.697420120239258,5.0462684648256575,4.697420120239258,4.883873382615004,10758800
2016-05-19,4.480894088745117,4.673362130933741,4.450821145365367,4.601186722662849,9574800
2016-05-20,4.378646373748779,4.733508992744076,4.372631612118537,4.631260339426922,8420000
2016-05-23,4.348573207855225,4.504953284315498,4.240310077998113,4.276397787950483,7558900
2016-05-24,4.120016574859619,4.492923120914746,4.071899638181482,4.474879413060227,9866600
2016-05-25,4.059870719909668,4.312484943925314,4.059870719909668,4.186177831917491,8185800
2016-05-27,3.8674027919769287,4.180163201269624,3.8553735564964247,4.16813396578912,6803700
2016-05-30,3.9034905433654785,3.945593011431832,3.8613883620987246,3.891461307746463,2644100
2016-05-31,3.933563470840454,4.053855817704244,3.8192855979200644,3.933563470840454,11110700
2016-06-01,3.8313148021698,4.011753607831625,3.765154155320096,3.9095049704098956,8200800
2016-06-02,4.095958232879639,4.150089931712272,3.759139378942353,3.873417250478149,9832500
2016-06-03,4.414733409881592,4.48089405692699,4.144075200588279,4.210236134433255,13799000
2016-06-06,4.444806098937988,4.583142432632654,4.34255746705938,4.571113198693968,8587900
2016-06-07,4.204221725463867,4.529011661149106,4.180163254198235,4.3545873142738705,9092000
2016-06-08,4.895904064178467,4.913947775282042,4.270382914328955,4.300456148567738,15755500
2016-06-09,4.5350260734558105,4.82974248582329,4.456835899513567,4.799669540552917,11263500
2016-06-10,4.180163860321045,4.390675944618933,4.180163860321045,4.330529470934026,9147000
2016-06-13,4.210236549377441,4.348572904614684,4.035812486704344,4.1079879015760525,7717900
2016-06-14,4.011754035949707,4.372631398985148,3.981680802863585,4.156104866444041,8151900
2016-06-15,4.234294891357422,4.3305287749065835,4.05385607290315,4.05987083402477,12764300
2016-06-16,4.354586601257324,4.438791523698991,4.162118862646779,4.1861773299730975,10124300
2016-06-17,4.408719062805176,4.583143124652613,4.408719062805176,4.504952948845251,9787700
2016-06-20,4.474879741668701,4.72147920365273,4.474879741668701,4.625245323229613,8243500
2016-06-21,4.498938083648682,4.51096731835899,4.300455567528819,4.474879614228067,8126100
2016-06-22,4.462850570678711,4.661333095300339,4.456835809666133,4.553069978270249,9059100
2016-06-23,4.85981559753418,4.85981559753418,4.5410407221254,4.619230607331583,7813300
2016-06-24,4.432776927947998,4.691405891501802,4.426762454293025,4.571113263607141,10645900
2016-06-27,4.390675067901611,4.5410406484900285,4.252338722288284,4.510967417652511,9344000
2016-06-28,4.516982555389404,4.619230917808405,4.474880086064209,4.522997029978941,6907600
2016-06-29,4.703435897827148,4.775611314334054,4.613216483793711,4.631260194520632,8357300
2016-06-30,4.703435897827148,4.793655025060976,4.577128775540258,4.703435897827148,7676800
2016-07-01,5.268809795379639,5.268809795379639,4.679376740007938,4.739522911617383,11016300
2016-07-04,5.593599319458008,5.737950129013266,5.449248509902749,5.503379633286625,7606500
2016-07-05,5.178590297698975,5.551496862154033,5.160546588954145,5.425190327341062,12262800
2016-07-06,5.449249267578125,5.50338039848851,4.847786903870126,5.010181443799697,16078500
2016-07-07,5.13648796081543,5.707877024616845,5.136487960815429,5.533452982538536,12928900
2016-07-08,5.449249267578125,5.491351449485938,5.274825205046773,5.383088040466752,8484100
2016-07-11,5.497365951538086,5.683818954279124,5.497365951538086,5.5875850723999845,7860700
2016-07-12,5.7559943199157715,5.864257722968465,5.6296872075540225,5.647731490462256,10537900
2016-07-13,5.798096179962158,5.810125126448861,5.383086914587761,5.755993433260976,15394800
2016-07-14,5.882300853729248,5.98454948575596,5.725921099099383,5.894330374484918,11839700
2016-07-15,6.164988994598389,6.164988994598389,5.780052889903367,5.930418475137474,13487400
2016-07-18,6.303325176239014,6.3333984085712896,5.996579812527555,6.104842645884871,10635300
2016-07-19,6.261222839355469,6.405573662639938,6.122886777107649,6.14694524765506,12134600
2016-07-20,6.164988994598389,6.369486282292644,6.074769872897599,6.261222877372347,8045100
2016-07-21,6.495793342590332,6.604056173007397,6.2191206451259555,6.25520806406525,9062200
2016-07-22,6.543910503387451,6.622100678514596,6.38151539190818,6.483764038336046,5335800
2016-07-25,6.604055881500244,6.736377750168311,6.465719825673886,6.6160854030151395,5997200
2016-07-26,6.742393970489502,6.850657393163323,6.6100720731769735,6.664203784513885,6262300
2016-07-27,6.826596260070801,7.067180912767959,6.8265962600708,6.856668911458652,7025400
2016-07-28,6.826596260070801,6.958917532254708,6.489777172695721,6.910800601715277,6868000
2016-07-29,6.658186435699463,6.784493521881252,6.537894109240392,6.766449816312156,7733700
2016-08-01,6.423618316650391,6.826598151787025,6.375501372777289,6.706305218505055,6439000
2016-08-02,6.038681507110596,6.519851464862661,5.9965793293970036,6.2973104812921505,7514500
2016-08-03,6.381515979766846,6.471735685654899,5.900346509427582,6.008609353454289,7032000
2016-08-04,6.549925327301025,6.736378338266337,6.423618208363566,6.483764100391419,8388000
2016-08-05,6.628116130828857,6.7363789761706725,6.555940135801967,6.682247266700134,4409400
2016-08-08,6.459704399108887,6.748406576118861,6.405572705069574,6.66420165499114,5475100
2016-08-09,6.5799970626831055,6.706304163887035,6.465719482355325,6.465719482355325,4492600
2016-08-10,6.315354824066162,6.694276182342037,6.231149886582898,6.616086006164551,6801100
2016-08-11,6.604055881500244,6.604055881500244,6.237164079283282,6.351442239278162,5881600
2016-08-12,6.483763694763184,6.694275737688922,6.417603045591834,6.525866447507833,5679700
2016-08-15,6.706305027008057,6.772466253143765,6.489778785761959,6.598042193184608,6149100
2016-08-16,6.33339786529541,6.856669998033859,6.291295687801247,6.676231766716507,10893100
2016-08-17,6.219120979309082,6.291296394665183,5.966506738763123,6.243179451094449,11684500
2016-08-18,6.122887134552002,6.351442904894723,6.074770190648189,6.164989317068034,6360400
2016-08-19,6.068755626678467,6.152959994449719,5.918390028687818,6.116872572147535,4688800
2016-08-22,5.563526153564453,6.014622868718328,5.539467685033546,6.014622868718328,10001300
2016-08-23,5.647731781005859,5.834184791856134,5.6056290256532115,5.695848724038137,6028400
2016-08-24,5.250765800476074,5.563526483526232,5.202648860560538,5.563526483526232,9179100
2016-08-25,5.310912132263184,5.431204479109629,5.196634546158848,5.208663494043916,6530400
2016-08-26,5.292868137359619,5.5214238708055055,5.142502568534625,5.365043541563722,8333400
2016-08-29,5.443233489990234,5.479320903859403,5.20866300544423,5.20866300544423,4528000
2016-08-30,5.274825096130371,5.509395046029516,5.220693392738507,5.4432343938834595,5753000
2016-08-31,5.172576904296875,5.377073639851582,5.106415672747509,5.292869270387658,6371200
2016-09-01,5.292868137359619,5.292868137359619,5.03423917542891,5.172575797019449,6924100
2016-09-02,5.834184169769287,5.852227878082627,5.353014217153449,5.383087446741778,8981100
2016-09-05,5.840198993682861,5.894330692808519,5.6838186570085485,5.888315932105857,4066000
2016-09-06,5.6958489418029785,5.882301959781762,5.479322116280224,5.8281702534010735,6112400
2016-09-08,5.563526153564453,5.774038183409249,5.515409216502637,5.689833256751504,6153500
2016-09-09,5.202649116516113,5.491351343811833,5.148517986647414,5.485336582626689,9197300
2016-09-12,5.2868547439575195,5.322942742190357,4.992138290519897,5.166562372513518,7899300
2016-09-13,4.895904064178467,5.208664208903797,4.7515529413517745,5.166562025129042,10328900
2016-09-14,4.96807861328125,5.052282966103524,4.847786270964334,4.950034331734362,6574000
2016-09-15,4.974092960357666,5.130472705572037,4.956048680310592,4.980107146774271,4527800
2016-09-16,4.817712783813477,4.93199035949085,4.703434921336552,4.93199035949085,8681700
2016-09-19,5.112430095672607,5.226707692486343,4.956049743317635,4.992137737553094,11336100
2016-09-20,5.106415271759033,5.232722389635722,5.058298329101171,5.148518026784064,5048200
2016-09-21,5.328956127166748,5.35301459782848,5.106415130145929,5.2026490127928575,6507600
2016-09-22,5.35301399230957,5.491350613165644,5.3289555243692694,5.401130928190173,7525400
2016-09-23,5.238736152648926,5.407145419861775,5.20264816573234,5.365043246458336,6889100
2016-09-26,5.214678764343262,5.340985884274037,5.136488587852856,5.17257658223274,5196700
2016-09-27,5.178590297698975,5.304897406111104,5.058297950068176,5.262795227840114,5731500
2016-09-28,5.593599319458008,5.683818432030263,5.214678014176107,5.220692774640691,9752900
2016-09-29,5.449249267578125,5.701862932624213,5.3590295688623995,5.623673330109476,7693700
2016-09-30,5.467292785644531,5.575556190857037,5.377073090101047,5.485336495313552,5968300
2016-10-03,5.719907283782959,5.768024227557433,5.467293042167362,5.467293042167362,8419300
2016-10-04,5.665775299072266,5.8341845939731565,5.569541416271756,5.719907001547348,10811200
2016-10-05,5.810125827789307,5.882301236219086,5.713891949882933,5.737950419359526,6627500
2016-10-06,5.912374019622803,5.9845494225977545,5.755993693044184,5.774037973987258,5804600
2016-10-07,5.984549522399902,6.09882767588202,5.948462107110167,5.990564282814566,7606800
2016-10-10,6.134914875030518,6.158973342242437,6.032666245980083,6.0386810061828395,4672800
2016-10-11,6.134914875030518,6.201076090062624,6.056724713192003,6.07476899380027,7160700
2016-10-13,5.942447185516357,6.04469581539582,5.852227502540832,6.04469581539582,8210300
2016-10-14,6.146944522857666,6.189046697951496,6.014622663649622,6.0266521843044965,5136900
2016-10-17,6.195062637329102,6.243179581908032,6.116872458988534,6.189047875856929,4896300
2016-10-18,6.381515979766846,6.423618738620972,6.237165138665067,6.237165138665067,5550100
2016-10-19,6.207090377807617,6.471734095050069,6.146944495597324,6.405572878939899,6973400
2016-10-20,6.128901958465576,6.225136429860694,6.014624348232834,6.128901958465576,6319700
2016-10-21,6.134914875030518,6.255207211090115,5.990564071759,6.128900114827761,16145300
2016-10-24,6.267237186431885,6.387529531223456,6.1950617795569425,6.255207665153155,8071700
2016-10-25,6.429630756378174,6.525865191559839,6.13491441188168,6.375499639437253,9326800
2016-10-26,6.357457637786865,6.44767734554158,6.231150505809676,6.363472399690366,7561900
2016-10-27,6.507821559906006,6.543909548390123,6.393543981304686,6.405572928399979,4588000
2016-10-28,6.5198516845703125,6.688260974698933,6.47774950543795,6.525866445474699,5083300
2016-10-31,6.459704399108887,6.658186894853639,6.375500051580263,6.58601149400092,7237800
2016-11-01,6.158973693847656,6.5679682333981875,6.044696111466904,6.555938712305931,7624100
2016-11-03,5.846214294433594,6.128901190382304,5.816141061741398,6.074770059855396,7293400
2016-11-04,5.810125827789307,6.008608344370991,5.671789771698683,5.8281695364969615,5540700
2016-11-07,6.201076984405518,6.2070911718765585,6.008608645352543,6.032667116034266,4634100
2016-11-08,6.345427513122559,6.399559213036457,6.050711117590401,6.110857004695386,5799800
2016-11-09,6.5198516845703125,6.670217265584945,5.912374599607398,6.014623240585282,11297100
2016-11-10,6.766452312469482,7.013051816081376,6.634130417751172,6.6762331777429305,12942800
2016-11-11,6.267237186431885,6.9108016612661505,6.177018071237994,6.856669962710157,8920900
2016-11-14,6.592026233673096,6.646157927544354,5.966505521292397,6.261221883925811,11332200
2016-11-16,6.315354824066162,6.531881068681287,6.183032943335093,6.441661943491454,8248600
2016-11-17,6.357457637786865,6.507823243778791,6.249194791520179,6.375501923497367,4639100
2016-11-18,6.531879901885986,6.60405530386494,6.225134586875207,6.309338935717767,5724600
2016-11-21,6.892756938934326,6.892756938934326,6.555937849469186,6.555937849469186,6928200
2016-11-22,7.2115325927734375,7.440088327791,7.0491380755972735,7.09725501206422,7847100
2016-11-23,7.6927032470703125,7.698718008088311,7.169431084087327,7.25363601754175,9359200
2016-11-24,7.560380458831787,7.764877719932259,7.464146588572533,7.656614329091042,3813800
2016-11-25,7.75285005569458,7.782922714926924,7.4461041132913275,7.458133062264424,4981500
2016-11-28,8.023508071899414,8.071625015397526,7.710747365562479,7.776908593071791,4191800
2016-11-29,7.656615257263184,7.969375947119245,7.5603813753379905,7.9152442451365275,5571500
2016-11-30,7.476175308227539,7.800964872357185,7.3859556343254384,7.656613508833636,7690400
2016-12-01,7.0130510330200195,7.572411211945709,6.82659802244426,7.488206274963594,9519300
2016-12-02,7.163416862487793,7.247621802283003,6.561954481777158,6.826598250505403,8190000
2016-12-05,7.121314525604248,7.337840771488448,7.019065877203572,7.337840771488448,5136600
2016-12-06,7.2115325927734375,7.307766465707331,6.916816213513605,7.067181783372597,4533200
2016-12-07,7.235591888427734,7.3979869977736,7.223562939734999,7.349870055804275,4399000
2016-12-08,7.007034778594971,7.361897587515925,6.934859379532942,7.361897587515925,4680800
2016-12-09,6.796524524688721,7.103270454306873,6.706304829954403,7.0371092301152025,5361700
2016-12-12,6.640143394470215,6.7664504932889065,6.453689839604865,6.7002898505168735,5229600
2016-12-13,6.592026233673096,6.778479782163087,6.411587445301931,6.616084700549311,4793500
2016-12-14,6.381515979766846,6.579998529681606,6.327384844553119,6.4837646356137535,7137500
2016-12-15,6.573983192443848,6.646158600379292,6.3213689778702165,6.3815148643501765,4802300
2016-12-16,6.447676658630371,6.748407838575454,6.44767665863037,6.598042248602912,6860700
2016-12-19,6.068755626678467,6.519852420650413,6.068755626678467,6.465720713597902,4970200
2016-12-20,5.942447185516357,6.243178314903222,5.912373957857849,6.1950613800892524,4643900
2016-12-21,5.912374019622803,6.044695878543104,5.828169096019136,5.9845494225977545,4178300
2016-12-22,5.774038791656494,5.9063600957158755,5.65976062389707,5.876287437083686,3419600
2016-12-23,5.984549522399902,5.984549522399902,5.792081777923651,5.804110725153855,3518900
2016-12-26,6.110856533050537,6.164988228786472,5.984549434199727,5.984549434199727,1091500
2016-12-27,6.453690528869629,6.465720050803379,6.177018407583485,6.177018407583485,3986800
2016-12-28,6.507821559906006,6.652172940243355,6.441660916884096,6.5559384954854165,3868700
2016-12-29,6.52586555480957,6.573982488279209,6.327383060847536,6.52586555480957,3189900
2017-01-02,6.531879901885986,6.579996836538622,6.381514337696721,6.435646032580713,1127100
2017-01-03,6.8687005043029785,6.8687005043029785,6.5619545493194025,6.6581884394477635,6602900
2017-01-04,6.802538871765137,6.946889686236758,6.700290234781285,6.82659734084374,5117300
2017-01-05,7.037109375,7.145372781470509,6.832612084377569,6.886743787612823,4523400
2017-01-06,6.784493923187256,7.061166577207966,6.748406509914476,7.043122870571576,4090800
2017-01-09,6.886743068695068,7.067181869443234,6.856669839637185,6.8747141212313965,4969600
2017-01-10,7.037109375,7.127329071591822,6.964933961886058,7.001021955242626,3318400
2017-01-11,7.127328872680664,7.223562754146867,6.982977476882179,7.09725564132268,4993300
2017-01-12,7.446103572845459,7.518278982243093,7.289723232351003,7.410015581347059,6275800
2017-01-13,7.3498687744140625,7.506248521751226,7.271678613945934,7.391970947897249,3448500
2017-01-16,7.428059101104736,7.464146515298136,7.355883125519724,7.355883125519724,2094600
2017-01-17,7.337840557098389,7.476177195904248,7.037109382023871,7.367913789325679,5129600
2017-01-18,7.169432163238525,7.620528982702698,7.091241979032824,7.397987953932285,4683200
2017-01-19,7.049139022827148,7.2416067945578435,6.910802381696309,7.2416067945578435,4945700
2017-01-20,7.1934895515441895,7.247621253485111,6.934860563870537,6.946890085901489,3395400
2017-01-23,7.464147567749023,7.5002355606299655,7.235591809100887,7.283708750542686,3454100
2017-01-24,7.452118873596191,7.770893764930564,7.361899175113416,7.5122647656521675,4853600
2017-01-26,7.2957377433776855,7.6686442992958606,7.2957377433776855,7.6686442992958606,3608900
2017-01-27,7.277693271636963,7.283707458050581,7.1273277129138775,7.247620045172528,3743700
2017-01-30,6.898773670196533,7.223563332969907,6.886744147249744,7.217548571496513,3971700
2017-01-31,6.946890354156494,7.18146030682619,6.832612184846311,6.946890354156494,3357400
2017-02-01,7.0130510330200195,7.15138767423355,6.958919328788603,7.121314441482851,3082200
2017-02-02,7.2957377433776855,7.385956858635625,6.916816426815875,6.958918604123027,5817300
2017-02-03,6.964934349060059,7.35588466855959,6.946890638178339,7.247621829670049,7033500
2017-02-06,6.69427490234375,7.055151907699754,6.628114261428257,6.964932799760528,5056200
2017-02-07,6.838625907897949,6.916816071450589,6.718333569201241,6.886742843376633,4508500
2017-02-08,6.826596260070801,6.9408738267021866,6.688259654570641,6.91681536143247,3296200
2017-02-09,6.820582866668701,6.970948448125774,6.778480687412456,6.826597627590785,3842800
2017-02-10,7.391971588134766,7.416030057008794,6.95290438778396,6.9769628566579875,7589400
2017-02-13,7.5663957595825195,7.800966265293913,7.51827882101595,7.704732388160773,5891300
2017-02-14,7.470162868499756,7.644586937227077,7.325812033745951,7.536323524362109,3482100
2017-02-15,7.608499050140381,7.79495264455328,7.500236209332177,7.578426389337635,4652100
2017-02-16,7.536322593688965,7.770893101395813,7.464147185225125,7.590454293436634,4575600
2017-02-17,7.524294376373291,7.572411320021466,7.397987255897029,7.470162671369291,2286800
2017-02-20,7.638571262359619,7.752849423074763,7.602483844785797,7.650600783950333,1573100
2017-02-21,7.608499050140381,7.776908933351786,7.404002318125224,7.698718753346327,3531400
2017-02-22,7.48820686340332,7.590455518631095,7.379944020032163,7.5182800985172396,2795300
2017-02-23,7.2175469398498535,7.698716850559663,7.145371539283246,7.548351289312791,5403200
2017-02-24,7.20551872253418,7.3197968909612285,6.97696353287848,7.073197417701763,3903600
2017-03-01,7.289724349975586,7.355885008667051,7.169431982536897,7.277695400031344,1951800
2017-03-02,7.061168670654297,7.34987093042444,6.995008010973286,7.331826644839313,5321300
2017-03-03,7.20551872253418,7.235591954941255,6.97696353287848,7.151387592520481,3219400
2017-03-06,6.946890354156494,7.277694765992366,6.892758650125271,7.217548300713406,5275200
2017-03-07,6.796524524688721,7.103270454306873,6.784495002617805,7.019065520608012,3712300
2017-03-08,6.381515979766846,6.826598600229547,6.381515979766846,6.820583838450492,4887300
2017-03-09,6.321369647979736,6.555939605236202,6.237164709662494,6.381515540835583,5773600
2017-03-10,6.477749347686768,6.537895234468398,6.158973910707411,6.4416613567384635,7303900
2017-03-13,6.646159648895264,6.670218122002608,6.417603867575875,6.610071652434626,4207600
2017-03-14,6.453690528869629,6.628115155313953,6.417603110266731,6.628115155313953,3485700
2017-03-15,6.8687005043029785,6.9168174493671595,6.429632663593289,6.573984072385063,4740100
2017-03-16,6.68224573135376,6.988991632141152,6.59804137916837,6.916816227296906,4718200
2017-03-17,6.393544673919678,6.772466012855559,6.303324979735414,6.748407542459591,7654900
2017-03-20,6.58601188659668,6.598041407588768,6.237163808213965,6.375500431627321,3769300
2017-03-21,5.996580600738525,6.567969795760314,5.972522126430216,6.44767742421877,6140500
2017-03-22,6.014623641967773,6.044696874897454,5.73193617018751,5.978535647732315,8178700
2017-03-23,5.942447185516357,6.122885977868298,5.840198555636894,5.960490892671818,4479800
2017-03-24,5.888315677642822,5.996579071215547,5.86425720947101,5.990564310772812,2987800
2017-03-27,6.128901958465576,6.128901958465576,5.665776181923272,5.725922654845311,3823300
2017-03-28,5.85222864151001,6.128901357336333,5.84019969226498,6.05071175324559,5923800
2017-03-29,5.834184169769287,5.936432806210121,5.7499798152409385,5.900345389583442,5024500
2017-03-30,5.533453464508057,5.864257869290432,5.509394993629294,5.840199398411669,7136400
2017-03-31,5.479321479797363,5.647731340885582,5.419175592493709,5.533453179890065,6642400
2017-04-03,5.395116806030273,5.545482375858103,5.365043577344882,5.497365439401127,5986900
2017-04-04,5.587584972381592,5.587584972381593,5.371058742029371,5.395117212068507,4495800
2017-04-05,5.316926956176758,5.725921513913174,5.298883247335199,5.6778040010037465,5453700
2017-04-06,5.208664417266846,5.407146968143813,5.154532708191445,5.359030020876625,4530300
2017-04-07,5.256781578063965,5.401132425729047,5.028225782461278,5.142503967062262,7109900
2017-04-10,5.082356929779053,5.33497117196161,5.082356929779053,5.33497117196161,6133600
2017-04-11,5.046268939971924,5.130473295477128,4.871844894655091,5.106414826247192,6337400
2017-04-12,4.60720157623291,4.968079220921322,4.60720157623291,4.841772102640298,11582500
2017-04-13,4.4508209228515625,4.721478833735959,4.378645518188999,4.661332663183822,8872500
2017-04-17,4.59517240524292,4.601187166578913,4.426763103029612,4.480894521055515,5995800
2017-04-18,4.396689414978027,4.565098986563864,4.378645706436431,4.535025756595101,6110500
2017-04-19,4.270382404327393,4.5350258589042465,4.240309460479767,4.486908919308378,7905700
2017-04-20,4.486908912658691,4.486908912658691,4.306470102642019,4.360601803006937,8452100
2017-04-24,4.438791751861572,4.619230266083851,4.408718522758075,4.607201031802366,6802800
2017-04-25,4.583142280578613,4.583142280578613,4.37263055023594,4.384659783775535,6081800
2017-04-26,4.77561092376709,4.835757099270537,4.553069931004543,4.577128401205921,7561000
2017-04-27,4.571113586425781,4.889888743039496,4.522996646589655,4.835757042324061,7634100
2017-04-28,4.661332607269287,4.709449543133815,4.589157203472496,4.631259378954177,5134300
2017-05-02,4.769596576690674,4.841772280357323,4.661333451390118,4.661333451390118,6260000
2017-05-03,4.571113586425781,4.781625341608627,4.553069877387026,4.757566871690564,6846000
2017-05-04,4.258353233337402,4.492923460787456,4.222265528098901,4.492923460787456,9291100
2017-05-05,4.4508209228515625,4.46285015696199,4.216250714298448,4.25233841662973,7143000
2017-05-08,4.306469440460205,4.498937455763282,4.294440207428734,4.4027035915115125,6041200
2017-05-09,4.4508209228515625,4.468864630617421,4.330528294947726,4.390674752299426,4495000
2017-05-10,4.547055244445801,4.619230656230752,4.456835836314816,4.522996773850817,5413700
2017-05-11,4.51096773147583,4.5650994360294135,4.4267630807921705,4.5590846747236355,3958300
2017-05-12,4.366616249084473,4.583142461336921,4.3485722546636545,4.571113227322897,5913100
2017-05-15,4.631259441375732,4.637274201839648,4.378645524682154,4.444806168987833,7116300
2017-05-16,4.685392379760742,4.715465616449178,4.571114481864183,4.7034363791337315,7549300
2017-05-17,4.498938083648682,4.685391365058237,4.444806384052509,4.643288900172372,8358800
2017-05-18,3.8734171390533447,4.162119046523146,3.8313146759724863,3.8313146759724863,15459400
2017-05-19,4.150090217590332,4.2102363944366505,3.9876953967054733,4.11400251148254,8601300
2017-05-22,4.162119388580322,4.198207094129913,3.9155199239249945,4.089943977481142,8564100
2017-05-23,4.204221725463867,4.318499607375421,4.089944130351913,4.192192489831051,7666800
2017-05-24,4.138059616088867,4.288425151963031,4.138059616088867,4.246322698670445,6411600
2017-05-25,4.180163860321045,4.264368808760056,4.077915486015916,4.1561053855669385,7529500
2017-05-26,4.192192077636719,4.246323776061731,4.150089900461329,4.156104374286568,4852400
2017-05-29,4.192192077636719,4.192192077636719,4.192192077636719,4.192192077636719,0
2017-05-30,4.3184990882873535,4.366616311834479,4.270382151539795,4.3004553804068015,4637700
2017-05-31,4.126031398773193,4.306469914090068,4.126031398773193,4.294440679735611,9617200
2017-06-01,4.023782730102539,4.2342944729653915,3.9997242615924735,4.192192009672994,6467800
2017-06-02,4.059870719909668,4.150090126600912,4.029797488746057,4.0959584252262475,5272600
2017-06-05,3.981679916381836,4.089943301948418,3.969650683185498,4.0297968491671865,6223800
2017-06-06,3.969651460647583,4.04784163513721,3.9215345184384582,3.987695457375804,5172900
2017-06-07,3.89146089553833,4.047841228820336,3.879431661193527,4.0237827601307306,5156700
2017-06-08,3.969651460647583,3.987695457375804,3.7531249339069226,3.8794320506056748,7980700
2017-06-09,4.0358123779296875,4.132046261831569,3.951607729515542,3.9997246714664825,10531500
2017-06-12,3.9155189990997314,4.101972243799787,3.879431015274346,4.047840554861231,7052100
2017-06-13,3.8734171390533447,3.9395780705233903,3.849358670664159,3.927548836328797,5052200
2017-06-14,3.89146089553833,3.9516073540619137,3.8493587187313048,3.9215341248001216,5949700
2017-06-15,3.89146089553833,3.89146089553833,3.89146089553833,3.89146089553833,0
2017-06-16,3.753124713897705,3.8734173491685278,3.753124713897705,3.8613881143214037,8122400
2017-06-19,3.753124713897705,3.8613881143214037,3.674934830791189,3.789212705238659,11104500
2017-06-20,3.620803117752075,3.7290662309926534,3.5907298873410136,3.7050077613836363,8160900
2017-06-21,3.686964273452759,3.6929787478155336,3.5967448636143513,3.6388473313521676,6428500
2017-06-22,3.8072566986083984,3.8132714598812067,3.656891108383425,3.6989935768942743,5809100
2017-06-23,3.8373301029205322,3.927549518448683,3.7892131577854156,3.8192861050950553,7465500
2017-06-26,3.9215340614318848,3.981680232183994,3.8674023643552036,3.8794315985056254,5730800
2017-06-27,4.144075870513916,4.180163580226999,4.011754268232613,4.0237835048036406,13109800
2017-06-28,4.300455570220947,4.3245140396566235,4.17414846228386,4.2403093966317575,10458800
2017-06-29,4.132046222686768,4.420748158456998,4.1079877519392145,4.420748158456998,10842800
2017-06-30,4.3184990882873535,4.342557556661133,4.07189964405633,4.162119043857786,7608800
2017-07-03,4.384660720825195,4.420748429156313,4.330529014928713,4.390675482280187,4196200
2017-07-04,4.336543560028076,4.372631266558733,4.276397382476982,4.324514324517857,2752400
2017-07-05,4.24632453918457,4.414734138550363,4.192192831031346,4.342558432079524,8131200
2017-07-06,4.24632453918457,4.318499958855785,4.162119882901486,4.216251591054709,6488700
2017-07-07,4.324513912200928,4.360601615290834,4.252338506021114,4.300455443474323,6175300
2017-07-10,4.372631072998047,4.396689542953502,4.306470137220751,4.342557842153934,4546000
2017-07-11,4.655318260192871,4.667347782026563,4.414733559510748,4.4207480336280085,12722200
2017-07-12,4.7635817527771,4.781625462271181,4.607201407563904,4.697420815433087,11101300
2017-07-13,4.649303436279297,4.823727761350177,4.6192302075568366,4.793654245828152,8907500
2017-07-14,4.6733622550964355,4.721479195222076,4.631259789086707,4.6733622550964355,3806200
2017-07-17,4.69140625,4.78764013022988,4.679377014971265,4.69140625,6155800
2017-07-18,4.625244617462158,4.745536949635611,4.522995991714953,4.745536949635611,6084700
2017-07-19,4.721479415893555,4.739523412683799,4.613216295550885,4.673362473519035,5716600
2017-07-20,4.547055244445801,4.715464825410279,4.541040770196851,4.697420829064245,5607100
2017-07-21,4.432776927947998,4.60720096593567,4.426762454293025,4.547054795388122,4821900
2017-07-24,4.571113586425781,4.577128347305089,4.450821236835465,4.450821236835465,3827700
2017-07-25,4.703435897827148,4.72147960855407,4.637274955962679,4.637274955962679,6852100
2017-07-26,4.492923736572266,4.7455379755473395,4.468865264936507,4.7214795039115804,8543000
2017-07-27,4.432776927947998,4.583142497716651,4.3666162837454765,4.559084029497631,6865800
2017-07-28,4.498938083648682,4.535025787779604,4.396689445211279,4.4327771493422015,4651700
2017-07-31,4.583142280578613,4.66133244198575,4.583142280578613,4.655317681816178,4413000
2017-08-01,4.5350260734558105,4.601187011929986,4.498938367051605,4.583143015328085,4027400
2017-08-02,4.613215446472168,4.631259153141805,4.46886435911734,4.4989375859661305,5573600
2017-08-03,4.5350260734558105,4.667347950404162,4.510967602519673,4.649303953802261,6533900
2017-08-04,4.715464115142822,4.751551815599583,4.565098553173212,4.583142260001818,10741200
2017-08-07,5.124459743499756,5.124459743499756,4.80568426969479,4.80568426969479,14760800
2017-08-08,5.2206926345825195,5.250765288900411,5.034239080376381,5.0763412553007194,12824200
2017-08-09,5.070326805114746,5.226706549678421,5.034238818769847,5.124458497832554,9210900
2017-08-10,4.907932758331299,5.064313109356366,4.835757344073392,5.034239876682437,8317200
2017-08-11,5.094386577606201,5.142503522669841,4.793655097359218,4.877859751220589,12515400
2017-08-14,5.040255069732666,5.2206939076351215,4.9981528845418195,5.10641572840389,8908100
2017-08-15,4.895904064178467,5.088371845547901,4.895904064178467,5.064313372876722,8313700
2017-08-16,4.877860069274902,5.004167201702454,4.841772644923756,4.907933305300371,11424400
2017-08-17,4.8477864265441895,4.9500344905956615,4.817713196600038,4.901917552124679,6182000
2017-08-18,4.895904064178467,4.992137954863184,4.871845591507287,4.9861231932955805,8239900
2017-08-21,4.805683612823486,4.974093468885764,4.763581435607489,4.950034426363314,8957100
2017-08-22,4.8538007736206055,4.925976183705766,4.8237281162845,4.8838740045558815,7066900
2017-08-23,4.96807861328125,4.986122321229003,4.7335081155639145,4.793654286722372,11674400
2017-08-24,5.16054630279541,5.166561063243214,4.986122265002992,5.01018073319508,10181700
2017-08-25,5.14851713180542,5.2988826948726455,5.088370677138888,5.178589785539583,9344600
2017-08-28,5.118444442749023,5.250765739172285,5.05829798175724,5.1906198517796645,6088400
2017-08-29,5.142503261566162,5.172576494103818,5.028225092642914,5.070327847635311,5646300
2017-08-30,5.142503261566162,5.196634965414101,5.0763420352634805,5.154532210421704,4344500
2017-08-31,5.226707935333252,5.256781169660216,5.15453251710808,5.232722696918492,6734800
2017-09-01,5.575555801391602,5.641716447955999,5.280838838188572,5.298883120196347,13911900
2017-09-04,5.689833641052246,5.707877350269346,5.509394828083735,5.533453298239592,8881900
2017-09-05,5.810125827789307,5.984549874894398,5.689833480406339,5.870272288280368,19562600
2017-09-06,5.912374019622803,5.93643248728112,5.70787675772755,5.8823007916501275,8891700
2017-09-07,5.912374019622803,5.912374019622803,5.912374019622803,5.912374019622803,0
2017-09-08,6.014623641967773,6.116872289769162,5.882301761236704,5.966506698719968,9015700
2017-09-11,6.315354824066162,6.4597056538095785,6.110857528463384,6.110857528463384,10440200
2017-09-12,6.393544673919678,6.646158899876932,6.315354501732987,6.345427733127742,13245700
2017-09-13,6.267237186431885,6.381514770584092,6.189047018917578,6.369485822904507,8951800
2017-09-14,6.2491936683654785,6.267237377233757,6.056725337240249,6.158973976825763,8426100
2017-09-15,6.52586555480957,6.52586555480957,6.2131049136578245,6.2131049136578245,8182700
2017-09-18,6.748408794403076,6.748408794403076,6.501809283696247,6.549926233414687,9150800
2017-09-19,6.5559401512146,6.826598699203591,6.441662543752007,6.766452227739534,7928200
2017-09-20,6.345427513122559,6.706304556549948,6.273252104437081,6.555938978388745,9995000
2017-09-21,6.158973693847656,6.255207568189161,6.056725058960024,6.243178620696042,7895300
2017-09-22,5.846214294433594,6.098828531289312,5.834184771917034,6.098828531289312,10808600
2017-09-25,5.653745651245117,5.984550046217786,5.56954129246605,5.816140755060475,11625600
2017-09-26,5.707877159118652,5.870272257431627,5.671789741892983,5.755994097818981,7133600
2017-09-27,5.575555801391602,5.834184200579081,5.425190226255032,5.774038314683942,8480600
2017-09-28,5.461277961730957,5.563526604677835,5.36504407980429,5.563526604677835,7494000
2017-09-29,5.780052185058594,5.810125413157992,5.545482267801345,5.575555495900743,11913900
2017-10-02,5.942447185516357,5.990564120330327,5.798096381074448,5.90034501095391,8225000
2017-10-03,6.531879901885986,6.531879901885986,6.008607807339237,6.008607807339237,14147300
2017-10-04,6.471734046936035,6.646158079167624,6.261222026767276,6.531879928699174,11503500
2017-10-05,6.33339786529541,6.72434870488102,6.279266166460545,6.555938847706074,12071200
2017-10-06,6.164988994598389,6.285281348065837,6.11085729213824,6.140930523904899,9509300
2017-10-09,5.954477310180664,6.237164788325978,5.834184949352623,6.195062605435969,12382700
2017-10-10,6.014623641967773,6.09281381814526,5.948462988401843,6.050711636203232,8704200
2017-10-11,5.804111957550049,6.06274097430446,5.774039296289603,5.960492319941053,12317200
2017-10-12,5.804111957550049,5.804111957550049,5.804111957550049,5.804111957550049,0
2017-10-13,6.146944522857666,6.146944522857665,5.996578956266425,6.0266521843044965,8287000
2017-10-16,6.092812538146973,6.351441483969706,6.092812538146973,6.279265510661757,9452500
2017-10-17,5.9364333152771,6.080784141360624,5.894331134402536,6.07476995380654,5605300
2017-10-18,5.960491180419922,6.050710867750884,5.822155129551239,5.990564409530243,7467500
2017-10-19,5.930418014526367,6.002593421001027,5.74997978513929,5.858242608051708,8985300
2017-10-20,6.110856533050537,6.158973468460453,5.972520487146806,6.044695890261681,12041600
2017-10-23,5.918390274047852,6.195063008764699,5.89433180031592,6.164989773199969,6195100
2017-10-24,6.026651859283447,6.074768792109739,5.858242020792342,5.972520166454098,6349300
2017-10-25,5.954477310180664,6.080784432449913,5.804111715745806,6.038682249559904,8915500
2017-10-26,5.737950801849365,6.038681977152999,5.713892330769042,5.984550273822474,9629000
2017-10-27,5.449249267578125,5.719907216526883,5.425190795973773,5.719907216526883,18804000
2017-10-30,5.142503261566162,5.479321859910135,5.118444790255879,5.4733076722819645,15951600
2017-10-31,5.070326805114746,5.256779776032657,5.028224058779182,5.172575430559697,11994900
2017-11-01,4.907932758331299,5.232722409291482,4.87785952565737,5.2026491766175536,11701300
2017-11-02,4.907932758331299,4.907932758331299,4.907932758331299,4.907932758331299,0
2017-11-03,4.79966926574707,4.931990848319732,4.6192304572574985,4.907932378761066,17354000
2017-11-06,5.052283763885498,5.052283763885498,4.817713802727475,4.901918168846058,10230800
2017-11-07,4.835757732391357,5.0823572276412845,4.781626023951277,5.0823572276412845,11802300
2017-11-08,4.974092960357666,4.992136666805654,4.871844334487259,4.901916987367542,8908900
2017-11-09,4.721479415893555,4.962064414565754,4.721479415893555,4.962064414565754,12844400
2017-11-10,4.6192307472229,4.7936548058722295,4.516982388579872,4.739523389367002,11846000
2017-11-13,4.733508586883545,4.763581818856975,4.577128526300654,4.6192307069039416,6897800
2017-11-14,4.4568352699279785,4.835756563844004,4.438791562674581,4.7756103950000846,12601500
2017-11-15,4.4568352699279785,4.4568352699279785,4.4568352699279785,4.4568352699279785,0
2017-11-16,4.420747756958008,4.583142563154847,4.420747756958008,4.5229963917485305,8823900
2017-11-17,4.643289089202881,4.655318324402905,4.360601918602536,4.450821326002507,12650300
2017-11-20,4.643289089202881,4.643289089202881,4.643289089202881,4.643289089202881,0
2017-11-21,4.59517240524292,4.805684176409358,4.59517240524292,4.691406579021559,13492300
2017-11-22,4.769596576690674,4.787640574307239,4.6372749791011065,4.661333451390118,12793500
2017-11-23,4.841771125793457,4.907931765411835,4.697420039681586,4.75155173282348,7424600
2017-11-24,4.769596576690674,4.950035118858265,4.739523629729215,4.8718455141183945,7958400
2017-11-27,4.811698913574219,4.847786907809677,4.691406555454705,4.745537973208684,9262300
2017-11-28,4.679377555847168,4.919962571029988,4.679377555847168,4.859816102134569,10640300
2017-11-29,4.522996425628662,4.751552165484261,4.450821019400442,4.739522931112892,11405300
2017-11-30,4.426763534545898,4.535026667950688,4.372631824443687,4.510968193860735,11863700
2017-12-01,4.468864440917969,4.553069362916098,4.318498877520735,4.37864533231927,9539400
2017-12-04,4.522996425628662,4.613215826813722,4.4748794881431815,4.541040420585502,9456600
2017-12-05,4.366616249084473,4.601186455757739,4.366616249084473,4.559083993308872,9226800
2017-12-06,4.51096773147583,4.51096773147583,4.306470435873052,4.324514432990782,9834300
2017-12-07,4.396689414978027,4.456835588115978,4.354586950381674,4.4027041756916105,8293200
2017-12-08,4.432776927947998,4.498937858950083,4.372630757400449,4.498937858950083,5857200
2017-12-11,4.504952907562256,4.510967668784443,4.432777493693608,4.510967668784443,8000200
2017-12-12,4.655318260192871,4.655318260192871,4.4207480336280085,4.456835738730327,10324200
2017-12-13,4.59517240524292,4.7094502894303245,4.577128694834155,4.673362581813188,10587200
2017-12-14,4.59517240524292,4.661333345940808,4.492923756927895,4.522996990008645,10094300
2017-12-15,4.6733622550964355,4.751552426200394,4.553069904782333,4.5891576098765645,13836300
2017-12-18,4.516982555389404,4.7695965109417475,4.510967794000258,4.76358203635221,10875100
2017-12-19,4.4568352699279785,4.5711131341312035,4.402703861368229,4.516981725571454,8508600
2017-12-20,4.679377555847168,4.727494501523808,4.462851013502668,4.4808947247315984,14509200
2017-12-21,4.781625747680664,4.781625747680664,4.6853918598358995,4.691406621226001,7642600
2017-12-22,4.841771125793457,4.853800072269941,4.733507739509668,4.787639432651562,6638700
2017-12-25,4.841771125793457,4.841771125793457,4.841771125793457,4.841771125793457,0
2017-12-26,4.8538007736206055,4.901917713677379,4.775610889428141,4.811698594470721,4723400
2017-12-27,5.022211074829102,5.022211074829102,4.835757485670508,4.859815957794273,10731200
2017-12-28,5.040255069732666,5.112430490173798,4.9620648875216276,5.064313543213044,5712700
2017-12-29,5.040255069732666,5.040255069732666,5.040255069732666,5.040255069732666,0
2018-01-02,5.2206926345825195,5.2206926345825195,5.064312308293386,5.082356015603943,9540800
2018-01-03,5.41316032409668,5.41316032409668,5.178589836890144,5.21467782476773,11652200
2018-01-04,5.581570148468018,5.707877258147536,5.521424260848683,5.521424260848683,15001700
2018-01-05,5.707877159118652,5.7078771591186515,5.467292465617009,5.623672803192655,16916400
2018-01-08,5.984549522399902,5.984549522399902,5.671789437625994,5.695847905685525,15585700
2018-01-09,6.146944522857666,6.164988230240862,5.978534675284113,6.104841774164719,14979600
2018-01-10,6.164988994598389,6.237164406678858,5.954476945830963,6.032667118984602,13421000
2018-01-11,6.52586555480957,6.52586555480957,6.164987980188186,6.164987980188186,14833900
2018-01-12,6.321369647979736,6.754422141499003,6.285281653386857,6.39955982493163,22099000
2018-01-15,6.483763694763184,6.519851686601573,6.279266412743706,6.411588284685574,8905300
2018-01-16,6.303325176239014,6.598042164776279,6.273252517505936,6.453690764301195,10939100
2018-01-17,6.5559401512146,6.573984436813373,6.152960283763504,6.345428648288927,15395800
2018-01-18,6.33941125869751,6.664200808057761,6.285279571537631,6.63412758479127,10935800
2018-01-19,6.423618316650391,6.513837443012651,6.297311195583696,6.435647265819057,8625100
2018-01-22,6.4657206535339355,6.513837598556018,6.357457240434638,6.423618470039422,6223700
2018-01-23,6.171004295349121,6.435647496121552,6.171004295349121,6.417603784923241,7578900
2018-01-24,6.531879901885986,6.573982649906372,6.26122200106513,6.26122200106513,11903700
2018-01-25,6.531879901885986,6.531879901885986,6.531879901885986,6.531879901885986,0
2018-01-26,6.543910503387451,6.579997923538932,6.447676618184565,6.53188098093749,8078700
2018-01-29,6.447676658630371,6.5198520729852865,6.333398489035684,6.435647136104949,12514800
2018-01-30,6.513837814331055,6.592027995981844,6.381515924337468,6.381515924337468,10737200
2018-01-31,6.61007022857666,6.814567492738485,6.586011760651688,6.64615821726368,12799400
2018-02-01,6.688261985778809,6.736378933089506,6.573984379315716,6.688261985778809,14904800
2018-02-02,6.477749347686768,6.640143872956243,6.327383770333955,6.640143872956243,10536700
2018-02-05,6.1048431396484375,6.393545390349828,6.104843139648437,6.375501678930754,8183000
2018-02-06,6.33941125869751,6.33941125869751,5.912373094390603,6.014621709337259,9728500
2018-02-07,6.116872310638428,6.411588732436539,6.104842787985831,6.345428078644885,6010800
2018-02-08,6.038681507110596,6.23716402147346,5.954476578084259,6.195061843759868,8189300
2018-02-09,5.948462009429932,6.092812815416722,5.749979507798315,6.068754347752257,10398900
2018-02-14,6.4657206535339355,6.4657206535339355,6.098828804340756,6.104842992269094,11578500
2018-02-15,6.351442813873291,6.616086001551708,6.3213695809645785,6.465720410607351,7999100
2018-02-16,6.393544673919678,6.48977855550355,6.285281270338232,6.411588383316859,9187500
2018-02-19,6.453690528869629,6.52586651327378,6.35745664779633,6.375500930696957,4855800
2018-02-20,6.273252010345459,6.405573304151254,6.225135071943507,6.387529595650309,9876000
2018-02-21,6.231149196624756,6.345427354383992,6.231149196624756,6.321368885424018,9081700
2018-02-22,6.15295934677124,6.315354450834591,6.116871928267724,6.2732522713807635,6748300
2018-02-23,6.171004295349121,6.243179713741602,6.04469716976247,6.207091717745743,7346500
2018-02-26,6.543910503387451,6.561954213463192,6.20107714395237,6.20107714395237,11131300
2018-02-27,6.399558067321777,6.598040549072256,6.3634700826403,6.537894099136148,12144900
2018-02-28,6.1048431396484375,6.465720809625364,6.104843139648437,6.423618625114446,10256400
2018-03-01,5.834184169769287,6.219120246581787,5.755994002279288,6.164988548042623,13086900
2018-03-02,5.539467811584473,5.737950324898644,5.274824651698627,5.701862334478273,23039400
2018-03-05,5.461277961730957,5.605628784620956,5.328956087282199,5.425190542808048,12087600
2018-03-06,5.461277961730957,5.689833718106381,5.461277961730957,5.623673067681593,9294700
2018-03-07,5.443233489990234,5.44924825016813,5.190619298509646,5.389101795587379,10675900
2018-03-08,5.166560649871826,5.479320711345346,5.118443717337438,5.473306524977858,10478500
2018-03-09,5.371057987213135,5.413160160465043,4.998151467212989,5.016195173806794,11010900
2018-03-12,5.425189971923828,5.497365375773923,5.365043515249187,5.407145690761963,5706400
2018-03-13,5.334970951080322,5.497366060159491,5.2928687703261055,5.455263305806081,5948700
2018-03-14,5.298883438110352,5.473307492789624,5.298883438110352,5.431204739177949,5648300
2018-03-15,5.130473613739014,5.2988834823948014,5.100400381936252,5.26279548951165,6863700
2018-03-16,5.118444442749023,5.232722030314415,5.064312742576251,5.154531860464763,6092100
2018-03-19,4.96807861328125,5.088370955598165,4.956049092249992,5.016195550208016,5309700
2018-03-20,5.0643134117126465,5.130474068665937,4.950035235448772,5.004166942773845,6525700
2018-03-21,5.34098482131958,5.34098482131958,5.028224177603095,5.094385391865711,9096900
2018-03-22,5.23272180557251,5.557511419060482,5.1966343894067,5.256780274216095,16524600
2018-03-23,5.1545329093933105,5.340986517531133,5.136489196863611,5.172577195522289,9479800
2018-03-26,5.1545329093933105,5.304898518872455,5.076342723632242,5.2206941446676725,9256300
2018-03-27,5.052283763885498,5.292869060108137,5.034240053088548,5.292869060108137,9833800
2018-03-28,5.004166126251221,5.070327346008319,4.871844833935316,5.046268877078232,8550200
2018-03-29,5.292868137359619,5.346999833912477,5.0402539358456995,5.094385632398557,10434000
2018-04-02,5.377073287963867,5.413161282229046,5.2387372194123,5.304897873032718,6245900
2018-04-03,5.2868547439575195,5.4612788259511404,5.220694083063137,5.419176639345558,5795800
2018-04-04,5.172576904296875,5.232722800542643,5.0763424378250015,5.142503669374367,5563700
2018-04-05,5.334970951080322,5.383087892970626,5.262795538244868,5.322942002407343,7438200
2018-04-06,5.184604644775391,5.3349702107152766,5.148517230165321,5.31091174310886,6550700
2018-04-09,5.046268939971924,5.244751454518695,5.046268939971924,5.220692985288758,4828200
2018-04-10,5.142503261566162,5.2026491530422705,5.0763420352634805,5.142503261566162,5393800
2018-04-11,5.2868547439575195,5.31091321824632,5.094386949647117,5.124460185907935,6674600
2018-04-12,5.328956127166748,5.389102590620671,5.292868707973742,5.322941939700704,4837800
2018-04-13,5.268809795379639,5.383087378037801,5.232721805614403,5.365043669954751,5076600
2018-04-16,5.124459743499756,5.28685428752939,5.11243022059426,5.256781053864873,4609100
2018-04-17,5.226707935333252,5.2627959312454555,5.118445094795111,5.172576801863799,4466800
2018-04-18,5.551496982574463,5.593599735357884,5.298883333869789,5.353014461278465,13181400
2018-04-19,5.575555801391602,5.683818625442512,5.545482571644459,5.641716447955999,8945500
2018-04-20,5.467292785644531,5.665775312801333,5.38308785119045,5.587585139436655,32234300
2018-04-23,5.491351127624512,5.587585008401416,5.395117246847606,5.485336366676162,5884200
2018-04-24,5.491351127624512,5.611643478595643,5.443234187236059,5.581570247453066,7410300
2018-04-25,5.497365951538086,5.533453370443173,5.359029316137437,5.443234249581274,6384000
2018-04-26,5.545482635498047,5.617658043562768,5.503379883927593,5.5575115833759225,5663900
2018-04-27,5.35301399230957,5.641716181192307,5.34098504513898,5.623672473636861,11313200
2018-04-30,5.280838966369629,5.443234066786509,5.214678318199323,5.395117127462803,8656000
2018-05-02,5.359029769897461,5.509395366465175,5.316927586410255,5.34098605891712,9477800
2018-05-03,5.16054630279541,5.395116797867612,5.14851735549893,5.389102037419808,7995000
2018-05-04,5.23272180557251,5.334970440707532,5.160546399641753,5.184604868285338,6379400
2018-05-07,5.094386577606201,5.292869119393526,5.058298582008855,5.262795885328942,7749400
2018-05-08,5.094386577606201,5.154532472136136,5.004166875412452,5.130473999604316,7696900
2018-05-09,5.23272180557251,5.262795034776776,5.124458983475944,5.124458983475944,8201100
2018-05-10,5.40714693069458,5.431205404161548,5.2206939047253895,5.292869325126294,9308400
2018-05-11,5.581570148468018,5.653745557770719,5.413160860095049,5.473307321313549,12880400
2018-05-14,5.725920677185059,5.858241954152614,5.611642532823259,5.659759465102202,13991800
2018-05-15,5.653745651245117,5.846213986166932,5.437219419757147,5.846213986166932,13454900
2018-05-16,5.762009620666504,5.846214561328994,5.5996150744736255,5.617658785473005,8014400
2018-05-17,5.599615097045898,5.894331530153779,5.593600335488782,5.713892698634934,12514800
2018-05-18,5.575555801391602,5.629686926617483,5.449248695332917,5.515409341897315,8889200
2018-05-21,5.443233489990234,5.731935095339991,5.443233489990234,5.611642759777593,8172000
2018-05-22,5.527439117431641,5.58157082436349,5.4011319924570715,5.4552636993889205,8424200
2018-05-23,5.23272180557251,5.497365534251087,5.232721805572509,5.413160607198969,10245200
2018-05-24,5.172576904296875,5.316927743605814,5.11243043445186,5.124459957860561,8171900
2018-05-25,4.913947105407715,5.292868428523269,4.877859114520882,5.292868428523269,11987800
2018-05-28,4.420747756958008,4.871844759504302,4.420747756958008,4.871844759504302,11547100
2018-05-29,4.60720157623291,4.7274942200622485,4.541040923266356,4.589157866078251,10965600
2018-05-30,4.631259441375732,4.685391138352711,4.541040328813523,4.6252449677113825,10310800
2018-06-01,4.6733622550964355,4.763581661231805,4.553069904782333,4.6974207251592555,9954000
2018-06-04,5.371057987213135,5.437218627123146,4.835756387071474,4.865829613793876,18648300
2018-06-05,5.377073287963867,5.683819231620657,5.268810452366749,5.292868924010465,16716900
2018-06-06,5.238736152648926,5.557510980415879,5.160545992328901,5.4853355801818005,11434400
2018-06-07,5.14851713180542,5.232721480019641,4.775610317431041,5.160546078579265,13674700
2018-06-08,4.889888286590576,5.214677886966377,4.829741830610233,5.148517244267291,10401800
2018-06-11,4.8477864265441895,5.094385879607758,4.757566736711735,4.992137241957134,7691100
2018-06-12,5.0883708000183105,5.148517256137323,4.82974184174532,4.865829830136551,10544400
2018-06-13,5.052283763885498,5.208664120390329,4.962064636301523,5.106415469875572,11745500
2018-06-14,4.931990623474121,5.172575881691842,4.901917394497015,5.106414663222381,8935900
2018-06-15,4.727493762969971,4.931990750148102,4.5109672544523765,4.931990750148102,20888900
2018-06-18,4.727493762969971,4.823727926088665,4.541040484201888,4.649303595060898,9925200
2018-06-19,4.79966926574707,4.944020369898644,4.5831427529195,4.5831427529195,9832600
2018-06-20,4.817712783813477,4.968078347051607,4.679376454162415,4.925975599297541,9516000
2018-06-21,4.541040897369385,4.853801023863067,4.541040897369385,4.751552664370702,7296500
2018-06-22,4.643289089202881,4.721479261402829,4.571113678002741,4.571113678002741,8312200
2018-06-25,4.577128887176514,4.69742125095529,4.498938707320501,4.69140677616616,6040900
2018-06-26,4.5350260734558105,4.63125995720036,4.462850660647399,4.565099305525781,7865300
2018-06-27,4.522996425628662,4.667347524884671,4.468864727557712,4.535025660000032,7401500
2018-06-28,4.565098762512207,4.60118646462382,4.468864603415011,4.49292307148942,6275400
2018-06-29,4.727493762969971,4.757566705919909,4.619230365311386,4.643288834391166,6967000
2018-07-02,4.679377555847168,4.733508976333578,4.535026432017628,4.691406792266328,7067500
2018-07-03,4.703435897827148,4.823728545471603,4.667348189573696,4.72147960855407,7852700
2018-07-04,4.829742431640625,4.859815663373217,4.643289140577497,4.745537784308798,5725100
2018-07-05,4.7094502449035645,4.925976488559184,4.691406534665398,4.871845357844683,8694200
2018-07-06,4.793654441833496,4.835756906406534,4.649303626382352,4.709449799486995,5594300
2018-07-10,4.793654441833496,4.901917553421853,4.715464560197248,4.901917553421853,5817900
2018-07-11,4.553070068359375,4.829742484021751,4.529011597432212,4.757567071240262,11220900
2018-07-12,4.817712783813477,4.85380019777513,4.6252447596208315,4.6252447596208315,14895600
2018-07-13,4.823727607727051,4.895903010202881,4.7575663919248745,4.829741794400704,8970900
2018-07-16,4.781625747680664,4.865830686344441,4.727494329167788,4.853801163564237,5704900
2018-07-17,4.944020748138428,4.986122929687308,4.769596400294486,4.787640397243722,10612900
2018-07-18,4.865829944610596,5.058297690960867,4.84778623679004,4.96807857825896,6969000
2018-07-19,4.781625747680664,4.823728503812161,4.697421095816495,4.811698981031957,7640500
2018-07-20,4.931990623474121,4.992137081428335,4.871844739119041,4.901917394497015,8176800
2018-07-23,4.925976276397705,4.962064268918937,4.853800864954422,4.925976276397705,5037100
2018-07-24,5.238736152648926,5.365043246458336,5.058297365264183,5.058297365264183,16558900
2018-07-25,5.2627949714660645,5.310911908174395,5.0703272246327415,5.292868200308554,14333700
2018-07-26,5.208664417266846,5.292869361784054,5.1244600463488945,5.23272289090044,6576600
2018-07-27,5.593599319458008,5.605628266788048,5.256780190229941,5.2928681794183206,17636200
2018-07-30,5.4853363037109375,5.707877293852815,5.455263072913566,5.587584944262498,9545200
2018-07-31,5.52142333984375,5.551495991837545,5.42518947682584,5.473306408334794,7567800
2018-08-01,5.551496982574463,5.605628683582311,5.3830876922382895,5.413160923198113,8353900
2018-08-02,5.749979496002197,5.749979496002197,5.49135053894044,5.49135053894044,10921900
2018-08-03,5.804111957550049,5.864258427269434,5.719907588262005,5.8161414809336245,10059100
2018-08-06,5.743965148925781,5.846213787045652,5.713891918843616,5.834184265573124,6670100
2018-08-07,5.786067485809326,5.876287178533921,5.653745613972757,5.864257656730973,9584300
2018-08-08,5.76802396774292,6.038681907682641,5.768023967742919,5.996579727176227,17328800
2018-08-09,5.6958489418029785,5.906360432217709,5.635702473913496,5.852228725837021,10241200
2018-08-10,5.509395122528076,5.683819183879757,5.353014771357824,5.653745951177908,15757100
2018-08-13,5.76802396774292,5.834184619052881,5.425190615392552,5.569541440213844,9519200
2018-08-14,5.737950801849365,5.858243157250979,5.695848620858599,5.858243157250979,8182600
2018-08-15,5.437220096588135,5.653746355029526,5.3951179119576755,5.623673693778766,11803000
2018-08-16,5.4011311531066895,5.5635262486656,5.389102205435185,5.545482540358769,6645300
2018-08-17,5.41917610168457,5.473307806863538,5.298883742175318,5.322942214077168,7437500
2018-08-20,5.6778035163879395,5.689833036988334,5.431204080070965,5.5033794828759985,12403700
2018-08-21,5.479321479797363,5.635701819265354,5.419175592493709,5.521424231868998,9150700
2018-08-22,5.6838178634643555,5.6838178634643555,5.425189498948846,5.4492479648014305,7084600
2018-08-23,5.058298110961914,5.413160977959578,5.0342396406705054,5.36504403737676,10738100
2018-08-24,5.184604644775391,5.226706819686842,5.0582975464419215,5.1785898844740075,6551600
2018-08-27,5.23272180557251,5.310911972063947,5.178590107724657,5.226707045011828,5043300
2018-08-28,5.106415271759033,5.214678679538824,4.956049682553414,5.1846054469778595,12240200
2018-08-29,5.172576904296875,5.214679089028837,5.082357199529352,5.082357199529352,4995200
2018-08-30,5.208664417266846,5.359030020876625,5.118445284540681,5.26881088815046,11304500
2018-08-31,5.280838966369629,5.353014375355188,5.1846050877222165,5.232722027045923,7534100
2018-09-03,5.322941303253174,5.34699977103831,5.202648390728376,5.280838554429848,2985600
2018-09-04,5.046268939971924,5.340985331438444,5.040254179264652,5.340985331438444,8285200
2018-09-05,4.992137432098389,5.106415021919803,4.944020491794722,5.046269133339807,5300400
2018-09-06,5.022211074829102,5.118444963324161,4.9981526027053365,5.064313257645885,6440900
2018-09-10,5.13648796081543,5.148517482006622,5.046268846278047,5.112429492032184,5859100
2018-09-11,4.913947105407715,5.058297921756739,4.901917583912385,5.022210504469061,5462100
2018-09-12,4.998151779174805,5.046268715494251,4.913946853816211,4.9680785505753695,6973000
2018-09-13,4.98010778427124,5.08235642323036,4.968078836299134,5.034239484143617,4625600
2018-09-14,5.112430095672607,5.124459618284163,4.889889089751705,5.0161962091769965,6406900
2018-09-17,5.196634292602539,5.220692760797957,5.058297670279537,5.064312430728173,5690400
2018-09-18,5.371057987213135,5.395116453871237,5.17257549388401,5.214677667135918,7750500
2018-09-19,5.377073287963867,5.497366219781657,5.2627956910560165,5.292868924010465,8488100
2018-09-20,5.310912132263184,5.4733072307052515,5.274824715008827,5.449248761335962,4548300
2018-09-21,5.473307132720947,5.497365601659537,5.347000027393568,5.365043735697723,7657700
2018-09-24,5.2868547439575195,5.467293587923159,5.262796269668719,5.4612788259511404,5628900
2018-09-25,5.587584972381592,5.587584972381593,5.178590408117115,5.184605169026692,7785000
2018-09-26,5.593599319458008,5.683818432030263,5.4853359254919996,5.587584558993423,8057400
2018-09-27,5.563526153564453,5.683818496218993,5.49135074797173,5.641716319689688,7151200
2018-09-28,5.617658615112305,5.74998049682651,5.473307784296378,5.473307784296378,8846700
2018-10-01,5.599615097045898,5.683819464448588,5.485336921857629,5.617658808118013,5022700
2018-10-02,5.8221564292907715,5.876288139053897,5.75599519575839,5.768024719527647,9880600
2018-10-03,5.780052185058594,6.122886067633146,5.7259210627986175,6.002593155235553,12914200
2018-10-04,5.780052185058594,5.828169120577984,5.659759846260117,5.743964770218609,7050400
2018-10-05,5.641716957092285,5.8522284371215845,5.623673247055304,5.786067784586525,7068600
2018-10-08,5.834184169769287,5.918389097896782,5.701862303740124,5.8462136910442775,8822700
2018-10-09,5.954477310180664,5.972521594504286,5.75599477141459,5.834184949352623,8005800
2018-10-10,5.6116437911987305,5.936433443713154,5.569541609413277,5.900346023211111,7949200
2018-10-11,5.497365951538086,5.725921707800634,5.443234249581274,5.701862663731667,9840400
2018-10-15,5.617658615112305,5.768024207278697,5.533453677003408,5.59360014330965,9017600
2018-10-16,6.092812538146973,6.092812538146973,5.719906019518316,5.719906019518316,13365100
2018-10-17,6.074769496917725,6.171003373735572,5.9845498072016285,6.014623037106994,12007100
2018-10-18,5.900345802307129,6.195062210969779,5.870272570615205,6.044696626109343,7667600
2018-10-19,5.894330978393555,5.984550098908072,5.774038626507805,5.936433158153773,5580100
2018-10-22,6.014623641967773,6.044696874897454,5.89433128384826,6.002594119356218,9454300
2018-10-23,5.834184169769287,5.954476514523461,5.822155222093443,5.954476514523461,8178900
2018-10-24,5.551496982574463,5.894330897757779,5.533453273438237,5.894330897757779,9069100
2018-10-25,5.593599319458008,5.713891660754057,5.545482382939588,5.641716255976427,7155000
2018-10-26,5.593599319458008,5.653745203306468,5.4733069781619585,5.623672548181802,11524900
2018-10-29,5.365044116973877,5.569541404284412,5.280839182905072,5.52142446298772,12112700
2018-10-30,5.581570148468018,5.581570148468018,5.365043920559915,5.407146099253366,9917800
2018-10-31,5.7559943199157715,5.822155543380941,5.605628737275555,5.623673020183788,8804400
2018-11-01,5.816140174865723,5.864257110396431,5.6597598475913635,5.780052186418134,6620900
2018-11-05,5.960491180419922,5.984549648988351,5.8161403690093465,5.840198837577776,7000000
2018-11-06,5.840198993682861,5.960491339740351,5.810125763768701,5.900345453511182,5441600
2018-11-07,5.906359672546387,5.924403954751927,5.774038377967352,5.906359672546387,6365600
2018-11-08,5.894330978393555,6.207091093296506,5.846214037639255,5.93041839715969,14949600
2018-11-09,5.762009620666504,5.9424484514579925,5.659760969004635,5.894331506393493,8008700
2018-11-12,5.617658615112305,5.792082679081351,5.5996149046601165,5.755994684577763,5324800
2018-11-13,5.551496982574463,5.641716675453934,5.491351094253987,5.617658205405909,5341800
2018-11-14,5.545482635498047,5.563526344114438,5.359029067798151,5.545482635498047,8876700
2018-11-16,5.804111957550049,5.804111957550049,5.581570937347118,5.659761118542621,7081700
2018-11-19,5.671791076660156,5.780053927414284,5.611644602330638,5.780053927414284,4635500
2018-11-21,5.455263137817383,5.539468070332013,5.413160958359654,5.479321608021681,7231800
2018-11-22,5.383087635040283,5.5154095056980195,5.383087635040284,5.497365796753517,3897000
2018-11-23,5.190619468688965,5.431204147701557,5.124458825360282,5.389101972274133,8291800
2018-11-26,5.082356929779053,5.250766233367685,5.040254747281699,5.220693573640556,6521300
2018-11-27,5.14851713180542,5.196634066099004,5.004165755325565,5.112429144285681,6295800
2018-11-28,5.208664417266846,5.292869361784054,5.034240340023473,5.202649655458633,8559100
2018-11-29,5.280838966369629,5.347000188139097,5.1244592003671645,5.1244592003671645,6094300
2018-11-30,5.334970951080322,5.425190647324036,5.214678596354564,5.262795538244868,9140300
2018-12-03,5.52142333984375,5.587583977268796,5.461276888658022,5.527437526083068,8350500
2018-12-04,5.359029769897461,5.557512311478906,5.334971297390596,5.539468600498564,5485100
2018-12-05,5.377073287963867,5.437219753872762,5.3229421569649125,5.401131759607583,3734600
2018-12-06,5.40714693069458,5.40714693069458,5.232722854659247,5.274825613425881,4586700
2018-12-07,5.226707935333252,5.515410181833176,5.226707935333251,5.41316152928104,6867600
2018-12-10,5.100399494171143,5.268809333513858,5.070326841201953,5.2267065868786355,5137400
2018-12-11,5.214678764343262,5.232722474733598,5.052283650032602,5.184605531293227,5615800
2018-12-12,5.4853363037109375,5.5815701833831906,5.274824835327676,5.274824835327676,14972800
2018-12-13,5.455263137817383,5.551497018634575,5.407146197408786,5.485336368972549,5917900
2018-12-14,5.461277961730957,5.491351193232836,5.353014557763866,5.383087789265745,4430000
2018-12-17,5.587584972381592,5.6477314342790175,5.449248913056355,5.479321570405896,7378000
2018-12-18,5.5695414543151855,5.665775337773033,5.5695414543151855,5.593599925179647,6086400
2018-12-19,5.563526153564453,5.774038183409249,5.551496632499432,5.593599382627872,9314200
2018-12-20,5.377073287963867,5.653745998666209,5.286854162699734,5.617658578000239,14694600
2018-12-21,5.298883438110352,5.479321680220564,5.292868677080229,5.39511732019558,16687300
2018-12-26,5.190619468688965,5.274824393142932,5.142502532886446,5.274824393142932,6915800
2018-12-27,5.14851713180542,5.256779947166433,5.112429144285681,5.184604545726057,7241300
2018-12-28,5.316926956176758,5.316926956176758,5.190619847087522,5.232722025584213,5024700
2019-01-02,5.539467811584473,5.605628458156147,5.232721900608336,5.274824651698627,10675800
2019-01-03,5.605628490447998,5.70186236732449,5.4733071965423985,5.509394613571507,9752000
2019-01-04,5.864257335662842,5.942447502303577,5.635701596312804,5.635701596312804,13260000
2019-01-07,5.876286029815674,5.966505131304731,5.840198045060615,5.864256510364301,5160400
2019-01-08,5.894330978393555,5.942447919147855,5.840199276645173,5.924404209764787,6861300
2019-01-09,5.942447185516357,6.038681055144297,5.90034501095391,5.9424471855163565,8683600
2019-01-10,6.002593994140625,6.0086087553209335,5.846214218646982,5.906360109652477,6052600
2019-01-11,5.930418014526367,6.026652463425056,5.900345358694616,6.008608181607034,5792000
2019-01-14,5.876286029815674,5.930417146549673,5.810124820031243,5.864256510364301,4978100
2019-01-15,5.786067485809326,5.966506297659344,5.743965306697351,5.858242895829499,5056100
2019-01-16,5.97853422164917,5.97853422164917,5.786066494568027,5.822154480195278,7421700
2019-01-17,5.966506481170654,6.02665294483697,5.9003458300170575,5.930418488251028,6578600
2019-01-18,5.918390274047852,6.098829113836971,5.912375512215054,6.008609407142782,7719300
2019-01-21,5.9725213050842285,6.038681956933792,5.882301608635701,5.918389601934951,6901000
2019-01-22,5.888315677642822,5.9665058426009985,5.834183980856461,5.9244036667001065,8269000
2019-01-23,6.207090377807617,6.219119898409144,5.954476181166692,5.966505701768218,12083200
2019-01-24,6.23716402053833,6.309339428150446,6.177018134327809,6.249193541939925,6085900
2019-01-28,5.882300853729248,6.140929813984945,5.846213438660479,6.0146227140460145,16305200
2019-01-29,6.038681507110596,6.1108569147335325,5.906359639668969,5.924403921774066,9173800
2019-01-30,6.2431793212890625,6.682246565642923,6.1830328562765775,6.195062378718755,58174100
2019-01-31,6.134914875030518,6.405572774564388,6.050710526588351,6.345426893334141,15711800
2019-02-01,6.074769496917725,6.309339428261441,5.990564567902532,6.279266198356075,9806300
2019-02-04,5.954477310180664,6.074770244607928,5.912375127290655,6.074770244607928,11844100
2019-02-05,5.942447185516357,5.984549360078804,5.894330250702387,5.9424471855163565,6626600
2019-02-06,5.599615097045898,5.912375241225893,5.599615097045898,5.906360479668778,13621700
2019-02-07,5.725920677185059,5.834183488013142,5.569540360478953,5.653744705167565,15427100
2019-02-08,5.924403667449951,5.924403667449952,5.5815697789593095,5.689833172545736,12184300
2019-02-11,5.786067485809326,6.0627401776862415,5.768023776704076,6.014623237672793,7512400
2019-02-12,5.942447185516357,5.9424471855163565,5.731935165505908,5.870271783295403,8744600
2019-02-13,6.002593994140625,6.0086087553209335,5.888316399710748,5.948462864315439,8615400
2019-02-14,6.092812538146973,6.092812538146973,5.900344805590011,5.984549151784138,8507300
2019-02-15,6.098828315734863,6.1289009737649796,5.97252120177115,6.01462338189266,6463700
2019-02-18,6.189047336578369,6.207091045823435,6.038681754471413,6.044696515419493,5179900
2019-02-19,6.110856533050537,6.273251620258342,6.08078330501956,6.219119924522406,7108600
2019-02-20,6.33941125869751,6.405571891004571,6.1649872520706905,6.1649872520706905,16738400
2019-02-21,6.934860706329346,6.976963460703389,6.44767652605148,6.5378956487402125,33739300
2019-02-22,7.458133220672607,7.602484626610188,6.976963779544739,6.976963779544739,30544700
2019-02-25,7.879156112670898,7.987418933232775,7.518278514533633,7.5363222223607576,29381300
2019-02-26,7.933287143707275,8.011477308179186,7.644585527440948,7.939301904112605,25779600
2019-02-27,7.626542091369629,7.92125847853476,7.584439340632365,7.867126780157665,19500100
2019-02-28,7.867126941680908,7.969375579914918,7.500235140346558,7.608497965724392,19320800
2019-03-01,8.330253601074219,8.420472722229865,7.915244267120205,7.957346447179615,24742100
2019-03-06,9.112154006958008,9.112154006958008,8.480619023710775,8.546779673056903,23299900
2019-03-07,8.865553855895996,9.352738554330047,8.733232567490953,9.232446213234951,26332400
2019-03-08,8.276119232177734,8.781347524490766,8.270104473079009,8.745259543497406,20454100
2019-03-11,8.757292747497559,8.799394931710772,8.354312895859186,8.378371368780915,16926900
2019-03-12,8.522721290588379,8.937730047297421,8.366340946599797,8.781350276908018,23802000
2019-03-13,9.316650390625,9.418899022039662,8.540764088101403,8.594895783979648,26947300
2019-03-14,9.262518882751465,9.491074617988076,9.148241301932725,9.38281179763325,17055100
2019-03-15,9.388826370239258,9.430929121617332,9.232446606946485,9.38281218312738,10177900
2019-03-18,9.80383586883545,9.876011855769969,9.352739678889487,9.44295880215884,13726300
2019-03-19,9.430928230285645,10.477472403930346,9.346723309086988,9.89405443647961,34345200
2019-03-20,9.563251495361328,9.92412914837841,9.11215471588958,9.256506121255946,31241800
2019-03-21,9.370784759521484,9.857969014196877,9.244477624309479,9.68956026537991,23925900
2019-03-22,8.997876167297363,9.38281225162636,8.973817697876749,9.172300213996612,12634400
2019-03-25,8.961788177490234,9.244475623417262,8.859539539040014,8.961788177490234,10468900
2019-03-26,9.5271635055542,9.617382626623792,9.154256925614476,9.202373866664814,12991700
2019-03-27,9.039978981018066,9.44295880234774,9.0339647934394,9.44295880234774,14343700
2019-03-28,9.430928230285645,9.617381205912466,9.172299280146204,9.18432880043134,18122600
2019-03-29,9.773763656616211,10.086524368955557,9.665500244868095,9.695574052130597,22145800
2019-04-01,10.176741600036621,10.303048125408138,10.07449296879377,10.164712079373173,13106700
2019-04-02,10.152684211730957,10.459430155402712,9.888041597236375,10.303049802911323,18676200
2019-04-03,10.303049087524414,10.519575890893208,10.206815207626803,10.381239831940185,18040300
2019-04-04,10.212830543518066,10.465444779271444,9.96021630776469,10.405298314149515,17683600
2019-04-05,10.110581398010254,10.248918605123231,9.990289620901233,10.248918605123231,11021100
2019-04-08,10.315080642700195,10.399286164608608,10.116598082885154,10.140657131201433,10078700
2019-04-09,10.056450843811035,10.303050334289285,9.876012583967894,10.248919774095125,11397800
2019-04-10,9.689558029174805,10.176742171415382,9.62339680900941,10.134639993927694,17739100
2019-04-11,9.3828125,9.599338730517228,9.292592807085109,9.593323969603068,13048000
2019-04-12,9.713616371154785,9.857967192261427,9.160270983313483,9.202373736335634,20218700
2019-04-15,9.755720138549805,10.098554685080579,9.599340343696054,9.815866610600741,17119100
2019-04-16,9.394840240478516,10.08652216951038,9.394840240478516,9.671512897371441,22897200
2019-04-17,9.23244571685791,9.63542546805986,9.112152808631164,9.509118373301055,20293200
2019-04-18,9.184329986572266,9.448973157433402,9.08208134533976,9.202373695731186,9912200
2019-04-22,8.937728881835938,9.19034307423122,8.883597760836182,9.130197193031789,8969700
2019-04-23,9.136211395263672,9.190343089955148,8.979831644998313,9.02193381926986,10894200
2019-04-24,8.871569633483887,9.178315568644424,8.74526251745303,9.130198626689735,13851300
2019-04-25,8.727218627929688,8.979832854790171,8.679101686965708,8.871569450821626,11234800
2019-04-26,8.919687271118164,8.943745743971919,8.588882839179615,8.709175203448385,9046800
2019-04-29,8.691130638122559,9.070051978531673,8.691130638122559,9.021935037552659,8882200
2019-04-30,8.745262145996094,8.91968619657294,8.570838095419248,8.721203676040638,12143400
2019-05-02,8.3543119430542,8.576852935599307,8.318223950987806,8.540764943532912,19452600
2019-05-03,9.023781776428223,9.023781776428223,8.506333747764934,8.569437356709432,12286300
2019-05-06,8.985919952392578,9.074264889093863,8.758748031761533,8.790299837854896,9336200
2019-05-07,8.948057174682617,9.232022191272284,8.866022729569945,9.149987746159612,15606400
2019-05-08,9.004850387573242,9.162608798552727,8.960677623274593,9.0174707475153,8996600
2019-05-09,8.992230415344238,9.011161258240781,8.582058742382127,8.815541144108321,15382900
2019-05-10,9.080575942993164,9.200472091543846,8.840783044091115,9.023782808805747,8934800
2019-05-13,8.651471138000488,8.916505312172976,8.651471138000488,8.834470867614773,9314700
2019-05-14,9.042713165283203,9.086885333135461,8.815541242585045,8.821851122420616,12771200
2019-05-15,9.042713165283203,9.1121266578797,8.708265461971862,8.834472085693061,11435000
2019-05-16,9.45919418334961,9.623263075294973,9.219401326306517,9.24464264800576,19008000
2019-05-17,9.71160888671875,9.869367312158492,9.661126238722083,9.686367562720417,15137600
2019-05-20,9.71160888671875,9.888298154707083,9.610642988924782,9.680057081270673,9075900
2019-05-21,10.487778663635254,10.487778663635254,9.799951361087242,9.799951361087242,15316600
2019-05-22,10.81591796875,10.998918331929739,10.386814830978123,10.63291880917161,18878600
2019-05-23,10.696022033691406,10.92319335440537,10.569814808271524,10.664469625535784,12286600
2019-05-24,10.872710227966309,11.011538410557977,10.85377998750472,10.866399746612029,9989100
2019-05-27,11.48481273651123,11.48481273651123,11.03046774512677,11.169295916316978,11218600
2019-05-28,10.998916625976562,11.528984984115276,10.998916625976562,11.358605611084727,23549200
2019-05-29,10.544570922851562,10.853778447327768,10.430985885396252,10.727571245353761,16885900
2019-05-30,10.664469718933105,10.916882968382152,10.519332250950066,10.519332250950066,11899800
2019-05-31,10.437297821044922,10.613986484121536,10.418366377029036,10.531952633921858,8223100
2019-06-03,10.147021293640137,10.475159088582023,10.02712516198097,10.430986924570846,10675500
2019-06-04,10.595056533813477,10.64553918230354,10.317401365317487,10.323711846828903,10449100
2019-06-05,10.210124969482422,10.80960623360482,10.178572563833113,10.727572386119029,11857300
2019-06-06,10.47515869140625,10.55719253523073,10.203814032938801,10.336330519947841,7952200
2019-06-07,10.46884822845459,10.708640483090893,10.42467606604273,10.544571591560304,6801400
2019-06-10,10.879021644592285,10.910574054076255,10.468849950111519,10.506711637890927,9438800
2019-06-11,11.497431755065918,11.510052715926182,11.188225435595877,11.200846396456141,16358400
2019-06-12,10.853779792785645,11.484813473677804,10.771744740252975,11.421709864868342,19143400
2019-06-13,10.803296089172363,11.106191937492802,10.784364647301919,11.0430883348591,11091500
2019-06-14,10.58243465423584,10.828537393859547,10.424676240917838,10.803296673601277,9984200
2019-06-17,10.330020904541016,10.443605945287135,10.292158020691195,10.443605945287135,6845700
2019-06-18,10.658158302307129,10.822227200957123,10.544572049118578,10.66446878343996,13067700
2019-06-19,10.47515869140625,10.916881518370873,10.380503885885343,10.809605751153535,15382800
2019-06-21,10.412055015563965,10.708640391801799,10.412055015563965,10.588744867306312,10229600
2019-06-24,10.374192237854004,10.519329670230302,10.229053601876688,10.47515751286369,8174400
2019-06-25,10.147021293640137,10.361572836209739,10.096538648541477,10.330021634373526,7227000
2019-06-26,10.197504043579102,10.405745107202144,10.165952841418513,10.222745968188542,8557400
2019-06-27,10.393123626708984,10.462537712322835,10.235365216569255,10.285847859669921,7163600
2019-06-28,10.544570922851562,10.601364043379757,10.393123002643403,10.5130197241586,10241200
2019-07-01,10.72126293182373,10.885331846110306,10.639229076481104,10.822228232369111,8423000
2019-07-02,10.367883682250977,10.847469429370456,10.203814779004741,10.847469429370456,12181300
2019-07-03,10.651848793029785,10.664469756446962,10.311091205975234,10.47516011959458,12131100
2019-07-04,10.67708969116211,10.796986424871003,10.588745362956187,10.632917527059147,5789600
2019-07-05,10.538263320922852,10.538263320922852,10.304780321241976,10.348952487873184,6863700
2019-07-08,10.879021644592285,10.923193814268489,10.538264047374897,10.538264047374897,8785300
2019-07-10,10.879021644592285,11.087262732781067,10.879021644592285,10.992607911531866,10631200
2019-07-11,10.841158866882324,10.935813678615274,10.607675874579897,10.929503197352913,7167800
2019-07-12,10.771745681762695,10.979986766514473,10.71495254923027,10.910573873998102,6519400
2019-07-15,10.91688346862793,11.068332628838547,10.828539128172878,10.885332262351517,7059200
2019-07-16,11.106192588806152,11.232398597873692,10.897951530423589,10.992606338124538,8310800
2019-07-17,10.897953033447266,11.080952193094488,10.803298212691713,11.04940098737642,5617900
2019-07-18,11.112502098083496,11.125121855365908,10.88532961658503,10.916880815192672,6668200
2019-07-19,11.087261199951172,11.21346841323601,11.005227353836858,11.13774384454487,4759700
2019-07-22,10.954744338989258,11.10619226765164,10.879019772857495,11.043088663142028,5347300
2019-07-23,10.778055191040039,11.017847459516974,10.765434228593563,10.929503129594085,5628300
2019-07-24,10.355260848999023,10.658156675536228,10.260606053656273,10.658156675536228,15232900
2019-07-25,10.304780006408691,10.506710592611237,10.172263510563733,10.468848908598568,7773000
2019-07-26,10.380505561828613,10.494090624631436,10.260608813557395,10.443607973296398,6645500
2019-07-29,10.330020904541016,10.456226906570409,10.22274514083542,10.412054745680067,6037700
2019-07-30,10.348952293395996,10.399434940540319,10.266918443136941,10.330022052967655,6472100
2019-07-31,10.430986404418945,10.82222658352366,10.386813039009319,10.727571779133882,18336500
2019-08-01,10.241676330566406,10.525641967813662,10.159642481806769,10.405745231686907,11007600
2019-08-02,10.008193969726562,10.273228765842564,9.9450909626709,10.172263473113011,10210900
2019-08-05,9.408711433410645,9.686366570758834,9.3708497521908,9.579090804301655,16685700
2019-08-06,9.35822868347168,9.67374549842838,9.232022077849113,9.497056250556787,16660600
2019-08-07,9.206781387329102,9.295125716415626,9.080574773062205,9.156298741622344,10698500
2019-08-08,9.433952331542969,9.610641573509241,9.282504409857593,9.282504409857593,9526500
2019-08-09,9.244643211364746,9.370850429352474,9.162609362193585,9.370850429352474,9076700
2019-08-12,9.162610054016113,9.358230173426273,8.99223065794856,9.080575596850329,8475600
2019-08-13,9.45288372039795,9.522297806552913,9.12474653768563,9.200470502926933,10393700
2019-08-14,9.06164264678955,9.301435496728901,8.954366882295616,9.244642374137928,7833000
2019-08-15,8.771368026733398,9.244643292962913,8.626230567287314,9.118436675661833,11585800
2019-08-16,8.903885841369629,9.011161625152452,8.802920539409483,8.948058612327696,7753400
2019-08-19,8.752436637878418,9.04902262136055,8.657781831265257,8.960677693867838,5561700
2019-08-20,9.067954063415527,9.137367552746388,8.550506629602172,8.68933421006452,11588600
2019-08-21,8.866023063659668,9.149988090949712,8.752436812023412,9.067953642745817,11917800
2019-08-22,8.683022499084473,8.922815339815646,8.563125777818616,8.884953058942076,9673100
2019-08-23,8.59467887878418,8.866023561002827,8.443230935974036,8.5883683973836,9520200
2019-08-26,8.537885665893555,8.708265051231422,8.411679048125109,8.676713246339155,6170900
2019-08-27,8.430609703063965,8.802919668560909,8.367506696481815,8.47478246965214,13581100
2019-08-28,8.46847152709961,8.563126332716438,8.323333476446486,8.361195759773564,7704400
2019-08-29,8.966988563537598,9.093195178426814,8.50633366694119,8.588368117069335,12709300
2019-08-30,9.06164264678955,9.238332495250479,8.81553991796275,9.149987571020015,8390100
2019-09-02,9.055334091186523,9.301436855977093,9.049023609576341,9.244643725086762,6562600
2019-09-03,8.790297508239746,9.080572964128367,8.758745710508279,9.0490211663969,12952200
2019-09-04,8.910195350646973,9.023781603854566,8.80923005970716,8.979608837717944,7659000
2019-09-05,8.992230415344238,9.257264623098436,8.966989090881963,9.004851378475697,10216400
2019-09-06,8.878644943237305,9.105817485382849,8.777679636417375,9.042713867720042,6102700
2019-09-09,9.162610054016113,9.301437041403755,8.916506682518756,8.916506682518756,8436100
2019-09-10,9.402400970458984,9.43395277273581,9.137366794214586,9.213091360399192,9938700
2019-09-11,9.143677711486816,9.560159836379293,9.093195066154431,9.528608634397006,9717000
2019-09-12,9.34560775756836,9.47181435554419,9.276193677331255,9.307745477275345,7740000
2019-09-13,9.206781387329102,9.440263774173014,9.16260922278584,9.364539805612875,3917400
2019-09-16,9.074265480041504,9.26357572712957,9.004851983556177,9.12474813235823,4770600
2019-09-17,9.250953674316406,9.250953674316406,8.966988638007223,9.017471284382161,4361000
2019-09-18,9.042713165283203,9.339299182378511,8.929126903033799,9.213092558657312,6435000
2019-09-19,8.960679054260254,9.16892014186442,8.935437728544619,9.105817128475667,6715100
2019-09-20,9.017472267150879,9.080575882897202,8.948058771270466,9.036403111154504,9355500
2019-09-23,9.131056785583496,9.143677145234735,8.985918737890586,9.04271186082257,7293000
2019-09-24,8.763136863708496,9.194850260956539,8.679371513473967,9.162632724020426,13607700
2019-09-25,8.917778015136719,8.917778015136719,8.608490600216694,8.724473457623985,8728200
2019-09-26,8.788909912109375,9.020875049300555,8.763136007977021,8.93710970724582,7015300
2019-09-27,8.621379852294922,8.911336448404944,8.569832040297513,8.840458360533106,6121900
2019-09-30,8.524727821350098,8.621380436265817,8.415189174309775,8.569832620776806,9319700
2019-10-01,8.51828384399414,8.634266108506527,8.428074869819296,8.51828384399414,11018300
2019-10-02,8.228326797485352,8.479622201856007,8.215439538544123,8.421630765617138,11561600
2019-10-03,8.428074836730957,8.47962264620039,8.125230995224268,8.228327228661495,8589000
2019-10-04,8.569832801818848,8.666484804277955,8.421632368283309,8.421632368283309,5842200
2019-10-07,8.370083808898926,8.556944781035678,8.279875445142252,8.440962511277329,6670500
2019-10-08,8.009247779846191,8.331421858012192,7.9770302491299345,8.305647956338843,14552300
2019-10-09,8.009247779846191,8.138117288212934,7.91259518769742,8.086569484866237,8053300
2019-10-10,8.43451976776123,8.49251121598547,7.989919074374363,7.996362705176713,9892100
2019-10-11,8.582719802856445,8.84045951087973,8.524728353188745,8.537615615114222,10540900
2019-10-14,8.531169891357422,8.647152762240893,8.466735441031966,8.473178455915688,5488800
2019-10-15,8.776022911071777,8.827570720853533,8.531170507359256,8.550501396901188,8141300
2019-10-16,8.511839866638184,8.74380500069062,8.505396237067698,8.576274933346363,11912200
2019-10-17,8.563386917114258,8.614934720124111,8.447404053092944,8.556943288113455,7085400
2019-10-18,8.408744812011719,8.724475308031334,8.408744812011719,8.518284064018259,13528900
2019-10-21,8.627823829650879,8.724475827411238,8.492510664087328,8.492510664087328,7974800
2019-10-22,8.73091983795166,8.737363468615827,8.556945497009822,8.705145929793437,6321000
2019-10-23,8.653597831726074,8.930667181781311,8.589162756179226,8.763137091456665,9808400
2019-10-24,8.060796737670898,8.434518672708545,7.970587761645186,8.247657705189722,31473200
2019-10-25,7.809502124786377,8.202554406958091,7.764397935790841,8.086572118898358,18757300
2019-10-28,7.867492198944092,7.912596380044618,7.6935178755591265,7.828831033359084,7937800
2019-10-29,7.7450666427612305,7.977031803006756,7.687075199075248,7.86104891563479,10881400
2019-10-30,7.603309154510498,7.80305675952696,7.506656552358807,7.712848401583403,13123700
2019-10-31,7.603309154510498,7.745065935633967,7.558204361040368,7.603309154510498,11923100
2019-11-01,7.687074661254883,7.757952746079704,7.609752946582796,7.693517676603783,7440200
2019-11-04,7.7966132164001465,8.002804437165008,7.745065411208931,7.75795205525758,9877200
2019-11-05,7.931926727294922,7.957700631088394,7.667743445288908,7.848161386341552,8878000
2019-11-06,7.925483703613281,8.009249050970386,7.783726914662921,7.93192733367884,9724300
2019-11-07,8.118788719177246,8.196110440421988,7.912596848026186,7.912596848026186,14747000
2019-11-08,7.925483703613281,8.202553036950059,7.873935892085584,8.022135696603117,9939100
2019-11-11,7.867492198944092,7.925483640072414,7.770840206729142,7.828831033359084,4929100
2019-11-12,7.629083633422852,7.944814139000712,7.609753357336027,7.841718513873117,9189800
2019-11-13,7.268248081207275,7.674187552071026,7.236030545837446,7.603309465856102,12135500
2019-11-14,7.371344566345215,7.461553553049047,7.26180591645274,7.30046647182692,5752500
2019-11-18,7.371344566345215,7.538875278295854,7.306910102555433,7.493771092193162,6270400
2019-11-19,7.474438667297363,7.648412345500027,7.410003607519623,7.410003607519623,8358200
2019-11-21,7.7579522132873535,7.803056390123863,7.377786681384424,7.435778117030406,15706100
2019-11-22,7.7966132164001465,7.906152456056056,7.622638913006064,7.75795205525758,10515600
2019-11-25,7.957700252532959,8.157447843805599,7.8803779303325,7.8803779303325,11053100
2019-11-26,8.29276180267334,8.29276180267334,7.873935691078084,7.91259624148773,16435200
2019-11-27,8.157447814941406,8.299204585809578,7.983474126851734,8.273430683333393,10686100
2019-11-28,8.125231742858887,8.279875799994956,8.08012755904751,8.105901466153785,4687600
2019-11-29,8.09301471710205,8.40230159845069,8.067240810322998,8.099457732923007,9435300
2019-12-02,8.556944847106934,8.563388477281704,7.957701374316382,7.9770316503422976,15507400
2019-12-03,8.234769821166992,8.531170017647097,8.183222014344219,8.50539611423571,11789000
2019-12-04,8.46029281616211,8.505396998195096,8.292762119327598,8.292762119327598,9831300
2019-12-05,8.363639831542969,8.505396615916107,8.31853565153721,8.460292435910349,7690100
2019-12-06,8.589162826538086,8.61493673406827,8.376527935789458,8.415189104333948,9436400
2019-12-09,8.479622840881348,8.917779845929395,8.428075030228445,8.692257713449164,14209500
2019-12-10,8.589162826538086,8.634267011091302,8.337866767244968,8.498953842933227,9889700
2019-12-11,8.801795959472656,8.801795959472656,8.550500564864379,8.602048369630094,7820900
2019-12-12,9.085309982299805,9.085309982299805,8.795352796983035,8.846900604484164,12299500
2019-12-13,9.136857986450195,9.278614152880097,9.02087510982723,9.117527097347468,13086800
2019-12-16,9.027318000793457,9.426813792082541,8.969326567227602,9.29150065192831,14544200
2019-12-17,8.943553924560547,9.098197359515874,8.879118852746632,9.04020591778303,7002900
2019-12-18,8.846901893615723,8.962884784642945,8.769580171097049,8.956441154141784,11698200
2019-12-19,8.846901893615723,8.956441154141784,8.77602380159821,8.81468497010676,10644800
2019-12-20,8.898449897766113,9.072423611492294,8.814684548750398,8.859788731105631,12927100
2019-12-23,9.36237907409668,9.401040236063647,8.995100800652933,9.065978880677665,12053600
2019-12-26,9.343050003051758,9.478363165606925,9.246398007440238,9.394597815977688,12515500
2019-12-27,8.995100021362305,9.471917495488663,8.969326120450024,9.44614359457638,11585900
2019-12-30,9.091753005981445,9.265727317336411,8.975770746243139,9.001544650018134,8340300
2020-01-02,9.465474128723145,9.536352819068165,9.156187309211992,9.188404839868975,13780900
2020-01-03,9.394598007202148,9.504137265523992,9.265728472264218,9.278615118508803,17188500
2020-01-06,9.16263198852539,9.343049320587541,9.117527194636084,9.343049320587541,8453600
2020-01-07,9.16263198852539,9.304388156467901,9.111084179364775,9.20773616791634,7751300
2020-01-08,9.149744987487793,9.265727868625142,9.117527452227598,9.181962522747988,7328200
2020-01-09,9.053092956542969,9.22706666298842,8.956440351185833,9.18196248252078,7993800
2020-01-10,9.15618896484375,9.272171850381723,9.046649709501974,9.085310876180765,7552500
2020-01-13,9.710328102111816,9.742545638079681,9.220623890494162,9.220623890494162,13116300
2020-01-14,9.555683135986328,9.897187487738504,9.53635286330179,9.690996273774669,13980000
2020-01-15,9.426815032958984,9.703884978912495,9.304388520538343,9.53635428533603,10807300
2020-01-16,9.510581970214844,9.575016437713147,9.343051248621986,9.478364429216452,7838500
2020-01-17,9.523465156555176,9.658778287969279,9.426813183187212,9.594343843890057,10729900
2020-01-20,9.729659080505371,9.729659080505371,9.446145498818678,9.497693311034734,6339300
2020-01-21,9.446146011352539,9.645894255401588,9.446146011352539,9.536354994874436,10551300
2020-01-22,10.10338020324707,10.148484381637099,9.555683974946684,9.562127604573357,24983400
2020-01-23,9.98095417022705,10.27735438758588,9.794093203707249,9.916519714408924,13722900
2020-01-24,9.607232093811035,10.142041080162135,9.45258866475735,9.98095402127329,15176800
2020-01-27,8.859787940979004,9.227066226256483,8.827570407384867,9.16263177356655,19518200
2020-01-28,8.788909912109375,9.13685792514532,8.724474844529318,9.020875049300555,11275200
2020-01-29,8.608492851257324,8.94999788414623,8.550502021887866,8.885562809960064,11056900
2020-01-30,8.64070987701416,8.660040152326728,8.208996503210464,8.389414454455668,10574500
2020-01-31,8.312091827392578,8.505396417110665,8.312091827392578,8.447404978745404,10143400
2020-02-03,8.389413833618164,8.434518010842458,8.183221992382123,8.312091509093195,8321000
2020-02-04,8.537613868713379,8.827570443241711,8.53117023906871,8.614935580954377,9796100
2020-02-05,8.569832801818848,8.782467698827642,8.550502524226715,8.672928434974816,7160300
2020-02-06,8.51828384399414,8.85978823669446,8.44096212948643,8.685813918178335,11127800
2020-02-07,8.196109771728516,8.473179096625731,8.093014151813424,8.42807491653747,8228900
2020-02-10,7.835274696350098,8.228327525874835,7.8223880507664445,8.125231288713696,10045800
2020-02-11,8.196109771728516,8.421631286668186,7.899709557223445,7.989917917399967,14571400
2020-02-12,8.363639831542969,8.602049220283487,8.286318116748083,8.408744626047092,16063700
2020-02-13,8.370083808898926,8.376527439023942,8.060796936878807,8.086570842880484,10532200
2020-02-14,8.157447814941406,8.453848000666689,8.073682478269228,8.42163046894688,9603600
2020-02-17,8.43451976776123,8.498954232289366,8.202553974864271,8.299206593404156,8173500
2020-02-18,8.582719802856445,8.582719802856445,8.23477171934871,8.357198249646851,11572100
2020-02-19,8.71803092956543,8.76313572119471,8.440961622834585,8.544057235990092,12048300
2020-02-20,8.51828384399414,8.814684056856217,8.4538487746552,8.782466522186747,8232900
2020-02-21,8.46029281616211,8.46673644630922,8.228327661351672,8.389414728039075,7207900
2020-02-26,7.538873195648193,7.899708428282717,7.429333961517978,7.732177762613178,16051700
2020-02-27,7.294022083282471,7.616196212254288,7.255361531924947,7.37778743055495,18299700
2020-02-28,7.203812599182129,7.422891071103332,6.900968793026449,7.210255613739943,20422800
2020-03-02,7.957700252532959,7.957700252532958,7.34556899118557,7.34556899118557,19219400
2020-03-03,7.841717720031738,8.176778467777186,7.622639231564393,8.047908949413554,13287100
2020-03-04,7.9383697509765625,8.13167433688636,7.796613587207937,8.086570158823465,11542300
2020-03-05,7.699962139129639,8.022136292352624,7.513101154840245,7.886823123419033,14252500
2020-03-06,7.158707141876221,7.358455322476832,6.997620117504133,7.281133624518017,14824200
2020-03-09,5.348091125488281,6.469257043611567,5.096795061978537,6.379048058493044,29775600
2020-03-10,6.037543296813965,6.037543296813965,5.290099391948823,5.92800404029079,32452600
2020-03-11,5.167673110961914,5.908673331297621,4.832611735663374,5.760472918531464,26198000
2020-03-12,4.239811420440674,4.503994103661394,3.582576220117791,4.130272169178663,19986700
2020-03-13,5.1225690841674805,5.141899669195129,4.252698902907806,4.929264770137123,20930700
2020-03-16,4.639307022094727,4.909933321379267,4.27202873642214,4.381567982061042,16941600
2020-03-17,4.993698596954346,5.116124792975385,4.549098297903995,4.800394012237091,21980700
2020-03-18,4.323576927185059,4.735959734995414,4.085168140423541,4.536211807661505,16599500
2020-03-19,4.098054885864258,4.446002910326874,3.9047502912742784,4.123828790843031,19199400
2020-03-20,3.9691848754882812,4.413785177281482,3.949854601246803,4.381567951129295,23683700
2020-03-23,3.7372193336486816,4.0400628241576895,3.531027818308012,3.9498541706176438,21595500
2020-03-24,3.7372193336486816,4.123828156069443,3.7372193336486816,3.994958343763099,24499600
2020-03-25,4.2204813957214355,4.317133392811119,3.782324364651594,3.7952113180801654,26109100
2020-03-26,4.5748724937438965,4.761733460854973,4.239811417484464,4.239811417484464,15025300
2020-03-27,4.362237453460693,4.5104375569061474,4.252698206490248,4.349350501302357,12228700
2020-03-30,4.549098968505859,4.613533737160489,4.214037864252571,4.407342477465674,14322900
2020-03-31,4.497550010681152,4.800393500025037,4.491106381828515,4.5490978125057175,16501900
2020-04-01,4.407341480255127,4.465332605298544,4.207593588996373,4.2720283430719155,9417800
2020-04-02,4.491107940673828,4.71663011280783,4.407342887258968,4.497551571763024,11170000
2020-04-03,4.027176380157471,4.536211450029441,3.949854667398249,4.510437545776367,16042700
2020-04-06,4.2204813957214355,4.362237883435721,4.156046321329373,4.304246439382547,10198800
2020-04-07,4.478219985961914,4.639307040237511,4.426672177753591,4.458889711508379,16963600
2020-04-08,4.774620056152344,4.832611492380645,4.439559004970586,4.510437392888601,11954800
2020-04-09,4.6199774742126465,4.9936994482787975,4.6135338435739515,4.897047139442912,10845800
2020-04-13,4.7230730056762695,4.7230730056762695,4.478220577115485,4.5748728838893955,11763100
2020-04-14,4.793951034545898,4.922820562121384,4.787507404542529,4.845498845576093,9863100
2020-04-15,4.697299003601074,4.768177401441539,4.58775974527923,4.6393075592544015,10329200
2020-04-16,4.793951034545898,4.800394357300077,4.497550813873092,4.787507404542529,12883000
2020-04-17,4.890603542327881,4.961481631891181,4.787507608623548,4.8648296357140985,11465300
2020-04-20,4.716629505157471,4.832612084577621,4.6650813848326464,4.7488467347051335,8522900
2020-04-22,4.72951602935791,4.806837741956608,4.658637639184518,4.735959351783215,7547100
2020-04-23,4.832610607147217,5.193445802860091,4.729515012514457,4.735958333554451,18280500
2020-04-24,4.561985969543457,4.935707938864929,4.291359631138469,4.761733908068753,20463400
2020-04-27,4.671525001525879,4.697298907988844,4.4782203958044375,4.677968631766221,13778300
2020-04-28,5.0323591232299805,5.154785311241873,4.800393698194335,4.832611229289256,19016300
2020-04-29,5.818464756011963,5.973108809158894,5.161229834506509,5.193447371182886,34574500
2020-04-30,5.773360729217529,5.792691005945821,5.418969045207279,5.573612488030451,25377300
2020-05-04,5.302986145019531,5.5285082928836085,5.212777777472633,5.5285082928836085,17770600
2020-05-05,5.129012107849121,5.528507950142846,5.12256847785284,5.4125250682033075,13641300
2020-05-06,5.2192206382751465,5.328759880857345,5.045246330233423,5.167672831706857,12166400
2020-05-07,5.4765143394470215,5.579722994604188,5.224943396294457,5.328152051451624,22482600
2020-05-08,5.489415645599365,5.715184421535508,5.418459234876837,5.63777793134265,14286000
2020-05-11,5.173338890075684,5.463613376474793,5.173338890075684,5.418459130023669,11776700
2020-05-12,5.083031177520752,5.276547713132588,5.083031177520752,5.257195628950929,11590800
2020-05-13,4.850811004638672,5.199140802132279,4.7863056005050515,5.166887946272454,12905000
2020-05-14,5.412008762359619,5.412008762359619,4.7218001726345475,4.825008818729501,27898300
2020-05-15,5.083031177520752,5.360404899070121,5.03142685004721,5.224943385659047,22312700
2020-05-18,5.341052532196045,5.405558245709854,5.257195350696924,5.366854694567154,13174400
2020-05-19,5.637777805328369,5.753887845608442,5.341052625302029,5.3539540142985205,17170000
2020-05-20,5.528119087219238,5.7732399694352585,5.489416146179536,5.7538884989154075,13595800
2020-05-21,5.495866298675537,5.650679277890373,5.308799846492491,5.553920704502029,14279000
2020-05-22,5.482964992523193,5.541020014400976,5.282997763296621,5.386207032841626,8030400
2020-05-25,5.573273181915283,5.799041972089623,5.547471016890441,5.650679676989812,10159900
2020-05-26,5.502316951751709,5.760339225849139,5.457163315232826,5.663580642373042,11657000
2020-05-27,6.095767021179199,6.153822044789726,5.592624508508173,5.637778142350973,20343200
2020-05-28,6.198975563049316,6.334437077224085,5.940953924226953,6.128019766166195,14141100
2020-05-29,6.656964302062988,6.895634467060136,6.28283262556237,6.3215361782085475,40459300
2020-06-01,6.676315784454346,6.960139555990205,6.586007913197823,6.805326589697918,13419000
2020-06-02,6.934338569641113,6.934338569641113,6.689217690568026,6.740822021407397,13190200
2020-06-03,6.837579250335693,7.263315203117238,6.753722075519324,7.076249387041346,15168400
2020-06-04,6.766623497009277,6.863382068848237,6.57955766299379,6.740821334219971,12000700
2020-06-05,6.856932163238525,7.2246131790803485,6.760173580267623,7.160108072271903,18744400
2020-06-08,8.030929565429688,8.037380259005477,7.114951993515606,7.121402687091395,31058700
2020-06-09,7.7729082107543945,7.818061836815565,7.48263375789884,7.785808983126722,19061800
2020-06-10,7.405227184295654,7.9406231168088235,7.379425022562543,7.75355729045075,13303200
2020-06-12,7.011744499206543,7.218161805881251,6.876282987908242,7.031095967914273,12977800
2020-06-15,6.844030380249023,6.940788957670548,6.605360206884658,6.6698659251656744,11475100
2020-06-16,7.289118766784668,7.456833148706961,7.031096498787567,7.218162350878695,14711200
2020-06-17,7.19881010055542,7.385875932373721,7.134305001925845,7.2955686712579,9609600
2020-06-18,7.514886379241943,7.514886379241944,7.063348250111758,7.160106816107401,11779100
2020-06-19,7.231063365936279,7.676150847759861,7.231063365936279,7.643898604209196,16261500
2020-06-22,7.173008918762207,7.269767502693511,7.0762509500030655,7.192360389479602,8392100
2020-06-23,7.340722560882568,7.508436930548133,7.250414681407548,7.282667539446634,9184600
2020-06-24,7.147205829620361,7.385875988215652,7.1020521987210605,7.385875988215652,7394800
2020-06-25,7.1794586181640625,7.211711475000559,7.037546417186721,7.160107150130995,8263400
2020-06-26,6.908536911010742,7.269767868557297,6.856932576385833,7.127855640752701,7231600
2020-06-29,6.80532693862915,7.018194931988489,6.773074081871537,6.921436361715651,10582300
2020-06-30,6.889183521270752,7.005292934264153,6.695667012719052,6.766622799280132,9939900
2020-07-01,6.83112907409668,7.005293515626528,6.760172666474975,6.940788417537428,12092400
2020-07-02,7.005292892456055,7.140754386116598,6.9149856401303715,6.96658996007991,11294300
2020-07-03,6.908536911010742,7.0762513061277925,6.824679713452217,7.0762513061277925,6203100
2020-07-06,7.224612712860107,7.308469899954537,6.998843930841673,7.043997564210937,9973900
2020-07-07,7.0568976402282715,7.302018482434979,7.037546172867021,7.192359142101135,7952700
2020-07-08,7.327820301055908,7.398776703346725,7.147205178734975,7.205260193273996,9822800
2020-07-09,7.147205829620361,7.424579539823684,7.108502893184413,7.385875988215652,9685600
2020-07-10,7.243964195251465,7.243964195251465,7.12785476420999,7.160107623177334,5901700
2020-07-13,7.527787685394287,7.9148207148142875,7.418128347564355,7.418128347564355,23665300
2020-07-14,7.863215923309326,7.863215923309326,7.372974856186385,7.605194309034094,16414900
2020-07-15,7.695501804351807,7.972874872306717,7.560040309705166,7.921270551981523,19040200
2020-07-16,7.540689468383789,7.689052375098245,7.4761843649544755,7.618096576774364,8277100
2020-07-17,7.676151275634766,7.772909857196503,7.553591143863142,7.650349110252733,11526200
2020-07-20,7.656797885894775,7.695501431851238,7.598742874546078,7.67614935128701,7142800
2020-07-21,7.521337032318115,7.7471064032377885,7.437479854981437,7.695502081057071,11297100
2020-07-22,7.618096828460693,7.6438989937192945,7.463283221736944,7.527788942469519,6982300
2020-07-23,7.514886379241943,7.721304284262752,7.456831977851016,7.592293478107277,7557300
2020-07-24,7.4890851974487305,7.560041611493103,7.302019350265426,7.424580093520908,5443600
2020-07-27,7.895469665527344,7.959975383926001,7.456832872001684,7.514887280353929,19304400
2020-07-28,7.934173583984375,8.024480855683384,7.74710773024366,7.830964921944277,10753000
2020-07-29,8.385711669921875,8.753392677055672,8.23734937412127,8.243799454028844,31511000
2020-07-30,8.24379825592041,8.546974113711562,8.159941077587877,8.192193933126859,14067500
2020-07-31,7.901920318603516,8.347007804649124,7.837414600546068,8.288953396603963,14797100
2020-08-03,8.398612976074219,8.534073880360445,8.037382052461206,8.082535687223283,20611800
2020-08-04,8.230897903442383,8.385710879734646,7.972875661116528,8.327655859832026,10508300
2020-08-05,8.463116645812988,8.637281690661196,8.34055653716472,8.38571016427113,14903300
2020-08-06,8.456666946411133,8.695337113026257,8.411513313994572,8.534073437056138,14742600
2020-08-07,8.3534574508667,8.527622498655326,8.230897340149253,8.308303822997964,14944000
2020-08-10,9.011414527893066,9.082370324979491,8.42441483651124,8.4695684696415,26631800
2020-08-11,8.979161262512207,9.127523544748186,8.875952611361598,9.056567750875164,14692600
2020-08-12,8.908205032348633,9.114622324540305,8.759842142206827,9.030765145794424,10599500
2020-08-13,8.830799102783203,8.979162012584736,8.740491833068663,8.882404047841403,7507700
2020-08-14,8.824349403381348,8.914656676989415,8.643733625820888,8.830799483516092,6587600
2020-08-17,8.99206256866455,9.056568287038566,8.785645254143095,8.792095949014922,11008800
2020-08-18,9.559711456298828,9.675821511289394,9.224283297130322,9.224283297130322,26027200
2020-08-19,9.604864120483398,9.849984965400632,9.559709875911762,9.617764893809536,13867300
2020-08-20,9.553260803222656,9.69517240062015,9.321040707168343,9.379095731181922,11993000
2020-08-21,9.340392112731934,9.533908653059479,9.16622765705763,9.495205714097244,11647800
2020-08-24,9.38554573059082,9.546809400823747,9.327490710879433,9.391996425041437,7215700
2020-08-25,9.572611808776855,9.656468993267682,9.166227275554581,9.411348134411131,13832500
2020-08-26,9.424247741699219,9.779027904414571,9.295236941213279,9.714522811757611,11479200
2020-08-27,9.643567085266113,9.733874959514818,9.353292610057368,9.450050563402929,11920300
2020-08-28,9.837084770202637,9.908040570033933,9.553260955705317,9.714524640462738,12326800
2020-08-31,9.81128215789795,10.172513065959803,9.611314927240613,9.66936994953378,18583800
2020-09-01,9.978996276855469,10.088655623922063,9.862886235215052,9.946743419158455,9473600
2020-09-02,9.843535423278809,10.211216426103501,9.579063079831423,9.99834841234477,19466400
2020-09-03,9.695172309875488,9.959644647753386,9.579062878107218,9.772578802778376,13781900
2020-09-04,9.656468391418457,9.798379973091599,9.39844615941154,9.662918470460284,24478000
2020-09-08,9.714523315429688,9.785479105582818,9.314588890429711,9.475852553191231,13084200
2020-09-09,10.19831371307373,10.256368111561102,9.740324912748784,9.740324912748784,15843800
2020-09-10,9.920941352844238,10.359578130218761,9.88223780019573,10.153160823218986,10967200
2020-09-11,10.320877075195312,10.527294419844111,9.914492466538832,9.933843938806604,16214800
2020-09-14,10.449885368347168,10.598247636121892,10.288621097678082,10.385379660079535,12052200
2020-09-15,10.701458930969238,10.798216902192788,10.411183786954235,10.565996786980785,11663000
2020-09-16,10.520841598510742,10.656303722534439,10.366028621300927,10.611150091307932,8679200
2020-09-17,10.791765213012695,10.817567992480013,10.353127804822241,10.366029194555901,8997900
2020-09-18,10.578896522521973,10.888522474124958,10.520841502803393,10.778863129139213,8950300
2020-09-21,10.469236373901367,11.133643087266357,10.301522637243092,10.449885522376684,21582700
2020-09-22,10.824017524719238,10.959478411339823,10.527291744438164,10.611149538355383,16021300
2020-09-23,10.391831398010254,10.933677433347292,10.391831398010254,10.84336894056167,14451900
2020-09-24,10.204765319824219,10.462786957868632,10.101556664606454,10.404731935515612,15457900
2020-09-25,10.262821197509766,10.262821197509766,9.927393040096497,10.120908977171917,8641100
2020-09-28,10.15316104888916,10.53374342850812,10.075754557043762,10.35957836047689,8610200
2020-09-29,9.882238388061523,10.282172251750547,9.824183363221287,10.082205627492105,13795500
2020-09-30,10.643403053283691,10.946578333695717,10.211216334633553,10.211216334633553,37997200
2020-10-01,10.669205665588379,10.869172284408629,10.482139206114033,10.649853581053165,13716000
2020-10-02,10.824017524719238,10.959478411339823,10.42408309834321,10.565994679137743,14691500
2020-10-05,11.43036937713623,11.436820072080058,10.875623145753861,10.927227474960228,19022000
2020-10-06,11.404568672180176,11.533578889576791,11.230403586833178,11.520678729078174,11385700
2020-10-07,11.610984802246094,11.830303502493836,11.43681973492979,11.469073208698116,13729400
2020-10-08,11.514225959777832,11.83675329069405,11.398115923792933,11.604533218724251,11696400
2020-10-09,11.456171989440918,11.791600739551,11.307809698934465,11.54002856179632,13244800
2020-10-13,11.810951232910156,11.817401927562605,11.269105185546438,11.481973187700456,12152200
2020-10-14,11.86900520324707,12.120577351035031,11.610983591722064,11.907708137389797,12487400
2020-10-15,12.546314239501953,12.572115787378225,11.559380118764816,11.694841013389658,23823100
2020-10-16,12.597919464111328,13.043006347061164,12.275392095417335,12.901094747759744,29774700
2020-10-19,12.681774139404297,12.997850765747625,12.623719123306126,12.623719123306126,13831800
2020-10-20,13.339730262756348,13.430037519395665,12.597917666669147,12.959147923570514,21794400
2020-10-21,13.507444381713867,13.597751636772172,13.223619998231102,13.313927253289407,13447600
2020-10-22,13.494545936584473,13.82352401933856,13.449392299208405,13.468743155029953,16823500
2020-10-23,13.849322319030762,13.900926639679895,13.39133412706271,13.488092074486827,15312600
2020-10-26,13.694511413574219,13.855775093612571,13.49454479482305,13.810621460056911,10402000
2020-10-27,13.842873573303223,14.152500771116786,13.707412673914474,13.746115612262084,12691200
2020-10-28,13.333282470703125,13.784821312867118,13.249425889906913,13.565502587283962,10394000
2020-10-29,13.584853172302246,13.875128312234825,13.165567816000785,13.24942562546768,13968800
2020-10-30,13.249424934387207,13.675160963852678,13.101061409302234,13.494545193943823,10920600
2020-11-03,14.442773818969727,14.449224513378637,13.468741109419247,13.55259890639091,18934700
2020-11-04,13.829973220825195,14.60403812868185,13.61710521737159,14.539533642451953,13786900
2020-11-05,13.533246994018555,14.055742174639185,13.10106030591862,14.0170380076971,22535600
2020-11-06,13.397788047790527,13.946084855709746,13.378435961507138,13.442941685440754,16473800
2020-11-09,13.513895988464355,13.804169855190892,13.397785949636077,13.804169855190892,12486600
2020-11-10,12.907544136047363,13.797719042172218,12.739829773664157,13.488093094854369,20319400
2020-11-11,12.868840217590332,13.197816992530717,12.791433121499384,13.03010387329776,10960100
2020-11-12,12.59146785736084,12.926896591797167,12.456005732539014,12.86884157120841,11978900
2020-11-13,12.443105697631836,12.823686837004411,12.443105697631838,12.636621614624278,9841800
2020-11-16,12.73983097076416,12.73983097076416,12.397951519510858,12.57856728758993,9310800
2020-11-17,12.868840217590332,12.920444538202947,12.456004422345362,12.720476719278018,12193000
2020-11-18,12.65597152709961,12.868839491407611,12.53986150468725,12.830135330374167,8911800
2020-11-19,13.08816146850586,13.08816146850586,12.604370405989572,12.655974736777537,12455400
2020-11-23,13.771917343139648,13.791268195668449,12.959148317638435,12.965599011929413,15413600
2020-11-24,14.597588539123535,14.604039234303729,13.69451212974984,13.765468546387646,16053800
2020-11-25,14.965267181396484,15.081375975669008,14.326662046005556,14.54598070798256,10948100
2020-11-26,15.642577171325684,15.661929256111051,14.745951492122746,14.836258760432608,9441100
2020-11-27,15.487765312194824,15.978007089368035,15.384556646510395,15.636127615323149,8840100
2020-11-30,15.16523551940918,15.823191581565585,15.13943274190776,15.397455595545358,11356700
2020-12-01,15.455509185791016,15.803839295522826,15.32004829668029,15.539366981249769,10697100
2020-12-02,15.552268981933594,15.687729876375725,15.04267518586459,15.545818287387181,11318400
2020-12-03,14.978170394897461,15.661929294874987,14.874961736475242,15.629675820152881,11595200
2020-12-04,16.842378616333008,16.842378616333008,15.126533212187704,15.13943337113042,23128000
2020-12-07,16.93268394470215,17.035892586509,16.435991587041645,16.81012322117749,11659400
2020-12-08,16.93913459777832,17.081046172334663,16.384387226645607,16.93913459777832,11625600
2020-12-09,16.655311584472656,17.571289276191667,16.54565224002939,16.95203737604909,15386800
2020-12-10,18.403411865234375,18.455016194351654,17.048796687975482,17.048796687975482,23001900
2020-12-11,18.222793579101562,18.364705156970693,17.75190398720736,18.08088200123243,12851600
2020-12-14,17.55194091796875,18.158292788302088,17.31972202130372,18.158292788302088,12041800
2020-12-15,18.158288955688477,18.93235506211064,17.551937213335915,17.551937213335915,18294000
2020-12-16,18.300203323364258,18.635630849587308,17.609993725308506,18.33245556788854,13718000
2020-12-17,18.977508544921875,19.01621148083824,18.267948157953015,18.300201629836778,15090400
2020-12-18,19.609661102294922,19.796727541249087,19.164573049562684,19.345188794379386,15770000
2020-12-21,19.906389236450195,20.38372958601004,19.358092473325964,19.370993863127534,15810700
2020-12-22,19.55160903930664,19.951543523843803,19.190378725441782,19.796730532187436,11698800
2020-12-23,19.906389236450195,19.996696504372686,19.39034471748564,19.506454765011274,10158200
2020-12-28,20.022499084472656,20.312772970050208,19.83543262524656,20.11925704633184,5591800
2020-12-29,20.99652862548828,21.144890901543757,20.0095957861814,20.099903044590103,12861400
2020-12-30,20.54499053955078,21.09328722987265,20.467583441363658,21.028780289429974,10425400
2021-01-04,22.041519165039062,22.041519165039062,21.157794865028272,21.157794865028272,15190700
2021-01-05,22.44145393371582,22.447903398107805,21.583529988963917,22.318891964072158,14169800
2021-01-06,23.389680862426758,23.854121004521385,22.576913074449408,22.6543189445691,15970200
2021-01-07,24.85395622253418,24.85395622253418,23.583200166510526,23.673507428689142,16561000
2021-01-08,25.0023193359375,25.395803100529243,23.750914091440585,25.092629061806633,18578300
2021-01-11,24.454025268554688,25.11198140330769,24.189552921704923,24.350816607849623,11887500
2021-01-12,24.563684463500977,25.56351876883373,24.389519397046097,24.66689311836071,14861400
2021-01-13,23.38323402404785,24.647540707610435,23.38323402404785,24.608838998549217,14367100
2021-01-14,24.11859703063965,24.286312645863333,23.3961363899916,23.90573023985712,14094900
2021-01-15,22.164079666137695,23.94442953779744,22.067320477820896,23.699310525921405,17974200
2021-01-18,22.60271644592285,22.97684687858261,22.22213408851527,22.409200535189303,11478700
2021-01-19,21.312606811523438,22.847835148964702,20.89977221790265,22.718826183974414,22749800
2021-01-20,21.35131072998047,21.848003170881736,20.86751967905322,21.46097131441535,15041100
2021-01-21,21.557727813720703,22.53176183031265,21.383565202687038,21.71254203103658,15535900
2021-01-22,21.91895866394043,22.067320951371805,20.91912435952733,21.028782478663743,10757900
2021-01-26,21.286806106567383,22.486608299011344,21.112641034049208,21.822202714014566,10446900
2021-01-27,20.71915626525879,21.26745423641385,20.293420261886634,21.086837247230722,11478500
2021-01-28,21.377111434936523,21.531925638908994,20.11925556282735,20.39662926862382,13569800
2021-01-29,19.609661102294922,21.05458336979622,19.583859556089166,20.964276112559922,23380900
2021-02-01,20.44178581237793,20.51274099977241,19.874136931156148,19.996697680792902,14693900
2021-02-02,19.73867416381836,20.583695480506684,19.59031187736625,20.319223150624506,14886000
2021-02-03,20.11280632019043,20.48693800771606,19.945091945734905,19.964444030214317,12358600
2021-02-04,20.061199188232422,20.893319019044863,19.99669347932707,20.461132368826288,12368500
2021-02-05,21.538373947143555,21.751243158596775,20.151506722926797,20.35792401002122,18772000
2021-02-08,22.325342178344727,23.04780270861786,21.70609029525347,22.43500028942436,30261700
2021-02-09,22.8671875,23.189714820280145,22.228582323142515,22.705923839859928,22523800
2021-02-10,22.18343162536621,23.31872932069909,22.13182852686299,23.18971788340829,17540700
2021-02-11,21.29970932006836,22.512413006232528,21.228752899927926,22.467259368086566,17174200
2021-02-12,21.177146911621094,21.886706094983253,21.035234090673303,21.164245522381442,19754000
2021-02-17,21.789949417114258,22.106027338189744,21.357763900878385,21.467422031019904,13645700
2021-02-18,22.035070419311523,23.64770731317416,21.61578384263179,22.454356995991258,29101500
2021-02-19,22.74462890625,22.74462890625,21.764147873039676,22.041519145656867,15722600
2021-02-22,23.080055236816406,23.557396773905364,22.00281512223758,22.38339747483782,22345200
2021-02-23,22.97684669494629,24.15084599946037,22.260835616335196,23.576747735907563,30320600
2021-02-24,23.963783264160156,24.099244161583517,23.09295793639194,23.163914347619915,17988200
2021-02-25,22.415651321411133,24.544331386414644,22.125376207845097,24.02183864268423,18396600
2021-02-26,21.202945709228516,22.905889595752782,20.944925324999875,22.49305501243638,23030500
2021-03-01,21.91250991821289,22.28019091666401,21.422266946485717,21.60288394376397,13912900
2021-03-02,22.47370719909668,22.505959443900228,21.267455526486394,21.480322310740657,14488600
2021-03-03,22.84783363342285,23.512241570355076,22.15762538161692,22.609164111196307,25212200
2021-03-04,22.71237564086914,23.796067745387088,22.28019016834832,22.705926176502626,23150100
2021-03-05,23.867027282714844,23.963786485704055,22.23503944783069,22.712378615499286,20146600
2021-03-08,23.544498443603516,24.42177329986988,23.357431974993183,23.621904324836255,16757200
2021-03-09,22.68012237548828,23.08005558677507,21.880253492226387,22.892991600315835,22505000
2021-03-10,22.02861785888672,22.892991210959327,21.59642995250628,22.551110564234666,16178900
2021-03-11,24.047637939453125,24.047637939453125,22.41565036906788,22.44790261127419,28810900
2021-03-12,24.266956329345703,24.266956329345703,23.318727624704206,23.667055281160103,14528400
2021-03-15,23.1123104095459,24.25405502991453,22.996200370069708,24.105692748514585,18438700
2021-03-16,23.83477210998535,24.18310224516865,23.544496997332605,23.55739838686033,15645800
2021-03-17,24.279857635498047,24.30566041312935,23.763814386313538,23.937979444292367,11492600
2021-03-18,23.892826080322266,24.96361675708363,23.583200127357475,24.099243382298795,14294700
2021-03-19,22.970396041870117,24.157296673648233,22.84783408586849,23.98313162618921,16650600
2021-03-22,22.576913833618164,22.718826650849742,21.841551891033305,22.544661591707804,15154300
2021-03-23,21.609333038330078,22.84783691491883,21.422266579671838,22.686573235528307,13755900
2021-03-24,21.48031997680664,22.286638312727973,21.37711132823624,21.98991375567411,16377400
2021-03-25,21.589981079101562,22.041517389731556,21.190045402988797,21.68673780537013,17808000
2021-03-26,22.66722297668457,22.705927146602555,21.82220284932782,22.009266852210068,16394400
2021-03-29,23.499343872070312,23.563848360414223,22.77043134247931,22.77043134247931,15656800
2021-03-30,23.783164978027344,23.860573310071224,23.07360582577643,23.53159405060544,10009900
2021-03-31,24.447572708129883,24.466923560596598,23.634802454892302,23.828318361624213,13390400
2021-04-01,23.73801040649414,24.750746000694843,23.505790340949588,24.692690984308705,10943000
2021-04-05,24.383068084716797,24.563685080776484,24.028288478514018,24.07989403758493,8514800
2021-04-06,25.26679229736328,25.63447575299504,24.44112304004344,24.473375284028403,14762800
2021-04-07,25.731231689453125,25.80218810043948,25.092628911952758,25.370002630887555,11640300
2021-04-08,26.51174545288086,26.614954099707465,25.71187905514672,25.79573684965841,14414300
2021-04-09,27.795408248901367,28.021176418783913,26.19567282329341,26.32468426066422,18510300
2021-04-12,28.305002212524414,28.530770383518743,27.679298337642244,28.09213297071103,16052600
2021-04-13,29.079069137573242,29.220979508458015,28.027629212355915,28.356606050189452,13529500
2021-04-14,30.00149154663086,30.446580842697767,29.208074599727244,29.311283248250763,15706600
2021-04-15,30.349817276000977,31.065828248300495,30.06599414871407,30.833608207480335,12762400
2021-04-16,30.962627410888672,30.962627410888672,29.47255008089178,30.36917823331047,12823900
2021-04-19,30.594947814941406,31.310959000472714,30.414333267487983,31.014234398031043,9179800
2021-04-20,30.098255157470703,31.104541474077323,29.711223283762045,30.930376392701834,9480600
2021-04-22,31.427061080932617,32.15597101144719,30.124050486124293,30.407873625915876,16124900
2021-04-23,31.627029418945312,32.310788249291306,30.582041551252075,32.007611769499206,17145300
2021-04-26,33.233219146728516,33.233219146728516,32.00761420636332,32.155976495238946,10758300
2021-04-27,32.89133834838867,33.43963382765196,32.2849853903408,33.41383105056732,11458600
2021-04-28,33.13645935058594,33.39448221564447,32.70427388140457,32.95584482145801,7224400
2021-04-29,32.40754699707031,33.89762167744857,31.83344628630663,33.28481926216902,13628300
2021-04-30,31.730241775512695,32.33014288058216,31.465769430533896,32.007615510574425,11787300
2021-05-03,31.261478424072266,32.032882738502735,30.67965707537946,32.032882738502735,11726000
2021-05-04,31.470674514770508,32.19631781270296,30.601211797513493,31.06536116137968,11758500
2021-05-05,32.48395538330078,32.778135401609724,31.8629117259483,31.8629117259483,9654200
2021-05-06,33.01348876953125,33.582235303536834,32.07211493802635,33.4645632628748,11858100
2021-05-07,33.09846496582031,33.61491155506186,32.438193987819474,33.412256150832235,10915800
2021-05-10,33.170379638671875,35.23617370901949,33.170379638671875,34.131364471389574,15012700
2021-05-11,33.843727111816406,33.90909935519727,32.17670996769206,32.76506763949353,15544700
2021-05-12,32.30744934082031,34.21634896965332,32.196316045904815,33.497244431118986,14302500
2021-05-13,31.33338737487793,31.967508464151393,30.869238069475397,31.87598385310284,11969500
2021-05-14,30.725418090820312,31.215717315673828,29.973624948528595,31.09804530220572,10220600
2021-05-17,31.647184371948242,31.692945438981184,30.758107937380583,31.091512847239013,7815700
2021-05-18,32.170169830322266,32.53626086098985,31.804081293445797,32.23554456461529,12023300
2021-05-19,30.888856887817383,31.54258930872357,30.346257781445434,31.509903186436517,15323000
2021-05-20,30.856164932250977,31.215717197018684,30.50314889318851,30.56198489969892,8486900
2021-05-21,29.875568389892578,30.96730019896032,29.685985413080143,30.738494877835635,11502200
2021-05-24,29.568313598632812,29.692521846138867,28.90150630897671,29.542163706381753,11910200
2021-05-25,28.862281799316406,29.96708847924237,28.535415652070654,29.71213328339721,10765500
2021-05-26,29.365657806396484,29.365657806396488,28.365448046190004,28.45043395528065,11110800
2021-05-27,29.391807556152344,30.006317596693417,29.391807556152344,29.633690335161177,12366300
2021-05-28,29.18260955810547,29.86249175059816,28.698849051217422,29.7448197367517,9699200
2021-05-31,29.365657806396484,29.79058485805856,29.025719157616226,29.548704571652586,7237800
2021-06-01,30.99344825744629,31.084970380481685,30.00631358126205,30.02592475225797,15762000
2021-06-02,30.457386016845703,31.36607345696263,30.287416726939426,31.189565447949963,9860200
2021-06-04,29.82326889038086,30.4835399555695,29.52255261009246,30.4835399555695,8284500
2021-06-07,28.94072914123535,29.738283343070776,28.80998218283418,29.685983562193982,10586400
2021-06-08,28.63347625732422,29.247986258617978,28.600790138780955,29.071478225935156,8439100
2021-06-09,29.274133682250977,29.48332783365624,28.20855175284011,28.901506444198418,10426300
2021-06-10,29.306819915771484,29.659833458994296,29.078012116763052,29.620611117408867,6206900
2021-06-11,29.744821548461914,30.071687719324135,29.450641495927723,29.600999635269428,7181400
2021-06-14,29.496402740478516,30.189359924703034,29.359119546387838,30.006315665915462,7644900
2021-06-15,29.091093063354492,29.74482549174448,28.600793742062,29.640228402953735,8098800
2021-06-16,27.71825408935547,29.18261323353336,27.456760138142418,29.18261323353336,19333400
2021-06-17,26.34541130065918,27.71171191308531,26.149292108602822,27.587503673334144,16239600
2021-06-18,27.06451988220215,27.208339301270446,26.345412811696786,26.436934940319603,11456800
2021-06-21,27.482906341552734,27.62672575099548,26.260425151649184,26.476158006499503,7606500
2021-06-22,27.790159225463867,27.99935585763133,27.554817690133294,27.757473108928302,6222900
2021-06-23,28.221620559692383,28.463503292214565,27.835920919067075,28.051651268803106,6979700
2021-06-24,29.156461715698242,29.378730813712057,28.24123792501095,28.626940109982243,7491100
2021-06-25,28.47004508972168,29.77097364327165,28.26738964481969,29.483329795605098,16099600
2021-06-28,28.06473159790039,28.829597294338,27.659418215868268,28.600791956204823,8202500
2021-06-29,29.215295791625977,29.319892860598944,28.051653087577833,28.103952868959734,9522700
2021-06-30,28.7576847076416,29.568311355603033,28.34583266419865,29.03878729974781,8615100
2021-07-01,28.391597747802734,29.280674192530878,28.143178742648427,28.88843326432021,7275400
2021-07-02,29.463716506958008,29.502941345312678,28.456968099973565,28.63347613188312,7938400
2021-07-05,29.784048080444336,30.208972630454603,29.653301105906134,29.777509360132314,6373200
2021-07-06,29.14992904663086,29.84288631765637,28.74461563977771,29.751361683007058,7757300
2021-07-07,30.15667724609375,30.254735612862014,29.502944825806907,29.67945287853931,12047300
2021-07-08,28.82305908203125,29.352583177247727,28.57464009360724,29.221836209982932,17479700
2021-07-12,30.601211547851562,30.666583783939295,29.11070012589986,29.2806719297935,17926100
2021-07-13,30.908464431762695,31.176494593098365,30.29395692605898,30.470464958225055,10830000
2021-07-14,29.67945098876953,31.150348840758948,29.450643159963175,31.130735173621126,16775900
2021-07-15,30.267807006835938,30.686195307690724,29.79058269531151,29.84288247981385,9782600
2021-07-16,29.22183609008789,30.542375715841374,29.110700295541953,30.39855380306109,11377400
2021-07-19,28.829593658447266,28.829593658447266,27.72478696055259,28.672699301740398,17394800
2021-07-20,29.13684844970703,29.24144551809257,28.345832964179486,28.92765431293596,7243900
2021-07-21,29.784048080444336,29.79712302727727,28.770760898116595,29.084554634524732,9302700
2021-07-22,30.006315231323242,30.16974831538537,29.372194067149074,29.40488018520331,8965100
2021-07-23,29.901718139648438,30.372403725692056,29.529088413918764,29.999776493753338,6819500
2021-07-26,30.960765838623047,31.32031814796848,30.07168940503289,30.084764351855227,12179900
2021-07-27,30.646976470947266,30.901931715100805,30.1697521047999,30.830020750074674,9398800
2021-07-28,29.79058265686035,31.398763621366854,29.666374409514088,31.228794309535598,19887700
2021-07-29,31.46413803100586,31.732168189023287,29.842882136925926,29.960554156913183,24720900
2021-07-30,30.561983108520508,31.143804420029152,30.32010287094975,30.856163123831244,14347500
2021-08-02,30.130599975585938,31.37372138034735,30.070123646724664,31.37372138034735,12882300
2021-08-03,30.204513549804688,30.50689517184981,29.673666098138405,30.13059775738072,12248600
2021-08-04,30.527057647705078,30.795841921481195,29.996210116821498,30.164199647102368,11773900
2021-08-05,29.317529678344727,30.2918693382208,29.021866503495552,30.271708854188784,15191000
2021-08-06,29.176414489746094,30.184351467641232,29.156256570449404,29.357843453365174,10588800
2021-08-09,29.115943908691406,29.351128203868004,28.323033194500915,28.759804394588393,14769800
2021-08-10,29.4250431060791,29.84837482452997,29.04202722939509,29.13610094460639,11892700
2021-08-11,29.633344650268555,30.191070980677182,29.519113028849628,29.6131867319749,11658800
2021-08-12,29.31080436706543,29.834933298706783,29.27720698302439,29.505672783145982,7975200
2021-08-13,28.63213348388672,29.44520212518557,28.423825561494898,29.411604734687945,8935700
2021-08-16,27.852659225463867,28.34318825104672,27.543559164956807,28.34318825104672,11310100
2021-08-17,27.012712478637695,27.87953892557758,26.622975602965607,27.59059677659762,12472400
2021-08-18,26.387792587280273,26.938797976035666,26.105568877032887,26.57594001856753,14705000
2021-08-19,24.86244773864746,25.48736892741392,24.593663494524662,25.13123198277026,17934600
2021-08-20,24.822124481201172,25.467206028342332,24.660856016902898,24.855724427636332,10987400
2021-08-23,24.613821029663086,25.151386890178866,24.613821029663086,24.996836865487843,7305100
2021-08-24,25.930858612060547,26.17948234752,25.494084898701043,25.534403300390256,12540400
2021-08-25,25.33281707763672,25.991335609128253,25.245461820028925,25.87038296423018,9339200
2021-08-26,24.566787719726562,25.494088001593955,24.526469313130185,25.272343173605346,8818800
2021-08-27,25.164825439453125,25.352972842943668,24.728051751845943,24.728051751845943,9458500
2021-08-30,24.654136657714844,25.31265515166769,24.573502420151446,25.18498406191596,9161800
2021-08-31,23.42445945739746,24.573507177566523,23.31022524902713,24.573507177566523,15204100
2021-09-01,23.43789291381836,23.84778765421311,22.49043235131411,22.846569227839893,14325800
2021-09-02,22.994401931762695,24.02921522945516,22.994401931762695,23.505088847291695,11208100
2021-09-03,23.390859603881836,23.746996534295004,23.04144112581085,23.545409640916162,13684400
2021-09-06,22.947364807128906,23.14895167761475,22.658422686216614,22.913764859284488,6052100
2021-09-08,22.315725326538086,22.86001224791088,22.315725326538086,22.80625437568404,9308400
2021-09-09,22.98096466064453,23.243027876762813,22.13429612499856,22.188053996672263,15709500
2021-09-10,22.6785831451416,23.787314902008426,22.671864692809674,23.65292278552208,10925500
2021-09-13,22.584510803222656,23.095197800884037,22.450118678580214,22.893610895578664,9817800
2021-09-14,22.26197052001953,22.752499580235387,22.040223137054237,22.517312728910092,10519700
2021-09-15,22.403078079223633,22.725617586527065,21.939428018096724,22.295564910122486,12511800
2021-09-16,21.01884651184082,21.973026914501975,20.97852810941054,21.973026914501975,12144200
2021-09-17,20.02434730529785,21.005406623244085,19.883236744595376,20.56191445866753,13872900
2021-09-20,19.406143188476562,19.56741420901484,18.78794188193969,18.814820812582056,12497400
2021-09-21,19.332231521606445,19.869797396541614,18.63339460253258,19.86307766289766,17593900
2021-09-22,19.70853042602539,21.012129459487266,19.580858032020064,20.326731910606025,20104000
2021-09-23,20.232654571533203,20.487998032224468,19.318791336443876,19.869796658191937,19336300
2021-09-24,19.506940841674805,19.97059093033088,19.385988198839954,19.957152744638897,12884500
2021-09-27,20.138580322265625,20.400644807594578,19.318792043053005,19.816040797492608,19275500
2021-09-28,18.559478759765625,19.916832816682657,18.559478759765625,19.775722265291787,15271000
2021-09-29,18.734188079833984,18.99625256581876,18.45868540819364,18.808103868401247,13833800
2021-09-30,19.30535316467285,19.876517724917825,19.12392419583183,19.191120252623858,16888500
2021-10-01,19.634613037109375,19.71524856407187,19.090327395501735,19.406147205983554,10384900
2021-10-04,18.653554916381836,19.574136692339778,18.586358857591318,19.574136692339778,12185100
2021-10-05,18.714031219482422,19.029851029276877,18.39821012802975,18.814824666722505,10174800
2021-10-06,18.693872451782227,18.693872451782227,17.98159728885436,18.30413684018114,11323200
2021-10-07,18.45868682861328,19.157523802804896,18.357893379320558,18.814825049883037,14410200
2021-10-08,19.02985191345215,19.58757704786271,18.86186239969405,18.882021602742004,14690800
2021-10-11,18.895456314086914,19.78244051834624,18.895456314086914,19.527095803994037,11921500
2021-10-13,18.45868682861328,18.84842243909453,18.27053939837573,18.814825049883037,12487700
2021-10-14,18.19662094116211,18.774505178969516,18.102547239810416,18.747626246207282,9363000
2021-10-15,18.53931999206543,18.73418713161861,18.122705498034012,18.290694985978313,9935800
2021-10-18,17.773290634155273,18.236940758008952,17.672495903035713,18.16302624528839,13672300
2021-10-19,17.249162673950195,17.941279905949585,17.087892900618517,17.60530089109404,13328400
2021-10-20,17.215564727783203,17.437310819142624,16.95350023315248,17.39027268199277,10004000
2021-10-21,16.845985412597656,16.866144612268588,16.18074720335369,16.510006441363853,16165900
2021-10-22,16.859424591064453,17.34323383998015,16.476408775465607,16.77206934230729,14957900
2021-10-25,17.538103103637695,17.632176808396867,16.899742525651053,17.03413463101396,8901100
2021-10-26,16.415935516357422,17.43731206927526,16.362178923133232,17.36339627297015,14918700
2021-10-27,16.462970733642578,17.06101293383613,16.415933879468906,16.516727321506515,13777300
2021-10-28,16.153871536254883,16.476411080658085,16.073236009324972,16.30170184035846,7779800
2021-10-29,15.307204246520996,16.187468899004916,15.280325310367854,16.16730969689006,15299700
2021-11-01,15.555828094482422,15.770854458413242,15.179531957603492,15.253447750826545,11536300
2021-11-03,14.843552589416504,15.401277688177954,14.702440740417094,15.253447386916939,17656500
2021-11-04,14.332863807678223,14.977944141490987,13.82217558389341,14.373180928023348,28049600
2021-11-05,14.27238941192627,14.574771059456658,14.09768015798186,14.494135526229115,11987000
2021-11-08,14.5747709274292,15.051860542923901,14.151436624721484,14.178315562773285,13946100
2021-11-09,14.319424629211426,14.91074838727349,14.211911451683445,14.467256209556028,15515000
2021-11-10,14.22535228729248,14.42021945967984,13.990166708211216,14.090960161629388,12310200
2021-11-11,15.287043571472168,15.387837009018387,14.628525079068233,14.783075102082975,20316700
2021-11-12,15.07873821258545,15.596144909976433,14.984663218975834,15.166092190589163,11765200
2021-11-16,14.185035705566406,15.159374168138516,14.171596236153686,15.139216245677778,12995600
2021-11-17,14.064081192016602,14.78979578317299,13.956568014190337,14.433657580587122,15085300
2021-11-18,13.31148624420166,14.017042840214113,13.244290194820755,13.90952967386788,17651400
2021-11-19,14.373183250427246,14.467258255310613,13.51307770857947,13.640748823911029,22286000
2021-11-22,14.648682594299316,14.9510641802714,14.379899674356386,14.883868129871153,15602400
2021-11-23,15.152650833129883,15.804450846536009,14.998100816580033,15.25344554811791,19803800
2021-11-24,15.401277542114258,15.616303898875797,14.991382748501213,15.18625118535272,13244000
2021-11-25,15.743978500366211,15.831332489504781,15.246729659776712,15.401279715299456,10193400
2021-11-26,14.971223831176758,15.280323878014027,14.66212250268139,14.95778436435998,12019900
2021-11-29,15.145934104919434,15.703659199902905,15.085457781709088,15.54238815023653,11500300
2021-11-30,14.621806144714355,15.253447019730316,14.453816645737845,15.01154173107353,16434300
2021-12-01,14.507574081420898,15.320642688756429,14.480695144818945,15.051859731028083,11674700
2021-12-02,15.838050842285156,15.838050842285156,14.682283471631095,14.742759797933868,14137900
2021-12-03,15.643183708190918,16.01276011931356,15.3139244207988,15.649903442422382,13963000
2021-12-06,16.2143497467041,16.315144495470374,15.555831061164085,15.918689080742341,13140000
2021-12-07,16.402494430541992,17.094611621519707,16.342018108919756,16.960219510879597,16167400
2021-12-08,16.194185256958008,16.74519051664434,16.15386814279163,16.47640761943856,9590900
2021-12-09,16.436092376708984,16.610801613823394,15.811172501442853,15.925405414876957,12160400
2021-12-10,16.382333755493164,16.68471533639839,15.918683706982536,16.57048243712953,13171100
2021-12-13,16.63096046447754,17.121489495831845,16.37561698895253,16.69143678688102,14792200
2021-12-14,16.382333755493164,16.91990086802934,16.335296905498584,16.76535085185913,9616700
2021-12-15,16.3621768951416,16.832546707139215,16.01275844166352,16.294980841525337,12695300
2021-12-16,17.34995460510254,17.376833539136808,16.57048346132246,16.798949273981254,14807800
2021-12-17,17.114770889282227,17.30291960266939,16.83254846003061,17.202126152577723,13440300
2021-12-20,15.932124137878418,16.852707194921145,15.885087281251822,16.832547992799082,17835400
2021-12-21,16.691436767578125,16.79223021091464,16.20762747056795,16.308420913904467,11476600
2021-12-22,16.637680053710938,16.798949818166356,16.409214233651223,16.58392346555913,6457600
2021-12-23,16.563766479492188,16.718316530889705,16.40921642809467,16.644402013332556,7220300
2021-12-27,16.745195388793945,16.785512514690915,16.301703158952282,16.503290070095467,5791500
2021-12-28,16.765352249145508,16.91990227819649,16.49656802964693,16.725033847225834,6394700
2021-12-29,16.825828552246094,16.913182526328352,16.57048380032907,16.725033829213608,6578800
2021-12-30,16.792232513427734,17.114772088993753,16.731756182801814,16.940062831814238,8263100
2022-01-03,16.46969223022461,17.29620033772264,16.46969223022461,17.061014760022196,8382300
2022-01-04,16.221067428588867,16.77879257641687,16.160591099648386,16.70487806011274,7604800
2022-01-05,15.8766450881958,16.432056514413006,15.836004282443186,16.32368361621974,10546600
2022-01-06,15.673446655273438,16.296591534226682,15.619260200229983,16.100166119159276,7757200
2022-01-07,16.33723258972168,16.384645577108174,15.524434459959739,15.836006258160708,10063000
2022-01-10,16.879098892211914,17.10939167637436,15.470249602463074,16.13403407826912,19290000
2022-01-11,16.838459014892578,17.488696538679935,16.696218749122142,16.797818200725526,17393200
2022-01-12,17.800268173217773,17.9018676163668,17.095842955824764,17.204215867437995,16808400
2022-01-13,17.73253631591797,17.983148211258566,17.39387061482529,17.48192312867025,10723400
2022-01-14,17.420963287353516,17.67834994495554,17.373550295665545,17.61739001509754,9321800
2022-01-17,17.028112411499023,17.339685553436297,16.973925946628263,17.271952149371042,7891800
2022-01-18,17.4683780670166,17.556430583808048,16.818139227368142,17.007792491412935,11038500
2022-01-19,17.9289608001709,18.28117342069077,17.746082313126436,17.94250773755406,14647400
2022-01-20,17.847684860229492,18.348910003317034,17.82736445062464,18.03056467095134,13554200
2022-01-21,17.4412841796875,17.956056217301313,17.420963771867303,17.77994989191444,14074300
2022-01-24,17.569976806640625,17.590295921737848,16.750405144165153,17.251630223108194,13589100
2022-01-25,17.210988998413086,17.759627014185238,17.007790116099546,17.60384111828439,14242100
2022-01-26,17.61061668395996,18.07797571922982,17.366776962617923,17.617390153098032,16806300
2022-01-27,17.73253631591797,18.098294601306364,17.441283606273124,17.83413576786435,11813300
2022-01-28,17.387096405029297,18.274400142356185,17.109390645317013,18.064427778358205,14517600
2022-01-31,17.29904556274414,17.502244477570482,16.581073307622393,17.17035222767029,12126500
2022-02-01,18.17280387878418,18.240537286366013,17.170353580676387,17.400646391310246,11604300
2022-02-02,18.260854721069336,18.450507986435284,18.030563223570418,18.1728022036645,7514200
2022-02-03,17.9560546875,18.423413692289618,17.827361366084034,18.328586422448197,7024700
2022-02-04,18.037334442138672,18.145708653663263,17.617389701597705,17.888322000641413,7903600
2022-02-07,18.606292724609375,18.707893466123927,18.064428132098215,18.084748538782545,9416500
2022-02-08,18.856904983520508,18.904317971557184,18.36922687411994,18.57242576339342,8141700
2022-02-09,19.087202072143555,19.154935481218555,18.531790443161732,18.565656501745572,7719100
2022-02-10,19.10751724243164,19.866128941889983,18.99914432706717,19.3310378337663,16086700
2022-02-11,18.83658790588379,19.391999507141467,18.734988443296427,19.21589446100725,9865600
2022-02-14,18.789173126220703,19.121065361523943,18.504693882831194,18.694347142393248,8512800
2022-02-15,17.881549835205078,18.55888127814396,17.64448357179503,18.55888127814396,17908300
2022-02-16,17.9560546875,18.274399964784696,17.9221873440184,17.983147270378222,8759000
2022-02-17,16.906192779541016,17.766404051840894,16.845234136125768,17.62416506402657,14506200
2022-02-18,16.68944549560547,17.177124936650525,16.635259034590145,17.07552419182805,10356900
2022-02-21,16.757179260253906,17.190670957829102,16.66912674364913,16.831686130239827,9065700
2022-02-22,16.872323989868164,17.007790777953506,16.526884842966876,16.899417864248047,8389500
2022-02-23,16.05275535583496,17.075524674948163,15.957928077444832,16.960379572451526,11194000
2022-02-24,15.91728687286377,15.91728687286377,15.273821567623484,15.402514887052948,10051800
2022-02-25,17.001020431518555,17.001020431518555,15.571850593195109,15.6463574695156,14967700
2022-03-02,18.376001358032227,18.491147754253305,17.92896271197562,18.09152210218646,15693700
2022-03-03,19.297170639038086,19.344583628387173,18.49791941313327,18.856905505487468,15874900
2022-03-04,19.642610549926758,19.676476603077578,18.96527915165342,19.154932408256517,10606000
2022-03-07,19.601970672607422,20.68570114859069,19.432637826107133,20.05578275290448,17588100
2022-03-08,18.660480499267578,19.967730374246365,18.552107573125966,19.778078399452138,16533000
2022-03-09,18.94495964050293,18.999146103250926,17.935735964379543,18.653708210674445,12623500
2022-03-10,18.626611709594727,18.734984619825266,17.813813590958706,18.450505407493356,17811700
2022-03-11,17.52933692932129,18.83658680259049,17.5090178131383,18.734987345953996,10887800
2022-03-14,16.506568908691406,17.732538538580528,16.377875564411287,17.1432595763777,11594900
2022-03-15,15.81568717956543,16.432058600764368,15.747953786617929,16.106939864904778,11682800
2022-03-16,16.188220977783203,16.777499892476055,15.84955526154545,16.533660163374574,12455700
2022-03-17,17.475149154663086,17.502243030083022,16.445606434940093,16.52011200853075,14770700
2022-03-18,17.393871307373047,17.75962960732433,17.20421804212342,17.50224423268507,16003600
2022-03-21,17.840909957885742,18.19312261131314,17.62416410713263,17.644483223198748,10118200
2022-03-22,17.60384178161621,18.098293361275754,17.35322990344665,17.868000596959003,10005800
2022-03-23,17.766403198242188,18.28117524295111,17.658030272188434,17.6986697964818,11476300
2022-03-24,18.084749221801758,18.125388744798183,17.414189986871467,17.888322492155943,11591900
2022-03-25,18.003467559814453,18.423413572915866,17.691895753244896,18.26762637772404,9252800
2022-03-28,17.79349708557129,18.24053572876759,17.65803028197542,18.1998962044517,6374600
2022-03-29,17.63770866394043,18.050879901677664,17.373548563589146,17.97637433298469,8003300
2022-03-30,18.071203231811523,18.213442215716764,17.583523762634215,17.82059002771683,9340000
2022-03-31,17.630935668945312,18.416639938872663,17.536108400569915,18.132160717560552,10192900
2022-04-01,17.712217330932617,17.97637747749196,17.42773806749679,17.800271143754806,7572900
2022-04-04,17.90186882019043,18.24053451473234,17.678349513469055,17.759628556691137,7040900
2022-04-05,17.4412841796875,18.05088220331456,17.37355077886068,17.834136354194467,6181100
2022-04-06,16.9536075592041,17.481925291449027,16.702994340951733,17.46837964357893,8216100
2022-04-07,17.048433303833008,17.1364858272802,16.669128038979526,16.70976756580844,6629000
2022-04-08,17.427736282348633,17.590295660245452,16.912964273055156,16.91973774195591,8577600
2022-04-11,17.271949768066406,17.671575375856584,17.055203938466388,17.07552305254948,5670700
2022-04-12,17.420963287353516,17.80704327375655,17.393870702920587,17.610616546012526,7448100
2022-04-13,17.82059097290039,17.98315037394572,17.441285703794623,17.441285703794623,9011800
2022-04-14,17.231311798095703,17.949282746210102,17.116165404273918,17.8273628831156,8514200
2022-04-18,16.763952255249023,17.197443940560333,16.68267191829959,17.15680441803918,7544200
2022-04-19,16.838459014892578,16.92651152844028,16.255953597569395,16.628485350750847,6469200
2022-04-20,16.147581100463867,16.736858710363595,15.998568653664348,16.709766125448752,7856300
2022-04-22,14.908064842224121,15.700542662370124,14.786144978831326,15.632809261384441,16218800
2022-04-25,14.515213012695312,14.684545873241161,14.08849348065174,14.393293146397149,15468400
2022-04-26,13.600815773010254,14.48811963091464,13.600815773010254,14.400067108855358,14379700
2022-04-27,14.223958015441895,14.596489732416861,14.122358573712994,14.237504952180947,13267600
2022-04-28,14.542305946350098,14.670999285176483,14.068174700627846,14.359427434436766,8263400
2022-04-29,14.271371841430664,15.219635506513423,14.196864976891074,14.901290225865568,12143000
2022-05-02,14.020498275756836,14.349486010983776,13.61451287128895,14.2024919170833,12621600
2022-05-03,14.643475532531738,14.643475532531738,14.055496486791563,14.055496486791563,10847200
2022-05-04,15.028462409973145,15.028462409973145,14.244491176375073,14.510481082571765,8598800
2022-05-05,14.139494895935059,14.951465752483788,13.656511793904697,14.811470224763125,17100400
2022-05-06,13.978500366210938,14.244491615707735,13.69151072103033,13.992500186731057,9315200
2022-05-09,13.348520278930664,13.656509589135137,13.27852252637109,13.53051390154712,9705500
2022-05-10,12.571549415588379,13.509515951996432,12.361557465387998,13.467517828975609,17660200
2022-05-11,12.774540901184082,13.292522125458923,12.73254278437695,12.879536860749946,15781600
2022-05-12,12.0675687789917,12.522552259680207,11.87157529934443,12.319560204952994,20409100
2022-05-13,12.543550491333008,12.753542431143792,12.158564823314508,12.249560974540195,11555900
2022-05-16,12.879537582397461,13.075531030305802,12.613547714253981,12.676545560542515,10251700
2022-05-17,13.10352897644043,13.446516499667293,13.026532649248178,13.089530493830265,8728400
2022-05-18,12.340556144714355,12.921535222773361,12.319557753460327,12.8305390787817,10361000
2022-05-19,13.229525566101074,13.383520901159805,12.214562745041093,12.284559168144671,18291400
2022-05-20,13.887503623962402,13.915501928738843,13.481518191481694,13.698510060110268,14733900
2022-05-23,14.440481185913086,14.566476877919351,14.041495717957329,14.181491227985653,13724500
2022-05-24,14.671473503112793,14.671473503112793,13.950500198782477,14.118494017318556,10020400
2022-05-25,14.699472427368164,14.76947018213676,14.335485170648358,14.692472518381692,9323300
2022-05-26,15.140458106994629,15.238455511264243,14.650476426031801,14.706474370573162,14608000
2022-05-27,15.609441757202148,15.749437289368403,15.231455956507403,15.23845586662535,12843500
2022-05-30,15.518445014953613,15.847432767603946,15.294453239949448,15.756436609669612,6913500
2022-05-31,15.287452697753906,15.721436410099402,15.070460841581157,15.623440346362594,12668600
2022-06-01,15.525443077087402,15.679437070301478,15.196454028494594,15.350449356804804,11740600
2022-06-02,16.07142448425293,16.28141777387907,15.791434766514364,15.854432619892577,9981700
2022-06-03,15.959427833557129,16.064425140894603,15.763435708065781,16.029425593416704,6660600
2022-06-06,15.399450302124023,16.09242540550804,15.33645244408035,16.09242540550804,9428200
2022-06-07,15.490445137023926,15.665438875438591,15.133459085542723,15.210455422579713,7865500
2022-06-08,14.727474212646484,15.420449282286745,14.636476717638267,15.259454022294431,10485200
2022-06-09,13.74750804901123,14.664476225345597,13.74750804901123,14.664476225345597,14032500
2022-06-10,13.740507125854492,13.887502553665007,13.215525934567042,13.516515364520574,13214000
2022-06-13,12.907538414001465,13.376521682530962,12.65554700550912,13.16652839708859,14257700
2022-06-14,12.690545082092285,13.082532009988133,12.45955340516263,13.026534068159618,10507400
2022-06-15,12.557550430297852,12.970535739631627,12.417554912352225,12.935536192597116,12704700
2022-06-17,11.913573265075684,12.207562780098456,11.437590113601084,12.193562961503043,23140700
2022-06-20,11.794577598571777,11.962571418156829,11.31859444219937,11.65458208136947,7049600
2022-06-21,11.71757984161377,12.116565326985263,11.59858405342436,11.955571417992587,7150100
2022-06-22,11.17859935760498,11.430590081686477,10.842611057948234,11.325594113539541,17697900
2022-06-23,10.954607963562012,11.556586862249688,10.765615069648266,11.40959142496945,15707300
2022-06-24,11.521586418151855,11.577585692840545,10.98960599202313,11.150600569012632,18558600
2022-06-27,11.87857437133789,12.116565960153292,11.661582511569588,11.822576428975223,11412000
2022-06-28,11.948570251464844,12.214561437122759,11.801576176571823,12.137563777838198,12449300
2022-06-29,11.549586296081543,12.088567310321775,11.479588536358774,12.039569279044702,10805300
2022-06-30,10.807612419128418,11.24859669671445,10.737615327993744,11.185598847409576,19866100
2022-07-01,10.555622100830078,11.024605366656788,10.303631361338105,10.6256198622408,16901900
2022-07-04,10.450626373291016,10.576621412241172,10.233633841827071,10.429626643842537,7823600
2022-07-05,10.261632919311523,10.387628627108477,9.995642351489149,10.317630863321693,13416000
2022-07-06,10.317630767822266,10.520623479867274,10.044640960186511,10.324630677645784,15368400
2022-07-07,10.863611221313477,11.045604195563993,10.555621878646859,10.569621697653574,15964100
2022-07-08,10.534623146057129,11.017605568525836,10.436626412599825,10.709616883807088,12590700
2022-07-11,10.002640724182129,10.317629277719252,9.981641665292466,10.226632465799986,11432700
2022-07-12,9.967642784118652,10.10063839386011,9.666654019929036,9.92564466239364,14031000
2022-07-13,10.058640480041504,10.240634136818013,9.799649815035629,9.9046457960346,11393700
2022-07-14,9.414663314819336,9.841648478368423,9.414663314819336,9.736651831203888,13499000
2022-07-15,9.687652587890625,9.764649585501001,9.267667386720401,9.407662231261117,13560300
2022-07-18,9.806649208068848,10.156636683010221,9.78564947893771,10.00964191683292,9944800
2022-07-19,10.037640571594238,10.149636453236042,9.645654318299815,9.72265198758964,9488700
2022-07-20,10.100639343261719,10.135637558806156,9.855647829161631,9.967643721019442,7028200
2022-07-21,10.121637344360352,10.149636314387774,9.911644735380639,10.023640615490326,7905900
2022-07-22,10.086638450622559,10.60461972916871,10.044640329415088,10.3246300292919,13373200
2022-07-25,10.177634239196777,10.45762391071673,10.163635089394795,10.422625702437761,9507200
2022-07-26,10.051639556884766,10.387627863804834,9.890645646572723,10.289631135213961,9490400
2022-07-27,10.261632919311523,10.32463077321,10.023641323494234,10.08663917739271,9812400
2022-07-28,10.38062858581543,10.66061830232198,10.268632699212809,10.38062858581543,8745900
2022-07-29,10.296631813049316,10.394628548953913,10.170636105107429,10.359629667020261,9907300
2022-08-01,9.890645980834961,10.254632602455809,9.82064821982612,10.254632602455809,11442700
2022-08-02,10.051639556884766,10.114637406154035,9.736650978086521,9.904644797772505,8423400
2022-08-03,9.911645889282227,10.142637585787247,9.81364981655172,10.03764160284794,9556600
2022-08-04,10.492624282836914,10.60462016741599,9.86964700797878,9.960643163538183,19514800
2022-08-05,10.772615432739258,11.010606370726759,10.373629230939018,10.499624943881008,12084200
2022-08-08,10.681617736816406,11.003606235683351,10.583621004970597,10.996606326076911,11841100
2022-08-09,10.807612419128418,10.863611026603497,10.5906205687984,10.744615237371642,7664300
2022-08-10,11.010604858398438,11.08760252464195,10.68861704519133,10.947607678128406,8733300
2022-08-11,11.332592964172363,11.689580290602306,11.066602446492093,11.164598496262492,11634800
2022-08-12,11.68258285522461,11.717581070381398,11.353593758326957,11.38159339852945,8602400
2022-08-15,11.15060043334961,11.395591916747186,11.031604646276282,11.388592007496264,12184200
2022-08-16,11.199599266052246,11.451590676769229,10.975607494346605,11.052604498983385,16154000
2022-08-17,11.388592720031738,11.444590662446492,10.814612808958316,10.968607484372955,11382500
2022-08-18,11.073603630065918,11.51458860158325,11.066604387817371,11.430591019119285,7347900
2022-08-19,10.758614540100098,11.003606031392083,10.695616689907979,10.996606121915601,10154600
2022-08-22,10.401627540588379,10.695617073667895,10.296631564866322,10.695617073667895,11504000
2022-08-23,11.367592811584473,11.367592811584473,10.464625169960236,10.499624050304206,13797000
2022-08-24,11.164600372314453,11.521587091182903,10.989606633978651,11.367593082082056,10266500
2022-08-25,11.171600341796875,11.374593052649933,11.031605483889274,11.325595019269308,9613500
2022-08-26,10.506623268127441,11.29759430706388,10.499623359009897,11.199598249610556,15716600
2022-08-29,10.149636268615723,10.513623544878822,10.100638238175728,10.310630178660334,8657800
2022-08-30,9.827648162841797,10.25463263731234,9.799649191852714,10.086638811377844,7132900
2022-08-31,9.65965461730957,9.932644425490496,9.65965461730957,9.890646301561805,12166000
2022-09-01,9.49866008758545,9.624655795247735,9.225670277714691,9.624655795247735,11466600
2022-09-02,9.39366340637207,9.743650863636162,9.358664527136042,9.617655165405697,10527800
2022-09-05,9.582656860351562,9.904645367029635,9.512659765233456,9.589656770127814,7313200
2022-09-06,9.23266887664795,9.561657275090871,9.169671694755056,9.519659153828941,9719900
2022-09-08,9.071675300598145,9.428662682236165,8.973678568124532,9.35866492081957,14035300
2022-09-09,9.876646041870117,9.897645770447044,9.330665782284212,9.330665782284212,18685300
2022-09-12,9.946643829345703,10.09363859204729,9.862646917451672,9.95364373889057,6573300
2022-09-13,9.477660179138184,9.988642206489429,9.456661118919063,9.813648480384552,9413600
2022-09-14,9.106674194335938,9.519659518678871,9.02967652315789,9.435661937839523,14025400
2022-09-15,9.050676345825195,9.295667178573456,9.015677464704549,9.141673169719624,10515400
2022-09-16,9.169671058654785,9.204669268095866,8.875681560022931,8.966678373175462,16328300
2022-09-19,9.540657997131348,9.666653693143259,9.00167700201203,9.071674759251556,20126300
2022-09-20,9.169671058654785,9.519658493450036,9.099673304676514,9.456660648379202,15729600
2022-09-21,8.763686180114746,9.23266875494761,8.735686542911735,9.183670724938525,23771000
2022-09-22,9.085674285888672,9.260668018675878,8.924680372147536,9.050676073369722,21658500
2022-09-23,8.98067855834961,9.015677439371915,8.777685849477995,8.86168276340265,11271200
2022-09-26,8.623690605163574,9.099673753581698,8.595691635700632,8.868682088625395,12834600
2022-09-27,8.469696044921875,8.861681591394598,8.42769725974006,8.7356859033972,13356700
2022-09-28,8.546693801879883,8.623690802780386,8.371700071839385,8.476696042844443,8176300
2022-09-29,8.427698135375977,8.546693926948699,8.259704312290289,8.434698044891574,10860500
2022-09-30,8.903681755065918,8.959679698946044,8.33670173884446,8.434698474408753,10739500
2022-10-03,9.27466869354248,9.309667576839068,9.008678115055858,9.106674854776669,9120900
2022-10-04,9.72965145111084,9.750651180058002,9.400663708182819,9.400663708182819,14628700
2022-10-05,10.016642570495605,10.079639759923525,9.680654222472459,9.687654132702733,17225000
2022-10-06,10.023639678955078,10.149635366080414,9.862645783226515,10.05163864636648,6125200
2022-10-07,10.009642601013184,10.275633180255422,9.911645861013985,9.98164362780601,10475700
2022-10-10,9.771650314331055,10.177635731330133,9.722652281518517,10.065639846302544,8002700
2022-10-11,9.645654678344727,9.729651592711447,9.386664025493642,9.687653469302154,8781500
2022-10-13,9.575657844543457,9.729651857973419,9.330666336966827,9.519659900105625,7970400
2022-10-14,9.00867748260498,9.603656454232167,8.980678511443003,9.59665654455464,13129100
2022-10-17,8.945679664611816,9.12767331163061,8.847683598946412,9.043676397825351,9619700
2022-10-18,9.211669921875,9.351664773603718,8.98067824963559,9.211669921875,9008300
2022-10-19,9.00867748260498,9.197671038609426,8.91768065944152,9.183671219254373,7449900
2022-10-20,9.3656644821167,9.645654182272674,8.952679173725562,9.02967617438143,17652400
2022-10-21,9.93264389038086,9.93264389038086,9.162671873537475,9.30966663446501,17374800
2022-10-24,9.127673149108887,9.764650234784918,9.043676236799225,9.70165238366564,17724300
2022-10-25,9.043676376342773,9.421662821342629,9.029676556967752,9.120673380260994,16734700
2022-10-26,9.190671920776367,9.41466370937074,8.805685533468647,9.043677142624263,16477900
2022-10-27,9.14167308807373,9.2466690629498,8.97367859370464,9.078675236128838,12649500
2022-10-28,8.616690635681152,8.966678058181559,8.27370245429425,8.952678240858488,28394300
2022-10-31,8.59569263458252,8.875683029296956,8.343701880132876,8.427698798282757,13632900
2022-11-01,8.994677543640137,9.120672569068676,8.539693467640198,8.8196838223051,19139700
2022-11-03,8.945679664611816,9.085674520953916,8.560693309009944,8.763686685141153,10317700
2022-11-04,9.512660026550293,9.799649659778972,9.330666372657126,9.330666372657126,21883200
2022-11-07,9.190671920776367,9.645655408245736,9.134673973627773,9.526659603667929,12873200
2022-11-08,9.49866008758545,9.589656913391751,9.036676716221262,9.204670548072212,13977800
2022-11-09,9.3656644821167,9.757650062335063,9.288667481460832,9.505659332194687,12384400
2022-11-10,9.246668815612793,9.519659277555792,8.952679292765904,9.099674054189348,14041500
2022-11-11,10.800613403320312,10.82861237386973,9.477660542877114,9.533658483975948,29834800
2022-11-14,10.464625358581543,10.905609656748686,10.226633769010565,10.88461059518305,16916900
2022-11-16,10.345630645751953,10.611621234410705,10.128638762601524,10.54862337557729,11786900
2022-11-17,10.226633071899414,10.254632041261056,9.757649834430872,10.156635982269357,13629600
2022-11-18,9.862648010253906,10.46462627930233,9.820649215879277,10.42962739524817,12026600
2022-11-21,9.750651359558105,9.925645098717164,9.351665180342719,9.904645369383417,10084900
2022-11-22,10.093639373779297,10.359629949151557,9.981643482580063,10.009642455379872,18770300
2022-11-23,10.114638328552246,10.198635246055284,9.757650928503208,10.07963944603894,16265300
2022-11-24,10.4086275100708,10.464625453117126,10.184635737885497,10.240633680931824,7867100
2022-11-25,10.492624282836914,10.779613903957824,10.387628307931065,10.527623163654907,18190900
2022-11-28,10.051576614379883,10.44665028192142,9.914820957935632,10.423857793274069,16969800
2022-11-29,10.902504920959473,11.03166357037328,10.256711673890445,10.256711673890445,21989100
2022-11-30,11.031664848327637,11.191213019493107,10.818932504319806,10.948091168695893,16436700
2022-12-01,10.887309074401855,11.054455684056137,10.750552691542882,10.993675230465518,10587400
2022-12-02,11.024065971374512,11.206407340649962,10.68977273647599,11.062053937780279,10359300
2022-12-05,11.039261817932129,11.533103981059606,11.024067064599118,11.23679868318312,11530600
2022-12-06,11.16841983795166,11.297578494357758,10.970882984088188,11.084846888037218,9608700
2022-12-07,10.9556884765625,11.107639627331418,10.80373732579358,10.940492999205487,8836700
2022-12-08,10.697370529174805,11.214005135981152,10.651785548903772,11.07724874604766,9717100
2022-12-09,11.251992225646973,11.449528332359964,10.902504264379175,10.932894490378109,16026200
2022-12-12,10.910101890563965,11.259589871471622,10.598601875429784,11.130431222577911,11785100
2022-12-13,10.545418739318848,11.18361422037759,10.545418739318848,10.97847964808293,12322600
2022-12-14,10.910101890563965,10.948089856337441,10.423858247256048,10.530223681949563,15047300
2022-12-15,10.659381866455078,11.297577345053185,10.530223223188312,11.016467569872619,17614800
2022-12-16,10.568212509155273,10.81133435062649,10.52262752615954,10.704968907262952,14536200
2022-12-19,10.355480194091797,10.507431334684448,10.127553120922725,10.507431334684448,10675300
2022-12-20,10.75815200805664,11.031664813910455,10.340285784882408,10.347883523836185,11506000
2022-12-21,10.818931579589844,11.084846624590858,10.659382697501275,10.993675938334563,8761800
2022-12-22,10.811333656311035,10.894907327369756,10.545419340419256,10.872114837335648,5951300
2022-12-23,10.568212509155273,10.765749367630757,10.378273389365825,10.765749367630757,9012400
2022-12-26,10.742956161499023,10.856919335967635,10.598602034307913,10.712565933336714,10103600
2022-12-27,10.986078262329102,11.046858720178097,10.712566202008619,10.826529379335435,12826700
2022-12-28,11.236798286437988,11.434335144714414,11.016468936686664,11.115237365824877,10811700
2022-12-29,11.463600158691406,11.652690287778006,11.235116064867421,11.400570115662541,10362800
2023-01-02,11.597539901733398,11.802387178495684,11.227237812615828,11.46360086420954,10686500
2023-01-03,11.463600158691406,11.802386452127218,11.384812229216633,11.597539187972092,8660200
2023-01-04,11.550267219543457,11.566025107271155,11.227238034900056,11.47148003503729,6661500
2023-01-05,12.314506530761719,12.377536573994313,11.329661166030718,11.589660282209511,17032900
2023-01-06,12.81874942779541,13.181171851579457,12.29875037105082,12.353902230155885,15974400
2023-01-09,12.873900413513184,12.960567297837992,12.57450729327131,12.724203477703506,8188000
2023-01-10,13.488443374633789,13.59874557949284,12.787232421980988,12.850262468008278,11197100
2023-01-11,13.512078285217285,13.80359317830894,13.291473882314746,13.740563134228958,9931700
2023-01-12,13.3387451171875,13.653895315791832,13.12601816959657,13.55934950483319,12944900
2023-01-13,13.307229995727539,13.464805854101309,13.244199952928984,13.37813898172026,6851400
2023-01-16,13.086627006530762,13.141778112074048,12.716324150303128,13.102383391861045,6010000
2023-01-17,13.220564842224121,13.393897087065005,13.007837880768411,13.189049068932261,9336400
2023-01-18,13.638138771057129,13.732684591311394,13.354504315804,13.44116968971934,10835100
2023-01-19,13.716925621032715,13.82722781699069,13.393896473366029,13.582986596188865,8058000
2023-01-20,14.047835350036621,14.299955543204756,13.811473044630217,13.82722942963706,10252300
2023-01-23,14.142380714416504,14.378743012144339,14.055713837297374,14.055713837297374,9068600
2023-01-24,13.890257835388184,14.323590681064275,13.724804541719744,14.181772713488634,11568200
2023-01-25,13.874503135681152,14.063593281139998,13.646018270696572,13.969047457033128,10185300
2023-01-26,14.489044189453125,14.55995317429178,13.96904596913947,13.984803855271334,9994600
2023-01-27,14.339349746704102,14.5757120436066,14.197531767460669,14.465409838752745,6002000
2023-01-30,14.418135643005371,14.615104717378422,14.134501197781429,14.457530359532848,6900800
2023-01-31,14.575712203979492,14.686014410046974,14.307834129740021,14.386622063826016,5910900
2023-02-01,14.58359146118164,14.630863621547554,14.205411172744569,14.54419674191431,6596700
2023-02-02,13.787835121154785,14.62298357057911,13.693289304826196,14.457530270447544,8654900
2023-02-03,13.890257835388184,14.315711738115104,13.740562427618084,13.787834582558395,6322700
2023-02-06,13.6066255569458,13.945412643617187,13.409656460300106,13.945412643617187,7282800
2023-02-07,13.622383117675781,13.795715377563004,13.449049355033646,13.598746285655059,4288400
2023-02-08,13.638138771057129,13.77995675006111,13.449048633303432,13.71692670414321,3302500
2023-02-09,13.464807510375977,13.764199874807987,13.370261683170902,13.669655550357854,6047100
2023-02-10,13.441169738769531,13.646017764438952,13.283595374777171,13.409655467072994,4209700
2023-02-13,13.386018753051758,13.409655584096562,13.023596360227183,13.322988706353796,4470100
2023-02-14,13.425413131713867,13.858744503952044,13.370260527338356,13.551473221919693,8699400
2023-02-15,13.921774864196777,14.008441741708182,13.393897660977471,13.433290876525467,7038800
2023-02-16,14.15025806427002,14.339349704541828,13.92177471163673,13.99268370104995,7166000
2023-02-17,13.709047317504883,14.20541022797717,13.677533046941841,14.150257624670974,5972100
2023-02-22,13.669654846191406,13.937532922925786,13.464806816761888,13.630260127404076,4928600
2023-02-23,13.732685089111328,13.9848052819221,13.378140128749378,13.693290369762842,5571600
2023-02-24,13.015717506408691,13.701169081137177,12.952687459275555,13.598745818078905,8916900
2023-02-27,13.181170463562012,13.338746328551844,12.91329239473219,12.944808168832084,7336600
2023-02-28,13.13389778137207,13.386017953097104,13.078746681651564,13.165412051460319,9603600
2023-03-01,14.134501457214355,14.15813678480988,13.409655190107086,13.464806291503052,14004600
2023-03-02,14.000561714172363,14.229045051621066,13.906015900319801,14.134500740523235,6129500
2023-03-03,14.370863914489746,14.59146982535811,14.063592630185987,14.102985845133455,8307600
2023-03-06,13.819351196289062,14.142380363111801,13.590866345106988,14.095106702536667,9128300
2023-03-07,13.630258560180664,14.221165749253608,13.488442097117101,13.913894491817178,7819100
2023-03-08,14.173894882202148,14.213289600037736,13.559350808760408,13.724805618160227,10531700
2023-03-09,13.031475067138672,14.102985841535661,12.976322462369534,13.969046806891685,22156200
2023-03-10,12.542990684509277,13.252079049910533,12.472081697693675,12.984200989219316,11084200
2023-03-13,12.653292655944824,12.921170711786841,12.290870287896654,12.36965746519424,9621900
2023-03-14,12.385416030883789,12.834506046762156,12.290870962113978,12.739960226614931,8490200
2023-03-15,11.636933326721191,12.078143634520849,11.44784244342966,12.046628612535159,18463100
2023-03-16,11.64481258392334,11.967841776670923,11.621176503116251,11.652691527984857,15548800
2023-03-17,11.502994537353516,11.83390265085118,11.195722502997855,11.644811763582938,19808300
2023-03-20,11.290266990661621,11.526630024065605,11.172085849648315,11.416327074776447,8223700
2023-03-21,11.148449897766113,11.313903959032984,11.077541658403822,11.235116775949074,9935400
2023-03-22,11.219358444213867,11.439964351418547,10.959359322715937,11.124813377430748,5712100
2023-03-23,10.864814758300781,11.33754086545172,10.699360695935695,11.203601826804869,7056200
2023-03-24,10.849056243896484,10.896328397779795,10.652087182835567,10.841177301123485,10469900
2023-03-27,10.912087440490723,11.148449737726834,10.849057394377438,11.101177578830578,4810500
2023-03-28,11.361176490783691,11.44784261469657,10.912087232924607,10.959359390921666,8836200
2023-03-29,11.597539901733398,11.739357131587683,11.439964784463397,11.487236943955685,8021600
2023-03-30,12.227840423583984,12.33026368042472,11.786629369058039,11.88905337727616,8872500
2023-03-31,12.164810180664062,12.550870152651468,12.030871896094764,12.36965820639168,7119400
2023-04-03,11.896932601928711,12.133294894231645,11.597539513450606,12.070264849433876,7349400
2023-04-04,11.715721130371094,12.022993174640284,11.629055003136035,11.873296248697308,6658000
2023-04-05,11.581781387329102,11.739356496068654,11.306025134879235,11.699963282416805,8890900
2023-04-06,11.479358673095703,11.810266814447173,11.43208651083262,11.510873698396916,4230000
2023-04-10,11.912690162658691,12.04662920047921,11.526630936647758,11.566024903896867,5321000
2023-04-11,12.739960670471191,12.873899710405839,12.21208345458228,12.235719534753851,13045800
2023-04-12,12.629657745361328,12.929050080884117,12.606020915153687,12.716323117279746,7709200
2023-04-13,12.322385787963867,12.629657820084573,12.20420389035864,12.598142046287924,10860400
2023-04-14,11.416327476501465,11.873295673186483,11.329661353467202,11.873295673186483,17879200
2023-04-17,11.566024780273438,11.715720952567114,11.432085743884528,11.479357902976249,8757900
2023-04-18,11.786629676818848,11.88905368771136,11.660569586913416,11.818144699295205,5729600
2023-04-19,11.502994537353516,11.581781718285992,11.353297616240216,11.54238775213105,4984900
2023-04-20,11.447843551635742,11.597540484092193,11.337541339696742,11.353298476526257,7117700
2023-04-24,11.069662094116211,11.219358259547866,10.990874164071728,11.030268129093969,6712300
2023-04-25,10.786026954650879,11.030268954974241,10.589057866169197,10.95148101903059,8261000
2023-04-26,10.683603286743164,10.943602413618608,10.675724343170595,10.927844526473471,4646000
2023-04-27,10.904208183288574,11.053904350658167,10.604815097171992,10.620572232558445,5184300
2023-04-28,11.195722579956055,11.195722579956055,10.659966439871887,10.880572351305023,9706200
2023-05-02,10.960577011108398,11.408650477355335,10.917492818528615,11.288015724247087,7446800
2023-05-03,11.081212043762207,11.15014642492382,10.727923134868284,11.08982904684807,8041300
2023-05-04,10.391867637634277,11.081211409813502,10.391867637634277,11.029511037781358,14229200
2023-05-05,11.124296188354492,11.167380381831098,10.46080256716029,10.503885938874253,12167000
2023-05-08,11.408650398254395,11.572370164569913,11.262164637556348,11.537902975097586,7006100
2023-05-09,11.425885200500488,11.62407134834353,11.175997853962967,11.313866621464678,5880000
2023-05-10,11.210464477539062,11.563753381793365,11.098445904181883,11.460351811408884,9701600
2023-05-11,11.038128852844238,11.089829228681827,10.874409078579005,11.038128852844238,7215700
2023-05-12,10.995043754577637,11.072595133721244,10.908875372915276,10.995043754577637,6180800
2023-05-15,11.201848030090332,11.305249605602722,11.055362259340445,11.201848030090332,6105200
2023-05-16,10.934725761413574,11.348332850592602,10.917492577819193,11.167379903157267,5553500
2023-05-17,11.408650398254395,11.537902975097586,11.132912882475775,11.20184726142043,9780800
2023-05-18,11.477584838867188,11.54651921818222,11.305248890579604,11.382800272749671,7121300
2023-05-19,11.546518325805664,11.761938449956984,11.44311676482454,11.572369332372865,9692500
2023-05-22,11.546518325805664,11.658536888975858,11.391416395215256,11.503434958385448,6359300
2023-05-23,11.296631813049316,11.529285958021584,11.296631813049316,11.400033381338341,5883800
2023-05-24,10.865792274475098,11.150146812080807,10.848559089467644,11.063979243518192,8456600
2023-05-25,10.615903854370117,10.891642182450084,10.598670671106575,10.857174994160411,11088900
2023-05-26,10.76239013671875,11.020894472422961,10.702072759700732,10.95196009247019,8636400
2023-05-29,10.745157241821289,11.003661584483229,10.745157241821289,10.917493196341699,5186400
2023-05-30,10.340167999267578,10.839942720157826,10.340167999267578,10.831325716268717,11157800
2023-05-31,10.4694185256958,10.521119721120249,10.185064005267899,10.28846557435417,9663000
2023-06-01,10.52973747253418,10.702073433262505,10.39186870395152,10.658989237639753,9850500
2023-06-02,11.046745300292969,11.150146876220514,10.857176155307139,10.883026343848357,17029400
2023-06-05,11.150146484375,11.29663225056513,10.943343339787514,11.150146484375,8388300
2023-06-06,11.382800102233887,11.443117477790324,11.132912775519578,11.15014595920887,10286400
2023-06-07,11.124296188354492,11.356950340070572,10.969193420543773,11.356950340070572,15459400
2023-06-09,11.219080924987793,11.434501058062711,11.193229917349736,11.348332676127706,9199300
2023-06-12,10.917492866516113,10.97781024333536,10.693455721526586,10.960577059285274,11332500
2023-06-13,10.857175827026367,11.184613730015082,10.796857626570423,11.072595975802583,8358400
2023-06-14,11.262165069580078,11.33971645430839,10.986427543223995,11.063978927952306,12372900
2023-06-15,11.39141845703125,11.443118835998163,11.167381290140742,11.262165866088553,6726100
2023-06-16,11.563753128051758,11.624070504011845,11.210464231549617,11.382800178408878,13179200
2023-06-19,11.563753128051758,11.632687506795463,11.425884370564349,11.4603515599362,4070400
2023-06-20,11.305249214172363,11.537903367341883,11.158763448494366,11.537903367341883,9012500
2023-06-21,11.253548622131348,11.339716186199006,11.115679040450361,11.193230423345094,8418100
2023-06-22,11.081212043762207,11.382800577666243,11.020894665686457,11.193230618590489,5330600
2023-06-23,11.0553617477417,11.09844594098543,10.934726171011782,11.03812856350179,4580800
2023-06-26,11.184613227844238,11.296631798789939,10.97781009152723,11.046744470299567,5823000
2023-06-27,11.279398918151855,11.460351872733643,11.201847534507856,11.339716295758238,6597100
2023-06-28,11.012277603149414,11.434501712688164,11.00366142187271,11.288015948069898,7821200
2023-06-29,11.14153003692627,11.201847413883138,10.960577084293037,11.08982884113279,4595400
2023-06-30,10.45218563079834,10.960577309188048,10.38325124950102,10.93472629987957,29411900
2023-07-03,10.607287406921387,10.814090531459785,10.50388502288962,10.512502025186029,7384100
2023-07-04,10.615903854370117,10.65037104265979,10.417717727145149,10.59005366859351,6272100
2023-07-05,10.633138656616211,10.641755659775336,10.48665288996168,10.529737083994657,6338800
2023-07-06,10.478035926818848,10.753773454862715,10.469418923626813,10.564204315213884,8791400
2023-07-07,10.960577011108398,11.055361577373825,10.426335159701893,10.503885720230357,11194100
2023-07-10,10.598671913146973,10.762390871268215,10.4952703361605,10.658989294281744,14794200
2023-07-11,10.676222801208496,10.727923176398527,10.555587222827345,10.615904601136597,6887000
2023-07-12,10.822709083557129,10.986428041820439,10.788241891198396,10.857176275915862,6803000
2023-07-13,11.175996780395508,11.244931157524519,10.97780982982765,11.012277018392156,6941000
2023-07-14,11.107063293457031,11.331099626200716,11.029511907530784,11.288016253364056,4716500
2023-07-17,11.098444938659668,11.15876231069591,10.848557626529086,11.038127566623427,4958900
2023-07-18,11.046745300292969,11.201848075065627,10.926110539258836,11.089829495703448,5192200
2023-07-19,10.943343162536621,11.046744733155553,10.753773205520593,10.995044358727405,7497100
2023-07-20,10.92611026763916,11.184613790150369,10.908876261198328,11.04674502567435,6541200
2023-07-21,10.960577011108398,11.063978580242306,10.753773051077959,10.900258812791652,9676100
2023-07-24,11.2449312210083,11.279398409767392,10.857175142027863,10.917492516915624,10015800
2023-07-25,11.908425331115723,12.046294092184551,11.503436050916696,11.520669235168981,17443100
2023-07-26,12.0204439163208,12.141079493251715,11.830873958790121,11.891192158136896,15973100
2023-07-27,11.856724739074707,12.020443684399721,11.736089164471323,11.88257492586021,6051600
2023-07-28,11.598220825195312,11.805023970480296,11.52066944027278,11.805023970480296,7448600
2023-07-31,11.9256591796875,11.968743372393368,11.615453649615345,11.710239037920783,5673100
2023-08-01,11.805024147033691,11.951509915908693,11.684389388027922,11.796407143743947,6328900
2023-08-02,11.460351943969727,11.72747246511207,11.331099363172097,11.718856283802342,10476700
2023-08-03,11.296631813049316,11.641304529108682,11.089828676471267,11.503435771389983,19082100
2023-08-04,11.132913589477539,11.391417937817764,11.08982939446039,11.322483554495392,6686200
2023-08-07,11.089829444885254,11.14153064349345,10.969193862641248,11.12429663670316,6029400
2023-08-08,10.977810859680176,11.046745243276073,10.745157520484687,10.926110482864589,9293600
2023-08-09,10.84855842590332,11.012277371392106,10.779624046564606,10.97781018172275,7797300
2023-08-10,10.779623985290527,10.986427122131143,10.727922790199065,10.951959932657708,5818800
2023-08-11,10.736539840698242,10.87440859920438,10.590054079344815,10.8140912227986,7524500
2023-08-14,10.590054512023926,10.745157282561694,10.538353314590452,10.684839081928866,6662400
2023-08-15,10.521120071411133,10.667605837934447,10.469418874265344,10.63313864709147,4325700
2023-08-16,10.4694185256958,10.615904287342008,10.434951336000378,10.521119721120249,5710100
2023-08-17,10.374634742736816,10.710690483960656,10.357401557469347,10.676223291663034,8110800
2023-08-18,10.52973747253418,10.633139048971175,10.340167504851681,10.374634696997347,14393700
2023-08-21,10.478035926818848,10.564204315213884,10.40910154480788,10.503886114632296,4380100
2023-08-22,10.546969413757324,10.710689173461223,10.503885223216162,10.607287609219984,5297200
2023-08-23,10.564204216003418,10.667605788048805,10.409101447054015,10.607288409796324,8908900
2023-08-24,10.322932243347168,10.52111919042101,10.245381686766185,10.486652002464156,7640800
2023-08-25,10.253998756408691,10.374634335597525,10.1936813776956,10.33155014147561,5205200
2023-08-28,10.297082901000977,10.45218567038876,10.210915334934269,10.288465897865512,9472500
2023-08-29,10.486652374267578,10.51250256071109,10.297082422902408,10.340166614816667,6976000
2023-08-30,10.546969413757324,10.684838166078976,10.503885223216162,10.555586416218073,6346100
2023-08-31,10.434951782226562,10.633138747772216,10.434951782226562,10.590054553369887,12788300
2023-09-01,10.607287406921387,10.762389339443901,10.546969212609094,10.598670404624977,7782000
2023-09-04,10.857175827026367,11.046744966280329,10.590054480968293,10.590054480968293,7777800
2023-09-05,10.676222801208496,10.822708567184662,10.667605798089275,10.805474560946221,5361000
2023-09-06,10.486652374267578,10.7796238931694,10.400483990439062,10.745156703990517,7947400
2023-09-08,10.2798490524292,10.348783429534564,10.159213481613515,10.340166426955744,6541900
2023-09-11,10.45218563079834,10.521120012095658,10.288465858895224,10.469418815241346,8058100
2023-09-12,10.4694185256958,10.555586910815672,10.426335154898489,10.4521853417294,6668800
2023-09-13,10.38325023651123,10.521118985655393,10.331549044700887,10.44356760882116,4868300
2023-09-14,10.76239013671875,10.865791706647908,10.607288192706328,10.658988566789592,12258600
2023-09-15,10.702073097229004,11.00366163535603,10.581437517625663,10.857175867895778,14896900
2023-09-18,10.66760540008545,10.779623971168014,10.58143701563344,10.66760540008545,7563200
2023-09-19,10.693455696105957,10.727922885886823,10.521119747201626,10.650371503439217,7899200
2023-09-20,10.693455696105957,10.848558461001168,10.676222512096837,10.71930588300095,10331900
2023-09-21,10.538352966308594,10.581437159118824,10.391868025574015,10.546969969223165,10976700
2023-09-22,10.426334381103516,10.736539065340354,10.426334381103516,10.6676046910655,5434200
2023-09-25,10.38325023651123,10.38325023651123,10.210914300081027,10.340166046963038,6629500
2023-09-26,10.340167999267578,10.452186584537836,10.236766417886429,10.262616607791035,6458200
2023-09-27,10.2798490524292,10.49526918632411,10.219530856140059,10.400483801482288,5400100
2023-09-28,10.36601734161377,10.426335542143006,10.288465956478074,10.322933147453645,4305800
2023-09-29,10.460803031921387,10.546970600940279,10.426335839961295,10.469419213589402,3944300
2023-10-02,10.357400894165039,10.529736844616489,10.305699698148288,10.452185461472679,4021000
2023-10-03,10.167830467224121,10.417717789254699,10.11612927360008,10.288465216075894,5700400
2023-10-04,9.961028099060059,10.19368143377815,9.92656090792543,10.167831245867841,6407200
2023-10-05,9.874858856201172,9.986877423140168,9.814541482373476,9.95241023498683,5082300
2023-10-06,9.917943954467773,9.969644330547814,9.736990994662307,9.81454238054503,4518800
2023-10-09,9.823158264160156,9.840392270172652,9.668056318860877,9.78007489265419,5953800
2023-10-10,10.012728691101074,10.116130266737876,9.892093108643467,9.917944118874674,6165200
2023-10-11,10.14198112487793,10.176448316239986,10.012728540948219,10.055812735591456,7083800
2023-10-13,10.029962539672852,10.150597298464453,9.952411153728159,10.055812727733528,4963000
2023-10-16,10.047195434570312,10.202298201984565,10.047195434570312,10.150597005592267,4582200
2023-10-17,10.038578033447266,10.064429041499567,9.780074527025102,10.029961852525771,7985100
2023-10-18,9.736990928649902,9.96102808151164,9.702523737575993,9.88347669615468,7110800
2023-10-19,9.693906784057617,9.84900955556659,9.590505210305855,9.61635539830313,7302500
2023-10-20,9.37508487701416,9.581888020491183,9.323383680263582,9.521570642417712,10217200
2023-10-23,9.435402870178223,9.581888645131132,9.263066906046182,9.280300913340735,6044400
2023-10-24,9.59050464630127,9.728373403195745,9.564654459824208,9.65082202200195,6286800
2023-10-25,9.512953758239746,9.711140722871123,9.418169188402008,9.659439525474305,6183100
2023-10-26,9.728374481201172,9.788691863585647,9.469870122497746,9.5129543192421,6184300
2023-10-27,9.797307968139648,9.986877923359415,9.711140404321664,9.736990591290798,12237800
2023-10-30,9.909326553344727,10.055812315961267,9.849009176418845,9.900709550423135,10559100
2023-10-31,10.133363723754883,10.202298103772591,9.866242384864284,9.90932657781601,12138800
2023-11-01,10.314316749572754,10.331549933817552,10.150596979552674,10.21953136005714,10222000
2023-11-03,10.917492866516113,10.995044249148076,10.417718202624167,10.443568389580612,17701900
2023-11-06,10.92611026763916,10.969193640215924,10.788241503163139,10.917493264418745,5367000
2023-11-07,10.943343162536621,10.986427355735168,10.82270840769585,10.82270840769585,4840200
2023-11-08,10.943343162536621,11.107062932338573,10.90887597233031,10.943343162536621,4631700
2023-11-09,10.788241386413574,11.063978912381604,10.702072998667242,11.038128724762764,5710800
2023-11-10,10.917492866516113,10.969193240429004,10.80547429402135,10.814091296927707,3338700
2023-11-13,10.891642570495605,11.012277322926117,10.771006996302475,10.977810133408454,7029400
2023-11-14,11.839491844177246,11.85672585149292,10.986428204356168,10.986428204356168,22570900
2023-11-16,12.658087730407715,12.787340314261602,11.839491319717082,11.839491319717082,23860700
2023-11-17,12.804573059082031,12.873507439397098,12.632237108294362,12.666704298451895,12628800
2023-11-20,14.01954460144043,14.148796370525707,13.183714138969213,13.183714138969213,26674300
2023-11-21,14.139431953430176,14.184577183407363,13.489342880550156,13.742155823992945,17212900
2023-11-22,14.4644775390625,14.500592691300549,14.1123457634679,14.347100280530967,12988000
2023-11-23,14.247780799865723,14.482536181326584,14.085259168198498,14.356128841335103,9128700
2023-11-24,14.103316307067871,14.211664345176139,13.904677806665884,14.085258731253326,5244600
2023-11-27,14.446418762207031,14.527680005516231,14.013026612656176,14.022054969966575,8098400
2023-11-28,14.599912643432617,14.690203108916805,14.238752503643251,14.26583929885903,7483600
2023-11-29,14.708261489868164,14.933986791636695,14.545738997051242,14.672144614954457,7735700
2023-11-30,14.825637817382812,15.114565926706408,14.717288915312777,14.834667036067597,9014200
2023-12-01,15.493783950805664,15.65630643706858,14.897869315939856,14.95204290397839,11355600
2023-12-04,15.35835075378418,15.484756380039586,15.259031063356364,15.412524347586855,6118500
2023-12-05,15.511842727661133,15.611162409698979,15.277088211483628,15.47572585341197,5092900
2023-12-06,15.466696739196777,15.936205774719362,15.412523149604898,15.710480475581276,8883300
2023-12-07,15.322232246398926,15.710480025333181,15.123594608823236,15.65630643729387,9163800
2023-12-08,15.529902458190918,15.620191207038806,15.186799012837964,15.42155354856696,4109400
2023-12-11,15.475726127624512,15.520872221235903,15.213885673267965,15.403494099993667,4363400
2023-12-12,15.484755516052246,15.656307229360896,15.331262240386065,15.547958325653486,2861500
2023-12-13,15.818829536437988,15.954264372857164,15.286117687328165,15.439610961175866,6435000
2023-12-14,15.900091171264648,16.04455522992831,15.566016959262788,15.909120390199556,6001300
2023-12-15,16.279308319091797,16.378626274315796,15.8459144592018,15.854943677339849,12206400
2023-12-18,16.730758666992188,16.875222710953977,16.27027888105876,16.351540121055674,8989400
2023-12-19,16.884252548217773,17.001628942436415,16.640468819286006,16.76687443185182,6513800
2023-12-20,16.59532356262207,17.028717454358123,16.505034818901645,16.91133933208574,5225600
2023-12-21,17.200265884399414,17.227353538346055,16.757844536154376,16.812019844047658,6737700
2023-12-22,17.25444221496582,17.444050637388706,17.028716918473425,17.27249892985323,6542100
2023-12-26,17.480167388916016,17.543370195947237,17.23638365709788,17.344730834252164,3484700
2023-12-27,17.615602493286133,17.769095765079605,17.416964850672905,17.46210922149266,3860700
2023-12-28,17.751035690307617,17.751035690307617,17.516281194977488,17.516281194977488,3156500
2024-01-02,17.525312423706055,17.696864136545184,17.389877586053014,17.660747261359095,4502100
2024-01-03,17.678804397583008,17.877442030042225,17.32667350117663,17.435020674464468,5513700
2024-01-04,17.416963577270508,17.633659641227332,17.236382662899537,17.597542769494247,5293800
2024-01-05,17.37181854248047,17.543370249335375,16.902309514323537,17.245412928033346,5558900
2024-01-08,17.380847930908203,17.480167613029117,17.128034977394673,17.254442315225113,3769100
2024-01-09,16.604351043701172,17.317643755045417,16.5682358944221,17.236382516483484,6492000
2024-01-10,16.170961380004883,16.532121538484972,15.882033253220811,16.523092319254534,8700900
2024-01-11,16.134843826293945,16.261249432431057,15.900089327648434,16.189017411474534,7038900
2024-01-12,16.16193199157715,16.306396053456808,15.86397464868192,16.080670741501407,6256800
2024-01-15,16.107757568359375,16.134845224370412,15.764654147475722,15.936205857917548,2763100
2024-01-16,15.520872116088867,16.035525524740514,15.403493995641815,16.035525524740514,8547200
2024-01-17,15.069421768188477,15.529901594729536,15.024275674127157,15.44864034756656,9775200
2024-01-18,15.412522315979004,15.656306039177833,15.13262344238809,15.204855465319527,10584000
2024-01-19,15.64727783203125,15.692422203475001,15.322232846764619,15.556987366996365,7795200
2024-01-22,15.466696739196777,15.665336104612605,15.376407997259433,15.556987203281484,4894400
2024-01-23,15.72853946685791,15.891061963505686,15.556987751268878,15.593104627033904,6431000
2024-01-24,16.089698791503906,16.41474376818797,15.954263958601324,15.954263958601324,9919900
2024-01-25,16.179988861083984,16.315423690696363,15.963292789274721,16.179988861083984,5167100
2024-01-26,16.396684646606445,16.694641955410248,16.252220601255953,16.261249819358767,6010700
2024-01-29,16.324453353881836,16.42377303530662,16.017466813248266,16.405714598293507,3443300
2024-01-30,16.170961380004883,16.25222263093134,15.990380439691098,16.2431934117009,3602500
2024-01-31,16.00843620300293,16.28833678593022,15.918145747934359,16.017465420724506,5151200
2024-02-01,15.863974571228027,16.098729101173177,15.710481290961868,16.071641443897697,5302100
2024-02-02,15.457669258117676,15.981351883753758,15.376408012575235,15.782712518140073,5750000
2024-02-05,15.683394432067871,15.800770829053146,15.304175863284701,15.349320233937341,6373400
2024-02-06,16.243192672729492,16.468917976778787,15.737568473860346,15.755626911499666,7563800
2024-02-07,16.550180435180664,16.793964194709815,16.16193260825961,16.25222308091643,9048400
2024-02-08,16.306394577026367,16.721730008935253,16.27027942590016,16.712700790616875,6392600
2024-02-09,16.071640014648438,16.69464229940137,15.73756754869712,16.261250154419894,7244700
2024-02-14,16.134843826293945,16.16192975781063,15.86397245609656,15.981350566492928,5396400
2024-02-15,16.640470504760742,16.902310974760763,16.252222687244092,16.261251906505816,10842800
2024-02-16,17.191240310668945,17.40793640002854,16.821049220597107,16.821049220597107,7884800
2024-02-19,17.082889556884766,17.164150796872185,16.75784459693509,17.019686752927274,4581600
2024-02-20,16.252222061157227,16.85716595120842,16.170960813079645,16.712701892881036,14622400
2024-02-21,15.773683547973633,16.08969931648905,15.556987463829532,16.0445549447643,10474200
2024-02-22,15.75562572479248,16.125815057779022,15.728538070373732,15.936204921142325,7214200
2024-02-23,16.00843620300293,16.07163900490677,15.782710926405098,15.80076936184825,6210000
2024-02-26,15.502813339233398,15.809799878398206,15.358349288114352,15.683394264205873,9731600
2024-02-27,15.64727783203125,15.91814750498852,15.566016585714593,15.791741887228111,4898400
2024-02-28,15.403494834899902,15.737569054973475,15.385438118741234,15.593104992819352,6317700
2024-02-29,15.186797142028809,15.493783672308,15.18679714202881,15.349319625370414,5417200
2024-03-01,15.412522315979004,15.412522315979004,15.150681878657766,15.204855465319527,6173900
2024-03-04,15.060392379760742,15.475726107562847,15.033304723629023,15.40349408002564,4615700
2024-03-05,14.970101356506348,15.078450254845079,14.762434500350038,15.033304162975893,4493100
2024-03-06,15.033304214477539,15.30417560017867,14.870781727486325,15.015245777668,7231700
2024-03-07,14.310983657836914,15.566015712783623,14.265838427851184,15.394464011052577,17450600
2024-03-08,14.726318359375,14.762435234666885,14.139432913061098,14.139432913061098,9102100
2024-03-11,14.4644775390625,14.61797081090576,14.292925830026535,14.36515785664999,7550200
2024-03-12,14.626999855041504,14.825637495349953,14.437389711074372,14.509621736836294,5292300
2024-03-13,14.690203666687012,14.825638508981905,14.446419917267729,14.527681167074157,10162700
2024-03-14,14.139431953430176,14.74437579633301,14.05817071168597,14.699231427429465,5947200
2024-03-15,13.778271675109863,14.049142190741081,13.633807629726183,14.049142190741081,11908600
2024-03-18,14.184577941894531,14.265839187983994,13.823417804912127,13.868562176229661,13207900
2024-03-19,14.437389373779297,14.572824203650372,14.301954543908222,14.356128131427191,7652500
2024-03-20,14.726318359375,14.771464453489855,14.338071421797956,14.437390245629535,6889400
2024-03-21,14.708261489868164,14.888840697994558,14.545738997051242,14.807579451586097,6375700
2024-03-22,14.329042434692383,14.627000633152852,14.283897200921176,14.572825319338948,3397700
2024-03-25,14.175548553466797,14.482535957836577,14.130403321616132,14.310984249018789,4521200
2024-03-26,14.031084060668945,14.184577327506512,13.904677587663405,14.085258509406648,3753300
2024-03-27,14.12137508392334,14.175548673744851,13.886620565166961,13.98593938722219,4703600
2024-03-28,14.175548553466797,14.202635348147725,13.90467802343649,14.04914293757335,6379900
2024-04-01,14.193607330322266,14.518651457493482,14.103316864460078,14.301955372712671,7351300
2024-04-02,13.841474533081055,14.07622903827176,13.6970104871402,14.07622903827176,8907600
2024-04-03,13.850504875183105,13.895650108471548,13.697011598646627,13.706040817519057,5326500
2024-04-04,13.687982559204102,13.994969116301213,13.525460061664756,13.724098574093544,9784000
2024-04-05,13.498373031616211,13.733127554862264,13.462257017353258,13.642837088668028,5534700
2024-04-08,13.850504875183105,14.085259399424038,13.697011598646627,13.697011598646627,8628200
2024-04-09,13.633808135986328,14.058171069790227,13.597692123299323,14.058171069790227,11026800
2024-04-10,12.956632614135742,13.633808516733632,12.94760339544342,13.579634065653376,12902700
2024-04-11,12.929544448852539,13.08303771628224,12.884400079316224,13.019834910072476,14236200
2024-04-12,12.956632614135742,13.408083215867668,12.94760339544342,13.092067450225844,7183400
2024-04-15,12.992748260498047,13.263617925020176,12.920516235148991,13.064980285847104,6885000
2024-04-16,12.794110298156738,12.857313107725995,12.532268979989343,12.748965065147111,8009100
2024-04-17,12.929544448852539,13.245560202048665,12.893428436579295,13.191385753101972,8566500
2024-04-18,12.830225944519043,13.200415294652336,12.730907123604203,13.019835228864594,6476500
2024-04-19,13.254590034484863,13.254590034484863,12.721878182968156,12.785080992106176,10532900
2024-04-22,13.344880104064941,13.471286587821655,12.929545498662847,13.15527080896673,7159500
2024-04-23,13.019835472106934,13.272647568932923,12.938574225715872,13.064980704665711,9592700
2024-04-24,12.902457237243652,13.308762577433333,12.83925443307986,13.16429853301688,7381400
2024-04-25,12.712848663330078,12.848283497155752,12.613529842596163,12.803139126596308,6614300
2024-04-26,12.7489652633667,12.938574556096196,12.71284924861221,12.830226511832729,5536000
2024-04-29,12.830225944519043,12.911487189391947,12.6496458787313,12.757993918203946,7069100
2024-04-30,12.568384170532227,12.776051023264195,12.469065353278717,12.694790642460584,4405200
2024-05-02,12.658675193786621,12.839255260950932,12.604500743100486,12.667703551339574,5074600
2024-05-03,12.866341590881348,12.992748063865996,12.767022772797901,12.821196360453,5249600
2024-05-06,12.839255332946777,13.074008991039918,12.757994086998746,12.920516578894809,5783900
2024-05-07,12.667702674865723,12.956631623411411,12.631586663931714,12.848282729535764,5162600
2024-05-08,12.694790840148926,12.694790840148926,12.405861879966743,12.51420991713244,5851500
2024-05-09,12.532268524169922,12.604500549928646,12.41489126704358,12.505181729778817,7005100
2024-05-10,12.496152877807617,12.974690277763267,12.2523691379164,12.821197003255545,10653500
2024-05-13,12.767023086547852,13.001776740611772,12.559355365903468,12.568384584425761,10454600
2024-05-14,12.550326347351074,12.911487344334294,12.279456675955766,12.821196879820068,12611200
2024-05-15,12.451693534851074,12.52785060966832,12.20418258776305,12.451693534851074,7335000
2024-05-16,12.651605606079102,12.880076821914448,12.44217320429808,12.62304693106566,5711300
2024-05-17,12.756321907043457,12.822960028787453,12.546890404030755,12.708724415908538,6596100
2024-05-20,12.822959899902344,12.861038437145917,12.632567213684478,12.689684565617869,5348900
2024-05-21,12.93719482421875,13.127587500320152,12.851517893007147,12.889596428227426,7756200
2024-05-22,12.680164337158203,13.022872070290422,12.584968450737852,12.946714998008577,7155200
2024-05-23,12.470732688903809,12.727762577727153,12.385055756674726,12.680164181170563,4785600
2024-05-24,12.775361061096191,12.93719506576997,12.451693051748636,12.499291448628673,6537300
2024-05-27,12.718242645263672,12.765841041552376,12.52784996797276,12.765841041552376,3570700
2024-05-28,12.670645713806152,12.889597075349238,12.584968778293142,12.73728292682119,5379500
2024-05-29,12.594487190246582,12.62304677276578,12.413614373611155,12.55640865475155,4911500
2024-05-31,12.451693534851074,12.699204481939097,12.39457618267011,12.50881179489598,7943800
2024-06-03,12.080427169799805,12.42313491591812,12.004270094632167,12.394576239696242,11112000
2024-06-04,11.899554252624512,11.994751049791084,11.82339717803683,11.928112928628906,7390700
2024-06-05,11.87099552154541,11.956672457025045,11.775798724820497,11.89955419741731,9455200
2024-06-06,12.070907592773438,12.17562333875381,11.86147519294879,11.880514006825267,7493600
2024-06-07,11.842435836791992,11.994750891825372,11.766278763207266,11.937632632704863,4722900
2024-06-10,11.756759643554688,11.842435669227282,11.671082710018174,11.813876994003083,3303800
2024-06-11,11.699641227722168,11.74723962436426,11.509248549017704,11.642522970178877,5342900
2024-06-12,11.337894439697266,11.8424352543473,11.328374579001405,11.813876580123608,6499500
2024-06-13,11.328374862670898,11.461650192158569,11.30933604866632,11.36645339854396,3775600
2024-06-14,11.452130317687988,11.471170039533968,11.176060705968624,11.328374849280838,5676300
2024-06-17,11.337894439697266,11.490208579375473,11.22365883493861,11.290296044081854,4505000
2024-06-18,12.366016387939453,12.794400153450736,11.385493385482262,11.471170320157304,27267600
2024-06-19,12.137544631958008,12.337457168093048,11.832916351319428,12.232741423589509,6405600
2024-06-20,12.37553596496582,12.575448505329826,12.14706474965379,12.166103563664505,9818900
2024-06-21,12.04234790802002,12.289858841362141,11.956671884506726,12.27082002764715,9669500
2024-06-24,12.099466323852539,12.213701931234956,11.899553783967331,11.994750577384632,4875600
2024-06-25,11.966191291809082,12.12802529991913,11.851955681589741,12.004269828548862,4663400
2024-06-26,11.93763256072998,12.051868170418315,11.880514301953852,11.966191236186082,6188600
2024-06-27,12.280339241027832,12.280339241027832,11.899553880012983,11.937632416114468,6363700
2024-06-28,12.2898588180542,12.366015888497511,12.17562321238923,12.2898588180542,5768700
2024-07-01,12.2898588180542,12.556408564605793,12.270820004375317,12.385055610040286,5507800
2024-07-02,12.366016387939453,12.461213183770374,12.213702240901124,12.318417990023994,4590200
2024-07-03,12.518330574035645,12.775361378862723,12.518330574035645,12.651605907041974,8041300
2024-07-04,12.651605606079102,12.699204003010777,12.47073278717543,12.594487348188311,2253700
2024-07-05,12.394576072692871,12.651605970954463,12.346977674388448,12.57544889681296,5442000
2024-07-08,12.346977233886719,12.356496186916848,12.137544833537513,12.280339115492392,4614200
2024-07-09,12.394576072692871,12.499291822671456,12.308899137317695,12.337457813154776,3099800
2024-07-10,12.270820617675781,12.556409192180087,12.261300756428588,12.470733164547157,3163200
2024-07-11,12.470732688903809,12.604007109825579,12.318417638349938,12.36601603490653,10232100
2024-07-12,12.708724021911621,12.708724021911621,12.423134544636229,12.489771756450383,4662600
2024-07-15,12.81343936920166,12.81343936920166,12.632566553710172,12.727762437913732,3634000
2024-07-16,12.470732688903809,12.803919649072137,12.404094570579021,12.718242716843054,7030700
2024-07-17,12.546890258789062,12.64208614782087,12.32793798907442,12.385056248784656,4980000
2024-07-18,12.032829284667969,12.508811442810254,12.023309423617782,12.451693184373054,5818800
2024-07-19,12.032829284667969,12.128025171578074,11.832916741933653,12.080426774191062,6600700
2024-07-22,12.070907592773438,12.19466306049419,12.042348010162872,12.05186787103306,3089400
2024-07-23,11.461649894714355,11.956671756081631,11.461649894714355,11.956671756081631,6595000
2024-07-24,11.41405200958252,11.594925739272329,11.395013195220601,11.452130546170281,3626300
2024-07-25,11.385493278503418,11.518768609841658,11.261737808231608,11.385493278503418,5223600
2024-07-26,11.452130317687988,11.509248575362022,11.109423495235507,11.385493106954872,7290500
2024-07-29,11.34741497039795,11.556847378753304,11.214139636378372,11.499729119069501,11756600
2024-07-30,11.157022476196289,11.280777951083587,11.090384354109927,11.26173822824064,3190100
2024-07-31,11.29029655456543,11.433091747868056,11.176060944641684,11.242699064661814,3861900
2024-08-01,10.890471458435059,11.433091740030802,10.890471458435059,11.34741480568074,9075600
2024-08-02,10.804795265197754,11.03326648136262,10.747677007224581,10.928549826389123,7051800
2024-08-05,10.804795265197754,10.899991151334492,10.37641060005874,10.47160739405939,6382000
2024-08-06,10.728638648986816,10.83335440054562,10.61440212818673,10.719118787609485,5933000
2024-08-07,10.766716957092285,10.84287403075942,10.70959869790997,10.804795493925853,3936500
2024-08-08,10.85239315032959,10.890471687746524,10.662000463244919,10.719118723302293,4691600
2024-08-09,11.128462791442871,11.176061190256478,10.871432890431711,10.938070104052393,5200100
2024-08-12,11.118943214416504,11.328374704869056,11.023746422127966,11.166540702696878,6766300
2024-08-13,11.60444450378418,11.747239694563776,11.214139283141654,11.433091545858138,10363400
2024-08-14,11.137982368469238,11.54732731680775,11.137982368469238,11.471170243795552,8769500
2024-08-15,10.966629028320312,11.147501843494199,10.919030632370166,11.128462121968584,6448100
2024-08-16,10.766716957092285,10.995188178093688,10.766716957092285,10.976148455744939,5930600
2024-08-19,11.43309211730957,11.509249193052957,10.842874326366335,10.899991679241898,8489300
2024-08-20,11.318856239318848,11.594925859406432,11.185580905948866,11.471170387248007,5585300
2024-08-21,11.737719535827637,11.880513815120729,11.547326860815552,11.547326860815552,8526700
2024-08-22,11.547327041625977,11.775798255217927,11.547327041625977,11.70916104488625,5546100
2024-08-23,11.6615629196167,11.785318390156302,11.442611561798579,11.537807449077096,4891100
2024-08-26,11.633004188537598,11.9852308762964,11.633004188537598,11.937632478953011,4652500
2024-08-27,11.699641227722168,11.870995092488139,11.699641227722168,11.775798299203954,4820600
2024-08-28,11.337894439697266,11.65204257974954,11.061824834564542,11.65204257974954,10007400
2024-08-29,11.356934547424316,11.490208970244478,11.242698938779643,11.299816289170021,6139800
2024-08-30,11.29029655456543,11.35693467458556,11.137982408000434,11.242699064661814,11535800
2024-09-02,11.18558120727539,11.20462093021141,11.071345593251147,11.12846294633129,3389600
2024-09-03,10.78575611114502,11.071345600319951,10.747677573112627,11.042786923761646,7875100
2024-09-04,10.85239315032959,11.023747022637766,10.776236075495722,10.80479565945638,8149900
2024-09-05,10.97614860534668,11.014227142699246,10.77623605727972,10.795275779887973,5525300
2024-09-06,11.042786598205566,11.185580884651287,10.909511265089344,10.97614847771549,5140500
2024-09-09,10.919031143188477,11.404532262573975,10.919031143188477,11.347414911052827,6035400
2024-09-10,10.709598541259766,10.919030944712965,10.604882793465125,10.852392825330996,6181100
2024-09-11,11.0332670211792,11.071345559069718,10.757197394506953,10.938070222520926,6008900
2024-09-12,10.97614860534668,11.233179413374462,10.94758992929824,11.052305680051813,5661300
2024-09-13,11.328374862670898,11.490208867097389,11.071344972493705,11.071344972493705,9509200
2024-09-16,11.337894439697266,11.41405150953637,11.290296044081854,11.337894439697266,2563200
2024-09-17,11.442611694335938,11.442611694335938,11.27125782424036,11.280777685437654,3496300
2024-09-18,11.318856239318848,11.528287738789475,11.25221811870189,11.309336378107291,6291500
2024-09-19,11.471170425415039,11.737720185177936,11.442611749549284,11.518768823767255,4376400
2024-09-20,10.595362663269043,11.414051626349975,10.519205592650533,11.347414416524753,25139500
2024-09-23,10.547764778137207,10.595363176545582,10.271695156805354,10.538244916882745,14785700
2024-09-24,11.53780746459961,11.594925723334702,10.919031018933039,10.938069833268788,16191800
2024-09-25,11.594925880432129,11.72820030617985,11.452130685591653,11.566366296745674,9319800
2024-09-26,12.632567405700684,12.680164897080681,11.918594140633276,11.947152817034066,15750500
2024-09-27,12.613527297973633,12.813439842407018,12.546890085783813,12.70872409355674,7575000
2024-09-30,12.270820617675781,13.175186555288604,12.070908070804403,12.946715332539585,13443000
2024-10-01,12.423134803771973,12.508811739528127,12.147065181815437,12.242261070983657,5080400
2024-10-02,12.661125183105469,12.889596393817222,12.56592839137696,12.56592839137696,7989300
2024-10-03,12.299379348754883,12.508811757813417,12.147065199571928,12.508811757813417,5549600
2024-10-04,12.032829284667969,12.261300502688925,11.94715235094413,12.232741827402284,6041700
2024-10-07,12.147065162658691,12.489771997278902,11.947152615497584,12.185143699838715,10215400
2024-10-08,11.575885772705078,11.63300403031304,11.528287376009093,11.594925494529035,10274200
2024-10-09,11.55684757232666,11.680603047161144,11.480690496715278,11.51876903452097,5982900
2024-10-10,11.271257400512695,11.661562616289466,11.252217678833878,11.661562616289466,8094900
2024-10-11,11.299816131591797,11.32837480638873,10.985667985233825,11.252217735020974,13481700
2024-10-14,11.271257400512695,11.414051681648232,11.166540747006996,11.32837474982135,6283600
2024-10-15,11.118943214416504,11.22365895964278,11.014226561326334,11.166540702696878,6047000
2024-10-16,11.366453170776367,11.471169823226846,11.15702168160319,11.242698612566713,15783700
2024-10-17,11.109423637390137,11.318856041056252,11.099903776345332,11.147502173705439,7947200
2024-10-18,11.109423637390137,11.537807397903254,11.033266564759534,11.404532066867741,8107300
2024-10-21,11.118943214416504,11.242698681246045,11.099903492813239,11.185580424300143,3535800
2024-10-22,10.938069343566895,11.109423204236666,10.899990808736264,11.071344669406038,5369100
2024-10-23,10.90951156616211,11.014227318587912,10.757197414319505,10.84287435169696,4871200
2024-10-24,11.128462791442871,11.137982652778382,10.7762360928045,10.880952751767222,6109000
2024-10-25,11.233179092407227,11.395013098497515,11.204620417174798,11.233179092407227,11425400
2024-10-28,11.480690002441406,11.528287491751358,11.347414671927364,11.39501306910123,3942700
2024-10-29,11.195100784301758,11.518768803078771,11.157022247261164,11.490209219400375,12491000
2024-10-30,11.214138984680176,11.328374589545154,11.157021636179628,11.157021636179628,3761700
2024-10-31,11.204620361328125,11.356934505627125,11.109423567209294,11.166540917389463,4500400
2024-11-01,11.090383529663086,11.233178716778095,10.97614792468941,11.233178716778095,6232100
2024-11-04,11.366453170776367,11.45213010173989,11.128462099372756,11.309335822043279,6067100
2024-11-05,11.699641227722168,11.804356974043648,11.40453189483232,11.48068987417801,6430300
2024-11-06,11.34741497039795,11.747240064592745,11.11894374739062,11.747240064592745,10147100
2024-11-07,11.699641227722168,11.870995092488139,11.385493080893825,11.471170013276812,11624900
2024-11-08,11.18558120727539,11.46165083479997,10.919031441218822,11.423572296791889,9913700
2024-11-11,10.747676849365234,11.061824993943768,10.709598313897045,11.02374645847558,7766000
2024-11-12,10.547764778137207,10.804795584824074,10.490647426338308,10.709598788007321,14761700
2024-11-13,10.128900527954102,10.595362819329011,9.967066523540128,10.376410557177909,15842000
2024-11-14,10.128900527954102,10.452567628918143,10.02418387341335,10.02418387341335,9446300
2024-11-18,11.061824798583984,11.061824798583984,10.3097730554711,10.557283985575058,19283200
2024-11-19,11.090383529663086,11.099903390376864,10.776235389019506,11.06182485538564,15034800
2024-11-21,10.90951156616211,11.071345579460866,10.719118876358852,10.938070242666608,12369200
2024-11-22,11.109999656677246,11.109999656677246,10.699999809265137,10.779999732971191,10827100
2024-11-25,11.25,11.3100004196167,10.960000038146973,11.149999618530273,9794600
2024-11-26,11.100000381469727,11.359999656677246,11.0,11.260000228881836,9341300
2024-11-27,11.1899995803833,11.350000381469727,11.020000457763672,11.199999809265137,11523400
2024-11-28,10.899999618530273,11.1899995803833,10.850000381469727,11.119999885559082,5234100
2024-11-29,11.15999984741211,11.210000038146973,10.760000228881836,10.899999618530273,9380600
2024-12-02,11.180000305175781,11.220000267028809,10.880000114440918,11.119999885559082,7716200
2024-12-03,11.420000076293945,11.930000305175781,11.119999885559082,11.220000267028809,15206900
2024-12-04,11.1899995803833,11.850000381469727,11.119999885559082,11.449999809265137,9690500
2024-12-05,11.350000381469727,11.380000114440918,11.1899995803833,11.3100004196167,5573300
2024-12-06,11.15999984741211,11.470000267028809,11.09000015258789,11.3100004196167,4867100
2024-12-09,11.649999618530273,11.930000305175781,11.510000228881836,11.550000190734863,9369600
2024-12-10,11.710000038146973,11.8100004196167,11.5,11.8100004196167,5372700
2024-12-11,11.579999923706055,11.789999961853027,11.3100004196167,11.729999542236328,7296500
2024-12-12,11.180000305175781,11.510000228881836,11.0600004196167,11.430000305175781,6990200
2024-12-13,10.6899995803833,11.130000114440918,10.6899995803833,11.100000381469727,8922700
2024-12-16,10.609999656677246,10.84000015258789,10.579999923706055,10.609999656677246,7936400
2024-12-17,10.5600004196167,10.770000457763672,10.399999618530273,10.609999656677246,13395300
2024-12-18,9.489999771118164,10.5,9.489999771118164,10.470000267028809,21564500
2024-12-19,9.25,9.640000343322754,9.100000381469727,9.539999961853027,12732500
2024-12-20,9.300000190734863,9.569999694824219,9.149999618530273,9.25,15235900
2024-12-23,8.859999656677246,9.289999961853027,8.859999656677246,9.229999542236328,10040200
2024-12-26,8.899999618530273,9.239999771118164,8.789999961853027,8.90999984741211,10866500
2024-12-27,8.680000305175781,8.989999771118164,8.680000305175781,8.949999809265137,10265900
2024-12-30,8.859999656677246,8.9399995803833,8.720000267028809,8.729999542236328,6953000
2025-01-02,8.420000076293945,8.90999984741211,8.380000114440918,8.880000114440918,11807600
2025-01-03,8.210000038146973,8.399999618530273,8.15999984741211,8.34000015258789,18857700
2025-01-06,8.529999732971191,8.6899995803833,8.270000457763672,8.279999732971191,11194600
2025-01-07,8.359999656677246,8.710000038146973,8.3100004196167,8.630000114440918,8167500
2025-01-08,7.760000228881836,8.3100004196167,7.760000228881836,8.300000190734863,13828400
2025-01-09,7.449999809265137,7.840000152587891,7.429999828338623,7.829999923706055,11296700
2025-01-10,7.730000019073486,7.900000095367432,7.440000057220459,7.460000038146973,17203200
2025-01-13,7.679999828338623,7.860000133514404,7.559999942779541,7.760000228881836,10836500
2025-01-14,7.489999771118164,7.789999961853027,7.46999979019165,7.789999961853027,12033400
2025-01-15,7.96999979019165,8.020000457763672,7.550000190734863,7.559999942779541,12117400
2025-01-16,7.809999942779541,8.010000228881836,7.71999979019165,7.900000095367432,14190400
2025-01-17,8.130000114440918,8.199999809265137,7.889999866485596,7.909999847412109,21683500
2025-01-20,7.989999771118164,8.09000015258789,7.909999847412109,8.09000015258789,7395500
2025-01-21,8.100000381469727,8.140000343322754,7.769999980926514,7.980000019073486,12916300
2025-01-22,7.849999904632568,8.140000343322754,7.78000020980835,8.069999694824219,16897900
2025-01-23,7.860000133514404,7.96999979019165,7.75,7.840000152587891,13162100
2025-01-24,8.260000228881836,8.420000076293945,7.889999866485596,7.900000095367432,19736100
2025-01-27,8.800000190734863,8.84000015258789,8.180000305175781,8.1899995803833,14802600
2025-01-28,8.729999542236328,8.869999885559082,8.649999618530273,8.75,8364300
2025-01-29,8.800000190734863,8.869999885559082,8.649999618530273,8.800000190734863,7421000
2025-01-30,9.25,9.40999984741211,8.890000343322754,8.899999618530273,13202300
2025-01-31,9.09000015258789,9.279999732971191,8.9399995803833,9.260000228881836,10652700
2025-02-03,9.029999732971191,9.1899995803833,8.890000343322754,8.899999618530273,8671200
2025-02-04,9.020000457763672,9.149999618530273,8.920000076293945,9.010000228881836,7845100
2025-02-05,8.729999542236328,9.039999961853027,8.710000038146973,8.989999771118164,10601200
2025-02-06,9.0600004196167,9.149999618530273,8.760000228881836,8.779999732971191,11471900
2025-02-07,8.9399995803833,9.119999885559082,8.890000343322754,9.050000190734863,12265900
2025-02-10,9.069999694824219,9.119999885559082,8.739999771118164,8.760000228881836,19244800
2025-02-11,8.869999885559082,9.25,8.65999984741211,8.930000305175781,18982100
2025-02-12,8.380000114440918,8.789999961853027,8.239999771118164,8.789999961853027,26187300
2025-02-13,8.359999656677246,8.460000038146973,8.1899995803833,8.329999923706055,12508800
2025-02-14,8.739999771118164,8.789999961853027,8.4399995803833,8.4399995803833,12119900
2025-02-17,8.789999961853027,9.140000343322754,8.75,8.75,10169500
2025-02-18,8.890000343322754,9.020000457763672,8.75,8.869999885559082,8487100
2025-02-19,8.760000228881836,8.970000267028809,8.680000305175781,8.789999961853027,11442300
2025-02-20,8.84000015258789,9.029999732971191,8.670000076293945,8.869999885559082,15332700
2025-02-21,8.699999809265137,9.039999961853027,8.630000114440918,8.829999923706055,14250500
2025-02-24,8.460000038146973,8.850000381469727,8.399999618530273,8.729999542236328,13463800
2025-02-25,8.539999961853027,8.59000015258789,8.390000343322754,8.399999618530273,12861700
2025-02-26,8.699999809265137,8.770000457763672,8.529999732971191,8.630000114440918,17876900
2025-02-27,8.670000076293945,9.020000457763672,8.600000381469727,8.630000114440918,14314300
2025-02-28,8.520000457763672,8.649999618530273,8.40999984741211,8.600000381469727,91028700
2025-03-05,8.5,8.569999694824219,8.300000190734863,8.449999809265137,6745300
2025-03-06,8.670000076293945,8.770000457763672,8.470000267028809,8.5,11616400
2025-03-07,8.800000190734863,8.84000015258789,8.40999984741211,8.520000457763672,10943300
2025-03-10,8.65999984741211,8.829999923706055,8.529999732971191,8.699999809265137,11471400
2025-03-11,8.4399995803833,8.75,8.3100004196167,8.649999618530273,11348100
2025-03-12,8.470000267028809,8.470000267028809,8.1899995803833,8.369999885559082,16468400
2025-03-13,9.140000343322754,9.34000015258789,8.550000190734863,8.550000190734863,25997900
2025-03-14,10.220000267028809,10.25,9.15999984741211,9.199999809265137,26742900
2025-03-17,10.079999923706055,10.300000190734863,10.010000228881836,10.170000076293945,10116600
2025-03-18,9.850000381469727,10.09000015258789,9.539999961853027,10.0,18130100
2025-03-19,10.050000190734863,10.170000076293945,9.680000305175781,9.800000190734863,15469800
2025-03-20,10.029999732971191,10.220000267028809,9.899999618530273,9.90999984741211,10874000
2025-03-21,10.069999694824219,10.170000076293945,9.9399995803833,10.029999732971191,16862200
2025-03-24,9.960000038146973,10.329999923706055,9.859999656677246,10.210000038146973,6883200
2025-03-25,9.949999809265137,10.140000343322754,9.9399995803833,9.989999771118164,4645100
2025-03-26,9.979999542236328,10.0600004196167,9.899999618530273,10.010000228881836,4865800
2025-03-27,9.960000038146973,10.130000114440918,9.869999885559082,10.050000190734863,6866300
2025-03-28,9.739999771118164,9.949999809265137,9.579999923706055,9.920000076293945,9124000
2025-03-31,9.470000267028809,9.729999542236328,9.380000114440918,9.699999809265137,7422600
2025-04-01,9.479999542236328,9.670000076293945,9.399999618530273,9.520000457763672,8861000
2025-04-02,8.989999771118164,9.449999809265137,8.949999809265137,9.430000305175781,14549400
2025-04-03,8.8100004196167,9.039999961853027,8.739999771118164,8.90999984741211,10217600
2025-04-04,8.229999542236328,8.449999809265137,7.940000057220459,8.449999809265137,19779900
2025-04-07,8.239999771118164,8.470000267028809,7.900000095367432,8.050000190734863,17178300
2025-04-08,7.769999980926514,8.449999809265137,7.690000057220459,8.380000114440918,15445400
2025-04-09,8.40999984741211,8.520000457763672,7.659999847412109,7.690000057220459,20379000
2025-04-10,8.359999656677246,8.489999771118164,8.079999923706055,8.489999771118164,10956300
2025-04-11,8.630000114440918,8.6899995803833,8.319999694824219,8.430000305175781,9047700
2025-04-14,8.960000038146973,9.029999732971191,8.760000228881836,8.800000190734863,9342800
2025-04-15,8.649999618530273,9.039999961853027,8.609999656677246,8.979999542236328,9083100
2025-04-16,8.649999618530273,8.649999618530273,8.470000267028809,8.569999694824219,9425400
2025-04-17,8.680000305175781,8.770000457763672,8.59000015258789,8.630000114440918,7347400
2025-04-22,8.850000381469727,8.899999618530273,8.539999961853027,8.680000305175781,6789300
2025-04-23,9.130000114440918,9.329999923706055,9.0600004196167,9.100000381469727,9426000
2025-04-24,9.359999656677246,9.40999984741211,9.140000343322754,9.229999542236328,7153300
2025-04-25,9.390000343322754,9.5,9.149999618530273,9.1899995803833,7620300
2025-04-28,9.359999656677246,9.529999732971191,9.350000381469727,9.390000343322754,6005300
2025-04-29,9.399999618530273,9.529999732971191,9.319999694824219,9.359999656677246,17602800
2025-04-30,9.300000190734863,9.3100004196167,9.079999923706055,9.229999542236328,7876900
2025-05-02,9.350000381469727,9.479999542236328,9.180000305175781,9.399999618530273,9431800
2025-05-05,9.199999809265137,9.479999542236328,9.170000076293945,9.380000114440918,6024200
2025-05-06,9.34000015258789,9.470000267028809,9.199999809265137,9.210000038146973,11903300
2025-05-07,9.399999618530273,9.489999771118164,9.210000038146973,9.4399995803833,8131400
2025-05-08,9.630000114440918,9.720000267028809,9.5,9.5,9039200
2025-05-09,8.680000305175781,9.520000457763672,8.539999961853027,9.489999771118164,26973800
2025-05-12,8.890000343322754,9.430000305175781,8.8100004196167,9.050000190734863,15036800
2025-05-13,9.029999732971191,9.100000381469727,8.819999694824219,8.9399995803833,9070000
2025-05-14,9.289999961853027,9.479999542236328,9.010000228881836,9.109999656677246,7614500
2025-05-15,9.270000457763672,9.399999618530273,9.210000038146973,9.239999771118164,9267100
2025-05-16,9.069999694824219,9.119999885559082,8.869999885559082,9.100000381469727,15367200
2025-05-19,9.079999923706055,9.229999542236328,8.970000267028809,9.0,7577800
2025-05-20,9.100000381469727,9.289999961853027,8.960000038146973,9.050000190734863,10620300
2025-05-21,8.90999984741211,9.130000114440918,8.90999984741211,9.130000114440918,6403400
2025-05-22,8.800000190734863,9.0,8.760000228881836,8.869999885559082,8156600
2025-05-23,8.84000015258789,8.949999809265137,8.550000190734863,8.680000305175781,9376700
2025-05-26,8.8100004196167,8.930000305175781,8.8100004196167,8.84000015258789,2656600
2025-05-27,9.0,9.0600004196167,8.8100004196167,8.8100004196167,8557000
2025-05-28,8.670000076293945,9.020000457763672,8.420000076293945,9.010000228881836,15534900
2025-05-29,8.579999923706055,8.880000114440918,8.579999923706055,8.75,8265000
2025-05-30,8.25,8.59000015258789,8.220000267028809,8.579999923706055,22043800
2025-06-02,8.239999771118164,8.390000343322754,8.130000114440918,8.25,10306200
2025-06-03,8.380000114440918,8.380000114440918,8.119999885559082,8.149999618530273,8621700
2025-06-04,8.329999923706055,8.609999656677246,8.279999732971191,8.399999618530273,8072500
2025-06-05,8.270000457763672,8.5,8.239999771118164,8.329999923706055,6744400
2025-06-06,8.229999542236328,8.329999923706055,8.149999618530273,8.300000190734863,9011600
2025-06-09,8.300000190734863,8.300000190734863,8.109999656677246,8.170000076293945,6342300
2025-06-10,8.640000343322754,8.699999809265137,8.25,8.350000381469727,11441700
2025-06-11,8.479999542236328,8.619999885559082,8.329999923706055,8.619999885559082,13929300
2025-06-12,8.289999961853027,8.460000038146973,8.289999961853027,8.390000343322754,6170700
2025-06-13,7.940000057220459,8.260000228881836,7.940000057220459,8.229999542236328,11617000
2025-06-16,8.420000076293945,8.470000267028809,8.050000190734863,8.050000190734863,11294300
2025-06-17,8.199999809265137,8.369999885559082,8.1899995803833,8.34000015258789,7927700
2025-06-18,8.149999618530273,8.369999885559082,8.130000114440918,8.34000015258789,5901100
2025-06-20,7.869999885559082,8.180000305175781,7.869999885559082,8.130000114440918,10715100
2025-06-23,7.739999771118164,7.880000114440918,7.659999847412109,7.860000133514404,7329600
2025-06-24,7.630000114440918,7.849999904632568,7.599999904632568,7.820000171661377,8880500
2025-06-25,7.25,7.610000133514404,7.239999771118164,7.610000133514404,14945000
2025-06-26,7.420000076293945,7.599999904632568,7.320000171661377,7.360000133514404,7136000
2025-06-27,7.5,7.5,7.360000133514404,7.409999847412109,4915500
2025-06-30,7.440000057220459,7.519999980926514,7.389999866485596,7.489999771118164,9082800
2025-07-01,7.510000228881836,7.550000190734863,7.360000133514404,7.449999809265137,5064500
2025-07-02,7.96999979019165,8.079999923706055,7.53000020980835,7.559999942779541,15574200
2025-07-03,8.229999542236328,8.319999694824219,7.920000076293945,8.0600004196167,10430800
2025-07-04,8.210000038146973,8.260000228881836,8.130000114440918,8.229999542236328,3333600
2025-07-07,8.119999885559082,8.3100004196167,8.0600004196167,8.220000267028809,5960400
2025-07-08,8.140000343322754,8.289999961853027,8.109999656677246,8.170000076293945,7261700
2025-07-09,7.929999828338623,8.199999809265137,7.929999828338623,8.199999809265137,5386600
2025-07-10,8.329999923706055,8.470000267028809,7.760000228881836,7.860000133514404,14134500
2025-07-11,8.25,8.369999885559082,8.109999656677246,8.350000381469727,5409100
2025-07-14,8.199999809265137,8.3100004196167,8.100000381469727,8.289999961853027,3266900
2025-07-15,8.079999923706055,8.399999618530273,8.0,8.220000267028809,10715900
2025-07-16,8.0,8.170000076293945,7.789999961853027,8.149999618530273,8659100
2025-07-17,7.909999847412109,8.050000190734863,7.809999942779541,8.020000457763672,6059800
2025-07-18,7.820000171661377,7.849999904632568,7.639999866485596,7.809999942779541,15277700
2025-07-21,7.989999771118164,8.079999923706055,7.769999980926514,7.860000133514404,10514300
2025-07-22,8.5600004196167,8.5600004196167,8.100000381469727,8.100000381469727,15072900
2025-07-23,8.770000457763672,8.800000190734863,8.3100004196167,8.470000267028809,8581700
2025-07-24,8.550000190734863,8.789999961853027,8.550000190734863,8.65999984741211,6020400
2025-07-25,8.369999885559082,8.550000190734863,8.279999732971191,8.5,7507700
2025-07-28,8.0,8.329999923706055,7.949999809265137,8.270000457763672,7244100
2025-07-29,8.010000228881836,8.130000114440918,7.909999847412109,8.0600004196167,8621100
2025-07-30,7.940000057220459,8.079999923706055,7.840000152587891,7.989999771118164,9253500
2025-07-31,8.020000457763672,8.050000190734863,7.539999961853027,7.800000190734863,13389100
2025-08-01,7.619999885559082,8.15999984741211,7.619999885559082,8.050000190734863,12946700
2025-08-04,7.449999809265137,7.769999980926514,7.429999828338623,7.739999771118164,8123300
2025-08-05,7.239999771118164,7.590000152587891,7.210000038146973,7.5,10184900
2025-08-06,7.21999979019165,7.440000057220459,7.199999809265137,7.309999942779541,7504700
2025-08-07,7.309999942779541,7.409999847412109,7.210000038146973,7.25,6383300
2025-08-08,7.409999847412109,7.46999979019165,7.269999980926514,7.289999961853027,6222000
2025-08-11,7.260000228881836,7.5,7.260000228881836,7.440000057220459,7395900
2025-08-12,7.550000190734863,7.590000152587891,7.289999961853027,7.360000133514404,11963300
2025-08-13,7.420000076293945,7.590000152587891,7.380000114440918,7.550000190734863,6151000
2025-08-14,6.96999979019165,7.349999904632568,6.900000095367432,7.349999904632568,17233300
2025-08-15,6.769999980926514,7.03000020980835,6.71999979019165,7.010000228881836,12436600
2025-08-18,7.079999923706055,7.110000133514404,6.75,6.78000020980835,8373600
2025-08-19,6.840000152587891,7.050000190734863,6.829999923706055,7.0,8168100
2025-08-20,6.769999980926514,6.880000114440918,6.730000019073486,6.840000152587891,4650200
2025-08-21,6.829999923706055,6.909999847412109,6.730000019073486,6.769999980926514,5442800
2025-08-22,7.159999847412109,7.179999828338623,6.789999961853027,6.840000152587891,9056800
2025-08-25,7.239999771118164,7.360000133514404,7.190000057220459,7.21999979019165,5928700
2025-08-26,7.25,7.309999942779541,7.150000095367432,7.230000019073486,6634500
2025-08-27,7.380000114440918,7.380000114440918,7.150000095367432,7.28000020980835,5972800
2025-08-28,7.730000019073486,7.900000095367432,7.480000019073486,7.480000019073486,11866000
2025-08-29,7.610000133514404,7.889999866485596,7.519999980926514,7.760000228881836,10010700
2025-09-01,7.539999961853027,7.630000114440918,7.440000057220459,7.590000152587891,3961200
2025-09-02,7.440000057220459,7.539999961853027,7.380000114440918,7.429999828338623,6330800
2025-09-03,7.429999828338623,7.5,7.349999904632568,7.46999979019165,5586400
2025-09-04,7.650000095367432,7.760000228881836,7.480000019073486,7.480000019073486,8148700
2025-09-05,7.789999961853027,7.880000114440918,7.619999885559082,7.760000228881836,5059700
2025-09-08,7.840000152587891,8.029999732971191,7.739999771118164,7.809999942779541,7415800
2025-09-09,7.789999961853027,8.130000114440918,7.789999961853027,7.949999809265137,8214100
2025-09-10,7.75,7.960000038146973,7.699999809265137,7.789999961853027,4787200
2025-09-11,7.820000171661377,7.849999904632568,7.679999828338623,7.760000228881836,3854400
2025-09-12,7.829999923706055,7.889999866485596,7.579999923706055,7.71999979019165,6311800
2025-09-15,7.869999885559082,7.920000076293945,7.800000190734863,7.860000133514404,3699500
2025-09-16,8.069999694824219,8.079999923706055,7.809999942779541,7.929999828338623,8507700
2025-09-17,8.109999656677246,8.3100004196167,8.010000228881836,8.039999961853027,8515000
2025-09-18,7.909999847412109,8.350000381469727,7.849999904632568,8.109999656677246,7828900
2025-09-19,8.010000228881836,8.140000343322754,7.809999942779541,7.940000057220459,9306400
2025-09-22,7.949999809265137,8.039999961853027,7.75,8.039999961853027,7252900
2025-09-23,7.980000019073486,8.119999885559082,7.909999847412109,7.940000057220459,6707100
2025-09-24,8.039999961853027,8.050000190734863,7.889999866485596,7.980000019073486,4854700
2025-09-25,7.949999809265137,8.1899995803833,7.940000057220459,7.989999771118164,7224900
2025-09-26,7.989999771118164,8.0600004196167,7.869999885559082,8.0,5853600
2025-09-29,8.039999961853027,8.300000190734863,7.949999809265137,8.069999694824219,9482100
2025-09-30,7.900000095367432,8.130000114440918,7.860000133514404,8.09000015258789,5374700
2025-10-01,8.210000038146973,8.25,7.940000057220459,7.940000057220459,10169100
2025-10-02,8.15999984741211,8.239999771118164,7.989999771118164,8.170000076293945,6599600
2025-10-03,8.199999809265137,8.220000267028809,8.0600004196167,8.180000305175781,4725500
2025-10-06,8.729999542236328,8.729999542236328,8.1899995803833,8.220000267028809,12121200
2025-10-07,8.399999618530273,8.65999984741211,8.390000343322754,8.640000343322754,8080000
2025-10-08,8.460000038146973,8.619999885559082,8.3100004196167,8.5,6440100
2025-10-09,8.420000076293945,8.680000305175781,8.329999923706055,8.579999923706055,6902300
2025-10-10,7.909999847412109,8.479999542236328,7.909999847412109,8.420000076293945,14064900
2025-10-13,8.40999984741211,8.420000076293945,8.039999961853027,8.100000381469727,11000000
2025-10-14,8.449999809265137,8.470000267028809,8.270000457763672,8.289999961853027,5892100
2025-10-15,8.520000457763672,8.520000457763672,8.229999542236328,8.420000076293945,8456800
2025-10-16,8.300000190734863,8.489999771118164,8.229999542236328,8.449999809265137,7920400
2025-10-17,8.34000015258789,8.380000114440918,8.130000114440918,8.239999771118164,7206500
2025-10-20,8.720000267028809,8.789999961853027,8.34000015258789,8.34000015258789,11324400
2025-10-21,8.649999618530273,8.789999961853027,8.34000015258789,8.34000015258789,5290700
2025-10-22,8.609999656677246,8.850000381469727,8.539999961853027,8.699999809265137,6953300
2025-10-23,8.760000228881836,8.800000190734863,8.630000114440918,8.670000076293945,5550000
2025-10-24,8.630000114440918,9.180000305175781,8.619999885559082,8.8100004196167,16996000
2025-10-27,8.920000076293945,9.020000457763672,8.710000038146973,8.899999618530273,7942700
2025-10-28,9.119999885559082,9.260000228881836,8.890000343322754,8.899999618530273,9375000
2025-10-29,9.3100004196167,9.34000015258789,9.149999618530273,9.220000267028809,9943800
2025-10-30,9.359999656677246,9.390000343322754,9.15999984741211,9.229999542236328,5756900
2025-10-31,9.4399995803833,9.460000038146973,9.210000038146973,9.430000305175781,6345400
2025-11-03,9.300000190734863,9.520000457763672,9.220000267028809,9.430000305175781,5144500
2025-11-04,9.130000114440918,9.260000228881836,8.9399995803833,9.1899995803833,8438600
2025-11-05,8.710000038146973,9.220000267028809,8.5600004196167,9.130000114440918,21873300
2025-11-06,8.5,8.729999542236328,8.3100004196167,8.720000267028809,17317400
2025-11-07,8.350000381469727,8.479999542236328,8.210000038146973,8.399999618530273,12546300
2025-11-10,8.289999961853027,8.420000076293945,8.229999542236328,8.399999618530273,7346100
2025-11-11,8.3100004196167,8.470000267028809,8.270000457763672,8.34000015258789,9109600
2025-11-12,8.729999542236328,8.789999961853027,8.279999732971191,8.329999923706055,13456000
2025-11-13,8.609999656677246,8.829999923706055,8.579999923706055,8.699999809265137,7011500
2025-11-14,8.649999618530273,8.720000267028809,8.470000267028809,8.529999732971191,4933900
2025-11-17,8.350000381469727,8.720000267028809,8.289999961853027,8.6899995803833,7356900
2025-11-18,8.149999618530273,8.300000190734863,8.119999885559082,8.229999542236328,9688800
2025-11-19,8.109999656677246,8.270000457763672,8.069999694824219,8.100000381469727,6040500
2025-11-21,8.100000381469727,8.180000305175781,7.980000019073486,8.100000381469727,6643000
2025-11-24,8.109999656677246,8.210000038146973,8.0,8.079999923706055,7535800
2025-11-25,8.3100004196167,8.34000015258789,8.0600004196167,8.109999656677246,5493800
2025-11-26,8.640000343322754,8.680000305175781,8.329999923706055,8.329999923706055,7654500
2025-11-27,8.479999542236328,8.649999618530273,8.380000114440918,8.649999618530273,5755400
2025-11-28,8.4399995803833,8.569999694824219,8.399999618530273,8.4399995803833,4383100
2025-12-01,8.449999809265137,8.520000457763672,8.390000343322754,8.470000267028809,4916300
2025-12-02,8.579999923706055,8.600000381469727,8.34000015258789,8.4399995803833,7283700
2025-12-03,9.050000190734863,9.119999885559082,8.600000381469727,8.609999656677246,14863500
2025-12-04,9.289999961853027,9.300000190734863,8.90999984741211,9.039999961853027,9321400
2025-12-05,8.90999984741211,9.390000343322754,8.819999694824219,9.279999732971191,11792900
2025-12-08,8.760000228881836,9.100000381469727,8.75,9.020000457763672,7143100
2025-12-09,9.050000190734863,9.140000343322754,8.569999694824219,8.710000038146973,8034900
2025-12-10,9.630000114440918,9.869999885559082,9.09000015258789,9.140000343322754,20382300
2025-12-11,9.770000457763672,9.84000015258789,9.489999771118164,9.579999923706055,6954000
2025-12-12,9.699999809265137,9.859999656677246,9.489999771118164,9.819999694824219,9208400
2025-12-15,9.579999923706055,9.789999961853027,9.4399995803833,9.75,7176800
2025-12-16,9.680000305175781,9.680000305175781,9.4399995803833,9.5600004196167,6897400
2025-12-17,9.5600004196167,9.739999771118164,9.390000343322754,9.729999542236328,8310500
2025-12-18,9.59000015258789,9.699999809265137,9.420000076293945,9.600000381469727,6191000
2025-12-19,9.279999732971191,9.59000015258789,9.199999809265137,9.5600004196167,11424600
2025-12-22,9.199999809265137,9.449999809265137,9.119999885559082,9.3100004196167,10686600
2025-12-23,9.210000038146973,9.25,9.119999885559082,9.239999771118164,5403700
2025-12-26,9.15999984741211,9.170000076293945,9.020000457763672,9.119999885559082,4919000
2025-12-29,8.930000305175781,9.239999771118164,8.899999618530273,9.210000038146973,8095700
2025-12-30,8.9399995803833,9.069999694824219,8.920000076293945,9.0,5246500
2026-01-02,8.699999809265137,9.020000457763672,8.699999809265137,8.9399995803833,12462400
2026-01-05,9.050000190734863,9.149999618530273,8.65999984741211,8.729999542236328,6496100
2026-01-06,9.319999694824219,9.420000076293945,8.949999809265137,9.100000381469727,10117700
2026-01-07,9.850000381469727,9.90999984741211,9.270000457763672,9.359999656677246,16022900
2026-01-08,9.859999656677246,9.899999618530273,9.5,9.789999961853027,9840400
2026-01-09,9.84000015258789,10.100000381469727,9.800000190734863,9.84000015258789,7617400
2026-01-12,9.920000076293945,9.949999809265137,9.770000457763672,9.84000015258789,6705000
2026-01-13,10.050000190734863,10.050000190734863,9.640000343322754,9.869999885559082,7113900
2026-01-14,10.270000457763672,10.430000305175781,9.729999542236328,10.109999656677246,11163200
2026-01-15,9.949999809265137,10.779999732971191,9.739999771118164,10.390000343322754,22666400
2026-01-16,9.510000228881836,9.970000267028809,9.0600004196167,9.880000114440918,23261500
2026-01-19,9.210000038146973,9.489999771118164,9.180000305175781,9.40999984741211,9019900
2026-01-20,8.930000305175781,9.15999984741211,8.890000343322754,9.109999656677246,11011600
2026-01-21,9.369999885559082,9.380000114440918,8.960000038146973,9.069999694824219,18339000
2026-01-22,9.539999961853027,9.979999542236328,9.350000381469727,9.399999618530273,18182900
2026-01-23,10.140000343322754,10.199999809265137,9.510000228881836,9.600000381469727,14107400
2026-01-26,9.960000038146973,10.479999542236328,9.90999984741211,10.260000228881836,13318700
2026-01-27,10.670000076293945,10.6899995803833,9.989999771118164,10.079999923706055,15581700
2026-01-28,10.890000343322754,11.319999694824219,10.670000076293945,10.699999809265137,16432200
2026-01-29,10.520000457763672,11.170000076293945,10.489999771118164,11.15999984741211,13276700
2026-01-30,10.069999694824219,10.420000076293945,9.9399995803833,10.329999923706055,14357700
2026-02-02,10.010000228881836,10.199999809265137,9.970000267028809,10.039999961853027,9347700
2026-02-03,10.369999885559082,10.4399995803833,10.0,10.100000381469727,10266600
2026-02-04,10.229999542236328,10.430000305175781,10.039999961853027,10.25,8461000
2026-02-05,9.899999618530273,10.270000457763672,9.899999618530273,10.210000038146973,12052200
2026-02-06,9.510000228881836,9.960000038146973,9.460000038146973,9.899999618530273,13482600
2026-02-09,9.850000381469727,9.920000076293945,9.489999771118164,9.5,16122100
2026-02-10,9.390000343322754,9.869999885559082,9.359999656677246,9.829999923706055,15926400
2026-02-11,9.619999885559082,9.680000305175781,9.279999732971191,9.510000228881836,16317200
2026-02-12,8.699999809265137,9.739999771118164,8.699999809265137,9.550000190734863,20952500
2026-02-13,8.729999542236328,8.800000190734863,8.399999618530273,8.539999961853027,22917800
2026-02-18,8.59000015258789,8.829999923706055,8.489999771118164,8.829999923706055,10116000
2026-02-19,8.529999732971191,8.640000343322754,8.390000343322754,8.609999656677246,13833600
2026-02-20,8.579999923706055,8.75,8.40999984741211,8.5,17145000
2026-02-23,8.529999732971191,8.5600004196167,8.289999961853027,8.529999732971191,17903700
2026-02-24,8.529999732971191,8.710000038146973,8.5,8.529999732971191,11964200
2026-02-25,8.619999885559082,8.699999809265137,8.529999732971191,8.609999656677246,8774800
2026-02-26,8.630000114440918,8.729999542236328,8.420000076293945,8.579999923706055,12533800
2026-02-27,8.619999885559082,8.619999885559082,8.489999771118164,8.569999694824219,10525600
2026-03-02,8.420000076293945,8.510000228881836,8.300000190734863,8.369999885559082,11092600
2026-03-03,7.909999847412109,8.180000305175781,7.800000190734863,8.180000305175781,15801000
2026-03-04,8.0,8.09000015258789,7.900000095367432,8.010000228881836,9134600
2026-03-05,7.510000228881836,8.0,7.510000228881836,7.96999979019165,16286500
2026-03-06,7.190000057220459,7.550000190734863,7.179999828338623,7.46999979019165,14698000
2026-03-09,7.190000057220459,7.300000190734863,6.960000038146973,7.139999866485596,14806000
2026-03-10,7.269999980926514,7.380000114440918,7.090000152587891,7.349999904632568,12211700
2026-03-11,7.130000114440918,7.329999923706055,7.079999923706055,7.21999979019165,12147100
2026-03-12,6.099999904632568,7.010000228881836,6.039999961853027,7.0,47734400
2026-03-13,5.71999979019165,6.179999828338623,5.670000076293945,6.159999847412109,36465200
2026-03-16,6.03000020980835,6.139999866485596,5.849999904632568,5.869999885559082,22389100
2026-03-17,6.340000152587891,6.510000228881836,6.039999961853027,6.039999961853027,24449900
2026-03-18,6.059999942779541,6.269999980926514,6.059999942779541,6.21999979019165,25082400
2026-03-19,6.090000152587891,6.28000020980835,5.75,5.829999923706055,27897500
2026-03-20,5.989999771118164,6.099999904632568,5.840000152587891,6.099999904632568,37070700
2026-03-23,6.539999961853027,6.619999885559082,6.099999904632568,6.139999866485596,20968700
2026-03-24,6.570000171661377,6.579999923706055,6.340000152587891,6.5,13347500
2026-03-25,6.599999904632568,6.690000057220459,6.510000228881836,6.679999828338623,12946400
2026-03-26,6.440000057220459,6.659999847412109,6.429999828338623,6.480000019073486,8907000
2026-03-27,6.179999828338623,6.46999979019165,6.170000076293945,6.440000057220459,10938800
2026-03-30,6.139999866485596,6.389999866485596,6.099999904632568,6.269999980926514,10759800
2026-03-31,6.329999923706055,6.380000114440918,6.210000038146973,6.269999980926514,12148400
2026-04-01,6.519999980926514,6.579999923706055,6.389999866485596,6.449999809265137,8816600
2026-04-02,6.46999979019165,6.510000228881836,6.289999961853027,6.340000152587891,6972300
2026-04-06,6.409999847412109,6.539999961853027,6.389999866485596,6.519999980926514,5826700
2026-04-07,6.360000133514404,6.420000076293945,6.269999980926514,6.400000095367432,8722900
2026-04-08,6.71999979019165,6.809999942779541,6.639999866485596,6.639999866485596,15227400
2026-04-09,6.789999961853027,6.860000133514404,6.599999904632568,6.679999828338623,11007700
2026-04-10,6.420000076293945,6.909999847412109,6.420000076293945,6.849999904632568,17337000
2026-04-13,6.519999980926514,6.53000020980835,6.309999942779541,6.380000114440918,9895200
2026-04-14,6.639999866485596,6.820000171661377,6.559999942779541,6.590000152587891,12944700
2026-04-15,6.639999866485596,6.739999771118164,6.510000228881836,6.630000114440918,8756700
2026-04-16,6.619999885559082,6.920000076293945,6.610000133514404,6.71999979019165,20928300
2026-04-17,6.789999961853027,6.929999828338623,6.75,6.800000190734863,13922600
2026-04-20,6.820000171661377,6.860000133514404,6.679999828338623,6.730000019073486,8061000
2026-04-22,6.639999866485596,6.789999961853027,6.639999866485596,6.75,11049800
2026-04-23,6.389999866485596,6.679999828338623,6.389999866485596,6.650000095367432,10110900
2026-04-24,6.429999828338623,6.619999885559082,6.329999923706055,6.380000114440918,7715100
2026-04-27,6.400000095367432,6.579999923706055,6.389999866485596,6.429999828338623,6646500
2026-04-28,6.420000076293945,6.420000076293945,6.309999942779541,6.360000133514404,5183000
2026-04-29,6.159999847412109,6.409999847412109,6.159999847412109,6.369999885559082,9126900
2026-04-30,6.230000019073486,6.349999904632568,6.230000019073486,6.239999771118164,11200500
2026-05-04,6.079999923706055,6.260000228881836,6.079999923706055,6.25,6692800
2026-05-05,6.269999980926514,6.340000152587891,6.079999923706055,6.110000133514404,7487200
2026-05-06,6.699999809265137,6.78000020980835,6.400000095367432,6.429999828338623,14649900
2026-05-07,6.579999923706055,6.78000020980835,6.550000190734863,6.730000019073486,6886800
2026-05-08,6.679999828338623,6.880000114440918,6.650000095367432,6.650000095367432,6923000
2026-05-11,6.679999828338623,6.75,6.570000171661377,6.619999885559082,6631000
2026-05-12,6.550000190734863,6.650000095367432,6.460000038146973,6.639999866485596,7013700
2026-05-13,6.369999885559082,6.619999885559082,6.360000133514404,6.599999904632568,10192400
2026-05-14,6.670000076293945,6.730000019073486,6.260000228881836,6.480000019073486,13518600
2026-05-15,6.420000076293945,6.5,6.21999979019165,6.5,17569700
2026-05-18,6.150000095367432,6.440000057220459,6.070000171661377,6.360000133514404,15875200
2026-05-19,5.900000095367432,6.119999885559082,5.880000114440918,6.070000171661377,12762200
2026-05-20,6.130000114440918,6.170000076293945,5.949999809265137,5.96999979019165,12356300
2026-05-21,6.340000152587891,6.349999904632568,6.070000171661377,6.090000152587891,10279500
2026-05-22,6.730000019073486,6.739999771118164,6.260000228881836,6.309999942779541,13506800
2026-05-25,6.71999979019165,6.829999923706055,6.599999904632568,6.760000228881836,6152300
2026-05-26,6.690000057220459,6.820000171661377,6.610000133514404,6.639999866485596,9424400
2026-05-27,6.550000190734863,6.849999904632568,6.5,6.840000152587891,12617300
2026-05-28,6.800000190734863,6.880000114440918,6.400000095367432,6.579999923706055,15221500
2026-05-29,6.710000038146973,6.909999847412109,6.659999847412109,6.789999961853027,11728700
2026-06-01,6.550000190734863,6.699999809265137,6.179999828338623,6.659999847412109,28197100
2026-06-02,7.130000114440918,7.300000190734863,6.550000190734863,6.550000190734863,30525000
2026-06-03,6.679999828338623,6.980000019073486,6.53000020980835,6.980000019073486,25347200
2026-06-05,6.0,6.599999904632568,5.989999771118164,6.590000152587891,34714100
2026-06-08,5.900000095367432,6.059999942779541,5.880000114440918,6.010000228881836,15866000
2026-06-09,6.070000171661377,6.199999809265137,5.78000020980835,5.960000038146973,23202800
2026-06-10,6.039999961853027,6.269999980926514,5.96999979019165,6.03000020980835,14973700
2026-06-11,6.010000228881836,6.110000133514404,5.860000133514404,6.059999942779541,14982400
2026-06-12,6.050000190734863,6.159999847412109,5.940000057220459,5.989999771118164,11031700
2026-06-15,6.090000152587891,6.5,6.059999942779541,6.230000019073486,14845000
2026-06-16,6.019999980926514,6.289999961853027,6.019999980926514,6.059999942779541,15586500
2026-06-17,5.630000114440918,6.090000152587891,5.630000114440918,6.070000171661377,29027900
2026-06-18,5.179999828338623,5.659999847412109,5.179999828338623,5.659999847412109,30296000
2026-06-19,5.260000228881836,5.260000228881836,5.139999866485596,5.199999809265137,11756200
2026-06-22,5.340000152587891,5.429999828338623,5.190000057220459,5.269999980926514,13340200
2026-06-23,5.269999980926514,5.420000076293945,5.170000076293945,5.239999771118164,14610600
2026-06-24,5.059999942779541,5.260000228881836,5.010000228881836,5.239999771118164,22735800
2026-06-25,4.820000171661377,5.130000114440918,4.820000171661377,5.079999923706055,22842500
2026-06-26,4.730000019073486,4.869999885559082,4.730000019073486,4.829999923706055,13198500
2026-06-29,4.639999866485596,4.760000228881836,4.599999904632568,4.730000019073486,12128800
2026-06-30,4.619999885559082,4.659999847412109,4.5,4.630000114440918,12366600
2026-07-01,4.590000152587891,4.690000057220459,4.489999771118164,4.559999942779541,10307700
2026-07-02,4.619999885559082,4.849999904632568,4.599999904632568,4.639999866485596,14941400
2026-07-03,4.820000171661377,4.829999923706055,4.659999847412109,4.670000076293945,10136000
2026-07-06,4.760000228881836,4.900000095367432,4.75,4.78000020980835,8350300
2026-07-07,4.739999771118164,4.800000190734863,4.650000095367432,4.769999980926514,11105200
2026-07-08,4.670000076293945,4.739999771118164,4.570000171661377,4.739999771118164,11110800
2026-07-09,4.800000190734863,4.849999904632568,4.650000095367432,4.679999828338623,8796500
2026-07-10,5.179999828338623,5.199999809265137,4.949999809265137,4.949999809265137,14770400
2026-07-13,5.239999771118164,5.400000095367432,5.139999866485596,5.150000095367432,16903300
2026-07-14,5.199999809265137,5.360000133514404,5.099999904632568,5.329999923706055,12410700
2026-07-15,5.239999771118164,5.25,5.070000171661377,5.170000076293945,10836400
2026-07-16,5.099999904632568,5.199999809265137,5.099999904632568,5.190000057220459,8780300
2026-07-17,5.050000190734863,5.110000133514404,5.0,5.110000133514404,7647600
2026-07-20,5.070000171661377,5.119999885559082,5.03000020980835,5.070000171661377,6909900
2026-07-21,5.059999942779541,5.159999847412109,5.039999961853027,5.050000190734863,9070800
2026-07-22,5.380000114440918,5.429999828338623,5.090000152587891,5.090000152587891,13106000
2026-07-23,5.300000190734863,5.610000133514404,5.300000190734863,5.349999904632568,12179400
2026-07-24,5.360000133514404,5.449999809265137,5.239999771118164,5.260000228881836,8159600
2026-07-27,5.710000038146973,5.710000038146973,5.369999885559082,5.420000076293945,11673300
2026-07-28,5.639999866485596,5.869999885559082,5.519999980926514,5.840000152587891,14734700
2026-07-29,5.199999809265137,5.619999885559082,5.199999809265137,5.619999885559082,20422900
2026-07-30,4.949999809265137,5.300000190734863,4.920000076293945,5.25,20635800
2026-07-31,4.840000152587891,4.920000076293945,4.75,4.920000076293945,10338400
2026-08-03,4.510000228881836,4.840000152587891,4.360000133514404,4.840000152587891,34155300
2026-08-04,4.789999961853027,4.829999923706055,4.579999923706055,4.599999904632568,17629800
2026-08-05,4.889999866485596,4.940000057220459,4.71999979019165,4.820000171661377,10302100
2026-08-06,4.739999771118164,4.900000095367432,4.739999771118164,4.900000095367432,6892700
2026-08-07,4.570000171661377,4.760000228881836,4.46999979019165,4.75,11262300
