Date,Close,High,Low,Open,Volume
2021-04-30,6.6157917976379395,6.754584654591909,6.609182463901856,6.734756653383658,6254200
2021-05-03,6.529872894287109,6.70832050793107,6.4307347708841895,6.675275097097574,6947800
2021-05-04,6.4109086990356445,6.5364835547637785,6.278725137980454,6.5364835547637785,11185100
2021-05-05,6.5695271492004395,6.569527149200439,6.344815472916546,6.437343624827337,4151800
2021-05-06,6.866941452026367,6.866941452026367,6.463780880460406,6.562919004913053,8034200
2021-05-07,7.237054824829102,7.237054824829102,6.688492719158361,6.787630836392101,8605000
2021-05-10,7.422111988067627,7.527859442408796,7.104871515946488,7.2370550459969625,9466400
2021-05-11,7.818662643432617,7.924409459830235,7.303146598343858,7.322973968843225,11765200
2021-05-12,7.699697494506836,8.09624870353498,7.534467929128572,7.818662983275434,12877700
2021-05-13,8.023548126220703,8.06320286995397,7.745962398884679,7.765789770751312,8102600
2021-05-14,8.149123191833496,8.221823983307049,8.06981306559848,8.12268648308849,5249200
2021-05-17,8.129295349121094,8.558891999032442,8.06320326591897,8.22843284362346,5857800
2021-05-18,8.195385932922363,8.314351417949869,8.036765706419525,8.215213933960781,4891400
2021-05-19,8.116076469421387,8.195386589022153,7.858318738294097,8.129295137838582,5181300
2021-05-20,8.129295349121094,8.129295349121094,7.944238398576294,8.06320326591897,4082200
2021-05-21,7.924410343170166,8.18877804393422,7.924410343170167,8.142513333877542,2817700
2021-05-24,7.931018352508545,8.03015582979462,7.798834839360211,7.964064388370806,3721400
2021-05-25,8.030155181884766,8.030155181884766,7.851707611107663,7.937627045296883,3450400
2021-05-26,7.931018352508545,8.129293937381401,7.931018352508545,8.069811198889473,2363000
2021-05-27,8.056593894958496,8.056593894958496,7.957456400906253,7.957456400906253,1789300
2021-05-28,8.030155181884766,8.096247248276676,7.957454413094192,8.08302858287803,1658800
2021-05-31,8.122686386108398,8.122686386108398,7.964066135532197,8.043376260820297,2325600
2021-06-01,7.931018352508545,8.195385378805213,7.8517082446195445,8.09624790151914,3233700
2021-06-02,7.891363620758057,8.01693844111653,7.812053506463591,7.950846364054095,3111800
2021-06-04,7.732743740081787,7.964065389907203,7.660042956282753,7.884755272044406,3727100
2021-06-07,7.785617351531982,7.812054058163808,7.699697897403347,7.745962606734645,1284400
2021-06-08,7.336194038391113,7.779009389427923,7.276711285221861,7.77240005456448,4315100
2021-06-09,7.362631320953369,7.428722783832471,7.243665805349706,7.362631320953369,1577700
2021-06-10,7.785617351531982,7.997111634887394,7.382457417821436,7.408894124453262,7858200
2021-06-11,7.8847551345825195,8.116076150074324,7.8054450181024055,8.016938662049377,6123700
2021-06-14,8.109468460083008,8.109468460083008,7.646825110668972,7.798836658982376,9065900
2021-06-15,7.8847551345825195,8.09624877852949,7.845099761192074,8.03676603359421,5688200
2021-06-16,7.997112274169922,7.997112274169922,7.8054459781923375,7.884756104427802,4024100
2021-06-17,8.287915229797363,8.393662054053026,7.950846754756849,7.9640654229392025,11173200
2021-06-18,8.327570915222168,8.479581823194716,8.01693913463811,8.287915539494087,4925700
2021-06-21,8.486190795898438,8.486190795898438,8.254869146327374,8.320961226290759,4931300
2021-06-22,8.512626647949219,8.558890721102514,8.340787761521655,8.413488537948368,3175500
2021-06-23,8.545672416687012,8.743947369870828,8.47958034542527,8.4927990117979,3780500
2021-06-24,8.605156898498535,8.691075726128275,8.45975469043904,8.591938229447294,4380300
2021-06-25,8.55228328704834,8.651421419066349,8.393663032180566,8.591938665915716,3662900
2021-06-28,8.862914085388184,8.862914085388184,8.472972197077013,8.519236905550049,6771400
2021-06-29,8.6778564453125,8.757166557365762,8.340787996360584,8.757166557365762,10700000
2021-06-30,8.638200759887695,8.776993608506965,8.55228131738046,8.651419426566063,5437200
2021-07-01,8.472970962524414,8.631591806561758,8.46636225967758,8.591936437977246,2628700
2021-07-02,8.334179878234863,8.499409460018034,8.149122923121944,8.47297275214476,3817000
2021-07-05,8.129295349121094,8.314352299665893,8.056593931538595,8.261478885224523,3850700
2021-07-06,8.0499849319458,8.1292950506964,7.950846810781955,8.1292950506964,3531200
2021-07-07,8.0499849319458,8.089639676170703,7.904582732419304,8.0499849319458,3312000
2021-07-08,7.798834323883057,7.91779916270302,7.772397623000769,7.90458112741221,2772600
2021-07-12,7.732743740081787,7.884755272044406,7.613778878437985,7.798835820117845,4033600
2021-07-13,7.646825313568115,7.779009491365675,7.560905850120052,7.73274477701618,4737900
2021-07-14,7.541077136993408,7.706306699610444,7.488203727380017,7.633605918967222,3653200
2021-07-15,7.283319473266602,7.521249818178653,7.276710139443853,7.5080311505331565,5089300
2021-07-16,7.045389175415039,7.362630296098891,7.005734429267574,7.296538212118681,8139300
2021-07-19,6.827286243438721,7.018952532381596,6.754585454633089,6.939642409057044,5436000
2021-07-20,6.860331058502197,6.939641167639129,6.642228100800454,6.840503688793143,6820800
2021-07-21,6.952861785888672,7.118091383876891,6.78102285270871,6.880160359381282,5611900
2021-07-22,7.131308555603027,7.223837346117819,6.979297646508174,6.979297646508174,4908200
2021-07-23,7.560903549194336,7.574122215071751,7.151134361504673,7.170962360320796,8481100
2021-07-26,7.878144264221191,7.997109730890847,7.435329060840421,7.580731227847705,10164900
2021-07-27,7.534467697143555,7.884754818776749,7.349410766101986,7.871536151409118,7195400
2021-07-28,7.448547840118408,7.527857942344697,7.270099637383761,7.527857942344697,4855400
2021-07-29,7.494814395904541,7.593951899009805,7.349412178422729,7.44194097687495,2709400
2021-07-30,7.243664264678955,7.514640654540815,7.243664264678954,7.441939871746417,3203000
2021-08-02,7.217226505279541,7.435329452117602,7.137916400093036,7.3361919782096425,2930600
2021-08-03,7.19079065322876,7.204008690504702,7.018951756536164,7.1973999870171115,1978800
2021-08-04,7.025561809539795,7.250274138941761,7.018952475074837,7.217228096917797,1654000
2021-08-05,6.913205146789551,7.071825380716083,6.8471130675031056,7.0387793410728605,2513900
2021-08-06,6.992514133453369,7.085042903437497,6.814066556706234,6.87354866208816,1800600
2021-08-09,6.926423072814941,6.985905817153746,6.873549662358398,6.9198143692334515,1324900
2021-08-10,6.886768341064453,6.985905828252788,6.8603316357941795,6.926423083819478,1535000
2021-08-11,6.913205146789551,6.999124597741618,6.820676361848684,6.899986478811949,1376900
2021-08-12,7.091652870178223,7.131308244468945,6.860331849434847,6.946251301814087,5339200
2021-08-13,7.005733966827393,7.124698827717886,6.906595847401068,7.124698827717886,2392300
2021-08-16,6.681882381439209,6.952859356927628,6.675273678857092,6.9462500240448355,2371600
2021-08-17,6.404297828674316,6.681883555519721,6.391079790886852,6.655446849644005,3516100
2021-08-18,6.6157917976379395,6.800848730142979,6.397688826753239,6.417516197660732,3561300
2021-08-19,6.695102214813232,6.767802998300752,6.49682660585543,6.576136723378394,2646500
2021-08-20,6.688492774963379,6.7876308930242715,6.615791992626012,6.688492774963379,1317600
2021-08-23,6.589354515075684,6.767802098193912,6.562917812750735,6.701710657531891,2263500
2021-08-24,6.734757423400879,6.860332257541013,6.615792554053335,6.6290105927360266,2735700
2021-08-25,6.7942399978637695,6.833895373489987,6.642229090281697,6.714929876912148,2295300
2021-08-26,6.695102214813232,6.827285744018171,6.629010135060369,6.774412332336196,1844700
2021-08-27,6.662055492401123,6.74136560179867,6.629009455910298,6.7083195653078445,2072900
2021-08-30,6.5695271492004395,6.6554465976181465,6.549699778119664,6.642228560331217,1515400
2021-08-31,6.523262977600098,6.589355053967979,6.490216939416157,6.549699682087099,2070600
2021-09-01,6.483608722686768,6.629010293128903,6.483608722686768,6.5166541330503795,1625800
2021-09-02,6.285332202911377,6.483607788013765,6.285332202911377,6.476998454773519,1942800
2021-09-03,6.4307332038879395,6.430733203887939,6.265503668779196,6.305159034537583,2897300
2021-09-06,6.305161476135254,6.477000410463057,6.298552140899362,6.377862272827371,1946400
2021-09-08,6.040792942047119,6.291941948947188,6.040792942047119,6.291941948947188,3100100
2021-09-09,6.093667030334473,6.1465404450197365,5.882172741292596,6.020965612416619,3225900
2021-09-10,6.054010391235352,6.311768706780341,6.0341830224397945,6.21263060220118,2966800
2021-09-13,6.199413299560547,6.338206158144021,6.087057145931032,6.113493850884991,3314600
2021-09-14,6.199413299560547,6.258896043282145,6.15314922346631,6.199413299560547,1712400
2021-09-15,6.067229747772217,6.199413271953371,6.040793042935986,6.199413271953371,1144700
2021-09-16,6.001138210296631,6.067230293482164,5.968092168703865,6.054011624724731,1324100
2021-09-17,5.783034324645996,5.981309913265431,5.783034324645996,5.981309913265431,3242700
2021-09-20,5.531885623931885,5.664069146606931,5.4856215485708075,5.611195737536913,3065000
2021-09-21,5.485622406005859,5.637633323267174,5.485622406005859,5.564932532007526,4519000
2021-09-22,5.650850772857666,5.6971148454627025,5.505448591426628,5.518667258057048,8013300
2021-09-23,5.657460689544678,5.7698162159852595,5.611195981868317,5.683897395230835,3446700
2021-09-24,5.749989032745361,5.809471780063892,5.591368793429815,5.617805499982406,2610100
2021-09-27,5.855735778808594,5.921827859435874,5.749988954045581,5.749988954045581,2578800
2021-09-28,5.597978115081787,5.849127141918246,5.597978115081787,5.849127141918246,2724100
2021-09-29,5.505449295043945,5.670678867236863,5.505449295043945,5.657460829217844,2579000
2021-09-30,5.465794086456299,5.584758939726539,5.412920047968616,5.5451041987367065,3296400
2021-10-01,5.578149795532227,5.631023835815229,5.379874823249216,5.4393569367536605,3039600
2021-10-04,5.327001094818115,5.591368128925407,5.327001094818115,5.578149462069679,2690300
2021-10-05,5.254300117492676,5.393092979326857,5.254300117492676,5.366656273753717,2881800
2021-10-06,5.287346363067627,5.287346363067627,5.069243376015152,5.201426909031682,4056200
2021-10-07,5.135335445404053,5.360047464785605,5.108898737241517,5.320392717692222,2379200
2021-10-08,5.2146453857421875,5.267518800200092,5.141944598437774,5.141944598437774,2969400
2021-10-11,5.346829414367676,5.538495705709495,5.188208850582821,5.21464555868856,4386000
2021-10-13,5.6178059577941895,5.697116083915181,5.3336108664683275,5.3336108664683275,8258900
2021-10-14,5.710333824157715,5.835908012505639,5.611195709913906,5.683897119752849,4488700
2021-10-15,6.404297828674316,6.410907162718442,5.7037248078174665,5.749988885524772,13934900
2021-10-18,6.5430908203125,6.562918822833417,6.054011436877592,6.371252543903477,6985800
2021-10-19,6.384471416473389,6.523264300757631,6.291943247151147,6.477000216096511,4467300
2021-10-20,6.3382062911987305,6.457171781139308,6.278723546228442,6.384470368264165,3982300
2021-10-21,6.040792942047119,6.245677243530891,5.9284367907944375,6.113493721557369,4738000
2021-10-22,5.974700450897217,6.073837927915914,5.657460020196817,6.034183189228718,5835000
2021-10-25,6.2126312255859375,6.318378673808038,5.99452825604797,6.060620332399188,4577600
2021-10-26,5.961483001708984,6.179585976864115,5.855735550763396,6.179585976864115,6862900
2021-10-27,5.902000904083252,6.067230487016818,5.8887822349041645,5.994529067133513,3055400
2021-10-28,5.80286169052124,5.9416545394315765,5.783034320762827,5.882171799855615,2437900
2021-10-29,5.783034324645996,5.875563100748591,5.710333548615848,5.822689694490171,3726800
2021-11-01,5.928437232971191,5.968091977370551,5.730161620072003,5.875563820238181,2346400
2021-11-03,5.987919807434082,6.05401125629668,5.822690239826418,5.928437062247198,3344100
2021-11-04,5.987919807434082,6.133321373112265,5.941655099899406,5.994528511109796,4476700
2021-11-05,6.194829940795898,6.215207489738645,5.909541664435049,6.031808253672728,4026200
2021-11-08,6.11331844329834,6.249169834702419,6.065770618254545,6.194829278140787,2462200
2021-11-09,6.154074192047119,6.221999563935926,6.106525719155368,6.126903913733489,2122300
2021-11-10,6.167659759521484,6.296719083094304,6.133696745539658,6.147282210248633,2711500
2021-11-11,6.412193298339844,6.4665345178951625,6.147283172935071,6.1540759063533255,4161100
2021-11-12,6.3510589599609375,6.520873363726839,6.317095949649649,6.385021322481684,2991600
2021-11-16,6.609176158905029,6.622761621889385,6.269547357782497,6.3850212019874,4818300
2021-11-17,6.310302734375,6.59559096265899,6.194828896841456,6.59559096265899,3853000
2021-11-18,6.317096710205078,6.371437274129329,6.140489553555952,6.351059724605389,2570500
2021-11-19,6.425777912139893,6.432570644656396,6.249170753454566,6.310304050521843,2500600
2021-11-22,6.337472915649414,6.541250311042644,6.276339632252397,6.418983744248609,4361500
2021-11-23,6.011430263519287,6.364643893028605,5.991052068281603,6.364643893028605,4929900
2021-11-24,5.895955562591553,6.052184483416958,5.8416150120618076,6.011429394414878,3616700
2021-11-25,6.05897855758667,6.113319120164887,5.902748954331342,5.902748954331342,1905500
2021-11-26,5.923125743865967,6.058977118034589,5.8687851941985185,5.950296018699691,1982300
2021-11-29,5.929919242858887,6.065771297260864,5.895956877048997,6.011430734616314,2090800
2021-11-30,5.583498001098633,5.929918906351501,5.501987161757336,5.929918906351501,8247500
2021-12-01,5.501987934112549,5.712557470022478,5.468024917671724,5.63783935208519,6074500
2021-12-02,5.631045818328857,5.732934205368973,5.556327711018811,5.556327711018811,3293600
2021-12-03,5.732934474945068,5.91633435758985,5.610668534305811,5.610668534305811,2255300
2021-12-06,6.011430263519287,6.058978090159441,5.712556544605464,5.760104371245618,3154200
2021-12-07,6.106525897979736,6.1404889088139845,5.997844781542586,6.0453926080362015,2570300
2021-12-08,6.0725626945495605,6.188036539049331,6.025014869563961,6.0793554260590845,2754600
2021-12-09,5.9502973556518555,6.09294149252675,5.875578597227972,6.079356028162191,1781000
2021-12-10,5.984259605407715,6.011429882880339,5.8755778477267055,5.984259605407715,1657600
2021-12-13,5.9502973556518555,6.147282054403795,5.916334342531053,5.9842603687726585,1817800
2021-12-14,5.698971271514893,6.04539214147519,5.6921785403141705,5.95029649582709,3147700
2021-12-15,5.746518611907959,5.7872743479002695,5.5834969635196146,5.7193483371765685,2536700
2021-12-16,5.773690700531006,5.8212385343011945,5.658216834697134,5.773690700531006,3047100
2021-12-17,5.637838363647461,5.74651947897137,5.5563275271545285,5.678593457998654,18504300
2021-12-20,5.583498001098633,5.637838560659497,5.4816089660790865,5.637838560659497,2506300
2021-12-21,5.569912433624268,5.631045723939832,5.47481678005833,5.583497897156862,1714100
2021-12-22,5.549534797668457,5.590289892035582,5.495194239985261,5.569912344852019,1461600
2021-12-23,5.488402366638184,5.603876231721144,5.474817548988177,5.603876231721144,998600
2021-12-27,5.515571594238281,5.569912150020686,5.454438307035446,5.488401316347079,1261300
2021-12-28,5.53594970703125,5.583498184047908,5.406891035793094,5.495194609920501,2054600
2021-12-29,5.488402366638184,5.569913215910159,5.447647265897519,5.535950200099174,1208000
2021-12-30,5.678592681884766,5.726141149183263,5.413682337541357,5.474815942398614,3236800
2022-01-03,5.481608867645264,5.698971749776081,5.447646504372515,5.678593554463764,2727300
2022-01-04,5.440853118896484,5.53594876109956,5.427267656987199,5.50877848507147,2765800
2022-01-05,5.33217191696167,5.440853349577132,5.318586778371644,5.440853349577132,2456900
2022-01-06,5.366135120391846,5.379720259475562,5.230283405659427,5.338964842224415,1916500
2022-01-07,5.427268028259277,5.427268028259277,5.305001777768802,5.3593423335423465,1489400
2022-01-10,5.372928142547607,5.427268705098004,5.284624890350864,5.427268705098004,2690300
2022-01-11,5.345757961273193,5.400098524840115,5.318587679489732,5.372928243056654,1271800
2022-01-12,5.3865132331848145,5.420476246411201,5.332172671138835,5.332172671138835,704100
2022-01-13,5.495194911956787,5.515572461632187,5.366135909729776,5.386513459405176,1937300
2022-01-14,5.563119888305664,5.563119888305664,5.44764668336131,5.454438767564689,1715000
2022-01-17,5.542741775512695,5.590289599045851,5.481608489375487,5.529156960699155,805400
2022-01-18,5.352550029754639,5.522364431785723,5.3117946121346105,5.501986884923343,3710300
2022-01-19,5.366135120391846,5.393305398559277,5.332172110734925,5.379720259475562,2778500
2022-01-20,5.569912433624268,5.603875444665198,5.352550199427202,5.366135339064519,8169000
2022-01-21,5.644631862640381,5.821238375154548,5.4884022522813245,5.535950084751604,7210900
2022-01-24,5.583498001098633,5.624253096873997,5.40689085863054,5.624253096873997,2512900
2022-01-25,5.488402366638184,5.549535665539827,5.447647265897519,5.515572649728842,3243400
2022-01-26,5.488402366638184,5.569913215910159,5.447647265897519,5.535950200099174,5089000
2022-01-27,5.542741775512695,5.658215616485085,5.468023674561947,5.481608489375487,5245500
2022-01-28,5.753312587738037,5.814445881062465,5.474817049518387,5.515572146540948,4171900
2022-01-31,6.11331844329834,6.11331844329834,5.760104177857203,5.760104177857203,5308500
2022-02-01,6.160865783691406,6.194828790818324,6.031807133957693,6.106525231404529,2746200
2022-02-02,5.991052150726318,6.194829571373523,5.98426006667751,6.1608665599672285,1956400
2022-02-03,6.004636287689209,6.10652465160544,5.9842587444640465,6.011429018027736,2672500
2022-02-04,6.045393466949463,6.1065267655786535,5.957090533141348,6.004638366390432,2755100
2022-02-07,6.086148262023926,6.140488819451686,6.031807704596167,6.072562798771715,1805200
2022-02-08,6.065771579742432,6.160867244903673,5.984260731979667,5.984260731979667,1902200
2022-02-09,6.154074192047119,6.194829285622297,6.052185162528109,6.052185162528109,1374400
2022-02-10,6.167659759521484,6.296719083094304,6.092941646993955,6.147282210248633,2529400
2022-02-11,6.296719074249268,6.4869110453734775,6.140489469268566,6.167659750857738,4756100
2022-02-14,6.371436595916748,6.439361969696382,6.242377284491506,6.310303306061692,2977500
2022-02-15,6.371436595916748,6.439361969696382,6.323888769491949,6.385021411556454,1627000
2022-02-16,6.228792667388916,6.480117918744484,6.228792667388916,6.418984626940859,2828500
2022-02-17,5.9774675369262695,6.228792793364834,5.9774675369262695,6.228792793364834,4207800
2022-02-18,5.9027485847473145,5.984260071301631,5.855200757416099,5.984260071301631,1936200
2022-02-21,5.732934474945068,5.89595680878174,5.705764193937389,5.868786527774061,1146200
2022-02-22,5.746518611907959,5.841614897363051,5.712555606546109,5.732933150647041,1167300
2022-02-23,5.705763339996338,5.841615372493322,5.705763339996338,5.746519079303534,1033300
2022-02-24,5.59028959274292,5.637838064012978,5.454438205808134,5.569912046650329,2192400
2022-02-25,5.651423931121826,5.671802128799403,5.5495355338964645,5.5495355338964645,1033200
2022-03-02,5.665009021759033,5.719349583059167,5.576705447698667,5.624253276888638,1252700
2022-03-03,5.7872748374938965,5.834822660348683,5.658215535758757,5.671800998168982,1115700
2022-03-04,5.61746072769165,5.773689666553041,5.576704986194029,5.7397266566034455,1250400
2022-03-07,5.366135120391846,5.63783822596142,5.366135120391846,5.597082484815009,2599100
2022-03-08,5.468023777008057,5.488401323505406,5.305001785552957,5.406890489725487,2849300
2022-03-09,5.4000983238220215,5.597083021367031,5.4000983238220215,5.495194630419491,3489300
2022-03-10,5.440853118896484,5.522363946980755,5.413682518973155,5.420475249927796,1533200
2022-03-11,5.2846245765686035,5.468024126234227,5.257453973011398,5.454438662507982,3520200
2022-03-14,5.196321487426758,5.379721054093806,5.196321487426758,5.318587757239685,1819900
2022-03-15,5.264245986938477,5.264245986938477,5.1080167382412665,5.19632029704735,2360000
2022-03-16,5.162358283996582,5.318587562770604,5.12160286221579,5.298210013827859,2578500
2022-03-17,5.372928142547607,5.3797208748140575,5.155565892346022,5.17594344135477,2284800
2022-03-18,5.631045818328857,5.631045818328857,5.345757557267856,5.372927836997924,4341100
2022-03-21,5.576705455780029,5.685386578537792,5.556327907210597,5.617461200709485,2090000
2022-03-22,5.760105133056641,5.787276063633749,5.583498618839909,5.583498618839909,2114400
2022-03-23,5.753312587738037,5.8212379653725,5.624253268988558,5.739727123536792,2015900
2022-03-24,5.868786334991455,5.895956615106623,5.739727018601475,5.773690030693079,1405700
2022-03-25,5.895955562591553,5.957088843885132,5.8416150120618076,5.861992556562847,931800
2022-03-28,6.011430263519287,6.0182223474746275,5.841615856615245,5.895956415001295,1830800
2022-03-29,6.099733352661133,6.154074560330914,5.991052232902713,6.011430428700345,1930200
2022-03-30,6.025014400482178,6.09973249789811,5.984259310179118,6.09973249789811,906400
2022-03-31,6.038599967956543,6.072562327872361,5.936710944837614,6.045392051265412,1083500
2022-04-01,5.96388053894043,6.147280370892003,5.895955179091654,6.072561632930806,1539700
2022-04-04,5.773690700531006,5.96388268340241,5.773690700531006,5.957090598428562,1782700
2022-04-05,5.515571594238281,5.773689558099966,5.515571594238281,5.773689558099966,1918200
2022-04-06,5.515571594238281,5.529157057079144,5.40009775125304,5.515571594238281,2070300
2022-04-07,5.53594970703125,5.576705451932587,5.48840187780518,5.495194609920501,629600
2022-04-08,5.495194911956787,5.549535476284937,5.468024629792713,5.522365194120862,702000
2022-04-11,5.447646617889404,5.508779261728554,5.434061154064769,5.454438702011152,1238300
2022-04-12,5.53594970703125,5.617461196833925,5.474817061365127,5.5019873420358225,2349200
2022-04-13,5.4136834144592285,5.5699126894105015,5.379720725753913,5.549535140966371,3075500
2022-04-14,5.3865132331848145,5.447646851329489,5.338965403342232,5.4340613869226955,1908800
2022-04-18,5.644631862640381,5.698972427689452,5.5087798022270675,5.5087798022270675,2908300
2022-04-19,5.637838363647461,5.773689757802348,5.549534795499148,5.665008642478438,6941300
2022-04-20,5.712557315826416,5.828031179933899,5.617461649707764,5.66500948276709,5591700
2022-04-22,5.47726583480835,5.667350877359284,5.449104776928314,5.575828362430463,3815600
2022-04-25,5.491346836090088,5.540627937795295,5.329422496839417,5.449105412196585,4667900
2022-04-26,5.399824619293213,5.51950787719708,5.343503165150769,5.477266786590247,5279500
2022-04-27,5.526547908782959,5.632150803488845,5.385744272976678,5.399824636557305,5621700
2022-04-28,5.646231174468994,5.646231174468994,5.463186122861722,5.540627950201111,3923100
2022-04-29,5.519506931304932,5.639190168698374,5.491346209059685,5.625109471873461,4355300
2022-05-02,5.435025215148926,5.498387017218391,5.329422659302935,5.498387017218391,6155900
2022-05-03,5.427985668182373,5.435025682516398,5.343503481959872,5.435025682516398,2084600
2022-05-04,5.625109672546387,5.625109672546387,5.308301368134244,5.427984609797325,6483900
2022-05-05,5.399824619293213,5.603990058410746,5.399824619293213,5.589909694875136,2344800
2022-05-06,5.3083014488220215,5.4350247053726495,5.2660603633051455,5.406863981694732,2463700
2022-05-09,5.350543022155762,5.4279851871817035,5.251980480296959,5.27310085712982,2012100
2022-05-10,5.251980304718018,5.540627906934473,5.244939955540872,5.357583192458922,2633000
2022-05-11,5.202699184417725,5.294221715080181,5.1815788070047555,5.259020638455437,1603300
2022-05-12,5.2378997802734375,5.294221229141596,5.1956586936223195,5.1956586936223195,2603700
2022-05-13,5.273100852966309,5.3294226411149195,5.230859763631603,5.237900113038555,2372600
2022-05-16,5.2378997802734375,5.329422302535352,5.209739055839359,5.2871812158842335,2537700
2022-05-17,5.266061782836914,5.371664692946822,5.22382068593343,5.294222514105903,2550300
2022-05-18,5.315341949462891,5.350542687214892,5.237899789284784,5.266060513767311,2336900
2022-05-19,5.491346836090088,5.491346836090088,5.26606069670149,5.329422496839417,1859300
2022-05-20,5.378702640533447,5.5124662304984415,5.3223811996434005,5.491345858015808,2349000
2022-05-23,5.371664047241211,5.420945153186865,5.350543333477105,5.385744411183163,1455800
2022-05-24,5.413905143737793,5.413905143737793,5.322382610184968,5.357583687921395,1707300
2022-05-25,5.3575825691223145,5.42798437419113,5.350542220764289,5.413904013177367,896600
2022-05-26,5.3575825691223145,5.399823652163604,5.336461859750527,5.378702942791816,1975000
2022-05-27,5.505427360534668,5.505427360534668,5.336462667104537,5.3646233933925025,1337300
2022-05-30,5.470227241516113,5.582870166368189,5.420945794042131,5.484307607122623,1522200
2022-05-31,5.53358793258667,5.554708308862794,5.44910542037519,5.484306495105167,2809600
2022-06-01,5.470227241516113,5.56878980076168,5.44910652525515,5.533589054596604,1388300
2022-06-02,5.427985668182373,5.533588568811682,5.427985668182373,5.48430712566404,3296900
2022-06-03,5.364623546600342,5.491347154217614,5.364623546600342,5.427985350408978,2386200
2022-06-06,5.244939804077148,5.420944499995205,5.244939804077148,5.420944499995205,2573100
2022-06-07,5.160458564758301,5.26606146856598,5.153418550212391,5.251981103771781,2391200
2022-06-08,5.160458564758301,5.244940753523493,5.118217470375705,5.167498915006589,2100700
2022-06-09,5.068934917449951,5.195658508592698,5.068934917449951,5.160457436452534,2675300
2022-06-10,5.019654273986816,5.097096102586327,5.012613924640133,5.068935376604262,2359600
2022-06-13,4.878849983215332,5.0126135905664135,4.8506892591100845,4.998533228513789,5874600
2022-06-14,4.892930507659912,4.956292306850796,4.822528695060221,4.921091232699789,3470900
2022-06-15,4.935172080993652,4.977413169837958,4.850689567602706,4.928131731668435,3377100
2022-06-17,4.9422125816345215,4.9422125816345215,4.752127495252515,4.8999714886276715,4037100
2022-06-20,4.9422125816345215,5.012614403312604,4.857730395620822,4.9422125816345215,2984900
2022-06-21,5.054854393005371,5.111176173756948,4.956291864169123,4.96333221265143,2494400
2022-06-22,5.005573749542236,5.08301557564388,5.005573749542236,5.005573749542236,1090200
2022-06-23,4.9633331298828125,5.068935691014586,4.9633331298828125,4.998533871692619,1103500
2022-06-24,4.9633331298828125,5.03373494920478,4.935172402154025,5.03373494920478,1019700
2022-06-27,4.9633331298828125,5.026694599421405,4.935172402154025,4.998533871692619,1963700
2022-06-28,4.956292152404785,5.068935049054159,4.949252139215355,4.984452876567128,1602200
2022-06-29,4.949252128601074,5.047814662957896,4.942211779724431,4.956292141775406,1892800
2022-06-30,4.878849983215332,4.963332491233386,4.871809970040176,4.9492521291807625,4338400
2022-07-01,4.885890960693359,4.928132052285813,4.871810596829208,4.92109170250256,1151800
2022-07-04,4.801408290863037,4.914051190359356,4.801408290863037,4.899970827922315,1795300
2022-07-05,4.794368267059326,4.815488979998946,4.709886086705534,4.801408616606647,1725800
2022-07-06,4.787327289581299,4.857729092371732,4.759166568465125,4.794367302009204,2119600
2022-07-07,4.85068941116333,4.907010861139318,4.822528686175335,4.822528686175335,1405800
2022-07-08,4.8225297927856445,4.89293162141051,4.801409412049384,4.857730874949277,1535800
2022-07-11,4.745086193084717,4.815488336338274,4.702845108553962,4.787327613317771,1575400
2022-07-12,4.702846050262451,4.766207857597445,4.660604957273245,4.745087143251658,1573500
2022-07-13,4.68172550201416,4.723966593473099,4.67468515225316,4.688765516072806,1336300
2022-07-14,4.674685478210449,4.695806193263804,4.639484734058027,4.68172582846236,1698600
2022-07-15,4.808448791503906,4.836609519231708,4.688765530809572,4.6958058805927,1773000
2022-07-18,4.738046646118164,4.899970987260777,4.723966283223255,4.815488809891326,1177000
2022-07-19,4.808448791503906,4.808448791503906,4.752127336048303,4.752127336048303,1165500
2022-07-20,4.829569339752197,4.885890793278954,4.73100646037803,4.73100646037803,1543500
2022-07-21,4.864770412445068,4.907011505473691,4.808448955073571,4.829569669439065,1153300
2022-07-22,4.928132057189941,4.9422124210681035,4.878850615765194,4.892930979643356,1457600
2022-07-25,4.921091079711914,4.942211790686378,4.857729618193146,4.864769631383093,1440600
2022-07-26,4.871810436248779,4.963332966200252,4.871810436248779,4.92109154029777,1912100
2022-07-27,5.104135513305664,5.104135513305664,4.907010131979342,4.92109049238106,1272100
2022-07-28,5.181579113006592,5.2379005703704085,5.068935862576594,5.097096591258501,2197000
2022-07-29,5.244939804077148,5.2871812265155205,5.139337255088168,5.195658704069575,3378500
2022-08-01,5.202699184417725,5.336462805608465,5.174538457398868,5.24494027494601,1772000
2022-08-02,5.1886186599731445,5.266060824724152,5.153417920142567,5.2026990230458425,1574800
2022-08-03,5.13933801651001,5.216779852481731,5.125257652178573,5.188619123818857,1542300
2022-08-04,5.364623546600342,5.399824623316772,5.174538470876782,5.174538470876782,2143300
2022-08-05,5.385744094848633,5.4420655473083706,5.315342279273961,5.364623382325063,1665000
2022-08-08,5.603989601135254,5.625109976864112,5.413904541063931,5.413904541063931,2635100
2022-08-09,5.568788528442383,5.639190676092318,5.526547441273814,5.596949253221429,1875600
2022-08-10,5.603989601135254,5.7025524735443245,5.582868889704076,5.618069963521933,2103800
2022-08-11,5.596950054168701,5.667352211893483,5.5335885821997115,5.625110782977667,1267600
2022-08-12,5.758873462677002,5.7659131397540495,5.561748069321085,5.596948804622372,1318600
2022-08-15,6.0616021156311035,6.082723164747495,5.737753414631486,5.758874463747878,3132100
2022-08-16,6.533293724060059,6.63185658943893,6.146083282491496,6.237605799328035,8509400
2022-08-17,6.4276909828186035,6.505132800176212,6.244645954804725,6.469931729957455,4600800
2022-08-18,6.357289791107178,6.498093421590373,6.343209763761193,6.413611243300456,2833100
2022-08-19,6.448812961578369,6.469933340404922,6.244647509175726,6.3361700459637715,4128700
2022-08-22,6.336169719696045,6.469933007249336,6.329129369981476,6.4276922517713295,2593300
2022-08-23,6.484013080596924,6.526254503400898,6.329128758855203,6.329128758855203,2812300
2022-08-24,6.519214153289795,6.5966559784455505,6.427691630066827,6.448812005763008,3993400
2022-08-25,6.420651435852051,6.610736835915053,6.399531059646602,6.526254659688603,2288000
2022-08-26,6.484013080596924,6.540334530065796,6.406571255428382,6.441771657792949,1755100
2022-08-29,6.4276909828186035,6.498092451851547,6.392489912599848,6.469931729957455,1818900
2022-08-30,6.378410339355469,6.4910532349141725,6.300967845105397,6.434731787134821,2286600
2022-08-31,6.413611888885498,6.455853317984754,6.3432104022597215,6.378411481274979,1813000
2022-09-01,6.279847621917725,6.441771620348347,6.265766923930035,6.413610895777603,2507800
2022-09-02,6.39953088760376,6.420651263241416,6.308008364634404,6.308008364634404,1171700
2022-09-05,6.350250720977783,6.434732907354273,6.32912967083011,6.413611857206599,1610000
2022-09-06,6.300968647003174,6.350250423635454,6.244647192056027,6.336169724196316,1646900
2022-09-08,6.216485500335693,6.385449838968865,6.167204402752168,6.329128392757808,3474900
2022-09-09,6.265767574310303,6.329129379022527,6.202406441002783,6.258727895990381,2995800
2022-09-12,6.300968647003174,6.364330451669889,6.2728079195296,6.2728079195296,1648300
2022-09-13,6.272808074951172,6.350250580975821,6.223526968502554,6.300968803122484,2485700
2022-09-14,6.265767574310303,6.343210078471778,6.24464719654113,6.343210078471778,2453500
2022-09-15,6.308009147644043,6.343210225679384,6.2164866133140455,6.2657677197206905,3366300
2022-09-16,6.075682640075684,6.336169529034079,6.075682640075684,6.308008802427892,6243500
2022-09-19,6.336169719696045,6.378411146578754,6.124963928091903,6.13904462752104,4375100
2022-09-20,6.406570911407471,6.476972383760815,6.336168767649524,6.371369839528497,5361800
2022-09-21,6.406570911407471,6.4699320351041,6.350249464962954,6.406570911407471,2911100
2022-09-22,6.3150482177734375,6.462892178437183,6.223525701990682,6.462892178437183,2692200
2022-09-23,6.279847621917725,6.350249769046902,6.195365448205491,6.216485823782391,2542500
2022-09-26,6.139044761657715,6.272808052133703,6.08272330551996,6.265767702265304,3894100
2022-09-27,6.160164833068848,6.2094459368839,6.110883729253796,6.195365909253035,2277300
2022-09-28,6.103842735290527,6.153123833902467,6.012320215436488,6.153123833902467,2642300
2022-09-29,5.927838325500488,6.068641950644455,5.878557224551262,6.068641950644455,3219200
2022-09-30,5.991200923919678,6.026402002752813,5.857436958634708,5.920798766253406,2230400
2022-10-03,6.223526477813721,6.244646854425806,6.005280348139945,6.005280348139945,2085800
2022-10-04,6.167205333709717,6.343210047538843,6.096803179616186,6.258727865469426,2734500
2022-10-05,6.223526477813721,6.364330107568737,6.124963601282875,6.167205025911714,2356300
2022-10-06,6.174245834350586,6.300968774850537,6.15312478476333,6.244647318760622,1728200
2022-10-07,6.146084308624268,6.174245707495341,6.103843553127063,6.1601650080598045,1180500
2022-10-10,6.139044761657715,6.1883258679270705,6.068642605783163,6.124964061920918,1512500
2022-10-11,6.103842735290527,6.153123833902467,6.06864166282288,6.124963110209271,2301500
2022-10-13,6.153124809265137,6.216486615469778,6.005280818589213,6.061602274903401,2966000
2022-10-14,6.103842735290527,6.251686702530958,6.089762037741623,6.153123833902467,2060900
2022-10-17,6.174245834350586,6.230567290440502,6.075682950490876,6.1249640567183725,1398100
2022-10-18,6.258726596832275,6.272806621954156,6.167204083624081,6.1812841087459605,1991600
2022-10-19,6.336169719696045,6.343210069410613,6.195366082428184,6.237606837906191,1948900
2022-10-20,6.258726596832275,6.36432913516235,6.216485178657507,6.336168413514026,1935400
2022-10-21,6.308009147644043,6.3643306039387,6.209446263426034,6.2376069915733625,2635200
2022-10-24,6.195365905761719,6.2728077361995425,6.132004102946825,6.265767386685735,2219800
2022-10-25,6.103842735290527,6.195365255144567,6.089762037741623,6.188324906370115,1925300
2022-10-26,5.857436656951904,6.096803175003156,5.850396978671638,6.0756827973529575,2926800
2022-10-27,6.012320518493652,6.082722666977641,5.892637268913661,5.892637268913661,3260700
2022-10-28,6.1812849044799805,6.308008503913204,6.160164528375994,6.174245226715086,5513800
2022-10-31,6.209445953369141,6.209445953369141,5.9559994126985565,5.984160139439733,2517500
2022-11-01,6.300968647003174,6.392491179143462,6.223526814302023,6.223526814302023,4145800
2022-11-03,6.343209266662598,6.392490365618535,6.230566371103532,6.308008193949235,6704400
2022-11-04,6.4404988288879395,6.4771343432530815,6.308611256679156,6.308611256679156,3427200
2022-11-07,6.3086113929748535,6.535751027934563,6.286630363386601,6.440498968033029,2167700
2022-11-08,6.271975994110107,6.330592533411338,6.206032212705156,6.293957021657002,2244700
2022-11-09,6.301284313201904,6.403862908401778,6.169396749357184,6.293957071040692,7082400
2022-11-10,5.986219882965088,6.249994311672253,5.920276101097229,6.235340526126214,4195600
2022-11-11,6.022854804992676,6.044835830540665,5.9056217370511295,5.9862192965698915,1784200
2022-11-14,6.279302597045898,6.301284323565687,6.037509195442413,6.081471949717717,3754300
2022-11-16,6.015528202056885,6.315938145234331,6.008200959841758,6.271976089472122,1902900
2022-11-17,5.788389682769775,5.993547949359979,5.7077917548898185,5.993547949359979,3098300
2022-11-18,5.817697525024414,5.920276476017787,5.729772709887237,5.825024418261433,2824700
2022-11-21,5.868987560272217,5.927604107542791,5.8030437699017305,5.825024800437106,664400
2022-11-22,5.79571533203125,5.898294617990501,5.722444663047576,5.868986350397032,1595000
2022-11-23,5.890968322753906,5.89829556552041,5.722445582328118,5.788389369697998,1743700
2022-11-24,6.030182361602783,6.074145118855023,5.88364100203585,5.8909682447052765,922200
2022-11-25,5.971565246582031,6.044836268739116,5.898294923189201,6.030181784801997,688500
2022-11-28,5.876314163208008,5.971565518072762,5.847005543383413,5.971565518072762,1352100
2022-11-29,5.927603721618652,6.030182323281466,5.847005799677952,5.898295449891517,1469600
2022-11-30,5.8982954025268555,5.986220217002204,5.847005752725158,5.927603674018638,1818500
2022-12-01,6.000873565673828,6.037509077057511,5.847005326255897,5.876313944992122,5358400
2022-12-02,5.978893280029297,6.022856038896136,5.898295703998496,5.993547765906358,2667300
2022-12-05,5.949584007263184,5.9862195170352095,5.890967471133633,5.905621954548136,1971700
2022-12-06,5.825023651123047,5.9495839641875685,5.788388490998377,5.9495839641875685,3716100
2022-12-07,5.79571533203125,5.876313591986454,5.788388439823937,5.79571533203125,1516600
2022-12-08,5.832351207733154,5.927603258088853,5.788388803580247,5.795715696247999,2196900
2022-12-09,5.868987560272217,5.920276864442879,5.7664082531665315,5.861660317172305,1778000
2022-12-12,5.751753330230713,5.861659516032754,5.737099195415916,5.839678139119492,1562200
2022-12-13,5.495306015014648,5.8030432077566125,5.495306015014648,5.751753559172236,4500500
2022-12-14,5.509960174560547,5.597884987334403,5.392727090862072,5.495306039098238,2578700
2022-12-15,5.473324775695801,5.634520618534984,5.422035475196006,5.49530615404011,6005300
2022-12-16,5.6638288497924805,5.678482985457084,5.451343707964659,5.4806519792938655,5373500
2022-12-19,5.678483486175537,5.781062444872987,5.619866938348423,5.678483486175537,2435700
2022-12-20,5.861659526824951,5.890967796508505,5.649174396928117,5.656501289657939,3478300
2022-12-21,5.949584007263184,5.949584007263184,5.832350935004083,5.8763136864833605,1015800
2022-12-22,6.000873565673828,6.081471830470782,5.9349304837003105,5.9642387530544045,2113100
2022-12-23,6.14008903503418,6.1767245503907615,5.978893186723824,6.022855944904589,1811300
2022-12-26,6.081471920013428,6.1913777570184525,6.074144677875954,6.125433975309729,698000
2022-12-27,5.964239120483398,6.12543426247927,5.9349308493237585,6.096125991319629,1464800
2022-12-28,6.044836521148682,6.081472033756985,5.898295169479752,5.934930682088056,1858300
2022-12-29,6.118108749389648,6.220687366346137,6.0668187421469835,6.0668187421469835,1550700
2023-01-02,5.949584007263184,6.04483605316476,5.912948497491158,6.037508811457509,1533100
2023-01-03,5.927603721618652,6.008201294177194,5.8836409646457914,5.934930964241515,1404400
2023-01-04,5.971565246582031,6.022855241597692,5.883640439252082,5.942256977472048,1815200
2023-01-05,5.934930801391602,6.0082011293168,5.905622530468663,5.927603558969793,2278900
2023-01-06,5.905622482299805,5.956911781305535,5.83967834918784,5.934930752983693,2151300
2023-01-09,5.949584007263184,5.956911248970434,5.803042666939308,5.839677827329219,1805700
2023-01-10,5.971565246582031,6.000873515692014,5.861659412110658,5.927603192299183,1566300
2023-01-11,5.971565246582031,6.000873515692014,5.8909676812206415,5.971565246582031,2264100
2023-01-12,6.000873565673828,6.081471830470782,5.942257026965639,5.949584268995228,2369000
2023-01-13,6.125433921813965,6.176723917564075,5.956911546709461,5.971565332092161,2230500
2023-01-16,5.978893280029297,6.110780857865467,5.978893280029297,6.08147258487569,1587700
2023-01-17,6.147416114807129,6.15474265867265,5.978893028142418,5.978893028142418,1217900
2023-01-18,6.257321357727051,6.279302384739376,6.147415523901176,6.154742067062451,1757000
2023-01-19,6.286630153656006,6.315938425050688,6.191378096932211,6.257321882261323,2037000
2023-01-20,6.176724433898926,6.286630279131531,6.154742705840947,6.2719764925238675,1123100
2023-01-23,6.14008903503418,6.235341095455556,6.1254345493858136,6.1767245503907615,1357100
2023-01-24,6.220685958862305,6.271975954500165,6.110780123057661,6.140088392523183,1396100
2023-01-25,6.359900951385498,6.389209221719631,6.198705115165622,6.2280133854997555,2116200
2023-01-26,6.367228031158447,6.418518032636155,6.323265971336802,6.359901487031068,1295400
2023-01-27,6.352573871612549,6.396535928856177,6.3012845719068835,6.367227657772324,1208200
2023-01-30,6.3818817138671875,6.425844466921047,6.323265175638209,6.323265175638209,993800
2023-01-31,6.367228031158447,6.4624800924578,6.359901487031068,6.389209759833611,1306500
2023-02-01,6.359900951385498,6.389209221719631,6.308610954227552,6.367227494895818,1575700
2023-02-02,6.249994277954102,6.374554598862673,6.235340492487118,6.3452463291644365,1565900
2023-02-03,6.066817283630371,6.27197586575025,6.030181772625804,6.249994139888957,4509600
2023-02-06,6.16939640045166,6.184050185181078,5.993546791113256,6.066817112288808,1428000
2023-02-07,6.103453159332275,6.184050729346838,6.06681764613864,6.1547424585447885,1328900
2023-02-08,6.198705196380615,6.220686224728138,6.09612589948502,6.09612589948502,1034700
2023-02-09,6.0741448402404785,6.235340677752385,6.052163812004765,6.1987051648500024,2301800
2023-02-10,6.14008903503418,6.1620700647423945,6.03750973178862,6.03750973178862,1586000
2023-02-13,6.176724433898926,6.213359249800246,6.125434433861298,6.147416161919277,750100
2023-02-14,6.1327619552612305,6.206032987922443,6.103453681949616,6.184051258865467,1389100
2023-02-15,6.16939640045166,6.22068569515097,6.096125380511875,6.132760890481768,1114600
2023-02-16,6.337920188903809,6.352574675682761,6.154743296753243,6.16207054014272,1336600
2023-02-17,6.293957233428955,6.367227560638677,6.257321720441949,6.301284475779214,1513700
2023-02-22,6.293957233428955,6.315938261715442,6.206032421518714,6.301284475779214,859000
2023-02-23,6.286630153656006,6.3232656675904355,6.2426680959461365,6.293957396195753,966600
2023-02-24,6.198705196380615,6.286630008535,6.154742440921276,6.286630008535,1810200
2023-02-27,6.257321357727051,6.264648599652576,6.176723792839026,6.1987048198513515,820400
2023-02-28,6.206033229827881,6.2866308098853505,6.198705986523279,6.235341504281904,1523700
2023-03-01,6.220685958862305,6.264648712442719,6.162069419931259,6.206032173511675,2578500
2023-03-02,6.147416114807129,6.264649201827283,6.11810784305209,6.220686444812567,1740600
2023-03-03,6.22801399230957,6.3012850246660115,6.19137847613135,6.264649508487791,2502400
2023-03-06,6.264647960662842,6.359899999686275,6.242666935892567,6.279301744254966,2670700
2023-03-07,6.22801399230957,6.352574328056909,6.162070202941643,6.3232660548672035,2401200
2023-03-08,6.242667198181152,6.279302008082781,6.176723422335488,6.228012715209134,2070200
2023-03-09,6.323265552520752,6.374554851837015,6.235340739936745,6.242667982343153,2491900
2023-03-10,6.22801399230957,6.3452470850683955,6.154742959953129,6.3232660548672035,2110700
2023-03-13,6.147416114807129,6.235340930072245,6.125434386917612,6.220686444812567,2434600
2023-03-14,6.125433921813965,6.191377702946776,6.103452894357782,6.162069433417111,2174200
2023-03-15,6.1547417640686035,6.176723488763033,6.052163177218129,6.12543349657358,2057400
2023-03-16,6.147416114807129,6.176724386562167,6.125434386917612,6.15474265867265,1350600
2023-03-17,6.103453159332275,6.1767241857195465,6.06681764613864,6.1547424585447885,1854200
2023-03-20,6.052163124084473,6.162068951534861,6.044835882583991,6.103452417059426,1654800
2023-03-21,6.1547417640686035,6.169396247198223,6.066816961583534,6.088798686277962,1260900
2023-03-22,6.2353410720825195,6.279303131334157,6.140089012018193,6.154742798847295,2273300
2023-03-23,6.330593585968018,6.491788746465397,6.235341519075358,6.235341519075358,4423600
2023-03-24,6.315938472747803,6.337919501768735,6.235340900494841,6.3305929579379665,1565700
2023-03-27,6.396535873413086,6.4551531138370155,6.32326554572069,6.330592788119218,1236600
2023-03-28,6.4404988288879395,6.491788129740548,6.38188228540944,6.38188228540944,1409400
2023-03-29,6.4404988288879395,6.491788129740548,6.38188228540944,6.4844615858789725,1384500
2023-03-30,6.4478254318237305,6.550404023352103,6.433170948025821,6.462479216857392,1910700
2023-03-31,6.4478254318237305,6.4771337006553,6.381881652261635,6.4478254318237305,1803200
2023-04-03,6.271975994110107,6.4478256120138004,6.249994267798946,6.4478256120138004,2261500
2023-04-04,6.433170795440674,6.462479063577096,6.286629454758562,6.286629454758562,1324600
2023-04-05,6.4478254318237305,6.469806458756346,6.40386267919425,6.41851716299216,1707200
2023-04-06,6.638329982757568,6.704273068066765,6.440498630537093,6.447825872937324,5419500
2023-04-10,6.814178943634033,6.8434872116141365,6.59436658440115,6.631002094067335,3232700
2023-04-11,6.95339298248291,7.026664001189719,6.821506127080564,6.836159911563393,4776900
2023-04-12,7.195186138153076,7.466287780762708,6.968047245128557,6.982701029147462,6139300
2023-04-13,7.2538042068481445,7.2831124798525355,7.129243871888395,7.187861116661525,4136300
2023-04-14,7.224495887756348,7.2464776164426725,7.129243826408633,7.224495887756348,3156300
2023-04-17,7.283112049102783,7.290439291611608,7.202514477798627,7.224495506560796,3212600
2023-04-18,7.12924337387085,7.27578542742037,7.0926085592477675,7.27578542742037,2932300
2023-04-19,7.107262134552002,7.18053315915364,7.026664566501624,7.077953864464203,2314300
2023-04-20,7.114588737487793,7.151224246496749,7.055972202579149,7.0706259869242025,1735300
2023-04-24,7.1732048988342285,7.180532140007278,7.07062561870406,7.129242150560105,2242800
2023-04-25,7.2538042068481445,7.268458692732514,7.099935598884003,7.107262841826188,2678100
2023-04-26,7.319747447967529,7.319747447967529,7.202514364724036,7.253803663951991,2475000
2023-04-27,7.268457412719727,7.436979778126234,7.187859850842384,7.319746706754016,5312300
2023-04-28,7.3073649406433105,7.353712188102396,7.129701351492075,7.183773262971759,4404700
2023-05-02,7.199222564697266,7.330538919346428,7.1606007141124595,7.307365661662629,3011300
2023-05-03,7.276467323303223,7.322813836021846,7.199222153219466,7.199222153219466,1747600
2023-05-04,7.3073649406433105,7.376885443499686,7.237844437786936,7.2764670212254225,2628300
2023-05-05,7.392334938049316,7.407784267978066,7.2841925752064585,7.29964116847061,1493400
2023-05-08,7.477303981781006,7.485027909256931,7.376885557948796,7.400058813705608,2088900
2023-05-09,7.492751598358154,7.531374177369858,7.415507176999168,7.446405092875647,2055800
2023-05-10,7.562273979187012,7.562273979187012,7.430957619797142,7.492753466961244,1737400
2023-05-11,7.69359016418457,7.855804443479545,7.600896395539525,7.608621060426094,5257000
2023-05-12,7.678139686584473,7.7476601868415855,7.562272677265604,7.678139686584473,2823600
2023-05-15,7.53909969329834,7.678139962137971,7.485027781899783,7.65496670677545,3399400
2023-05-16,7.546824932098389,7.600896110950679,7.4695797594540645,7.4927530165815375,2897300
2023-05-17,7.60861873626709,7.662689900627091,7.531373584326203,7.531373584326203,2510100
2023-05-18,7.624068260192871,7.685864094662694,7.577721752672731,7.6008950064328005,2808200
2023-05-19,7.662692070007324,7.685865327484412,7.569998303434402,7.624069483102463,4032800
2023-05-22,7.60861873626709,7.732210390041016,7.569996160296646,7.616342662129687,3507400
2023-05-23,7.662692070007324,7.662692070007325,7.5854468961976025,7.608620890339263,1899100
2023-05-24,7.724488258361816,7.724488258361816,7.62406982260336,7.647243081112356,2622600
2023-05-25,7.855803489685059,7.909874663996926,7.685864566136264,7.685864566136264,4571500
2023-05-26,7.848079204559326,7.9021503814811815,7.840354540237765,7.840354540237765,2472700
2023-05-29,7.940772533416748,7.948497197317085,7.85580344050652,7.878976695543037,1913500
2023-05-30,7.956223011016846,8.018018857821028,7.855804575793899,7.971671604385591,3445700
2023-05-31,7.909874439239502,7.979394939473349,7.878976520987179,7.9562216849502265,2015200
2023-06-01,8.06436538696289,8.095263310412381,7.933049764801011,7.933049764801011,3128100
2023-06-02,8.072090148925781,8.172508585508657,8.041192225105252,8.056641555347822,1820200
2023-06-05,8.095263481140137,8.110712811523008,7.979396449927084,8.064365557039014,1955000
2023-06-06,8.002569198608398,8.11071229439964,7.98712060587512,8.072089707569585,3029900
2023-06-07,8.211130142211914,8.288374573720372,8.033466550079874,8.033466550079874,3214300
2023-06-09,8.350171089172363,8.388792936311798,8.172507498340009,8.226578673666827,3242200
2023-06-12,8.265202522277832,8.396518885307621,8.226579932563547,8.3424477017064,2616300
2023-06-13,8.141609191894531,8.280650192318342,8.11071127365196,8.265200864864816,1992900
2023-06-14,8.033467292785645,8.149335055757255,7.979396112064313,8.149335055757255,1791500
2023-06-15,7.917598724365234,8.087537634959117,7.917598724365234,8.0180171380496,2019600
2023-06-16,7.848079204559326,7.97167088704616,7.83263061258074,7.886701789502595,2742500
2023-06-19,7.863528728485107,7.97939574952782,7.801732885707055,7.848079399458317,1442200
2023-06-20,7.971670627593994,8.018017875350372,7.8171810295135895,7.840354285059522,2177900
2023-06-21,8.033467292785645,8.048916622514362,7.963947519000183,7.979396112064313,1487000
2023-06-22,7.979397773742676,8.033468965724122,7.933051248234219,8.002571036496905,1238200
2023-06-23,8.018017768859863,8.095262198541896,7.940772602513329,7.956221930448437,2408500
2023-06-26,7.987120151519775,8.079813912640189,7.917599646513334,8.033466663747717,1381700
2023-06-27,7.994844436645508,8.087538193370172,7.963946517737287,7.9871197727523295,1567100
2023-06-28,7.925323963165283,7.987119801201838,7.848078797287342,7.95622188218356,1602100
2023-06-29,7.971670627593994,8.018017875350372,7.902150124291684,7.9330487805722765,906100
2023-06-30,7.956223011016846,8.056641446239794,7.9407736809835,7.979396269402264,1408900
2023-07-03,7.987120151519775,8.018018071893247,7.925324310772834,7.994844815779276,1860200
2023-07-04,7.871252059936523,7.987119808864597,7.863528132672917,7.987119808864597,1445500
2023-07-05,7.917598724365234,7.956221304499905,7.817180310680869,7.8712514808707414,1704600
2023-07-06,7.894425868988037,7.979394960236907,7.878976541489434,7.878976541489434,2490200
2023-07-07,7.909874439239502,8.018017521454873,7.8867011847163795,7.8867011847163795,1333800
2023-07-10,7.81718111038208,7.987120038360794,7.81718111038208,7.9098748701892365,1298800
2023-07-11,7.78628396987915,7.87897773896526,7.654967612841014,7.817181892907854,1710900
2023-07-12,7.724488258361816,7.848079952629269,7.709038928246082,7.809457364004539,2421100
2023-07-13,7.84035587310791,7.863529870012202,7.732213500879862,7.739938166514626,1942100
2023-07-14,7.8249053955078125,7.90214982327327,7.7940074770687335,7.817180731731922,2097400
2023-07-17,7.956223011016846,7.994845599435611,7.809457322358461,7.809457322358461,2227300
2023-07-18,7.84035587310791,8.110713277007353,7.8171826128682795,7.956223647635383,2246200
2023-07-19,7.78628396987915,7.863529145783206,7.755386046850448,7.848079815936558,1416400
2023-07-20,7.8789753913879395,7.8789753913879395,7.794006312542085,7.8171795637428865,2212900
2023-07-21,7.956223011016846,7.979396269402264,7.871253169162643,7.878977834179317,1907700
2023-07-24,7.963947296142578,8.002569146054427,7.925324709566162,7.9407733021979885,1414400
2023-07-25,7.956223011016846,8.095263297993956,7.933049752631428,8.002569527787681,3479200
2023-07-26,7.987120151519775,8.025742736152747,7.902150317994334,7.971670823000776,1689700
2023-07-27,8.118435859680176,8.211129613520752,8.033466032827961,8.033466032827961,5866700
2023-07-28,8.195682525634766,8.242029783551393,8.133886672855713,8.133886672855713,2487100
2023-07-31,8.334721565246582,8.342446229158863,8.203405225395791,8.226578480468138,3120800
2023-08-01,8.342447280883789,8.458314307517272,8.303824693117766,8.334722615997666,2190400
2023-08-02,8.381068229675293,8.381068229675293,8.30382306924906,8.350170312837689,2121500
2023-08-03,8.411968231201172,8.520110598600848,8.373345641416446,8.381070306706317,1944200
2023-08-04,8.288376808166504,8.473765114427191,8.265203546133188,8.411969257895201,2350600
2023-08-07,8.17250919342041,8.38107074722129,8.149335932997424,8.319274894983547,2879100
2023-08-08,8.118435859680176,8.203404949867918,8.10298653237451,8.187956359226726,2493700
2023-08-09,8.218855857849121,8.249753781738363,8.087539497153688,8.11843742104293,2836400
2023-08-10,8.296099662780762,8.311548991872451,8.21113056277015,8.2574770767161,1461600
2023-08-11,8.326997756958008,8.411967595395009,8.280651242051073,8.296099834798527,2550500
2023-08-14,8.280651092529297,8.396518114369023,8.242028506361203,8.342446935732426,2959000
2023-08-15,8.24975299835205,8.450589116228668,8.195681084182018,8.39651793872318,3761900
2023-08-16,8.126160621643066,8.342446049887691,8.126160621643066,8.288374140328173,2957600
2023-08-17,8.110713005065918,8.234304704419628,8.041192490013298,8.234304704419628,3962200
2023-08-18,8.095263481140137,8.133886070432695,8.033467632937894,8.110712811523008,2969300
2023-08-21,8.072090148925781,8.195681844207902,8.048916890226536,8.126162068110169,4266500
2023-08-22,8.126160621643066,8.164782467045532,8.072088712083549,8.095261966657924,2651000
2023-08-23,8.303823471069336,8.303823471069336,8.149333879405592,8.149333879405592,2662500
2023-08-24,8.118435859680176,8.34244594896102,8.118435859680176,8.319272694666994,4463500
2023-08-25,8.195682525634766,8.195682525634766,8.095264080702638,8.16478459924524,2742100
2023-08-28,8.24202823638916,8.26520149266514,8.195680987172663,8.203405651486168,2538300
2023-08-29,8.396516799926758,8.404241463284023,8.24975187946095,8.24975187946095,2990500
2023-08-30,8.396516799926758,8.450587970098724,8.342445629754794,8.404241463284023,3376600
2023-08-31,8.342447280883789,8.42741638463737,8.334722615997666,8.396518461757468,2587800
2023-09-01,8.61280345916748,8.635977452580754,8.396518010628773,8.396518010628773,6025400
2023-09-04,8.883159637451172,8.944955471648111,8.620526973781955,8.635976300663415,5423100
2023-09-05,8.574179649353027,8.929506030455292,8.543281735199109,8.914056705046141,6238300
2023-09-06,8.52783489227295,8.666875914773112,8.3192740951873,8.628253326671445,10144300
2023-09-08,8.58190631866455,8.62825357304287,8.520110470603202,8.527835135777025,3395200
2023-09-11,8.720947265625,8.798192443329743,8.581906240422308,8.581906240422308,3134400
2023-09-12,8.759567260742188,8.798189838158294,8.628250939526064,8.728669346142182,4882800
2023-09-13,8.890885353088379,8.91405860948857,8.767293670067978,8.79046692646817,4884200
2023-09-14,8.813638687133789,8.975852927735337,8.813638687133789,8.898608507288762,3708900
2023-09-15,8.875436782836914,8.960406624673016,8.790467677665413,8.844538859441403,5941100
2023-09-18,8.821364402770996,8.9449560795644,8.821364402770996,8.921782824331762,2137700
2023-09-19,8.805914878845215,8.86771071586652,8.736395114694613,8.85998678873722,1539800
2023-09-20,8.867712020874023,8.914059273792889,8.767294323434903,8.805916174758599,2454000
2023-09-21,8.821364402770996,8.890884905133412,8.75184390040858,8.80591507483957,1904600
2023-09-22,8.628252029418945,8.867710713650538,8.574180856204936,8.867710713650538,3841700
2023-09-25,8.78274154663086,8.821364128594496,8.605078700928399,8.635976619166412,2038600
2023-09-26,8.61280345916748,8.82908964437074,8.61280345916748,8.790467058679832,2835400
2023-09-27,8.496936798095703,8.728671585376684,8.496936798095703,8.690048998052424,3745100
2023-09-28,8.705499649047852,8.744121505569908,8.481488755897647,8.535560681024974,3553000
2023-09-29,8.620528221130371,8.767293901082718,8.597354964119575,8.713221985838116,3855900
2023-10-02,8.605080604553223,8.705499045207558,8.59735593911874,8.643702458396346,2293600
2023-10-03,8.682323455810547,8.690048119827653,8.589629697598793,8.612802952985605,2214300
2023-10-04,8.620528221130371,8.682324064268867,8.612803556571919,8.682324064268867,1449500
2023-10-05,8.682323455810547,8.728670703248678,8.620527617002711,8.620527617002711,2064500
2023-10-06,8.682323455810547,8.713221375214465,8.5973543616159,8.635976945036923,1759500
2023-10-09,8.674599647521973,8.713222234753022,8.62052846739725,8.682324312301098,1499300
2023-10-10,8.705499649047852,8.751846171540196,8.635979128644642,8.697774983077563,2453300
2023-10-11,8.805914878845215,8.805914878845215,8.682323204802607,8.70549719618396,2876300
2023-10-13,8.767293930053711,8.805915779644476,8.674599428375105,8.805915779644476,3802000
2023-10-16,8.720947265625,8.805916371768529,8.697774006979422,8.798192443329743,3957400
2023-10-17,8.666873931884766,8.744118353750803,8.64369994232697,8.713220437671502,2473900
2023-10-18,8.543282508850098,8.69004743020566,8.543282508850098,8.666874176657823,3299400
2023-10-19,8.79046630859375,8.991303147717518,8.74411906238654,8.805914899553162,11167400
2023-10-20,8.867712020874023,8.906334608862313,8.782742916631463,8.813640839689175,6320500
2023-10-23,8.867712020874023,8.960406526711754,8.852263427677464,8.883161350735177,7127800
2023-10-24,8.952681541442871,8.999028056038807,8.898610362192757,8.944956876788693,6507300
2023-10-25,8.847735404968262,9.08184516053358,8.83966246894384,8.952681263653067,3900800
2023-10-26,8.8396635055542,8.888100357503264,8.767008612569422,8.847736442525317,3757300
2023-10-27,8.8396635055542,8.952682313516924,8.791227423482777,8.847736442525317,2523200
2023-10-30,8.799297332763672,8.896171011804975,8.78315223284175,8.863879272206244,3571200
2023-10-31,8.73471736907959,8.84773617360722,8.73471736907959,8.799299323130345,2660700
2023-11-01,8.799297332763672,8.847734172284325,8.7347153933211,8.7347153933211,4046100
2023-11-03,8.896172523498535,8.936535665100816,8.847735675747188,8.847735675747188,4195200
2023-11-06,8.993046760559082,9.025337740476372,8.912318925827009,8.920391863275754,3395100
2023-11-07,9.025335311889648,9.057626283117909,8.993044340661388,9.001116506060342,2611900
2023-11-08,9.097992897033691,9.122210940192401,9.017265060001042,9.033410165480944,3732300
2023-11-09,9.081844329833984,9.25137212145265,9.001116516728912,9.122208236386522,3553500
2023-11-10,9.170645713806152,9.178718650329383,8.597480308575918,9.057627681991312,11155500
2023-11-13,9.235227584838867,9.2594463941951,9.089918578089433,9.114136617568073,3115700
2023-11-14,9.170645713806152,9.445119396575222,9.162573547160521,9.235227666236804,4470300
2023-11-16,9.073772430419922,9.251373177599692,9.065699494212303,9.235227305184454,4725600
2023-11-17,9.001117706298828,9.114136505606776,8.993045539823505,9.081845530072732,2634000
2023-11-20,9.041481971740723,9.08184588520605,8.936536104681917,9.0576278450779,2622400
2023-11-21,9.001117706298828,9.049554554538688,8.976899667117692,9.041481618185781,2617100
2023-11-22,9.001117706298828,9.065699657366917,8.976899667117692,9.001117706298828,2494000
2023-11-23,9.211008071899414,9.251371977825302,9.009189312147447,9.041480282912662,2538200
2023-11-24,9.275590896606445,9.283663832535783,9.194863846945704,9.219081884856172,1863300
2023-11-27,9.283662796020508,9.39668157678012,9.26751692596451,9.275589860992508,5701700
2023-11-28,9.299809455871582,9.356318466111741,9.2513726114675,9.299809455871582,5739700
2023-11-29,9.21908187866211,9.324027736040353,9.186790904843999,9.324027736040353,2645000
2023-11-30,9.227155685424805,9.340173719515812,9.178718835187505,9.219082748738986,5142200
2023-12-01,9.227155685424805,9.30788274265015,9.162573731693481,9.28366470247031,3701500
2023-12-04,9.275590896606445,9.315954806375588,9.202936012997498,9.219081884856172,2843800
2023-12-05,9.356319427490234,9.44511941983163,9.251373562062621,9.275591601814346,4998200
2023-12-06,9.332099914550781,9.420899892873999,9.332099914550781,9.412826957605303,1959600
2023-12-07,9.42090129852295,9.541992266110892,9.348246410019145,9.356319346492366,3874100
2023-12-08,9.533919334411621,9.61464638303265,9.356318595641305,9.445118580087696,2587000
2023-12-11,9.606574058532715,9.703447754846673,9.517774068435434,9.541992107575131,1906000
2023-12-12,9.703446388244629,9.743809524500318,9.606572705574047,9.646936611707211,1656400
2023-12-13,9.751883506774902,9.808392519502293,9.638864711442565,9.711519596307813,1757700
2023-12-14,9.679227828979492,9.824537586806096,9.638863921819047,9.759955643300382,2411600
2023-12-15,9.679227828979492,9.759955643300382,9.671154893571904,9.695373699794668,2799100
2023-12-18,9.784173965454102,9.84068297520293,9.719592020061864,9.727664955705274,1608700
2023-12-19,10.115158081054688,10.155521995192306,9.800321244512046,9.800321244512046,2336400
2023-12-20,10.139376640319824,10.212030760114802,10.099012727181988,10.115157830510558,1945300
2023-12-21,10.212030410766602,10.268540195177447,10.107085318026993,10.179739435336511,1872800
2023-12-22,10.17166805267334,10.252395112530264,10.107086096836742,10.21203119766298,1904500
2023-12-26,10.236248970031738,10.316976021698819,10.171667020747048,10.171667020747048,1388600
2023-12-27,10.22010326385498,10.325049125617431,10.187812288687887,10.236249136377316,1567400
2023-12-28,10.413847923278809,10.413847923278809,10.220102094445132,10.220102094445132,1596200
2024-01-02,10.333122253417969,10.470359092891396,10.333122253417969,10.41384930789331,2156900
2024-01-03,10.333122253417969,10.462286156480586,10.333122253417969,10.349267356362,2137700
2024-01-04,10.34926700592041,10.429994827539776,10.25239408190371,10.333121903523075,2219900
2024-01-05,10.494576454162598,10.518794491952647,10.34119452165557,10.373485495334815,1616200
2024-01-08,10.502649307250977,10.551085382449212,10.454212462175205,10.494576371425426,1669000
2024-01-09,10.510722160339355,10.526867261985833,10.38155749777989,10.502649224577352,2614000
2024-01-10,10.446141242980957,10.59145103220973,10.446141242980957,10.510723970320814,3136900
2024-01-11,10.607595443725586,10.664104456242994,10.389630789939776,10.462285674535046,2525400
2024-01-12,10.704469680786133,10.857851634969299,10.494577937270096,10.656032828483337,3181200
2024-01-15,10.801342010498047,10.890142003221959,10.61566831859473,10.70446908119625,2535000
2024-01-16,10.857851028442383,10.946651791057432,10.801342012143794,10.801342012143794,3358900
2024-01-17,10.954723358154297,10.954723358154297,10.809414357071724,10.865923370277304,3483100
2024-01-18,11.035452842712402,11.132325781324496,10.962797946283912,10.995088925821277,4734400
2024-01-19,11.124253273010254,11.164617191458133,10.99508934987921,11.059671311444731,3580100
2024-01-22,11.245343208312988,11.32607026226549,11.140397345284908,11.180761257199952,5905000
2024-01-23,11.673198699951172,11.7054896751565,11.213052110805844,11.277634061216501,5485600
2024-01-24,11.866944313049316,12.028399185836047,11.56017966981575,11.713562376371312,5760300
2024-01-25,11.592470169067383,12.084908473223278,11.584398003167186,11.915380671278673,6919700
2024-01-26,11.277633666992188,11.665125355910856,11.04352391246777,11.584398305658242,9170400
2024-01-29,11.38258171081543,11.544036612199669,11.204980934353918,11.27763583244625,6142200
2024-01-30,11.25341510772705,11.439088790178797,11.245342941437679,11.406797815388611,3899700
2024-01-31,11.406798362731934,11.535962268090474,11.124251742351925,11.261488584264775,5835300
2024-02-01,11.503670692443848,11.535961667101219,11.326069946889524,11.44716167926284,3915200
2024-02-02,11.519816398620605,11.576325410986877,11.350288591644237,11.503670526585926,2700900
2024-02-05,11.640907287597656,11.640907287597656,11.326069713760539,11.560179467677099,4873500
2024-02-06,11.96381664276123,12.068762497331814,11.640906913219068,11.640906913219068,6750500
2024-02-07,11.915382385253906,12.125274126401617,11.826581618680377,11.963818467132523,3505500
2024-02-08,11.172687530517578,11.810434830054584,11.100032648185415,11.713561910237543,8734500
2024-02-09,11.172687530517578,11.350288268454253,11.108105583972884,11.172687530517578,4303700
2024-02-14,11.221123695373535,11.390651498880734,10.954722971273299,11.221123695373535,7835800
2024-02-15,11.067742347717285,11.317997983199078,10.995087460968456,11.221124287615586,9120500
2024-02-16,11.164612770080566,11.221121771602439,11.043521832568722,11.075812800563707,5853700
2024-02-19,11.398724555969238,11.439088465781696,11.124250893097575,11.124250893097575,4048200
2024-02-20,11.406798362731934,11.576326180984418,11.398725426177624,11.398725426177624,4723700
2024-02-21,11.431015014648438,11.503669895060803,11.301851124972018,11.406796977803486,5751100
2024-02-22,11.88309097290039,11.88309097290039,11.455234569309477,11.455234569309477,5718800
2024-02-23,11.923454284667969,12.084909160010351,11.705489625547573,11.866944500889955,7050900
2024-02-26,11.923454284667969,12.028399376232338,11.79428961451649,11.923454284667969,4348400
2024-02-27,11.697416305541992,12.028398981604385,11.697416305541992,11.979962905529549,6477700
2024-02-28,11.624761581420898,11.794289389769341,11.511743555773643,11.697416466409884,7036000
2024-02-29,11.600543975830078,11.69741690280356,11.382580082609142,11.624762015104052,80628100
2024-03-01,11.673198699951172,11.76199868929643,11.5036708876538,11.600543813269788,5224400
2024-03-04,11.947671890258789,11.99610796616635,11.713562137032124,11.72970723904213,5622600
2024-03-05,12.109127044677734,12.157563891602575,11.915381196733506,11.947672171390877,4775600
2024-03-06,12.36745548248291,12.38360135558662,12.068763758962728,12.109127671844396,6231900
2024-03-07,13.005203247070312,13.005203247070312,12.327091993309336,12.351310032407204,6944500
2024-03-08,12.908329010009766,12.948693689944065,12.440109501057592,12.932547817970345,5081400
2024-03-11,12.82760238647461,12.972911389683935,12.714583588531733,12.892184336762659,3093900
2024-03-12,12.835675239562988,12.835675239562988,12.520838407534319,12.795312095881703,5466200
2024-03-13,12.859893798828125,12.916402814781964,12.722656957330859,12.835674989238536,3669700
2024-03-14,12.884112358093262,12.980985290725226,12.851821380549275,12.85989431740468,3516700
2024-03-15,13.037492752075195,13.037492752075195,12.746873988883776,12.940620600888929,7548800
2024-03-18,12.924474716186523,13.077857418459047,12.916401780303225,12.997129599381136,5643100
2024-03-19,13.287749290466309,13.416914741350265,12.924476367825125,12.924476367825125,4821600
2024-03-20,13.505711555480957,13.618731112347179,13.279675521258515,13.287746916976458,3514300
2024-03-21,13.441129684448242,13.618731186307533,13.424983813414668,13.562220637690025,4382200
2024-03-22,13.061712265014648,13.481495715501499,13.045566392360115,13.4572769065197,3362400
2024-03-25,12.859893798828125,13.182803561246635,12.835674989238536,13.158584751657045,3529300
2024-03-26,12.577346801757812,13.271603924933848,12.03647238853454,12.859893412800744,9154800
2024-03-27,12.859893798828125,12.9083298782521,12.60963815554558,12.650002068317294,3853300
2024-03-28,12.609638214111328,12.956766017854067,12.601565277543969,12.867966025245943,4817300
2024-04-01,12.391674995422363,12.714584777047104,12.068764443919976,12.593493801407238,5957300
2024-04-02,12.319018363952637,12.440109322507341,12.205999571391382,12.4239642206429,3276100
2024-04-03,12.391674995422363,12.415893036574808,12.28672912392491,12.319020102087386,3456600
2024-04-04,12.67422103881836,12.835675931884788,12.391675168421523,12.391675168421523,3203000
2024-04-05,12.625782012939453,12.787236868372956,12.52083616443831,12.68229101987181,2338700
2024-04-08,12.714583396911621,12.90832924485585,12.60156460067204,12.625783409073241,2433300
2024-04-09,12.803382873535156,12.884110691894056,12.617709969138229,12.787237771789895,2773900
2024-04-10,12.771092414855957,12.980984135145938,12.674219490847712,12.811456325662117,2805900
2024-04-11,12.940621376037598,13.077858214901253,12.706510840429821,12.795311600799002,3055400
2024-04-12,12.738801002502441,13.118220519240017,12.633855145963217,12.997129560859586,3709200
2024-04-15,12.585420608520508,12.82760332475402,12.54505669416865,12.754948432896205,2808900
2024-04-16,12.432036399841309,12.569273230283764,12.351309350678271,12.528910090641016,2583200
2024-04-17,12.415892601013184,12.51276553210221,12.327092606650982,12.456256514769683,3328800
2024-04-18,12.480474472045898,12.545056425675616,12.375528604928205,12.440110558557922,3223400
2024-04-19,12.55312728881836,12.722655081563104,12.488545345856311,12.488545345856311,2144600
2024-04-22,12.59349250793457,12.884111281547497,12.504691749700221,12.641928585264607,3093500
2024-04-23,12.609638214111328,12.68229310346234,12.496619411801131,12.58542017428686,2678400
2024-04-24,12.867965698242188,12.932548419262256,12.690365717539153,12.698437884023775,4681600
2024-04-25,12.924474716186523,12.97291079173124,12.706510066602688,12.86796493488097,2774600
2024-04-26,13.182802200317383,13.255457081830407,12.948693224140452,12.956764620081861,4239600
2024-04-29,13.079387664794922,13.246643098352541,12.594346508709418,13.179740924929494,6035800
2024-04-30,13.096115112304688,13.229919482679982,12.97067371446209,13.04593887218243,5323000
2024-05-02,13.296819686889648,13.338633745786654,12.970671782074062,13.079388016191537,3758500
2024-05-03,13.74841022491455,13.915664861280272,13.271731241371294,13.346996386011641,6000000
2024-05-06,14.00765609741211,14.09128421402333,13.489163050481462,13.714958486809662,4052700
2024-05-07,13.74841022491455,14.00765594807928,13.64805616703621,13.957479716676929,3316000
2024-05-08,13.882214546203613,14.007655922012884,13.63969317057521,13.740047228266807,3166800
2024-05-09,13.55606460571289,13.932390315741502,13.55606460571289,13.873851115308959,1948200
2024-05-10,13.44735050201416,13.714959213286285,13.346997235287114,13.631331092245311,4084200
2024-05-13,13.2131929397583,13.597880862730372,13.14629076163593,13.4473505631866,3817100
2024-05-14,13.062661170959473,13.263367682751625,12.878679803048273,13.19646551215424,4627000
2024-05-15,13.346997261047363,13.37208537839333,12.97903528233801,13.054299634375907,1960400
2024-05-16,13.363722801208496,13.455713896753691,13.246644385113731,13.380448744957402,1751100
2024-05-17,13.288458824157715,13.422262390262663,13.229918816911711,13.380449124777268,2137900
2024-05-20,13.430624961853027,13.489164169816387,13.25500733796295,13.288458427875852,2799500
2024-05-21,13.346997261047363,13.489163791032416,13.296820228818563,13.46407647122332,1651200
2024-05-22,13.104477882385254,13.380449591405027,13.087751937578265,13.363723646598038,2536700
2024-05-23,13.071023941040039,13.146289081191043,12.8368663475433,13.112837996405792,3149200
2024-05-24,13.004122734069824,13.204829257638155,12.970671646808436,13.004122734069824,2707200
2024-05-27,13.054299354553223,13.104476385706466,12.903769856167203,13.004123120936834,1943800
2024-05-28,12.477267265319824,13.062661679610171,12.38527697655058,13.062661679610171,6945900
2024-05-29,12.544170379638672,12.67797473608225,12.293286812538524,12.510719290527776,8531000
2024-05-31,12.435454368591309,12.677974968475022,12.167845650798766,12.594347642933297,10445900
2024-06-03,12.1845703125,12.418728728796495,12.017314870528828,12.40200278583095,4287100
2024-06-04,12.243110656738281,12.27656174606529,12.100943327714276,12.184570652263357,2555300
2024-06-05,12.360187530517578,12.544168897660226,12.209658046070667,12.243109131229621,2545200
2024-06-06,12.335101127624512,12.493993604792935,12.27656191985776,12.376915189259432,1642700
2024-06-07,12.151119232177734,12.326737645748342,12.134394086737936,12.301649528820214,1395000
2024-06-10,11.87514877319336,12.184571572214228,11.84169768134075,12.167846425056393,3253600
2024-06-11,11.992225646972656,12.084215932183705,11.758068049821121,11.891872391050569,2754100
2024-06-12,11.983863830566406,12.10930521316753,11.84169650493214,12.042403036108682,2561000
2024-06-13,12.042403221130371,12.167845403195672,11.925324808247003,11.925324808247003,3624800
2024-06-14,12.109304428100586,12.142756311998127,11.933686822859345,12.04240225537912,1832100
2024-06-17,11.900236129760742,12.117668611631325,11.783157714551113,12.067492375837737,3013800
2024-06-18,11.916962623596191,12.067492933000802,11.883511532343714,11.90023667920149,1434800
2024-06-19,11.933688163757324,11.983864400167942,11.791520831365743,11.908599248015117,1543500
2024-06-20,12.000588417053223,12.335099264534362,11.933686247556995,11.933686247556995,2880400
2024-06-21,11.87514877319336,12.042404232456406,11.808246589488142,12.042404232456406,5443200
2024-06-24,11.908598899841309,12.075854345548121,11.858422664897702,11.90023592817175,2903700
2024-06-25,11.85842227935791,11.992226631573127,11.783157131852638,11.92532445546552,2076200
2024-06-26,11.85842227935791,11.983863660175464,11.724617927142694,11.85842227935791,3577400
2024-06-27,11.95877456665039,11.95877456665039,11.791519140043858,11.875146454578733,2681200
2024-06-28,11.967138290405273,12.025677494016984,11.85005908564502,11.967138290405273,2472400
2024-07-01,11.908598899841309,12.134394349698162,11.883510782369505,11.975501078124035,2736900
2024-07-02,11.942049980163574,12.042403247513551,11.824971567023704,11.942049980163574,2749300
2024-07-03,12.000588417053223,12.2263830397188,11.97549950533956,11.97549950533956,2952100
2024-07-04,12.251471519470215,12.293285576037249,12.034039860887866,12.034039860887866,2101500
2024-07-05,12.008952140808105,12.243110561818638,11.88351075618858,12.226384618516368,3149500
2024-07-08,11.916962623596191,12.025678869550973,11.808246377641408,12.008952925156272,4047700
2024-07-09,11.967138290405273,12.050765610202454,11.808245026978014,11.891873144312028,3009500
2024-07-10,11.95877456665039,11.967137537364913,11.875146454578733,11.967137537364913,2554300
2024-07-11,11.933688163757324,12.01731549028732,11.891874101723877,11.950413310048564,2815100
2024-07-12,12.042403221130371,12.084217281818805,11.967138868935436,11.967138868935436,1982800
2024-07-15,12.067490577697754,12.134392747144908,12.025676522409091,12.05076463656758,1682800
2024-07-16,12.042403221130371,12.226384609637357,12.042403221130371,12.092580253463867,2124800
2024-07-17,12.343463897705078,12.360189043563539,12.050766268581675,12.184570625596873,2428700
2024-07-18,12.460541725158691,12.57762093080781,12.301649258061952,12.34346331704641,3550500
2024-07-19,12.151119232177734,12.493993087830619,12.151119232177734,12.460541999414165,2005100
2024-07-22,12.318373680114746,12.45217882051878,12.151118251530693,12.259834479494526,2604600
2024-07-23,12.050765991210938,12.36018875907086,12.050765991210938,12.335100642092181,2950800
2024-07-24,12.167845726013184,12.268198995805712,12.050766512486787,12.126031664215406,1944600
2024-07-25,12.050765991210938,12.18457034514638,11.983863814243218,12.151119256662518,2105400
2024-07-26,12.067490577697754,12.134392747144908,12.025676522409091,12.10094166242133,1496000
2024-07-29,12.234746932983398,12.326737223594042,12.084216641496138,12.234746932983398,1333700
2024-07-30,12.034040451049805,12.218021032908485,12.034040451049805,12.218021032908485,2180600
2024-07-31,12.059127807617188,12.19293214873601,12.059127807617188,12.109304036768355,3031100
2024-08-01,12.234746932983398,12.343463165997886,12.10930475756507,12.10930475756507,3580500
2024-08-02,11.953392028808594,12.243273881975316,11.868132134107512,12.166540952462682,4906800
2024-08-05,11.996020317077637,11.996020317077637,11.714663822743942,11.868131297143615,3078100
2024-08-06,11.970442771911621,12.089806454414925,11.91928667566776,12.021598868155484,2233100
2024-08-07,11.910761833190918,12.115384600490032,11.876658038641066,11.978969422290623,1711900
2024-08-08,11.851078033447266,11.996019344608579,11.791396604062664,11.944864066021346,3084200
2024-08-09,11.851078033447266,12.021597797000688,11.441832552355434,11.970441705314963,6835200
2024-08-12,12.089805603027344,12.098330940885479,11.842552916974247,11.927811987245155,2649700
2024-08-13,12.132434844970703,12.226220880173035,12.0812795649499,12.106857204960301,2168700
2024-08-14,12.285902976989746,12.302955279986403,12.106857861017646,12.132435502414072,1770700
2024-08-15,12.064227104187012,12.294428300548155,12.064227104187012,12.251798359025887,2012700
2024-08-16,12.149487495422363,12.217695079471588,12.098331400836175,12.158013646703152,1959100
2024-08-19,12.49052619934082,12.524629993505151,12.106858311717458,12.13243595406606,3357100
2024-08-20,12.575785636901855,12.695149318713355,12.490525748022419,12.558733333886543,3200700
2024-08-21,12.652518272399902,12.82303722221018,12.575784541710656,12.584310692475793,2505600
2024-08-22,12.567259788513184,12.73777875728637,12.507578352717214,12.729253418671645,2720400
2024-08-23,12.899772644042969,13.019136331107832,12.567260038497087,12.567260038497087,2304900
2024-08-26,13.095867156982422,13.129970945942071,12.771880755316518,12.916822061669645,3629800
2024-08-27,13.172602653503418,13.2493363922368,13.070291272891767,13.129972708307253,2456800
2024-08-28,13.377225875854492,13.428381974473012,13.164076955624761,13.172603107577617,2518300
2024-08-29,13.419855117797852,13.471011213729993,13.215232360266414,13.334596042042367,5211200
2024-08-30,13.939939498901367,14.05077622022941,13.38575182676819,13.471011718819016,18737600
2024-09-02,13.837626457214355,13.999620079587451,13.658582158431264,13.897307890142054,3764400
2024-09-03,13.96551513671875,14.04224887039828,13.684158655292823,13.786470842264542,5831000
2024-09-04,13.590373992919922,13.982568015488676,13.53921871042318,13.974041864039702,6891200
2024-09-05,13.513640403747559,13.539218043736458,13.360172937617142,13.539218043736458,4285200
2024-09-06,13.513640403747559,13.65858171884884,13.394276728635177,13.556269532696218,3634600
2024-09-09,13.42838191986084,13.539219455501364,13.283440589646201,13.513641812845428,3070900
2024-09-10,13.232284545898438,13.445433453044235,13.232284545898438,13.385751206136396,3697500
2024-09-11,12.89124584197998,13.266388374921178,12.865668200719895,13.257862223468296,3628000
2024-09-12,12.805987358093262,12.92535023155123,12.763357411958877,12.89124643726344,1940800
2024-09-13,12.797459602355957,12.959452401645942,12.797459602355957,12.874193333161184,2675800
2024-09-16,12.967979431152344,13.002083223476864,12.8059866208855,12.831564261854254,2306400
2024-09-17,12.831563949584961,13.019135209354365,12.831563949584961,12.967979115563246,1494800
2024-09-18,12.67809772491455,12.933876592762644,12.6354677780901,12.797461413403289,3234700
2024-09-19,12.567259788513184,12.788934854467616,12.567259788513184,12.729253418671645,4254500
2024-09-20,12.36263656616211,12.67809684993373,12.243272885911272,12.56725932107907,6528000
2024-09-23,12.268852233886719,12.430845056722534,12.192118491928161,12.405267413769218,3725100
2024-09-24,12.320006370544434,12.42231774591238,12.217694995176487,12.362636313555711,3877600
2024-09-25,12.413792610168457,12.439370251152797,12.302955081771586,12.36263651510123,3423400
2024-09-26,12.499051094055176,12.643992407950645,12.439369663544749,12.49052494309697,3817200
2024-09-27,12.567259788513184,12.720727266958342,12.36263702598536,12.36263702598536,2825200
2024-09-30,12.405265808105469,12.678096132556933,12.379688168462769,12.592837062715102,4540100
2024-10-01,12.337058067321777,12.524628506405302,12.277375824796572,12.405265647551875,2916600
2024-10-02,12.337058067321777,12.499050867093638,12.320005765715006,12.422317136060153,2718600
2024-10-03,12.27737808227539,12.354111827418143,12.183592845489052,12.320008031032325,3258200
2024-10-04,12.285902976989746,12.354110562779255,12.158013956909057,12.3200067698845,2989600
2024-10-07,12.158013343811035,12.362636090860951,12.132434890605907,12.362636090860951,5598700
2024-10-08,12.209171295166016,12.277378892438554,12.18359364946349,12.200645955330971,2266200
2024-10-09,11.944865226745605,12.209169422359485,11.944865226745605,12.209169422359485,3713600
2024-10-10,11.987495422363281,12.07275450110868,11.944865476441288,11.99602076106881,1912300
2024-10-11,12.115384101867676,12.140961743452738,11.970442777721377,12.030124212452712,2367700
2024-10-14,12.27737808227539,12.371164132160372,12.132436744361005,12.132436744361005,4506000
2024-10-15,12.234746932983398,12.337058305302119,12.175064689306929,12.27737606162565,3673300
2024-10-16,12.183591842651367,12.371163113883599,12.158014200741972,12.268851733147446,5226500
2024-10-17,12.27737808227539,12.302956539388736,11.970443914803031,12.166541353845465,5147800
2024-10-18,12.30295467376709,12.422317536467931,12.285902371610673,12.30295467376709,2618100
2024-10-21,12.183591842651367,12.379689265552921,12.140961897403326,12.302955526726164,2645300
2024-10-22,12.192118644714355,12.320007674182193,12.10685874967005,12.175066340466046,3843900
2024-10-23,12.26032543182373,12.345584508180528,12.175065542368365,12.192117845498865,2622100
2024-10-24,12.22622013092041,12.320005347276838,12.209167829892804,12.260323919877154,2680800
2024-10-25,12.354110717773438,12.447896759234569,12.217695544482961,12.268851641016175,3639800
2024-10-28,12.371162414550781,12.626941258481455,12.35411011217609,12.439369997852491,4214200
2024-10-29,12.345584869384766,12.609889883950517,12.345584869384766,12.405267118989117,2376200
2024-10-30,12.320006370544434,12.499051480712975,12.320006370544434,12.345584011111788,2661100
2024-10-31,12.27737808227539,12.46494936894671,12.27737808227539,12.362637979789257,4014600
2024-11-01,12.396740913391113,12.59283833878563,12.277377227798862,12.36263711937884,7857900
2024-11-04,12.857142448425293,12.857142448425293,12.464948413500974,12.490526055555135,5056300
2024-11-05,12.626776695251465,12.851945752040507,12.522852705790626,12.730700684712303,3913100
2024-11-06,12.522852897644043,12.80864407951836,12.366966498107338,12.59213555834603,4006800
2024-11-07,12.289023399353027,12.54883379207832,12.245722355494205,12.479551130806838,3678500
2024-11-08,12.219740867614746,12.574815542788084,12.211081154299869,12.332325399852955,5695300
2024-11-11,12.358306884765625,12.514192459646853,12.202420483969924,12.271703145231465,3507600
2024-11-12,12.219740867614746,12.41892914031757,12.211081154299869,12.38428780931462,2887600
2024-11-13,12.297683715820312,12.375626914818053,12.193759725794807,12.22840105580331,3662600
2024-11-14,12.19375991821289,12.35830685778567,12.19375991821289,12.29768390987832,2489700
2024-11-18,12.211081504821777,12.29768442185787,12.202420965343817,12.202420965343817,2698000
2024-11-19,12.34964656829834,12.45357056206444,12.202420703984409,12.254382287910218,2514800
2024-11-21,12.34964656829834,12.444910022771978,12.237062035239777,12.26304282720268,2817100
2024-11-22,12.696059226989746,12.704719765836181,12.349645932276777,12.349645932276777,2168500
2024-11-25,12.877927780151367,12.877927780151367,12.670079781261059,12.696060574643715,4415400
2024-11-26,12.964529037475586,13.189697246762433,12.877925308270695,12.877925308270695,4149900
2024-11-27,12.626776695251465,13.00783214918899,12.600795904364867,12.97318999345426,3866700
2024-11-28,12.34964656829834,12.670079088889105,12.34964656829834,12.626777218341275,3073300
2024-11-29,12.583476066589355,12.583476066589355,12.306345400716106,12.349647273737434,5009000
2024-12-02,12.384288787841797,12.583476250368657,12.340986914188052,12.479552249148398,5235100
2024-12-03,12.947209358215332,13.181038956749092,12.41026832658882,12.436249117787751,10825100
2024-12-04,12.86060619354248,12.964530182215993,12.791323534426805,12.895247523100318,6377000
2024-12-05,13.111756324768066,13.129076576966836,12.877926725726185,12.877926725726185,3538300
2024-12-06,13.233000755310059,13.423528487681592,13.051133562117794,13.059794101297062,5551500
2024-12-09,13.648697853088379,13.666018105915976,13.276302919278379,13.284963458649425,6625200
2024-12-10,13.847884178161621,14.064392689362077,13.691998611719104,13.691998611719104,9349200
2024-12-11,14.246260643005371,14.306882761616048,13.570753495996009,13.683338020497569,6468500
2024-12-12,13.640037536621094,14.194298850793746,13.527453000701147,14.194298850793746,4349700
2024-12-13,13.562093734741211,13.821904127259115,13.423528412308855,13.640036935088029,6036500
2024-12-16,13.362906455993652,13.666017896095992,13.3022835072416,13.56209390298252,2877500
2024-12-17,13.769941329956055,13.856545066990524,13.345584835498936,13.380226165129836,11358200
2024-12-18,13.414867401123047,13.804582563228998,13.310943412955755,13.769941233839901,5130300
2024-12-19,13.622715950012207,13.666017820047141,13.440849582511545,13.466830374166713,3181600
2024-12-20,13.103096008300781,13.588074640907443,12.903907736187188,13.588074640907443,10486000
2024-12-23,12.947209358215332,13.233000539146953,12.765342167993897,13.103095757237838,8454100
2024-12-26,12.522852897644043,12.973190192206964,12.505531819511313,12.80864407951836,5749100
2024-12-27,12.600794792175293,12.696058234294169,12.470889197379321,12.618115042599463,4556200
2024-12-30,12.340985298156738,12.687398590195363,12.271702639749012,12.687398590195363,7225400
2025-01-02,12.488211631774902,12.566154831945708,12.193759909313844,12.401607892493015,4464900
2025-01-03,12.392948150634766,12.557494263792439,12.323664663820809,12.48821160289295,4566600
2025-01-06,12.536101341247559,12.536101341247559,12.26165326478825,12.394450612196955,4714800
2025-01-07,12.553808212280273,12.704312324264547,12.544954830562387,12.553808212280273,3721100
2025-01-08,12.474129676818848,12.668899856388228,12.42986361178422,12.553808425020184,3306000
2025-01-09,12.615778923034668,12.651191602028886,12.438715528063575,12.474128207057793,1895400
2025-01-10,12.536101341247559,12.64233938803551,12.456422595080358,12.536101341247559,2737700
2025-01-13,12.491833686828613,12.553806506126312,12.41215579511129,12.527246364582368,2713200
2025-01-14,12.553808212280273,12.660046259980064,12.385597336860226,12.482982847147081,3521900
2025-01-15,12.730871200561523,12.81940248187318,12.51839511224764,12.61577977498194,3624900
2025-01-16,12.589221000671387,12.81055047964934,12.57151423708677,12.713164968543866,2463900
2025-01-17,12.819400787353516,12.916786281519935,12.57151205042091,12.66004416433496,2883800
2025-01-20,12.783989906311035,12.94334739601804,12.757430606128178,12.792843287806964,2221300
2025-01-21,12.872522354125977,12.916788418406147,12.704312323027262,12.783990225565631,3218100
2025-01-22,12.792842864990234,13.076145153362024,12.757430184481873,12.899080906515316,3220100
2025-01-23,12.792842864990234,13.146970514378745,12.722017503973511,12.83710892670191,4357900
2025-01-24,13.067291259765625,13.120409856292836,12.766283065095205,12.79284236335881,4544400
2025-01-27,13.191235542297363,13.30632696337251,13.014172142299023,13.05843820337483,3033700
2025-01-28,13.15582275390625,13.315180234744249,13.084997394490447,13.173529515912643,2659300
2025-01-29,12.88137435913086,13.262060444922183,12.88137435913086,13.191235087365431,2268800
2025-01-30,12.9699068069458,13.067292315622698,12.863668761002316,12.961054269679213,4615200
2025-01-31,12.996466636657715,13.200089342037842,12.943347192820989,12.987613255300774,3583200
2025-02-03,13.217796325683594,13.279768307608187,12.925641490460608,13.014172772595037,3397200
2025-02-04,12.925642013549805,13.226649398154281,12.890229330401926,13.217796860596035,2749100
2025-02-05,13.129264831542969,13.182384278825777,12.907935349090383,12.907935349090383,3433500
2025-02-06,12.899081230163574,13.235502125586523,12.86366854876668,13.129264081395842,2732600
2025-02-07,12.70431137084961,12.996466191175053,12.70431137084961,12.943346749159113,3225900
2025-02-10,12.854815483093262,12.987612821795139,12.801696041029578,12.810549422091007,1780400
2025-02-11,12.766283988952637,12.969906697550618,12.766283988952637,12.890228796993753,1906200
2025-02-12,12.739724159240723,12.925640941422309,12.571513295011965,12.757430077193549,5273900
2025-02-13,13.04958438873291,13.102703829119992,12.695457600501909,12.757429577366118,4770400
2025-02-14,12.987613677978516,13.545364057043814,12.704312219775803,13.191236389985479,8599400
2025-02-17,13.191235542297363,13.25320836552545,12.987612843375494,13.040731441222551,5290000
2025-02-18,13.386006355285645,13.651601890349056,13.138117583235427,13.235502246893208,5069600
2025-02-19,13.527656555175781,13.695867420028437,13.288621173944243,13.332887235447831,4149900
2025-02-20,13.660453796386719,13.740132532730115,13.341738851013131,13.607334357389506,3126800
2025-02-21,13.8463716506958,13.91719701203502,13.465684700268818,13.633894722373238,6460300
2025-02-24,13.748985290527344,13.988021503409374,13.6693065529,13.81095811107353,2943100
2025-02-25,13.687013626098633,13.881783784257673,13.651600946824704,13.775545746435888,2561900
2025-02-26,13.421418190002441,13.757839067277777,13.421418190002441,13.722426387791156,2647200
2025-02-27,13.501096725463867,13.687013501029336,13.368299390476333,13.456830665699734,5345200
2025-02-28,13.456830978393555,13.50109703918629,13.26206081748845,13.492243658166766,6210700
2025-03-05,14.014580726623535,14.032287487915344,13.386005053946779,13.456830410504313,4106600
2025-03-06,14.120820999145508,14.297884418598073,13.899491513753556,14.01458294747397,10028800
2025-03-07,14.156231880187988,14.280175835867576,13.881783826064725,14.07655314050547,3805000
2025-03-10,13.58077621459961,13.89063696146052,13.359446747853996,13.713573556925013,7159200
2025-03-11,13.447977066040039,13.651600599919435,13.341739030917905,13.598481160205942,4451900
2025-03-12,13.394859313964844,13.5099507370028,13.244355210323281,13.5099507370028,3162500
2025-03-13,13.527656555175781,13.580775997841066,13.288621173944243,13.37715245264652,2041400
2025-03-14,14.03228759765625,14.067700276211966,13.563068551411947,13.563068551411947,3331300
2025-03-17,14.182792663574219,14.182792663574219,13.917197134070767,14.032288558332425,1833800
2025-03-18,13.881784439086914,14.156232505329855,13.810959077198095,14.120819824385446,4119200
2025-03-19,13.828665733337402,14.085407894958907,13.722427684835912,13.93490378183889,4823600
2025-03-20,13.483390808105469,13.62504237708125,13.200089358763739,13.368300227539079,19106300
2025-03-21,13.368298530578613,13.518802617512774,13.21779444364445,13.45682980010736,18338000
2025-03-24,13.270914077758789,13.483390154464784,13.208942099795761,13.386005497050755,5065200
2025-03-25,13.093852043151855,13.297475604414409,13.058439360015537,13.262062076973125,9217300
2025-03-26,13.386006355285645,13.421419037007103,13.093851520007371,13.102704901513968,5150200
2025-03-27,13.439125061035156,13.527656338318218,13.35059293944721,13.412564917975843,3800600
2025-03-28,13.456830978393555,13.545363099979026,13.350592939073922,13.386005618847133,3675600
2025-03-31,13.200089454650879,13.501097668915488,13.200089454650879,13.41256554320063,5018000
2025-04-01,13.306326866149902,13.439125048407037,13.111557549727253,13.253208268690956,5735300
2025-04-02,13.483390808105469,13.7312804205844,13.430272208506352,13.64274829551265,5588700
2025-04-03,13.421418190002441,13.88178386763339,13.368299592924949,13.456830869489062,6087300
2025-04-04,13.386006355285645,13.545363845184678,13.244355628399806,13.324034373349322,4945400
2025-04-07,13.058439254760742,13.386006782207637,13.0141731901209,13.217796749742188,5520400
2025-04-08,13.394859313964844,13.527656655152152,13.093851106681717,13.155823086661806,5430500
2025-04-09,13.740134239196777,13.881784968375309,13.324034589006128,13.368300652950657,5149100
2025-04-10,13.421418190002441,13.687013708304535,13.297474233951707,13.66045440976579,2427400
2025-04-11,13.527656555175781,13.545363317499175,13.288621173944243,13.447977813330303,2017800
2025-04-14,13.740134239196777,13.810959603786042,13.554217446073716,13.563069983418666,2548200
2025-04-15,13.890637397766113,14.067701652168129,13.642748623630203,13.642748623630203,4325500
2025-04-16,13.810957908630371,13.908342561911393,13.740132552734202,13.837517206015223,3363200
2025-04-17,13.988022804260254,13.988022804260254,13.766693332181152,13.819811932669374,3707900
2025-04-22,14.049994468688965,14.076553768332749,13.917197126165131,13.988022488085164,2008600
2025-04-23,14.262471199035645,14.333296559963905,14.067701034330478,14.076553571217833,3228100
2025-04-24,14.572330474853516,14.590037236481194,14.253617208603938,14.306735804877245,4298300
2025-04-25,14.722835540771484,14.829074428922242,14.474947616102785,14.5811848156437,6563400
2025-04-28,14.811366081237793,14.899898197121734,14.61659677718085,14.793659320339072,3474400
2025-04-29,14.182792663574219,14.60774483533581,14.182792663574219,14.351001842848707,10831100
2025-04-30,14.483799934387207,14.501505007271245,14.21820357781003,14.21820357781003,6974700
2025-05-02,14.267241477966309,14.492988105822768,14.267241477966309,14.474929615662244,5477200
2025-05-05,14.258211135864258,14.40268938865839,14.12276298915934,14.231121678754937,4476200
2025-05-06,14.023433685302734,14.276271491389501,13.860896079856467,14.276271491389501,5782300
2025-05-07,13.897014617919922,14.10470187778148,13.644176830490728,14.086642527912685,7883700
2025-05-08,13.535819053649902,14.08664347062178,13.42746036371076,14.08664347062178,8125300
2025-05-09,13.580968856811523,13.671268196562472,13.48164027201214,13.553879399349569,5157000
2025-05-12,13.653207778930664,13.662237885001696,13.499699420356396,13.626118321875886,5116200
2025-05-13,13.544849395751953,13.698357757796474,13.481640374142444,13.65320808757897,10188400
2025-05-14,13.94216251373291,13.951192618657409,13.535817264870694,13.544847369795194,4407200
2025-05-15,13.887985229492188,14.0324634805355,13.869925017532621,13.98731381179489,3311300
2025-05-16,13.860895156860352,13.996343295905811,13.743506367813763,13.996343295905811,4876800
2025-05-19,13.80671501159668,13.942163146983379,13.7615653460817,13.860894782446305,3910800
2025-05-20,13.996343612670898,13.996343612670898,13.743506678856647,13.815745802803576,3289100
2025-05-21,13.878954887390137,13.996343679655272,13.797685657271328,13.95119401168279,3023900
2025-05-22,13.653207778930664,13.987313953133981,13.626118321875886,13.960224496079201,3440900
2025-05-23,13.77059555053711,13.77059555053711,13.49969841665555,13.589997748335486,2631600
2025-05-26,13.653207778930664,13.761566468308093,13.617088215804856,13.743507117324345,1786300
2025-05-27,13.996343612670898,13.996343612670898,13.698357011100244,13.743506678856647,4393400
2025-05-28,13.797684669494629,13.969253223275802,13.77059521511379,13.960223118096113,2241000
2025-05-29,13.544849395751953,13.815746555898658,13.544849395751953,13.797686343348323,4794700
2025-05-30,13.608057022094727,13.64417658233364,13.409399871359826,13.626117232793305,6954300
2025-06-02,13.319101333618164,13.644177395133553,13.147533627552393,13.589998482126802,7038200
2025-06-03,13.183652877807617,13.463579264417664,13.183652877807617,13.337161229622781,7260200
2025-06-04,13.147533416748047,13.337161331547817,13.13850331100561,13.273951452509039,4207500
2025-06-05,13.183652877807617,13.273951351067065,13.11141375473675,13.19268212232277,4291300
2025-06-06,13.328130722045898,13.382309632136174,13.165592269458578,13.264920845396247,8434100
2025-06-09,13.282980918884277,13.409399809718465,13.129472573284994,13.319100478957154,3550000
2025-06-10,13.003053665161133,13.436489246617564,13.003053665161133,13.346189915976321,7601300
2025-06-11,13.102383613586426,13.129473069375084,12.957905367835888,13.02111438506218,2854900
2025-06-12,13.156563758850098,13.210743536666104,13.021115606047612,13.102384842192444,4216900
2025-06-13,13.183652877807617,13.255892000878486,13.012084314645598,13.084323437716467,2733000
2025-06-16,13.292011260986328,13.409400048603992,13.201711928616355,13.255891700269991,4477700
2025-06-17,13.111413955688477,13.373280996123441,13.111413955688477,13.292011766133575,7004300
2025-06-18,13.048203468322754,13.147532905309083,12.921785437479423,13.147532905309083,6532800
2025-06-20,12.822456359863281,13.093353501082857,12.822456359863281,13.057233939664131,10756600
2025-06-23,12.822456359863281,12.903725588344981,12.786336798444557,12.822456359863281,4066300
2025-06-24,12.831486701965332,12.966934844492013,12.813426490344021,12.912755931944655,4587300
2025-06-25,12.885665893554688,12.885665893554688,12.696037985888895,12.80439666724674,3829400
2025-06-26,13.057233810424805,13.120442826992369,12.85857579400898,12.921785671734806,3271600
2025-06-27,12.984994888305664,13.12044302908192,12.966934676917749,13.12044302908192,3324500
2025-06-30,13.264921188354492,13.27395129398909,13.003054153059052,13.003054153059052,3365600
2025-07-01,13.355220794677734,13.427459918910827,13.255892214146805,13.282981670444642,5030500
2025-07-02,13.31007194519043,13.481640521662642,13.228802710141311,13.391341180239547,5373800
2025-07-03,13.27395248413086,13.463580413668087,13.264922377686622,13.346191613368056,4548000
2025-07-04,13.454549789428711,13.454549789428711,13.255892622250869,13.319101642611244,1702500
2025-07-07,13.228800773620605,13.517758107179992,13.228800773620605,13.472608443077755,3905600
2025-07-08,13.174622535705566,13.273951112855915,13.11141351944246,13.26492100734454,2548300
2025-07-09,13.057233810424805,13.22880151017602,12.98499468830237,13.201712054669674,3689400
2025-07-10,13.156563758850098,13.228802888499205,12.984996041223058,12.984996041223058,5380800
2025-07-11,13.003053665161133,13.246861341197546,13.003053665161133,13.174622221147846,2972400
2025-07-14,13.066263198852539,13.13850231701021,12.984993975635604,13.02111353471444,3132800
2025-07-15,13.048203468322754,13.201711815339584,12.957904997885839,13.093353134120335,4736500
2025-07-16,12.687007904052734,13.10238328060851,12.677977798633245,13.048203509249822,5766300
2025-07-17,12.687007904052734,12.77730637477288,12.551558906235138,12.759247025092153,5605000
2025-07-18,12.614768981933594,12.687008104112138,12.578649420844322,12.65991864858475,4518800
2025-07-21,12.605738639831543,12.723127426458504,12.596708534439104,12.650888305635489,2473800
2025-07-22,12.343873023986816,12.63282954034227,12.343873023986816,12.63282954034227,4925300
2025-07-23,12.398051261901855,12.47029124819667,12.334842242696979,12.416111473765133,4146500
2025-07-24,12.28066349029541,12.398051424311255,12.26260327819555,12.398051424311255,3052000
2025-07-25,12.289691925048828,12.398050607030036,12.271632575297755,12.334841591163896,2363200
2025-07-28,12.28066349029541,12.425141742461046,12.27163338424548,12.316783053336819,2909600
2025-07-29,12.37096118927002,12.470290627255478,12.298722067730553,12.361931083788022,4484800
2025-07-30,12.425141334533691,12.551559370449061,12.271632981357927,12.416111228780228,4995800
2025-07-31,12.44320011138916,12.560588897299032,12.379991096344709,12.42514076187285,5479900
2025-08-01,12.361931800842285,12.650889164919388,12.361931800842285,12.524470264313262,5174800
2025-08-04,12.33421516418457,12.509757908648103,12.204867275925375,12.38041002038891,6806700
2025-08-05,12.251063346862793,12.389649681470615,12.167911193653927,12.343453942897865,2673500
2025-08-06,12.33421516418457,12.361932254129254,12.195627952240347,12.315736516814512,4682800
2025-08-07,12.288019180297852,12.361932006074138,12.177149941633422,12.361932006074138,4578400
2025-08-08,12.380409240722656,12.398887886929007,12.269540006815598,12.315735741221125,3005200
2025-08-11,12.33421516418457,12.42660575770365,12.297258750554859,12.38041002038891,4022300
2025-08-12,12.73149585723877,12.81464800470086,12.408127471798865,12.426605237284683,5841800
2025-08-13,12.759214401245117,13.017909297459319,12.6668229263277,12.740735753817471,6683200
2025-08-14,12.722258567810059,12.999431242984382,12.722258567810059,12.76845342626548,4695200
2025-08-15,12.583669662475586,12.77769103775846,12.491279076837753,12.749973950178143,3813400
2025-08-18,12.777691841125488,12.860843990204762,12.602149100599544,12.666822602723252,3085200
2025-08-19,12.546713829040527,12.805408714278682,12.463561681364956,12.786930948745427,4236300
2025-08-20,12.555953025817871,12.66682226123112,12.518996614013455,12.60214876085098,2642900
2025-08-21,12.482041358947754,12.611388371694908,12.47280203486283,12.555954189406254,2751700
2025-08-22,12.67606258392334,12.71301899864164,12.482041186374651,12.54671469185407,2359300
2025-08-25,12.713018417358398,12.814648332909249,12.685300446754214,12.731496183317468,2359600
2025-08-26,12.842366218566895,12.879322633886536,12.703779881395844,12.713019205503365,3257700
2025-08-27,12.9347562789917,13.017908424620016,12.796169957018071,12.851604133363384,4163700
2025-08-28,13.10106086730957,13.1287779561107,12.990191630994682,13.027148043099645,2610000
2025-08-29,13.027148246765137,13.359755960909764,13.027148246765137,13.128778161365066,8354800
2025-09-01,13.16573429107666,13.35975567376852,13.11953855593853,13.184212937576056,5788900
2025-09-02,12.953234672546387,13.202690223455722,12.925516703803982,13.147255167081243,11557100
2025-09-03,12.88856029510498,13.027147495505877,12.814647474001967,13.017908172590419,5021100
2025-09-04,13.027148246765137,13.027148246765137,12.87008327258591,12.934756774503105,4223600
2025-09-05,13.10106086730957,13.15649504491183,13.017908719795813,13.1287779561107,2686700
2025-09-08,13.091821670532227,13.138017406387482,13.036386611283845,13.128778082994355,5600300
2025-09-09,13.258126258850098,13.258126258850098,13.017909132006213,13.091821958556578,4770100
2025-09-10,13.16573429107666,13.433668497545384,13.16573429107666,13.258125761352922,3784800
2025-09-11,12.842366218566895,13.211931252873766,12.842366218566895,13.174974837554123,8679900
2025-09-12,12.879322052001953,12.934757113032097,12.851604962042083,12.916278465651914,3520200
2025-09-15,12.87008285522461,12.93475635504452,12.823887120591666,12.897799943560235,4965200
2025-09-16,13.00866985321045,13.00866985321045,12.87932196574665,12.934757026405535,2764700
2025-09-17,13.082581520080566,13.082581520080566,12.934755879577335,13.00866869982895,4332200
2025-09-18,13.248887062072754,13.248887062072754,13.073343436502528,13.110299850131458,9039200
2025-09-19,13.322799682617188,13.461386011297806,13.285843269561664,13.350516772131234,6207000
2025-09-22,13.313560485839844,13.332039133098743,13.08258268176598,13.304321162210393,3510000
2025-09-23,13.57225513458252,13.609211547322506,13.276603832662637,13.313560245402623,3065900
2025-09-24,13.563016891479492,13.65540748413154,13.526060478196595,13.581494657565743,3764100
2025-09-25,13.239646911621094,13.618450347940371,13.211929823407825,13.563016171513835,4942400
2025-09-26,13.563016891479492,13.563016891479492,13.28584335130256,13.341277530671709,3371700
2025-09-29,13.64616870880127,13.738559299199828,13.563016560665305,13.581494326300868,2640100
2025-09-30,13.960298538208008,13.99725495261391,13.692364313487618,13.7385600517726,6734200
2025-10-01,14.01573371887207,14.172798701702709,13.969537980196513,13.988016628110907,5835400
2025-10-02,13.840188980102539,14.015732596793816,13.766276156583167,13.997253950358793,3226800
2025-10-03,13.923340797424316,14.006492942193885,13.821710887767253,13.895623709537906,2943900
2025-10-06,14.00649356842041,14.126602129445327,13.840189271445851,13.92334141993313,6512600
2025-10-07,13.997254371643066,14.126602257250212,13.877146690641899,14.015733018634252,5314800
2025-10-08,13.830950736999512,14.126602035330924,13.821711413649062,14.043449887397621,3702700
2025-10-09,13.793993949890137,13.923340948840256,13.71084180421629,13.849428126265803,2990900
2025-10-10,13.78475570678711,13.960298453877124,13.766277059140574,13.858668535152423,2259600
2025-10-13,13.775516510009766,13.914103725305672,13.729320771577797,13.803233600624777,2172200
2025-10-14,13.766276359558105,13.87714647758223,13.720081505010153,13.775515682911845,3905200
2025-10-15,13.526060104370117,13.784754990200724,13.47986436876563,13.766276343514782,4659200
2025-10-16,13.590734481811523,13.636930220394477,13.424430175357065,13.526060976461647,2900900
2025-10-17,13.64616870880127,13.70160288681833,13.526060148283808,13.609211415309398,2241600
2025-10-20,13.858668327331543,13.877146974700977,13.664646935504484,13.692364025448235,2561400
2025-10-21,13.821711540222168,13.904863688916942,13.757038038397514,13.858667952852025,3267900
2025-10-22,13.720081329345703,13.904863388502777,13.710842006110258,13.858667653435917,4144400
2025-10-23,13.57225513458252,13.830950904872799,13.526060279490325,13.812472257947615,4558800
2025-10-24,13.563016891479492,13.664646807729863,13.544538244282846,13.572255333967421,2807200
2025-10-27,13.80323314666748,13.867907530789411,13.627690403731714,13.683125464249027,2201400
2025-10-28,13.858668327331543,13.904864064644729,13.775516176389889,13.812472590018357,2831600
2025-10-29,13.812472343444824,13.941820229390608,13.766276606956302,13.858668079933345,3795000
2025-10-30,13.997254371643066,13.997254371643066,13.72008171565836,13.766276570915554,2078700
2025-10-31,13.830950736999512,14.06192853409852,13.803232766948163,13.997254151755746,4855600
2025-11-03,13.951058387756348,14.034209649158658,13.886384009629689,13.895623332377827,3272200
2025-11-04,14.092646598815918,14.13040315037911,13.92274166668796,13.960498218251152,4664900
2025-11-05,14.158720970153809,14.24367344000469,14.05489067377342,14.092647227019674,3052800
2025-11-06,14.300307273864746,14.432455655275476,14.120963877838301,14.158720429643195,4670200
2025-11-07,14.55516529083252,14.715630867853918,14.413578440607633,14.441895630615162,4824100
2025-11-10,14.574042320251465,14.696751337154979,14.50796858045234,14.555164494674797,3487200
2025-11-11,14.564603805541992,14.668434096310834,14.507968528639868,14.58348163105124,5249000
2025-11-12,14.253111839294434,14.592920795526325,14.23423311385463,14.564603607553794,4480700
2025-11-13,14.50796890258789,14.50796890258789,14.253112400427284,14.30030741551047,3838700
2025-11-14,14.621238708496094,14.677873987436602,14.432455945673098,14.441895308861053,2292000
2025-11-17,14.791143417358398,14.810021243256385,14.60236065744251,14.621238483340496,3912600
2025-11-18,14.894973754882812,14.951609033120832,14.630677890208878,14.725069720543173,3357800
2025-11-19,14.828900337219238,15.027122465095248,14.800583147576159,14.866656890139087,3453900
2025-11-21,14.8477783203125,14.932730790325687,14.67787428047336,14.83833985712333,2299300
2025-11-24,15.140393257141113,15.140393257141113,14.866657119023781,14.904413672524923,5395000
2025-11-25,15.102635383605957,15.215905941147753,14.998805089411064,15.1403928362447,2675400
2025-11-26,15.366931915283203,15.395248203953562,15.083756425958773,15.178148255733584,3642000
2025-11-27,15.470762252807617,15.470762252807617,15.329175399683061,15.366932854049352,1172300
2025-11-28,15.28197956085205,15.517958236836412,15.149830278046203,15.470761421414888,3837000
2025-12-01,14.998805046081543,15.348053380296033,14.942169767474256,15.348053380296033,7578300
2025-12-02,15.234783172607422,15.291419352701306,14.970487300146612,15.03656194340224,4095200
2025-12-03,15.244222640991211,15.33861447475692,15.206466987709618,15.26310136781925,3479400
2025-12-04,15.310296058654785,15.423566616837714,15.178148574420074,15.291419132603002,3284500
2025-12-05,14.998805046081543,15.470761500268592,14.866656662789351,15.310295927766365,4581700
2025-12-08,15.385808944702148,15.546274516289202,15.093195890763791,15.178148358096607,4173700
2025-12-09,15.423566818237305,15.546274940861213,15.253661878931531,15.291419332277023,2999600
2025-12-10,15.329174041748047,15.49907897059629,15.253660940079312,15.423565868927556,3241600
2025-12-11,15.253662109375,15.36693267074823,15.178149001917678,15.20646709235461,1297900
2025-12-12,15.470762252807617,15.480201616399189,15.253662291324998,15.338614763274634,3421100
2025-12-15,15.574592590332031,15.678423783720724,15.451884471179007,15.546274501123909,3131800
2025-12-16,15.28197956085205,15.565153251883515,15.263100834683442,15.565153251883515,2861300
2025-12-17,15.093195915222168,15.300856502164223,14.970486895563386,15.291418939444766,5190900
2025-12-18,14.88553524017334,15.168708929815905,14.857217151059318,15.09319582588626,3728300
2025-12-19,15.027121543884277,15.074317457187634,14.885534704161383,14.913851892068527,3214300
2025-12-22,15.055439949035645,15.112075229616114,14.932730924600667,15.03656212230032,3557300
2025-12-23,15.348053932189941,15.480201420046752,15.074318692817233,15.130953973461041,2621000
2025-12-26,15.602910041809082,15.602910041809082,15.2631001866982,15.348052650475921,2246200
2025-12-29,15.650105476379395,15.772813593822097,15.565153010313526,15.602910462064754,3025200
2025-12-30,15.687864303588867,15.838890523086452,15.66898557605803,15.66898557605803,2228000
2026-01-02,15.612350463867188,15.999355358281719,15.602911100543118,15.782253602577047,7287700
2026-01-05,15.633688926696777,15.778357484782447,15.450445274985956,15.624046073059056,3441800
2026-01-06,15.730134010314941,15.884445421954036,15.643333611325811,15.701201770343317,4331500
2026-01-07,15.575823783874512,15.739779901158972,15.52760215389443,15.7301352072555,2076800
2026-01-08,15.42151165008545,15.681912854871689,15.411866956626271,15.575823066357922,2615800
2026-01-09,15.604757308959961,15.730134646158303,15.43115650396441,15.43115650396441,3124900
2026-01-12,15.788003921508789,15.826580858931322,15.60475841002408,15.60475841002408,3289800
2026-01-13,15.450446128845215,15.816935292057783,15.450446128845215,15.788003050471431,5611700
2026-01-14,15.517956733703613,15.556533667974708,15.296133383148971,15.527601427155684,3353400
2026-01-15,15.52760124206543,15.624046335899308,15.421511454894445,15.52760124206543,3836700
2026-01-16,15.585468292236328,15.6626240030083,15.48902319388705,15.556534210870371,3311300
2026-01-19,15.643333435058594,15.662622821180411,15.489022025158263,15.633688741997684,2451000
2026-01-20,15.807291030883789,15.807291030883789,15.546891651795173,15.633690218466523,2438800
2026-01-21,16.08698081970215,16.09662551318365,15.691557584646645,15.81693492083175,4810000
2026-01-22,16.75244903564453,16.762091889060443,16.00982423409742,16.09662463113732,6609700
2026-01-23,16.43418312072754,16.752450660905286,16.299159245823127,16.752450660905286,6891800
2026-01-26,16.5884952545166,16.60778280358299,16.376315658950237,16.501694845337152,3214000
2026-01-27,16.656005859375,16.974273405243558,16.656005859375,16.684938102021132,3851300
2026-01-28,16.974271774291992,16.974271774291992,16.694581192004428,16.819960363215102,2497100
2026-01-29,16.656005859375,17.06107381225656,16.549916064239714,16.974273405243558,4709600
2026-01-30,16.694581985473633,16.73316075984501,16.51133832582122,16.5981368890824,5075600
2026-02-02,17.263607025146484,17.263607025146484,16.781383354949448,16.781383354949448,11221200
2026-02-03,17.620450973510742,17.697606676752564,17.22502776445428,17.3021834676961,5596000
2026-02-04,17.22502899169922,17.64938446999508,17.1382285894257,17.543296520189713,3147100
2026-02-05,17.37933921813965,17.562582864125986,17.253960050320497,17.340760446645426,2503500
2026-02-06,17.53365135192871,17.630096445125485,17.388984631902126,17.388984631902126,2640600
2026-02-09,17.639741897583008,17.842274946429473,17.514362719169952,17.630097203894525,3256400
2026-02-10,17.774763107299805,17.900140440371537,17.60116230801807,17.639741080986074,2394600
2026-02-11,17.842273712158203,17.938718802834046,17.774762700546244,17.88085248424338,2797600
2026-02-12,17.620450973510742,17.89049501508858,17.60116158781602,17.851918083236203,2937000
2026-02-13,17.38898468017578,17.514362014003645,17.186449799946583,17.514362014003645,4732700
2026-02-18,17.061073303222656,17.543296954668453,17.05142860944927,17.379340839595393,4425700
2026-02-19,17.167160034179688,17.350405523761257,16.993561077222378,17.061072089295294,4079100
2026-02-20,17.31182861328125,17.388984318540842,17.003203952705768,17.128583123463304,3917500
2026-02-23,17.40827178955078,17.437205868723805,17.225028140066282,17.311828538048246,3172400
2026-02-24,17.707252502441406,17.726540049833,17.379340282800847,17.4468512975144,4376400
2026-02-25,17.53365135192871,17.8036954054351,17.53365135192871,17.784407858425464,2831700
2026-02-26,17.8808536529541,17.986941604048155,17.620452442970368,17.649384684388192,5340100
2026-02-27,17.15751838684082,17.986941815737516,17.11893961178006,17.93872018644881,14232100
2026-03-02,17.331117630004883,17.56258476541718,16.906762134850972,17.08036110675724,10821600
2026-03-03,16.95498275756836,17.138228252042545,16.598136461964646,17.10929417200857,5706300
2026-03-04,17.051427841186523,17.292539656045978,16.887471733500607,17.041783147847685,6279100
2026-03-05,16.88747215270996,17.099649892819937,16.80067175004288,17.02249418373111,6878100
2026-03-06,16.983917236328125,17.090005186535635,16.6560050130601,16.887472140154493,3753800
2026-03-09,17.03213882446289,17.157518001053973,16.877827406764027,17.022494130914563,5409100
2026-03-10,17.25396156311035,17.485428693759005,16.974272803403025,17.138228917554642,5231300
2026-03-11,17.40827178955078,17.475784640954505,17.176804674777905,17.244315686644523,2296400
2026-03-12,17.466140747070312,17.562584002985663,17.147873219752956,17.244316475668306,5827700
2026-03-13,17.495073318481445,17.794053303985258,17.44685168961295,17.466141076975237,3140000
2026-03-16,17.697608947753906,17.822986291784197,17.57222976418631,17.60116384644129,2486800
2026-03-17,17.687963485717773,17.794053276509327,17.601163082258726,17.67831879205152,2377200
2026-03-18,17.40827178955078,17.794052153709345,17.40827178955078,17.639740743860763,3125900
2026-03-19,17.456497192382812,17.601163925230672,17.147874338430768,17.30218576540679,3633300
2026-03-20,16.7331600189209,17.40827198469196,16.665649006297503,17.40827198469196,8126400
2026-03-23,17.09964942932129,17.19609452295241,16.858537615012064,16.93569332200953,5476700
2026-03-24,16.993560791015625,17.090004041188568,16.839247543757338,17.090004041188568,2879100
2026-03-25,17.138227462768555,17.215383166435377,16.945337283832963,17.08035930536563,3888800
2026-03-26,16.88747215270996,17.08036050566343,16.858538071975197,17.07071765162238,2174800
2026-03-27,16.80067253112793,16.983918038559672,16.75245090053198,16.945339262453075,2877000
2026-03-30,16.80067253112793,16.906762325883772,16.73316151247868,16.897117631857125,12432500
2026-03-31,17.697608947753906,17.697608947753906,16.84889426364763,16.95498405904524,7138800
2026-04-01,17.697608947753906,17.880854456294152,17.543297521468638,17.697608947753906,16439200
2026-04-02,17.803695678710938,17.900140773388085,17.167160629193816,17.408272446118094,4504700
2026-04-06,18.112321853637695,18.18947756787901,17.71689858820879,17.813341851357436,3864800
2026-04-07,18.160541534423828,18.247341933563458,17.803695244679005,18.13160745486491,4185300
2026-04-08,18.546321868896484,18.864589416866067,18.3920104419741,18.478810849560105,6306900
2026-04-09,18.71992301940918,18.86458975479825,18.536677506829772,18.584900978317695,4075900
2026-04-10,18.912811279296875,18.912811279296875,18.63312069207187,18.806721492482264,3807500
2026-04-13,19.08641242980957,19.08641242980957,18.652410420822676,18.835655917899054,3012900
2026-04-14,19.057477951049805,19.414322404725446,18.99961163090673,19.086412030889917,3944300
2026-04-15,18.189476013183594,18.89352207540136,18.073741531945043,18.89352207540136,8220900
2026-04-16,18.208763122558594,18.314852907847925,18.083385790474306,18.256986588388802,4480500
2026-04-17,18.24734115600586,18.488452956777852,18.150896067789652,18.39200786856164,4932900
2026-04-20,18.35343360900879,18.4691662600877,18.16054340449417,18.25698850675148,2409100
2026-04-22,18.064098358154297,18.35343366582186,18.015876726645033,18.35343366582186,3622800
2026-04-23,17.86156463623047,18.160542787486705,17.83263055467512,18.150898093634922,2799700
2026-04-24,17.707252502441406,17.900140853117673,17.65902903511945,17.900140853117673,2458300
2026-04-27,17.581872940063477,17.794052512536833,17.54329600659196,17.707252112804486,2219300
2026-04-28,17.514362335205078,17.601162736961285,17.38898499907788,17.591518043484243,8270500
2026-04-29,17.109294891357422,17.52400752492824,17.08036081010693,17.52400752492824,3261300
2026-04-30,17.44685173034668,17.572229069419834,17.26360622905155,17.37934071395827,5405500
2026-05-04,17.211084365844727,17.446852413822587,16.975316317866866,17.36826306449663,6032900
2026-05-05,17.0833740234375,17.378085463189016,17.0833740234375,17.191435072051494,2937500
2026-05-06,17.2896728515625,17.4075559328043,17.10302245359222,17.211083506162034,3194600
2026-05-07,17.211084365844727,17.417380705181145,17.132495016518774,17.2798498122902,4051500
2026-05-08,17.39773178100586,17.574558274051423,17.063728473130396,17.309320408200843,3621200
2026-05-11,17.1030216217041,17.633501082643154,17.09319771979215,17.397731184191773,4137100
2026-05-12,16.97531509399414,17.23073092931819,16.955667289649732,17.14231768348611,3136400
2026-05-13,17.073551177978516,17.33879092805353,16.926196385842786,17.024433538505885,5094400
2026-05-14,17.230731964111328,17.437028300963505,17.16196464477607,17.16196464477607,2523400
2026-05-15,17.0833740234375,17.31914205100808,17.014608582944128,17.20125897408165,4525000
2026-05-18,17.3093204498291,17.319142478383906,16.994961198259986,17.142317858630854,3040400
2026-05-19,17.22090721130371,17.446851342527363,17.142317866803406,17.309320458081274,2783100
2026-05-20,17.62367820739746,17.73173738728848,17.25037740786758,17.260201310351817,2915500
2026-05-21,17.456674575805664,17.61385325878265,17.348613528614848,17.574557651179553,2846200
2026-05-22,17.17178726196289,17.42720309350412,17.00478467494431,17.42720309350412,2899200
2026-05-25,17.3093204498291,17.378085892019364,17.19143549627596,17.319142478383906,2008900
2026-05-26,17.3093204498291,17.378085892019364,17.17178769173081,17.3093204498291,2343600
2026-05-27,17.15213966369629,17.525440450319046,17.122669830980318,17.338790057007667,3256700
2026-05-28,17.13249397277832,17.23073112188046,17.05390462824016,17.201259415034485,2092000
2026-05-29,17.39773178100586,17.39773178100586,17.053904570881446,17.13249391515528,7991500
2026-06-01,17.142318725585938,17.387910673667584,17.044081571609706,17.387910673667584,11839700
2026-06-02,17.44685173034668,17.535264979089547,17.063728901606133,17.17178808162245,5152200
2026-06-03,17.142318725585938,17.48614595392595,16.965492223172294,17.289673519691352,5782600
2026-06-05,17.26020050048828,17.417379185425542,17.083374011504432,17.142317423644197,2828700
2026-06-08,17.37808609008789,17.387909992472434,17.2503772328066,17.260201135191142,1889600
2026-06-09,17.64332389831543,17.82997429553787,17.41737976540909,17.437027570109933,4525900
2026-06-10,18.02644920349121,18.02644920349121,17.427204255915882,17.594206854073704,10459600
2026-06-11,18.31133460998535,18.439043469205355,17.996977223778917,18.03627283391363,6034800
2026-06-12,18.27204132080078,18.44886782329942,18.193451972325594,18.31133505817944,2895400
2026-06-15,18.370277404785156,18.556925925468082,18.291688060887672,18.419395042076925,3890100
2026-06-16,18.399747848510742,18.448867361150945,18.183627614047307,18.301510696948156,2109400
2026-06-17,18.6748104095459,18.82216519144123,18.36045304184447,18.36045304184447,4072200
2026-06-18,18.989168167114258,19.09722921712437,18.625691282173364,18.664986890801675,4578800
2026-06-19,19.293701171875,19.293701171875,18.84181292589933,18.910578365615827,5236400
2026-06-22,19.09722900390625,19.31334922779577,19.02846356329221,19.24458378718173,4180000
2026-06-23,19.087406158447266,19.293702491708974,18.910579659241325,18.959697298479494,4018600
2026-06-24,19.067758560180664,19.27405676939887,19.048110754785053,19.067758560180664,3251500
2026-06-25,19.038286209106445,19.283878147103636,18.959696863896056,19.077581818570536,2906900
2026-06-26,19.27405548095703,19.342820921526947,19.00881574700072,19.03828557940627,1719900
2026-06-29,19.36246681213379,19.47052786064619,19.15617049084763,19.274055441380952,2207300
2026-06-30,19.36246681213379,19.57858890915859,19.28387746968415,19.33299697978875,12675700
2026-07-01,19.509824752807617,19.519648655475116,18.969521348402193,19.264232807273654,24445400
2026-07-02,19.804533004760742,19.824180808773093,19.509823439446368,19.509823439446368,8004700
2026-07-03,20.168010711669922,20.226952252407795,19.8143577198071,19.834005524625656,8677200
2026-07-06,20.21712875366211,20.226952656267535,19.942065101863676,20.089421767227236,14743600
2026-07-07,20.52166175842285,20.560957367923262,20.158186739133026,20.177834543883232,5724900
2026-07-08,20.737783432006836,20.855666510621155,20.48236759671881,20.52166133168433,6390900
2026-07-09,21.209320068359375,21.287909414136784,20.698488383947314,20.698488383947314,4468600
2026-07-10,21.661209106445312,21.739798455010185,21.258438460835606,21.37632342054185,4234100
2026-07-13,21.386146545410156,21.759445469085154,21.130730703435557,21.661208318522956,4435500
2026-07-14,21.720151901245117,21.720151901245117,21.395970613482554,21.41561654477285,3280100
2026-07-15,21.769269943237305,21.887154901751504,21.454912552156568,21.710328400839128,3220700
2026-07-16,21.90679931640625,22.083625805073765,21.651385359128415,21.71032689744501,4347200
2026-07-17,21.671031951904297,21.97556730223808,21.61209041178586,21.936271693013936,4111400
2026-07-20,21.88715362548828,22.142569459277272,21.53350064428541,21.68085542854736,3417700
2026-07-21,21.93627166748047,21.94609556977507,21.69067973126877,21.887154029725238,2500000
2026-07-22,22.02468490600586,22.02468490600586,20.973551719215905,21.258437390779477,13668100
2026-07-23,22.04433250427246,22.054156406471368,21.57279456731367,21.975567062597865,4431400
2026-07-24,20.894962310791016,21.838034443219122,20.757429552856923,21.641562019155483,10143300
2026-07-27,20.354660034179688,20.983376696994114,20.15818759944595,20.87531563997394,6700600
2026-07-28,20.138538360595703,20.629722223049257,20.109066654310105,20.59042661466846,6312700
2026-07-29,19.97153663635254,20.305541827166955,19.863475582348517,20.148363134279915,4804000
2026-07-30,19.755416870117188,20.22695295995017,19.66700361905877,20.138539708891756,6737000
2026-07-31,19.892946243286133,20.089420535916787,19.578588874051263,19.647354314356676,6235400
2026-08-03,19.5,20.079597116088923,19.352645213847406,20.001007771893022,18198600
2026-08-04,19.75,19.8700008392334,19.280000686645508,19.510000228881836,11881900
2026-08-05,19.450000762939453,19.81999969482422,19.350000381469727,19.760000228881836,5646900
2026-08-06,19.6200008392334,19.709999084472656,19.350000381469727,19.399999618530273,5401500
2026-08-07,19.31999969482422,19.6299991607666,19.1200008392334,19.6299991607666,4951000
