Date,Close,High,Low,Open,Volume
2011-05-02,4.056182861328125,4.093169061586551,3.969880882639776,3.969880882639776,31433339
2011-05-03,4.019196033477783,4.115360919622369,3.994538565306572,4.06851139219624,3779860
2011-05-04,4.063579559326172,4.063579559326172,4.024127531530993,4.024127531530993,4400976
2011-05-05,4.038922309875488,4.0463193806915845,4.0241277458672995,4.0463193806915845,3940079
2011-05-06,4.009333610534668,4.038923167207946,3.945223678765391,4.03152609482169,4341343
2011-05-09,3.9698803424835205,4.006866960085425,3.9550857799179497,3.9970040591670295,74954
2011-05-10,3.9698803424835205,3.9698803424835205,3.9698803424835205,3.9698803424835205,0
2011-05-11,4.0438551902771,4.068512666169305,4.006868976438793,4.006868976438793,700506
2011-05-12,4.048786640167236,4.048786640167236,3.994539188031236,3.99947127376081,826238
2011-05-13,4.031525135040283,4.043853445290357,4.004401416411771,4.043853445290357,791033
2011-05-16,4.031525135040283,4.031525135040283,4.031525135040283,4.031525135040283,0
2011-05-17,3.9698803424835205,3.9822094966014587,3.9501545406467296,3.9698803424835205,621115
2011-05-18,3.8959081172943115,3.9772784436881947,3.888511045281812,3.9575526367374856,2499191
2011-05-19,3.9033050537109375,3.9402916756144437,3.8860446583143684,3.8959075603798348,1589969
2011-05-20,3.930429697036743,3.942758010733215,3.824401891010832,3.898374729822386,1180802
2011-05-23,3.9156346321105957,3.9156346321105957,3.8342643085613357,3.8860450779668243,982505
2011-05-24,3.863853693008423,3.9452235995028744,3.8244016555301505,3.932895286565496,3765132
2011-05-25,3.7479617595672607,3.858921620601592,3.7454955061848247,3.858921620601592,2084635
2011-05-26,3.878648519515991,3.883580605835153,3.743031984844719,3.743031984844719,1326292
2011-05-27,3.8959081172943115,3.920566009546794,3.8268673705907665,3.8441269237025564,1866939
2011-05-30,3.9328954219818115,3.9402924944741478,3.8465934270639446,3.8465934270639446,523404
2011-05-31,3.945222854614258,3.9452228546142583,3.858921723714392,3.9452228546142583,4039227
2011-06-01,3.9945390224456787,4.011799421091238,3.8909774753244895,3.9131686923669227,1578474
2011-06-02,4.0438551902771,4.068512666169305,3.9452244419559466,3.9452244419559466,1556561
2011-06-03,4.117827415466309,4.117827415466309,3.994539209961435,3.994539209961435,1455975
2011-06-06,4.117827415466309,4.147417395749597,4.0586491444041455,4.085772448244954,1172180
2011-06-07,4.115360736846924,4.1350869639334125,4.048785829167065,4.093169100953637,2128461
2011-06-08,4.088237762451172,4.112895228933109,4.051250717976254,4.110429397809714,1175773
2011-06-09,4.216456413269043,4.258374267621424,4.068510374134163,4.070976627185396,4055752
2011-06-10,4.228787422180176,4.228787422180176,4.098102140429494,4.179472054162967,1666486
2011-06-13,4.265772819519043,4.379197679757078,4.216457460887881,4.228786617327697,2960088
2011-06-14,4.221388816833496,4.32741658727337,4.1104289622934,4.290429546717377,2215755
2011-06-15,4.164677143096924,4.216458343859589,4.122759691927721,4.216458343859589,1726478
2011-06-16,4.142484664916992,4.159745061684983,3.9427573976199652,4.0685114152324475,2155045
2011-06-17,4.068511486053467,4.1276901713064404,3.957552454347248,4.117826845909589,852103
2011-06-20,3.9945390224456787,4.043854386807836,3.9526211528070823,4.0265939881622765,861443
2011-06-21,4.093169689178467,4.112895919099791,3.9674152374150764,3.9698814913283287,669253
2011-06-22,4.006866931915283,4.112894699952442,4.004401101109032,4.033989803656196,1170384
2011-06-24,3.9945390224456787,4.100566823517472,3.9723473830271616,4.038923146034879,675360
2011-06-27,3.945222854614258,4.061113958382186,3.9008395848161546,4.061113958382186,1055788
2011-06-28,4.0044026374816895,4.0044026374816895,3.9279635426642407,3.947690196682797,1130150
2011-06-29,4.048786640167236,4.048786640167236,3.9649504750387012,3.994539188031236,1060818
2011-06-30,4.006866931915283,4.036456056838399,3.945222428886847,4.009332340345583,1911484
2011-07-01,3.9945390224456787,4.019196493438716,3.920566187090484,4.016730661864195,2170492
2011-07-04,4.0438551902771,4.0438551902771,3.950156528461022,3.979745246105967,904910
2011-07-05,4.135086536407471,4.159744423310211,4.056182480971423,4.068510790858835,4586341
2011-07-06,4.117827415466309,4.137554068988501,4.093169943315775,4.132621983231849,1727915
2011-07-07,4.0438551902771,4.167143414490457,4.0438551902771,4.127691368587697,1231454
2011-07-08,4.019196033477783,4.043853924025029,3.9476894602564783,4.0413876703566665,1917232
2011-07-11,3.8342649936676025,4.014266070189218,3.824402088774742,3.9698819422310323,2027157
2011-07-12,3.9328954219818115,3.9452237353436748,3.7602918545221695,3.8367301005727077,1542191
2011-07-13,3.883580207824707,3.9402926478525213,3.78494989570573,3.937826816133728,1721449
2011-07-14,3.6986474990844727,3.8712510743843147,3.6986474990844727,3.83426486549042,1394187
2011-07-15,3.5753588676452637,3.7380990967198846,3.5359068316919213,3.7257707842590295,1390235
2011-07-18,3.420015573501587,3.5950853751511835,3.4150843331900242,3.5926191214313365,1479325
2011-07-19,3.6493313312530518,3.6690579808057073,3.4249466058558475,3.44960428423264,2212881
2011-07-20,3.5285098552703857,3.7060444548688083,3.5285098552703857,3.671523656423851,1052555
2011-07-21,3.5359065532684326,3.58768774235741,3.4742620391857297,3.572892332490794,996515
2011-07-22,3.6739895343780518,3.6739895343780518,3.5285094940832535,3.5408378063537986,1413945
2011-07-25,3.5827555656433105,3.772619498393182,3.5383725050013948,3.5383725050013948,12292
2011-07-26,3.807140827178955,3.807140827178955,3.600016069899505,3.637003116414869,1387721
2011-07-27,3.6838526725769043,3.7726200745452863,3.5901536074849187,3.7726200745452863,1247619
2011-07-28,3.4890573024749756,3.698646838020443,3.4890573024749756,3.6937155978082905,2498832
2011-07-29,3.3904271125793457,3.5137153097820746,3.3633033881889283,3.5137153097820746,7037
2011-08-01,3.4496045112609863,3.5137150705863713,3.3238511246587885,3.452070553805375,942270
2011-08-02,3.447139263153076,3.4865912971509294,3.3879607897802573,3.4496044609093897,1053992
2011-08-03,3.3164541721343994,3.46193401289095,3.1265902072941993,3.4150846907694414,1896755
2011-08-04,3.032890796661377,3.205494367123381,3.0156303973775667,3.205494367123381,1597513
2011-08-05,2.9194657802581787,3.0945353852512247,2.739464934544257,2.9589178179055757,2460753
2011-08-08,2.71234130859375,2.791245597948043,2.6137107885098483,2.6137107885098483,1445917
2011-08-09,2.7616565227508545,2.8183689578146547,2.571792565535771,2.7197384431407086,3238495
2011-08-10,2.773984909057617,2.773984909057617,2.635902353803665,2.7000120738879927,3060314
2011-08-11,3.079739809036255,3.079739809036255,2.7394647881768504,2.7715197518422237,1805510
2011-08-12,3.2523436546325684,3.264673024013323,2.9811095659746503,3.0772748879972984,1718575
2011-08-15,3.2991936206817627,3.3263164999207366,3.1833024973817485,3.1833024973817485,882278
2011-08-16,3.2400150299072266,3.2794670652052496,3.0896031157918844,3.2178233920446058,944067
2011-08-17,3.2597408294677734,3.2991937119904113,3.207960267480567,3.240015232958615,1072672
2011-08-18,3.2720696926116943,3.2720696926116943,2.9737119151385607,3.2030278935721594,1044652
2011-08-19,3.1660420894622803,3.257275531162437,3.1290552508229244,3.18823372803222,1889571
2011-08-22,3.151247978210449,3.240015384117414,3.0994665690552865,3.1709735756398802,845636
2011-08-23,3.1364521980285645,3.1709732038134435,3.0994662056137177,3.133987211398597,1009806
2011-08-24,3.0822062492370605,3.1512480594954972,3.04028816568548,3.1512480594954972,1059381
2011-08-25,3.032890796661377,3.198097294502376,2.9761783578546424,3.1241242452237814,787800
2011-08-26,2.934260368347168,3.042754219627208,2.9096026844738887,2.9835757360937265,1430110
2011-08-29,2.995903491973877,3.0008355769187145,2.9342598217439964,2.9490541758863578,2500269
2011-08-30,3.045220136642456,3.0822061329529036,2.958917929872397,2.96138397270223,1833171
2011-08-31,3.1685080528259277,3.18083636516638,3.0698775415297708,3.0698775415297708,3514027
2011-09-01,3.4446730613708496,3.4520703438019162,3.281932847887388,3.390426675523046,5296546
2011-09-02,3.5013859272003174,3.54823524766008,3.3041248969270858,3.4052214547662656,3778064
2011-09-05,3.48659086227417,3.5013852147870748,3.3534393665900994,3.5013852147870748,1944893
2011-09-06,3.6222078800201416,3.6222078800201416,3.3608371455793566,3.420015620324689,2186298
2011-09-08,3.5975501537323,3.7430308155966423,3.5359064855816773,3.6049480697120053,2384236
2011-09-09,3.550701379776001,3.609879644590788,3.3953580122611253,3.597550487440992,1504472
2011-09-12,3.587688446044922,3.587688446044922,3.4200161120246886,3.4520710797894885,1646728
2011-09-13,3.5137152671813965,3.6641263421987924,3.4791942598248737,3.5950855946139555,1438373
2011-09-14,3.452071189880371,3.5827564744632556,3.358371692953746,3.570428160161918,3029780
2011-09-15,3.4496045112609863,3.5630304305855414,3.3904268817764702,3.5137150705863713,1353593
2011-09-16,3.4027552604675293,3.5211122112594055,3.3780975799848907,3.429878983542867,3391169
2011-09-19,3.4101524353027344,3.4446732291208244,3.3509737505962773,3.3780974728110853,1151704
2011-09-20,3.328782320022583,3.424947002278298,3.328782320022583,3.4027553637150127,1612242
2011-09-21,3.230151891708374,3.378097771817611,3.2104254505388155,3.343576974943972,2021410
2011-09-22,3.0057671070098877,3.1561790284809415,2.9243967786568352,3.0698776706475512,2397168
2011-09-23,2.9835751056671143,3.045219619106969,2.882478348603846,2.9934382193699705,2787656
2011-09-26,3.0033018589019775,3.057548250792774,2.9589177369952124,3.0550822081236904,1780723
2011-09-27,3.079739809036255,3.1068635322442253,2.998369695352484,3.0698775393094766,1468548
2011-09-28,3.032890796661377,3.0822061628471067,2.9983699980937564,3.077274921891803,1334554
2011-09-29,2.995903491973877,3.0501509354786527,2.995903491973877,3.023027213726265,1745877
2011-09-30,2.894808292388916,2.976178415874814,2.8356298095747547,2.976178415874814,3428170
2011-10-03,2.766587734222412,2.9071363270252006,2.7641225363095403,2.8726155310997297,1979020
2011-10-04,2.759190320968628,2.8060404832594474,2.727135569218557,2.736998683473668,1666127
2011-10-05,2.823300361633301,2.862753245584998,2.729601926925509,2.8085060053245217,1059740
2011-10-06,2.8602864742279053,2.8948074749079784,2.7591899367691006,2.8849441508382485,1237920
2011-10-07,2.7616565227508545,2.907136357664796,2.732067811843545,2.8602870374248006,1456334
2011-10-10,2.8602864742279053,2.8602864742279053,2.783847613379444,2.78631365558487,1598232
2011-10-11,2.8726158142089844,2.897273497844728,2.7863144494540184,2.8380958596335497,2031468
2011-10-13,2.953986167907715,2.953986167907715,2.815902788145144,2.8430262978562912,2623845
2011-10-14,3.0180959701538086,3.0180959701538086,2.902205067736945,2.934259818458191,2520386
2011-10-17,2.9465885162353516,3.0131642800596072,2.9219308337518513,3.0082332504142135,1882027
2011-10-18,2.9465885162353516,3.0131642800596072,2.9219308337518513,3.0082332504142135,1882027
2011-10-19,3.0698771476745605,3.1290547710582683,2.9885059884314513,3.0082326372486916,3308545
2011-10-20,3.0748088359832764,3.0822061196887507,3.018096397970653,3.055082394121933,2067032
2011-10-21,3.0748088359832764,3.1117950433226027,3.0501513644237255,3.0748088359832764,1969680
2011-10-24,3.092069625854492,3.121658340019323,3.074809014621527,3.0871375399295107,1765635
2011-10-25,3.092069625854492,3.121658340019323,3.074809014621527,3.0871375399295107,1765635
2011-10-26,3.062479019165039,3.109329176516907,2.9885059868319894,3.0896027388982255,1555483
2011-10-27,3.106863498687744,3.106863498687744,3.0328904576770714,3.0945351864893635,2257067
2011-10-28,3.1931660175323486,3.249878455699441,3.1561791765281404,3.217823700347107,3799977
2011-10-31,3.3041248321533203,3.316453989484257,3.1783703840102198,3.203028065107996,2035779
2011-11-01,3.1561789512634277,3.205494102185147,3.082205908098801,3.1660420659229844,1193016
2011-11-03,3.242480993270874,3.2523432626963134,3.1931656335712653,3.1931656335712653,1834608
2011-11-04,3.203028440475464,3.26467317841422,3.1438508014202124,3.2400154944267747,1405682
2011-11-07,3.2671384811401367,3.31645384112967,3.16357588726128,3.2350828847016735,2850163
2011-11-08,3.2178235054016113,3.3287823321876377,3.1857676960510797,3.2474122161354346,4714228
2011-11-09,3.106863498687744,3.183302371088514,3.084671860928976,3.1685080163120105,2697488
2011-11-10,3.131521224975586,3.2005630265952143,3.097000218571757,3.111794784753377,1350720
2011-11-11,2.9219305515289307,3.1019322287178417,2.8479577224113486,3.1019322287178417,6660558
2011-11-14,2.8085057735443115,2.9465883217230107,2.79371141845648,2.929328768757283,3712324
2011-11-16,2.7246694564819336,2.8085056087087152,2.7123409335596698,2.8085056087087152,4344576
2011-11-17,2.736999034881592,2.791245642279459,2.7148073945374103,2.7419302758602426,3466249
2011-11-18,2.751793146133423,2.7838478966821785,2.7394646233556106,2.7616562600188943,1682652
2011-11-21,2.58905291557312,2.749327314150687,2.58905291557312,2.749327314150687,2371304
2011-11-22,2.4632985591888428,2.638368149176535,2.4632985591888428,2.6137104693693116,3218018
2011-11-23,2.4263129234313965,2.4608337224639296,2.372065470807582,2.458367679576967,2409023
2011-11-24,2.4657649993896484,2.5101491258640998,2.4435733585285337,2.4435733585285337,1868017
2011-11-25,2.458367347717285,2.5002854249998956,2.4411069505310325,2.46576463062739,1330602
2011-11-28,2.5397379398345947,2.5545322960332695,2.502750887803654,2.512614214312196,1649602
2011-11-29,2.5397379398345947,2.547135012339909,2.4978198581135214,2.547135012339909,858569
2011-11-30,2.687683582305908,2.700011894576677,2.5471347824415687,2.5471347824415687,7755504
2011-12-01,2.9071364402770996,2.9391914059743485,2.7912455241652223,2.860287118705784,9565325
2011-12-02,2.833163261413574,2.9737118426485463,2.781382705351254,2.9342598093922887,4278118
2011-12-05,2.7616565227508545,2.902205328222982,2.751793407927049,2.8602870374248006,2867765
2011-12-06,2.687683582305908,2.7690536955885996,2.687683582305908,2.7567251721298036,2093975
2011-12-07,2.650696277618408,2.709874958484787,2.640834008892705,2.687683322738907,1400294
2011-12-08,2.564394950866699,2.6926143710686214,2.5545318373173176,2.680286059898917,1100333
2011-12-09,2.601381540298462,2.628505053816058,2.5717926176040624,2.626039011075135,952688
2011-12-12,2.5841221809387207,2.601381735978958,2.5520663683399443,2.601381735978958,804684
2011-12-13,2.564394950866699,2.5841216003414793,2.5224768766728327,2.5841216003414793,1098896
2011-12-14,2.4534356594085693,2.537271820316303,2.4534356594085693,2.5298745368465663,2678449
2011-12-15,2.490422010421753,2.5224767583749412,2.4559010090238615,2.4780926438902235,2361245
2011-12-16,2.58905291557312,2.58905291557312,2.4879563600866574,2.4904224027318316,1241872
2011-12-19,2.5027506351470947,2.6186417532904303,2.487956280441933,2.6013813560190377,2800229
2011-12-20,2.561929225921631,2.561929225921631,2.475628080408728,2.512614074440509,2163307
2011-12-21,2.416449785232544,2.534806970572982,2.416449785232544,2.534806970572982,2184143
2011-12-22,2.2315165996551514,2.455901344273744,2.2265853592205826,2.455901344273744,6152960
2011-12-23,2.293160915374756,2.317818593688679,2.1994614421186345,2.256174081121858,3754714
2011-12-26,2.320284843444824,2.3400104387701575,2.290695077734646,2.29809236077117,1025254
2011-12-27,2.2832982540130615,2.340010693060032,2.270969729196479,2.3301473663554453,968135
2011-12-28,2.2832982540130615,2.290695326665401,2.2167224882615044,2.2832982540130615,2029672
2011-12-29,2.35233998298645,2.35233998298645,2.2389142537974043,2.2931614977659507,1625893
2012-01-02,2.293160915374756,2.3400102296267993,2.293160915374756,2.3400102296267993,974602
2012-01-03,2.278367280960083,2.3301476403677395,2.278367280960083,2.317819325289467,2625282
2012-01-04,2.256174087524414,2.285763850673914,2.233982451523319,2.285763850673914,2133850
2012-01-05,2.2364487648010254,2.258640403490133,2.231516679438012,2.258640403490133,788518
2012-01-06,2.2980921268463135,2.2980921268463135,2.2068586970985478,2.238913657389924,2165103
2012-01-09,2.2759008407592773,2.295627281858706,2.236448803312574,2.295627281858706,1526744
2012-01-10,2.2438454627990723,2.312886410037014,2.2438454627990723,2.2759004221176875,1846822
2012-01-11,2.280831813812256,2.285763898681447,2.2438456122416093,2.2660372487087916,1988719
2012-01-12,2.305490016937256,2.305490016937256,2.280832541358185,2.290695658302662,3556057
2012-01-13,2.332613229751587,2.332613229751587,2.2561743543645956,2.3030245190426437,2123791
2012-01-16,2.332613229751587,2.332613229751587,2.332613229751587,2.332613229751587,0
2012-01-17,2.3745315074920654,2.3769975503725864,2.3474079924390594,2.3671344347907612,2063081
2012-01-18,2.367133855819702,2.3819282087918503,2.3474074182928377,2.3745309267117762,4224951
2012-01-19,2.384394645690918,2.3917919289952563,2.3424765661743123,2.3671342475847843,1628407
2012-01-20,2.3991892337799072,2.4016552767045516,2.3671344771445293,2.3696005200691737,2631748
2012-01-23,2.404120683670044,2.41151881308649,2.3843950840044816,2.404120683670044,1379818
2012-01-24,2.367133855819702,2.4016546463187147,2.367133855819702,2.4016546463187147,1110751
2012-01-26,2.490422010421753,2.490422010421753,2.38192818884266,2.38192818884266,6099794
2012-01-27,2.549600839614868,2.584121845912262,2.492888406489522,2.492888406489522,3507202
2012-01-30,2.4657649993896484,2.5200113968630835,2.4435733585285337,2.507683082941229,3224484
2012-01-31,2.470695734024048,2.5052165264829442,2.458367211441318,2.485490932588179,2482307
2012-02-01,2.5397379398345947,2.5643954113537655,2.4953538152983397,2.5052169306188357,3109889
2012-02-02,2.58905291557312,2.61371059658045,2.561929191920616,2.569326475104012,2372381
2012-02-03,2.5101492404937744,2.687684064994526,2.3868601823795044,2.6087797689457695,17665334
2012-02-06,2.404120683670044,2.5200116175337857,2.389326325529817,2.5200116175337857,8052590
2012-02-07,2.4485044479370117,2.4559015203070973,2.394257842636103,2.4041203242121605,4028091
2012-02-08,2.4337096214294434,2.4780926806322245,2.4312435791361757,2.453435214331567,2391421
2012-02-09,2.4411067962646484,2.44850407870728,2.3917916503764403,2.4411067962646484,5516038
2012-02-10,2.4632985591888428,2.495353521819431,2.3548047257994558,2.413983199574396,3941156
2012-02-13,2.4632985591888428,2.4632985591888428,2.4632985591888428,2.4632985591888428,0
2012-02-14,2.438640832901001,2.480558908893122,2.431243761406646,2.4509702005396674,3035887
2012-02-15,2.515079975128174,2.5372716125320083,2.4411069353006285,2.4411069353006285,3737111
2012-02-16,2.4805591106414795,2.5274084306481654,2.4805591106414795,2.5076828346628948,2661924
2012-02-17,2.515079975128174,2.5274082871293753,2.4854910548603875,2.515079975128174,3256815
2012-02-23,2.7493271827697754,2.7591902969389897,2.571792394852053,2.601381314983652,7326219
2012-02-24,2.8849446773529053,2.9737120759249747,2.761656482988565,2.761656482988565,11656426
2012-02-27,2.897273063659668,2.9145334607368523,2.7616563519567223,2.8602868605308833,3326507
2012-02-28,2.8923418521881104,2.9022051776883497,2.8380954626290147,2.8972730925621812,1947407
2012-02-29,2.9219305515289307,2.929328679192784,2.8602868792443186,2.884944559346187,1822035
2012-03-01,2.902205467224121,2.93919146322372,2.8849448570647382,2.9096025397112135,1350001
2012-03-02,2.9515204429626465,2.9959037199552117,2.9120684065381077,2.93426004503439,2227251
2012-03-05,2.909602403640747,2.9613838093211955,2.8454926851837214,2.934260085134081,1456334
2012-03-06,2.8726158142089844,2.8824789299008926,2.7419303232464043,2.8578214574532033,1621223
2012-03-07,2.953986167907715,2.9589174079453633,2.8430262978562912,2.8430262978562912,3469841
2012-03-08,3.106863498687744,3.153712816783403,3.0205621454786904,3.0205621454786904,7458058
2012-03-09,3.0378217697143555,3.170973288910942,3.0304244865576595,3.1068635719489217,4411035
2012-03-12,2.9712460041046143,3.0501511319725076,2.961383734271753,3.0378217635682105,2614505
2012-03-13,2.9712460041046143,3.047685089341224,2.9712460041046143,3.0082330533773534,3143657
2012-03-14,2.934260368347168,3.0033021788556282,2.867684600770508,2.9860417790255274,3005352
2012-03-15,2.8726158142089844,2.958918023716167,2.8627533320812386,2.897273497844728,990408
2012-03-16,2.83562970161438,2.941657504637065,2.83562970161438,2.8726156975964297,1499802
2012-03-19,2.83562970161438,2.83562970161438,2.83562970161438,2.83562970161438,0
2012-03-20,2.8602864742279053,2.8750810379565124,2.7789163737205667,2.8257656847358263,1062614
2012-03-21,2.8553555011749268,2.8726150515039706,2.83809510609389,2.860286529741513,1682652
2012-03-22,2.8553555011749268,2.8726150515039706,2.83809510609389,2.860286529741513,1682652
2012-03-23,2.9441235065460205,2.956451819722033,2.754259331776986,2.8085059371566494,9433845
2012-03-26,3.0106985569000244,3.027959163934769,2.9539861293864704,2.9564513269971266,2555591
2012-03-27,2.934260368347168,3.0896035444419656,2.9293291272357904,3.013164449890327,2953622
2012-03-28,2.880014181137085,2.9564522253342265,2.8306988097867585,2.939191824242805,2514997
2012-03-29,2.8652184009552,2.880013812983666,2.781383082891022,2.8775477701868923,2943563
2012-03-30,2.949054479598999,2.983575487571772,2.843026680082524,2.8898760009948887,1961417
2012-04-02,3.0427536964416504,3.1068634100631796,2.9342598638165565,2.9885062521590537,2839745
2012-04-03,3.0575480461120605,3.0822057257078064,2.96384877917302,3.032890366516315,1850414
2012-04-04,3.045220136642456,3.099466532069306,2.988506642445536,2.988506642445536,930775
2012-04-05,2.963848352432251,3.0772740423798597,2.963848352432251,3.032889929834803,1160685
2012-04-09,2.8750815391540527,2.9663147684473268,2.8578211413991004,2.9663147684473268,1805151
2012-04-10,2.9071364402770996,2.92439683891224,2.8011086392693083,2.92439683891224,1210978
2012-04-11,2.857821226119995,2.9564517414910303,2.8356295871886523,2.9564517414910303,1247260
2012-04-12,2.995903491973877,3.0008355769187145,2.872615306762049,2.872615306762049,1051478
2012-04-13,3.025493621826172,3.0723427323873365,2.936726219116463,2.9934386560072075,773790
2012-04-16,3.0822062492370605,3.0822062492370605,3.0230277659178846,3.0748089652206705,2047634
2012-04-17,3.106863498687744,3.1438503359751193,3.062479378418104,3.0945351864893635,1586736
2012-04-18,3.08713698387146,3.0945351114263744,2.9737119104987024,3.0945351114263744,1843948
2012-04-19,3.0378217697143555,3.1586449764218543,3.0082330594636337,3.094535259459834,2039012
2012-04-20,2.9416568279266357,3.069877086032044,2.9145331087235715,3.0402873245883413,1462801
2012-04-23,2.83562970161438,2.9219308516779354,2.8011086925000392,2.9219308516779354,2120558
2012-04-24,2.8060407638549805,2.860287158524485,2.8035747210595767,2.83562968720307,1267377
2012-04-25,2.810971975326538,2.889876051681168,2.7148072890887645,2.8257663312519994,1748392
2012-04-26,2.71234130859375,2.810972039865699,2.69014987979007,2.810972039865699,1907532
2012-04-27,2.79864239692688,2.79864239692688,2.697546688650738,2.719738326473293,1474655
2012-04-30,2.8060407638549805,2.8454928024444626,2.761656639674691,2.796177648613588,1069439
2012-05-02,2.809709310531616,2.8492129277178595,2.76526715967069,2.799833300502982,1069439
2012-05-03,2.980069160461426,2.9998205454161138,2.88377896486688,2.8862471742947475,1938786
2012-05-04,3.0096962451934814,3.086235042574761,2.940565035310555,2.9899448636602637,2480151
2012-05-07,3.086235284805298,3.1035182472306007,2.940565266107833,2.940565266107833,1616553
2012-05-08,3.0368552207946777,3.059075868696784,2.970192431231949,3.0146345728925716,582677
2012-05-09,3.0738906860351562,3.081297427850318,2.955378799174533,3.007227895057629,1330962
2012-05-10,3.049201250076294,3.086235599359653,3.0294490191231858,3.083766332593356,521967
2012-05-11,2.9701926708221436,3.064014648507436,2.9282197921019444,3.064014648507436,1205230
2012-05-14,2.8146467208862305,2.9380960939501968,2.79489449131196,2.9380960939501968,1967524
2012-05-15,2.530712604522705,2.78995684122448,2.473926027492262,2.78995684122448,5181592
2012-05-16,2.530712604522705,2.530712604522705,2.530712604522705,2.530712604522705,0
2012-05-17,2.385043144226074,2.508492548183519,2.385043144226074,2.4492366904883043,989689
2012-05-18,2.2196199893951416,2.4344220466383404,2.192460809627796,2.419608140823512,4750511
2012-05-21,2.2196199893951416,2.2196199893951416,2.2196199893951416,2.2196199893951416,0
2012-05-22,2.234434127807617,2.3331935900215295,2.2294964401735085,2.2714693226330938,3267233
2012-05-23,2.2591238021850586,2.261593068663647,2.1233297942072458,2.2220894572167746,2076013
2012-05-24,2.148020029067993,2.2788763693850185,2.1134540995867446,2.276407102539597,1714624
2012-05-25,2.2665305137634277,2.2862829536130875,2.1282674526339513,2.1282674526339513,2400042
2012-05-28,2.3899803161621094,2.3949188495182985,2.266530727426012,2.266530727426012,2354060
2012-05-29,2.382572889328003,2.43689124740292,2.3233179020534234,2.3578829764787845,1137694
2012-05-30,2.3307254314422607,2.377635791095178,2.2813455935260016,2.3307254314422607,1081653
2012-05-31,2.3035659790039062,2.367759507106465,2.244310138071543,2.296159025320376,2052663
2012-06-01,2.222090005874634,2.283814281835686,2.1974000840260453,2.256655938755492,1008370
2012-06-04,2.2122130393981934,2.2788758271167198,2.2122130393981934,2.234433686685573,1269173
2012-06-05,2.197399616241455,2.2591238790625856,2.177647386917623,2.2467792379624822,1948126
2012-06-06,2.246778964996338,2.2764065652581333,2.2048060907419256,2.2048060907419256,1019506
2012-06-08,2.25665545463562,2.2788761046289396,2.2245587957287296,2.2344339587858104,780615
2012-06-11,2.328256368637085,2.328256368637085,2.266531037173236,2.2838142145687788,2349031
2012-06-12,2.4270153045654297,2.4270153045654297,2.3233181663175735,2.3257865869302186,892696
2012-06-13,2.4245457649230957,2.5233052049619897,2.3899798446042326,2.4245457649230957,934727
2012-06-14,2.444298267364502,2.466518916559247,2.4072630766715064,2.4072630766715064,562201
2012-06-15,2.481332778930664,2.481332778930664,2.3998562843734823,2.4714576155649337,862161
2012-06-18,2.481332778930664,2.481332778930664,2.481332778930664,2.481332778930664,0
2012-06-19,2.5233049392700195,2.5233049392700195,2.456642371842437,2.4936775544525647,829471
2012-06-20,2.4665188789367676,2.5307124049284955,2.4220775812251536,2.5257747179206627,999748
2012-06-21,2.375166416168213,2.4492361696706286,2.372698206802093,2.4418292154668007,354564
2012-06-22,2.375166416168213,2.4936783178218653,2.3578834525379024,2.4393610061006807,1266659
2012-06-25,2.3578829765319824,2.407262802231534,2.2961587230677707,2.367759195428802,1222832
2012-06-26,2.2714693546295166,2.407263379189315,2.2714693546295166,2.3850427272021286,1636311
2012-06-27,2.197399616241455,2.3455389043327823,2.197399616241455,2.2961590711476325,1045730
2012-06-28,2.197399616241455,2.2294962752012677,2.1554267368876654,2.2097440458774353,1518482
2012-06-29,2.3208487033843994,2.3331931315079117,2.2467789626818724,2.2615928685295583,1266659
2012-07-02,2.313441753387451,2.3430693536562104,2.2838135187264004,2.3331931344597954,653446
2012-07-03,2.382572889328003,2.3973874291369883,2.2591235365460007,2.2862827155834595,1223191
2012-07-04,2.394918441772461,2.4072628698840433,2.3406000821697823,2.3702285282288122,388332
2012-07-05,2.3578829765319824,2.4047943818996016,2.3307248548143655,2.372697727805393,703021
2012-07-06,2.3702285289764404,2.385042223350386,2.3085032164376074,2.3208487018735675,773071
2012-07-10,2.3208487033843994,2.3973874988829067,2.3085032179404026,2.365289997999264,433954
2012-07-11,2.2418408393859863,2.3208489081141326,2.1998688073287074,2.3134419545368976,670689
2012-07-12,2.276406764984131,2.2788760314633985,2.187523322008052,2.222089457827831,492869
2012-07-13,2.3233182430267334,2.3307251968221445,2.271469143530613,2.2739384100812456,515500
2012-07-16,2.3233182430267334,2.3233182430267334,2.3233182430267334,2.3233182430267334,0
2012-07-17,2.2615928649902344,2.2862827785191047,2.224558523357171,2.2591235987340217,1070876
2012-07-18,2.3085036277770996,2.315910582015925,2.256655582497725,2.261593270038096,445450
2012-07-19,2.4023261070251465,2.4196090742981715,2.2961596705722975,2.31097337063809,4419297
2012-07-20,2.4047951698303223,2.4196088686369843,2.3578837490921845,2.39244989216437,615367
2012-07-23,2.382572889328003,2.3924491082245996,2.291220190639485,2.3455385487144023,752236
2012-07-24,2.2813456058502197,2.3578835726165632,2.2541864199461723,2.3554151516606017,705176
2012-07-25,2.2714693546295166,2.3085037041201133,2.2097442405150534,2.2887525303771823,780615
2012-07-26,2.3801052570343018,2.39244990035001,2.2591242845281223,2.2986287502660114,933290
2012-07-27,2.4566428661346436,2.4862711027697637,2.352945518160503,2.382573120403289,1309408
2012-07-30,2.491208791732788,2.530712402397054,2.441828961206288,2.466518876469538,656679
2012-07-31,2.530712604522705,2.562810321638579,2.47639529411915,2.4912089907033224,799295
2012-08-01,2.5973753929138184,2.6344105858303584,2.471457597881906,2.5282441747092332,1438373
2012-08-02,2.582561731338501,2.5924377406237613,2.552934126410981,2.5924377406237613,1088838
2012-08-03,2.6270034313201904,2.6368794389229824,2.5455269501234152,2.5455269501234152,865394
2012-08-06,2.7529213428497314,2.7652666172943183,2.597375114130035,2.6195966081302915,2572475
2012-08-07,2.6739144325256348,2.826991424662334,2.666507689346648,2.7455149235878715,1935553
2012-08-08,2.6739144325256348,2.6739144325256348,2.6739144325256348,2.6739144325256348,0
2012-08-09,2.661569833755493,2.67144499728862,2.550464886719945,2.624534639946178,1402809
2012-08-10,2.661569833755493,2.67144499728862,2.550464886719945,2.624534639946178,1402809
2012-08-13,2.592437267303467,2.6541615210764045,2.5677473543302,2.6541615210764045,500772
2012-08-14,2.7553904056549072,2.762797146846294,2.6714444488099667,2.668976239959802,3525163
2012-08-15,2.7134180068969727,2.7282317033312338,2.696134832396685,2.7257632825858393,683263
2012-08-16,2.7035417556762695,2.7529215890868026,2.6541619222657364,2.718356297798976,2826812
2012-08-17,2.738107442855835,2.738107442855835,2.686259404708215,2.6986038333252873,1265940
2012-08-20,2.7158873081207275,2.7455149151379277,2.656631459693891,2.7134182527592334,693680
2012-08-21,2.671444892883301,2.7331702134864795,2.6615697297361147,2.706011030128256,865394
2012-08-22,2.6591007709503174,2.728231996121658,2.6442870729262684,2.671445202107468,1048604
2012-08-23,2.661569833755493,2.7109496692396484,2.631941382658255,2.67144499728862,723497
2012-08-24,2.740576982498169,2.7652668995148577,2.6615697555586686,2.6615697555586686,2026798
2012-08-27,2.8516812324523926,2.878840417522126,2.740577128614014,2.740577128614014,2451053
2012-08-28,2.888716220855713,2.9010608619444604,2.8516810288047334,2.8615572491896257,710564
2012-08-29,2.7529213428497314,2.898592197870178,2.6911970852678464,2.8887159783145084,1717857
2012-08-30,2.7035417556762695,2.75539085566069,2.668976675852567,2.75539085566069,790314
2012-08-31,2.789956569671631,2.8023009984274037,2.6813209021176365,2.7455144269241276,1892804
2012-09-03,2.789956569671631,2.8047702648139525,2.6813209021176365,2.789956569671631,1838919
2012-09-04,2.8442742824554443,2.854150503560757,2.7627977844421356,2.7899569695534687,1096382
2012-09-05,2.8664956092834473,2.928219872875469,2.6813211267943777,2.839336637253182,1165714
2012-09-06,3.0269792079925537,3.054138388503751,2.8516807538116535,2.8516807538116535,3019721
2012-09-10,3.086235284805298,3.0985807715219456,2.9924133075272663,3.0343861860652708,2947156
2012-09-11,3.1232709884643555,3.1825259932904766,3.061545870861975,3.098581279766049,1134101
2012-09-12,3.1701810359954834,3.197340218572385,3.061545363008469,3.157835760765875,3340158
2012-09-13,3.25412654876709,3.2565949692354574,3.1257386565094256,3.1701807981451653,3080791
2012-09-14,3.175118923187256,3.2714099614032213,3.1257390879426703,3.2072155834856915,1561590
2012-09-17,3.2491884231567383,3.259064643836673,3.101049130776168,3.1849948919143234,829112
2012-09-18,3.1627743244171143,3.197340249538312,3.1603050578831597,3.189932449936448,2321729
2012-09-19,3.192401885986328,3.209684849464649,3.133146041412676,3.209684849464649,825879
2012-09-20,3.2096846103668213,3.2565951754412796,3.1331458080164243,3.184994694589027,2645399
2012-09-21,3.2220301628112793,3.268940728845128,3.18005728398421,3.2220301628112793,1075906
2012-09-24,3.2096846103668213,3.2467200126938023,3.1627742567564785,3.1899323816948235,922872
2012-09-25,3.2393124103546143,3.2541269528222436,3.1825256217567626,3.2467202102487507,890182
2012-09-26,3.1479604244232178,3.2442508233425027,2.9948826046189883,3.2442508233425027,2735208
2012-09-27,3.105988025665283,3.1504293321861256,3.017103720910369,3.1479609111211384,1010884
2012-09-28,3.0220417976379395,3.152898122198698,2.970192698195013,3.152898122198698,1846103
2012-10-01,3.0121657848358154,3.0812976353840176,2.9751303815527157,2.997351877279521,1006214
2012-10-02,2.9652552604675293,3.0195725698349096,2.888716243595093,2.9924133864909086,2215037
2012-10-03,2.915875196456909,2.9627857596975664,2.891185281644279,2.9627857596975664,1276358
2012-10-04,3.086235284805298,3.1109252009179995,2.9282197793911853,2.9430336867659825,2164385
2012-10-05,3.1726505756378174,3.2072156575434687,3.0640148932983977,3.086235544768187,1578115
2012-10-08,3.091172933578491,3.1627742603689906,3.0738908172243478,3.150428773805703,1260193
2012-10-09,3.0220417976379395,3.145491168410886,3.0195725310898403,3.066483097436568,1278154
2012-10-10,3.2096846103668213,3.2096846103668213,3.039324677867507,3.0417930984921737,1804791
2012-10-11,3.1800575256347656,3.2096849199115316,3.1158631463220163,3.184995001752621,1012321
2012-10-15,3.2096846103668213,3.239312213250412,3.1825254281078967,3.197340181138214,915687
2012-10-16,3.1775879859924316,3.2121539107388664,3.1430218497818787,3.199808635523542,821209
2012-10-17,3.1208012104034424,3.1627743004156192,3.0936422392337297,3.1627743004156192,1430110
2012-10-18,3.086235284805298,3.1208012096559035,3.0664830558653704,3.0985807715219456,492150
2012-10-19,3.0121657848358154,3.0862353226172874,2.970192694319446,3.0640146727469673,1101411
2012-10-22,3.0640151500701904,3.1133949905931537,2.9578487255563886,3.0121662540818326,1094945
2012-10-23,3.0022895336151123,3.0294487162956822,2.9652551880337534,3.026979449776217,1046089
2012-10-24,2.992413282394409,3.0220417312875143,2.97019263298296,3.0121657226325573,1077342
2012-10-25,2.9306893348693848,2.9899453931394095,2.859089057450295,2.980069171963599,1187987
2012-10-26,2.817115545272827,2.9331579461961512,2.807239326303916,2.9331579461961512,902755
2012-10-29,2.817115545272827,2.8813090653939204,2.809708592510236,2.8813090653939204,657398
2012-10-30,2.789956569671631,2.8615570477813366,2.7455144269241276,2.829460179646037,1120810
2012-10-31,2.792426109313965,2.8319297231540386,2.7158870909413566,2.7529216496173774,1292524
2012-11-01,2.839336633682251,2.8664956056783595,2.7430462327930716,2.7850191126182846,1777130
2012-11-05,2.888716220855713,2.9158754039859223,2.839336599180108,2.8739025246707417,1260911
2012-11-06,2.9059994220733643,2.9134061645026263,2.8269911385087827,2.9134061645026263,1920824
2012-11-07,2.817115545272827,2.9059989784239217,2.809708592510236,2.9059989784239217,1852570
2012-11-08,2.8146467208862305,2.8640263432333417,2.772673841000267,2.8171159874801557,1458490
2012-11-09,2.7627973556518555,2.8023009651572575,2.743045973827365,2.789956536548043,903832
2012-11-12,2.678852081298828,2.765267114780514,2.6418177315511264,2.7430464626390645,1559075
2012-11-13,2.641817569732666,2.6862597171499356,2.545527378137275,2.617127652306284,2739878
2012-11-14,2.6368796825408936,2.6862595136528986,2.6171274540463316,2.639348103143386,1459927
2012-11-16,2.612190008163452,2.671445007405127,2.604782419566792,2.6566313104607415,888026
2012-11-19,2.592437267303467,2.6492240459955716,2.575154307075771,2.624534133022305,720264
2012-11-21,2.594907283782959,2.681321475514542,2.570217363670969,2.592438016868361,1485792
2012-11-22,2.580092430114746,2.654161970101368,2.5776240093528657,2.6393482735681713,680748
2012-11-23,2.641817569732666,2.6788519172119143,2.5628103414821557,2.5825617256165234,1029564
2012-11-26,2.671444892883301,2.678851846770032,2.5924376667103286,2.6368798129589677,851743
2012-11-27,2.6344106197357178,2.686259721314879,2.6195969230138765,2.6837904546650435,1193016
2012-11-28,2.592437267303467,2.61959644647738,2.5800919936206954,2.609720227531163,877249
2012-11-29,2.728231430053711,2.7776110476141085,2.599844382103857,2.6146580770542815,1579192
2012-11-30,2.777611017227173,2.799832722462283,2.7109492849474854,2.777611017227173,1438013
2012-12-03,2.8319296836853027,2.864026343050014,2.777611316689693,2.814646720706064,2126665
2012-12-04,2.809709310531616,2.883779068550152,2.782550124354763,2.8368676508518837,1333117
2012-12-05,2.7158873081207275,2.826991415961628,2.6961350766929213,2.8171162518363793,1292883
2012-12-06,2.747983694076538,2.802300999208404,2.6986038643986063,2.7652666556102248,1582066
2012-12-07,2.8146467208862305,2.826991150678726,2.7158870532637573,2.730700961114303,1083809
2012-12-10,2.829460382461548,2.8615572528975486,2.772673806887814,2.8220534286274033,903832
2012-12-11,2.8023014068603516,2.8516812437215884,2.7282318630326348,2.804770673606794,1521715
2012-12-12,2.792426109313965,2.7998330633419948,2.740577008189499,2.765266925437641,1238998
2012-12-13,2.789956569671631,2.8393363993358003,2.7627973884529977,2.7825496163684162,1596076
2012-12-14,2.9504404067993164,2.9701926355906894,2.7702044646067807,2.7850190062625155,2997089
2012-12-17,2.992413282394409,3.0319179514065886,2.908468371879917,2.962785890821889,2019973
2012-12-18,2.994882822036743,3.0467319250701976,2.980069124899399,2.980069124899399,1512375
2012-12-19,2.9677233695983887,3.009696244837081,2.9627856828137458,2.9973516049472693,725293
2012-12-20,3.044262409210205,3.096111508000355,2.9405652689504995,2.9405652689504995,2958292
2012-12-21,2.9652552604675293,3.0368555327162743,2.9380960771235283,2.9380960771235283,1281747
2012-12-26,3.0664830207824707,3.081297562380134,2.9455029195818114,2.947972186068186,853540
2012-12-27,3.0121657848358154,3.0664830934353593,2.982538181187348,3.0566079304329414,1264863
2012-12-28,2.9998202323913574,3.0368554234007408,2.975130316515885,2.975130316515885,2322448
2013-01-02,3.1726505756378174,3.180057529949126,3.0442626626946807,3.046731929417299,2651865
2013-01-03,3.3035073280334473,3.3775768805318633,3.152898744536953,3.157836432751296,3455113
2013-01-04,3.283754348754883,3.3380716558041854,3.236843783808214,3.3207895395168596,1993389
2013-01-07,3.2072155475616455,3.2640023363104365,3.150428970276984,3.2343747315453286,2594388
2013-01-08,3.1849944591522217,3.246719772694223,3.1430215842862217,3.2096843731049223,3137191
2013-01-09,3.135615110397339,3.2319052966657003,3.1306774232350105,3.184994731054161,2295864
2013-01-10,3.1726505756378174,3.2072156575434687,3.1331461144303834,3.14796065744541,3789560
2013-01-11,3.1133944988250732,3.192401723668465,3.103518278523468,3.192401723668465,3256456
2013-01-14,3.1998085975646973,3.236843788378972,3.1183321082154016,3.172650261197868,2131335
2013-01-15,3.1973397731781006,3.2442503322670717,3.1183317144274967,3.1726498605505813,800014
2013-01-16,3.135615110397339,3.20227790490702,3.1035182406651396,3.1973402177446917,1200200
2013-01-17,3.0615453720092773,3.172650311832976,3.0615453720092773,3.123270479554078,3046304
2013-01-18,3.0171031951904297,3.0763590355949884,2.9726618964133316,3.056607864161897,4624420
2013-01-21,2.9998202323913574,3.0319179477395264,2.930689017746739,3.0195724611414985,1502676
2013-01-22,2.9306893348693848,3.0022898237526143,2.920813325157714,2.9874761263813174,1711750
2013-01-23,2.9035301208496094,3.00228957540456,2.8813094708986764,2.9874758792586458,4723209
2013-01-24,2.839336633682251,2.960316739977188,2.802301229717114,2.910936906237423,6146853
2013-01-28,2.9010608196258545,2.923282315167712,2.836867291237566,2.8541502537307712,1404964
2013-01-29,2.9677233695983887,3.002289291731912,2.8936536270825965,2.943033455426458,3095879
2013-01-30,2.9134063720703125,2.985006860986236,2.9134063720703125,2.967723896848955,2633185
2013-01-31,2.9627861976623535,2.975130628233177,2.8171161651020573,2.920813315129959,2809928
2013-02-01,3.101048707962036,3.1726500293442688,2.9578479683744723,2.96278565511295,3365304
2013-02-04,3.1084563732147217,3.1701814894062004,3.0516697907496497,3.0516697907496497,2412615
2013-02-05,2.9232823848724365,3.1430219465468325,2.901060888800715,3.093642324414102,5690626
2013-02-06,2.8343989849090576,2.9356268630351257,2.8097090677033645,2.925750642395895,2534396
2013-02-07,2.819584369659424,2.9158754037635575,2.812177415835442,2.8319296451395983,3636167
2013-02-08,2.789956569671631,2.8788400093102062,2.7578597015363315,2.864026102703777,1323059
2013-02-13,2.747983694076538,2.831929446821843,2.725763045624809,2.7924258368364274,1220677
2013-02-14,2.780080556869507,2.7973637311486614,2.725763247710601,2.725763247710601,887667
2013-02-15,2.693666696548462,2.7899568890488573,2.693666696548462,2.743046320401201,1545784
2013-02-18,2.629472017288208,2.745514647466936,2.6146583209559258,2.6911973379869853,1464597
2013-02-19,2.7158873081207275,2.752921869758264,2.6245347973151967,2.639348495091724,1138771
2013-02-20,2.6245343685150146,2.7529214199820218,2.567747584727578,2.7529214199820218,2845852
2013-02-21,2.6541616916656494,2.681320872585147,2.5949067002848993,2.6615694907437044,2235154
2013-02-22,2.66403865814209,2.708480812859996,2.6195973492808426,2.6665079251937303,1289291
2013-02-25,2.6245343685150146,2.703541589604763,2.617127415104837,2.67638325385037,2004166
2013-02-26,2.5998449325561523,2.6344108624845983,2.594907244658017,2.61219020962224,986097
2013-02-27,2.5381202697753906,2.6270037133506037,2.518368040985148,2.5924375772978254,2529007
2013-02-28,2.503554582595825,2.5702173886936173,2.444298731457326,2.5702173886936173,18666160
2013-03-01,2.4566428661346436,2.473925827951704,2.4393607501740284,2.468988140952703,2622767
2013-03-04,2.338132381439209,2.4640510427084643,2.3233186825103203,2.459112508673016,4617953
2013-03-05,2.394918441772461,2.4714572371970003,2.338131661768479,2.387511488855776,3235621
2013-03-06,2.4072632789611816,2.4393609967324124,2.3751664070464815,2.4319531967004995,1649962
2013-03-07,2.345539093017578,2.436891812905306,2.3085036864891286,2.4097326275653175,4125803
2013-03-08,2.3233182430267334,2.365290276320323,2.315910443374835,2.3554149018307666,1684448
2013-03-11,2.3801052570343018,2.4072635992073566,2.328256359444865,2.338132370147257,1400653
2013-03-12,2.4319534301757812,2.4541749292276607,2.3949190786717205,2.3949190786717205,2191686
2013-03-13,2.325786590576172,2.431952995459562,2.3183796370137055,2.4245460418970954,2895785
2013-03-14,2.3603525161743164,2.389980118976768,2.3282558583616124,2.3356626004641385,1614038
2013-03-15,2.3183796405792236,2.3776354806342015,2.2640623334777925,2.3776354806342015,1792218
2013-03-18,2.2739386558532715,2.340600612824568,2.26406264590393,2.3208492273183188,1572367
2013-03-19,2.2591238021850586,2.3406002915573927,2.246779161505041,2.3208489087621875,890182
2013-03-20,2.2517170906066895,2.2764070090125945,2.246779402975302,2.2764070090125945,852103
2013-03-21,2.286283493041992,2.286283493041992,2.2171514175058538,2.2615935717968814,1917950
2013-03-22,2.2591238021850586,2.310972688704296,2.2344338864326763,2.296158993009805,1719294
2013-03-25,2.2739386558532715,2.276407076814209,2.2492487367119898,2.261593379086414,1145238
2013-03-26,2.197399616241455,2.281345374949035,2.192461083116221,2.2764068418238,2781549
2013-03-27,2.197399616241455,2.2467792379624822,2.16530274581752,2.2097440458774353,3091927
2013-03-28,2.2615928649902344,2.264062131246447,2.1850538581474113,2.197399343572088,1174336
2013-04-01,2.2418408393859863,2.2615930680321386,2.2245587230741957,2.2615930680321386,584114
2013-04-02,2.3085036277770996,2.315910582015925,2.2245589217722377,2.261593270038096,1779645
2013-04-03,2.3085036277770996,2.34553903336363,2.273938546209696,2.310972894475554,2041886
2013-04-04,2.3010973930358887,2.3085041374458317,2.2739390482471897,2.3085041374458317,884434
2013-04-05,2.2591238021850586,2.3159103758050104,2.170240359233422,2.3159103758050104,2698566
2013-04-08,2.234434127807617,2.2887524981373053,2.2270271734281772,2.2541863585930213,1132664
2013-04-09,2.2517170906066895,2.259124044982047,2.2245589627775058,2.25665562409463,1445917
2013-04-10,2.2196199893951416,2.27887582411855,2.2196199893951416,2.2566551768604044,2678808
2013-04-11,2.1282670497894287,2.2344334333882925,2.1233293636898587,2.231965013266653,2765024
2013-04-12,2.1751790046691895,2.197399655092014,2.0813570239088373,2.1233299040047173,3514386
2013-04-15,2.0961711406707764,2.2146830622229485,2.0961711406707764,2.1974000956907744,2277903
2013-04-16,2.1282670497894287,2.1850536118955746,2.115922623076431,2.115922623076431,1502676
2013-04-17,2.01222562789917,2.1430819989652328,1.990005181567009,2.138144521434902,3378237
2013-04-18,2.0221011638641357,2.0690117309244136,1.9998805136268263,2.027039697035454,3555339
2013-04-19,2.0146944522857666,2.049260593752396,2.00728770895855,2.0295083618685004,1111470
2013-04-22,1.9628452062606812,2.046790960836108,1.9579075192349913,2.046790960836108,1717138
2013-04-23,1.9455623626708984,1.9974112515555544,1.9356869880189411,1.9751906012680238,2045478
2013-04-24,1.95050048828125,1.9751904026776375,1.9356867934003426,1.9751904026776375,1593203
2013-04-25,1.9850670099258423,1.9924737530809642,1.9381555924566642,1.9381555924566642,987534
2013-04-26,1.9850670099258423,1.9850670099258423,1.9850670099258423,1.9850670099258423,0
2013-04-29,1.7801398038864136,1.8986516946596501,1.757919260511167,1.8986516946596501,7417824
2013-04-30,1.7677955627441406,1.8221128752544382,1.7208849930811416,1.7826092599028744,4916477
2013-05-02,1.8147060871124268,1.8443343265469256,1.7455748677047604,1.7653262519592783,3821891
2013-05-03,1.933217167854309,1.9554378117789968,1.8245815224025224,1.8245815224025224,2648632
2013-05-06,1.967783808708191,1.994941934166033,1.9381553594013854,1.9381553594013854,2171929
2013-05-07,2.049260139465332,2.0714807874493326,1.9480312158530269,1.9949417781562888,2512842
2013-05-08,1.9998805522918701,2.0739503041928162,1.9900045430789182,2.0739503041928162,1267018
2013-05-09,1.9998805522918701,2.0369148995820208,1.9850668556686355,2.002349818925269,1336709
2013-05-10,1.9751906394958496,2.024570474209088,1.9653146302603761,2.024570474209088,3062470
2013-05-13,1.8887757062911987,2.0048183448343417,1.8887757062911987,2.0048183448343417,2130617
2013-05-14,1.9900046586990356,2.0295082749177626,1.8986519382338238,1.915934902494605,2539784
2013-05-15,2.0270397663116455,2.059136426667904,1.9751906643080523,1.9751906643080523,1324495
2013-05-16,1.9134650230407715,2.054197324450048,1.9134650230407713,2.0369143657231388,2121636
2013-05-17,2.041853427886963,2.051729648540044,1.9258110071751884,1.9258110071751884,2958651
2013-05-20,2.197399616241455,2.197399616241455,1.925810956651376,1.925810956651376,3767287
2013-05-21,2.2615928649902344,2.303565739135723,2.1825856492116817,2.204806085020243,5771454
2013-05-22,2.1653029918670654,2.315910717778503,2.148020027141938,2.2862833220146626,5824980
2013-05-23,2.1233303546905518,2.1776478876339174,2.0764199887458323,2.135674998629114,4021984
2013-05-24,2.1529574394226074,2.172709668462926,2.128267523184419,2.1307367897115936,3871824
2013-05-27,2.1751790046691895,2.2097440849462466,2.1504890876400906,2.182585958631506,1313718
2013-05-28,2.199869394302368,2.2690004155645993,2.1825864275226388,2.199869394302368,2399683
2013-05-29,2.1603641510009766,2.23196547802793,2.120860539337868,2.2072755621403997,3190716
2013-05-31,2.01222562789917,2.1480205338165472,2.0097574177944963,2.138144521434902,4079461
2013-06-03,2.0171635150909424,2.066543349680372,1.9776599011763532,2.0295081565421063,1562308
2013-06-04,1.9850670099258423,2.0369150578682778,1.9850670099258423,2.0319775815384387,1056507
2013-06-05,2.039384603500366,2.071481481726577,1.9801287469811397,1.9900049697758808,2257067
2013-06-06,2.101109027862549,2.133205895405841,2.019631697173557,2.0369146583836533,2874590
2013-06-07,1.994942307472229,2.10851653557485,1.9603772218177387,2.10851653557485,2243416
2013-06-10,2.0048179626464844,2.0369146180907576,1.9307482209816007,2.0097564952308025,2635700
2013-06-11,1.9727216958999634,2.017163850469286,1.9307488083740254,1.9727216958999634,5761755
2013-06-12,1.95050048828125,2.0171632782979065,1.9307482607143944,2.012224745611958,2221862
2013-06-13,1.920872449874878,1.9776598720627137,1.8813688365418317,1.9628453298044126,2964758
2013-06-14,1.8369277715682983,1.9430941953843288,1.8369277715682983,1.901121310069258,1535725
2013-06-17,1.794954538345337,1.8640855399528236,1.794954538345337,1.84680257808684,1310485
2013-06-18,1.757919430732727,1.8048307400743022,1.743105627982733,1.7776717668811002,2493443
2013-06-19,1.7282918691635132,1.831989013365743,1.7060702671105636,1.760388634482888,2870280
2013-06-20,1.6616289615631104,1.728291754385597,1.6048422829397362,1.7258224879386916,4099579
2013-06-21,1.5406489372253418,1.6937259233623616,1.5060830092693964,1.6887882357459947,5025325
2013-06-24,1.4789235591888428,1.5283032812698518,1.4270745708138508,1.506082739389355,3959477
2013-06-25,1.4171994924545288,1.5332411728791233,1.4097916925827212,1.5060829406380707,4107482
2013-06-26,1.3801641464233398,1.476454439590512,1.3801641464233398,1.4369508271720357,4278118
2013-06-27,1.3900402784347534,1.4320131579192399,1.3776948971717786,1.3949779657188714,5319178
2013-06-28,1.3283151388168335,1.461640728038471,1.3283151388168335,1.4196677437935212,6665228
2013-07-01,1.2888113260269165,1.461640500322401,1.271528260572508,1.4196675226166253,2918058
2013-07-02,1.1851142644882202,1.286342127631951,1.1851142644882202,1.286342127631951,3630060
2013-07-03,1.2344942092895508,1.2641217091317574,1.1554860275506986,1.1851144789815131,8203828
2013-07-04,1.2888113260269165,1.3357217786691598,1.2468384540531838,1.2517768805780372,3062111
2013-07-05,1.2320250272750854,1.3085639475699362,1.1875828757341935,1.2665910629041655,2802025
2013-07-08,1.20486581325531,1.2493079598845414,1.160424512482584,1.2344941577162782,5831087
2013-07-10,1.153017520904541,1.2493078045523869,1.148078988314126,1.2221486243384034,7270538
2013-07-11,1.24190092086792,1.2567147220214825,1.172768967717496,1.177707394851611,7519487
2013-07-12,1.3060946464538574,1.3332538323342336,1.2270874129438352,1.2394318438184702,3996838
2013-07-15,1.3727574348449707,1.424606433525259,1.271528598537087,1.271528598537087,6734560
2013-07-16,1.4221371412277222,1.4270748288521022,1.382633525591301,1.382633525591301,5363005
2013-07-17,1.5233659744262695,1.5233659744262695,1.414730291393858,1.4171995581322279,5306246
2013-07-18,1.4344817399978638,1.5184275084098942,1.4246064700508205,1.5110206594543354,6747134
2013-07-19,1.427074909210205,1.5036138296410835,1.4023849894490572,1.4369510251395692,5891438
2013-07-22,1.4813930988311768,1.4813930988311768,1.4320132619064934,1.4320132619064934,2391780
2013-07-23,1.451764464378357,1.5381794853301276,1.4320130818980543,1.5036135615350643,5065918
2013-07-24,1.3900402784347534,1.471516876565482,1.3776948971717786,1.4567030745886953,2817113
2013-07-25,1.3851019144058228,1.4122609931562702,1.365350529973194,1.3949780295504035,1411789
2013-07-26,1.3851019144058228,1.3851019144058228,1.3851019144058228,1.3851019144058228,0
2013-07-29,1.3801641464233398,1.4320131399498772,1.3702880318546,1.3826334129626607,1963573
2013-07-30,1.3135013580322266,1.394977955570201,1.3135013580322266,1.394977955570201,2893989
2013-07-31,1.2616522312164307,1.3135012195499438,1.2616522312164307,1.3135012195499438,3029420
2013-08-01,1.2517772912979126,1.2962185981253607,1.2147420935731374,1.2641218285457834,4061141
2013-08-02,1.2517772912979126,1.3135015635184293,1.2443704420706971,1.2517772912979126,2675216
2013-08-05,1.2591841220855713,1.2888116218048609,1.249308006893629,1.2591841220855713,1518123
2013-08-06,1.2221487760543823,1.2814047248402716,1.2221487760543823,1.2641216560731705,1207385
2013-08-07,1.575214147567749,1.711008911791883,1.2986877772891139,1.2986877772891139,35320970
2013-08-08,1.5431172847747803,1.6418768476727523,1.454233836764701,1.6073108156273503,12692098
2013-08-09,1.501144289970398,1.6171868071746365,1.4863304888306101,1.5702762430565393,3868591
2013-08-12,1.4320130348205566,1.520896473433051,1.427074607836523,1.5060827784617408,7195098
2013-08-13,1.3925095796585083,1.469047646553321,1.3851018854953068,1.43201319355576,4382296
2013-08-14,1.5110204219818115,1.5455864517998579,1.3949779034046834,1.4073232841161853,5914788
2013-08-15,1.4591716527938843,1.5628696523405317,1.4468271160550326,1.513489919404027,3607428
2013-08-16,1.4171994924545288,1.4887998717156086,1.3974472626401948,1.4739861751491463,3031216
2013-08-19,1.4344817399978638,1.476454624203879,1.4147303542471878,1.427074891042305,2056974
2013-08-20,1.3826334476470947,1.4443577114342896,1.3678197512166437,1.4443577114342896,3345906
2013-08-21,1.3554743528366089,1.407323347014985,1.3332537027369364,1.3925095450378493,4702733
2013-08-22,1.3826334476470947,1.3974472498096089,1.3628812180141148,1.3702880662293404,2250242
2013-08-23,1.4616408348083496,1.4616408348083496,1.3455981995249964,1.3826334993054794,4687286
2013-08-26,1.4443577527999878,1.5085512850269185,1.4443577527999878,1.4591715553867621,3026187
2013-08-27,1.3678196668624878,1.4468268888089812,1.3604118675155374,1.4468268888089812,3254660
2013-08-28,1.3776947259902954,1.4097914867940229,1.3604117653227088,1.3678195641131923,1799403
2013-08-29,1.3875713348388672,1.4073235673166737,1.3702882635858846,1.3949781841208684,1241512
2013-08-30,1.4171994924545288,1.4246063407377598,1.3702880788105658,1.394977996016259,1787548
2013-09-02,1.4468270540237427,1.466579284694121,1.4270748233533643,1.4270748233533643,926464
2013-09-03,1.4690475463867188,1.4937373562550655,1.446826897249704,1.4567030115147457,3813269
2013-09-04,1.451764464378357,1.4838612274662561,1.4344815024808253,1.4838612274662561,2272514
2013-09-05,1.4789235591888428,1.498675786363806,1.4443575316948314,1.4665790251637776,2268922
2013-09-06,1.5431172847747803,1.548055818013014,1.464109951652594,1.496206717078879,3225562
2013-09-09,1.5924968719482422,1.6542220822892355,1.550523995361144,1.550523995361144,4838882
2013-09-10,1.6394084692001343,1.6591598536289138,1.6048424362630709,1.6073108570893522,3928583
2013-09-11,1.6147183179855347,1.6616288801102457,1.5850899768405753,1.6492835000693973,1535366
2013-09-12,1.6542222499847412,1.6789120617207076,1.6122493691426747,1.6122493691426747,2077809
2013-09-13,1.7282918691635132,1.7505124138958277,1.629532306594496,1.6542222236697661,3732801
2013-09-16,1.7801398038864136,1.7875476032666757,1.7356986114038635,1.7381678778639509,2813521
2013-09-17,1.8739616870880127,1.8764309534268686,1.790015935987471,1.790015935987471,4234291
2013-09-18,1.8789005279541016,1.938155528562372,1.8122377271141918,1.888775691752375,4839601
2013-09-19,1.8221126794815063,1.8986516925590884,1.814705937430009,1.8887754725861214,2748499
2013-09-20,1.8221126794815063,1.8887754725861214,1.7850783348316779,1.812237516829109,2923087
2013-09-23,1.8739616870880127,1.8887753819442155,1.7850782491661739,1.812237429860242,1348923
2013-09-24,1.8764311075210571,1.893714070135408,1.7850783957583964,1.8122375786828007,1555124
2013-09-25,1.8789005279541016,1.888775691752375,1.854210609549103,1.888775691752375,1537881
2013-09-26,1.8640857934951782,1.8863072912530296,1.861617584045313,1.8863072912530296,1054351
2013-09-27,1.8640857934951782,1.8764312814914585,1.8517413628196013,1.8764312814914585,6894420
2013-09-30,1.8640857934951782,1.8764312814914585,1.8369276653734559,1.8764312814914585,961310
2013-10-01,1.8887757062911987,1.8961826607232992,1.8542106238218625,1.8789005424169112,829112
2013-10-02,1.8591482639312744,1.8937141913729225,1.8542105763883743,1.8887756579734838,2055896
2013-10-03,1.8640857934951782,1.8863072912530296,1.856679050504176,1.8640857934951784,1266300
2013-10-04,1.8591482639312744,1.891244924673203,1.797422940362329,1.8714926942526597,4382296
2013-10-07,1.8887757062911987,1.8887757062911987,1.846802823533202,1.8591483114910763,1887056
2013-10-08,1.9628452062606812,1.9628452062606812,1.8912447265700412,1.8937139930111109,3878650
2013-10-09,2.0344462394714355,2.036914659957932,1.9751904026287515,1.9751904026287515,3243165
2013-10-10,2.1233303546905518,2.150489544090578,2.044322265085033,2.061605231820197,3733160
2013-10-11,2.091233491897583,2.15789629690964,2.0467913399373425,2.15789629690964,1606853
2013-10-14,2.199869394302368,2.214683093945344,2.029508570713481,2.06901219268976,5246972
2013-10-15,2.293689489364624,2.313441715973919,2.2072753218267667,2.2097437421936585,4830261
2013-10-16,2.328256368637085,2.3480086015840134,2.264062827478497,2.2986287593412578,2927757
2013-10-17,2.382572889328003,2.404794381845345,2.306034941912561,2.3208486358651834,2195638
2013-10-18,2.3233182430267334,2.4270153846983655,2.310972756130057,2.389980192793067,3001759
2013-10-21,2.3208487033843994,2.3677592642593406,2.2862827820970675,2.3233179696444766,2076372
2013-10-22,2.3208487033843994,2.357883045075421,2.3035657427407337,2.3233179696444766,2266407
2013-10-23,2.246778964996338,2.333193133911395,2.231965270597489,2.333193133911395,3244602
2013-10-24,2.1727094650268555,2.273938175564375,2.1727094650268555,2.2220892928796796,2342924
2013-10-25,2.222090005874634,2.2714696381076434,2.1751794292657336,2.1825863846738933,1820957
2013-10-28,2.3208487033843994,2.3208487033843994,2.2270267357781295,2.2270267357781295,2227251
2013-10-29,2.296159029006958,2.345538861285856,2.2936897624896586,2.3183796786291073,1302941
2013-10-30,2.222090005874634,2.3504770919732922,2.199869351114322,2.3183802147165435,2397887
2013-10-31,2.345539093017578,2.3702290115963116,2.2615933275570566,2.2615933275570566,5512087
2013-11-01,2.333193302154541,2.4146708475964576,2.264062300380116,2.3578832175278377,3517260
2013-11-04,2.397387742996216,2.4196083925662593,2.2961590236226144,2.3702287718672723,2190609
2013-11-05,2.3109726905822754,2.4023254000867373,2.30850342410168,2.3973877129820105,1685166
2013-11-06,2.333193302154541,2.3406002556201186,2.236903118566144,2.32331813956885,1528900
2013-11-07,2.441828727722168,2.4541742128336144,2.3109724219497565,2.3381316010457547,4681538
2013-11-08,2.473926067352295,2.515898948474835,2.4047948477865932,2.4171392779427716,4662139
2013-11-11,2.325786590576172,2.5405886668159274,2.325786590576172,2.4788644062355663,2714372
2013-11-12,2.1751790046691895,2.35294568830067,2.1751790046691895,2.3208490287733805,3513668
2013-11-13,2.086294651031494,2.1825858956180975,2.0838262303529915,2.177647362548129,4663576
2013-11-14,2.1924610137939453,2.2369031583051595,2.103577570627982,2.103577570627982,2763228
2013-11-18,2.2517170906066895,2.3085036703297193,2.227027172200784,2.239372660064083,1311204
2013-11-19,2.177647352218628,2.268999851837819,2.152957436019466,2.2467792021619286,3198620
2013-11-21,2.22702693939209,2.2961589997514986,2.1208605339556614,2.1504889827522122,4199446
2013-11-22,2.1924610137939453,2.261593074117077,2.1875233266813248,2.227026938223453,1975068
2013-11-25,2.150489330291748,2.2294965661857855,2.150489330291748,2.2097443342839753,1790422
2013-11-26,2.1109845638275146,2.189992634250439,2.061604731277307,2.162833451444469,3065703
2013-11-27,2.049260139465332,2.1628332801129058,2.009756530311438,2.1183911382884912,2939612
2013-11-28,2.1356747150421143,2.1554269462848525,2.0714811794220402,2.0714811794220402,2499550
2013-11-29,2.0739500522613525,2.1529572705111124,2.05666687964005,2.1356743093539126,2639292
2013-12-02,2.01222562789917,2.09617141594686,2.01222562789917,2.073950969614699,2712935
2013-12-03,1.9480313062667847,2.039384014634404,1.9258108687155726,2.029508006155505,4041742
2013-12-04,1.8764311075210571,1.997411211429151,1.8764311075210571,1.9751905615880154,4529941
2013-12-05,1.9653143882751465,1.9974110442762119,1.8739616841573183,1.975190396294607,3505046
2013-12-06,2.044321298599243,2.061604257163611,1.965314092202338,1.9677833581653397,2330351
2013-12-09,2.0616040229797363,2.071480239853587,1.962844603273845,2.041852646552272,4532456
2013-12-10,1.95050048828125,1.999880317074025,1.915934565833487,1.9677836609692356,3907748
2013-12-11,1.9480313062667847,1.9702519552821096,1.9307483442947393,1.9381552977878853,3175269
2013-12-12,1.903590440750122,1.9751907175461274,1.8937142196602572,1.9258110923457672,3491036
2013-12-13,1.8517413139343262,1.9480315078450208,1.8393960377280973,1.9406247650495536,3296331
2013-12-16,1.8270511627197266,1.8665547727528298,1.7875475526866234,1.8566787645124998,5335703
2013-12-17,1.846802830696106,1.8789005497043079,1.8171754357810725,1.8171754357810725,3100908
2013-12-18,1.8245822191238403,1.8838382790490522,1.8097685213387555,1.8838382790490522,2919495
2013-12-19,1.8640857934951782,1.8640857934951784,1.8147061676156047,1.8393960862874619,2830045
2013-12-20,1.8171753883361816,1.8566790034531027,1.7949547369979981,1.8393960396743652,4652799
2013-12-23,1.8097683191299438,1.8344582356080588,1.8097683191299438,1.8270512818110365,1358982
2013-12-26,1.7776716947555542,1.827051317204232,1.7727330558254832,1.81964457472785,1691273
2013-12-27,1.8270511627197266,1.8270511627197266,1.7579192107694717,1.7850782862964056,1677982
2013-12-30,1.8640857934951782,1.9208725852940358,1.8122377467015987,1.8517413628196013,1735100
2014-01-02,1.7850784063339233,1.9307484274877953,1.715946449734893,1.8789003851940576,4591011
2014-01-03,1.8443342447280884,1.8492719319745725,1.745574790267116,1.8023613655635111,2883571
2014-01-06,1.940624713897705,1.950500723138237,1.8492719984850123,1.8517412651253073,2154326
2014-01-07,1.9900046586990356,2.0418535514813794,1.9505008310161676,1.9505008310161676,4504076
2014-01-08,2.029508352279663,2.0344466745574925,1.977660091913363,1.9850670466697342,2841541
2014-01-09,2.01963210105896,2.0912334380232664,1.9825977507480608,2.01963210105896,4892049
2014-01-10,2.01222562789917,2.0665440131945143,1.9949426590973398,2.039384820546842,3747529
2014-01-13,2.0245704650878906,2.0393841616781674,1.9825975846243236,2.027039731715796,2330351
2014-01-14,2.036914587020874,2.0566668138799606,1.9924732925064839,2.0146939397636787,1946330
2014-01-15,2.044321298599243,2.0739497411223327,2.0122244359694377,2.0369143465665243,1806588
2014-01-16,2.069011926651001,2.069011926651001,2.014694400551858,2.049260541130888,1952077
2014-01-17,2.0171635150909424,2.0838263129330854,2.0072875058802304,2.064074083047533,2624204
2014-01-20,2.0344462394714355,2.041853192643758,2.0048180038539374,2.0295079182497138,1429033
2014-01-21,2.01222562789917,2.0616054783432,2.01222562789917,2.036915553121185,2719042
2014-01-22,2.1233303546905518,2.1307373102250264,2.014694654411306,2.0245708770761675,2675216
2014-01-23,2.098639726638794,2.1850538968606217,2.0591361180496213,2.138143546692067,4095986
2014-01-24,2.039384603500366,2.081357493057144,1.9900049697758808,2.073950748889437,3506124
2014-01-27,2.0245704650878906,2.066543345551458,1.9998805478425057,2.0393841616781674,1761683
2014-01-28,1.9875353574752808,2.0517297371728005,1.9875353574752808,2.049260470438732,1056866
2014-01-29,1.9109971523284912,1.9949420697190177,1.8887756552403834,1.9949420697190177,3575815
2014-01-30,1.95050048828125,1.9702518699916896,1.8690240033836862,1.910996879003955,1433703
2014-01-31,1.9628452062606812,1.9628452062606812,1.8863070395443513,1.9554382527939214,1476092
2014-02-03,1.8937140703201294,1.9554383326227724,1.8739618411622174,1.930748416237594,2512483
2014-02-04,1.8640857934951782,1.925811118835173,1.8369276653734559,1.9134656308388927,3690052
2014-02-05,1.901120901107788,1.9134653298415265,1.81964441491786,1.8665547666476396,5163630
2014-02-06,1.9480313062667847,1.9702519552821096,1.8961824203506485,1.8961824203506485,6225885
2014-02-07,2.0245704650878906,2.031977419115093,1.9332177501335537,1.9579076673789386,3318604
2014-02-10,1.9480313062667847,2.0467909681275502,1.9381552977878853,2.017163365619079,6175592
2014-02-11,1.9751906394958496,1.9949420235744086,1.9554384095607733,1.962845363621346,4821639
2014-02-12,1.9455623626708984,2.0122249479258665,1.9159347584661492,2.0122249479258665,2498472
2014-02-13,1.8838379383087158,1.9430937760518465,1.8443341169679976,1.9430937760518465,2260300
2014-02-14,1.9134650230407715,1.933217247753905,1.846802242655286,1.9035898622725353,2019973
2014-02-17,1.9307483434677124,1.9480313054323546,1.9060584280130968,1.9282799228753562,1942737
2014-02-18,1.9356873035430908,1.945562679804771,1.9011213719856128,1.9381557246801913,2441713
2014-02-19,1.841865062713623,1.9307485123687909,1.831989053375005,1.9184040822218802,2992060
2014-02-20,1.7752025127410889,1.839396046129465,1.7727331402923616,1.839396046129465,4577001
2014-02-21,1.8563543558120728,1.9161565108244,1.7940610223364157,1.8065192622040884,5716850
2014-02-24,1.8364208936691284,1.8937310172006077,1.8139943116653097,1.8787807450484115,7003267
2014-02-25,1.7641594409942627,1.8588462058089072,1.7566841981685979,1.8264536291735145,4908214
2014-02-26,1.7591761350631714,1.8139942237932323,1.7541930313744247,1.7865857129625056,3028702
2014-02-27,1.7541930675506592,1.8040280536197064,1.7517010354740201,1.781601685653487,4086287
2014-02-28,1.7541930675506592,1.7865857498067652,1.7467169713207418,1.7641593818405459,3354168
2014-03-05,1.6968817710876465,1.7666510842406642,1.6943905929803234,1.7591759493159527,2568164
2014-03-06,1.744226098060608,1.744226098060608,1.684423830535719,1.74173406570043,7875847
2014-03-07,1.724291443824768,1.789076807841604,1.719308340071359,1.744225886268784,3322196
2014-03-10,1.6844233274459839,1.7467166483639172,1.6769481929599377,1.7292752014306922,1474296
2014-03-11,1.6296052932739258,1.7193081959698588,1.6271133681320613,1.7043578188940565,2569241
2014-03-12,1.56731116771698,1.6495388313985153,1.5274433518441661,1.6420636959525052,8223586
2014-03-13,1.4801002740859985,1.5847534494171993,1.4751163169874861,1.5698031787244942,7300713
2014-03-14,1.4950507879257202,1.5249514387467558,1.4726244194783058,1.4900667236655007,6822573
2014-03-17,1.4975416660308838,1.5274432733468088,1.47013305088446,1.5100008647084135,2164385
2014-03-18,1.5349185466766357,1.542393682411861,1.4975418009318995,1.5075089686994496,1059381
2014-03-19,1.502525806427002,1.5448856542234208,1.502525806427002,1.5448856542234208,4795056
2014-03-20,1.5324264764785767,1.5648191573519097,1.5025258275755033,1.5075089311542973,4640585
2014-03-21,1.5947208404541016,1.6271135228272529,1.5224593794508685,1.5224593794508685,6775513
2014-03-24,1.6021956205368042,1.6296050863065343,1.5648188822929185,1.6196379205392182,6446814
2014-03-25,1.5872455835342407,1.6246214760866213,1.5872455835342407,1.6146542014888636,3395121
2014-03-26,1.5947208404541016,1.6221294586559656,1.5722943656999853,1.5972119121779755,3520134
2014-03-27,1.6171460151672363,1.6395715263288766,1.5722941391891727,1.60468777725734,5313430
2014-03-28,1.6271134614944458,1.6445557647129372,1.6071790195773867,1.6345885971078373,1535007
2014-03-31,1.6146541833877563,1.6719644110794505,1.5922287761559633,1.6146541833877563,3138987
2014-04-01,1.6420637369155884,1.6420637369155884,1.5822615847871095,1.6196382233112727,1880590
2014-04-02,1.7193082571029663,1.7193082571029663,1.6296053512174846,1.6395716649502219,4057907
2014-04-03,1.7292752265930176,1.7417335708373534,1.6819313203035395,1.7143239970417843,4362897
2014-04-04,1.7417339086532593,1.7666513489226765,1.7043580150162974,1.756684180742552,3378955
2014-04-07,1.7766185998916626,1.7791105252867276,1.7292755387119392,1.7566841570929184,3090131
2014-04-08,1.7716342210769653,1.8139939574785402,1.7616679084557776,1.7890765219694729,2974458
2014-04-09,1.7791105508804321,1.8015360657419355,1.731766742071588,1.7791105508804321,2220784
2014-04-10,1.7691431045532227,1.8065189923485898,1.751700803054564,1.7890765841430822,2959010
2014-04-11,1.7616682052612305,1.7940609942580772,1.7442259014300476,1.7691433411371993,1891008
2014-04-14,1.7517009973526,1.7865857109261662,1.7467169333077877,1.7691433007859527,2198512
2014-04-15,1.7118330001831055,1.7716342929555242,1.6644890918350768,1.7716342929555242,2656176
2014-04-16,1.7342585325241089,1.7342585325241089,1.696881790406525,1.7118330207878119,1486869
2014-04-17,1.7666511535644531,1.7766184273492511,1.7217992751876914,1.724291307047598,1582066
2014-04-22,1.7541930675506592,1.7940609923817792,1.734258731661079,1.766651307210322,2200308
2014-04-23,1.786419153213501,1.8091919538795271,1.7712373583423826,1.7965406748722919,2244494
2014-04-24,1.786419153213501,1.806662196531083,1.7509942066654522,1.801601056443968,2110140
2014-04-25,1.791479468345642,1.8066621295284777,1.7687066685241772,1.7965406082450575,1611164
2014-04-28,1.859798789024353,1.8724508264474757,1.7813588659846824,1.8066621823154947,4451987
2014-04-29,1.897754192352295,1.9078758219772627,1.8724507684459408,1.877511149821048,2819987
2014-04-30,1.9230577945709229,1.9331792084156931,1.8851023301140029,1.8851023301140029,3010740
2014-05-02,2.0116190910339355,2.024271128272068,1.9306486533341938,1.9306486533341938,5356898
2014-05-05,2.0116190910339355,2.036922515354124,1.9989677039518794,2.024271128272068,2872076
2014-05-06,1.973664402961731,2.0293314137072667,1.940769974573834,2.021740408442266,3982828
2014-05-07,1.973664402961731,2.009089238677522,1.940769974573834,1.9863155727264747,5557710
2014-05-08,2.1634397506713867,2.236820277548245,2.0622260379316617,2.120423901085131,11449867
2014-05-09,2.155848264694214,2.2317585323759688,2.1103026675537206,2.153318507578583,7481049
2014-05-12,2.1760916709899902,2.2064554797473077,2.1507882441870603,2.160909874970688,3260767
2014-05-13,2.112833023071289,2.2115169841475204,2.105242015825037,2.1988647274871314,2150375
2014-05-14,2.117893934249878,2.1507881492511496,2.0849995025299024,2.112832685644041,1833171
2014-05-15,2.112833023071289,2.1431977022125124,2.0976512252975232,2.1001818500045917,1846822
2014-05-16,2.0849997997283936,2.135606658314029,2.077409009331156,2.11283298680991,2573193
2014-05-19,2.0824689865112305,2.1128325756285475,2.052105180675221,2.1077721941610204,3571145
2014-05-20,2.1254851818084717,2.1406669788827974,2.0647566931987997,2.0824693315823337,2649710
2014-05-21,2.2292282581329346,2.236819261468312,2.1077715546110163,2.1330749713018164,4019110
2014-05-22,2.2342894077301025,2.2823654175509422,2.1836825569155205,2.2393495726866774,5759240
2014-05-23,2.1887426376342773,2.274774315533278,2.171030003894125,2.2520015175323334,2811365
2014-05-26,2.1482574939727783,2.198864344615155,2.130545074576076,2.191273555409369,1223910
2014-05-27,2.1001813411712646,2.1634393583659413,2.0622256639797154,2.155848352958843,5803426
2014-05-28,2.1634397506713867,2.188743178856318,2.0546352478667798,2.11536351885436,5084598
2014-05-29,2.1254851818084717,2.198864626183261,2.1153635503214647,2.1735611976219285,2571397
2014-05-30,2.0596961975097656,2.130545005939336,2.034392773003742,2.1280154653478998,5753133
2014-06-02,1.930648684501648,2.0723473862010953,1.9255883029620868,2.0647563804543623,6053093
2014-06-03,1.9458304643630981,1.9787246778677008,1.9230576640161317,1.940770082862321,5493407
2014-06-04,2.004027843475342,2.024270883893839,1.9382392082475548,1.9584822486660518,3600962
2014-06-05,2.0546348094940186,2.0951200258895937,1.9863155462992925,2.024271005556676,5179436
2014-06-06,2.1280152797698975,2.1457268301766366,2.0672868061889607,2.074877811206909,4879117
2014-06-09,2.183682680130005,2.2216372785857796,2.1280156612178316,2.1431974572563988,4372956
2014-06-10,2.1938040256500244,2.239349629061111,2.163439567646944,2.2039256561301888,4266263
2014-06-11,2.150787830352783,2.2266980961556366,2.140666418235335,2.211516303057472,3281243
2014-06-13,2.1634397506713867,2.2140463903225243,2.0925907152222645,2.148257737104173,4083772
2014-06-16,2.2266979217529297,2.2520013417053626,2.16596967052336,2.1836820861619284,3310341
2014-06-17,2.353215217590332,2.411412855299261,2.2393494827524196,2.2393494827524196,6311023
2014-06-18,2.2722442150115967,2.403822386095853,2.2697144573764847,2.375988333829259,5408628
2014-06-20,2.2191078662872314,2.3000785413504152,2.2140466166641493,2.28995690897924,5168659
2014-06-23,2.264652967453003,2.305139054369252,2.22922899589315,2.231758753259158,3018643
2014-06-24,2.302608013153076,2.3304420574183906,2.2595921766604845,2.2848955971432643,6750726
2014-06-25,2.2266979217529297,2.3279113848440067,2.219106917439065,2.2899559298373755,2907640
2014-06-26,2.302608013153076,2.327911433635856,2.2292285922059305,2.2418797606506726,5054782
2014-06-27,2.2773053646087646,2.3329723831180296,2.272244115809734,2.297547542461631,1894600
2014-06-30,2.3253815174102783,2.3279121419628206,2.264653246429741,2.2722442532124676,1736896
2014-07-01,2.378518581390381,2.408882386480015,2.3279117338973876,2.3279117338973876,4061859
2014-07-02,2.381049156188965,2.40129133129837,2.3380333150388886,2.37851853213243,2476918
2014-07-03,2.4696109294891357,2.4797323434899776,2.381049478036295,2.383579235560048,5678772
2014-07-04,2.444307327270508,2.467080127878874,2.429125532437829,2.467080127878874,582677
2014-07-07,2.4291253089904785,2.439246721333258,2.398760638524787,2.426594685006438,2060566
2014-07-08,2.3835790157318115,2.429125482894382,2.36080621558791,2.4215344772735174,2708624
2014-07-10,2.378518581390381,2.4114127938702707,2.340563120692605,2.3608061630959645,4171066
2014-07-11,2.3861093521118164,2.396230763958471,2.3633365547145093,2.368396718841172,3057800
2014-07-14,2.378518581390381,2.4392468417257103,2.3683969518293577,2.4012913810279346,2550561
2014-07-15,2.322850465774536,2.3987607363635357,2.31525967710619,2.3962309791510195,6325393
2014-07-16,2.3152596950531006,2.3557457798267167,2.2823652658814186,2.3355027374399087,2084276
2014-07-17,2.297546863555908,2.327911313315685,2.27983531533617,2.3203205259537127,1673671
2014-07-18,2.241880178451538,2.327911867469743,2.2241677591408076,2.312730072413159,3847037
2014-07-21,2.3000776767730713,2.3000776767730713,2.239349205685757,2.239349205685757,2435966
2014-07-22,2.2773053646087646,2.3177905871893456,2.2671837338855516,2.2899565361379333,2329992
2014-07-23,2.2950172424316406,2.340562836170155,2.284895614101018,2.289955994829008,3127850
2014-07-24,2.307668447494507,2.3203206998266968,2.2823650264234474,2.3026080666864246,1855443
2014-07-25,2.302608013153076,2.322850186070786,2.2697138049159875,2.3152593983164773,3856377
2014-07-28,2.292487144470215,2.310199564674274,2.257062087343386,2.310199564674274,2294787
2014-07-29,2.2520017623901367,2.2975473633441514,2.241880132456009,2.2975473633441514,1439810
2014-07-30,2.1887426376342773,2.2494708936052583,2.181151632727739,2.2494708936052583,3767646
2014-07-31,2.264652967453003,2.3026084301284504,2.148257472216748,2.1760915215224825,2730538
2014-08-01,2.241880178451538,2.2848960229606408,2.1912735447734932,2.2646529793957635,5597944
2014-08-04,2.2342894077301025,2.26971424664405,2.2165767715544273,2.259592616418692,2804181
2014-08-05,2.2570621967315674,2.2823656244324484,2.22669860361544,2.22669860361544,3091209
2014-08-06,2.20139479637146,2.257061807590903,2.1963335482352204,2.2342892250393955,2014584
2014-08-07,2.20139479637146,2.224167595641651,2.1760913730331493,2.186213002430894,1872327
2014-08-08,2.198864698410034,2.229229377149725,2.1229546269513238,2.1457274316702013,3061751
2014-08-11,2.2520017623901367,2.2646529329330165,2.2039255372338946,2.2039255372338946,1800481
2014-08-12,2.2266979217529297,2.2621227530300665,2.1887424667462985,2.249470717975868,2484821
2014-08-13,2.2266979217529297,2.234288926066794,2.186212709891423,2.2317583023372998,1626611
2014-08-14,2.241880178451538,2.2494711843391797,2.1988643339424354,2.201394958196582,925746
2014-08-15,2.264652967453003,2.2975473983655466,2.231758753259158,2.231758753259158,3345187
2014-08-18,2.2773053646087646,2.3152599627898303,2.2595927275618535,2.272244115809734,1665768
2014-08-19,2.2773053646087646,2.295017784936964,2.2520019379568676,2.2848961542137505,1120451
2014-08-20,2.267183303833008,2.279835556555783,2.252001510784095,2.2773049326362913,650213
2014-08-21,2.2317585945129395,2.28236522432443,2.2317585945129395,2.2773050597962516,1497287
2014-08-22,2.1887426376342773,2.2292287195313887,2.1305447888717,2.2292287195313887,4728238
2014-08-25,2.241880178451538,2.2494711843391797,2.1786221572523563,2.1887429205193465,1781441
2014-08-26,2.2773053646087646,2.295017784936964,2.2140462561822423,2.246940689157837,2338972
2014-08-27,2.2950172424316406,2.3127296585729082,2.2646525741584345,2.30007762315963,1901785
2014-08-28,2.2848961353302,2.310199561772977,2.2747747214093477,2.2975475234735234,2747781
2014-08-29,2.2773053646087646,2.295017784936964,2.2520019379568676,2.2773053646087646,2245572
2014-09-01,2.269714117050171,2.277305122567064,2.246940450343424,2.2747744984365146,721341
2014-09-02,2.2848961353302,2.302608555512015,2.254532543723773,2.2899565172125613,1701691
2014-09-03,2.312730073928833,2.3532152942103215,2.287426648713878,2.2975474119875012,3131084
2014-09-04,2.3000776767730713,2.370927342989605,2.2975470529127677,2.330442129035394,2029313
2014-09-05,2.2520017623901367,2.3304424439113722,2.188742875614008,2.3279118197091453,5934546
2014-09-08,2.20139479637146,2.2621230557271423,2.1988641723033404,2.2520016430480814,1865861
2014-09-09,2.1254851818084717,2.2039258753642215,2.112832925730985,2.2039258753642215,4425763
2014-09-10,2.062225341796875,2.1356058439030554,2.0166799666259267,2.1204231853047983,3219455
2014-09-11,2.087528944015503,2.105241360986866,2.0242709311711224,2.074877774883969,3768006
2014-09-12,2.0748777389526367,2.0951199126186903,2.0242708961161657,2.0925901556172684,2685274
2014-09-15,2.1229541301727295,2.143197172356003,2.064756277860393,2.1001813307827653,3899485
2014-09-16,2.196333646774292,2.254532368266373,2.133075627387137,2.1406666330573345,2864173
2014-09-17,2.150787830352783,2.2292287200833383,2.1431970421630364,2.2292287200833383,1640981
2014-09-18,2.1659703254699707,2.20139516745888,2.1254851013665323,2.1507883122515015,2213241
2014-09-19,2.1912736892700195,2.201395103360533,2.12801566389949,2.12801566389949,1199482
2014-09-22,2.087528944015503,2.1887426314411953,2.087528944015503,2.160909452539541,2232998
2014-09-23,2.0748777389526367,2.115362953159413,2.052104941410492,2.0951199126186903,2448898
2014-09-24,2.0672872066497803,2.0900600093963435,2.031862365224645,2.052105410391644,5012752
2014-09-25,2.0242714881896973,2.1052419402860716,2.0040284417281424,2.0698170965954947,4191543
2014-09-26,2.0166800022125244,2.059695838037209,2.0065583741141797,2.024270789848971,1415022
2014-09-29,1.8496780395507812,2.0040281294356403,1.8496780395507812,1.9989677478666015,4305420
2014-09-30,1.9179961681365967,1.9179961681365967,1.8142529427906553,1.8623291614684652,7165641
2014-10-01,1.930648684501648,1.9432998550692466,1.8623294160623574,1.9104054245938393,3684304
2014-10-02,2.0014984607696533,2.054635070223266,1.9281181569559727,1.9306487812900108,2638214
2014-10-03,1.981255054473877,2.0268015163510085,1.9761946736054552,2.0014980949782317,3237417
2014-10-06,2.0799384117126465,2.1254848800632438,2.0293315617744008,2.0495746051558754,1869454
2014-10-07,2.1001813411712646,2.1001813411712646,2.052105118072099,2.084999330357068,3156589
2014-10-08,2.1254851818084717,2.150788393651076,2.0242714675631412,2.0824693315823337,4893127
2014-10-09,2.1887426376342773,2.1887426376342773,2.077408404681943,2.163439215706258,2500987
2014-10-10,2.0571653842926025,2.0571653842926025,2.0571653842926025,2.0571653842926025,2366633
2014-10-13,2.0318620204925537,2.138135876581053,2.029331396467476,2.1052414484726043,2442432
2014-10-14,2.0571653842926025,2.0748778014911005,2.0394529670941046,2.0596960082449685,1470704
2014-10-15,2.064756393432617,2.0875291940972613,2.006558754581423,2.069816775003986,2748140
2014-10-16,2.0166800022125244,2.0672866256736557,1.9939063389912495,2.0293311704608317,4533893
2014-10-17,1.9913763999938965,2.0419830188266115,1.9812547728212633,2.0242706047117753,2534396
2014-10-20,1.9635425806045532,2.004027793558467,1.9483607882858307,2.0014980366353314,2696410
2014-10-21,1.9205267429351807,1.9205267429351807,1.9205267429351807,1.9205267429351807,3275136
2014-10-22,1.9458304643630981,1.9483610885508744,1.9078758693577185,1.917996415640579,2596543
2014-10-23,1.79654061794281,1.9483610541080632,1.79654061794281,1.9357088002676217,4239680
2014-10-24,1.8648601770401,1.8800419729283173,1.8041318015343193,1.8091920750856578,1265940
2014-10-27,1.8648601770401,1.8775113485355472,1.6194171342177637,1.6194171342177637,921794
2014-10-28,1.9458304643630981,1.9483610885508744,1.8851022021359767,1.9483610885508744,981786
2014-10-29,1.9255887269973755,1.9559523232333054,1.9230581022329332,1.9407705251153404,715235
2014-10-30,1.9964371919631958,2.0242712420136675,1.8876326996633412,1.9458305571979795,1815568
2014-10-31,2.087528944015503,2.1760912455909898,2.087528944015503,2.1001811967403916,5217156
2014-11-03,2.1760916709899902,2.2241679001812296,2.1229544096882234,2.1254850341028435,3683945
2014-11-04,2.1684999465942383,2.2140453150195287,2.16090894349738,2.1836817360693352,2653661
2014-11-05,2.198864698410034,2.2013953230836387,2.125485251624928,2.1634398539168123,1660739
2014-11-06,2.1533186435699463,2.196333619436682,2.122954187829715,2.1533186435699463,2398246
2014-11-07,2.173560857772827,2.1760914819676294,2.090059794966916,2.1330756384672727,2791607
2014-11-10,2.138136148452759,2.1862132432314483,2.10777234050852,2.1710303640251456,2358012
2014-11-11,2.095120429992676,2.150788317609421,2.0647566201988163,2.150788317609421,2178395
2014-11-12,2.026801586151123,2.102711852883693,2.0242709621924275,2.087528976006217,2114810
2014-11-13,1.9989676475524902,2.0394530819787864,1.961012187065055,2.031862076568774,1372633
2014-11-14,1.9939066171646118,2.044513247685962,1.9357087645104387,1.9711338176408872,3137191
2014-11-17,1.9660738706588745,2.0090897219876345,1.9458308238847006,1.9686036284392863,1321622
2014-11-18,2.0369226932525635,2.041983725308523,1.9432999934192847,1.968603419949395,1862269
2014-11-19,2.1001813411712646,2.107772129859677,2.034392699882641,2.036922457101845,2224377
2014-11-21,2.1001813411712646,2.155848352958843,2.052105118072099,2.084999330357068,2275029
2014-11-24,2.158378839492798,2.1938036736139823,2.09765058338772,2.09765058338772,1917950
2014-11-25,2.062225341796875,2.1912730637123925,2.062225341796875,2.186212683189828,3016847
2014-11-26,2.0546348094940186,2.0925902687514024,2.0419834231789147,2.072347227116257,1314078
2014-11-27,2.0698161125183105,2.084998769403785,2.0394525324963824,2.0672863559797188,1197327
2014-11-28,2.0116190910339355,2.0698167285798075,1.9863156667137472,2.054634934050125,2546969
2014-12-01,1.9660738706588745,2.026802144106461,1.9660738706588745,2.0217408947957662,10982395
2014-12-02,2.0242714881896973,2.0318624951635735,1.9761952551676334,2.0014986839867985,12248131
2014-12-03,2.049574375152588,2.0723471733349275,1.9913767426451126,2.039452962957024,3220533
2014-12-04,1.9711341857910156,2.0698170578871786,1.9559521721271864,2.0698170578871786,2868483
2014-12-05,1.9863157272338867,2.0116191523250335,1.9686033079982144,1.9812553456218356,907784
2014-12-08,1.9129358530044556,1.996436907671853,1.9002846837317542,1.9913767433689151,908143
2014-12-09,1.9357088804244995,1.9432998862932007,1.9104054552892624,1.9104054552892624,226317
2014-12-10,1.9534212350845337,2.0141497134630373,1.925588270215493,1.9458304461855855,1238279
2014-12-11,1.9331787824630737,1.9635425838696703,1.9331787824630737,1.9635425838696703,1277436
2014-12-12,1.8218443393707275,1.9281182114369504,1.8218443393707275,1.9281182114369504,1447713
2014-12-15,1.8066622018814087,1.8572690518097936,1.7914795400905401,1.839556632662989,1139490
2014-12-16,1.8395565748214722,1.8572689934113418,1.7864191023331726,1.7990703809800772,1602183
2014-12-17,1.8724509477615356,1.897754374091077,1.8142533055941712,1.8522079032917098,2279699
2014-12-18,1.8724509477615356,1.9154667941936265,1.8496781457992706,1.8851023358482424,756187
2014-12-19,1.9230577945709229,1.9508918451830723,1.8800419482696806,1.8977543683183513,868987
2014-12-22,1.9357088804244995,1.9736645599241025,1.8851022468727243,1.9357088804244995,1202715
2014-12-23,1.9129358530044556,1.988846119420763,1.9078756887015178,1.9559516923122304,1143082
2014-12-26,1.9205267429351807,1.981254995774355,1.9053449506237123,1.9053449506237123,1246182
2014-12-29,1.9559518098831177,1.9584824339833837,1.90787580338259,1.917996349315478,521967
2014-12-30,1.9508917331695557,2.0116191291578756,1.9508917331695557,1.9534212737903536,1113625
2015-01-02,1.8851022720336914,1.9736645862671345,1.874981508656869,1.9736645862671345,709846
2015-01-05,1.9205267429351807,1.94836078735485,1.8597984900960063,1.9078755744202809,1159248
2015-01-06,1.8952237367630005,1.930648793444549,1.8876327305879215,1.930648793444549,1411430
2015-01-07,1.9584826231002808,1.9610123805700825,1.9002849814536964,1.9230577832121796,724575
2015-01-08,1.9433000087738037,1.9610124291567024,1.9230578308584252,1.9382396268339934,942270
2015-01-09,1.8775111436843872,1.9635428280285336,1.8471473385021706,1.9331790228463168,1686963
2015-01-12,1.897754192352295,1.9205269921337187,1.8699201443210105,1.8800417739459783,706254
2015-01-13,1.8775111436843872,1.9255882340897785,1.8775111436843872,1.905345191624696,540288
2015-01-14,1.8471473455429077,1.8876325637526385,1.8395565567574357,1.8775111508408615,1197686
2015-01-15,1.8620249032974243,1.8876022123858658,1.8415638446587252,1.8594679829270802,832345
2015-01-16,1.877371907234192,1.9029492134076262,1.8645827064863887,1.8722558764319754,1146675
2015-01-19,1.8671410083770752,1.905506644927305,1.8415639173435885,1.8722561637064108,1031001
2015-01-20,1.7904094457626343,1.8901604595763264,1.7852934137507643,1.8901604595763264,2082479
2015-01-21,1.8031971454620361,1.8364475123734667,1.7699467785506058,1.7929660695476715,2154685
2015-01-22,1.7955243587493896,1.8313327465468472,1.7776202196167783,1.80064039038163,1329884
2015-01-23,1.8031971454620361,1.8287744518851843,1.754600657574041,1.7904090399115538,1228939
2015-01-26,1.7904094457626343,1.808313586223803,1.7060044468719326,1.8057555702178678,1578833
2015-01-27,1.7392545938491821,1.7980822728249768,1.6983311625251616,1.7904092116008945,2075654
2015-01-28,1.6906572580337524,1.723908616726846,1.6446187772759773,1.695773289807796,1976505
2015-01-29,1.7520430088043213,1.7648321028211882,1.657406933327397,1.6855422610646091,1308330
2015-01-30,1.7392545938491821,1.7392545938491821,1.6829840542869379,1.7111193788341745,1155655
2015-02-02,1.749485731124878,1.7597159321155866,1.7085614221306007,1.7085614221306007,885871
2015-02-03,1.6778690814971924,1.7699470250337752,1.6676380041580459,1.7597159476946287,1542551
2015-02-04,1.6599647998809814,1.7111194188283356,1.6497337227463866,1.6983312022204224,1141286
2015-02-05,1.6369457244873047,1.6701960975747387,1.6011373354986564,1.6548498642155096,1938067
2015-02-06,1.557655692100525,1.6727537972238362,1.5371934294676053,1.6267143361100613,2282573
2015-02-09,1.5423095226287842,1.5781179086314803,1.5269634000814603,1.537193491252966,2201745
2015-02-10,1.570444941520691,1.5832330491468725,1.5397515992633948,1.5550978322630986,1493335
2015-02-11,1.483482003211975,1.5883482805802978,1.4655778630464373,1.5857911408745309,3191794
2015-02-12,1.5090590715408325,1.5269633183499611,1.4630196110408513,1.4834817638687463,3445773
2015-02-13,1.557655692100525,1.565328753065779,1.4988280151091105,1.5090590916594577,2413334
2015-02-18,1.5653289556503296,1.5857911113992322,1.532078582368739,1.5755600335247808,1881308
2015-02-19,1.6267144680023193,1.6369456549144252,1.5550978026010873,1.5704449115659482,1145597
2015-02-20,1.6241564750671387,1.6471766443908802,1.6139252887010314,1.6267143811908937,2169414
2015-02-23,1.64206063747406,1.6574067600578408,1.6113682827742692,1.64206063747406,1935912
2015-02-24,1.6881000995635986,1.7060042378309277,1.6420606365167985,1.6420606365167985,1338506
2015-02-25,1.6471766233444214,1.6881000538992224,1.6241564543148155,1.6881000538992224,2380284
2015-02-26,1.6829839944839478,1.7571587790622465,1.6139252410666176,1.6676378725810908,3328662
2015-02-27,1.5474246740341187,1.6932152579125357,1.5346365663001977,1.688100211976994,6889390
2015-03-02,1.5550979375839233,1.5832331563731878,1.524405579038076,1.547424765798279,1645291
2015-03-03,1.5039433240890503,1.5730020897349086,1.49627026177892,1.552540809305717,1852210
2015-03-04,1.419538140296936,1.509059044119193,1.419538140296936,1.5013859833956653,1996263
2015-03-05,1.4041922092437744,1.4323274262382157,1.3939610220962748,1.4323274262382157,6185292
2015-03-06,1.3632688522338867,1.4016343853728224,1.304441270593996,1.3862881502107978,4923302
2015-03-09,1.2967678308486938,1.3479224486576844,1.260959554569509,1.3479224486576844,4858640
2015-03-10,1.3530374765396118,1.3914038775240398,1.291651892157892,1.294209907798718,3645866
2015-03-11,1.342806339263916,1.391403814831958,1.3376912940027785,1.3811727385196801,2307360
2015-03-12,1.406750202178955,1.4093073419298585,1.3453646089656506,1.3453646089656506,3195386
2015-03-13,1.3453645706176758,1.4041922556775628,1.3249024147105077,1.4041922556775628,2917339
2015-03-16,1.304440975189209,1.3683836984939988,1.283978712257652,1.3683836984939988,1537521
2015-03-17,1.2890950441360474,1.309556326049398,1.2609598230979828,1.3018832631827022,2340409
2015-03-18,1.2763056755065918,1.3018829843804605,1.2635175687308013,1.281420830591125,3128569
2015-03-19,1.3018829822540283,1.3249022754191166,1.2686326122109832,1.2686326122109832,3275136
2015-03-20,1.3069981336593628,1.324902382730671,1.2916520099944844,1.309556149533555,1906095
2015-03-23,1.3069981336593628,1.3172292113659942,1.2942100258686766,1.3121141654077473,662786
2015-03-24,1.2967678308486938,1.3172291084046996,1.2788636927091013,1.3146720785205153,1595717
2015-03-25,1.278863787651062,1.3069981285284156,1.2711907258487454,1.2916520049237823,3030498
2015-03-26,1.2737478017807007,1.2737478017807007,1.2404974279779548,1.2686327556583803,3359556
2015-03-27,1.266074538230896,1.2788636301868141,1.2558434618241638,1.2763056146376281,1581348
2015-03-30,1.2890950441360474,1.3018832631827022,1.2686328859646787,1.2686328859646787,3729208
2015-03-31,1.3018829822540283,1.3172291046759348,1.26095955100003,1.3044409979210319,2119121
2015-04-01,1.3402491807937622,1.3607103456629646,1.2993247699433288,1.301882785223195,3798540
2015-04-02,1.406750202178955,1.4323275144291248,1.3325755147115927,1.3325755147115927,1989438
2015-04-06,1.4041922092437744,1.4553467210621975,1.3862879603323597,1.4093072551563417,1596795
2015-04-07,1.3888459205627441,1.4220962916703672,1.3658266266606465,1.3990769977682695,2937816
2015-04-08,1.2942100763320923,1.3990771208457398,1.278863842536601,1.3990771208457398,8083484
2015-04-09,1.2814207077026367,1.3146719508690212,1.2711905080468773,1.2890946444480211,4268059
2015-04-10,1.2967678308486938,1.3146720785205153,1.2839787382675305,1.2839787382675305,2248086
2015-04-13,1.2890950441360474,1.322345421354071,1.2890950441360474,1.3044412794016909,915687
2015-04-14,1.286536693572998,1.3095559857231032,1.286536693572998,1.2967677699998388,1386643
2015-04-15,1.2967678308486938,1.3172291084046996,1.2865367539417751,1.2967678308486938,2162229
2015-04-16,1.3300186395645142,1.34280686010481,1.2967682584629068,1.2967682584629068,2153608
2015-04-17,1.3121144771575928,1.353037921449362,1.3095564606756327,1.3274607140008745,2107266
2015-04-20,1.2967678308486938,1.330018200985863,1.2916519090324332,1.3274602948438472,1320544
2015-04-22,1.304440975189209,1.3121140362664476,1.2865367278800783,1.3095560206440213,1265222
2015-04-23,1.3018829822540283,1.3044409979210319,1.2890947659668968,1.29676782717785,1443043
2015-04-24,1.3197871446609497,1.3453644539643217,1.2890947897193799,1.30444102195628,3598088
2015-04-27,1.3402491807937622,1.3504792703334092,1.3197869206024395,1.327460090184341,1882027
2015-04-28,1.321667194366455,1.360846550323408,1.3007708145205719,1.3582351599967104,2073858
2015-04-29,1.2955470085144043,1.3268905097876726,1.2877111611600836,1.3268905097876726,1750547
2015-04-30,1.313830852508545,1.319054526494447,1.290323312868219,1.2929345905813001,1358623
2015-05-04,1.3739067316055298,1.3765190163279701,1.316443290927054,1.3242791383904913,2763946
2015-05-05,1.4235342741012573,1.428758843770518,1.3712945057762187,1.3712945057762187,3003196
2015-05-06,1.449654221534729,1.4522665063825915,1.3765190824179836,1.41047487048046,2329632
2015-05-07,1.433982491493225,1.48883454361633,1.4209229691187268,1.462714604019415,2202823
2015-05-08,1.3112187385559082,1.4418183232441906,1.2981593281814237,1.4418183232441906,7992598
2015-05-11,1.3033831119537354,1.3295030556907188,1.2877114141659634,1.319054921597515,2737722
2015-05-12,1.3007707595825195,1.3086067199277636,1.2877113476684543,1.2929349110932773,1644932
2015-05-13,1.2955470085144043,1.3164432725951727,1.2772629172637138,1.3112187032230456,1891367
2015-05-14,1.2485307455062866,1.300770508336377,1.214574961187517,1.2981592304803462,3375003
2015-05-15,1.2694271802902222,1.287711273130774,1.2276355433426507,1.2537554842188758,2430936
2015-05-18,1.2589788436889648,1.279875106206553,1.2328589070379,1.272039259438406,1129791
2015-05-19,1.2354713678359985,1.2615913082144994,1.2224109502227756,1.253755460328141,1895318
2015-05-20,1.206739068031311,1.248530697726499,1.2041267835714282,1.248530697726499,2134568
2015-05-21,1.2119626998901367,1.2197995537201132,1.1910673312657385,1.209351421983985,713438
2015-05-22,1.1936795711517334,1.2302466326583332,1.1910672866396166,1.2171872235053547,857491
2015-05-25,1.1832315921783447,1.2197996650978205,1.1806193073298294,1.1936797248684732,658835
2015-05-26,1.144051194190979,1.1858428286343583,1.1414399161381963,1.178006981068216,4898156
2015-05-27,1.1492756605148315,1.1492756605148315,1.0918113293947953,1.1466633759926999,4821998
2015-05-28,1.1466635465621948,1.2041269913822554,1.1440512616514782,1.1701712025027702,4462046
2015-05-29,1.1179314851760864,1.1544994488282392,1.1048719615608906,1.1544994488282392,3244602
2015-06-01,1.128379464149475,1.1518870061206377,1.1127076576460484,1.1127076576460484,1822394
2015-06-02,1.1100952625274658,1.149275613807891,1.0970358538551592,1.133602914015851,4457735
2015-06-03,1.0735273361206055,1.117931367194885,1.063080210497391,1.1127076925272892,4644177
2015-06-05,1.0683035850524902,1.0839753892855117,1.050019608378022,1.0761394312410166,2389265
2015-06-08,1.0604678392410278,1.0761395331014623,1.0552432701516727,1.0761395331014623,1159607
2015-06-09,1.0656917095184326,1.0735275587125261,1.0474077258308456,1.057855860324339,1379099
2015-06-10,1.0474073886871338,1.0813631716890955,1.0447959990763929,1.0761394976198073,1504472
2015-06-11,1.0395715236663818,1.0604678996627528,1.0291233915961893,1.0500197675925602,1959262
2015-06-12,1.0212875604629517,1.0317356926993202,1.010840323074484,1.0317356926993202,1066206
2015-06-15,1.0134515762329102,1.0291232691211891,1.0003920558712895,1.0212874226770496,1025613
2015-06-16,1.0082279443740845,1.026512034263695,1.0003920976030694,1.0238997497720919,1155296
2015-06-17,1.0212875604629517,1.023899845198016,1.0003921908381155,1.0082280383394198,1010884
2015-06-18,1.0030035972595215,1.026512146854855,1.0030035972595215,1.023899862076728,1568415
2015-06-19,1.0186761617660522,1.0238997239135432,0.9821080947663331,1.0030034619160406,2546969
2015-06-22,1.0317356586456299,1.0500197496358017,1.0134516795114419,1.0265120960518,1275999
2015-06-23,0.9977797865867615,1.0421837001005994,0.9951675021646024,1.0421837001005994,1903940
2015-06-24,0.9690477848052979,1.0108403133486648,0.9664363949432602,1.0030035710748608,1408197
2015-06-25,0.9350919127464294,0.9742722112566721,0.9350919127464294,0.9716600384861458,1230376
2015-06-26,0.9350919127464294,0.9507636630257826,0.9194201624670763,0.9403165379274394,829471
2015-06-29,0.9194202423095703,0.9664364480063746,0.9141966793067843,0.929868430947073,1888852
2015-06-30,0.9220324754714966,0.9272560941094299,0.9115843433477384,0.9194201907645876,1961417
2015-07-01,0.9011362791061401,0.9246438790554968,0.8933003751710229,0.9220325449277619,1693429
2015-07-02,0.8724040389060974,0.9011362641127789,0.8619568569450659,0.8985239792525517,2810288
2015-07-03,0.8488963842391968,0.8619568009885396,0.8384482521804969,0.8619568009885396,2854833
2015-07-06,0.8332246541976929,0.8462841204943833,0.8097169996557133,0.8462841204943833,2472967
2015-07-07,0.8123283982276917,0.8280011013018027,0.799268930892573,0.8227765873037722,1848259
2015-07-08,0.778372585773468,0.8123283743339783,0.7705367378188832,0.8018811922691662,2418363
2015-07-10,0.7914329767227173,0.807104728029639,0.77837255943767,0.7914329767227173,2243775
2015-07-13,0.7705367207527161,0.7966566048521305,0.7705367207527161,0.7888207570710973,1906095
2015-07-14,0.7627008557319641,0.7679244748776438,0.7496413884077751,0.7653131406927924,932930
2015-07-15,0.7235214710235596,0.7600885371960112,0.718296901332686,0.7574772031265095,3930739
2015-07-16,0.6895648241043091,0.7182969970490085,0.681728919299764,0.7182969970490085,4519523
2015-07-17,0.6660571098327637,0.689564766349501,0.6608335465872597,0.689564766349501,4671120
2015-07-20,0.6373249292373657,0.6712816691892268,0.6216531771161786,0.668669384255707,4676149
2015-07-21,0.7313572764396667,0.7548649304294315,0.6242654047949211,0.6268776894888541,14522036
2015-07-22,0.796656608581543,0.796656608581543,0.7182968999884761,0.7182968999884761,9623521
2015-07-23,0.9350919127464294,0.9403165379274394,0.8071046751092392,0.8149405782129117,15841862
2015-07-24,0.7940443754196167,1.026512238191855,0.7940443754196167,0.9925564480145158,19595499
2015-07-27,0.7287450432777405,0.7966566202032442,0.7052374435536674,0.7940443353245877,7306461
2015-07-28,0.7470291256904602,0.7757612969311718,0.7261328587895783,0.7548650300302899,3944030
2015-07-29,0.7182968854904175,0.7391932063131705,0.6974015154435784,0.7391932063131705,3585515
2015-07-30,0.7156845331192017,0.7261327205079343,0.6921769364324006,0.7156845331192017,2042964
2015-07-31,0.9377042651176453,0.9403166058608753,0.7627008132233668,0.7627008132233668,14024856
2015-08-03,0.8724040389060974,0.9377042812682086,0.8332246876663809,0.9115843968497508,7920751
2015-08-04,0.8985239267349243,0.9350919417529981,0.8671804252039419,0.8880766894565245,5578186
2015-08-05,0.8541210889816284,0.9194203909531443,0.851508859633943,0.9141968271058597,2713654
2015-08-06,0.8175529837608337,0.8436728697056783,0.799268946150643,0.8358370213710244,3449006
2015-08-07,0.7914329767227173,0.8384482865714774,0.7731489965459988,0.807104728029639,4360023
2015-08-10,0.7940443754196167,0.8071047937684368,0.7522527369145833,0.7679244894979714,3968817
2015-08-11,0.8175529837608337,0.8515087739683319,0.7966566611377598,0.7966566611377598,2709343
2015-08-12,0.778372585773468,0.8253887920609174,0.778372585773468,0.8071047553375738,1458131
2015-08-13,0.7522526383399963,0.7940442713686874,0.7470290197793643,0.7835970901754156,1783956
2015-08-14,0.7444167733192444,0.7992688817286752,0.7391932104184987,0.7653130942580514,1870890
2015-08-17,0.7705367207527161,0.7757612344813587,0.7339686481159534,0.7496413503819442,2501705
2015-08-18,0.8253887295722961,0.8488963835123244,0.7496413102313848,0.7653130608820727,3944030
2015-08-19,0.778372585773468,0.8149406592201555,0.7653131188224787,0.8097170402237509,2168696
2015-08-20,0.7835971713066101,0.7966566385202695,0.7574772301753242,0.7783726014291719,967058
2015-08-21,0.7444167733192444,0.7757612267634573,0.7444167733192444,0.7757612267634573,1368681
2015-08-24,0.7130732536315918,0.7339686232957569,0.6974015026714924,0.7235214418156196,1913999
2015-08-25,0.6947891116142273,0.7444166416404554,0.6869532652972231,0.7313571774187085,2742392
2015-08-26,0.7000128626823425,0.7156846142255718,0.6817288263019315,0.7104610512551368,2334302
2015-08-27,0.7052373290061951,0.7156845093440569,0.6921769134381817,0.6974014264189115,3446850
2015-08-28,0.6921770572662354,0.705237475548084,0.6869534380478903,0.7026251905509163,3059596
2015-08-31,0.6660571098327637,0.6817288622012556,0.6556089766377746,0.6817288622012556,2131335
2015-09-01,0.647773027420044,0.6686692905519827,0.6425494090609811,0.6686692905519827,979990
2015-09-02,0.6451617479324341,0.6634448331879891,0.6425494631451067,0.6556089296019209,801451
2015-09-03,0.671281635761261,0.7000128536393803,0.647773085938173,0.6503853148136131,2188094
2015-09-04,0.6425495147705078,0.6947892863467771,0.6425495147705078,0.6791175338434944,2076372
2015-09-08,0.6216530799865723,0.6660569952547324,0.6216530799865723,0.6608334329078084,3098393
2015-09-09,0.6347135901451111,0.6373249242823615,0.6216531722830175,0.6268777421094379,1763120
2015-09-10,0.6268777251243591,0.6321012881052912,0.6085936887072058,0.613817307616134,1575600
2015-09-11,0.5955331921577454,0.6216530729315405,0.5929209076620259,0.6216530729315405,2374537
2015-09-14,0.5694133639335632,0.600757819670156,0.5668011348681827,0.600757819670156,2482307
2015-09-15,0.5485180020332336,0.5746378855860563,0.5485180020332336,0.5694133160387486,2159355
2015-09-16,0.5798615217208862,0.590309654424458,0.5563538663098072,0.5563538663098072,2116247
2015-09-17,0.5955331921577454,0.6425493914176927,0.582473671230763,0.5955331921577454,4256205
2015-09-18,0.5380699038505554,0.5929210700704608,0.5380699038505554,0.5929210700704608,8509895
2015-09-21,0.5223981738090515,0.5485181188527083,0.5197858884790517,0.5459058335227086,4763443
2015-09-22,0.4988894760608673,0.5145612260626827,0.4884413444437077,0.5145612260626827,4819484
2015-09-23,0.49627822637557983,0.504114074740668,0.49627822637557983,0.5015018456456387,2989545
2015-09-24,0.5093375444412231,0.5302338610091506,0.4884412838012792,0.49366579638513364,1544347
2015-09-25,0.49105358123779297,0.5354575541030534,0.49105358123779297,0.5197857479134038,1184035
2015-09-28,0.47015827894210815,0.5067253428260661,0.45971009099017984,0.5041140089199906,2051944
2015-09-29,0.46493372321128845,0.4832177590413376,0.45971010447009175,0.4753818555415909,1068362
2015-09-30,0.47015827894210815,0.4806054601901683,0.45971009099017984,0.4779941262840929,1435499
2015-10-01,0.4293452501296997,0.45546516099627643,0.4211828391551371,0.4508946414960694,10618958
2015-10-02,0.4244481921195984,0.435549395350959,0.413020425337911,0.434243280969634,25643564
2015-10-05,0.4570979177951813,0.4717900643360258,0.4208564041343855,0.42510133955421286,19165855
2015-10-06,0.47374919056892395,0.49562508928706883,0.4570978332388736,0.4570978332388736,3747529
2015-10-07,0.5080314874649048,0.5142356356486038,0.4763614784764873,0.4773410572726533,4440132
2015-10-08,0.5217450261116028,0.5220715896940586,0.49856298264511567,0.5024814100665966,2169773
2015-10-09,0.5031344294548035,0.5308870179437697,0.4992160024371219,0.5223980435146671,2224377
2015-10-13,0.45481207966804504,0.4995425606054395,0.45481207966804504,0.4995425606054395,6627149
2015-10-14,0.44240573048591614,0.47342267096989094,0.4394669099525441,0.4512211853820728,6753600
2015-10-15,0.4391403794288635,0.44795586239122065,0.4355494384001836,0.4463231842981968,5658654
2015-10-16,0.4221624433994293,0.43914033642430655,0.4221624433994293,0.43914033642430655,5882816
2015-10-19,0.41628584265708923,0.42444825478048204,0.41595930702255274,0.42216250533872657,6609906
2015-10-20,0.4081234037876129,0.4185706138920915,0.405184583269378,0.4185706138920915,4928691
2015-10-21,0.39179858565330505,0.4084499446577032,0.39179858565330505,0.40812340904036326,6767969
2015-10-22,0.39179858565330505,0.4048580528669644,0.38690057935720584,0.39767524802545495,5831087
2015-10-23,0.38657400012016296,0.3963690608311509,0.38428825105669995,0.3917985414440825,5971907
2015-10-26,0.4048580229282379,0.4048580229282379,0.3767789260973238,0.38624747956002514,11340300
2015-10-27,0.4211828410625458,0.44599660968718535,0.40779683934999944,0.40779683934999944,12331786
2015-10-28,0.40094056725502014,0.40387843676440627,0.3970221402079968,0.4015926876536427,1321981
2015-10-29,0.3839617669582367,0.39996100584382044,0.381676968364287,0.38592098070389863,6440348
2015-10-30,0.38526788353919983,0.3924506880501328,0.3800442646781389,0.3855944191415115,6118474
2015-11-03,0.3699226379394531,0.39375679877028774,0.36926956678738826,0.38885971590565,8227896
2015-11-04,0.3839617669582367,0.40485806146798636,0.3686165500971961,0.3689430857214731,8733698
2015-11-05,0.38494133949279785,0.39832829218999727,0.3731879875832493,0.3839617327073516,8503788
2015-11-06,0.3695961534976959,0.3855944414569876,0.3695961534976959,0.3803708222936206,6104105
2015-11-09,0.36110711097717285,0.37841153686362944,0.3535977724071644,0.3715552693640323,7561158
2015-11-10,0.3428231179714203,0.36567862262487516,0.3395587130190997,0.3591479391325506,12943921
2015-11-11,0.34478241205215454,0.3509856106467381,0.3359669282640354,0.34412934075377066,8897509
2015-11-12,0.3362933397293091,0.3451088202621128,0.3340075910290298,0.3451088202621128,7268023
2015-11-13,0.3460885286331177,0.3558835906685068,0.33368115363656126,0.33564036738443703,8480797
2015-11-16,0.33955880999565125,0.3493529784256251,0.3366200169649958,0.3460885725410041,7245032
2015-11-17,0.35882142186164856,0.36208677775636,0.339885265927979,0.34053741429503015,10584472
2015-11-18,0.3428231179714203,0.36861649200437974,0.3428231179714203,0.3624132948607105,10449400
2015-11-19,0.3424966037273407,0.3487007520332082,0.3369464773836732,0.34478235287939607,5690267
2015-11-23,0.3372730314731598,0.3464150498428416,0.3369464958621015,0.3451089073986086,3960196
2015-11-24,0.3500059247016907,0.3500059247016907,0.3336811034067852,0.34021086414077434,4149871
2015-11-25,0.3336810767650604,0.3431496289584934,0.3297636289117777,0.3428230934090728,4356790
2015-11-26,0.34510886669158936,0.350005921539886,0.3333545927839053,0.3340076359649941,6555303
2015-11-27,0.3264982998371124,0.3490263463147549,0.3264982998371124,0.3490263463147549,6181699
2015-11-30,0.288297563791275,0.32878402994189393,0.288297563791275,0.32813095882780097,10001076
2015-12-01,0.26119908690452576,0.29711314445545234,0.26119908690452576,0.2967866087892024,9972337
2015-12-02,0.2638103663921356,0.27327891999685794,0.25923984675877504,0.2657695799806803,7176059
2015-12-03,0.2830740213394165,0.2876454919447394,0.26609612699041263,0.2677288050508846,7578401
2015-12-04,0.26152554154396057,0.2830739805839004,0.26152554154396057,0.2830739805839004,5445988
2015-12-07,0.27393200993537903,0.2771973381757021,0.2611990502544768,0.26544306254411804,6552429
2015-12-08,0.25956639647483826,0.27360547047651484,0.25760718277973077,0.27360547047651484,6388618
2015-12-09,0.2647899389266968,0.2775238189007629,0.2615255341440652,0.2634837967033282,12104750
2015-12-10,0.27752381563186646,0.29645996939230845,0.26119899551161335,0.2726258103159207,14369362
2015-12-11,0.2621777057647705,0.27327890894708257,0.26185117017988285,0.2726258377773073,6368501
2015-12-14,0.2556479573249817,0.2654430466099878,0.25401530728482524,0.26283076180334125,8857274
2015-12-15,0.2873189151287079,0.3264982892616235,0.27262582139552366,0.2729523569607901,35288280
2015-12-16,0.29972535371780396,0.30299068158758896,0.28242092527849605,0.2905833361230828,11449507
2015-12-17,0.3460885286331177,0.34935293410358703,0.30070497050727935,0.30070497050727935,25623447
2015-12-18,0.3428231179714203,0.36567862262487516,0.33368110067240714,0.34772112359966484,26514347
2015-12-21,0.3297637104988098,0.35784188770075515,0.32943717486860086,0.35588359673150755,7058230
2015-12-22,0.35523054003715515,0.35555704769104934,0.3297636980613869,0.3317219609927761,13544560
2015-12-23,0.38526788353919983,0.38526788353919983,0.355883566326847,0.355883566326847,10478139
2015-12-28,0.5289278626441956,0.5289278626441956,0.38526790528514204,0.38526790528514204,28801949
2015-12-29,0.5860646367073059,0.5876972865450762,0.5044405340170486,0.5452525853621772,48324165
2015-12-30,0.5762696266174316,0.583126790088023,0.5426403479774459,0.5632101046214288,22189169
2016-01-04,0.5860646367073059,0.5974924025798608,0.5426403008793539,0.553414995631203,15553397
2016-01-05,0.5919422507286072,0.6066344221700947,0.5860646662737244,0.5978189403356302,10797138
2016-01-06,0.5406811237335205,0.5974924426015207,0.5406811237335205,0.5919422605155638,13170957
2016-01-07,0.46885213255882263,0.5223980708676008,0.4277126176065624,0.5223980708676008,25448140
2016-01-08,0.4708104431629181,0.4979099071131512,0.4652602884730021,0.48974749546211416,10960949
2016-01-11,0.4708104431629181,0.4913802015043131,0.4577509480532451,0.47309616450839914,3822250
2016-01-12,0.44403836131095886,0.4793002912201182,0.4410995688692206,0.4793002912201182,2641088
2016-01-13,0.4410995841026306,0.4570978716065258,0.4179184918765735,0.44599663954139274,5744871
2016-01-14,0.46330103278160095,0.46330103278160095,0.4113877750044788,0.4358759305497394,4644177
2016-01-15,0.47015827894210815,0.47015827894210815,0.4476292810400248,0.4574243698574691,2649710
2016-01-18,0.4636276364326477,0.5034610128899647,0.4636276364326477,0.4737492623459665,3905592
2016-01-19,0.4538324773311615,0.48811574951591946,0.4538324773311615,0.46852557192802263,2204260
2016-01-20,0.45056813955307007,0.4561182662334588,0.4342433163849103,0.45024160394010865,2419800
2016-01-21,0.44730275869369507,0.4633010453644057,0.44730275869369507,0.4489354366682371,1718575
2016-01-22,0.41628584265708923,0.4574244389085897,0.41628584265708923,0.45383254692868824,1936990
2016-01-26,0.41824498772621155,0.43032484673871135,0.41563270307924566,0.4162857742409871,3031935
2016-01-27,0.42379510402679443,0.4319575146192916,0.4215093550137411,0.4218358905870344,1442683
2016-01-28,0.4195501208305359,0.43326360661296476,0.4195501208305359,0.42379505482654056,1014476
2016-01-29,0.4619958996772766,0.47570846651048276,0.4215094248083857,0.4273861153249029,4192979
2016-02-01,0.4750553369522095,0.4750553369522095,0.4544855524329321,0.4619958429765192,2212881
2016-02-02,0.4570979177951813,0.4923598245212473,0.4570979177951813,0.4717900643360258,2842259
2016-02-03,0.4734226167201996,0.4734226167201996,0.45220074040866226,0.46493369841161064,1776053
2016-02-04,0.4750553369522095,0.4979098638786161,0.4701582818827938,0.47995239202162515,1991593
2016-02-05,0.45122116804122925,0.48452391247708054,0.4489354467893367,0.475055358751172,2414052
2016-02-10,0.43881380558013916,0.4505681080858867,0.4342432860578347,0.4505681080858867,1163918
2016-02-11,0.4133470058441162,0.4339167925385697,0.4133470058441162,0.432284114429489,2092179
2016-02-12,0.49725696444511414,0.49725696444511414,0.4153062723844159,0.4153062723844159,6997879
2016-02-15,0.5664754509925842,0.5808410591740543,0.5044405693259065,0.5044405693259065,6736357
2016-02-16,0.6213265657424927,0.6252449365606623,0.5687601847063584,0.5772491585472261,8696338
2016-02-17,0.553415060043335,0.642549463032093,0.553415060043335,0.6223062134136891,9670580
2016-02-18,0.5821472406387329,0.5863912247658657,0.5325187503182516,0.5534150715685515,7394473
2016-02-19,0.5876975059509277,0.6023896821362575,0.5779024421873281,0.5811677990099171,4080898
2016-02-22,0.5961863994598389,0.6092468182178412,0.5841065104235128,0.6007578424435475,1988719
2016-02-23,0.6200205087661743,0.6200205087661743,0.5860647205886872,0.598145559311036,3612457
2016-02-24,0.6203470230102539,0.6317747906400256,0.5974924944546568,0.6056549059787943,3575097
2016-02-25,0.611204981803894,0.6285093822812028,0.610878418256482,0.610878418256482,2353701
2016-02-26,0.6203470230102539,0.6347135831710978,0.6167561100340041,0.6210000942313807,2738800
2016-02-29,0.6432024836540222,0.6983801442586282,0.620346951045873,0.620346951045873,5716132
2016-03-01,0.6791176199913025,0.7016457006580166,0.6343871833678529,0.6513650805234305,8403203
2016-03-02,0.7218887805938721,0.7280919784955818,0.6863003417312992,0.688911675857097,6842690
2016-03-03,0.821470320224762,0.834530736354904,0.7267857987806201,0.7329889958869251,8084203
2016-03-04,0.8260417580604553,0.8835051950209653,0.7999218767097028,0.8488963396474205,6138591
2016-03-07,0.8253887295722961,0.8567322308736719,0.8253887295722961,0.8260418007443977,3497502
2016-03-08,0.8159201741218567,0.8257152909011526,0.8015545658540156,0.8175528800117149,2954340
2016-03-09,0.8717518448829651,0.8897084214895045,0.8175528669757801,0.8175528669757801,6701870
2016-03-10,0.886444091796875,0.8933003608189541,0.8622833650817725,0.8870971630123053,2531881
2016-03-11,0.8818724751472473,0.8962390332581354,0.8802407760672042,0.8815459675472715,2017458
2016-03-14,0.914196789264679,0.920726495479526,0.873710284127699,0.8864441955795049,5721880
2016-03-15,0.9021158218383789,0.9301949192442255,0.8897084757468914,0.8995035370393472,4572331
2016-03-16,0.9324806332588196,0.9439075055782621,0.9034219572423463,0.9037484648756994,4483241
2016-03-17,0.9341124296188354,0.9794959859519798,0.9305215166295644,0.9468463397370361,5213204
2016-03-18,0.8978717923164368,0.9301948721441262,0.8733836090092939,0.9301948721441262,7222041
2016-03-21,0.9749253988265991,0.9749253988265991,0.8916676857778801,0.8916676857778801,9624598
2016-03-22,1.0023515224456787,1.0114925061772078,0.9765571945319016,0.9794959870770058,9342959
2016-03-23,1.0317356586456299,1.0323887857358325,0.9821081786847675,1.0121455371870205,7046735
2016-03-24,1.0317356586456299,1.0496931301627084,1.005289212795676,1.0180231217189246,6512195
2016-03-28,0.9736194610595703,1.054591469900306,0.9550088575453568,1.0431637002883958,8365842
2016-03-29,0.9866788387298584,1.008228120208183,0.9259500369236411,0.9759050928386697,4810862
2016-03-30,0.9925564527511597,1.0030036912912774,0.9713335664550462,0.979496034340013,6132843
2016-03-31,0.9550086259841919,0.9945145943638856,0.9550086259841919,0.9873317622032053,3304953
2016-04-01,0.9687210917472839,0.9687210917472839,0.9687210917472839,0.9687210917472839,5747
2016-04-04,0.9432544112205505,0.9863521899043244,0.9177875979263173,0.9661099463491799,3905592
2016-04-05,0.9243173003196716,0.9373777171297306,0.9184406105142838,0.9357450112264922,4813736
2016-04-06,0.8978717923164368,0.9223590248477097,0.8733836090092939,0.9145231216233008,7644500
2016-04-07,0.8897085189819336,0.9210529739097416,0.8897085189819336,0.8978718814116057,2735926
2016-04-08,0.927256166934967,0.9412961636694122,0.8776286260452988,0.910604780136409,5437366
2016-04-11,0.9367247223854065,0.9367247223854065,0.9367247223854065,0.9367247223854065,43108
2016-04-12,0.949458658695221,0.949458658695221,0.949458658695221,0.949458658695221,31612
2016-04-13,0.9318276047706604,0.9318276047706604,0.9318276047706604,0.9318276047706604,17243
2016-04-14,0.9337857961654663,0.9468462121718327,0.9239916306844799,0.9403165075205567,3307827
2016-04-15,0.9305214881896973,0.9484789608430672,0.9305214881896973,0.9461931836666971,5012033
2016-04-18,0.9370512366294861,0.9461932271956265,0.9292153885305037,0.9360716577431166,3974565
2016-04-19,0.9390103816986084,0.9468462287581666,0.9331327413760657,0.9370511123297701,1638107
2016-04-20,0.9484789371490479,0.9501115871531021,0.9141966427435562,0.946193160029779,6555303
2016-04-22,0.941621720790863,0.9452136402965646,0.9334593096632532,0.937377736799658,2583611
2016-04-25,0.9347655177116394,0.9468463568243628,0.9288888273700833,0.9308480410759252,4899952
2016-04-26,0.9468462467193604,0.9501115465880566,0.9213793797607631,0.943907454466337,3764772
2016-04-27,1.128379464149475,1.128379464149475,0.9432543412850007,0.9432543412850007,9113049
2016-04-28,1.057529091835022,1.1427450074203178,1.057529091835022,1.1401337294689757,2500269
2016-04-29,1.0457758903503418,1.088547165156371,1.0457758903503418,1.0565496368701917,4296439
2016-05-02,1.139480710029602,1.142745115381141,1.046102318886754,1.057855699393823,3172755
2016-05-03,1.126093864440918,1.19825038209248,1.100627049024136,1.128053022328367,5917303
2016-05-04,1.046427845954895,1.142745021757332,1.046427845954895,1.142745021757332,7052483
2016-05-05,0.9305214881896973,1.0774457865143983,0.9305214881896973,1.049693196583928,4960303
2016-05-06,1.1100952625274658,1.182578269224402,1.0774456222869597,1.0774456222869597,12636417
2016-05-09,1.1443778276443481,1.1518871684055443,1.0918115474679682,1.107809863845822,4112511
2016-05-10,1.142744779586792,1.1584174776894072,1.1296853723222129,1.1466632057883601,1827782
2016-05-11,1.1525400876998901,1.1561320069513399,1.1349091243138656,1.144377621222061,1543269
2016-05-12,1.126420259475708,1.1538463418934528,1.126420259475708,1.1538463418934528,8394581
2016-05-13,1.098015546798706,1.1280529072786833,1.093770611928837,1.1100954345792462,2460034
2016-05-16,1.1127077341079712,1.1221763438967491,1.0754866458066843,1.0754866458066843,2316341
2016-05-17,1.1169519424438477,1.1296858542920811,1.0927912680759102,1.1091160934012771,3129647
2016-05-18,1.137195110321045,1.1460105936345415,1.1068311276492282,1.118258001167606,1592125
2016-05-19,1.126093864440918,1.1453574815154643,1.118584523555049,1.13719512528578,1574882
2016-05-20,1.142744779586792,1.142744779586792,1.1162983389452077,1.1195637500411622,3011818
2016-05-23,1.1019331216812134,1.1427451239532715,1.0973625738443913,1.1427451239532715,1606494
2016-05-24,1.128379464149475,1.1355621843762378,1.0856081962815791,1.1133607847430065,2491647
2016-05-25,1.1100952625274658,1.149275613807891,1.1100952625274658,1.1358886908438162,1089197
2016-05-27,1.0970360040664673,1.1231558316912953,1.0970360040664673,1.1019330592771621,2020332
2016-05-30,1.1254407167434692,1.1254407167434692,1.0800580572374179,1.0970360067559737,2773286
2016-05-31,1.1349092721939087,1.1349092721939087,1.1100954737755429,1.1149935359515633,775945
2016-06-01,1.1045455932617188,1.1345829599762345,1.10389246599295,1.1254409679097057,3842367
2016-06-02,1.1306650638580322,1.1306650638580322,1.101932954199378,1.1068309037909299,4078025
2016-06-03,1.142418384552002,1.142418384552002,1.1029124208988916,1.1254405494136894,8457806
2016-06-06,1.217840313911438,1.2188199486279723,1.130991747774401,1.1329509053514846,6813951
2016-06-07,1.2423276901245117,1.2423276901245117,1.2038004593593226,1.2139219725874686,6446095
2016-06-08,1.2423276901245117,1.2635504632224794,1.221104805170551,1.2570198629339069,5604051
2016-06-09,1.230573296546936,1.2423275705720733,1.1842111172217014,1.242001062960264,2638214
2016-06-10,1.2011889219284058,1.2256762091734028,1.1786600091664818,1.2256762091734028,5095375
2016-06-13,1.145684003829956,1.198576905082977,1.1440513535935486,1.1966177471704889,6937528
2016-06-14,1.137195110321045,1.149602401690266,1.0957299788064527,1.1456839741109293,10940832
2016-06-15,1.135888695716858,1.1505817609519509,1.1189107484917895,1.1398071223576196,3307827
2016-06-16,1.1068310737609863,1.1342562623770518,1.1061780584575573,1.1296857145330288,1908251
2016-06-17,1.1656007766723633,1.1672334269484292,1.1087894463583632,1.1087894463583632,2385314
2016-06-20,1.2015154361724854,1.2145749573791333,1.1786600156810787,1.1802926655618717,5862699
2016-06-21,1.2302467823028564,1.233512194268189,1.1962911063302548,1.2018421836297293,6687501
2016-06-22,1.2260029315948486,1.2521228732883096,1.224370281437009,1.2286152165897914,5454609
2016-06-23,1.2390623092651367,1.2390623092651367,1.210984217225576,1.2260028980556603,5856952
2016-06-24,1.2080453634262085,1.2188200035215373,1.1819254237710723,1.2086983786959853,3954448
2016-06-27,1.207718849182129,1.2194732369184407,1.148949371332565,1.2080454687014706,6466213
2016-06-28,1.2406949996948242,1.2413480149600429,1.227961985014984,1.2312263902051421,8771058
2016-06-29,1.2488574981689453,1.2537555606437834,1.23645110155486,1.2433074270580153,7897401
2016-06-30,1.2570199966430664,1.2602852971346825,1.2455931227624815,1.2498371632959462,2350827
2016-07-01,1.27334463596344,1.286405053037314,1.261264748484804,1.261264748484804,7906023
2016-07-04,1.281507968902588,1.281507968902588,1.2504899684229942,1.2733446071899441,3577971
2016-07-05,1.278242588043213,1.2857519279876046,1.2612647505126082,1.2612647505126082,4279196
2016-07-06,1.27334463596344,1.2844457835426542,1.2700802307948997,1.2805283631132196,1643855
2016-07-07,1.292934775352478,1.3010972425098244,1.2733446528340646,1.2733446528340646,1494413
2016-07-08,1.36476469039917,1.3869662014483892,1.2909755356153896,1.2929346931554664,4345295
2016-07-11,1.3595409393310547,1.3931702149743865,1.3428887163873662,1.3823955761754603,6529438
2016-07-12,1.36476469039917,1.3660708327112154,1.3353794525616913,1.3660708327112154,1528900
2016-07-13,1.371294379234314,1.3872926928542542,1.3634585321574353,1.3680299742681936,1902503
2016-07-14,1.3925174474716187,1.3987206454675405,1.3716210694921367,1.3872928775887632,4351042
2016-07-15,1.3895782232284546,1.3987203235715528,1.37782395040108,1.3987203235715528,1592125
2016-07-18,1.388598918914795,1.4019858435965493,1.3837018637462855,1.3889254265446915,2885367
2016-07-19,1.4039440155029297,1.4222279941696225,1.3899049713180733,1.3974143107516337,1698458
2016-07-20,1.4088420867919922,1.4166779338884514,1.3918641384430424,1.4049236598918442,2833638
2016-07-21,1.4039440155029297,1.4186370816091376,1.400679610551206,1.40165924523347,4730394
2016-07-22,1.404923677444458,1.4199432514508468,1.400026622497932,1.4127595246388156,1750188
2016-07-25,1.4751211404800415,1.4885081784741232,1.4039442591152296,1.40492389396748,3322196
2016-07-26,1.4793659448623657,1.485895762025195,1.4620615994056958,1.4751210100193732,3736034
2016-07-27,1.4705506563186646,1.4777334897018202,1.4561840947043108,1.4741416815142236,3928583
2016-07-28,1.438553810119629,1.4636941127941852,1.438553810119629,1.4617348434458806,2934223
2016-07-29,1.5018941164016724,1.5018941164016724,1.4365948196343028,1.4365948196343028,7155942
2016-08-01,1.5018941164016724,1.5234435107285147,1.48556929220983,1.5067921788672354,3348061
2016-08-02,1.431696891784668,1.5051595525918229,1.4039442987213417,1.501894140277536,9443544
2016-08-03,1.449654221534729,1.4872019292270144,1.4427980084770202,1.4447571661849208,12435246
2016-08-04,1.6324936151504517,1.6357589153538263,1.496670459924659,1.5018940230309004,20783845
2016-08-05,1.7304434776306152,1.743829508474339,1.6520837658075234,1.6977938307376534,7273771
2016-08-08,1.7320759296417236,1.7627664152410873,1.7157511080625012,1.7448089437199668,5000538
2016-08-09,1.8447182178497314,1.8447182178497314,1.7464417644430907,1.746768272092202,9363076
2016-08-10,1.9002231359481812,1.9002231359481812,1.8411261510290335,1.8424322933771087,6661636
2016-08-11,1.926343321800232,1.926343321800232,1.8127216745226535,1.9096910953216881,7308257
2016-08-12,1.9580131769180298,1.958992811689736,1.9096909412573633,1.9260165468979258,2520386
2016-08-15,1.9410351514816284,1.9753176692034968,1.9096908668244084,1.9576867048317879,4606817
2016-08-16,2.0288636684417725,2.0399647045057536,1.939402588360969,1.9410352384193088,9966589
2016-08-17,2.063472270965576,2.067716310829069,1.9942546675728163,2.0308226268836886,3687178
2016-08-18,2.0177624225616455,2.071634953194218,2.0177624225616455,2.059880678056365,3368178
2016-08-19,2.0014374256134033,2.042576045044737,1.9965403704048728,2.037352594059631,1865143
2016-08-22,2.0177624225616455,2.0451883934140125,1.9710728363568866,2.0014374878497097,6138591
2016-08-23,2.0536770820617676,2.061513040682424,2.010252802050965,2.010252802050965,4747637
2016-08-24,2.0536770820617676,2.076205099564229,2.029516414717368,2.055309731903705,4960303
2016-08-25,2.016455888748169,2.050411784035787,2.016455888748169,2.03408685158689,873657
2016-08-26,2.0269041061401367,2.053677057655857,1.9785827720255893,2.0138446972554673,4980421
2016-08-29,2.0536770820617676,2.0536770820617676,1.9916422045789461,2.0164558871177296,2856629
2016-08-30,1.9932752847671509,2.048780469713556,1.9916426345727256,2.0415966298884825,6032258
2016-08-31,1.9753178358078003,2.006334608751341,1.9540949501938274,1.9981722529847266,2891115
2016-09-01,2.065431833267212,2.0817567694786465,1.9629104374446613,1.9743383178454768,10003950
2016-09-02,2.146728754043579,2.146728754043579,2.057920932869034,2.074573154367038,10926463
2016-09-05,2.15423846244812,2.171216411437064,2.15423846244812,2.1548914776947696,1224269
2016-09-06,2.1581568717956543,2.158483491289215,2.1300778861006164,2.153911936939277,1158170
2016-09-08,2.1516270637512207,2.174481702442101,2.1238744751626486,2.145096463887631,3046304
2016-09-09,2.1513009071350098,2.1617489284879303,2.112447055079841,2.1496682569876184,5213204
2016-09-12,2.1450963020324707,2.1581566059263184,2.0984076171635766,2.1336695428291486,2595106
2016-09-13,2.024292230606079,2.145096708855746,1.9919692027544067,2.1398730337314316,4362538
2016-09-14,2.0102531909942627,2.0451885039493005,1.997192660867676,2.0448621081449345,4138376
2016-09-15,2.0262513160705566,2.0471475806521466,2.0047029310776985,2.013191682023007,1957107
2016-09-16,2.040616750717163,2.062166028129938,1.9328726007728,2.0197213833377905,3287710
2016-09-19,2.0961217880249023,2.1104874515808105,2.0451881673740973,2.05204449154542,4118259
2016-09-20,2.1353025436401367,2.1467293047216147,2.068043086091514,2.088939352044324,3161259
2016-09-21,2.2760226726531982,2.283206288139139,2.135302466261979,2.135302466261979,7963500
2016-09-22,2.2995316982269287,2.331201715361039,2.233251864182213,2.2854915312706203,4652799
2016-09-23,2.2727580070495605,2.328262062232374,2.2727580070495605,2.3138966226019386,2276107
2016-09-26,2.322385549545288,2.322385549545288,2.2805939156092347,2.2805939156092347,2977331
2016-09-27,2.4258856773376465,2.4291509773246824,2.3240184295233957,2.334140054120097,5862699
2016-09-28,2.4487416744232178,2.465066387750288,2.3981335418675824,2.4382934283668196,3514746
2016-09-29,2.4533114433288574,2.4702893911263417,2.4134790820623517,2.4206618018474915,1799044
2016-09-30,2.497715711593628,2.497715711593628,2.418703098241496,2.4598414957264785,7063978
2016-10-03,2.5404863357543945,2.571830838129724,2.4898793412654885,2.514366401817471,3284836
2016-10-04,2.579340696334839,2.5842377514930495,2.5271008179330874,2.540486847738783,2500269
2016-10-05,2.643007516860962,2.643660532164301,2.571178518037526,2.576728588835932,3580845
2016-10-06,2.701777219772339,2.701777219772339,2.631906392170718,2.631906392170718,1856521
2016-10-07,2.7752392292022705,2.7752392292022705,2.7066746461125106,2.7066746461125106,5650033
2016-10-10,2.9548144340515137,2.9548144340515137,2.7915644208283052,2.7915644208283052,5089628
2016-10-11,2.9505693912506104,3.047866201388002,2.841845821092531,3.0135839079182047,7132951
2016-10-13,2.8895139694213867,2.96395613645941,2.8405393952592153,2.9466517928877614,4701655
2016-10-14,2.9704861640930176,2.9871377179855214,2.88886126838087,2.927388498349556,3468764
2016-10-17,2.938488483428955,3.0070541886017366,2.930326128518259,2.9890966051166608,1764557
2016-10-18,2.9711389541625977,2.9802809428907726,2.889840466514491,2.9303258413371154,5000538
2016-10-19,3.003462314605713,3.003462314605713,2.944366336199082,2.957099126834308,1876638
2016-10-20,3.003789186477661,3.011624922690019,2.933591719242046,2.998892130984927,3198620
2016-10-21,3.0370914936065674,3.0393771587561718,2.9665676388133932,2.9779952934255185,2965836
2016-10-24,3.206871271133423,3.2280932597561995,3.0282759651526345,3.0370915590477163,2681323
2016-10-25,2.709939956665039,3.271517375143342,2.709939956665039,3.2065447109882297,8877392
2016-10-26,2.2691667079925537,2.6936159681268252,2.1914601146526955,2.6936159681268252,13173831
2016-10-27,2.9708123207092285,2.9939933525835976,2.3837671179113697,2.4160903621827465,14286020
2016-10-28,2.8402130603790283,3.052763137376207,2.7278975752050143,2.969506493743528,8052590
2016-10-31,3.0188074111938477,3.1605081311493057,2.9188992168937093,3.101738552452293,8443437
2016-11-01,3.007054328918457,3.0527633843240722,2.945019444369799,3.020113739445805,7153068
2016-11-03,3.003789186477661,3.036438833069123,2.8731894815518566,2.999870647235508,4236088
2016-11-04,3.0302350521087646,3.036111741498313,2.945998775659297,2.9907281916981656,2971584
2016-11-07,3.0690882205963135,3.095207935664696,3.005747978669077,3.0299086479937394,2471530
2016-11-08,3.09879994392395,3.100432593946504,2.9711393742582666,3.0364386638010425,2428422
2016-11-09,3.199361801147461,3.199361801147461,2.922163665922629,2.9384883751424375,5250565
2016-11-10,3.0961878299713135,3.231032469857573,2.9855049799952593,3.199035838587462,3888349
2016-11-11,3.092923164367676,3.1621409909294016,2.9845253177911006,3.0527632859132994,2664079
2016-11-14,3.007054328918457,3.1343885032236503,3.005421678890559,3.1343885032236503,1617990
2016-11-16,2.991055488586426,3.0997799715725107,2.9812613769055463,3.0325214039929524,2227251
2016-11-17,2.995953321456909,3.0465605549167627,2.9479574781559164,3.00378928162948,2267485
2016-11-18,3.046233654022217,3.0530899787199073,2.9652617747689214,3.029582324085565,3029061
2016-11-21,3.132755994796753,3.132755994796753,3.036438810988379,3.0491727211608284,1385206
2016-11-22,3.1513664722442627,3.1526725027898532,3.0883519525474146,3.1304699835148204,3121025
2016-11-23,3.2124216556549072,3.215033940403784,3.0919438078635157,3.1503867720123604,3238854
2016-11-24,3.180098295211792,3.199688528587756,3.1738943148993273,3.1738943148993273,290261
2016-11-25,3.180098295211792,3.199688528587756,3.1180634137504524,3.186301604388351,1945611
2016-11-28,3.206545114517212,3.261722781217986,3.177159873912674,3.177159873912674,2960088
2016-11-29,3.3025360107421875,3.3626118574556934,3.1928318918656813,3.202300502663098,3020439
2016-11-30,3.39558744430542,3.39558744430542,3.323104539331618,3.3335525598963427,3747529
2016-12-01,3.281312942504883,3.391995564057603,3.281312942504883,3.3629378384543016,2701440
2016-12-02,3.2323381900787354,3.2754360773555127,3.1529989636886597,3.273476807923696,3451520
2016-12-05,3.1931581497192383,3.2777219508262476,3.173894534484641,3.2715177463725773,1732945
2016-12-06,3.328655481338501,3.328655481338501,3.1539787083693476,3.168997388275895,3667061
2016-12-07,3.341714859008789,3.359672442989611,3.302862129097597,3.344980382714337,2483025
2016-12-08,3.4409711360931396,3.5219432427753734,3.337471232205504,3.337471232205504,3563601
2016-12-09,3.4674177169799805,3.5017000133835716,3.3877518641189264,3.444562181574951,2023206
2016-12-12,3.379589319229126,3.4674177523460776,3.376324018997399,3.457622522786872,2043323
2016-12-13,3.4380321502685547,3.4794971635894614,3.362937635315788,3.3632642547894784,3304953
2016-12-14,3.363264560699463,3.5252076558601937,3.363264560699463,3.4321557727498497,3212989
2016-12-15,3.465785503387451,3.4902725734158273,3.379263314575628,3.3835073552625428,3810754
2016-12-16,3.493537187576294,3.526186831577446,3.4168102445336195,3.4804768825518857,2313467
2016-12-19,3.4217076301574707,3.499740834952172,3.4217076301574707,3.47688619379971,1928368
2016-12-20,3.387425422668457,3.4605615738249,3.3208200959641294,3.4605615738249,1577755
2016-12-21,3.474600076675415,3.474600076675415,3.474600076675415,3.474600076675415,3112403
2016-12-22,3.4527244567871094,3.499740662248476,3.438032395932397,3.493210956851708,758702
2016-12-23,3.4543569087982178,3.4804768474476666,3.4318288895622135,3.4318288895622135,623630
2016-12-26,3.460887908935547,3.466764599392976,3.4403182619185597,3.4406448814346375,316125
2016-12-27,3.4249725341796875,3.4674174061383343,3.4086478243469447,3.460887477462843,612134
2016-12-28,3.465131998062134,3.4713353081230487,3.395587767037348,3.4282374149453223,902395
2016-12-29,3.466438055038452,3.49321101088162,3.3985264780602527,3.49321101088162,928260
2017-01-02,3.320819616317749,3.443256505774513,3.320819616317749,3.4292165663167467,1799044
2017-01-03,3.3106980323791504,3.404729319440608,3.2649878600590077,3.3462863565418153,1439810
2017-01-04,3.1343886852264404,3.3123309939133185,3.105003443849754,3.2976378139449936,3083665
2017-01-05,3.242133378982544,3.242133378982544,3.1490806035600953,3.149407223054593,3100908
2017-01-06,3.2212371826171875,3.2604176526506494,3.199688796575534,3.2421334482158333,718468
2017-01-09,3.0746395587921143,3.2323386216224455,3.0746395587921143,3.221563980580771,3350935
2017-01-10,3.1477749347686768,3.199689095977535,3.085740937154937,3.0886787232471846,2241620
2017-01-11,3.1833624839782715,3.2094824205183436,3.1334084996377016,3.1334084996377016,3227358
2017-01-12,3.39558744430542,3.411585759074175,3.2182983853306686,3.2258086201844978,4626934
2017-01-13,3.460887908935547,3.4896192407505238,3.3694677775213755,3.395261323387631,2600854
2017-01-16,3.392648458480835,3.4488066478551884,3.3717530903674584,3.4488066478551884,2138161
2017-01-17,3.460887908935547,3.469376884385606,3.3711006513897672,3.3955877191917114,2138161
2017-01-18,3.478843927383423,3.493210485361928,3.455989290443545,3.4608872399659822,1169666
2017-01-19,3.5065970420837402,3.513127642430767,3.449786725061084,3.4788444514407417,1724323
2017-01-20,3.9147207736968994,3.917986074170293,3.472641460653793,3.472641460653793,8397455
2017-01-23,4.081233978271484,4.121393848792589,3.7942415516580974,3.914719373525988,3109530
2017-01-24,4.25885009765625,4.25885009765625,4.009405452897006,4.081234439530509,3873980
2017-01-26,4.163512706756592,4.299988636142076,4.112905481730091,4.2735423029307515,2977331
2017-01-27,4.058053493499756,4.188979589293628,3.9529209419247775,4.130863242919254,1482918
2017-01-30,3.806976318359375,4.113558838386013,3.794242631775478,4.07927676530995,1100693
2017-01-31,4.178857803344727,4.178857803344727,3.8451757336781105,3.8451757336781105,2207134
2017-02-01,4.1465349197387695,4.244484521235849,3.9330040815453127,4.211834206646216,3155511
2017-02-02,4.1465349197387695,4.160573740700741,4.049238109769992,4.144575650305986,4075151
2017-02-03,4.1465349197387695,4.18702052236378,4.089397092918882,4.130209762443953,1207026
2017-02-06,4.53800630569458,4.53800630569458,4.111925420192806,4.111925420192806,2793404
2017-02-07,4.570982456207275,4.644118361634921,4.538332594303619,4.571308628206888,1597873
2017-02-08,4.473033428192139,4.636283669241544,4.456708717283976,4.599389088813788,2301971
2017-02-09,4.473033428192139,4.521029044697909,4.473033428192139,4.521029044697909,954125
2017-02-10,4.514825344085693,4.538332996180602,4.483154442800233,4.483154442800233,1799044
2017-02-13,4.96278190612793,5.028082091926003,4.515152570935326,4.515152570935326,2658332
2017-02-14,4.881157875061035,5.237694372860379,4.864832716853303,5.018287056370956,2710061
2017-02-15,5.028082847595215,5.0969740685108205,4.89748335121924,4.930132777889199,2965836
2017-02-16,5.093381404876709,5.118521710300299,5.004573563437779,5.063997283102183,2977331
2017-02-17,5.339888572692871,5.347071517468288,5.077383574027662,5.093381666303094,4299313
2017-02-20,5.7463788986206055,5.779029663405633,5.439797277624746,5.583129996359223,3167007
2017-02-21,6.2524518966674805,6.262246901361575,5.748337564086873,5.811678922552897,5187339
2017-02-22,6.323302745819092,6.366727033650346,6.103568797990882,6.254085359868275,6569672
2017-02-23,6.695838451385498,6.695838451385498,6.249514246910483,6.355626658524137,7130077
2017-02-24,6.794765949249268,7.117673568909455,6.371950362001758,6.621068831768972,4465997
2017-03-01,7.019723892211914,7.117673937882374,6.925039146346419,6.932875328969626,3862484
2017-03-02,6.464676380157471,7.061190030156903,6.334076911559212,7.0298457460632955,4552214
2017-03-03,6.367053985595703,6.660577113019911,6.1642979778690075,6.39937813337082,3066421
2017-03-06,6.367380142211914,6.627926311285045,6.307957763446443,6.399377668131744,1523152
2017-03-07,6.043493270874023,6.399377896551027,5.762378563988553,6.399377896551027,4897078
2017-03-08,5.7463788986206055,6.1120576208854045,5.390822249007148,6.1120576208854045,5785105
2017-03-09,6.05622673034668,6.120872779180712,5.388535975769891,5.693812439259963,4736141
2017-03-10,5.583129405975342,6.20347731660546,5.579211762039384,6.196620992293605,3319322
2017-03-13,5.5524396896362305,5.779029969002797,5.397352239954086,5.713729778251578,2589359
2017-03-14,5.648429870605469,5.648429870605469,5.4166150462793246,5.544929972085037,3980313
2017-03-15,5.736258506774902,5.736258506774902,5.459712910087012,5.628513445861492,2011710
2017-03-16,6.397744655609131,6.397744655609131,5.81265864103916,5.81265864103916,4063655
2017-03-17,6.004313945770264,6.432353730471303,6.004313945770264,6.432353730471303,2836512
2017-03-20,6.383378028869629,6.4646762999711465,5.936401518683136,6.004313313099699,2373818
2017-03-21,6.007578372955322,6.399051091937218,5.944564521477003,6.399051091937218,3075043
2017-03-22,5.954032897949219,6.05622676491265,5.88742623700377,6.020964836105247,1787548
2017-03-23,6.170827865600586,6.1806233183717945,5.970684389812515,5.974928206079583,830549
2017-03-24,5.9455437660217285,6.203477401586218,5.918117573550737,6.203477401586218,1758809
2017-03-27,5.925953388214111,5.925953388214111,5.770866853781702,5.8564093899569425,1997341
2017-03-28,5.76760196685791,5.987988699232841,5.72940135532115,5.986356049149125,2368070
2017-03-29,5.888405799865723,5.903751098258071,5.743113828353721,5.787191349006366,1347846
2017-03-30,5.909628868103027,5.9393396085466525,5.762704683936461,5.845634714374776,844918
2017-03-31,5.782294273376465,6.1868268607713865,5.782294273376465,5.905710812951596,4121133
2017-04-03,5.974602222442627,6.102263925034704,5.779356675972895,5.828331260497356,1379458
2017-04-04,6.000722408294678,6.138178222879039,5.880244545184909,6.007578733820337,1744440
2017-04-05,6.099977970123291,6.100304142197907,5.941952297923717,6.035003955951096,4198727
2017-04-06,6.138177394866943,6.138177394866943,6.029779994643179,6.03892220820149,1221395
2017-04-07,6.123486042022705,6.177358128874799,6.057533507140991,6.068633649184208,1344972
2017-04-10,6.040228366851807,6.106180895513879,5.942604933258798,6.10585427602388,1290368
2017-04-11,6.115649223327637,6.115649223327637,5.900487070347623,6.055573608935547,1968602
2017-04-12,5.859673976898193,6.045778629355957,5.823433531265039,6.030759949406228,2474404
2017-04-13,5.616105556488037,5.942278503215705,5.517830230453415,5.8596737532373755,1298990
2017-04-17,6.195315361022949,6.195315361022949,5.567784466177982,5.681079371477833,2546251
2017-04-18,6.428435325622559,6.428435325622559,6.056553532615549,6.072225004220198,3003196
2017-04-19,6.725875377655029,6.791175559963549,6.383051545799031,6.425496865640344,2735926
2017-04-20,6.9936041831970215,6.996869483004265,6.664820080736637,6.725548482701213,1865143
2017-04-24,6.85647439956665,7.313246789291804,6.747098044286444,7.024621675706377,3813628
2017-04-25,6.840150356292725,7.0096036793295875,6.821866376249102,6.821866376249102,1617990
2017-04-26,6.927332878112793,6.9916383812951315,6.856464909892983,6.857121336239565,1008729
2017-04-27,7.282984256744385,7.282984256744385,6.954892925457583,6.954892925457583,6394366
2017-04-28,7.309560775756836,7.7679060499899295,7.185213822979956,7.267237005835328,4167115
2017-05-02,7.5126495361328125,7.5851581265754575,7.2839690120664295,7.480168568696955,2066314
2017-05-03,7.54611349105835,7.642901306129929,7.340400717822465,7.529709576787629,2095053
2017-05-04,7.447687149047852,7.59860992856085,7.379444426898817,7.480825444087445,3345187
2017-05-05,8.49758243560791,8.956910997183234,8.267917705213092,8.366345703729246,7667491
2017-05-08,8.628816604614258,8.7239633418486,8.078933728355087,8.33320538285691,2577863
2017-05-09,8.898509979248047,8.920819484693919,8.66162727275381,8.66162727275381,2270359
2017-05-10,9.186573028564453,9.186573028564453,8.953299819673973,8.953628032801172,3141142
2017-05-11,8.645221710205078,8.943457763415944,8.530717582389297,8.530717582389297,5724753
2017-05-12,8.694437026977539,8.858482482663115,8.468709969200487,8.645551243790672,3701547
2017-05-15,8.940505981445312,8.940505981445312,8.57008995943505,8.759070623809404,4078025
2017-05-16,9.252191543579102,9.26695663993653,8.942145201998564,8.942145201998564,2603728
2017-05-17,9.204289436340332,9.252190569112562,9.088145150417173,9.218068992537097,2870998
2017-05-18,7.710160732269287,8.249544516669921,7.551364888680515,8.103543592831677,5285051
2017-05-19,8.153083801269531,8.530389559014676,8.153083801269531,8.202297791239364,4322304
2017-05-22,7.279704570770264,8.103871755177334,7.2495197465738945,8.039237133561187,2810647
2017-05-23,7.93621826171875,8.048096721059482,7.267566018056812,7.530039512678852,3057800
2017-05-24,8.191798210144043,8.284320147572055,8.00544238191256,8.00544238191256,2293350
2017-05-25,8.160629272460938,8.35813984247324,8.03825073486522,8.169487430173238,2790530
2017-05-26,8.36634635925293,8.36634635925293,8.224282176720688,8.296463014359515,1836404
2017-05-29,8.36634635925293,8.36634635925293,8.36634635925293,8.36634635925293,0
2017-05-30,8.530390739440918,8.62849051979384,8.468053609662414,8.481176742660907,1163918
2017-05-31,8.235106468200684,8.67803052843629,8.211483216210198,8.57960255984436,3020439
2017-06-01,8.124213218688965,8.464444435381111,7.926046170806149,8.31549048664421,2215755
2017-06-02,7.923420429229736,8.28071243712321,7.824993332168766,8.235108784363298,4672916
2017-06-05,7.775449752807617,7.956556874404517,7.775449752807617,7.9070146717671514,2730178
2017-06-06,7.775778770446777,7.857802394469229,7.414877792154934,7.745265734127299,3750403
2017-06-07,8.185565948486328,8.202298526733642,7.816133676638315,7.864692143853123,3144016
2017-06-08,8.438850402832031,8.54548100210436,8.087464532483681,8.185564288160046,3080791
2017-06-09,8.267916679382324,8.591087069056242,8.239701136222799,8.4815043306046,1959981
2017-06-12,8.146852493286133,8.425730341075788,8.106496651697947,8.202299849600015,2425548
2017-06-13,8.388326644897461,8.388326644897461,8.073030648106805,8.21279822028061,2485899
2017-06-14,8.431962966918945,8.530061840167585,8.343705993020466,8.413589323298861,2842259
2017-06-15,8.431962966918945,8.431962966918945,8.431962966918945,8.431962966918945,0
2017-06-16,8.49758243560791,8.49758243560791,8.1471801996333,8.43196406966858,2893989
2017-06-19,8.431962966918945,8.52710882075544,8.361094997098437,8.37257796235212,1819161
2017-06-20,8.066797256469727,8.431635461927288,8.066797256469727,8.431635461927288,3718790
2017-06-21,8.038253784179688,8.266606583886851,7.98969710569407,8.214439559577798,3006070
2017-06-22,7.841397285461426,8.123556327636487,7.841397285461426,8.104198942617167,2882494
2017-06-23,8.028080940246582,8.12027557342584,7.808259936887809,7.946714644426335,4480367
2017-06-26,8.235106468200684,8.260368987382318,8.01364443808288,8.071060153618815,1816287
2017-06-27,8.071062088012695,8.269558239175373,7.935232178172668,8.235108441911605,1913999
2017-06-28,7.907014846801758,8.136679536644792,7.907014846801758,8.136351323479115,2342206
2017-06-29,8.152426719665527,8.169487508202804,7.933917700819891,7.986412918972934,2293350
2017-06-30,8.399155616760254,8.464773991915742,8.121262386962217,8.121262386962217,2997448
2017-07-03,8.530390739440918,8.530390739440918,8.382749648315148,8.382749648315148,1643855
2017-07-04,8.530390739440918,8.590432175198238,8.47133484251917,8.530062526233815,1132305
2017-07-05,8.530390739440918,8.546795105296166,8.454601364242553,8.464772376805657,3089412
2017-07-06,8.51070499420166,8.521532432992554,8.431963499923585,8.497253648227655,4908574
2017-07-07,9.36669635772705,9.416238564980132,8.497581538783432,8.497581538783432,7992239
2017-07-10,9.771233558654785,9.773858364847309,9.305670812049312,9.366695982400646,6069618
2017-07-11,9.973666191101074,10.03239476689139,9.74597077919006,9.80929254089296,3888349
2017-07-12,10.334897994995117,10.399859037874313,10.053394447494405,10.12623170884179,3853862
2017-07-13,9.908377647399902,10.498942934565171,9.842759282159317,10.400514937097142,6098357
2017-07-14,10.367705345153809,10.393952509232692,9.891971562161814,9.891971562161814,2937097
2017-07-17,10.828346252441406,10.882808958208269,10.36770490078297,10.36770490078297,4178610
2017-07-18,11.286361694335938,11.450080719493931,10.991407755998557,10.991407755998557,5741997
2017-07-19,11.322454452514648,11.660389086518371,11.12231811903601,11.516028319862814,6940402
2017-07-20,11.430068016052246,11.516027503970985,11.253554055348932,11.322453650337213,3238854
2017-07-21,10.994361877441406,11.555726954127826,10.991408857803167,11.430724481846925,4224592
2017-07-24,10.991081237792969,11.296206234688805,10.968443517511313,11.193185948710314,2416926
2017-07-25,11.365431785583496,11.456641772652956,10.991079051001323,11.155124483563267,3816502
2017-07-26,11.278162002563477,11.45697257153152,11.171531368275822,11.384791737636794,2842259
2017-07-27,11.418255805969238,11.434004644327935,11.159391806367504,11.417599379567397,2612350
2017-07-28,12.028836250305176,12.028836250305176,11.286363108064961,11.322782185823918,4741889
2017-07-31,12.037035942077637,12.516049073119907,11.827712395874178,12.303446093220101,6377123
2017-08-01,12.150886535644531,12.632853699888024,12.037038814094307,12.631212633827197,7012248
2017-08-02,12.201083183288574,12.352005496112515,11.880536700718471,12.044583044784831,6957645
2017-08-03,12.219454765319824,12.369065110393489,12.024568090392005,12.369065110393489,5081006
2017-08-04,12.894013404846191,12.894013404846191,12.106921309030719,12.270310330754269,7992239
2017-08-07,13.123677253723145,13.35137356532345,12.894012562329644,12.926822189334784,7883032
2017-08-08,12.939291000366211,13.221449143010942,12.653522512537966,13.13384859072383,10035562
2017-08-09,13.303144454956055,13.516732114714896,12.763105159860977,12.795913890464071,5969033
2017-08-10,13.01114273071289,13.50098339541206,12.92715072507557,13.303144572035793,4307934
2017-08-11,13.582021713256836,13.582021713256836,12.992441132878794,12.992441132878794,4917195
2017-08-14,14.621747970581055,14.682116723065127,13.517389609524512,13.615816708327731,6313897
2017-08-15,14.903905868530273,15.235607136897272,14.715581621184567,14.891766475604804,5546573
2017-08-16,16.076509475708008,16.099148097642416,15.059424244741358,15.174255723064682,7492185
2017-08-17,14.796947479248047,16.69889523544036,14.501663517292931,16.66707024615503,11041418
2017-08-18,15.026611328125,15.387185457996884,13.943908794960015,14.206382245329014,7862915
2017-08-21,15.518749237060547,15.748413951891088,15.161129931259055,15.161129931259055,5713258
2017-08-22,15.353719711303711,15.717901474847515,15.157847472227926,15.635549637146605,3595214
2017-08-23,15.193608283996582,15.252337760223336,14.764136400089994,15.092229079428408,3575097
2017-08-24,15.653267860412598,15.781222449489999,15.072872728741707,15.129304716617195,4480367
2017-08-25,15.70805835723877,15.86127726537458,15.469534593597936,15.748413292677752,4169988
2017-08-28,16.207412719726562,16.453809989772733,15.748412446361012,15.748412446361012,4089520
2017-08-29,16.273361206054688,16.355385733370895,15.945597604498449,16.109315748279357,2040449
2017-08-30,16.8967342376709,17.060452363371077,16.240550680608745,16.338978663775155,4917195
2017-08-31,18.635623931884766,18.70124139513438,17.01156923610015,17.01156923610015,9768292
2017-09-01,18.50897979736328,19.816426504085744,18.41973817985202,18.996524763289997,9759670
2017-09-04,20.400428771972656,20.40731855096328,18.209101383002295,18.570002789612083,7581275
2017-09-05,21.5228328704834,22.677715287107326,20.61992287008143,20.934890638394464,10704097
2017-09-06,22.417865753173828,22.82469901298706,21.91654127123728,22.75645585212809,5195242
2017-09-07,22.417865753173828,22.417865753173828,22.417865753173828,22.417865753173828,0
2017-09-08,20.714414596557617,22.913943011680043,20.47293960146471,22.640970339786232,7989724
2017-09-11,20.551679611206055,21.656693400091672,20.21046378105815,21.446716087780764,6452562
2017-09-12,18.115924835205078,19.016209073922465,16.698567268526787,18.110675222858138,19289432
2017-09-13,18.976839065551758,19.147446981410102,17.3232542352874,18.44664257282932,10081903
2017-09-14,21.5228328704834,21.62519761998869,19.081827720379152,19.189442082558703,16821134
2017-09-15,21.835174560546875,22.83519968071074,21.735435518295358,22.126521764495525,12593668
2017-09-18,21.325979232788086,22.404745081722726,20.25246299710409,22.404745081722726,8232926
2017-09-19,20.69603729248047,21.853547086475658,20.609421390472,21.129120399379335,6490640
2017-09-20,19.816755294799805,21.236738768814682,19.572654580450536,21.168493798598725,10126448
2017-09-21,19.982112884521484,20.07922802557737,19.029334219907582,19.816754574159923,5424075
2017-09-22,19.698640823364258,20.407320575245326,19.575279417214023,20.236712653350672,3377518
2017-09-25,18.845598220825195,19.738010684233085,18.72223683426727,19.38629567058232,6014296
2017-09-26,19.420419692993164,19.774758658025632,17.9846892892437,18.92434298383355,9442108
2017-09-27,17.929569244384766,19.470288304089227,17.884948435784437,19.383672392444836,10137944
2017-09-28,18.57000160217285,19.160567665991955,18.142169913623782,18.89809425950085,16870709
2017-09-29,19.478160858154297,19.554277533628724,18.2419105174215,18.320651099651364,17925779
2017-10-02,20.441444396972656,20.491314825391456,19.53591035821087,19.90862212152849,11472139
2017-10-03,20.732786178588867,21.110747488416923,19.947989790938113,20.646170269890156,9048028
2017-10-04,20.866653442382812,20.866653442382812,20.3390807513553,20.59892853775458,5442396
2017-10-05,20.577926635742188,20.997884836022582,20.268206698703345,20.866648123238505,7668928
2017-10-06,20.919145584106445,20.99001266429176,20.110726736690605,20.4703153476469,5655421
2017-10-09,20.417814254760742,21.1816120365595,20.22095832203672,21.129117720642437,4360742
2017-10-10,20.89814567565918,20.919144126886287,20.315454839963422,20.56480335535708,3292020
2017-10-11,20.210466384887695,20.997888601215507,20.210466384887695,20.787909463423336,5019577
2017-10-12,20.210466384887695,20.210466384887695,20.210466384887695,20.210466384887695,0
2017-10-13,19.08182716369629,19.199940747778566,18.058179698506706,18.16317015050042,19043356
2017-10-16,18.189414978027344,19.61989740926296,18.092299851699913,19.213062362366433,11493693
2017-10-17,16.745813369750977,18.667119493619598,15.832405923642458,18.378399782739606,20630812
2017-10-18,18.562131881713867,18.562131881713867,17.010913480148663,17.231391834151413,18356860
2017-10-19,18.37052345275879,19.02145741762555,17.66971906842129,18.63562258916353,7602829
2017-10-20,19.016210556030273,19.029333688706256,18.394146731075786,18.63562352257045,7284548
2017-10-23,18.163169860839844,19.2918059615956,18.031933146761926,19.029332533439767,6271148
2017-10-24,18.058181762695312,18.601503232522553,17.47811659787706,18.420396075913473,7663540
2017-10-25,18.063432693481445,18.307531604190658,17.667096804738538,18.18941800975072,3982109
2017-10-26,17.239267349243164,18.220918132039042,16.95316969787273,18.123802976496595,7288499
2017-10-27,16.798311233520508,17.968944556974673,16.577832845563673,17.294388056030606,8056542
2017-10-30,16.601451873779297,16.877048424683917,16.005636168516425,16.83767723192207,6994646
2017-10-31,16.73269271850586,17.008289337516135,16.223494590542593,16.79831019037217,5612313
2017-11-01,17.58310317993164,18.241912463501873,17.488611953375813,18.110675747880578,11704204
2017-11-02,17.58310317993164,17.58310317993164,17.58310317993164,17.58310317993164,0
2017-11-03,16.14999771118164,17.714340966655797,15.905898808140673,17.585728150293253,13342671
2017-11-06,14.960992813110352,16.457091015364345,14.960992813110352,16.396723169111393,12469732
2017-11-07,13.535760879516602,14.606652094530304,13.386150528633994,14.606652094530304,21507343
2017-11-08,14.46754264831543,14.485916293154165,13.622378365304188,13.64862553014527,11802635
2017-11-09,13.575132369995117,14.51478785892762,13.422897199583895,14.501663827266576,9857023
2017-11-10,12.876953125,14.00821501137674,12.561985348572575,13.583007164378335,14651361
2017-11-13,13.422898292541504,13.680123039542897,12.467494787036376,12.874329011084482,11147392
2017-11-14,14.415048599243164,14.56465807119968,13.559385073953052,13.63287695709586,13582999
2017-11-15,14.415048599243164,14.415048599243164,14.415048599243164,14.415048599243164,0
2017-11-16,14.960992813110352,15.483313971478303,14.622400898971783,14.83238090340706,13606708
2017-11-17,15.564682006835938,15.740539529268101,15.252338156452149,15.354702902415868,8840031
2017-11-20,15.564682006835938,15.564682006835938,15.564682006835938,15.564682006835938,0
2017-11-21,15.905896186828613,16.115875269599993,15.748411425143027,15.827153805985821,8786146
2017-11-22,15.835027694702148,16.11062603409159,15.016111590715548,15.88227420336872,10007542
2017-11-23,15.409826278686523,15.69329642266665,15.22346949082508,15.69329642266665,3955166
2017-11-24,16.128999710083008,16.128999710083008,15.286459403814115,15.449191992238227,4980421
2017-11-27,15.640795707702637,16.352099181313463,15.485936664771966,16.273356807368224,8314831
2017-11-28,15.42557144165039,15.979392124123434,15.320582778661594,15.719542575504736,4197649
2017-11-29,15.275960922241211,15.630299883619804,15.10010339510308,15.483314326749566,5111182
2017-11-30,14.913747787475586,15.283836492061441,14.401924934747322,15.275961173767879,10244277
2017-12-01,15.278586387634277,15.52531098379891,14.499039605796654,14.960992921250725,7592771
2017-12-04,15.144723892211914,15.499062846312718,15.01348717593649,15.499062846312718,4582389
2017-12-05,15.092228889465332,15.352076604901765,14.793009081852547,15.065981727228596,5629916
2017-12-06,15.30483341217041,15.349454221852696,14.869127238613034,15.026611126882491,4461687
2017-12-07,16.919044494628906,16.997786884668287,14.960992960915592,15.02923612582593,15124472
2017-12-08,18.362648010253906,18.493884711982474,17.323251821883943,17.454488523612515,17964576
2017-12-11,18.310157775878906,19.213066053668133,18.244538511155003,18.74586307542835,9249199
2017-12-12,18.299657821655273,18.299657821655273,17.485989402333995,17.585728450695054,7573372
2017-12-13,18.058181762695312,19.029335012112504,18.005687429912154,18.67499601779042,8671191
2017-12-14,18.163169860839844,18.504385677128102,17.5358582596417,17.81933013754708,5738404
2017-12-15,18.218290328979492,18.346901340707817,17.95581689453118,18.25503581849375,3810754
2017-12-18,18.055561065673828,18.76948879437735,17.979444359525935,18.74324252253342,4310090
2017-12-19,17.56473159790039,18.17892011509163,17.433494873593347,18.139548917956663,4103889
2017-12-20,18.382213592529297,18.474626107976707,17.561060884840426,17.822455820470783,4031324
2017-12-21,19.066068649291992,19.351226589659017,18.281880242725027,18.38221315658051,9661600
2017-12-22,19.237693786621094,19.58622038422496,18.6251290918634,18.905006182217377,4825591
2017-12-25,19.237693786621094,19.237693786621094,19.237693786621094,19.237693786621094,0
2017-12-26,19.932111740112305,20.05620768925464,19.20601095316046,19.32746737129719,6675287
2017-12-27,20.410011291503906,20.594838111630708,20.1855806625677,20.1855806625677,4616157
2017-12-28,21.181001663208008,21.181001663208008,20.5446721466482,20.779666360676828,10319716
2017-12-29,21.181001663208008,21.181001663208008,21.181001663208008,21.181001663208008,0
2018-01-02,20.938087463378906,21.75131982555707,20.703095053825376,21.360546256256708,6671335
2018-01-03,20.674049377441406,21.482000798964837,20.4681008694568,20.858876214009435,4645974
2018-01-04,21.170438766479492,21.260209941660076,20.938085904949737,21.12291274378761,5381326
2018-01-05,20.753263473510742,21.363188680677137,20.687253492275037,21.241730459934402,3444695
2018-01-08,20.755903244018555,21.151957708594598,20.68725373112656,20.726861167634873,3232747
2018-01-09,20.256874084472656,21.019939112070738,20.145979415645296,20.92488705568642,3482774
2018-01-10,20.46282386779785,20.726861997220254,19.97171551604684,20.21991103205922,3902718
2018-01-11,20.499786376953125,20.80078693336332,20.39945165205855,20.726858368666388,1994467
2018-01-12,20.47866439819336,20.716298147761165,20.172382949105558,20.27007634149137,3057441
2018-01-15,20.83247184753418,20.919603491045482,20.54203122669311,20.647646820242922,2253834
2018-01-16,20.779666900634766,21.136115717819106,20.658210494448454,20.858878150928376,2776879
2018-01-17,20.8007869720459,21.01729722373745,20.637085422574312,20.909042097891675,1742644
2018-01-18,20.46018409729004,20.911686814799232,20.20406818213929,20.86151944415664,3824405
2018-01-19,20.264795303344727,20.753262261235207,20.264795303344727,20.505068581657294,1979020
2018-01-22,20.33080291748047,20.542032306547277,20.019240608860606,20.52883103508586,2370585
2018-01-23,19.739362716674805,20.32552307995487,19.699757091141077,20.256873570248,3420626
2018-01-24,21.384307861328125,21.386949201020773,19.797448866361393,19.802729736609916,7981103
2018-01-25,21.384307861328125,21.384307861328125,21.384307861328125,21.384307861328125,0
2018-01-26,21.862213134765625,22.31107440652286,21.386947513848767,21.650983768898506,7372919
2018-01-29,22.337482452392578,22.337482452392578,21.39223184740101,21.650989105535153,2905485
2018-01-30,22.35331916809082,22.83386565049953,22.01007168065603,22.30315361926312,4035994
2018-01-31,22.326921463012695,22.80218536945424,22.208104581833815,22.7097746518311,3713043
2018-02-01,22.670166015625,22.704490769983952,22.258270772454487,22.258270772454487,3121743
2018-02-02,22.142093658447266,22.627921095126563,22.0470416048572,22.627921095126563,3539892
2018-02-05,21.289255142211914,22.04703919384971,21.289255142211914,22.04703919384971,3378596
2018-02-06,21.555932998657227,21.59817996334434,20.63444550476761,20.806069275966777,4981139
2018-02-07,20.858877182006836,21.57177478326051,20.83247283008985,21.57177478326051,4019110
2018-02-08,20.0667667388916,21.25493183249467,19.990196831221414,21.125553220427623,4917914
2018-02-09,19.50965118408203,20.35720831449263,19.09511459485622,20.19878581227636,5771095
2018-02-14,19.72351837158203,19.72351837158203,19.066067276759536,19.673349204560786,6631819
2018-02-15,20.914323806762695,20.914323806762695,19.921547302269275,19.921547302269275,4379422
2018-02-16,20.755903244018555,21.447679243863806,20.34664750669775,21.149318177700447,3927865
2018-02-19,21.719635009765625,21.719635009765625,20.88527921903514,21.01465782659016,3177066
2018-02-20,21.912382125854492,21.9150234657536,21.15723933093182,21.505765939756014,3397994
2018-02-21,21.00145721435547,22.152654401710507,20.993535004155273,21.928223740789118,9358047
2018-02-22,21.497840881347656,21.59817559304033,21.14139213917901,21.28133065854685,4070481
2018-02-23,22.968524932861328,23.087341796728207,22.495900626156057,22.72033127403568,21146672
2018-02-26,24.903915405273438,24.903915405273438,22.97381050498683,23.045099546801673,10806478
2018-02-27,24.159330368041992,25.030650450018314,24.040515308962892,24.793018522723315,10496819
2018-02-28,24.040517807006836,24.555387337835423,23.575812026471,24.029956065294158,5784746
2018-03-01,24.338876724243164,24.50257827895137,23.723670701363403,24.040515688271608,5960411
2018-03-02,24.51313591003418,24.555381056942235,23.826640965675054,24.106519812924276,4633760
2018-03-05,23.868894577026367,24.51314274497509,23.752717224646855,24.47617664812892,4228184
2018-03-06,23.546768188476562,24.272867071814186,23.369863550869365,24.114444576252673,3844522
2018-03-07,23.771196365356445,23.771196365356445,23.153352630353414,23.591652202197487,2532959
2018-03-08,23.29857063293457,23.567887765964343,22.759936366875024,23.499238265208977,6359879
2018-03-09,23.948102951049805,24.33095612955914,23.100545811242494,23.298573941208335,8226819
2018-03-12,24.444488525390625,24.687401307066533,24.053715003069957,24.34415380526144,4344935
2018-03-13,24.172534942626953,24.740213158123176,23.79760217329423,24.555386304205385,5314149
2018-03-14,23.684064865112305,24.34151603607305,23.52564418221901,24.20685836515691,4920788
2018-03-15,24.02730941772461,24.159327541696616,23.396262676590226,23.578448158047106,3696877
2018-03-16,24.47617530822754,24.555386559424612,23.90057668536615,24.10652521482377,6280129
2018-03-19,23.948102951049805,24.264947958995158,23.665584507493016,23.974507304757566,3572941
2018-03-20,23.763273239135742,24.325670485080625,23.736870699746234,24.15932761220768,3183173
2018-03-21,24.555383682250977,24.555383682250977,23.765916220969558,23.87153000409952,4840319
2018-03-22,25.186433792114258,25.315810593769406,24.29134887561937,24.58707038077998,5879583
2018-03-23,25.03065299987793,25.54024527708445,24.951441746331458,25.08874257917913,4524552
2018-03-26,26.403642654418945,26.403642654418945,25.249804060018565,25.347495645663592,8762437
2018-03-27,25.53232192993164,26.847222529217728,25.413505054899876,26.575265833891045,13355603
2018-03-28,25.611530303955078,25.96533957443856,25.107222559319485,25.47687263183783,5924847
2018-03-29,25.851806640625,26.121123807088722,25.63793590225237,25.917814810010654,3225203
2018-04-02,25.85444450378418,26.37723800018682,25.59568909530459,26.007586124403986,4574486
2018-04-03,25.611530303955078,26.26106107976269,25.611530303955078,26.105279926083195,5108667
2018-04-04,25.479511260986328,25.61152939780584,24.296628899814444,25.61152939780584,6829039
2018-04-05,26.057750701904297,26.245217054906945,25.76995144207516,26.229372636544078,3992886
2018-04-06,25.9019718170166,26.139603739503226,25.717144978263942,26.007585602758045,3550669
2018-04-09,25.513835906982422,26.136960452886402,25.091377177212184,25.901969887573035,4045334
2018-04-10,25.057052612304688,25.901970078058774,24.692683447735966,25.87556572882772,6568594
2018-04-11,25.577207565307617,25.577207565307617,24.721728264815745,24.95143979666907,4194776
2018-04-12,26.274263381958008,26.56206449755567,25.35013635527014,25.35013635527014,5916584
2018-04-13,25.941574096679688,26.160723865080403,25.743547807833576,26.047189685316045,2294068
2018-04-16,25.392379760742188,26.226735548034195,25.297327714808144,25.938936261410028,5658295
2018-04-17,25.682157516479492,25.838370071604118,25.427983984405017,25.70863468195632,2864891
2018-04-18,25.337963104248047,25.97869231326839,25.240000321468578,25.944272908126262,5456046
2018-04-19,24.988473892211914,25.557717487884307,24.88521567566143,25.49946954225977,3833745
2018-04-20,25.6583251953125,25.851603939510245,24.89050927908789,24.924928682075134,4662139
2018-04-23,26.442031860351562,26.449975916679847,25.488879346257157,25.708633459828047,4537844
2018-04-24,26.77033805847168,27.005978456775367,26.224923020520105,26.397020042546707,4330207
2018-04-25,26.857709884643555,26.9503772324838,26.089892125216434,26.471154195734815,3244602
2018-04-26,27.667892456054688,27.773799304366225,26.712093082381667,26.84447528217676,4144483
2018-04-27,27.879701614379883,28.27684817495931,27.445488839694974,27.797625130199457,7747960
2018-04-30,28.253021240234375,28.533671927709864,27.82939930669421,27.85322784770499,3369974
2018-05-02,27.13836097717285,28.393345848871096,27.13836097717285,28.329802471808897,5188776
2018-05-03,25.735105514526367,27.46666454333808,25.613314211554954,27.355464103951192,10796779
2018-05-04,25.86749267578125,26.47380431300157,25.33796390731192,25.94692235387678,6943635
2018-05-07,25.64244270324707,26.389076948175223,25.589490190107757,26.08724635339319,4436540
2018-05-08,29.386211395263672,29.386211395263672,27.1118856772293,27.70760461149676,18528215
2018-05-09,29.82042694091797,30.289059135863344,28.594567814044602,29.388860961295695,9219023
2018-05-10,28.991714477539062,30.31553639372782,28.991714477539062,29.820427033355738,6881487
2018-05-11,28.766664505004883,29.439166361088922,28.25037520270525,28.99171587431267,5205660
2018-05-14,28.634281158447266,29.30413617820039,27.908826815088624,29.018190061476687,5334985
2018-05-15,28.189476013183594,29.26706841987519,28.01208355779054,28.63427964921166,6012859
2018-05-16,29.709226608276367,30.24404899405757,28.07827503042456,28.07827503042456,7734668
2018-05-17,28.951997756958008,30.026943399910795,28.44365072284792,29.70657788013794,6012859
2018-05-18,27.8241024017334,28.607806525962687,27.138362880392776,28.594568850599664,11871607
2018-05-21,28.999656677246094,29.404745493639517,28.639576318354205,28.779902566022844,5537593
2018-05-22,30.183155059814453,30.185801869224242,28.973180379016434,29.137335172068894,6840894
2018-05-23,29.62185287475586,29.99517090955101,29.12939032312166,29.775416797740032,5083161
2018-05-24,29.915739059448242,30.050769864886245,28.597212670196146,28.859330225384316,5595429
2018-05-25,29.653627395629883,30.156679031381223,29.56360684629378,29.9766397468348,6058841
2018-05-28,27.800273895263672,29.423281470756017,27.53550950291716,29.203525537525323,8716455
2018-05-29,27.66524314880371,29.20087689060744,27.445489043526965,28.59456708708928,9192081
2018-05-30,28.705766677856445,29.12409495933298,27.82409984585282,28.117989999271064,40557884
2018-06-01,30.572355270385742,30.704739269850098,28.99700672061653,29.357087062953273,10029455
2018-06-04,32.92081832885742,33.36032654862239,30.847711736203895,30.847711736203895,12422673
2018-06-05,32.04180145263672,32.4071772371068,31.506975450575233,32.01797109850229,7981821
2018-06-06,30.27052879333496,31.95707802711077,30.193747732222995,31.95707802711077,8458884
2018-06-07,28.170944213867188,30.02164809048266,25.237352447738658,30.02164809048266,18509175
2018-06-08,27.93000602722168,29.04466460590784,26.344066667383782,28.962586311392286,12747061
2018-06-11,28.1232852935791,29.330613131727183,27.829398750898395,28.48071884397938,6609906
2018-06-12,29.12409782409668,29.61920720410271,28.18418295644165,28.46218683975371,8959656
2018-06-13,29.762178421020508,30.050771338316842,28.758720233671767,29.473583689598556,7822321
2018-06-14,31.61288070678711,32.03650443973294,29.918389403255063,29.918389403255063,12432731
2018-06-15,31.72408676147461,32.1291774352477,30.46116128236052,32.0365082586421,8433378
2018-06-18,31.183961868286133,31.639358175844556,30.71797832404132,31.348114832440455,4342780
2018-06-19,32.740787506103516,33.05320903131301,30.522060598418324,30.821242631995336,8404280
2018-06-20,32.21919250488281,34.284353108865695,32.21919250488281,33.127332865457426,8564858
2018-06-21,32.19801330566406,33.15645944279167,32.05503843236794,32.301269711265604,6030821
2018-06-22,32.51572799682617,33.00819054862193,32.26949672092829,32.83079808503689,3787045
2018-06-25,32.499847412109375,32.923471202421744,31.83793455944909,32.70106662626299,8276034
2018-06-26,32.761959075927734,33.140574355499695,32.35422345142855,32.6931202640284,5713976
2018-06-27,32.17683410644531,32.963185086704115,32.09211080214954,32.801677092724326,3678556
2018-06-28,32.71165084838867,33.151162663863474,32.17682850688769,32.17682850688769,4549340
2018-06-29,33.88720703125,34.04871136517574,33.016132918221736,33.095558959467404,6375686
2018-07-02,33.20941925048828,34.12815069974864,33.12204731494851,33.67805153063395,3668138
2018-07-03,32.97111892700195,33.836899371757255,32.775193387794396,33.57213503152405,7578401
2018-07-04,32.923465728759766,33.46623396000864,32.77784586872986,33.26501115105739,2051226
2018-07-05,31.77173614501953,33.09555787968688,31.6022895753227,33.09555787968688,5041850
2018-07-06,32.22183609008789,32.35422008145209,30.665022556540528,32.03650140477875,6187806
2018-07-10,31.255449295043945,32.8043206599769,31.146895650638733,32.56603164129457,7090921
2018-07-11,30.31818199157715,31.848518377540454,30.0481203883698,30.980092883615956,4672916
2018-07-12,32.66399383544922,32.66399383544922,30.74974673515547,31.24220924697395,7695871
2018-07-13,33.265018463134766,33.76012972431939,32.534266750763734,32.724898736502425,6148290
2018-07-16,33.82101821899414,34.077836715415245,33.12733289439994,33.36032466595777,4229981
2018-07-17,34.948909759521484,35.04687252550231,33.64626620601916,33.783943802978726,5792649
2018-07-18,33.611854553222656,35.743209059336884,33.50330090460497,35.15278373631286,6987102
2018-07-19,34.14667892456055,34.15197617166966,32.830799203640716,33.69393119629824,6017529
2018-07-20,34.676204681396484,35.15807634191959,34.20757250923842,34.94891492090901,4593166
2018-07-23,34.37173080444336,34.62855297208862,33.977234626410166,34.498821204650724,2254552
2018-07-24,35.41489791870117,35.47844310796325,34.71591897807364,34.737100707827665,3954089
2018-07-25,35.213680267333984,35.867647153488974,34.821825506418854,35.571110180594346,3856377
2018-07-26,34.829769134521484,35.43078165530961,34.57824063430635,35.42813666033439,3751122
2018-07-27,34.366432189941406,35.26133671102132,34.289651138831964,34.962151120127984,4113229
2018-07-30,34.41938781738281,34.91714398499571,34.263177085907216,34.28700381219514,2931349
2018-07-31,35.017757415771484,35.017757415771484,34.16786126914468,34.33996012300198,2632107
2018-08-01,35.54728698730469,35.743212573106824,34.81653534778495,34.962155225306596,3444336
2018-08-02,36.23302459716797,36.23302459716797,35.60817802674086,35.60817802674086,3641914
2018-08-03,36.26215362548828,36.53221167093442,35.822645331540535,36.27274449278537,4873010
2018-08-06,36.537498474121094,36.656642975965894,35.851759060981806,36.40511448487658,4821280
2018-08-07,38.6291389465332,39.31487837772712,38.18963076665132,39.31487837772712,12980563
2018-08-08,37.07497024536133,38.54970912420589,36.94788349953323,38.327308226069455,6630383
2018-08-09,38.91773223876953,38.91773223876953,36.66988188386268,37.27619530776542,5846175
2018-08-10,36.810211181640625,38.626495724271486,36.725487881657656,38.41997927907725,7017996
2018-08-13,37.33179473876953,37.44829062751347,36.18536533008353,36.85257169525424,3803929
2018-08-14,37.55419921875,37.86132708168486,37.276198959019446,37.747479805483486,2559183
2018-08-15,36.71489715576172,37.17293850733438,36.41571153873201,37.06703347488858,4463842
2018-08-16,36.08740997314453,37.53567026684393,36.08740997314453,37.53567026684393,5100405
2018-08-17,35.38577651977539,36.27273884113516,34.94891691778193,36.00797445646451,5035743
2018-08-20,36.63546371459961,36.63546371459961,35.293108767600366,35.399013789177516,3424219
2018-08-21,35.06541442871094,37.19412046988968,34.68415413259331,36.53750491075628,8832487
2018-08-22,35.54198455810547,35.96295964383759,34.432621398770166,35.44667040276074,3963429
2018-08-23,35.15278625488281,36.40512079643387,34.790059068453004,35.605533989085615,5832524
2018-08-24,34.948909759521484,35.981488108467644,34.75298422755984,35.74320275084577,3670294
2018-08-27,34.79534912109375,35.663778283246955,34.63648977404122,35.37253493756695,4097782
2018-08-28,34.24463653564453,35.21367704144715,33.51918228199505,34.83506180394887,7214138
2018-08-29,34.97803497314453,35.34605570029139,34.45644853422535,34.45644853422535,5228651
2018-08-30,33.7839469909668,35.38312398799779,33.625091280312155,34.819177688784116,4452346
2018-08-31,34.48558044433594,34.52529528587536,33.83955211341127,34.41674162755105,4697703
2018-09-03,33.482120513916016,34.1546241632306,33.29678580530409,34.15197553972506,3024032
2018-09-04,31.242210388183594,33.566841790489434,31.16278071381141,33.511242469729375,7574450
2018-09-05,32.25625228881836,32.48395039646364,30.993327276353185,31.170716064550284,6027947
2018-09-06,33.14851760864258,33.3153192107073,32.44688997925853,32.83344751271462,4131910
2018-09-10,32.26420593261719,33.69393300407448,31.480503578536847,33.40004462129435,6983510
2018-09-11,31.533449172973633,32.03650255298585,31.311048268281866,31.533449172973633,3600602
2018-09-12,31.61288070678711,32.16888844363844,31.297810623438362,32.02326857911827,4192620
2018-09-13,30.561765670776367,31.787628422306742,30.416147619237307,31.787628422306742,5719006
2018-09-14,30.712678909301758,31.16277793849139,30.291703849571434,30.511459746196756,4617235
2018-09-17,31.477853775024414,31.57581656561273,30.548531576234097,30.704742316455928,3242446
2018-09-18,32.94464874267578,33.09556222701839,31.28722001234168,31.427546259406995,5574594
2018-09-19,31.509628295898438,32.69312409770614,31.509628295898434,32.563392329040006,5885331
2018-09-20,31.371952056884766,32.354228690159836,31.00657620714259,32.288038490991525,4279196
2018-09-21,32.8307991027832,33.19617490688577,31.459320060939636,31.636712530023804,6776232
2018-09-24,32.13976287841797,32.56603158541713,31.742614514628855,32.56603158541713,4076588
2018-09-25,32.60309600830078,33.077025395532516,31.268683384442344,31.32163770612359,3565038
2018-09-26,32.340980529785156,33.095558757138896,32.30126569527965,32.603096260570965,4491144
2018-09-27,32.87581253051758,33.46623791035618,32.57927552877107,32.64017210331302,4058267
2018-09-28,32.43100357055664,33.23853618243423,32.36746200738578,32.69841656835153,3891941
2018-10-01,32.46806335449219,33.000240621312734,32.03649747337165,32.685170606476206,2411538
2018-10-02,34.52528762817383,34.723858163576466,32.97906140297704,32.98965226692194,6217623
2018-10-03,36.89229202270508,37.19941627391575,36.27274264452744,36.29921799729519,10823362
2018-10-04,36.93464279174805,37.027311946056734,35.31693273787999,36.14034974949817,6943635
2018-10-05,37.596561431884766,38.17109866923594,37.02731781332537,37.75542079115742,7519846
2018-10-08,39.328125,40.03239766485322,38.96804279653237,39.44991452202448,6149009
2018-10-09,39.76762771606445,40.23890850939098,38.8118266411069,39.171908794379604,5412579
2018-10-10,38.033424377441406,39.672312778465226,38.033424377441406,39.317531474602696,5967955
2018-10-11,39.9000129699707,40.178016860635886,38.64238115939218,38.65562064931723,7451232
2018-10-15,39.71467590332031,41.03055558653778,39.46844462608787,40.50896905856159,4787153
2018-10-16,42.150508880615234,42.412624637138,40.122414383282575,40.508968273624006,7686171
2018-10-17,42.825660705566406,43.14602440478189,41.27678565149665,41.69511576228351,6588352
2018-10-18,42.59531021118164,42.812417489625425,42.04459977381223,42.812417489625425,4727520
2018-10-19,44.74519729614258,45.49977551858161,42.04459945211027,42.81241716204854,6976684
2018-10-22,44.242149353027344,46.06902469546303,44.21567400303955,45.007318533461145,5197039
2018-10-23,44.761085510253906,45.33297771978643,43.49816020676651,43.924428926419466,5071666
2018-10-24,44.480438232421875,45.380636411378205,44.480438232421875,44.98878526862068,4014799
2018-10-25,44.53868865966797,45.182064732891966,43.68614751434267,44.951721556645666,5481552
2018-10-26,44.1627197265625,44.70548798558193,43.50081057833273,44.694897119924136,5535796
2018-10-29,44.07004928588867,45.04438342028067,43.307525184592315,43.8582356245421,4964973
2018-10-30,44.81669235229492,44.86699805945419,43.59083315652374,44.50691586678814,6075725
2018-10-31,44.69224166870117,45.48918332525421,43.908539499260584,45.00996033339364,4185795
2018-11-01,44.99143600463867,45.248258158261976,44.218324548430935,45.00996911326079,3963429
2018-11-05,45.79366683959961,45.87044788997142,44.54662604213513,45.08939426963591,4887738
2018-11-06,41.96517562866211,44.26598045579045,41.599799828350655,44.08329074150902,12139237
2018-11-07,39.952964782714844,42.98187252909571,38.605312507757745,42.89185198543384,17361782
2018-11-08,39.0713005065918,40.77373411570154,39.05276739843834,39.857651432609565,6600207
2018-11-09,38.76151657104492,39.30693335785687,37.88779389119146,39.18514023828459,7678268
2018-11-12,40.651939392089844,41.18676172124361,38.47027936104949,38.92037840260738,5967955
2018-11-13,40.617523193359375,42.03136567958449,40.39512226828793,41.012022966317566,6125659
2018-11-14,41.1708869934082,41.38269707670825,39.58494547946118,40.866407731007016,5221107
2018-11-16,41.43564987182617,41.758662232393434,41.03850144508269,41.53890628582848,4852533
2018-11-19,41.342979431152344,41.77984268720299,40.84257460571798,41.568032618255224,2404712
2018-11-21,41.10204315185547,41.52831189020119,40.29715912842172,40.98289863395719,3354168
2018-11-22,42.36231994628906,42.36231994628906,41.04114312327739,41.067622099413605,4048208
2018-11-23,42.98452377319336,43.54847384361006,42.40204422055848,42.41528008332173,4275963
2018-11-26,41.87779998779297,43.927076104918974,41.83543652825772,43.42137772678401,4917914
2018-11-27,44.68430709838867,44.69754658777385,42.14256822927803,42.441753840322725,5170455
2018-11-28,45.0232048034668,45.89692759981992,43.95885006154977,44.21567219349997,7006141
2018-11-29,45.338279724121094,45.40712217498903,43.1619163825106,44.08329643037122,6271867
2018-11-30,43.58818054199219,45.27472956207614,43.553759323086815,44.87493619325941,6312101
2018-12-03,42.92626953125,44.56516153841908,42.526476146264834,44.480438241785215,4078025
2018-12-04,43.63318634033203,44.45130976339482,42.542356318998635,43.17249643183819,5986994
2018-12-05,43.662315368652344,44.07005462994378,43.288997328157244,43.63054639961126,1722527
2018-12-06,43.773521423339844,44.01710410043732,42.772711734128336,43.02423665417162,2585048
2018-12-07,43.51404571533203,44.26862401845177,43.15926442057763,43.55905780069169,2886804
2018-12-10,42.50265121459961,43.890018504099004,42.46823361816207,43.51405179757875,2489851
2018-12-11,43.52463912963867,43.5722962129711,42.6006105529529,43.156618324417956,2309875
2018-12-12,44.480438232421875,44.533388932212645,43.63319075325632,43.63319075325632,3133239
2018-12-13,44.348052978515625,44.909354326961854,44.28451141490446,44.51750319523078,2140675
2018-12-14,45.168827056884766,45.67188048221411,44.41424873301644,44.6604800127947,3951215
2018-12-17,45.02849578857422,45.539491399224595,44.87757868931831,45.168822023237546,3123540
2018-12-18,46.572078704833984,46.5853181941213,44.93053804801625,45.1953024360029,3544921
2018-12-19,46.865962982177734,47.81646679823364,46.638264830138326,46.638264830138326,3623953
2018-12-20,47.11219787597656,47.65761113104531,45.806909057133474,47.26046636715817,3662750
2018-12-21,48.38835906982422,48.38835906982422,46.60119869656544,46.83683909058548,4349965
2018-12-26,46.799774169921875,48.20302570791524,46.73093536046181,48.187137596039115,2879260
2018-12-27,46.06902313232422,47.445799336996245,45.93664275862564,46.995700261219135,2312389
2018-12-28,47.9409065246582,47.9409065246582,46.61178750978573,46.61178750978573,2979846
2019-01-02,49.4052734375,49.4052734375,47.55646178927214,47.92569119848325,3033013
2019-01-03,48.87665939331055,49.27245474116274,47.64412071943336,49.13963961137579,2957214
2019-01-04,47.38911437988281,48.96963487308412,47.37583141030115,48.88994433592826,3112044
2019-01-07,48.12491989135742,48.472901663413694,47.08894654109479,47.28285824147073,2377051
2019-01-08,47.737091064453125,48.47555353160195,47.54849037490368,48.22585628005993,2177676
2019-01-09,47.57770919799805,48.34539127234918,47.21644811599954,48.07975737437474,2783704
2019-01-10,48.03990936279297,48.106320563617174,47.22972838637107,47.551144183300195,2742752
2019-01-11,47.176605224609375,48.223204218587725,47.1527002474832,48.079759795162396,4207708
2019-01-14,47.54848861694336,47.73177829614454,46.75158693913426,47.25894974890114,3831231
2019-01-15,47.00925064086914,48.05319219778504,46.64001761551678,47.81412061188063,3693644
2019-01-16,46.4859504699707,47.2828521036102,46.002496302606076,47.04378416163498,3979954
2019-01-17,46.34782028198242,46.81002315244288,45.88827473312133,46.233599135208635,3224844
2019-01-18,46.27344512939453,46.977373272350945,46.08750177766705,46.618769536936036,2525415
2019-01-21,44.36088180541992,46.27875828726803,44.36088180541992,46.21766172767243,4491862
2019-01-22,43.045989990234375,44.34759710218675,42.67410328400989,43.338189808125044,7302150
2019-01-23,45.05153274536133,45.20028816861263,43.24787733362714,43.56132483112678,4293924
2019-01-24,44.48838806152344,45.50311008725984,43.86946139109047,45.29591542315136,4069044
2019-01-28,44.461822509765625,44.75932969478033,43.56663635269002,44.09258947990356,2812443
2019-01-29,47.309425354003906,47.73443671218917,44.629177546532816,44.65308252434298,5744871
2019-01-30,46.79143142700195,48.34538949088269,45.98921875915644,47.81412171451036,4936235
2019-01-31,47.567081451416016,48.074444249049044,46.13531651540547,47.1500384705048,3433559
2019-02-01,47.495361328125,47.941627552841595,46.78346122587471,47.54848591953178,2319933
2019-02-04,47.03581619262695,47.32270138753577,46.35579297066415,47.150040990320726,1949204
2019-02-05,46.6187744140625,47.11285428270857,46.43283104288214,46.98800383450388,1622660
2019-02-06,45.07809066772461,46.353135468887395,44.75932855739226,46.34782082562633,2901533
2019-02-07,44.3077507019043,46.5922027532347,44.3077507019043,45.31981529167822,4228184
2019-02-08,45.15778350830078,45.15778350830078,43.7127355717672,44.62651572397961,2472608
2019-02-11,43.917274475097656,45.15247411991587,43.69945416611178,45.1471594761925,2437762
2019-02-12,43.77648162841797,44.676982366052165,43.37803264834811,44.363534912888376,3662750
2019-02-13,42.84676742553711,44.09524630849159,42.025957163852496,43.981021518586175,4317993
2019-02-14,45.34107208251953,45.420762618640715,42.506757967055144,43.1655299108455,3788123
2019-02-15,43.55601501464844,45.15512948789206,43.55601501464844,45.02496803397871,3529474
2019-02-18,44.76995849609375,44.76995849609375,43.165529424584136,43.53210515857868,1681933
2019-02-19,45.06747055053711,45.68374355409912,44.52291975863255,44.62651891326742,3398354
2019-02-20,43.165531158447266,45.657178224706186,43.099123589815925,45.657178224706186,5428745
2019-02-21,42.793643951416016,43.69679852374496,42.38722293780116,43.59851401275426,4561913
2019-02-22,47.256290435791016,48.12225696198915,44.07665218368824,45.160439002265456,13700109
2019-02-25,46.140625,47.787556460918125,46.140625,47.484734647959485,4643100
2019-02-26,47.415672302246094,47.77959068958892,45.47654457083175,45.95734143117032,3792074
2019-02-27,46.7515869140625,47.70255865158146,46.43548210881273,47.41567346529735,2863095
2019-02-28,46.07687759399414,47.01190902559709,45.17637678415821,46.725023844057915,3597369
2019-03-01,46.54438781738281,47.54848405346385,46.01046276164929,46.456728968851905,3189639
2019-03-06,45.585453033447266,46.57892365734616,45.460602599954235,46.52579542605481,1742644
2019-03-07,47.057064056396484,47.28019899181732,45.29060038528699,45.553576944711565,4454861
2019-03-08,48.031944274902344,48.71196749751018,46.16719596647664,46.72502606589312,6085424
2019-03-11,48.49679946899414,48.834155543454834,47.34925880757925,48.01334531036409,4386966
2019-03-12,47.508644104003906,48.215233254463406,47.2669188231758,48.07975716416027,2539784
2019-03-13,47.09160232543945,47.69990334605834,46.64533605678223,47.34926426348232,2578582
2019-03-14,46.884403228759766,47.434264956982176,46.63736332127096,47.00393902014144,1531055
2019-03-15,47.06768798828125,47.415669706681996,46.621421773862714,47.28285095089677,2848007
2019-03-18,47.92569351196289,48.20195307183071,46.79143565135819,47.01722429469242,4854689
2019-03-19,48.00006866455078,48.5552414154115,47.63083563105163,47.74771410491705,2430936
2019-03-20,48.24710464477539,48.425079676206614,47.59099007408369,48.00272205181263,2606243
2019-03-21,48.411800384521484,48.411800384521484,47.54848752329335,47.960219501332894,3535940
2019-03-22,46.03437042236328,48.316165038798154,45.88030402028493,47.78755463703533,4975032
2019-03-25,45.98390579223633,46.85784069740338,45.30919722051421,46.15391250612046,3714839
2019-03-26,46.90830612182617,46.90830612182617,46.16187542938076,46.45938623382038,2749218
2019-03-27,44.62651443481445,46.485951626223375,44.190873845009115,46.485951626223375,5782949
2019-03-28,45.367637634277344,45.805931939037464,43.87477239586642,44.89480906541475,5030354
2019-03-29,45.91484069824219,46.20703689252811,45.42341817141275,45.74218030348238,2577504
2019-04-01,45.500457763671875,46.41689538172782,45.500457763671875,46.21235801704304,1821675
2019-04-02,44.135093688964844,45.81389859535003,43.96242965507729,45.81389859535003,3997197
2019-04-03,44.910743713378906,45.89093507148922,44.31041104261898,44.61323287968959,4553650
2019-04-04,44.89215087890625,45.5163921811179,44.5016665347312,45.15778477853882,2557387
2019-04-05,45.155128479003906,45.34904381464441,44.50963950794806,44.92402883757662,2648632
2019-04-08,44.29182052612305,45.21091175597053,43.85883721051174,45.0780966192413,8657540
2019-04-09,44.17759323120117,44.722143997480046,43.43116244923287,44.1350942827316,3806803
2019-04-10,44.812461853027344,44.812461853027344,43.9677465333928,44.3608845724722,2286165
2019-04-11,44.095245361328125,44.732765937203176,43.563977608071156,44.732765937203176,2338254
2019-04-12,43.78445816040039,44.8018375533056,43.11240686321107,43.58523545310342,2993856
2019-04-15,43.43115997314453,44.329003445817406,43.138963793344686,44.095246501977535,4712791
2019-04-16,43.31674575805664,44.12344251060784,43.02388274530252,43.44986232423056,2686352
2019-04-17,42.549983978271484,43.85987209431393,42.20387577465403,43.545713182206285,4421452
2019-04-18,45.4732666015625,45.59839675851981,42.691088024404664,42.805572066599716,4941264
2019-04-22,44.51481628417969,45.29755392628269,44.22462022816767,45.23631869112924,1562668
2019-04-23,45.526512145996094,45.64365589363721,44.72780179063778,44.73046514356471,1872327
2019-04-24,45.915225982666016,46.053669276759685,44.86092480553472,45.43866086483796,2918776
2019-04-25,46.59146499633789,46.59146499633789,45.27625373026357,45.53184443185568,2781908
2019-04-26,47.64310073852539,47.90933754476441,46.68198415324091,46.857699788641455,4154901
2019-04-29,47.525962829589844,47.922652910407805,47.19849075145082,47.65641607140874,1846463
2019-04-30,50.920475006103516,50.920475006103516,48.7213553587648,48.88109816539544,7704852
2019-05-02,50.78203582763672,51.263923991038844,50.02592078810711,50.25754860611205,4867262
2019-05-03,52.248992919921875,52.98114498008421,50.851250731196416,50.851250731196416,4319430
2019-05-06,53.30329513549805,53.50297365162285,51.65795218917332,51.91620258357088,5526816
2019-05-07,51.15742492675781,53.86239188101642,50.92579713169678,53.64674055538334,6158349
2019-05-08,51.516845703125,52.04932296383651,51.144114904213005,51.144114904213005,3262922
2019-05-09,49.493446350097656,51.34645791870381,49.493446350097656,51.34645791870381,3882960
2019-05-10,49.6531867980957,50.24423227380093,48.20485904731095,49.79429343277703,3176706
2019-05-13,47.92797088623047,49.320390066706686,47.92264418026898,49.12071156172577,3359556
2019-05-14,47.45673370361328,49.2538367824932,47.39017541133747,48.72402285225053,3669216
2019-05-15,46.058982849121094,46.921591730457514,45.712874685167755,46.921591730457514,5346839
2019-05-16,44.461570739746094,46.01106953976076,44.40033550510107,45.84600366028955,6388977
2019-05-17,44.94612121582031,46.01106846885825,43.94773225398999,43.94773225398999,3810754
2019-05-20,46.058982849121094,46.64470519929485,45.04994429234834,45.254949486387645,3698314
2019-05-21,47.76556396484375,48.37258588058546,46.75386563651247,46.825746978412255,4187232
2019-05-22,47.98921203613281,49.038182858114425,47.39017644726845,48.18888691732508,4001148
2019-05-23,48.04245376586914,48.53233196663222,46.6234119275422,47.31030164205736,3742500
2019-05-24,47.08400344848633,48.85980337089652,46.85770233331501,48.585580138779754,2908718
2019-05-27,47.390174865722656,48.45512212359115,47.390174865722656,48.18888530912403,1762761
2019-05-28,50.318782806396484,50.318782806396484,47.95726050564098,48.002519267644644,7423571
2019-05-29,50.390663146972656,52.02269662607853,49.815594127780464,50.6648900119814,5087831
2019-05-30,51.35443878173828,51.75645548540264,50.48384344225978,50.58501436851025,3253582
2019-05-31,52.182437896728516,52.182437896728516,51.024306184751296,51.117490705754506,3043790
2019-06-03,51.84697723388672,52.92790084836957,51.51950522054374,52.448672443937305,2996730
2019-06-04,51.78841018676758,52.97848760152452,51.1174932767722,52.71491414357748,2943563
2019-06-05,50.90184020996094,52.5019243757572,50.060530747775395,52.18243875384578,4566224
2019-06-06,50.587677001953125,51.64996449223084,50.07916628520709,51.64996449223084,2476559
2019-06-07,52.834712982177734,52.834712982177734,50.726114703511236,50.79001327942315,3538455
2019-06-10,53.9129753112793,54.418822639361125,52.31555463133664,52.8560146015158,4220281
2019-06-11,55.1616325378418,55.77664093960522,54.21915573099154,54.31233661099864,4063296
2019-06-12,54.07805252075195,54.88208973529379,53.51362955304058,54.84481373249419,4783560
2019-06-13,55.80592346191406,55.9709893309794,54.70902695928107,54.844806889505314,4629808
2019-06-14,56.3277473449707,57.240941804354414,54.68506411869339,55.64085763403346,5325285
2019-06-17,55.24416732788086,57.50451876123635,55.06312497745375,56.468857425458,4951682
2019-06-18,55.403907775878906,56.59931188160365,55.11903114453501,56.069497970921695,3976721
2019-06-19,55.909751892089844,56.17598868424741,54.60253081142057,55.11104151561715,9344755
2019-06-21,56.61528396606445,56.96937858733748,56.14138223562164,56.17599123244193,4460968
2019-06-24,55.9044303894043,56.948078059940514,55.54234936355943,56.484826101670414,3041634
2019-06-25,54.980587005615234,56.173327660534284,54.97792365268044,55.6435137932296,3749685
2019-06-26,55.49708557128906,55.925728522658346,55.11104167428484,55.37727846720891,2564212
2019-06-27,55.55033874511719,55.773976501212324,54.703706188011616,55.45449086528008,2673779
2019-06-28,56.20793533325195,56.20793533325195,55.21487320322081,55.75001011538276,3644070
2019-07-01,55.9630012512207,56.86820562362667,55.68877804584733,56.44222602236834,2566008
2019-07-02,56.564697265625,56.57534702943648,55.643516410719606,56.10943172007804,2554513
2019-07-03,58.79842758178711,58.80375063962723,56.239890162597945,56.39696962267225,4857203
2019-07-04,58.86498260498047,59.63707039369738,58.86498260498047,59.269662673388716,4076947
2019-07-05,60.19084548950195,60.747281970088984,58.694591974302895,59.104598762216725,3536300
2019-07-08,61.07474899291992,61.55397741111109,59.95655664733144,60.193507503411624,3386858
2019-07-10,62.16631317138672,62.80262094814489,61.56727773759474,61.56727773759474,4020547
2019-07-11,61.43950271606445,62.77867322081436,61.00819636996819,62.77867322081436,3875057
2019-07-12,61.7802848815918,63.99270679023792,61.766968115926396,62.56568218153416,6935013
2019-07-15,61.40754699707031,62.6695093875736,61.24248477397423,62.565682396174715,3363508
2019-07-16,62.299442291259766,62.35003140753036,61.62054262620625,61.727032971345885,2504939
2019-07-17,65.06564331054688,66.80949746879597,63.1247739913362,63.1247739913362,9395048
2019-07-18,65.7605209350586,66.67903477293153,65.2573296366608,65.89630086082116,4474619
2019-07-19,63.377716064453125,66.39950594464625,63.377716064453125,66.29300828622333,5438803
2019-07-22,65.85370635986328,65.8856593013953,63.63063098351633,64.1631046081829,5378811
2019-07-23,64.42933654785156,66.4474139549551,64.25628426491619,66.2983245534989,4084850
2019-07-24,65.44369506835938,66.31961710027898,64.69557019296997,64.69557019296997,3118510
2019-07-25,65.08960723876953,66.09598258772532,64.46395274921032,65.94688588962562,4033480
2019-07-26,67.09171295166016,67.57094145331942,65.20143247981598,65.55286379562257,4252972
2019-07-29,70.23329162597656,70.40368782954984,66.73228155035808,67.09169553644942,5192009
2019-07-30,70.43299102783203,72.26736303565309,70.02565116433358,70.23331247802129,6342995
2019-07-31,70.21199798583984,71.88396327021901,69.3121131201665,71.32486350798409,5660091
2019-08-01,73.614501953125,74.34399063380188,71.43136261667378,71.75084820172931,8912956
2019-08-02,75.49148559570312,75.82161735246729,73.88075522010043,74.70608826043996,5126629
2019-08-05,73.48139190673828,75.07881267679154,73.29768621967202,75.07881267679154,6681394
2019-08-06,77.95416259765625,78.93391888966826,75.67517901857842,75.80296887597135,7838532
2019-08-07,77.33650970458984,78.59314542333975,75.05751849088982,78.59314542333975,5212441
2019-08-08,79.10432434082031,79.53030764721173,77.8476885455257,78.16717420110461,4381128
2019-08-09,80.46745300292969,82.34176046778722,79.10431963786436,79.12561916676056,5420886
2019-08-12,77.57079315185547,80.44614913221325,76.61233629383105,80.44614913221325,4348842
2019-08-13,80.61656188964844,81.57501164740512,79.70070389926335,80.08408818048156,7234569
2019-08-14,78.69963836669922,81.46849668832981,77.91157773633836,79.59418933816644,5949320
2019-08-15,77.33650970458984,80.99992651337223,76.9105264241461,79.87108067095475,4524867
2019-08-16,79.99887084960938,80.616542538976,77.52819138900038,80.06276943061782,4022792
2019-08-19,80.5739517211914,81.36201241027814,79.44510586208229,81.08512582779588,2599731
2019-08-20,77.80506896972656,80.25444862083968,77.1234987779587,80.19055004720082,4641124
2019-08-21,77.82637786865234,79.27470922797167,77.82637786865234,78.31625239851023,2865385
2019-08-22,73.33230590820312,78.5931434699645,73.01282028002542,78.1671674969662,5930325
2019-08-23,71.9478759765625,74.50374651220731,70.24395742156047,71.67098939379613,7454016
2019-08-26,71.77748107910156,74.54634695830838,70.81903143460755,74.22686131119092,4334787
2019-08-27,72.86372375488281,74.3972533144096,72.03306403838937,72.97022139681452,5844334
2019-08-28,74.35465240478516,74.50374180291641,71.35149924258448,72.43774597578775,4961426
2019-08-29,79.35990905761719,79.35990905761719,75.29180836983524,75.80298248489223,6271553
2019-08-30,77.29390716552734,80.78693488292046,76.4845469956819,80.08407235260381,4989491
2019-09-02,77.9754638671875,78.67833363756708,76.84661816682902,77.74117637601339,3067948
2019-09-03,76.42064666748047,79.61548821812086,76.20765869014264,77.27260587368943,3322016
2019-09-04,79.23211669921875,79.23211669921875,77.4217005267513,78.08197132788331,3527768
2019-09-05,78.16717529296875,80.48875844138267,78.06067764066866,79.8710866517595,3214201
2019-09-06,76.67623138427734,78.93392284771306,76.35674577948924,78.76352663350212,3539173
2019-09-09,72.84242248535156,77.0170204964201,71.37279884297003,76.86792380127955,6446814
2019-09-10,69.22160339355469,70.94681403600428,67.36858828976946,70.28655057677418,10782679
2019-09-11,73.69437408447266,73.80087171283911,70.60602312727288,71.77746785187573,7370809
2019-09-12,74.54634094238281,75.37700063911022,72.16085949159812,74.54634094238281,5671093
2019-09-13,72.62944030761719,75.12141959667845,72.52294265972033,75.01492194878158,3493012
2019-09-16,74.26945495605469,74.26945495605469,69.79667081619837,71.99046383003527,4793619
2019-09-17,74.22685241699219,74.92972221580122,72.05435903314154,72.7146297778582,4653832
2019-09-18,74.67413330078125,74.9723120781766,73.3748913712313,73.48138900377057,2871088
2019-09-19,76.27156066894531,77.4216987165309,75.39830189642862,75.39830189642862,5198116
2019-09-20,77.86897277832031,77.86897277832031,75.50478376959663,76.54843865195727,4795595
2019-09-23,76.6549301147461,77.9115729785523,76.12245655115754,77.9115729785523,2769874
2019-09-24,78.3162612915039,78.8061358769882,76.61234271021577,76.88922929725364,4233887
2019-09-25,78.20976257324219,78.5292482149676,76.14376661193396,77.84768516989723,2543915
2019-09-26,77.8902816772461,79.38120489398828,77.76248450599836,78.40145576852102,3114155
2019-09-27,78.38016510009766,78.46536322389363,76.99573207270717,77.86899095103945,1835057
2019-09-30,78.8913345336914,79.27471877099897,77.82638723733065,78.27366276680748,2322493
2019-10-01,79.76457977294922,79.76457977294922,78.1884586265561,79.12560858523,2902476
2019-10-02,77.74118041992188,79.42379929489303,77.25130588590687,79.12561320965399,3983771
2019-10-03,79.44510650634766,79.44510650634766,76.78273830583449,77.86898511539252,2603324
2019-10-04,82.59734344482422,82.89552953780921,79.44510088592259,79.65808886752393,6708696
2019-10-07,81.78797912597656,84.66334227065336,81.27680507733567,82.21396236441558,4449697
2019-10-08,81.09146118164062,83.1614320507572,80.79270973500162,82.45721236845733,4788275
2019-10-09,84.612548828125,84.67656282053899,81.68898242012988,81.73166328898698,4029438
2019-10-10,83.097412109375,85.31675873810654,82.79865334697872,84.71924121331398,3413891
2019-10-11,86.42642974853516,86.95992595769138,83.99368615747825,84.24976404543838,4932822
2019-10-14,89.99019622802734,89.99019622802734,85.14604898550859,85.35944602874295,4953478
2019-10-15,89.20061492919922,91.33459981292224,87.9842394513891,90.05420303399129,4305554
2019-10-16,91.24923706054688,91.50531495130318,87.42940182179994,88.79515300945735,4626395
2019-10-17,92.12418365478516,94.64228930024655,90.90780804853888,91.12121240814153,5996514
2019-10-18,91.76139068603516,93.78868064185478,90.37429909749986,92.7003478039941,3208903
2019-10-21,91.97480773925781,92.93510549936124,90.5237018466038,92.50830405791324,2775262
2019-10-22,93.29785919189453,93.85269583442964,92.12417191797122,92.16685278445412,2692638
2019-10-23,92.80703735351562,93.87402969742412,91.59066929824307,93.02043436012316,3633383
2019-10-24,92.29489135742188,93.7886851831248,92.10283476228562,92.80704715169958,2688013
2019-10-25,89.62740325927734,92.82838038049347,89.62740325927734,92.57230250323101,3660639
2019-10-28,91.05718231201172,92.14551519745756,89.73411196453051,90.05420385129688,4754013
2019-10-29,87.81352996826172,92.59365588632066,86.70385657462803,92.14552136615013,5605263
2019-10-30,93.93805694580078,94.83433320339708,90.16090263925594,91.46263250401428,14411258
2019-10-31,95.26113891601562,95.26113891601562,90.84379300781951,92.50829581749113,10769208
2019-11-01,100.70278930664062,100.93752675483671,95.83730225983713,95.922663990407,10377194
2019-11-04,95.96534729003906,104.1171734401167,95.53854593723412,102.73008183752535,14074521
2019-11-05,93.98074340820312,98.76086911161285,92.8710700643988,96.71224589897201,8166827
2019-11-06,96.45616912841797,96.66956616375836,92.80704984952305,94.96237525929172,5296008
2019-11-07,94.32217407226562,97.94994521793714,94.2368123429041,97.33109461267894,4391052
2019-11-08,93.48992919921875,95.58123330654556,91.65470299664885,92.84973078189057,4777678
2019-11-11,96.07205200195312,97.05369009650938,92.27355685771197,92.82839355567403,5013066
2019-11-12,92.614990234375,97.01100264931594,91.91077784741084,96.45616598896666,7346022
2019-11-13,90.69440460205078,91.50531917872075,88.98721371089137,91.46263830981101,10248408
2019-11-14,94.42887115478516,94.8770129336534,90.84378078906603,91.12119910517642,8113346
2019-11-18,95.9866943359375,96.43482884192788,93.40456754064998,96.02936789437373,12418407
2019-11-19,95.00505828857422,96.56286618611078,92.89241370001479,95.98669637085341,6705507
2019-11-21,96.02936553955078,96.22142944672696,94.42887684497876,95.7946280749848,4810323
2019-11-22,97.07501983642578,97.501813875125,95.0904107414707,95.38916949290862,5386714
2019-11-25,94.53557586669922,97.1176952017874,94.53557586669922,97.09635476836755,4075959
2019-11-26,91.84676361083984,94.51424494814609,90.7157497692127,94.32218833890421,8076524
2019-11-27,97.30976104736328,97.30976104736328,92.18819583079755,92.72169205521332,7311984
2019-11-28,97.30976104736328,98.27005132696308,95.66659150642326,96.73358395525482,5409840
2019-11-29,96.0933837890625,97.9712907568009,96.0933837890625,97.73655329969252,5109026
2019-12-02,95.858642578125,97.41645029394037,95.00504720605778,96.9896562633423,4424551
2019-12-03,95.15443420410156,96.47750452719774,93.89537787065595,96.43482366018313,3866885
2019-12-04,94.04476165771484,97.62985947430107,93.8953786219684,95.38917242507576,6551935
2019-12-05,95.79462432861328,96.4348227057536,94.04475997443237,94.49289445190783,4382475
2019-12-06,96.8829574584961,97.28841838140265,95.60256801144885,96.07204292355429,3391708
2019-12-09,97.84325408935547,99.2303456898946,96.71224037577193,96.88295653011858,5730456
2019-12-10,99.44374084472656,99.44374084472656,96.66955769569907,98.03530883746097,3788976
2019-12-11,101.53504943847656,102.21792869620839,99.55044027735327,100.04126294235428,5059766
2019-12-12,102.06854248046875,103.2208966226988,101.42835142101855,102.34596079949186,4070750
2019-12-13,104.71468353271484,105.97373984582492,102.43132298215487,103.07151404441997,6133113
2019-12-16,105.20551300048828,106.44322164975138,103.83976174395399,105.61096663510368,4798693
2019-12-17,102.17524719238281,105.39756493562786,100.78815556269598,105.39756493562786,5442081
2019-12-18,103.56234741210938,104.56531863104752,101.70578071095649,102.75143280063615,4626261
2019-12-19,103.75439453125,103.98913198798975,102.21792719029635,103.56233794134863,3376755
2019-12-20,103.69037628173828,104.62933344719433,102.34596549113118,103.75439758387947,4124770
2019-12-23,104.01046752929688,105.09880033900069,103.28491475978467,103.71170878635162,2919809
2019-12-26,104.75736999511719,104.77871042941982,103.77573926068315,104.13851933295608,2177542
2019-12-27,103.9891357421875,105.44024871272354,102.75142711354763,104.88541204553667,2660532
2019-12-30,101.79113006591797,104.5439729827611,101.38567643583464,104.13851935267779,3631676
2020-01-02,105.34856414794922,105.34856414794922,101.88891320972897,103.14890759708379,3323004
2020-01-03,104.4089126586914,105.34856753606145,103.14891091445293,103.5760327539165,3001580
2020-01-06,104.49434661865234,105.30587012876583,102.08112523140286,103.36248353311164,3071361
2020-01-07,104.19535064697266,105.07093611105189,103.57602803198336,104.51568286651543,3010695
2020-01-08,107.39873504638672,107.52686647531387,103.57603157434554,103.83230174856075,4491234
2020-01-09,111.221435546875,111.5417750851756,107.67635880131245,107.84720314077109,4952939
2020-01-10,110.62347412109375,113.29295819397073,109.02178367736757,111.24279676723674,4208022
2020-01-13,115.81295013427734,115.81295013427734,111.37092411730639,111.4777064028531,3851348
2020-01-14,115.32177734375,117.56414702498905,114.46754092630839,115.32177734375,3724897
2020-01-15,114.59566497802734,116.09058044127748,113.61329718529225,114.63837789360035,4149782
2020-01-16,114.16854095458984,116.8593812481633,111.69125790474943,115.74887480111896,3762437
2020-01-17,116.06922149658203,116.24006583885252,113.39973749407588,114.89464560893498,2714911
2020-01-20,119.59294128417969,119.59294128417969,115.42854186991816,115.57803707052184,3325564
2020-01-21,119.4007339477539,121.17326858618897,118.7600548986827,118.99496859897936,3621214
2020-01-22,118.930908203125,121.94208825475093,117.09430405795459,120.6820938339728,4048388
2020-01-23,120.83158874511719,121.13057185352834,117.3078681372816,118.90956597389903,3675368
2020-01-24,119.91328430175781,121.83531429355784,119.59294475039763,121.23734810653364,3376216
2020-01-27,114.89463806152344,118.09802597046159,114.78786309825374,117.56412920503196,3378506
2020-01-28,121.7071762084961,121.7071762084961,115.34312732781555,115.34312732781555,4650464
2020-01-29,122.34785461425781,124.05632002708926,120.98107789417604,122.81768937042041,4467749
2020-01-30,120.66073608398438,121.08785060010585,117.50006817887497,120.38310945359716,4973550
2020-01-31,119.16583251953125,122.04887390453557,117.88447428943051,118.82413650374698,4353602
2020-02-03,120.72480773925781,121.62175701970759,118.86684712118122,120.6180254500277,2757794
2020-02-04,123.13801574707031,125.2949668001243,122.00616004984781,123.00989163122333,3690321
2020-02-05,122.36921691894531,125.65802378741874,121.7926071623832,124.93191881881981,3871240
2020-02-06,119.22988891601562,124.18445530234344,119.16582686064167,123.86411576003039,4621097
2020-02-07,115.81295013427734,119.4434527301756,114.25397266345995,118.95226153302147,4387505
2020-02-10,111.86211395263672,118.58921495116383,110.0682154754557,115.32176484954199,5761755
2020-02-11,115.89837646484375,117.03023943109963,110.47398266278496,113.61329407513014,4260830
2020-02-12,119.46480560302734,120.76752026195122,115.85566666784902,116.45363285286966,4726622
2020-02-13,121.83531188964844,122.36920869259419,115.53532522507223,117.28651083589634,6171910
2020-02-14,120.29768371582031,123.77869116886319,119.59294256877268,123.009887965801,4117720
2020-02-17,125.67935180664062,127.96444130632666,122.04885683927893,123.86410432295978,8282051
2020-02-18,124.33394622802734,126.21327061338593,122.79632516694595,124.39802291769033,4292173
2020-02-19,123.56514739990234,125.78616055565297,123.03124325312882,124.61157728584023,4099085
2020-02-20,120.74615478515625,124.14173620530065,119.22988297808462,123.7146217143951,5002109
2020-02-21,120.553955078125,123.47971661518991,118.31159287011216,118.84548967911917,4304297
2020-02-26,112.92991638183594,115.42854886546158,110.5380515581048,113.31431800253469,6030237
2020-02-27,107.31331634521484,114.04041801070916,106.82213242170216,111.0505942353382,6603036
2020-02-28,107.8899154663086,107.8899154663086,100.84247492757413,104.64382181977298,8846048
2020-03-02,112.22517395019531,114.12584764700011,106.39502141807493,108.2743386552018,7253339
2020-03-03,112.86585235595703,117.03025221998888,110.34585597800226,112.50279986021222,6555123
2020-03-04,112.01161193847656,116.30414309064156,110.77296659492244,116.17601165434779,5090167
2020-03-05,102.05976867675781,111.0505886970914,99.51841603370677,111.0505886970914,9518130
2020-03-06,96.80622100830078,99.11265266123792,91.93708020240562,94.24351185534276,12727123
2020-03-09,86.19234466552734,90.46351917718862,82.81811211884387,83.33065247493434,10909309
2020-03-10,100.35128784179688,100.39400075415219,90.29266768745781,96.10146280785018,9218170
2020-03-11,92.00114440917969,99.88147286070557,85.20998072545099,96.10147475983419,9018077
2020-03-12,72.61000061035156,82.92489135923086,65.28493337297874,76.88117496497202,7862376
2020-03-13,89.69470977783203,91.3177566981063,73.05847518684028,90.76250341925662,13534457
2020-03-16,72.75949096679688,85.23132577400955,72.75949096679688,74.74559032840538,10371177
2020-03-17,75.96287536621094,80.46897111097954,70.15407953288265,77.13745133470042,12148801
2020-03-18,61.52629852294922,71.79847621864798,56.52901932789327,68.38153092810559,13667553
2020-03-19,65.24221801757812,66.9933962182481,53.38970304227969,58.72867444396174,12654378
2020-03-20,65.45577239990234,77.03066391158278,65.45577239990234,70.04728592167545,12737900
2020-03-23,64.51612091064453,70.32491610084874,63.12798782421618,69.40661773961499,9634882
2020-03-24,78.3333740234375,80.70387480814885,72.0120312811801,72.0120312811801,9289478
2020-03-25,85.42353820800781,92.57775439318459,78.41880260231285,78.80321154590614,14052068
2020-03-26,87.81539916992188,94.8201277315698,85.97879484882425,86.7903183689708,10276474
2020-03-27,83.28794860839844,87.00386992554601,80.40489989995532,82.62591303346375,7666728
2020-03-30,88.8404769897461,89.73742631866114,84.99641679880898,87.5591260315542,8505854
2020-03-31,83.26658630371094,92.25741318167032,82.8821773974552,90.71978487300804,10907423
2020-04-01,80.04186248779297,83.565583337522,77.03068205442142,79.87101080476589,8269253
2020-04-02,76.64625549316406,82.64725852226003,74.98049586412388,81.62217792480767,9237928
2020-04-03,75.89881134033203,76.13372506467319,71.17915844617964,75.47168949177987,7387917
2020-04-06,81.5794677734375,84.09946375771847,79.48659359678338,82.00658226470388,7297615
2020-04-07,85.61573028564453,90.97605459194402,85.61573028564453,88.49877146115223,8823147
2020-04-08,89.60928344726562,90.12182380699201,84.22760235377743,86.00014447116219,7104437
2020-04-09,88.94725799560547,93.32521496536822,88.11437805576158,91.44589781513717,5824037
2020-04-13,89.50251007080078,89.9082681476749,86.85437507647418,87.75132438018292,3797148
2020-04-14,91.61674499511719,92.68453869714138,90.42081253699655,91.61674499511719,5079165
2020-04-15,93.64553833007812,94.64926984423484,88.62691002473706,89.90826084281298,6075815
2020-04-16,97.31876373291016,98.23706951447825,94.39300935010962,95.35402073302109,6547444
2020-04-17,95.22588348388672,100.13773702561981,93.75232449482242,99.68925873345542,5441003
2020-04-20,103.53331756591797,103.68280545081451,92.36419035705376,93.3679145857671,8964641
2020-04-22,107.95399475097656,111.43500242630444,104.85738870172634,105.71162510553197,10046833
2020-04-23,105.6475601196289,112.1183991353761,103.74688641998951,110.75162229575804,7879529
2020-04-24,101.1841812133789,104.96417203321505,91.14691617309532,103.34112504485195,11895047
2020-04-27,105.71162414550781,106.77941781147729,102.50824314759936,105.13501439526648,7859367
2020-04-28,110.62347412109375,110.62347412109375,107.09975368162392,108.91500138790806,6505189
2020-04-29,108.10347747802734,112.95126170440312,107.09975322681466,112.33194637725116,7534979
2020-04-30,106.13874053955078,110.08957543704588,104.87873881076945,106.48042922729674,5250160
2020-05-04,109.85466766357422,110.36720803928182,101.03468435039946,102.50824341782979,5877114
2020-05-05,107.20653533935547,112.75906071494842,107.0997530505252,111.37092754195993,5787036
2020-05-06,117.77770233154297,119.76379446962564,111.0933063178853,111.52042817764728,13400059
2020-05-07,121.2800521850586,124.29122472589401,114.01904727117713,120.66072958531377,10402879
2020-05-08,118.61058044433594,123.69327123449051,116.92346412286904,123.69327123449051,6231588
2020-05-11,117.35057830810547,120.76752385775525,116.51769837910543,118.39701550486832,3794903
2020-05-12,117.03024291992188,121.72853194990076,115.44990162167552,118.52515107045305,4607087
2020-05-13,117.6709213256836,119.46481267051027,116.24007515181337,118.7387150122359,5534629
2020-05-14,118.525146484375,118.97361744890952,114.89464390499222,117.03023839168611,6011377
2020-05-15,117.7349853515625,120.12684280807152,115.96244322997919,117.45735871302301,3939719
2020-05-18,119.05905151367188,121.06650739717192,117.6709182936497,120.6393855437398,4665282
2020-05-19,125.10275268554688,126.53359864388811,118.95225436844203,119.46479467547404,6701421
2020-05-20,121.51497650146484,127.06750197877238,121.47226358515029,125.99970833635321,5438444
2020-05-21,124.48345947265625,126.21328148630182,121.89939370744902,123.0099003415729,4772065
2020-05-22,123.11666107177734,126.64038138636036,122.04886748047102,123.62920141029551,4989671
2020-05-25,128.98953247070312,130.27087599398598,125.74343879936553,126.42681615869445,4909247
2020-05-26,137.70274353027344,145.49763877628556,134.86240037225076,134.96918998204345,11494861
2020-05-27,143.85321044921875,144.72880319920665,138.27932905724973,142.78541691091755,6371869
2020-05-28,139.34713745117188,144.23764203555763,137.74545428932709,143.61831205972118,6132394
2020-05-29,137.42510986328125,140.286787384716,136.67765579652965,139.45390748758334,7564481
2020-06-01,136.0369873046875,138.087148862744,134.00817488952936,136.67766644976092,3963159
2020-06-02,131.97935485839844,138.77053291847412,131.1464749444096,137.98036592054024,8387576
2020-06-03,133.21800231933594,135.5671542095742,128.5197131715818,134.28579597258562,8831005
2020-06-04,129.18173217773438,132.72680158478065,128.15665151466746,131.61629509433794,5782231
2020-06-05,126.96070861816406,132.59866642798465,124.97460951168817,132.40645101604426,8723729
2020-06-08,133.21800231933594,135.1400250420964,126.6403887328467,128.15666069558688,9304296
2020-06-09,133.21800231933594,136.01561788634228,130.05733427633467,130.6553004780812,5153257
2020-06-10,137.95899963378906,138.9413674197194,130.569870148951,134.54205420794952,8921353
2020-06-12,136.57086181640625,138.81323857753625,133.49561981755082,134.15764803270966,7708309
2020-06-15,140.6284942626953,140.6284942626953,132.87631213402943,134.20036864025548,6610894
2020-06-16,140.94882202148438,144.088125991941,137.95899129638158,142.23016550419612,7011126
2020-06-17,143.49017333984375,146.6294772853637,140.79933302498614,141.82441365610134,8685336
2020-06-18,148.8505096435547,151.45592447408293,140.77798764434942,143.46882831075118,8766298
2020-06-19,152.4810028076172,153.20709306583933,150.38811396110066,151.58404626404692,9012958
2020-06-22,151.41319274902344,154.4884492948766,149.89693556513356,152.95082833831052,4202769
2020-06-23,150.0250701904297,153.95454098302955,150.0250701904297,152.82268541112816,3326821
2020-06-24,149.06407165527344,152.86541885684352,145.64712607576342,149.91830073378966,4802330
2020-06-25,148.82916259765625,150.9860991365969,146.80035018160808,149.29899006885674,3560099
2020-06-26,148.10305786132812,151.43457771652896,146.6081496081656,148.40204829159447,3701413
2020-06-29,150.36676025390625,150.36676025390625,145.9674473941489,149.8542199443136,3720587
2020-06-30,153.01490783691406,155.68439933349222,148.72236937345517,149.128134773356,5785823
2020-07-01,154.40301513671875,154.83012960726066,151.4131845774849,153.71962320421957,3980448
2020-07-02,149.70474243164062,156.43184360614063,149.70474243164062,155.36405000118384,4909113
2020-07-03,153.7623291015625,153.869104056148,147.99624743043273,149.91826977656947,3185912
2020-07-06,153.74099731445312,156.28234980252162,152.90811745616313,155.492168224709,3663738
2020-07-07,159.57115173339844,159.72065425536388,151.77625675849805,153.5488061860018,5582721
2020-07-08,163.79962158203125,163.79962158203125,159.78471007446294,160.7030157810967,5253259
2020-07-09,169.56573486328125,169.9501365284057,162.81728341535313,164.44033055254144,5229953
2020-07-10,171.23146057128906,172.9826461231173,168.60468224354673,169.33078713887093,5832793
2020-07-13,171.91485595703125,175.5453512400918,171.29552601662004,172.1497696691012,4997170
2020-07-14,171.91485595703125,175.86569078068206,169.6511300321303,172.4487454362006,6377931
2020-07-15,174.05043029785156,174.90465925458682,172.7050101797252,173.62331581948393,5736159
2020-07-16,171.23146057128906,174.69111876153107,169.01044760462327,173.1961960574682,5037718
2020-07-17,175.1182403564453,175.5880677903141,171.87214660178643,171.91485951693105,4944183
2020-07-20,185.79617309570312,186.13787641062083,175.35315087160265,175.8870403520791,4881631
2020-07-21,180.03009033203125,191.13514076216094,178.7914450828544,189.44803186194542,6869228
2020-07-22,180.77755737304688,183.78873756740418,175.45993817179408,179.38942414044521,4855497
2020-07-23,171.7012939453125,182.37924464781477,167.6436840918846,181.69585264218674,5716267
2020-07-24,170.142333984375,170.63351058610496,164.88877683104278,170.5907976686429,6117621
2020-07-27,169.4589385986328,175.01147143206813,167.6436908567918,172.23520501535046,4583826
2020-07-28,171.7012939453125,173.19620206853742,167.68639700678148,169.39485507176894,3366651
2020-07-29,171.29551696777344,173.8795822967589,169.8219727181656,172.91856372575492,2851465
2020-07-30,177.87313842773438,178.21484174029345,168.86096231525468,169.13858894034817,5170545
2020-07-31,172.55841064453125,181.19596527821727,171.04043721286868,180.02005262216315,5112798
2020-08-03,176.53509521484375,177.02684234398265,170.52730709410676,173.62740299542662,4260920
2020-08-04,176.38546752929688,177.88206782057324,172.79360925109114,174.14056709238233,3538769
2020-08-05,177.45445251464844,180.51180201947994,177.24064621563494,178.09585676240502,3401946
2020-08-06,183.67605590820312,184.27469892405287,178.52346303007192,179.59246527638547,4948359
2020-08-07,183.12017822265625,187.07548515696575,180.31939608390184,182.15807178481288,5217740
2020-08-10,175.1667938232422,184.50987287627768,173.4349993968961,184.25330531338042,6879062
2020-08-11,173.15707397460938,177.43308321005847,171.5321898791673,176.81306685167542,4790071
2020-08-12,171.168701171875,175.5943815032365,169.33002567584484,173.8412138738841,4955678
2020-08-13,172.00253295898438,179.5924588925151,169.88591649713538,172.3232350864071,7106547
2020-08-14,174.80332946777344,176.23579506282323,171.46803906424574,172.34462292537424,4786659
2020-08-17,174.5681610107422,178.45933339672067,169.73627013782365,176.38546341479824,6614486
2020-08-18,191.3514862060547,191.99289047103002,179.6138496839999,182.79946840447485,14361055
2020-08-19,191.7790985107422,192.91223530092242,188.61483845184543,190.3038716335005,6143441
2020-08-20,186.7547607421875,188.72173464607562,184.1891585298152,188.48655505366162,6147572
2020-08-21,186.7547607421875,189.64107971154996,184.7236669257545,185.9209381920061,3706891
2020-08-24,186.17750549316406,190.45351405792508,185.17263791371764,188.5293160634959,3520987
2020-08-25,188.14447021484375,189.66245828022053,186.8830497024674,187.93067856996035,3323184
2020-08-26,192.74119567871094,195.62751494769725,188.0589619992748,188.3796641402733,7775306
2020-08-27,196.6537628173828,196.95307701316509,193.31847215377056,193.31847215377056,5522550
2020-08-28,202.21255493164062,202.21255493164062,196.48270706586703,197.76551560488824,4438426
2020-08-31,199.3048858642578,202.08429472203082,197.46619549702794,202.06290676581753,5029995
2020-09-01,203.81607055664062,205.7830300249236,200.26698833141597,201.4001251589363,3954762
2020-09-02,199.9248809814453,206.1464756412599,198.83450551030592,205.03471221617778,4583691
2020-09-03,189.21347045898438,201.61391311006852,186.43406190955403,200.56628425325115,9555715
2020-09-04,189.79075622558594,193.36122638438576,178.45932942374014,191.24459518660743,10134621
2020-09-08,187.48170471191406,191.3728769705555,182.79947108799928,186.1133882892593,5084329
2020-09-09,194.98609924316406,195.4778317544133,190.34662709759962,190.34662709759962,5137361
2020-09-10,188.67898559570312,200.30972614380624,186.00647274166508,195.37093973429634,7402062
2020-09-11,187.22512817382812,193.275692579843,186.2630364576127,191.0521656814183,5403957
2020-09-14,193.06187438964844,196.4185524849222,190.28246593782814,190.71007850678737,5600099
2020-09-15,191.5225372314453,197.6372365962329,190.453534972861,195.43508286099265,5114280
2020-09-16,190.64593505859375,194.34468867153745,189.49141038607712,192.0356393265042,4151353
2020-09-17,186.22027587890625,190.92388260084826,185.27955746437462,189.40589450519303,5562155
2020-09-18,186.3485565185547,191.45838779678974,183.95398461359667,187.28927491723803,6788221
2020-09-21,189.64109802246094,190.60318978919392,180.29800403775153,182.22221686978668,6845564
2020-09-22,191.33009338378906,192.8053201128965,187.07545822282208,191.5652729703862,5921389
2020-09-23,184.8946990966797,192.35634086288817,184.31744408678978,191.3300999680061,4865511
2020-09-24,190.92388916015625,191.97151808453762,183.22706724216104,185.79268431434903,5439028
2020-09-25,193.76742553710938,194.77229316445468,187.07547152128848,189.0210575618943,4840589
2020-09-28,187.0113525390625,197.29516532486969,186.049246091179,195.84131167492524,7078707
2020-09-29,187.03271484375,189.9617806290037,185.06575544978355,187.16099862577846,4299986
2020-09-30,190.71011352539062,192.2067138437081,186.51961212510184,188.3796758691331,5273915
2020-10-01,196.4827117919922,196.4827117919922,190.7314758326117,191.0094167127995,5120567
2020-10-02,188.2513885498047,196.22613659144255,187.2892821597915,194.6654018513243,6682561
2020-10-05,192.71981811523438,193.91710412861002,188.70036211298319,190.23972356620138,5400590
2020-10-06,190.92388916015625,194.986106424931,189.98317071330567,194.55850846266114,4802285
2020-10-07,190.1542205810547,194.0667662063822,190.06869805657462,191.77910459832174,4673814
2020-10-08,196.41856384277344,196.69650470402732,190.4962832377047,191.99288336775368,5227888
2020-10-09,209.84524536132812,209.84524536132812,195.84130565342372,196.48270993229156,10369246
2020-10-13,222.35255432128906,223.20776484846039,212.7315347732759,212.79568398615183,10632340
2020-10-14,219.6159210205078,233.0426055650307,214.14264068397205,226.62859212363378,9384776
2020-10-15,218.16207885742188,222.95120823704775,213.80054743772462,213.97159248140977,3901057
2020-10-16,220.6421661376953,222.78017051631238,215.1688714126075,220.30007606157494,3667903
2020-10-19,219.70143127441406,224.91817304887817,216.793753546959,223.29328914849435,4090059
2020-10-20,222.6946563720703,223.54985229596463,219.35936590017064,220.64217443529648,3119577
2020-10-21,224.2340087890625,229.1941830359169,222.01048189739384,222.35255732331063,3977821
2020-10-22,223.207763671875,225.77336594129784,222.3525531492117,225.34576800460795,2592895
2020-10-23,221.6684112548828,224.148491107186,219.3593617945868,223.2077726786521,2687957
2020-10-26,217.8199920654297,223.20776416783076,214.74125468599797,220.6421618927073,2894236
2020-10-27,217.64895629882812,220.2145586832029,214.82678635137378,218.33312181775614,2323503
2020-10-28,210.63629150390625,215.85301858288358,208.66933219691433,212.09013035475755,4043269
2020-10-29,216.87928771972656,218.7607246269139,204.22229126053594,208.66934525830166,4249435
2020-10-30,210.63629150390625,216.36613903902426,206.61683572306808,215.08334522331438,3493360
2020-11-03,213.7150115966797,217.13582436148437,211.66252979751022,216.19510597841227,2834603
2020-11-04,223.9774627685547,227.74035116647167,216.96479180273036,217.22135936701946,5746431
2020-11-05,234.7530059814453,236.89101040637533,228.6810681409018,229.8783541346908,5206951
2020-11-06,233.72677612304688,233.98332904858776,226.71410486922824,230.90460604638798,3737662
2020-11-09,226.2009735107422,242.10773755711938,225.34577760094393,240.73942117158538,8056014
2020-11-10,215.68199157714844,231.93083069172377,215.33990150150444,222.43808013042775,8875393
2020-11-11,218.76072692871094,224.1484994367604,216.19512446042185,217.2213654477375,5744523
2020-11-12,217.905517578125,221.92495875618874,213.0308658637421,218.33311552164272,3796542
2020-11-13,214.65574645996094,220.47111649030495,212.60324999400112,220.30007145582073,3992415
2020-11-16,212.51776123046875,217.1358457331362,207.5575866280805,216.3661576580492,4642673
2020-11-17,211.49148559570312,216.10958431126818,209.78109385586188,211.66253062940064,3582001
2020-11-18,209.8666229248047,211.49150696123147,205.84718142112447,211.2349540340509,3538803
2020-11-19,210.72183227539062,211.40599782593898,203.7091756678033,209.78111379918965,5617533
2020-11-23,200.28836059570312,208.4127806495944,198.5779540607863,207.81413762990928,6695191
2020-11-24,202.6829071044922,204.99194171850758,195.84128182794672,199.86073741038132,6451069
2020-11-25,205.24853515625,207.89966015817402,201.14355654251125,202.4263651060455,4368600
2020-11-26,207.38653564453125,207.8141336076631,203.7091697227422,204.3933206040394,2594197
2020-11-27,206.8734130859375,209.95213596877778,204.56436359916515,207.98517656851052,4055483
2020-11-30,199.94627380371094,211.14941619522818,198.57794279370114,206.95892994448045,7533845
2020-12-01,195.67027282714844,203.28157225679186,193.27570078889835,202.25531663376722,5532226
2020-12-02,197.12413024902344,198.1503713189923,194.55852757410128,195.67029117478185,2871144
2020-12-03,199.26211547851562,201.82771790312287,196.09787004661928,197.3806639342807,3725223
2020-12-04,202.34083557128906,203.96571952580132,198.15034922788493,200.28835366017555,2552571
2020-12-07,203.5381317138672,207.55758786453748,200.37388616830873,202.34084565628157,2758412
2020-12-08,213.37294006347656,213.37294006347656,201.91323027715967,202.93947119542284,4725690
2020-12-09,205.07748413085938,214.31366743097138,203.6236452107024,213.37294899141594,4622219
2020-12-10,200.1173095703125,206.61684541929708,198.150350171014,206.10372493907641,3780298
2020-12-11,196.61099243164062,201.22907684056406,194.30194290253664,197.46618836501307,4282114
2020-12-14,205.67613220214844,207.12997115813636,195.58475273541913,196.6965162456701,4860942
2020-12-15,210.4652557373047,212.26118473752854,202.16980555616556,205.676126385992,4433936
2020-12-16,213.45848083496094,213.5440033603434,206.7023771211647,209.52454721236165,4637475
2020-12-17,209.8666229248047,214.74127503408502,208.3272614138664,212.60327049401215,2629952
2020-12-18,209.69558715820312,210.6363056159392,206.10372907529063,209.35349706500122,3482257
2020-12-21,213.800537109375,217.0503048866964,201.91322943176687,204.6498767521051,5858748
2020-12-22,215.16888427734375,217.3924113079334,212.51775927532177,216.28064779263858,2833032
2020-12-23,213.5439910888672,219.18831629762053,213.5439910888672,215.93854841554665,2307921
2020-12-28,215.93853759765625,216.6227030778403,208.6693288120321,211.9190965313021,2593119
2020-12-29,216.1951141357422,218.5896714420286,213.97158721965084,215.76751618632863,1997083
2020-12-30,213.5951690673828,219.673430662157,213.5951690673828,217.19075320430647,2154135
2021-01-04,215.7353973388672,218.98854973689498,212.91028822172922,216.24905220884312,2885783
2021-01-05,211.96859741210938,215.56418162646904,208.3730131977497,214.87931821914236,2855001
2021-01-06,200.83938598632812,211.11249852127452,200.49695427882847,211.02690159280567,5814989
2021-01-07,198.27110290527344,204.17814125640865,196.4733035237833,202.38035653945934,4731404
2021-01-08,204.092529296875,208.03055974533478,197.07256962677226,198.52793731299874,4938132
2021-01-11,201.09622192382812,204.17815130270387,199.72646575685565,201.1818335173316,2991532
2021-01-12,207.1744842529297,208.20179404836915,199.04160281858256,202.03792061119077,3933624
2021-01-13,205.63351440429688,207.17447905882227,201.60987225258506,207.17447905882227,2875017
2021-01-14,203.1508331298828,206.83202884689402,201.18182521868962,206.74643192146291,2868079
2021-01-15,205.11984252929688,206.40398705911255,199.89768214852305,203.1508346038178,3677782
2021-01-18,209.31471252441406,211.0269003811646,204.6918038447335,205.890336810913,2723128
2021-01-19,206.1471710205078,213.59517424553815,203.92132827931874,210.08518694918882,2360347
2021-01-20,217.6188201904297,218.56051839272644,206.48960629222603,207.0032611902553,5398535
2021-01-21,218.21807861328125,219.58782006919722,212.73908346053528,217.44758896245656,3708968
2021-01-22,222.49855041503906,225.1524365151815,214.87932382721206,215.1361439455269,4827679
2021-01-26,220.44390869140625,231.74434546413104,219.75904528936445,224.7243856091439,4992713
2021-01-27,220.78634643554688,225.92289507299057,217.0195392132413,220.187079983755,5045217
2021-01-28,224.21072387695312,226.86460980629184,217.36197274939704,221.4712116942981,3684383
2021-01-29,216.3346710205078,223.26901932896428,214.2800514720083,220.35831319010373,4057245
2021-02-01,213.42396545410156,220.3583289221649,211.8830006827127,219.8446593338263,3285610
2021-02-02,216.5914764404297,220.27268665709346,215.73538990813688,216.5914764404297,3094262
2021-02-03,219.58782958984375,220.61513939245697,214.36566898246969,217.7900301029998,2353353
2021-02-04,216.67709350585938,224.29631956119204,215.3929636749473,219.50220259713095,2212253
2021-02-05,221.3000030517578,223.35462252300576,217.27636103344668,217.27636103344668,2797389
2021-02-08,223.95388793945312,226.00850740115897,218.4748929318771,221.30000202399296,2893327
2021-02-09,224.63877868652344,226.4365634849238,221.7280578414569,223.95390060570634,2172030
2021-02-10,216.5914764404297,223.6114505292079,214.96490029744112,223.44022735693324,4494590
2021-02-11,219.58782958984375,222.15610409637677,216.5914971117705,216.5914971117705,2309190
2021-02-12,221.8136749267578,222.412941429243,217.01955757141823,218.47491069771547,1698772
2021-02-17,218.30369567871094,224.38195786183283,217.96126394927654,220.18710685195617,2778843
2021-02-18,214.3656463623047,219.07415157152406,212.31101230934448,218.30366196859646,2534598
2021-02-19,213.50955200195312,217.36197081070785,207.08885887554212,213.33832882592918,4341366
2021-02-22,207.60252380371094,209.91397813393195,202.55157184699797,207.43130061938604,4648982
2021-02-23,212.82467651367188,214.7080874788913,204.17814065346,208.03055950839627,4927085
2021-02-24,210.9412841796875,214.87931469771567,207.17447684295567,213.423946985779,4199782
2021-02-25,205.8903350830078,214.19443951951328,203.83571553796682,210.5132437238913,6507738
2021-02-26,207.00326538085938,213.68079385496242,205.29107746458612,206.1471787549937,5129200
2021-03-01,210.17079162597656,214.0232105001554,206.91763921351807,210.25640321544245,2484462
2021-03-02,207.77374267578125,210.59883717126075,201.95230117496902,207.9449511920115,3968570
2021-03-03,215.05052185058594,216.42027796318723,201.18182553160833,209.99958467978868,5298174
2021-03-04,217.79002380371094,220.0158665331739,212.99590664199894,214.96491459596635,4550855
2021-03-05,215.13613891601562,216.93393836035688,210.25641013669622,215.64979380517866,5163147
2021-03-08,197.75746154785156,212.05421665837068,197.75746154785156,211.36933856178166,9307238
2021-03-09,200.2401123046875,205.20545253999418,199.55524891429693,201.60986841455048,8286710
2021-03-10,213.16712951660156,214.79370576542453,200.92499452230467,203.32206043195592,4700892
2021-03-11,212.31103515625,214.70810114371642,209.4003289309456,214.6224895492295,3440575
2021-03-12,210.34202575683594,213.16713503360145,207.77375126184072,210.59884587406464,2757940
2021-03-15,203.0652313232422,211.96860247662843,201.6098782172239,208.45861510591527,8657114
2021-03-16,206.74642944335938,208.80104891989754,202.03790936766188,203.92132033084903,4290343
2021-03-17,204.94862365722656,205.8903217770884,200.4113269013718,204.2637456316269,4217834
2021-03-18,190.73748779296875,204.1781406588083,188.93968841674052,203.40766568652532,6098795
2021-03-19,190.82310485839844,193.90503416505948,188.5972621376295,192.44968110322642,7159074
2021-03-22,187.5699462890625,194.58990592528087,183.631915859611,191.76479682014087,5195815
2021-03-23,184.14556884765625,188.59725409945963,182.77582743570014,186.6282315725632,3476981
2021-03-24,174.38612365722656,184.14558137412354,173.0163674875525,183.88874659310656,6718923
2021-03-25,173.78684997558594,179.52267986889464,170.96174082399662,171.64661888049667,5510268
2021-03-26,171.04736328125,177.21123685227673,168.65029726347797,174.64294764336614,5669701
2021-03-29,168.22222900390625,171.64660433161305,166.08199809022443,170.61929466620896,4656807
2021-03-30,171.73223876953125,173.95808156231377,166.25324338184225,166.8525098771715,4071379
2021-03-31,173.27320861816406,175.1566197543481,168.39347958089797,172.58833050822966,4083795
2021-04-01,174.98538208007812,179.95072230325457,171.64661806805222,173.61562597356144,4842508
2021-04-05,174.81417846679688,177.46806472260207,170.6193274170928,176.35514326069577,3063525
2021-04-06,176.35513305664062,177.38244285979889,171.73223894242847,174.12929026161717,2979532
2021-04-07,172.75953674316406,175.755854350117,171.475392246161,175.4990342494408,2847244
2021-04-08,187.05628967285156,187.48433294792258,173.0163558671055,173.18757904295012,6340705
2021-04-09,185.5153350830078,188.5116528345448,184.91606859979214,185.34411189793437,4019413
2021-04-12,185.34410095214844,187.74115207890816,185.00165460222527,186.45702226031776,2335852
2021-04-13,190.05262756347656,190.8231172725372,183.88875388461793,185.9433882205989,3255940
2021-04-14,189.36773681640625,191.33675942394228,187.2275056907019,191.33675942394228,2723117
2021-04-15,190.05262756347656,192.79212534690905,189.19654092189108,190.2238507576105,2071523
2021-04-16,187.6555633544922,190.48065787754155,186.28580722403692,189.9670029947561,2229911
2021-04-19,185.34410095214844,189.62456300986412,184.40240281894071,187.56994356848708,2481409
2021-04-20,184.9160614013672,186.62823452728452,183.3750821247763,185.2584930936425,2304396
2021-04-22,181.0636444091797,187.0562944054109,180.72119804882644,185.8577614732565,2540211
2021-04-23,186.02899169921875,186.02899169921875,180.8924280802431,182.00534946446075,2903565
2021-04-26,185.85777282714844,186.71385945124723,184.05997331909074,185.0016715385078,2203687
2021-04-27,179.35147094726562,185.3441214228458,179.18024775339296,184.91607810270625,1787290
2021-04-28,176.78318786621094,180.63559222687397,176.18392138099767,179.26585073534466,3203795
2021-04-29,173.44442749023438,176.95440022017706,170.448094999267,176.61196850601297,3861159
2021-04-30,171.47540283203125,174.55734688219135,170.10566132660352,172.0746693233251,3303471
2021-05-03,172.75953674316406,173.3588031974628,170.36247092596918,172.16027028886535,1998362
2021-05-04,169.078369140625,173.18760874942012,168.1366561764902,172.7595654009278,2184401
2021-05-05,170.36248779296875,171.98906414009534,168.47909131973907,169.9344444731022,1687883
2021-05-06,166.59567260742188,170.7905380121056,165.22593111321802,169.93443674675441,3038087
2021-05-07,170.27687072753906,170.36248232167134,165.48275343700706,167.62298463214708,2647846
2021-05-10,164.3698272705078,171.04735544446766,163.08569738942867,170.27686578418718,2490996
2021-05-11,165.3971405029297,165.99640699245901,159.74693664593278,162.65764283559918,2994530
2021-05-12,159.1476593017578,163.9417762264687,158.37716967790226,162.6576317415563,2458530
2021-05-13,163.77056884765625,164.79789333340045,160.34620766516275,161.03107110293627,2225208
2021-05-14,163.94178771972656,168.99273976133682,162.40082302852554,167.79420677999994,3034450
2021-05-17,161.45912170410156,164.54105102687487,160.34620033789878,163.68496443650716,1769362
2021-05-18,162.40081787109375,166.1676252181416,160.68863004706455,161.2022849278192,2033601
2021-05-19,159.9181365966797,163.68495851883188,158.71961834640297,160.60301464293835,1894589
2021-05-20,160.43182373046875,161.63034211223277,159.23329068416237,159.91815414101544,1246665
2021-05-21,158.63401794433594,160.774249158349,156.23695194566127,160.51741437368736,2570622
2021-05-24,171.2185821533203,171.7322370492369,158.46279201973314,158.80523839337187,4936628
2021-05-25,171.38978576660156,176.8687809424748,171.38978576660156,172.93076507475556,3794712
2021-05-26,168.3934783935547,174.55735201041847,168.22225520114284,174.30051722180073,2194257
2021-05-27,167.70860290527344,169.84883418564817,166.68129306385694,168.99274753931516,2565110
2021-05-28,173.3588104248047,174.81416349475214,167.9654267758063,168.65029018252199,2182807
2021-05-31,172.5883331298828,174.642952826354,171.04736835752942,173.44443444644068,1406872
2021-06-01,174.2148895263672,176.78317851704057,173.01635661932502,173.44441456079767,2020343
2021-06-02,175.49903869628906,182.00534360548747,173.35880759008123,174.7285490456562,3075548
2021-06-04,178.495361328125,180.20754919347158,175.5846551551231,176.44074175552566,2010004
2021-06-07,178.0673065185547,179.6938826858191,176.0982986661706,179.26583941328434,1526239
2021-06-08,180.20755004882812,183.46070260906532,178.49536217535464,180.54999642224774,3937845
2021-06-09,173.53001403808594,180.54998840705042,173.10197075485516,180.20754204883312,3013300
2021-06-10,173.61563110351562,174.5573439537742,170.61931336185484,174.1292859925015,1756688
2021-06-11,174.47174072265625,175.32782735714483,171.13297645197508,173.61563942362562,1271868
2021-06-14,176.26951599121094,177.46804894587592,174.47173122375472,174.98538610939096,1862426
2021-06-15,178.83779907226562,181.3204618252954,175.32781191795584,176.0126899639623,2544185
2021-06-16,173.87246704101562,179.77950563605816,171.7322358785298,179.3514623364693,3275664
2021-06-17,182.4333953857422,182.94705028856006,171.90344788116303,173.78685896785643,3439385
2021-06-18,180.37875366210938,184.14556070918718,179.95071040632462,182.43337302150817,3215436
2021-06-21,182.09095764160156,182.5190009356837,178.75219355158683,181.2348563888961,1231117
2021-06-22,179.52267456054688,182.69021531445395,176.86877400315066,182.6046037268553,1840984
2021-06-23,176.1839141845703,181.6629092559747,175.58464772383476,179.35145500235768,1854826
2021-06-24,185.34410095214844,186.0289789874543,177.21122010958055,178.06730665530748,3540633
2021-06-25,183.11827087402344,187.74116493365403,180.29316161642288,186.37142343379585,3356514
2021-06-28,184.3168182373047,186.97070451535055,180.80683062355664,183.11828516604717,2344473
2021-06-29,185.5153350830078,185.6865436035399,180.20754832660347,184.31680211657647,1324507
2021-06-30,181.0636444091797,184.91606331136697,179.86511147702524,184.31679684528976,2840149
2021-07-01,177.12562561035156,182.09096618240594,174.8141711835338,181.66292286824685,2038967
2021-07-02,185.25848388671875,185.68652714692533,177.72486971473901,178.06730138999623,2721961
2021-07-05,183.0326385498047,184.91604939639763,180.89240761681356,184.05994822447724,978474
2021-07-06,180.50958251953125,183.59374688427982,179.48152773128172,181.10928359187284,2226633
2021-07-07,188.56268310546875,189.7620852181013,182.30868086487519,182.4800135415543,3460468
2021-07-08,187.79164123535156,189.07670229305336,184.02208770893603,185.73551712771354,2034162
2021-07-12,189.33372497558594,191.90386178877844,188.04864923140207,188.99103028371013,2290869
2021-07-13,192.67491149902344,193.10326519164695,186.5065684296489,188.21999787531823,2576179
2021-07-14,196.4444580078125,196.4444580078125,192.84625163017722,193.6173000468636,3342111
2021-07-15,203.21249389648438,210.49456587537534,203.12682021699985,204.75457610167655,6783663
2021-07-16,204.75457763671875,208.52413151123946,203.98354386593041,204.06921754605722,2912501
2021-07-19,198.0722198486328,204.58324338633548,196.7014703274447,202.6127927840246,2192315
2021-07-20,200.2139892578125,200.29966293134572,194.4739998828394,198.75756615809826,2044692
2021-07-21,200.12832641601562,201.4990612412109,196.7871410184335,199.3572779876597,1380974
2021-07-22,199.18594360351562,201.49905951845471,197.47251408028873,200.38533106211605,1952830
2021-07-23,193.61729431152344,196.44445218872613,190.27610906348167,195.33072377271222,3740625
2021-07-26,188.81971740722656,194.98804640552456,188.64837004332603,194.73104003485054,1990504
2021-07-27,183.7650909423828,189.84776055966373,180.76658563449396,189.16238582140687,3021809
2021-07-28,184.45046997070312,186.59225323679186,181.79465930776016,184.96449736755739,1991122
2021-07-29,186.07821655273438,189.76208182552335,183.3367323479477,184.8788144615448,2059533
2021-07-30,176.4830322265625,185.90688787876232,176.05467848673,183.67943082142097,3419593
2021-08-02,176.7400360107422,180.50957496835983,176.14033496348762,179.13882552458495,2680211
2021-08-03,175.026611328125,176.91138819604367,168.94394168984658,176.4830198111695,2131178
2021-08-04,171.0000457763672,174.08422467310143,168.943936295328,173.8272036503838,3090187
2021-08-05,175.28363037109375,177.76809359930726,171.25707032517445,172.37079876286433,3988070
2021-08-06,177.1683807373047,178.88181011767114,172.54213461797255,175.88330503323616,2293204
2021-08-09,175.54063415527344,178.88181941945206,175.02660678195176,176.22600887809418,1596020
2021-08-10,174.76959228515625,177.85377131545252,172.45647635640415,175.88332074814568,2197041
2021-08-11,179.1388397216797,179.56720812879303,172.62781603567674,174.8552730519595,2087329
2021-08-12,179.65286254882812,182.13732566783182,175.96898269367856,177.68241211289754,2787824
2021-08-13,173.65585327148438,181.36627836600422,170.31468276068927,180.76657733197044,4961157
2021-08-16,166.37379455566406,174.76957958161577,166.20244721222014,173.3131711878675,3668958
2021-08-17,165.43142700195312,168.4299177055888,160.29113835620825,165.17440596583657,3384422
2021-08-18,161.4048614501953,167.05917730456645,159.60575828286346,166.37380257293873,3742489
2021-08-19,162.34725952148438,163.46098807372405,155.15086077433395,159.1774212343952,3691949
2021-08-20,161.5762176513672,162.77560515343606,157.63533107263655,160.20546811303632,2679403
2021-08-23,155.3221893310547,163.20396192689256,154.80816195960224,162.94694090357862,3312418
2021-08-24,164.83172607421875,165.68843351169082,155.49354456492725,157.12130043626516,7900881
2021-08-25,167.48753356933594,167.57320724649622,163.03261975840886,163.80366817767543,3452183
2021-08-26,161.0621795654297,168.77259017545578,160.11978381711356,166.80215435431168,3920253
2021-08-27,163.03260803222656,164.06066273385483,160.7194776159755,162.09022700159647,2565649
2021-08-30,161.74754333496094,163.6323201997767,158.40635798949836,162.2615707207878,2517837
2021-08-31,156.2645721435547,163.28963742376882,155.40786473996428,160.63381218725215,3447558
2021-09-01,160.03411865234375,161.5762155315282,156.60727420182891,157.2926342868261,2493061
2021-09-02,154.2941436767578,159.8627860914897,153.00906783484234,159.8627860914897,2931933
2021-09-03,161.91888427734375,161.91888427734375,153.35175173599998,155.0651811793038,5206446
2021-09-06,166.88783264160156,167.05917999606302,160.7194893079252,161.57621140505643,2060050
2021-09-08,160.9765167236328,165.60276340097607,159.77711454518868,164.91740330630216,4080921
2021-09-09,161.4905242919922,166.37379141127724,153.8657731052923,161.9188779673313,3948128
2021-09-10,147.18341064453125,163.80366325930802,147.18341064453125,163.28963588695646,8235216
2021-09-13,149.41087341308594,154.55116201579017,149.32519973509778,150.69594923255602,4009815
2021-09-14,145.89834594726562,152.32371060199924,144.35626371319313,150.26758628139265,5520439
2021-09-15,142.3858184814453,146.7550585311934,141.2720900501301,146.32670482880502,3465284
2021-09-16,140.24404907226562,142.3858324697976,138.01659199080402,140.92942386852545,3523199
2021-09-17,141.9574737548828,143.67088867277386,135.87480383580444,139.7300167514125,4943711
2021-09-20,137.50254821777344,140.58671242156908,135.2750914010848,139.13030399341702,3028578
2021-09-21,140.41537475585938,142.30015168269756,135.53210709222236,138.44493882454452,3350912
2021-09-22,139.9870147705078,143.24252640063182,138.44493263126628,142.21447164113746,2674520
2021-09-23,135.96047973632812,141.52910766073668,135.44645231753384,140.50105282314814,3510659
2021-09-24,133.9043426513672,134.76106471799932,131.5912268243639,134.33271102227096,3280065
2021-09-27,128.5927276611328,134.67539738755426,127.82169390753818,132.9619678487562,3709102
2021-09-28,121.48200225830078,128.16437300820488,120.11126010480159,126.87929719470762,6202793
2021-09-29,119.42588806152344,124.30915541803044,118.8261870168462,122.51005962158649,4687319
2021-09-30,122.85273742675781,126.02258260388997,119.25454589879443,119.76857325993205,6210752
2021-10-01,124.65184020996094,126.02258970029914,120.53962108929834,123.36677907234187,3639916
2021-10-04,117.4554443359375,122.33871166830527,115.91336223232274,122.08169798436947,6068978
2021-10-05,117.19844055175781,121.05365347403237,115.99903836701878,118.22649537434081,4633501
2021-10-06,123.88080596923828,125.08020809971522,112.65785509687538,115.5706794082777,8233667
2021-10-07,120.19692993164062,127.1363141544094,119.93991624469272,125.08020465882622,4442512
2021-10-08,128.2500457763672,131.5055574506443,122.16737613754927,122.16737613754927,6156351
2021-10-11,123.19542694091797,129.0210753610525,122.93841325584108,128.84974268778487,3381840
2021-10-13,124.2234878540039,125.50856368083264,122.42439196906699,123.53811310135016,3358007
2021-10-14,121.3963394165039,125.33721863538354,120.79663833126904,125.0802122703837,2922324
2021-10-15,124.73751831054688,125.50856676059958,120.79663906764371,121.73902020368192,2595252
2021-10-18,122.33871459960938,123.70945672597325,120.11125772706959,123.28110302167923,4376301
2021-10-19,117.62680053710938,122.33872087644986,116.42739836340773,120.8823049994676,4055022
2021-10-20,113.68590545654297,118.99752648496836,112.48650337265971,118.56917279077446,6846810
2021-10-21,106.31816864013672,113.0862055015303,105.20444021942271,110.43039496179125,7751013
2021-10-22,106.40384674072266,110.94442694955454,101.60624549710799,105.80414566807231,7793627
2021-10-25,105.71846771240234,109.91636771351804,105.11876666401614,107.0035434839693,3922196
2021-10-26,102.63429260253906,105.80413774742547,100.49250950705738,105.29011039151686,4167844
2021-10-27,99.37879180908203,106.48951655970981,98.8647643979027,103.40535209263389,4679360
2021-10-28,95.5235824584961,100.74953004527605,94.83820771222422,98.43640678618151,4758807
2021-10-29,92.61074829101562,97.3226756971643,91.92538090084939,96.29462094312105,4666719
2021-11-01,96.80864715576172,97.92237557177565,93.03910821121661,93.12477454796463,3514768
2021-11-03,98.950439453125,99.97849428976063,94.15284532376641,95.86626760562967,5350387
2021-11-04,94.92388153076172,101.26356492403785,93.63880571399206,98.52208061005834,3829468
2021-11-05,106.57518768310547,108.1172698796355,95.60925027421247,96.12327767305582,7436852
2021-11-08,102.20594024658203,108.45994960818713,101.69191288399396,105.46145176803161,5296704
2021-11-09,112.48650360107422,118.2264856729368,103.23399628189091,103.23399628189091,7551358
2021-11-10,111.54412841796875,115.99903496434594,109.83069887219932,113.08621060660838,6823482
2021-11-11,116.94142150878906,122.1673764018526,112.40084135789188,113.94292352138422,7382271
2021-11-12,95.5235824584961,109.48801036592032,95.5235824584961,108.37428190641953,16022142
2021-11-16,83.44391632080078,97.66536518652558,83.44391632080078,95.86626199020832,15832174
2021-11-17,79.4173583984375,86.8707623811189,78.73198370026708,84.90032663345082,14817574
2021-11-18,77.0185546875,82.24450927190314,77.0185546875,80.18839984201996,8604969
2021-11-19,79.4173583984375,84.5576392843656,76.59020060926267,77.53258898485011,10527264
2021-11-22,75.73348999023438,82.92988802124346,75.47647629895461,80.5310911234364,7636642
2021-11-23,73.67737579345703,77.5325882560619,72.56364742258953,77.104227239335,9538337
2021-11-24,75.56214904785156,77.1899048518415,72.39230377752159,72.8206648161224,8873260
2021-11-25,74.53409576416016,77.44692006617868,73.76304734700153,75.73349055318522,6598164
2021-11-26,69.0511245727539,73.4203645288005,68.79411088931515,72.64931614089656,7124531
2021-11-29,68.8797836303711,72.56365655233152,68.36575621569538,70.16485950464873,9569018
2021-11-30,66.82366943359375,69.47948000825515,65.11023994264349,68.45142524872014,10526377
2021-12-01,58.94190216064453,69.39380411058141,58.94190216064453,68.9654504203528,15742905
2021-12-02,57.91384506225586,61.59771402979914,55.25803451314929,59.5416008617196,19517691
2021-12-03,60.3983154296875,62.368754917245475,57.571161207298815,58.085188580679684,15910633
2021-12-06,62.540103912353516,63.73949870260543,60.826674397607405,61.25503177629393,9498799
2021-12-07,65.28157806396484,66.13829278460085,63.139794931168645,64.16785699848444,9571218
2021-12-08,58.342201232910156,64.85322429707192,56.800115471316225,64.7675506238316,28697064
2021-12-09,53.80162048339844,57.91384695387361,53.201923082783736,57.91384695387361,28944307
2021-12-10,54.572662353515625,55.77206076010847,51.48849082936967,55.08668971794201,23482760
2021-12-13,51.831180572509766,57.571162856473165,51.831180572509766,54.65833487588467,28688319
2021-12-14,49.17536544799805,53.11624813764291,49.0896954410383,52.68789076525635,16019167
2021-12-15,52.85923385620117,53.45893490458738,48.14731015028768,48.91835121067519,17176159
2021-12-16,54.82967758178711,55.77206233273962,52.51655070785022,53.80161915515187,16826018
2021-12-17,57.05712890625,57.65682994115883,51.916847948265556,53.03057634521407,16454525
2021-12-20,54.22998046875,57.57116601216759,53.45893934432788,55.001021593172126,10420257
2021-12-21,55.00101852416992,56.62877803289069,53.28759267590793,55.00101852416992,12581106
2021-12-22,52.77356719970703,56.6287800839204,52.602223508036765,55.00102051624404,9578964
2021-12-23,53.116249084472656,54.315647547258685,51.31714955589662,53.28759277024037,10901193
2021-12-27,58.08518981933594,58.08518981933594,53.3732623460799,53.3732623460799,13951730
2021-12-28,58.513545989990234,59.62727074351491,56.88579019392275,58.170858628295036,18587432
2021-12-29,57.91384506225586,59.11324349310379,57.39981768743444,58.59921611828238,8896364
2021-12-30,61.85472869873047,63.4824845240237,57.999515988806955,58.256529680296,20243894
2022-01-03,57.571163177490234,63.4824855112544,57.1428057954157,63.4824855112544,16327412
2022-01-04,56.62877655029297,59.45593077686483,55.25803444005317,58.08518866662504,10635068
2022-01-05,55.00101852416992,57.65683280808909,54.572664813699916,55.85773328269791,10402958
2022-01-06,53.54460525512695,55.94340212651935,52.51655050132847,55.34370474306821,10830985
2022-01-07,53.287593841552734,56.800119292040996,52.34520905407525,53.715951230186874,14895741
2022-01-10,49.17536544799805,52.68789076525635,49.17536544799805,52.60222075829661,12840877
2022-01-11,50.289093017578125,51.48849143835702,49.00402092251897,49.261034607772025,16049196
2022-01-12,54.05863571166992,54.57266678664669,49.518055398664316,50.54611021102963,14295584
2022-01-13,52.173866271972656,53.801622175806585,50.54611036813873,53.5446084719164,14501627
2022-01-14,54.22998046875,55.001021593172126,52.08819712171464,52.34521082985535,11680214
2022-01-17,52.430877685546875,54.65833458035293,52.430877685546875,53.715949817656664,6937831
2022-01-18,50.4604377746582,53.373262048909936,50.4604377746582,52.08819359520886,13136111
2022-01-19,54.05863571166992,56.543106399944904,51.488495011962534,51.488495011962534,22207827
2022-01-20,56.97146224975586,58.34220440826754,54.40132161974497,54.48699162885419,15804390
2022-01-21,59.113243103027344,60.65532888610956,55.34370415415288,56.029075205656774,16967242
2022-01-24,54.74400329589844,59.96995804012431,54.74400329589844,59.02757329967612,14942037
2022-01-25,57.571163177490234,57.91384688187346,53.11624933895027,54.486991494071184,19318036
2022-01-26,57.82817840576172,60.655332799837005,56.54310622547617,59.541604310681684,15221409
2022-01-27,61.85472869873047,62.368756081708554,58.94190441599204,59.198918107481084,18162447
2022-01-28,57.48548889160156,61.94040268300847,56.71444781330143,61.7690553294387,20846184
2022-01-31,59.9699592590332,60.91234401863567,57.1428049802258,58.25652975517856,16767103
2022-02-01,60.05562973022461,62.797117691309936,58.94190494667598,59.969959721888245,17330360
2022-02-02,55.772064208984375,62.11174398946673,55.17236313420627,60.74100182036881,23367457
2022-02-03,55.94340515136719,58.6848932035806,54.315649257311236,56.54310623603795,18539654
2022-02-04,54.22998046875,56.543107510810565,53.11625195427747,56.11475010764466,12987781
2022-02-07,54.05863571166992,56.543106399944904,53.37326461382834,54.22997940332885,11915041
2022-02-08,56.029075622558594,56.029075622558594,53.45893507749354,54.05863245902552,9791059
2022-02-09,56.54310607910156,58.68489304069965,54.65833648793053,56.45743606815528,12196378
2022-02-10,59.4559326171875,59.7986163209575,55.08669246415754,57.142805693159524,17616883
2022-02-11,54.40132141113281,60.141303719290164,53.972964029641275,59.79861634657934,21881103
2022-02-14,55.51504898071289,56.714447428415966,54.14430684939682,54.40132054041934,13168386
2022-02-15,58.599220275878906,58.599220275878906,56.62878064299677,56.62878064299677,10656936
2022-02-16,58.42787551879883,59.79861770315032,57.571164405174706,58.5135491983171,11264064
2022-02-17,56.80011749267578,59.37025807426733,56.45743379390075,58.34220330914829,10931346
2022-02-18,54.48699188232422,58.427874689179525,54.48699188232422,57.57116358771987,13586524
2022-02-21,51.57416534423828,55.25803822824902,51.57416534423828,55.00102085476467,9717831
2022-02-22,52.00252151489258,54.05863477270386,51.48849411763827,52.85923628951246,14701496
2022-02-23,50.63178253173828,55.600720106072814,50.63178253173828,52.60222209212807,16552641
2022-02-24,52.430877685546875,52.77356505496041,45.662840661966285,47.547610187358806,18601476
2022-02-25,51.48849105834961,53.715947872495,50.20342264156868,53.03057682728056,15009001
2022-03-02,54.05863571166992,54.315649414761246,50.88879759434747,50.97446760577988,11393332
2022-03-03,54.05863571166992,55.5150515875796,52.687893515986765,54.22997940332885,11485835
2022-03-04,53.887290954589844,54.91534941542323,52.34520876653083,53.887290954589844,9846964
2022-03-07,50.11775207519531,54.315648611603486,49.689394686779124,53.28759381443988,9770852
2022-03-08,51.831180572509766,53.54460642245983,49.26103629439369,51.831180572509766,16537755
2022-03-09,53.373260498046875,55.85773099473646,52.8592331315025,53.373260498046875,15585493
2022-03-10,51.06013488769531,52.77356437510167,49.86073644778721,52.687890699455004,15918772
2022-03-11,48.74700927734375,53.97296421298079,48.74700927734375,51.6598372801043,18404773
2022-03-14,45.662841796875,50.46043940634663,45.40582809782399,50.20342570729562,14805113
2022-03-15,41.72195816040039,43.00702663092132,39.83718862444038,41.122257094961306,28285719
2022-03-16,43.94941329956055,44.549114390934626,42.06464368209081,43.26404219604481,18303154
2022-03-17,47.46194076538086,47.54761077439497,42.92135691175304,43.94941169509835,17796387
2022-03-18,49.86073684692383,50.28909422220443,46.09119781452484,46.433881513472954,14774207
2022-03-21,49.00402069091797,51.06013383201878,48.40432331775972,50.0320790958653,14007108
2022-03-22,49.77506637573242,51.23147850308489,48.91835163315148,49.68939270019798,13551083
2022-03-23,51.40282440185547,51.74550811238806,48.747010052853106,49.60372483237568,18610872
2022-03-24,56.54310607910156,57.14280716210784,51.145811007221404,51.83118210117397,20829041
2022-03-25,56.029075622558594,58.2565288049249,54.31564614665263,56.80011668543994,15713133
2022-03-28,55.42937469482422,57.142804174519725,54.7440036367048,56.11474575294364,9204272
2022-03-29,59.9699592590332,60.99801402631082,57.228474987900945,57.228474987900945,18824560
2022-03-30,58.856231689453125,61.083688610030045,57.656833220217095,60.055630158689155,13348666
2022-03-31,58.42787551879883,59.88428771387451,57.91384811686554,59.370260311941216,11248269
2022-04-01,62.96845626831055,63.22546995623741,58.941903599064496,59.284587293369015,15934623
2022-04-04,61.597713470458984,63.05412924428648,60.22697137085302,62.96845557006495,11149019
2022-04-05,59.19892120361328,63.22547413925752,58.77056380579693,61.42637453594651,12348524
2022-04-06,56.71445083618164,58.5135504502346,55.25803860994552,58.342206756326185,13361138
2022-04-07,56.20042037963867,58.59921728926965,55.429375633204884,56.45743407218528,14524181
2022-04-08,52.51655197143555,54.48699152763955,52.08819458909711,54.40132151868947,16060905
2022-04-11,52.088191986083984,53.116246717285854,50.03207885488642,50.97446358141941,11271417
2022-04-12,51.145809173583984,54.82967821290874,51.06013549691511,54.14430714352753,12966519
2022-04-13,51.65983581542969,52.8592342523981,50.80312107382629,52.08819318623139,11408734
2022-04-14,51.48849105834961,52.00251842506198,50.71745000828105,51.402821053495494,9812141
2022-04-18,50.4604377746582,51.745506228359275,49.775066709752984,51.31714885419427,9709580
2022-04-19,50.8887939453125,51.574161325214966,49.346708168547316,50.11774922253298,9613283
2022-04-20,48.06163787841797,51.74550694468068,47.804624184119874,50.88879585328502,12887555
2022-04-22,47.547611236572266,47.89029494475369,46.43388276459306,46.947910161262215,9099881
2022-04-25,46.605228424072266,47.718956943152406,46.00552732340013,46.605228424072266,12508698
2022-04-26,44.377769470214844,46.86224011032963,44.377769470214844,46.2625427043394,9502526
2022-04-27,43.69239807128906,46.776569763997294,43.521058052978404,45.9198549972679,12581061
2022-04-28,44.377769470214844,45.23448424310837,42.66434359322185,44.120755772105596,11373877
2022-04-29,41.80762481689453,45.40582358345411,41.80762481689453,45.06313623959429,12735734
2022-05-02,41.122257232666016,42.57867306252543,40.60822984273634,42.06464200380176,9192979
2022-05-03,39.40883255004883,41.29360214844004,39.15181884743131,41.20793213716557,10805704
2022-05-04,42.40732955932617,42.57867324630696,37.4383883184413,38.723460467606216,15889371
2022-05-05,37.86674499511719,40.77957294427772,37.52405762754821,40.35121556921347,18057349
2022-05-06,36.838687896728516,38.29509994466634,36.41033054879534,37.78107259466402,16346002
2022-05-09,33.49750518798828,36.324659484678236,33.49750518798828,35.72496208957102,17108567
2022-05-10,33.84019470214844,35.21093326442428,32.55512248472243,34.69690584497156,17828864
2022-05-11,33.66884994506836,35.039592132942566,33.154822541814056,33.24049255275841,15782308
2022-05-12,35.810630798339844,36.06764448245877,32.04109187287055,32.81213292522731,21678529
2022-05-13,37.5240592956543,38.38077408386746,36.15332077082499,36.23899078212866,15736427
2022-05-16,37.5240592956543,37.5240592956543,37.5240592956543,37.5240592956543,0
2022-05-17,33.7545166015625,35.896303350266166,33.66884659913185,35.81062967904178,30270150
2022-05-18,31.869749069213867,34.52556332604533,31.698405385497075,33.92586226743353,18766331
2022-05-19,31.95542335510254,32.983478139428236,31.441392294145675,31.86974967721272,17344202
2022-05-20,31.441390991210938,32.640789412819046,30.584678094976134,32.3837757273883,14809098
2022-05-23,31.69840431213379,32.38377535499915,30.927363264707942,31.7840779854881,12058196
2022-05-24,31.784080505371094,31.784080505371094,30.67035201381782,30.927365716669478,8150661
2022-05-25,31.784080505371094,32.555121613926076,31.18437941952114,31.698406825224463,14800297
2022-05-26,34.868247985839844,35.296605372542665,31.869749947714148,31.869749947714148,18606202
2022-05-27,34.268550872802734,35.4679493645601,33.58317611317672,34.95391829484059,8659628
2022-05-30,32.897804260253906,35.21093117962791,32.38377687123613,34.52556377346687,7682220
2022-05-31,31.869749069213867,33.24049120136031,31.698405385497075,33.24049120136031,11448755
2022-06-01,31.784080505371094,32.555121613926076,31.013035728021993,31.95542419687024,10900373
2022-06-02,32.55512237548828,34.182878310822986,31.955424944403717,32.04109495776031,16492626
2022-06-03,30.756023406982422,32.46945112477494,30.67035156249354,32.212437425705325,15720812
2022-06-06,29.128265380859375,31.270048628888855,28.9569235281517,31.09870861057819,16005078
2022-06-07,28.185880661010742,28.956923585720702,27.92886696423976,28.785579898275373,17534461
2022-06-08,27.586181640625,28.614238270188388,27.414839786229617,27.843195339416592,17155177
2022-06-09,25.78708267211914,27.586182273744765,25.78708267211914,27.586182273744765,24280966
2022-06-10,24.844697952270508,26.21544016127813,24.673354258946016,25.53006905677432,18635760
2022-06-13,22.874256134033203,23.816640929650017,22.788584288687026,23.816640929650017,19279598
2022-06-14,21.760526657104492,23.388282472595176,21.674856650055375,23.045598775604788,18474543
2022-06-15,21.84619903564453,22.874255655081605,21.160829790416827,22.274556419009233,26137960
2022-06-17,20.389785766601562,21.07515497483312,20.218442088745988,21.07515497483312,19050373
2022-06-20,22.103212356567383,22.531569732658095,19.87575730281023,20.56112837079658,22348377
2022-06-21,21.50351333618164,22.531569947986018,21.160829633310513,22.360228096550454,15130040
2022-06-22,20.903812408447266,21.931868936836167,20.218441389521335,20.903812408447266,15046204
2022-06-23,21.84619903564453,23.04559934218629,20.903814259759802,20.989486103312142,22978653
2022-06-24,21.160829544067383,22.702913538071904,20.90381401640247,22.531569852961965,15883904
2022-06-27,20.818143844604492,21.846200534579705,20.561130130709973,21.246501257360112,11847404
2022-06-28,20.389785766601562,21.24649865268869,20.04710024528733,21.07515497483312,14621342
2022-06-29,20.646800994873047,21.33217208881721,20.304115447900966,20.561129149530764,12719041
2022-06-30,20.047100067138672,20.732469269279694,19.790084552639286,20.38978558540763,26042257
2022-07-01,18.847702026367188,20.047102396894196,18.847702026367188,20.047102396894196,12844660
2022-07-04,18.248003005981445,19.0190459807572,18.076661141807463,18.6763604180121,11605864
2022-07-05,20.389785766601562,20.732469453518885,17.39128607930433,17.99098711740192,30505303
2022-07-06,21.417842864990234,22.360227613520763,20.389786275394123,20.389786275394123,29538873
2022-07-07,21.931869506835938,22.702912381765895,20.818141113536768,21.931869506835938,22028603
2022-07-08,22.445899963378906,22.702913658004555,21.07515597844912,21.674857045104964,17081736
2022-07-11,22.531570434570312,23.045599668771803,21.503513800564367,21.846199345233014,17554410
2022-07-12,25.10171127319336,25.95842416088869,22.445898936621848,22.702912619490753,36911557
2022-07-13,24.244997024536133,25.53006729837131,24.073655177410018,24.58768255318531,32285263
2022-07-14,24.930368423461914,26.38678239877778,23.302612598671992,23.47395444814605,21171459
2022-07-15,23.816640853881836,25.615740428442834,23.55962715305799,25.444396738295577,17370100
2022-07-18,23.73097038269043,26.301111009847723,23.473954852457094,24.3306696177742,22076762
2022-07-19,23.902311325073242,24.673352383226067,22.6172410604216,24.07365500537183,20925069
2022-07-20,26.301111221313477,26.301111221313477,23.81664058319469,23.902312427294618,25256433
2022-07-21,25.78708267211914,26.81513932527706,25.27305526273872,26.301111915896634,18624635
2022-07-22,24.502010345458984,26.472451647081364,24.159324821942185,26.129767957961484,18122213
2022-07-25,23.902311325073242,25.44439527577583,23.81663948492395,24.7590260577723,14573620
2022-07-26,22.3602294921875,23.987985437209932,22.103213947396764,23.987985437209932,15698685
2022-07-27,23.131269454956055,23.902312381586928,22.360228362722196,22.53157021619738,19737834
2022-07-28,23.302614212036133,23.7309716169742,22.103213845088963,23.302614212036133,23348541
2022-07-29,22.103212356567383,23.7309700188327,22.017542348866822,23.473954492540084,18808844
2022-08-01,23.302614212036133,23.902313478311168,21.846200135884963,22.103213845088963,26110983
2022-08-02,23.216941833496094,23.730971074551956,22.617242580928473,23.045599976075515,14913007
2022-08-03,25.10171127319336,25.27305311697366,23.21693998522857,23.30261182431718,21426807
2022-08-04,28.61423683166504,28.956922357625007,26.129768144252967,26.129768144252967,27211800
2022-08-05,27.072153091430664,28.956922581589595,26.386782034209787,28.100207842865025,27359265
2022-08-08,28.014537811279297,29.813635459066056,27.50050860162812,27.671852282977493,21670514
2022-08-09,26.386783599853516,29.04259614556619,25.958426205074908,28.614238750787578,18214614
2022-08-10,28.185880661010742,28.52856620150439,26.98648218648148,27.586181423746112,19968260
2022-08-11,26.044095993041992,28.699908328906286,25.872752314910404,28.528564650774697,19726215
2022-08-12,30.670351028442383,31.013034731636836,25.273054269976278,25.787081659164954,39483449
2022-08-15,34.611236572265625,34.69690658774365,30.15632422591967,30.241996075794837,31843506
2022-08-16,35.553619384765625,36.75301787684851,33.754519812244254,35.03959198370069,25255142
2022-08-17,34.43989181518555,36.75301885002044,34.18287810784769,34.52556549682762,26663788
2022-08-18,34.52556228637695,34.953915979578994,32.72646283351179,34.953915979578994,16246360
2022-08-19,32.3837776184082,34.182877190274006,31.78408020698232,33.58317611005405,17073620
2022-08-22,32.726463317871094,33.326160698505916,30.927363838378838,31.527064887807555,18132226
2022-08-23,35.553619384765625,35.89630676467164,33.069148721226306,33.15482240059985,20961318
2022-08-24,38.55211639404297,39.92285853855612,35.46794840328536,35.46794840328536,31614775
2022-08-25,40.094200134277344,41.036584850917755,39.237485421406504,39.92285645794442,21590943
2022-08-26,39.23748779296875,40.779573635583084,38.123759332680294,40.52255993994636,17109914
2022-08-29,38.72345733642578,40.17986938601194,38.55211366329984,38.63778366546595,15767905
2022-08-30,38.637786865234375,40.52256008811876,37.1813746950362,39.75151532959523,19733299
2022-08-31,36.5816764831543,39.58017076646172,36.49600280699521,39.15181706084205,20432716
2022-09-01,37.438385009765625,37.86674235496385,35.210928282252326,36.83868766152306,19198152
2022-09-02,36.49600601196289,38.80913310189301,35.98197858504381,38.6377894033219,17288779
2022-09-05,37.01002883911133,37.60972987517959,36.49600147607785,36.924358834870354,7850757
2022-09-06,34.268550872802734,36.49600416641096,33.24049240215779,36.49600416641096,20727816
2022-09-08,36.75301742553711,37.352718498611516,34.61123416820399,34.78257785605297,20196969
2022-09-09,37.5240592956543,37.95242035855499,36.8386918676367,37.866746678457204,15147788
2022-09-12,41.03658676147461,41.29360045354299,37.95241878786004,38.03808879561818,22777740
2022-09-13,40.26554489135742,40.60822858442729,37.78107435862384,39.32315648062905,20582831
2022-09-14,38.295101165771484,40.43688430493808,37.8667438041794,40.008526943346,22891146
2022-09-15,37.181373596191406,39.32315678356078,36.58167621150082,38.637785723347314,18435891
2022-09-16,38.209434509277344,38.89480561412524,35.55362010219395,36.410334900452355,20020226
2022-09-19,39.06614303588867,39.837187770466635,37.181373540331705,37.26704354693196,17437299
2022-09-20,38.209434509277344,39.83719042469182,37.78107711014814,38.809131933022904,15365832
2022-09-21,40.69390106201172,42.06464325513001,37.695402973164725,38.29510405845177,28304433
2022-09-22,39.40883255004883,42.578674330321746,38.894805144813795,41.63628586233203,27275295
2022-09-23,39.66584396362305,40.351215020649626,38.466445531025016,38.552115537355625,17097127
2022-09-26,38.38077163696289,40.60822847679153,38.03808794480134,39.23748637055758,11929130
2022-09-27,35.810630798339844,36.58167551949045,35.63928711932928,35.89630447224205,27908546
2022-09-28,37.095706939697266,37.60973436408239,35.12526358782863,35.981978407666666,18469727
2022-09-29,34.696903228759766,36.75301642033004,34.43988953841272,36.32465904682032,17756928
2022-09-30,38.38077163696289,38.98047268423795,34.0972053065772,35.03959004601381,27836508
2022-10-03,42.06464385986328,42.578674941268076,39.49450312801594,40.693901647038814,25423510
2022-10-04,43.606727600097656,44.80612605953415,42.49299914890877,43.606727600097656,20703152
2022-10-05,43.863739013671875,45.148811083354104,42.750010620372706,43.77806900987724,18503495
2022-10-06,46.005523681640625,46.262541039293545,43.69239681311564,44.3777678730043,19686217
2022-10-07,45.49149703979492,46.34821179571247,44.80612596881967,45.74851073281139,17090582
2022-10-10,45.57716751098633,46.77656964897582,44.46344271952953,45.748511197669686,15013379
2022-10-11,44.29209518432617,46.60522191278593,43.86373783923456,45.57716355080732,17536470
2022-10-13,42.15031433105469,44.37776750565924,41.20792959010778,44.292097499680025,20239695
2022-10-14,37.438385009765625,42.75000948639497,37.09570133488326,42.492995813034774,28768361
2022-10-17,37.438385009765625,40.09419908247715,37.267041337927594,38.295099700162076,20449410
2022-10-18,37.01002883911133,38.80912827852231,36.06764411728535,38.466444592764596,20836282
2022-10-19,35.896305084228516,36.924359838231226,34.8682466614319,36.924359838231226,20106734
2022-10-20,35.03959274291992,36.15332124855502,33.411836825082204,36.15332124855502,24007129
2022-10-21,35.553619384765625,36.06764678583057,33.58317612229125,34.4398909032622,23213929
2022-10-24,34.953914642333984,35.38227198794204,33.840189946305486,34.78257463912572,14035095
2022-10-25,36.75301742553711,38.29510327858985,34.61123416820399,34.86824786558044,24138171
2022-10-26,33.49750518798828,36.2389894764612,33.24049149454319,35.98197578301611,21019694
2022-10-27,36.1533203125,37.01003142105831,33.583175980442896,33.75451966967218,24694557
2022-10-28,37.5240592956543,38.03809036985866,35.12526229121037,35.72496337671841,22491812
2022-10-31,38.295101165771484,39.92285693854512,36.49600171460226,37.5240564473882,29600729
2022-11-01,39.06614303588867,40.008527783667155,37.095703533731445,38.80912934729398,22829807
2022-11-03,41.72195816040039,42.40732923427621,37.695401725582194,38.20943278258456,27259455
2022-11-04,41.379268646240234,42.921354399802425,40.77957128065046,42.83568439580211,17948141
2022-11-07,38.89480209350586,42.32165730755856,38.552114737703675,41.12225523104475,19200431
2022-11-08,39.66584396362305,40.865242396221085,38.552115537355625,38.637785543686235,18775031
2022-11-09,38.295101165771484,40.008526943346,37.6954001257838,39.66584325534863,13589251
2022-11-10,34.097206115722656,37.267044101416026,33.32616136967257,36.153319323866285,25406974
2022-11-11,29.64229393005371,35.55361798086634,28.956922866098886,35.21093061449196,43699958
2022-11-14,31.01303482055664,31.78407957534437,29.556622657414934,30.413335586651407,24196872
2022-11-16,28.528564453125,31.18437677058947,28.357222610577406,31.013033093644975,25161876
2022-11-17,29.04259490966797,29.64229413619978,25.958425100422534,27.586180930036157,27057823
2022-11-18,26.986480712890625,30.670349613441232,26.472451513020097,29.98497856987847,30234710
2022-11-21,28.95692253112793,29.813635433962602,27.414838572266742,27.757522265883054,28205307
2022-11-22,28.61423683166504,29.556621569455718,27.414838408003618,29.042594197714234,22957627
2022-11-23,28.95692253112793,28.95692253112793,27.414838572266742,28.185879634498864,18755453
2022-11-24,30.84169578552246,31.35572319256254,29.385281741580467,29.385281741580467,18454673
2022-11-25,29.299610137939453,31.013036065175836,28.442897174321264,30.841696040608106,23583098
2022-11-28,28.442895889282227,29.556622508228433,27.671852972783324,27.84319482400697,17026448
2022-11-29,28.785579681396484,29.72796628645156,27.157823834914893,28.785579681396484,21932620
2022-11-30,29.213937759399414,29.727966995729744,27.928867420169144,28.87125221331154,23435161
2022-12-01,26.558124542236328,29.04259514508924,26.558124542236328,28.956923302205382,22877024
2022-12-02,27.757522583007812,28.956922861955622,26.12976859934422,26.729465987222675,28899358
2022-12-05,26.386783599853516,27.843195807065495,25.958426205074908,27.50051025812202,14908965
2022-12-06,26.729467391967773,27.414840326240707,26.129769972572717,26.729467391967773,15031677
2022-12-07,25.187381744384766,27.15782307353612,25.016039897431014,26.558123857602567,29000168
2022-12-08,24.330669403076172,26.044097084193787,23.90231202419752,25.35872601174674,17080580
2022-12-09,23.98798370361328,25.187382155035152,23.902311861541154,25.187382155035152,11532008
2022-12-12,23.98798370361328,24.844696621143623,23.216940793758088,23.902311861541154,14575035
2022-12-13,23.98798370361328,25.016040305287877,23.645298169721748,24.244997395432684,24205123
2022-12-14,22.531570434570312,23.730970758109102,22.017543034765858,23.730970758109102,33133380
2022-12-15,22.27455711364746,23.47395562319578,21.846199716924318,22.360228959871502,20474230
2022-12-16,20.304115295410156,22.531570416801216,20.132773440409476,22.103213027703962,24130706
2022-12-19,22.3602294921875,23.131270623368373,20.21844429198071,20.47545800237433,33625217
2022-12-20,24.159326553344727,25.958426139341455,21.760527716814778,21.93187140805116,40023546
2022-12-21,22.3602294921875,24.759028402787916,22.188885795660344,24.416341009733603,33258910
2022-12-22,22.27455711364746,22.788584522197578,21.503514166425216,22.617242664146563,20731992
2022-12-23,22.95992660522461,24.244996870917454,22.445899232706246,22.445899232706246,21910145
2022-12-26,22.788583755493164,23.388282990090904,21.931870825267392,23.216941137804554,8307175
2022-12-27,21.58918571472168,23.216941598530354,21.417843859035155,22.874256052760263,16589945
2022-12-28,23.04559898376465,23.473954526070244,21.503513161394153,21.76052685365691,21918958
2022-12-29,23.473953247070312,23.98798243798545,22.78858221544805,23.216939568811185,14599070
2023-01-02,22.188884735107422,22.788583975494674,21.84619919282942,22.70291396572294,7872782
2023-01-03,21.760526657104492,23.645297996933415,21.417842960114104,22.274555871384003,18429133
2023-01-04,21.84619903564453,22.360228262561574,21.417843486676844,22.18888457545689,16619211
2023-01-05,22.788583755493164,23.216941137804554,21.503513442956006,22.103212677553746,19543376
2023-01-06,23.64529800415039,23.73096984562262,22.274555878182603,22.87425509969427,16154766
2023-01-09,24.244997024536133,24.844696241072956,22.788583069177893,22.959926750700955,15909937
2023-01-10,26.12976837158203,26.472452066126415,23.645297828158125,23.902311516264888,21560195
2023-01-11,25.958423614501953,26.64379464399093,24.84469523298315,26.30110912924644,19125228
2023-01-12,27.32916831970215,28.100209426737774,23.045599887826143,23.131269899009844,43090248
2023-01-13,29.38528060913086,31.013034613493097,26.472452633501405,27.07215369779964,35433837
2023-01-16,32.98347854614258,33.925863332992876,28.87125202054452,28.95692386509374,25144980
2023-01-17,32.46944808959961,34.43988748787221,31.355719718544183,33.41183278769411,28404693
2023-01-18,30.499006271362305,33.240490475816515,30.156320745805527,32.89780311586281,25508031
2023-01-19,32.64078903198242,33.58317375716451,29.64229301294712,29.727964851890103,30171125
2023-01-20,32.726463317871094,33.24049069235634,31.955422256143223,32.98347700511371,17769187
2023-01-23,34.611236572265625,35.03959398724433,32.8978069123508,33.06915061210115,20257152
2023-01-24,37.6097297668457,38.12375712839854,34.69690193672331,34.953915617499725,25686245
2023-01-25,37.26704406738281,40.00852834240405,36.75301668301482,37.609731436157446,26234156
2023-01-26,36.6673469543457,38.209432787982664,35.98197588037306,37.52405804521602,20567429
2023-01-27,38.80913162231445,39.2374890180142,36.75301832423215,36.92436201627088,16590877
2023-01-30,37.352718353271484,39.837188976635446,36.66734727333639,39.32315791508861,17386748
2023-01-31,37.95241928100586,38.46644667182179,36.924360830579985,37.60973190793256,12478893
2023-02-01,36.75301742553711,37.866745893364424,35.639288957709795,37.69540220551544,16141778
2023-02-02,37.181373596191406,38.89480308112204,36.238988846997124,36.58167621150082,16556480
2023-02-03,36.5816764831543,37.52405757055273,35.896305417851295,37.43838756318758,12768166
2023-02-06,35.38227462768555,37.438387838727145,35.03959092690893,36.581676752388624,11772504
2023-02-07,34.696903228759766,36.23898903963595,33.24049109386188,35.72496165894187,18836741
2023-02-08,36.1533203125,36.23899032271761,34.35422074757765,35.21093185613596,16178644
2023-02-09,35.21092987060547,37.18137301364459,34.696902500697476,36.1533182738286,14366926
2023-02-10,34.18287658691406,35.4679487352195,33.92586289101178,34.78257765654874,13250123
2023-02-13,35.38227462768555,35.98197569003708,33.49750510142923,34.182876171776435,13258846
2023-02-14,34.78257751464844,36.153319666397834,34.3542201336275,35.55361859920972,12938477
2023-02-15,33.3261604309082,34.95391621623708,32.81213306055042,34.61123252559652,22616085
2023-02-16,32.64078903198242,33.754517435050474,31.784077980140236,33.32616007473247,17057117
2023-02-17,31.355724334716797,32.555122884430624,31.184380636530747,32.12676547336263,10486962
2023-02-22,30.156322479248047,30.841695404155065,29.556623233651074,30.841695404155065,8192714
2023-02-23,30.499006271362305,31.441391008044207,29.899307060237177,30.241992585793955,9395879
2023-02-24,30.927364349365234,33.15482123399552,30.584678815914188,31.355721724778288,14331059
2023-02-27,31.270048141479492,32.298106579289126,30.756022591368637,31.61273551034736,11458006
2023-02-28,30.756023406982422,32.041093736727554,30.756023406982422,31.355722649610545,8025726
2023-03-01,27.671852111816406,31.270047385133694,27.586180271671633,31.184377379385857,15686684
2023-03-02,26.986480712890625,28.185879121926998,26.643795191109245,27.757521761101046,10613592
2023-03-03,25.87275505065918,27.24349728306458,25.701411354409952,27.07215542121246,13259306
2023-03-06,27.32916831970215,27.843195724392565,25.18738318656562,26.044097973579053,15809486
2023-03-07,27.586181640625,27.928867183812798,26.815138709853205,27.32916794183341,9669267
2023-03-08,29.38528060913086,30.327665375318098,27.329167391414888,27.50050924235939,17377599
2023-03-09,29.04259490966797,30.584678897092196,28.78557938309978,29.128264917460385,11829151
2023-03-10,29.128265380859375,29.29960906796406,25.7014099827358,27.157823985537572,27150685
2023-03-13,31.869749069213867,32.89780383392672,28.528565580706157,28.78557927188437,21301064
2023-03-14,31.95542335510254,33.24049183550966,31.441392294145675,31.86974967721272,14465704
2023-03-15,32.64078903198242,33.2404900701864,30.5846777381292,31.270046946482335,15085169
2023-03-16,33.3261604309082,34.18287516070041,32.897803066012095,32.98347674026763,11168508
2023-03-17,32.3837776184082,33.58317611005405,32.21243759731171,33.24049239906698,9010937
2023-03-20,31.784080505371094,33.240492711128546,31.18437941952114,32.98347900827689,9420026
2023-03-21,31.69840431213379,32.38377535499915,31.441390629658507,31.955421663402895,6867095
2023-03-22,30.756023406982422,32.12676374681941,30.499007873515772,31.612736348680166,13365258
2023-03-23,26.643796920776367,30.841695293717475,26.04409767732679,30.841695293717475,28086524
2023-03-24,27.671852111816406,28.271551324035954,26.55812369312515,27.586180271671633,13253300
2023-03-27,28.61423683166504,29.128264203406523,27.928865779745102,28.185879465615844,8477878
2023-03-28,28.95692253112793,29.29960805914119,27.757522265883054,28.52856516251212,9124623
2023-03-29,28.699909210205078,29.642293965676224,27.500508929644276,29.29960843328699,11546579
2023-03-30,29.470951080322266,30.67034948430877,29.299607402954535,29.3852792416384,11207249
2023-03-31,28.35722541809082,29.72796763176982,27.671854311251323,29.47095392530428,9371821
2023-04-03,28.35722541809082,28.785580984067696,27.329168757831575,28.528567277602153,7293439
2023-04-04,27.586181640625,29.642294899751775,27.500509796228794,28.52856642579218,11224212
2023-04-05,28.100208282470703,28.442895650839166,26.900809830769,27.75752274849922,12468980
2023-04-06,28.871252059936523,29.21393760420392,27.843195427134326,27.928867271800435,8017846
2023-04-10,28.699909210205078,29.556622123979675,28.699909210205078,29.04259474259431,6292635
2023-04-11,32.3837776184082,33.15482238851874,29.556623244787122,29.642295089732407,27440194
2023-04-12,33.2404899597168,33.66884731861122,32.29810523766658,33.2404899597168,17119961
2023-04-13,33.069149017333984,34.0115338173227,32.38377792017909,33.32616272016781,10933861
2023-04-14,32.04109191894531,32.98347665166777,31.86974823968836,32.640789293153865,10037763
2023-04-17,31.355724334716797,32.29810917154868,31.184380636530747,32.29810917154868,10076627
2023-04-18,30.327665328979492,31.95542299964861,30.241993486439647,31.698405637632085,12225363
2023-04-19,27.84319496154785,30.070651879237523,27.6718531094778,29.984980036003996,17046262
2023-04-20,28.27155303955078,28.6999104318704,27.671853790941547,28.27155303955078,12573888
2023-04-24,29.04259490966797,29.385280444028574,28.18588015656797,28.271551998757367,10258624
2023-04-25,28.100208282470703,29.042594876690014,27.67185274080408,28.871251192505785,9276590
2023-04-26,26.643796920776367,28.44289648552213,26.472453231563897,28.3572246409159,13181880
2023-04-27,27.414838790893555,27.414838790893555,26.04409666790918,26.81513773629017,10546371
2023-04-28,28.61423683166504,28.61423683166504,26.900809201865197,27.586180253785134,9121805
2023-05-02,27.757522583007812,28.69990917160858,27.671852575823443,28.69990917160858,7199735
2023-05-03,28.61423683166504,28.87125051753578,27.67185209387436,28.01453761983433,9967678
2023-05-04,30.584678649902344,31.184377871587298,28.785579150450513,28.785579150450513,16956117
2023-05-05,32.64078903198242,32.89780271441446,30.24199221675418,30.5846777381292,16448407
2023-05-08,33.154823303222656,34.268551815046756,32.72646590107537,32.72646590107537,12343596
2023-05-09,35.46794891357422,36.581677380613975,32.72646458510529,32.897804604039074,18067385
2023-05-10,36.75301742553711,37.352718498611516,35.639288957709795,35.7249626360313,12594353
2023-05-11,37.26704406738281,37.95241880493208,35.98197560646283,37.18137405958613,11581391
2023-05-12,36.92436218261719,37.352719580246706,36.06764738735815,36.83869217060894,7854304
2023-05-15,37.5240592956543,38.20943406126012,36.581678164931574,37.26704559294917,9972741
2023-05-16,28.95692253112793,35.12526020096963,28.69990884371722,34.354219138737506,39038964
2023-05-17,28.785579681396484,30.241993676120696,28.014538596892784,29.98497998128613,20679948
2023-05-18,30.327665328979492,30.756022707281733,28.528565807627672,28.871251343390067,20015421
2023-05-19,31.18437957763672,31.955424358895282,30.241994772804375,30.6703521693271,16427324
2023-05-22,32.55512237548828,33.154823475367046,31.355723844524952,31.441393857881547,14236400
2023-05-23,31.355724334716797,32.89780661200846,31.184380636530747,32.812136597312566,12890990
2023-05-24,31.09870719909668,31.869748252881376,29.813635107328334,30.07065062632016,11793463
2023-05-25,32.21243667602539,32.72646406220167,31.869749306045218,32.041092991035306,13417347
2023-05-26,32.726463317871094,33.15482068620676,32.21243594338585,32.89780333017025,8561490
2023-05-29,32.46944808959961,33.069145441772264,32.04109074159416,32.89780176881134,5050696
2023-05-30,31.95542335510254,33.41183552249528,31.698405990227098,32.89780446153841,8708305
2023-05-31,32.55512237548828,32.64079238884487,31.355723844524952,31.784081248896324,8603116
2023-06-01,34.78257751464844,34.78257751464844,32.46945059217058,32.89780430439752,11935080
2023-06-02,34.78257751464844,34.78257751464844,34.78257751464844,34.78257751464844,0
2023-06-05,33.3261604309082,34.0115314809832,32.897803066012095,33.41183410516374,6741319
2023-06-06,34.18287658691406,34.69690397871863,33.15482180330493,33.668849195109495,11171191
2023-06-07,33.2404899597168,35.810630444289544,33.06914628240026,34.696902044922794,13863381
2023-06-09,34.01153564453125,34.86825047919886,33.66885191194079,33.925865628582216,13458097
2023-06-12,33.92586135864258,34.868246090649826,33.41183399005568,34.35421872206294,13280445
2023-06-13,32.21243667602539,34.43988990572061,32.12676299913336,34.354219897622556,15441698
2023-06-14,32.64078903198242,32.89780271441446,31.612734302254268,32.64078903198242,15199114
2023-06-15,32.126766204833984,32.72646732774219,31.955426171541074,32.46945360900848,12965947
2023-06-16,31.784080505371094,32.469451602573564,31.698406825224463,32.04109420822275,9824018
2023-06-19,31.95542335510254,32.126763373294146,31.184378598064253,31.86974967721272,6579079
2023-06-20,31.527063369750977,31.95542071746085,31.27004602609008,31.869747046642647,9313996
2023-06-21,32.21243667602539,32.46945036911353,31.270048242976905,31.527065604859022,10128694
2023-06-22,30.584678649902344,31.527065237575233,29.556622055129434,31.355721554581265,20711134
2023-06-23,30.670351028442383,31.098708409030944,29.72796625866514,30.670351028442383,9137657
2023-06-26,29.128265380859375,30.841694914318175,28.785579841047017,30.67035122721349,10761675
2023-06-27,28.95692253112793,30.24199280257841,28.357223315703965,29.984979115167704,14769998
2023-06-28,28.699909210205078,29.642293965676224,28.357223677815846,29.04259474259431,9903813
2023-06-29,29.556621551513672,29.984978917302836,28.699908654332276,28.78557865997256,8885575
2023-06-30,28.871252059936523,30.327666081672227,28.785580215270414,30.156322392340012,9322370
2023-07-03,29.470951080322266,29.81363476626392,28.785578205248243,29.213935564270667,8164896
2023-07-04,28.871252059936523,29.38528129353614,28.69991020500134,29.38528129353614,7385189
2023-07-05,29.213937759399414,30.07065254181762,28.614238512344894,28.699910357466123,18607908
2023-07-06,26.986480712890625,28.95692200453433,26.90080887384605,28.87125016548976,19338489
2023-07-07,27.24349594116211,28.271552564828323,26.986482243844808,27.500509638479407,12512212
2023-07-10,26.12976837158203,27.072153117571464,25.95842468991289,26.986481276736892,10557686
2023-07-11,26.215438842773438,26.472452535436602,24.93036854506063,26.044096992463654,12507856
2023-07-12,25.530067443847656,26.986481407504886,25.530067443847656,26.729465883755754,10177078
2023-07-13,25.87275505065918,26.643798014986494,25.787083202534564,25.958426898783795,9898166
2023-07-14,25.273054122924805,26.12976887911713,25.10171227232453,25.95842519411987,7782862
2023-07-17,25.358726501464844,25.701410209909152,24.844697270004325,25.358726501464844,6921250
2023-07-18,25.358726501464844,25.701410209909152,25.016040958623506,25.358726501464844,6945206
2023-07-19,25.187381744384766,25.787080960318317,24.930368056755665,25.358725425735464,8738593
2023-07-20,24.844697952270508,25.53006905677432,24.844697952270508,25.358727197846907,7973199
2023-07-21,25.87275505065918,26.21544060876053,24.75902836262762,24.75902836262762,10313351
2023-07-24,25.78708267211914,26.129770057568848,25.358727109101146,25.958426364843994,8801234
2023-07-25,26.301111221313477,27.586181545224324,26.21543937721355,26.72946677301908,13202805
2023-07-26,26.47245216369629,26.815137693900663,25.958424785588207,26.30111031579258,8770744
2023-07-27,27.15782356262207,27.500509097097954,26.472452493670303,26.643796178106737,13759338
2023-07-28,27.15782356262207,27.671852781534387,26.643796178106737,27.414839089276718,10034608
2023-07-31,28.699909210205078,28.87125105920121,27.414838922344696,27.414838922344696,12295537
2023-08-01,29.38528060913086,29.642294302746105,28.357224000272872,28.785579544832622,9508341
2023-08-02,28.528564453125,29.470951007525922,27.92886525261307,29.385279169053675,11876480
2023-08-03,27.072153091430664,29.813635485917214,26.986481250678818,29.55662179805862,14315118
2023-08-04,26.215438842773438,27.500509140486244,26.12976883481704,27.0721535975133,12102146
2023-08-07,25.78708267211914,26.47245377422442,25.615740813791355,26.47245377422442,9268912
2023-08-08,25.615739822387695,25.958425360177408,24.930368746808274,25.44439613629434,9764363
2023-08-09,25.444395065307617,25.872752428113902,25.101711376338894,25.70140874923262,9507084
2023-08-10,24.416337966918945,25.787080030723036,24.33066796372885,25.615738189945965,11071807
2023-08-11,24.67335319519043,25.273054261573836,24.33066949210991,24.50201134365017,9185637
2023-08-14,24.330669403076172,25.016040475523216,24.073655709507776,24.673353104902702,9525147
2023-08-15,23.73097038269043,23.987984078526758,21.674857147205792,23.987984078526758,23264514
2023-08-16,25.444395065307617,25.958424267554545,23.473953764554388,24.073654806241958,26338378
2023-08-17,24.159326553344727,25.872754293723265,24.159326553344727,25.701410602486884,12885467
2023-08-18,25.7014102935791,26.04409767193307,23.64529886423452,23.987984408191455,14824231
2023-08-21,26.12976837158203,26.301110218854223,25.358725472864794,25.872752849078317,12763182
2023-08-22,26.044095993041992,26.815137041443393,26.044095993041992,26.386781514908254,10806647
2023-08-23,26.215438842773438,26.30111068512682,25.530067772740342,26.12976883481704,8623200
2023-08-24,25.87275505065918,26.21544060876053,25.18738393445648,26.21544060876053,9563360
2023-08-25,25.016040802001953,25.872753736543036,25.016040802001953,25.70141004899661,9709973
2023-08-28,25.10171127319336,25.615738638931173,24.502010233970022,25.10171127319336,8865290
2023-08-29,25.10171127319336,25.615738638931173,24.844695755927535,25.187381277885052,4756505
2023-08-30,25.016040802001953,25.273054498924576,24.673353426909106,25.273054498924576,5667815
2023-08-31,23.64529800415039,24.93036828864595,23.64529800415039,24.75902644009846,10930976
2023-09-01,24.502010345458984,24.502010345458984,23.559625614387013,23.902311137903816,8216334
2023-09-04,23.816640853881836,24.50201194567678,23.816640853881836,24.244998244852937,4311965
2023-09-05,23.04559898376465,23.730970052729983,22.445899757019227,23.64529821051007,12021408
2023-09-06,22.188884735107422,23.645298748388193,22.188884735107422,23.045599508000944,9772109
2023-09-08,21.50351333618164,21.93187071636605,21.417843327662357,21.84619887344977,7660351
2023-09-11,21.84619903564453,22.10321273190455,21.160829790416827,21.674857182936858,7458091
2023-09-12,22.445899963378906,22.702913658004555,21.589185202097415,21.846198896723063,10843435
2023-09-13,22.445899963378906,23.3026128902634,22.18888443435626,22.274556277363807,7886826
2023-09-14,22.103212356567383,22.617241574755635,21.075155754587854,22.44589972495754,13575466
2023-09-15,21.24650001525879,22.61724218842349,21.24650001525879,22.274556645132314,13353886
2023-09-18,22.103212356567383,22.44589972495754,20.989485746887297,21.246499438782934,12309300
2023-09-19,21.58918571472168,22.360228651303647,21.417843859035155,22.103213116178296,7287803
2023-09-20,21.58918571472168,22.017543105533555,21.503513869679896,21.58918571472168,6427853
2023-09-21,20.13277244567871,21.246499034148126,20.13277244567871,21.16082902807913,15229582
2023-09-22,19.190385818481445,20.646799764954256,18.590686605603327,20.47545608447654,15040478
2023-09-25,18.419342041015625,18.847699387252245,17.819642856922467,18.847699387252245,10398703
2023-09-26,17.99098777770996,18.676358845493024,17.733974085890555,18.162329627457236,7129471
2023-09-27,17.476957321166992,18.41934201398723,17.13427181155992,18.248000176382117,20061740
2023-09-28,17.56262969970703,17.905315219900235,17.219944179513828,17.305616018161356,9412190
2023-09-29,18.162330627441406,18.59068802698963,17.905316921471304,18.076660615049423,12066773
2023-10-02,17.219945907592773,18.248002571341292,17.048604047499897,18.16233072409631,10292976
2023-10-03,15.763531684875488,17.134271895632747,15.67785984845414,16.96293005718691,15204222
2023-10-04,16.1918888092041,16.70591804447878,16.020546953710568,16.1918888092041,14727586
2023-10-05,15.50651741027832,16.27756033066905,15.420847401432574,16.106216644183554,9105752
2023-10-06,15.249503135681152,15.420846815658008,14.39278932178921,14.735475764544454,13855859
2023-10-09,15.934874534606934,16.02054637646533,14.6498033271204,14.821147010837192,9069425
2023-10-10,17.048603057861328,17.305616750280038,16.020546453789517,16.020546453789517,14244595
2023-10-11,16.363229751586914,17.819643696796938,16.191887905654703,17.305616324603363,14221908
2023-10-13,15.59218978881836,16.19188904331194,15.42084793084751,16.020547185341087,7591569
2023-10-16,15.335174560546875,15.934874708504733,15.249503634952037,15.849202865711398,7800195
2023-10-17,14.478460311889648,15.163832283387968,14.392789388701402,14.992489519813006,9363301
2023-10-18,14.821146965026855,15.59218895337679,14.221446825467142,14.564132357444555,17097756
2023-10-19,13.7930908203125,14.821147449875888,13.7930908203125,14.735476522678196,15061460
2023-10-20,13.193390846252441,13.878761942244546,13.107719917852693,13.536077311447022,17781030
2023-10-23,12.93637752532959,13.364734014357001,12.850705677204976,13.107720304380265,17911398
2023-10-24,12.079663276672363,13.27906269493734,12.079663276672363,13.107719920899486,18859047
2023-10-25,12.336676597595215,12.508020283532474,11.137277216423897,11.993991060117695,28229274
2023-10-26,12.593690872192383,13.107719164649058,12.251005343887932,12.422348108040158,22909860
2023-10-27,12.508020401000977,12.7650340979236,11.908320246184012,12.508020401000977,17687775
2023-10-30,11.736976623535156,12.593690413062985,11.565633865629591,12.508019492709423,8978089
2023-10-31,11.394291877746582,11.82264926005797,11.394291877746582,11.736977416716291,16288435
2023-11-01,11.394291877746582,11.651306490573116,11.22295002546023,11.394291877746582,15596404
2023-11-03,12.765033721923828,13.193390176576937,11.651306206066957,11.736977130118188,27824664
2023-11-06,12.251005172729492,13.450403587839835,11.993990571492661,12.936376219763096,17989768
2023-11-07,15.163832664489746,15.249503589831098,12.07966284262819,12.165333767969543,33551619
2023-11-08,15.249503135681152,17.30561628902181,14.735475764544454,14.992489450112803,39937397
2023-11-09,14.64980411529541,15.677861686914317,14.392790410289585,15.677861686914317,19730201
2023-11-10,15.42084789276123,15.506517904336535,14.821147722550252,14.821147722550252,11884686
2023-11-13,14.821146965026855,16.106216334144424,13.87876129348973,15.249503421399378,24811308
2023-11-14,14.9924898147583,15.335174431451344,13.27906214530064,13.536076754318534,58456777
2023-11-16,18.76202964782715,19.276058887634456,15.078161378262006,15.078161378262006,43191934
2023-11-17,19.019044876098633,19.96142966031305,18.16233010179678,19.019044876098633,33493647
2023-11-20,19.533071517944336,20.132772570527873,19.10471598175218,19.70441519993876,15793298
2023-11-21,18.248003005981445,19.70441710624739,17.90531744323635,19.533073407676277,20984545
2023-11-22,17.819644927978516,19.019045269959822,17.733974916291828,18.505016027854385,17676774
2023-11-23,18.590686798095703,18.762028645950593,17.64830204890142,17.905315737882233,8343525
2023-11-24,17.048603057861328,18.590687046770558,16.962931215589432,18.505015204498658,20112010
2023-11-27,16.791587829589844,17.733974442541804,16.4489022888065,17.219945214168277,19708804
2023-11-28,16.363229751586914,16.791587118012853,15.934874219557916,16.705917112245213,23293118
2023-11-29,16.106216430664062,17.391286724681148,16.106216430664062,16.791587498726106,24703123
2023-11-30,17.305618286132812,17.39128830161084,16.363231606300232,16.534575306050574,31751811
2023-12-01,18.590686798095703,18.762028645950593,16.534573617455294,17.391286525523654,27342438
2023-12-04,17.134273529052734,18.59068754946897,17.134273529052734,18.333673850100528,22364217
2023-12-05,18.33367347717285,18.676359014159175,17.13427318052222,17.305616866213878,21485968
2023-12-06,18.590686798095703,18.933372328202438,18.33367310911489,18.67635863922163,14836007
2023-12-07,19.36172866821289,19.533070506941968,18.67635764450287,18.67635764450287,14926141
2023-12-08,18.248003005981445,19.70441710624739,18.076661141807463,19.533073407676277,21552584
2023-12-11,19.104717254638672,19.104717254638672,18.076660597366832,18.16233060967501,8662951
2023-12-12,19.533071517944336,19.790085206539022,18.84770045876054,19.10471598175218,13246856
2023-12-13,21.67485809326172,21.67485809326172,19.1903873666773,19.790086627936514,24540502
2023-12-14,20.818143844604492,22.702915360090948,20.47545828127942,21.76052868514915,24145052
2023-12-15,18.933372497558594,21.160829380375116,18.933372497558594,20.989485696590627,27996008
2023-12-18,18.676359176635742,19.361730256570834,18.590687333044603,19.190386569388554,13958230
2023-12-19,18.505014419555664,19.276057298502785,18.41934258091778,18.933371778348164,14549742
2023-12-20,17.99098777770996,18.93337253731243,17.905315935637834,18.50501516134877,19154259
2023-12-21,17.905315399169922,18.419342767407763,17.648301715051,18.333672762299404,13762346
2023-12-22,18.162330627441406,18.248002474230464,17.648303215501205,17.990988768260365,9025340
2023-12-26,18.07666015625,18.41934386591451,17.905316467020715,18.333673855696897,7455599
2023-12-27,19.276058197021484,19.447400047887133,17.905316052508333,18.1623297460053,14560665
2023-12-28,18.505014419555664,19.10471545562393,18.41934258091778,18.933371778348164,13502339
2024-01-02,17.56262969970703,18.419342582991586,17.39128602241198,18.333672578740963,12983841
2024-01-03,17.134273529052734,17.733974606775146,17.134273529052734,17.47695907300967,9709973
2024-01-04,16.534574508666992,17.391287462912082,16.277560805833172,17.219945605821888,14103450
2024-01-05,16.87725830078125,17.81964300269337,16.363229114212995,16.448900951040518,16087736
2024-01-08,17.905315399169922,17.905315399169922,16.70591698368368,16.70591698368368,15447771
2024-01-09,18.33367347717285,18.84770086545384,17.476958717508545,17.648302403200205,18575521
2024-01-10,18.676359176635742,18.84770102942101,17.99098809670065,18.505015489453463,14434698
2024-01-11,18.676359176635742,19.61874395294724,18.333673636668195,18.76202918582987,19102978
2024-01-12,19.36172866821289,20.132771528485883,18.67635764450287,18.67635764450287,25884385
2024-01-15,19.533071517944336,19.70441519993876,18.93337229975775,19.618743358941547,12664864
2024-01-16,18.676359176635742,19.190386569388554,18.07665994029179,19.104716560194426,29401893
2024-01-17,18.419342041015625,18.933371223378938,18.16232836703239,18.590685713269014,13366829
2024-01-18,17.134273529052734,18.933373093425907,17.048603518861274,18.676359394057464,27554543
2024-01-19,17.391286849975586,17.648302378148237,16.620245768648605,17.30561684164836,20990742
2024-01-22,16.705917358398438,17.64830211090351,16.534573675544625,17.562630269476603,16189534
2024-01-23,16.6202449798584,17.219944181672453,16.53457314120013,16.87725866143629,12608251
2024-01-24,16.448902130126953,17.305616891019252,16.27756027858669,16.96293135354173,15006565
2024-01-25,17.73397445678711,17.990988153981817,16.448902302019537,16.620245989747353,19449111
2024-01-26,17.819644927978516,17.990988620146016,17.305617520270143,17.905316774062264,15154277
2024-01-29,17.73397445678711,19.53307217154708,17.73397445678711,19.190386630488465,25376047
2024-01-30,16.96293067932129,18.24800093518544,16.96293067932129,17.648301727035093,16190825
2024-01-31,17.99098777770996,18.590687003420896,17.048603018107492,17.13427302578264,22174586
2024-02-01,18.868663787841797,19.418236270191002,18.410686413484637,19.32664116219896,12561643
2024-02-02,18.04430389404297,19.143448843325558,18.04430389404297,18.868663523203367,13807195
2024-02-05,17.861114501953125,18.31909189094664,17.40313711295961,17.95270961287243,13511074
2024-02-06,18.777069091796875,18.86866420179841,17.9527094329891,18.044304542990634,12891669
2024-02-07,19.051855087280273,19.143450200481215,18.31909234727571,18.59387768687853,12581887
2024-02-08,18.96025848388672,19.235045636289527,18.044303755073226,18.777068271882783,16245862
2024-02-09,19.051855087280273,19.601429435280004,18.777069747677455,18.960259974079335,17307412
2024-02-14,18.502281188964844,19.14344876778342,18.41068608261889,18.86866344874556,9962284
2024-02-15,18.868663787841797,19.051854003825888,18.135899255111564,18.50228152147668,20078562
2024-02-16,18.685474395751953,19.143449955905584,18.50228233729348,18.960259731844133,11536843
2024-02-19,19.143449783325195,19.235046728927184,18.50228217049329,18.593877281698276,7997419
2024-02-20,18.502281188964844,19.418235921218184,18.41068608261889,18.77706834239961,17973270
2024-02-21,17.952709197998047,18.59387679401324,17.861114089195443,18.502281685210637,32031888
2024-02-22,19.326641082763672,19.326641082763672,18.135899180570398,18.227494288185973,23587200
2024-02-23,19.693023681640625,19.693023681640625,18.777068921155298,19.3266414105671,11444947
2024-02-26,19.326641082763672,20.150998885700783,19.14344903313559,19.693023347622905,10020654
2024-02-27,20.150999069213867,20.150999069213867,19.50983147566886,19.50983147566886,11424630
2024-02-28,19.87621307373047,20.334190434935145,19.509830817887348,19.967808179092025,9339676
2024-02-29,19.50983238220215,20.05940489283357,19.50983238220215,19.693024442010646,7947019
2024-03-01,20.334190368652344,20.608977518238188,19.509830754291688,19.693022798814546,11805034
2024-03-04,19.50983238220215,20.51738229075926,19.235047044084954,20.242596952642067,11455132
2024-03-05,19.418235778808594,19.967808247250755,19.32664067313438,19.32664067313438,8675562
2024-03-06,18.868663787841797,19.78461853655612,18.593876629468724,19.693023428564075,12725790
2024-03-07,18.685474395751953,19.051854843874857,18.593877449324207,18.960259731844133,5699662
2024-03-08,18.777069091796875,18.960259311799945,18.410686817393756,18.50228192739529,5917737
2024-03-11,18.319091796875,18.868664293965672,18.319091796875,18.685474073067777,6105981
2024-03-12,18.502281188964844,18.77706834239961,18.13589892918413,18.593876295310796,8540280
2024-03-13,18.5938777923584,19.05185519535817,18.135900389358625,18.502282678637854,8459724
2024-03-14,18.410686492919922,18.96025897764033,18.227494441748487,18.777068760865845,8419960
2024-03-15,17.952709197998047,18.502281685210637,17.769518980392835,18.502281685210637,14906923
2024-03-18,19.23504638671875,19.32664149629418,18.1358995686227,18.227494678198127,22236553
2024-03-19,18.04430389404297,20.15099868590075,17.861113680628176,19.784618259071163,40727757
2024-03-20,18.777069091796875,19.05185442180148,17.861114322987564,18.31909170739222,22099297
2024-03-21,18.227495193481445,18.777069535264182,17.9527098569871,18.6854744230994,13328920
2024-03-22,17.586326599121094,18.044303968956346,16.578776752362923,17.95270886186868,22430100
2024-03-25,17.494731903076172,17.769519065192277,16.94515941324092,17.586327012315884,16300588
2024-03-26,16.303991317749023,17.494733338773933,16.303991317749023,17.403138222017507,16824297
2024-03-27,16.670372009277344,16.761968951585168,15.754419095771535,16.30398974323686,14986461
2024-03-28,16.4871826171875,16.94516001402032,16.39558750470034,16.57877772967466,10956309
2024-04-01,16.303991317749023,16.761970570325396,16.120801084236167,16.57877850241542,4991521
2024-04-02,15.93760871887207,16.303989136889896,15.754418509863159,16.21239403238544,7310845
2024-04-03,15.479632377624512,15.937609764593123,15.021654990655898,15.846014654078799,16873636
2024-04-04,16.21239471435547,16.85356414165102,15.571227121456863,15.662822229814243,16717396
2024-04-05,15.662822723388672,16.21239522524829,15.479632500901134,16.120800114004524,9715209
2024-04-08,16.303991317749023,16.67037361917185,15.66282366605691,15.66282366605691,10744660
2024-04-09,16.670372009277344,16.761968951585168,16.120799527415084,16.395586685544682,7233240
2024-04-10,16.21239471435547,16.487181873824554,15.93760938928333,16.303989822712847,9249072
2024-04-11,15.846015930175781,16.487183589806975,15.662823859997484,16.12080128384752,10383796
2024-04-12,15.204845428466797,15.846014880002485,15.11325031664656,15.846014880002485,9247056
2024-04-15,14.014105796813965,15.204845960973369,13.922509764587328,15.204845960973369,19262407
2024-04-16,13.92250919342041,14.380486584169578,13.281340662931873,13.647723859609112,25118562
2024-04-17,13.92250919342041,14.472082612638513,13.647723859609112,14.288891472899145,13309212
2024-04-18,13.73931884765625,14.288891344746922,13.73931884765625,13.922509068554145,10161291
2024-04-19,14.10569953918457,14.655272927468538,13.647723091412276,13.739318197527044,12872212
2024-04-22,14.014105796813965,14.288892059096792,13.739319534531138,14.10570091184206,11708749
2024-04-23,13.189745903015137,14.014105595202661,13.006555675594377,13.922509564293755,14430612
2024-04-24,13.098150253295898,13.189745363257979,12.456981731965868,13.098150253295898,14488057
2024-04-25,12.731769561767578,12.823364676517544,12.456982383120609,12.823364676517544,10441851
2024-04-26,13.098150253295898,13.189745363257979,12.823364006211168,12.914959116173248,9006763
2024-04-29,13.281340599060059,13.739318904805248,12.823364127711866,13.09815037740018,10853829
2024-04-30,12.456981658935547,13.28134039535685,12.273790522886873,13.09815017650666,11021451
2024-05-02,13.372936248779297,13.55612738245535,12.731768656710823,12.823363764949613,13644571
2024-05-03,14.380486488342285,14.472082516200851,13.739318879324802,13.739318879324802,18214087
2024-05-06,14.380486488342285,14.746868765379558,14.105700239163578,14.472082516200851,10202461
2024-05-07,14.746869087219238,15.11325045505402,14.380486802185938,14.47208283204352,8725227
2024-05-08,15.113249778747559,15.296440913066544,14.197295024351106,14.380486158670092,8404063
2024-05-09,15.296441078186035,15.571227324031494,14.288891204353195,14.65527347694613,17150973
2024-05-10,14.10569953918457,16.029204105182327,14.014104433069802,15.937608999067557,26616817
2024-05-13,14.47208309173584,14.838464466145103,14.01410568582536,14.197295914430725,12972676
2024-05-14,14.47208309173584,15.021655611949,14.28889194593194,14.380487060234623,14513226
2024-05-15,14.746869087219238,15.021655342394954,14.28889168952687,14.380486802185938,13447486
2024-05-16,14.563676834106445,14.930059091200183,14.472081728432233,14.930059091200183,7116742
2024-05-17,14.563676834106445,14.838463068327526,14.288890599885363,14.563676834106445,11956098
2024-05-20,14.380486488342285,14.838463876039627,14.288891377682216,14.380486488342285,9446398
2024-05-21,14.197295188903809,14.563677461788306,13.739318723595915,14.288891215724176,9558654
2024-05-22,13.464532852172852,14.014105359592577,13.464532852172852,14.014105359592577,10961275
2024-05-23,13.006555557250977,13.647724098985384,12.823364414298501,13.464532956032906,10827747
2024-05-24,12.090600967407227,12.914959749058319,12.090600967407227,12.823364634607708,26854716
2024-05-27,12.044803619384766,12.081441115482235,11.293720732809104,11.751697230215155,29375325
2024-05-28,11.257081031799316,12.438663859914808,11.247922804574571,12.182195892482596,22421700
2024-05-29,11.064730644226074,11.568506512920369,11.064730644226074,11.220443435603904,18793005
2024-05-31,11.348677635192871,11.348677635192871,10.441882008043759,11.064730408701557,66939285
2024-06-03,11.614303588867188,11.861611482220706,11.083050309113998,11.34867740758983,19264455
2024-06-04,10.670870780944824,11.77917584240085,10.652551575317638,11.63262311458186,21970305
2024-06-05,11.165485382080078,11.3028789622146,10.551796136462428,10.67087051143245,23710995
2024-06-06,11.632622718811035,11.806653790550586,11.229602960320172,11.284559658133468,24033030
2024-06-07,10.75330638885498,11.541027618547062,10.75330638885498,11.293719726629886,21333690
2024-06-10,10.551796913146973,10.854062444812342,10.304489001020363,10.79910482527358,20937105
2024-06-11,11.394474983215332,11.431112476330355,10.47852022856873,10.524317782861365,32563335
2024-06-12,10.487679481506348,11.861611627750293,10.460201132084984,11.541027827172766,38086230
2024-06-13,10.277009963989258,10.606753824818487,10.139617300109402,10.53347700365711,23818620
2024-06-14,10.478520393371582,10.799104195660544,10.185414940650677,10.32280760568945,22218840
2024-06-17,10.066340446472168,10.37776510100634,10.066340446472168,10.32280748531261,15482670
2024-06-18,10.029702186584473,10.240372591307299,9.809873554906254,10.084659803103275,19125645
2024-06-19,10.148775100708008,10.194574487808016,9.837351375447412,10.029701647119584,14105805
2024-06-20,9.773235321044922,10.615914203615274,9.727437765048368,10.359446239077249,37093875
2024-06-21,9.919787406921387,10.066340126920599,9.672479519948006,9.800713952495961,22920765
2024-06-24,11.138007164001465,11.3486775672731,10.570115466013043,10.634232226244068,46898775
2024-06-25,10.80826473236084,11.238762869055066,10.634232731579411,11.046412579221569,31519320
2024-06-26,10.515158653259277,10.716668075862083,10.231212348739149,10.661711377515172,24993465
2024-06-27,11.183804512023926,11.302878886193069,10.331967439394047,10.496838450368708,28903035
2024-06-28,11.037252426147461,11.174646013290555,10.670871055763413,11.119688394993613,26971455
2024-07-01,11.119688034057617,11.257080699542534,10.881540196897996,11.009774635428478,17323845
2024-07-02,11.147167205810547,11.293719931396565,10.945656864180343,11.08305044569157,15875055
2024-07-03,11.522708892822266,11.660101560358834,11.229603434772708,11.229603434772708,18199860
2024-07-04,12.072280883789062,12.328748856055999,11.751697064953563,11.770017188542491,24654840
2024-07-05,12.539419174194336,12.576056669493893,11.962367387544328,12.008164944567671,28601895
2024-07-08,11.80665397644043,12.447822492878679,11.696739661884823,12.347067322370005,26115495
2024-07-09,12.374545097351074,12.411183506235217,11.751695815114406,11.815813489260876,17745000
2024-07-10,12.337907791137695,12.951597021779527,12.292110237943275,12.731768399566928,23397255
2024-07-11,12.557737350463867,12.860001957862119,12.484461443324314,12.795885195165564,14165025
2024-07-12,12.704289436340332,12.768406195778628,12.402024844302433,12.55773671231016,14906955
2024-07-15,13.125629425048828,13.125629425048828,12.502780113658677,12.685971249455513,20010690
2024-07-16,12.484460830688477,13.208064390926511,12.402024865952692,13.088990015819602,28411425
2024-07-17,12.32874870300293,12.70429013634751,12.237153589386603,12.456982228945197,19599615
2024-07-18,11.605143547058105,12.429503192944434,11.51354843849228,12.365386433508663,27876450
2024-07-19,11.513548851013184,11.898249421411323,11.458591233585517,11.59598481855543,19862535
2024-07-22,11.293720245361328,11.751696723000675,11.293720245361328,11.595984849011089,21931140
2024-07-23,11.156327247619629,11.421953431706894,11.128847981046235,11.211283029170966,19626495
2024-07-24,10.689189910888672,11.202124913222624,10.62507315024674,11.138007235382199,18457530
2024-07-25,10.625073432922363,10.92733803867617,10.570115814967801,10.689190195270095,15267210
2024-07-26,10.89069938659668,10.97313535311178,10.487679615410903,10.670870754022072,18989775
2024-07-29,10.25869083404541,10.973135259623762,10.139617374581345,10.945656910085669,28160160
2024-07-30,10.148775100708008,10.451040599505802,10.112137608864577,10.185414426948325,16552935
2024-07-31,10.139616966247559,10.496838247452542,10.139616966247559,10.27700962560356,15227940
2024-08-01,9.89231014251709,10.533477789521928,9.828192460618055,10.350286640149738,20804700
2024-08-02,10.597594261169434,10.615914384518456,9.96558577637065,9.96558577637065,27257895
2024-08-05,10.57011604309082,10.670871219582748,9.727438052792039,10.07550022242056,33601785
2024-08-06,10.350286483764648,10.698349570592981,10.011383458725726,10.551796836749242,25576320
2024-08-07,11.165485382080078,11.220442997573581,10.505998582150415,10.54263607528094,25173540
2024-08-08,11.48607063293457,11.632623363894508,11.183805109405531,11.183805109405531,21979965
2024-08-09,11.870771408081055,12.136397586330872,11.18380443401884,11.815813793340508,43202145
2024-08-12,11.861611366271973,12.67681094165463,11.861611366271973,11.953206473789711,41530755
2024-08-13,12.173035621643066,12.273790794559917,11.907409431551422,12.090600571654921,25403385
2024-08-14,11.66926097869873,12.319587703380181,11.577665872055924,11.999003912931904,26805030
2024-08-15,12.173035621643066,12.28295085602427,11.504388739884021,11.742537497178121,20585040
2024-08-16,11.522708892822266,12.237153332168246,11.522708892822266,12.191355776322723,19720365
2024-08-19,12.75008773803711,12.823364562946933,11.650942701978003,11.660101846492466,33966030
2024-08-20,12.640172958374023,12.759247335924616,12.43866353159436,12.750087274544612,17052735
2024-08-21,12.6859712600708,12.896639828195491,12.292110638797501,12.667651137557456,20823810
2024-08-22,12.072280883789062,12.676811943076352,12.017325099014965,12.548578415542153,17026275
2024-08-23,12.475300788879395,12.612694369385332,12.026482554132013,12.227992894287794,17788575
2024-08-26,12.22799301147461,12.621853634354478,11.971526887615875,12.594375284869344,17104710
2024-08-27,12.337907791137695,12.576055618067754,12.163876722119516,12.209674275313937,15401190
2024-08-28,12.072280883789062,12.337908917850463,12.035643388206818,12.209675390316264,15821610
2024-08-29,11.80665397644043,12.136397837305728,11.595984491376152,12.0906002826741,21252735
2024-08-30,11.138007164001465,11.705898861989887,11.110527897332107,11.678420512519017,26457900
2024-09-02,10.96397590637207,11.174645388942064,10.835742388042377,10.991454255386014,13851495
2024-09-03,10.698348999023438,11.247922409474878,10.625073094615672,11.165485526568597,21533190
2024-09-04,11.028093338012695,11.31203874100057,10.762467141217348,10.799104636403879,19044900
2024-09-05,11.266241073608398,11.321198691646908,10.643391737966038,11.028093229838564,26079795
2024-09-06,10.80826473236084,11.458591509665196,10.77162631985964,11.24792293077963,18652410
2024-09-09,10.551796913146973,10.89069994063964,10.551796913146973,10.826583176443691,12805905
2024-09-10,10.377765655517578,10.542636677011297,10.286170541665676,10.441882418653616,13026300
2024-09-11,10.322808265686035,10.551796972589713,10.222053087896649,10.478521063323782,16004730
2024-09-12,10.231212615966797,10.359446138390208,10.139617504863931,10.359446138390208,13165320
2024-09-13,10.625073432922363,10.936497183069338,10.2953286423935,10.313648765576872,18622590
2024-09-16,10.70750904083252,10.8265824999282,10.478520349527537,10.588434664538353,11519865
2024-09-17,10.881539344787598,10.899858548857415,10.524317158422237,10.625072322207014,13852230
2024-09-18,10.551796913146973,11.183805410449278,10.551796913146973,10.753307267590552,22646925
2024-09-19,10.222052574157715,10.7899442819222,10.203733368462279,10.707509232090494,21187530
2024-09-20,9.48012924194336,10.212892841554464,9.48012924194336,10.203732780635196,35610225
2024-09-23,9.177865028381348,9.498448829510941,9.095428145578323,9.361055247770551,22482705
2024-09-24,9.333576202392578,9.461810643083206,9.177865245978802,9.425173148655821,16186695
2024-09-25,9.1595458984375,9.46181049667782,9.012992254201594,9.406853797287852,21502530
2024-09-26,8.976354598999023,9.461810326610093,8.94887533259946,9.23282255460358,23224425
2024-09-27,9.1595458984375,9.507608051902295,8.976354760341112,8.976354760341112,24109680
2024-09-30,8.884759902954102,9.214502860281376,8.674089491963771,9.15954615932609,26500530
2024-10-01,8.903078079223633,9.095428364531822,8.793163761504454,8.958035696682476,22765155
2024-10-02,9.022151947021484,9.269459835769604,8.921396779324274,9.003832742240313,26206005
2024-10-03,8.912238121032715,9.077110055846298,8.637451868742913,8.838962215114737,25796820
2024-10-04,8.857280731201172,8.948875845250958,8.710727998402394,8.848121586675605,18685695
2024-10-07,8.71072769165039,9.095428257750337,8.591654231018598,8.985514858520064,25405800
2024-10-08,8.765685081481934,8.820641779673998,8.66492991186518,8.729046671221573,19517820
2024-10-09,8.463419914245605,8.719886017030827,8.463419914245605,8.674088465919237,18004035
2024-10-10,8.435940742492676,8.536695906364065,8.307707231092154,8.5183767022785,18369540
2024-10-11,8.655771255493164,8.67408954445677,8.179473729674807,8.445101760426446,29925105
2024-10-14,8.976354598999023,9.214502432204885,8.51837722058904,8.619131473392516,25906650
2024-10-15,8.884759902954102,9.132067808848449,8.802323017124131,9.067950129069747,17224620
2024-10-16,8.976354598999023,9.132067384601626,8.774844258995119,8.838961935795115,22507065
2024-10-17,8.765685081481934,8.9122378053249,8.765685081481934,8.884759456228867,15796515
2024-10-18,8.609972953796387,8.90307842385923,8.573334540738895,8.829802514942791,25355925
2024-10-21,8.857280731201172,8.967195051500621,8.655771296851935,8.655771296851935,24262455
2024-10-22,8.518377304077148,8.985514748264865,8.380983722328175,8.765685200906207,32968950
2024-10-23,8.38098430633545,8.536697104314628,8.298548334981426,8.390144368262868,21991935
2024-10-24,8.683248519897461,8.710726867103963,8.316867194083255,8.408462296237204,26403195
2024-10-25,8.362666130065918,8.719887454503592,8.362666130065918,8.66493075098944,21516075
2024-10-28,8.674088478088379,8.793162844904296,8.490898273385016,8.50005741674082,22672335
2024-10-29,8.454259872436523,8.719886036351664,8.380983056736888,8.655770198412103,18714255
2024-10-30,8.793163299560547,8.866439201790987,8.399302688126353,8.472578590356793,26669475
2024-10-31,8.66493034362793,8.857280631281686,8.609972725498919,8.71988704455842,14264145
2024-11-01,8.115357398986816,8.784004256557465,8.042080578716813,8.784004256557465,30144345
2024-11-04,8.958035469055176,9.049630578627271,8.371823649318916,8.371823649318916,47535915
2024-11-05,9.141225814819336,9.177865143233564,8.619131665189922,8.838962132484305,39009705
2024-11-06,8.912238121032715,9.086270117335111,8.738207041928826,8.921397265323023,30775185
2024-11-07,8.591654777526855,9.251141635247405,8.573334653558485,8.985515430081483,41591550
2024-11-08,8.793163299560547,9.086269660077694,8.307707581038686,8.912237672533282,63494445
2024-11-11,8.609972953796387,8.765685750691453,8.445101929434763,8.701568986440115,34669740
2024-11-12,8.454259872436523,8.78400370868805,8.454259872436523,8.646610137850443,31031070
2024-11-13,8.481739044189453,8.738207006869647,8.271070471571067,8.518377455600696,36576540
2024-11-14,8.24359130859375,8.74736626167015,8.2252711854581,8.48173915137947,37458330
2024-11-18,8.454259872436523,8.664929341775352,8.243590403097695,8.335185505523825,30709980
2024-11-19,8.591654777526855,8.619132211883743,8.335186799948005,8.500058743677782,22281735
2024-11-21,8.371824264526367,8.52753706287974,8.344346830273729,8.445102008526167,30852465
2024-11-22,8.628292083740234,8.637452145522575,8.353505822645145,8.472579288227278,25803120
2024-11-25,9.168704986572266,9.168704986572266,8.609972431532064,8.637451698257616,23452485
2024-11-26,9.745757102966309,9.837352216200763,9.095428497087,9.113747703173594,38195010
2024-11-27,8.829802513122559,9.846512513467818,8.829802513122559,9.764075625506184,41498730
2024-11-28,8.234431266784668,8.967194920035766,8.115357803705345,8.820642189385547,32984280
2024-11-29,8.27107048034668,8.445101558936974,7.96880496168098,8.24359121315984,40005840
2024-12-02,8.42678165435791,8.609972799156612,8.115357900558205,8.252750571258334,25693500
2024-12-03,8.527536392211914,8.61913150131121,8.39014372856297,8.500058042921822,24875130
2024-12-04,8.463419914245605,8.70156773034492,8.463419914245605,8.555015016468785,23444820
2024-12-05,8.417622566223145,8.857280766364935,8.417622566223145,8.609972856810453,27113625
2024-12-06,7.82225227355957,8.555015920361456,7.767294656099988,8.417622335311755,35404530
2024-12-09,7.74897575378418,8.16115560787862,7.712337340709442,7.886369344215175,32123490
2024-12-10,7.987123012542725,8.04208062808258,7.6299012631290966,7.950485519381298,29508150
2024-12-11,8.435940742492676,8.729046173464846,7.968804248505287,8.060399351734683,39928770
2024-12-12,7.675698757171631,8.188633287985475,7.611581998144805,8.15199487791344,40498290
2024-12-13,7.51082706451416,7.877209800923087,7.501668378907492,7.684859059213081,25468380
2024-12-16,7.107807636260986,7.574944161570415,7.0711683084347285,7.556624497657286,25782015
2024-12-17,6.842180252075195,7.20856253336252,6.805542299106015,7.190243327578303,41089230
2024-12-18,6.155215263366699,6.732266593988737,6.0636187731140705,6.640670103736109,40113045
2024-12-19,6.530755996704102,6.530755996704102,6.155215032600399,6.182693382466945,39780615
2024-12-20,6.68646764755249,6.9520947447983215,6.3933626599489015,6.512436575494085,39482100
2024-12-23,6.393362998962402,6.658989651694077,6.35672412834539,6.594872430663009,22584240
2024-12-26,5.981183052062988,6.484958456893342,5.972023449218882,6.43916090127206,30030000
2024-12-27,5.962864398956299,6.164373830305681,5.752194447419925,6.100257526584884,33883500
2024-12-30,5.953704357147217,6.219330989837776,5.871267936326971,5.990342307801434,25178895
2025-01-02,5.88958740234375,6.017820923223574,5.724715470584407,5.953704621382908,29886990
2025-01-03,5.733875274658203,6.008662448705679,5.633120099800598,5.889587609165746,21285600
2025-01-06,6.091097831726074,6.1277357845281095,5.83463032771482,5.871268280516856,32892720
2025-01-07,6.045300483703613,6.237650774369015,5.990342864714127,6.155215263083319,22956255
2025-01-08,5.651439666748047,5.935385521728031,5.559844096516011,5.91706585736252,27441855
2025-01-09,5.504886627197266,5.651439818667656,5.404131909972908,5.6148018647495075,25137630
2025-01-10,5.5232062339782715,5.623961408742446,5.4041318531480185,5.514046630945232,19073040
2025-01-13,5.321695327758789,5.5690032079827265,5.285057378058509,5.5598436059078535,17932110
2025-01-14,5.4132914543151855,5.422451057345068,5.23010076951532,5.367493897765034,26096805
2025-01-15,5.834630012512207,5.88958716804595,5.495726559755797,5.504886162111292,34238610
2025-01-16,5.440769672393799,5.807151950275421,5.422450925379117,5.752194333433628,30684045
2025-01-17,5.550684452056885,5.614801671758533,5.404131724223045,5.504886437984278,24618720
2025-01-20,5.596481800079346,5.6972369687050275,5.3583335115272455,5.504886233928656,18469395
2025-01-21,5.642279624938965,5.724715592575307,5.54152445147249,5.596482068962888,17863125
2025-01-22,5.834630012512207,5.962863986889911,5.596481727067016,5.715556099089225,23871855
2025-01-23,5.761354446411133,5.9353855255035235,5.651439670342922,5.834630352324268,19196625
2025-01-24,5.834630012512207,6.036139888535418,5.788832000734732,5.797992061689453,15180375
2025-01-27,6.420841217041016,6.448319566888735,5.7705140031219235,5.816311558600955,28981995
2025-01-28,6.191853046417236,6.448319634967013,6.191853046417236,6.3933629346913685,19353285
2025-01-29,6.036140441894531,6.283448352367003,5.917066058956258,6.255969542781417,21692580
2025-01-30,6.658989429473877,6.796382552756924,6.146055347136763,6.146055347136763,33369210
2025-01-31,6.8330206871032715,6.924616716532673,6.594872386384596,6.695627560157681,27166020
2025-02-03,6.613192081451416,6.704787194105872,6.48495855685577,6.704787194105872,24056340
2025-02-04,6.631511211395264,6.6864679114784815,6.237650580539173,6.549074785472677,30244725
2025-02-05,6.301766395568848,6.604031432817509,6.283447649825912,6.604031432817509,21965685
2025-02-06,6.768904685974121,6.796383037430761,6.329246476675108,6.329246476675108,28730310
2025-02-07,6.475798606872559,6.823861667266281,6.3750434380323915,6.723106498426114,32135880
2025-02-10,6.649829864501953,6.842180146469643,6.539916007290876,6.558234295593853,21918015
2025-02-11,6.658989429473877,6.842180107651525,6.4849583539949975,6.640669765477095,27440070
2025-02-12,6.494117259979248,6.594872434487236,6.375043796650279,6.512436924598007,25194330
2025-02-13,6.420841217041016,6.558234342077359,6.3933628671932965,6.457479169704391,25699590
2025-02-14,6.759744644165039,6.906297371092199,6.411681573763601,6.55823430069076,37153830
2025-02-17,7.290998458862305,7.345955617299648,6.796382657128463,6.796382657128463,40265610
2025-02-18,7.034530162811279,7.391752822204108,6.979573006981317,7.2452001009247216,41769420
2025-02-19,6.823861598968506,7.089487775654011,6.823861598968506,6.878817837587712,19883955
2025-02-20,6.750584602355957,6.988732898952021,6.704787047033319,6.942935343629383,22409205
2025-02-21,6.668148994445801,6.842180068940053,6.558234221281689,6.750584501069833,28604835
2025-02-24,6.29260778427124,6.833020191299058,6.201012220087272,6.823861506219185,32060490
2025-02-25,6.759744644165039,6.842180151787225,6.292608113709248,6.320086004784314,38796345
2025-02-26,6.741425037384033,6.915457032664093,6.558234356466722,6.915457032664093,24038070
2025-02-27,6.695627212524414,6.87881788607429,6.62235130998385,6.741424766262075,22567020
2025-02-28,6.549074649810791,6.878818053674346,6.411681526651039,6.613191868644636,31235505
2025-03-05,6.668148994445801,6.704786946434344,6.439160762669113,6.521596269293146,11439960
2025-03-06,6.512436866760254,6.604031978845765,6.301766916605514,6.484958516574303,36697080
2025-03-07,7.199402809143066,7.208562411880814,6.365884004599792,6.47579877885351,42929040
2025-03-10,7.556624412536621,7.776454415227777,7.0162119892575365,7.0162119892575365,41209455
2025-03-11,7.60242223739624,7.96880497679452,7.446710822834936,7.5291463315555385,37232685
2025-03-12,7.858889579772949,8.042080716385447,7.611582141525093,7.611582141525093,23080260
2025-03-13,7.74897575378418,8.060400430522362,7.547466316270211,7.923007757289913,25050270
2025-03-14,8.793163299560547,9.205343115851967,7.721496694401317,7.8222518625168265,68990040
2025-03-17,9.287778854370117,9.562566030517031,8.683249635002788,8.793163955142436,40030620
2025-03-18,9.187023162841797,9.480129528752236,9.187023162841797,9.251140839621112,27941865
2025-03-19,9.553406715393066,9.73659693995476,9.132067731383554,9.187023514674143,36316980
2025-03-20,9.498448371887207,9.69079864329776,9.406853266605545,9.571724272672848,18864195
2025-03-21,9.251140594482422,9.535085974473947,9.232822306971995,9.480129277545757,31040415
2025-03-24,9.351896286010742,9.388533780283797,9.113747528644105,9.296938668803401,24540075
2025-03-25,9.580883979797363,10.29532841116822,9.516768136088142,9.690799213237877,60765390
2025-03-26,9.608363151550293,9.837351843151305,9.443491220221686,9.690799117214597,28995015
2025-03-27,9.956424713134766,10.496838030016992,9.434330600560225,9.5992034393294,40345935
2025-03-28,9.672479629516602,9.928946663120836,9.342735776483465,9.883149109577003,32397960
2025-03-31,9.2969388961792,9.745757154686327,9.232823050333641,9.562566010046714,30495675
2025-04-01,9.571724891662598,9.718277619909676,9.296938640849138,9.33357613501203,26700450
2025-04-02,10.249530792236328,10.267850914894568,9.498448871577537,9.553406487956787,39647580
2025-04-03,10.80826473236084,10.854062289388072,10.203733677686655,10.222052883937254,34625745
2025-04-04,9.919787406921387,10.524317491567944,9.837351444596926,10.38692483249281,42220815
2025-04-07,9.287778854370117,9.965585815828094,9.205343802164279,9.535086762583223,56328930
2025-04-08,8.042080879211426,9.5442465788906,7.996283323430672,9.516768228861848,56292285
2025-04-09,8.948875427246094,9.04047145421593,7.767294475522339,7.932166406869559,56130060
2025-04-10,9.351896286010742,9.608363331914656,8.774844515528432,8.884759749943115,43742055
2025-04-11,9.590044021606445,9.654161699581772,9.187023334210936,9.47097056142004,28795725
2025-04-14,9.608363151550293,10.084659740144215,9.306098555580173,9.901468603423709,28517895
2025-04-15,9.571724891662598,9.873990409596354,9.379374607813027,9.617523364463592,24270750
2025-04-16,9.48012924194336,9.709117924146733,9.36105487038204,9.489288385664176,21185430
2025-04-17,9.34273624420166,9.599204207843712,9.306098749851516,9.53508652903432,28199640
2025-04-22,9.287778854370117,9.562566030517031,8.976355100174203,9.333576411328426,27106800
2025-04-23,8.73820686340332,9.645001569153292,8.710727596696799,9.49844884311297,36383025
2025-04-24,9.681638717651367,9.681638717651367,8.774844044225134,8.80232239275367,39585210
2025-04-25,9.571724891662598,9.800714504072067,9.470970636216514,9.782394381192868,20091540
2025-04-28,9.43508243560791,9.850225805791895,9.321860743457178,9.680394212355363,24289965
2025-04-29,9.416211128234863,10.020057313503996,9.36903589597044,9.519997206090332,35508375
2025-04-30,8.793496131896973,9.510563029408818,8.746320901879235,9.472821522689308,27377700
2025-05-02,8.80293083190918,8.94445746726516,8.642534860309285,8.87841101125339,15879465
2025-05-05,8.359482765197754,8.906717151118714,8.331176870471303,8.802931074963995,20914215
2025-05-06,8.246260643005371,8.557618855125602,8.151910184975328,8.491573345546675,18405240
2025-05-07,8.057559967041016,8.340612294354912,7.991513510704569,8.331176681397052,15524355
2025-05-08,8.510443687438965,8.831235624968615,8.236826034474792,8.331176493184747,24839115
2025-05-09,7.916033744812012,8.387787462713,7.463149363108081,8.350046900739857,51607500
2025-05-12,8.284001350402832,8.510443776378494,8.038689588319583,8.10473509906467,25225725
2025-05-13,8.642535209655762,8.878411370134396,8.057560253131728,8.321742308699442,40216260
2025-05-14,8.82180118560791,8.935021927951585,8.40665783382142,8.585924087931366,31186785
2025-05-15,9.152029991149902,9.284120074250508,8.784060913012167,8.784060913012167,33717180
2025-05-16,9.227509498596191,9.236944166416944,8.878410727807077,8.963327462141283,20626935
2025-05-19,9.340730667114258,9.595478047495376,9.085983286733141,9.161464411937708,34666380
2025-05-20,9.05767822265625,9.302990931679973,8.887846637882756,9.218074194503707,21422415
2025-05-21,8.689709663391113,8.982196643059517,8.604793875309117,8.982196643059517,21280455
2025-05-22,8.93502140045166,9.510562580759856,8.680274036625857,8.680274036625857,41244735
2025-05-23,8.491573333740234,8.708580142739208,8.30287147315302,8.614229684840348,45123015
2025-05-26,8.529313087463379,8.746320844748606,8.46326852170156,8.68027438940777,17258220
2025-05-27,8.812366485595703,9.22750983588353,8.670839849584876,8.878411052334028,31090710
2025-05-28,9.010502815246582,9.218074013274785,8.708580213760557,8.736885162403153,42432390
2025-05-29,8.567054748535156,9.104854455466386,8.567054748535156,9.019937717751429,32360160
2025-05-30,8.699145317077637,8.802930440968103,8.510443459913148,8.680274092092764,29169210
2025-06-02,9.001068115234375,9.331295664186749,8.840671202322154,8.916152324819551,29642025
2025-06-03,9.670958518981934,9.708700027509673,8.89728263108661,8.982197482313174,41178690
2025-06-04,9.472821235656738,9.850224953942083,8.87841071003364,9.75587449676549,58939545
2025-06-05,9.491691589355469,9.840790362141865,9.397341131450196,9.538866818308106,49583520
2025-06-06,8.963327407836914,9.859659581746916,8.963327407836914,9.60491315944563,45597720
2025-06-09,8.944457054138184,9.123723298491553,8.802930425319042,8.897281826128294,27079815
2025-06-10,8.963327407836914,9.397341020751785,8.878410674017177,9.18033421429435,37953405
2025-06-11,9.001068115234375,9.1992046446058,8.840671202322154,9.001068115234375,28747215
2025-06-12,9.07654857635498,9.13315847520616,8.736885404089795,8.878411096007271,25304580
2025-06-13,8.434962272644043,8.812365983998184,8.434962272644043,8.79349570395153,50894655
2025-06-16,9.001068115234375,9.067112680235352,8.623663447536883,8.633099060243806,35399280
2025-06-17,8.80293083190918,8.963327748298592,8.661405141342717,8.89728223707634,23528925
2025-06-18,8.82180118560791,8.982197158528988,8.736885392652773,8.82180118560791,24045105
2025-06-20,8.35004711151123,8.670840006801352,8.302871880248764,8.670840006801352,28290150
2025-06-23,8.406658172607422,8.44439873650609,8.076429655678426,8.397222559237973,37725345
2025-06-24,8.58592414855957,8.982197221955415,8.510443968060637,8.557619198971162,30730560
2025-06-25,8.614230155944824,8.699145950613564,8.491573798136745,8.633099492724948,24805620
2025-06-26,8.887846946716309,8.991633023771955,8.661405455676308,8.802931151378921,28136850
2025-06-27,8.774625778198242,8.906716799068795,8.633099144528646,8.802930727016358,22057560
2025-06-30,9.29355525970459,9.397341332494458,8.680274435831462,8.727449665793353,37561860
2025-07-01,9.16146469116211,9.369035902221992,9.02937366281776,9.218074592001368,18460050
2025-07-02,8.557619094848633,9.236944490231648,8.519879477453118,9.180334591743618,26958645
2025-07-03,8.6708402633667,8.859542138789685,8.60479474868709,8.765191673472975,26035695
2025-07-04,8.727449417114258,8.736885029711486,8.585923731261202,8.585923731261202,16310595
2025-07-07,8.595359802246094,8.793496339880617,8.491573726878618,8.708580545924459,17286990
2025-07-08,8.397222518920898,8.736885702798975,8.312307667740939,8.651969906829455,22664355
2025-07-09,8.066994667053223,8.491573632094822,8.000949155245587,8.491573632094822,20102670
2025-07-10,7.8688578605651855,7.934903370097695,7.670721331967656,7.774507402601455,27701730
2025-07-11,7.585805416107178,7.774507757841235,7.472585144814188,7.774507757841235,25093320
2025-07-14,7.500889301300049,7.557500143117218,7.368798754244233,7.557500143117218,19896135
2025-07-15,7.595240592956543,7.774507794837225,7.482019376335239,7.736766759437096,24724665
2025-07-16,7.651850700378418,7.708461542928184,7.425409219758372,7.604675470648368,21844725
2025-07-17,7.736766815185547,7.765072710038298,7.566935697622002,7.680155970269591,22185345
2025-07-18,7.434844017028809,7.680155782763043,7.387668314083946,7.595240462251815,24625335
2025-07-21,7.170661926269531,7.529195376879078,7.161226785738253,7.491454342359204,21647010
2025-07-22,7.0763115882873535,7.283882321596203,7.000830462730012,7.227272894612501,22623300
2025-07-23,7.359364032745361,7.453714496353741,6.9725256202877235,7.010265711252121,20511330
2025-07-24,7.114051342010498,7.293317589541401,7.048005360273342,7.2650126411916505,16325925
2025-07-25,7.0763115882873535,7.161226909749827,6.925350281962206,7.114051678671256,16280145
2025-07-28,6.774388790130615,7.123486624299962,6.76495317729956,7.057440641245858,16992360
2025-07-29,6.585687160491943,6.840433599361353,6.557381738176025,6.840433599361353,22201725
2025-07-30,6.925350189208984,7.057440739980902,6.529076647314187,6.547945983661265,29697360
2025-07-31,6.661167144775391,6.746082936815731,6.576251825129807,6.680037898155725,21455490
2025-08-01,6.812129020690918,6.981960607275288,6.774388930558149,6.85930425145557,26666745
2025-08-04,6.774388790130615,6.963090181672362,6.727213087949113,6.897044198618258,15100470
2025-08-05,6.793258190155029,6.887609123011355,6.698907257298704,6.774388853894331,15683955
2025-08-06,6.925350189208984,7.019700650102463,6.802693361821083,6.849869064662584,14000910
2025-08-07,7.000830173492432,7.057440542926827,6.8687391540139275,6.953654471968146,18451335
2025-08-08,6.64229679107666,6.944219393961724,6.557381472360644,6.944219393961724,34780410
2025-08-11,6.623426914215088,6.953654462459799,6.547945791879442,6.547945791879442,28940520
2025-08-12,6.632862567901611,6.887608995385344,6.613991814806306,6.793258064277323,21292005
2025-08-13,6.349809646606445,6.651732264613072,6.321504696415059,6.613992173559632,21171150
2025-08-14,6.302634239196777,6.359244610398034,6.161108074996253,6.293198626202678,19710600
2025-08-15,6.246023178100586,6.302634019725293,6.151672720182234,6.28376421157847,13254045
2025-08-18,6.519641399383545,6.5951215778974515,6.246023272198178,6.246023272198178,17826795
2025-08-19,6.472465991973877,6.547946173923972,6.340375437363824,6.359244774259185,17640105
2025-08-20,6.302634239196777,6.538511809390667,6.255458536200094,6.538511809390667,20240430
2025-08-21,6.302634239196777,6.48190143818941,6.246023395600758,6.264894149194194,15171030
2025-08-22,6.5102057456970215,6.651731906212745,6.3309399685560726,6.378115197929731,24534090
2025-08-25,6.717778205871582,6.830999423066804,6.538511947871742,6.566816897874467,16645755
2025-08-26,6.604557037353516,6.830999473412895,6.585687228010881,6.670603023434454,16930935
2025-08-27,6.774388790130615,6.774388790130615,6.491335521831109,6.5762517857578136,18623850
2025-08-28,7.397103786468506,7.519760139399016,6.793258107015099,6.793258107015099,45803730
2025-08-29,7.727332592010498,7.925469131335989,7.2461423014943405,7.331059040964744,30910530
2025-09-01,7.8122477531433105,8.368918213676217,7.736766628410907,7.774507663171871,30854040
2025-09-02,7.689590930938721,7.963209535894117,7.62354636393504,7.727332438121372,15819615
2025-09-03,7.755636692047119,7.934903413468593,7.632980340192256,7.736766411393332,16418640
2025-09-04,8.161346435546875,8.199086054834943,7.699026887569755,7.84998819909073,26548620
2025-09-05,8.746320724487305,8.746320724487305,8.246260651030823,8.378351670317235,32295480
2025-09-08,8.406658172607422,8.868976773602627,8.331177044810087,8.821801541124074,29259930
2025-09-09,8.416093826293945,8.604794757112122,8.33117708472037,8.491574009663303,19192110
2025-09-10,8.727449417114258,8.972762117589397,8.444398045408148,8.491573274025832,32090415
2025-09-11,9.43508243560791,9.43508243560791,8.774626343886904,8.821801576554925,38184930
2025-09-12,9.29355525970459,9.538867022380133,9.18976918691472,9.302990872570676,20654025
2025-09-15,9.982316017150879,10.227627773795612,9.416210437156936,9.45395194290392,28773570
2025-09-16,10.133277893066406,10.482375739823214,9.76530976475659,10.227628356041908,36285480
2025-09-17,10.671077728271484,11.444753611741652,10.13327800484191,10.171018568364227,52012695
2025-09-18,10.595597267150879,10.803168471481447,10.510680529065812,10.661641834392375,20073480
2025-09-19,10.482375144958496,10.699382898108347,10.293674229716089,10.661641392354579,17667300
2025-09-22,10.227627754211426,10.510680071271654,10.142712909403896,10.30310887598188,15566775
2025-09-23,10.378589630126953,10.765428038739296,10.142713473450685,10.388025243267728,26995920
2025-09-24,10.265368461608887,10.680512747692548,10.265368461608887,10.42576537526562,21153720
2025-09-25,10.3974609375,10.973000275942084,10.180453171044181,10.265368966025726,37707600
2025-09-26,10.557855606079102,10.784298033166046,10.397460579640398,10.529550656989302,24341625
2025-09-29,10.02005672454834,11.322097593505395,10.02005672454834,10.925824532028772,42088620
2025-09-30,9.05767822265625,10.33141416366794,9.019937660531136,10.255933039417712,53095350
2025-10-01,9.05767822265625,9.123723733980441,8.633099260722513,9.114289065843922,46123455
2025-10-02,8.642535209655762,9.189769602587392,8.585924364267155,9.104854751688817,22836450
2025-10-03,8.633099555969238,8.80293114655087,8.368918446427164,8.585924324094242,34357575
2025-10-06,8.453832626342773,8.699145324297035,8.3500465575767,8.633098871163599,21915600
2025-10-07,8.472702026367188,8.472702026367188,8.180215042839338,8.312307005323913,21778680
2025-10-08,8.576488494873047,8.661405232815047,8.293436165961314,8.58592410788417,28115955
2025-10-09,8.463268280029297,8.661404806025406,8.35948221075815,8.60479396511674,19640250
2025-10-10,8.312307357788086,8.633099303056044,8.208521283829853,8.538748842070119,20879565
2025-10-13,8.114171028137207,8.548183726526958,8.114171028137207,8.491573826418946,19664505
2025-10-14,8.284001350402832,8.30287163129993,7.9820787456282885,8.048124256373375,14808465
2025-10-15,8.406658172607422,8.604794715891082,8.227390966483533,8.246261248432866,23188515
2025-10-16,7.736766815185547,8.35948280249764,7.651851020206387,8.35948280249764,40883535
2025-10-17,7.925468921661377,7.972644151949453,7.519760240562789,7.632980509817315,28614600
2025-10-20,7.8688578605651855,8.07642905704329,7.8688578605651855,8.029253828061425,12841500
2025-10-21,7.887727737426758,8.038689510752114,7.802812418998699,7.840552508033975,13804140
2025-10-22,7.8688578605651855,7.963209263318409,7.812247491307998,7.963209263318409,13535340
2025-10-23,7.425409317016602,8.048124341667577,7.095180815001887,8.000949111319624,50576925
2025-10-24,7.623546123504639,7.755636670530435,7.5008892995953165,7.585805089907022,23449125
2025-10-27,8.038689613342285,8.08586484333712,7.7839417652280005,7.7839417652280005,22558830
2025-10-28,8.170781135559082,8.227391037103432,7.87829318001818,8.029254492119065,11424210
2025-10-29,8.048124313354492,8.32174197111537,8.029254032323792,8.180215335779877,13356210
2025-10-30,8.019819259643555,8.151910280346781,7.783941694624609,7.859422817763313,15100050
2025-10-31,7.991513252258301,8.114170548006587,7.812247476935955,8.095299322701166,14380065
2025-11-03,7.8688578605651855,8.114170562934072,7.821682631583321,8.010384492300274,11489310
2025-11-04,7.906598091125488,7.925468844409443,7.736766507912199,7.783941737740443,7011585
2025-11-05,8.246260643005371,8.246260643005371,7.793376743840075,7.906597954828773,15467235
2025-11-06,7.538629531860352,8.161345969189222,7.519760195689337,8.151910356314202,21751275
2025-11-07,7.6801557540893555,7.972644166465978,7.519760254254706,7.576370625182425,27718425
2025-11-10,7.944338321685791,8.01038477836644,7.623546375237217,7.8311171067333225,16046625
2025-11-11,8.576488494873047,8.699145795280485,8.0292541182823,8.0292541182823,29114505
2025-11-12,8.633099555969238,8.661405450925878,8.340612551470524,8.538749092219245,15031275
2025-11-13,8.54818344116211,8.80293081751254,8.434962699936202,8.63309923327892,15416205
2025-11-14,9.048243522644043,9.180334544827085,8.463268590923635,8.491573540022996,25073685
2025-11-17,8.614230155944824,9.180334823876729,8.585924261195547,9.133158647557783,17720430
2025-11-18,8.93502140045166,9.001067853108248,8.368917722154546,8.397221725082565,18369015
2025-11-19,8.80293083190918,9.029373259520845,8.80293083190918,8.906716905198296,16938915
2025-11-21,9.085983276367188,9.09541888940176,8.68027459082933,8.755755715947782,25141725
2025-11-24,9.340730667114258,9.604913660540712,8.991632825016962,9.010503106318104,27962445
2025-11-25,9.680394172668457,9.680394172668457,9.199205289764066,9.397341833031193,19989270
2025-11-26,9.538866996765137,9.765309422679461,9.406776920100254,9.62378278838432,18614715
2025-11-27,9.54830265045166,9.680393672471112,9.491691807533531,9.595477880488676,9577260
2025-11-28,9.699263572692871,9.840790202037715,9.463385542188306,9.623782451765093,15099000
2025-12-01,9.755874633789062,9.803049863039947,9.576607439930406,9.737004353130809,10236765
2025-12-02,9.991751670837402,9.991751670837402,9.718133075166117,9.8219191458309,17682945
2025-12-03,10.60503101348877,10.60503101348877,10.010621403926566,10.010621403926566,23710785
2025-12-04,10.991869926452637,11.274922245209039,10.54842164015709,10.680512659257444,57664110
2025-12-05,9.916271209716797,11.142831969332084,9.699264386036285,10.963564764490684,41284425
2025-12-08,9.944576263427734,10.35971864905989,9.869094197767339,10.161582123957938,26651520
2025-12-09,9.453951835632324,9.812484326291873,9.34073015404454,9.765309098025035,28289415
2025-12-10,9.425646781921387,9.586043706054708,9.331296316988537,9.548303142165743,18250260
2025-12-11,9.03880786895752,9.670958027920365,9.019937588046604,9.350166086803346,25851525
2025-12-12,9.31242561340332,9.435081968094138,9.057678235871402,9.133158415442237,19101705
2025-12-15,9.284119606018066,9.586043154983601,9.274684937982975,9.48225708265006,18610200
2025-12-16,8.963327407836914,9.265249058535124,8.859541338489992,9.161463933977684,15605520
2025-12-17,8.680274963378906,8.868976839484423,8.567055160420995,8.868976839484423,15643110
2025-12-18,8.82180118560791,8.850107079785973,8.623663705519574,8.642534931497964,15603315
2025-12-19,8.727449417114258,8.91615222116397,8.708580081498772,8.7934958709264,14208075
2025-12-22,8.482137680053711,8.774625609788782,8.453832731778846,8.746320661513916,15214500
2025-12-23,8.765191078186035,8.850106869119854,8.585923883553804,8.595359496318396,14595210
2025-12-26,8.727449417114258,8.746320642308715,8.623663347281658,8.69914541369103,7410690
2025-12-29,8.82180118560791,8.916152591552244,8.651969599697637,8.765191286830836,9609180
2025-12-30,8.856711387634277,9.153916670664056,8.787363834683498,9.124196425797942,12866200
2026-01-02,8.747735977172852,9.03503417893951,8.648667240788697,8.955779567747983,11298000
2026-01-05,8.866618156433105,8.955779832860344,8.609040190040977,8.777456480005867,12352300
2026-01-06,9.064754486083984,9.302519266130554,8.916152325245688,8.916152325245688,14943300
2026-01-07,9.203451156616211,9.203451156616211,8.688296145098166,9.054848985644934,23440400
2026-01-08,9.134102821350098,9.361959589984128,9.134102821350098,9.134102821350098,12980200
2026-01-09,8.797270774841309,9.223265039384616,8.747736404231,9.163823605694338,22469000
2026-01-12,8.500065803527832,8.866618647643884,8.500065803527832,8.84680546555658,13347200
2026-01-13,8.123605728149414,8.470345383014937,7.975003558801077,8.470345383014937,28401800
2026-01-14,8.321742057800293,8.361369364940693,8.103792340922855,8.222674262344055,20752400
2026-01-15,8.658574104309082,9.015220791260507,8.321741542094722,8.321741542094722,28392200
2026-01-16,8.381183624267578,8.698202086435199,8.252394637814596,8.698202086435199,17107700
2026-01-19,8.28211498260498,8.420811033875403,8.22267449262448,8.351463480634969,9710200
2026-01-20,8.321742057800293,8.747736318151743,8.103792340922855,8.192954018186137,22970000
2026-01-21,8.727923393249512,8.747736575006712,8.430718108575071,8.579320278517514,16727100
2026-01-22,8.876524925231934,9.193543368879311,8.747735946302814,8.76755007142552,24288200
2026-01-23,9.282705307006836,9.332239676436359,8.718015951963013,8.935966610579204,23389800
2026-01-26,9.381773948669434,9.490748804453778,9.15391622957007,9.322332517011924,18407500
2026-01-27,9.550189971923828,9.80776698254232,9.520468784522501,9.609630457147528,16735000
2026-01-28,9.986090660095215,9.986090660095215,9.589817596119019,9.649258083320694,20719000
2026-01-29,9.62944507598877,10.342736603995696,9.391680288530267,10.233761745636464,28116600
2026-01-30,9.698792457580566,9.906836052474103,9.49074886268703,9.49074886268703,19854300
2026-02-02,9.738419532775879,9.787953900820037,9.54028300538873,9.688885164731719,14726400
2026-02-03,10.025717735290527,10.174320839446809,9.877115575923735,9.976183367238434,22715700
2026-02-04,9.639350891113281,10.075252200424524,9.570003342045831,9.906835914298293,21355600
2026-02-05,9.560096740722656,9.847394958309847,9.560096740722656,9.688885727198231,13183300
2026-02-06,10.104972839355469,10.104972839355469,9.153916516546158,9.56009665377282,35563900
2026-02-09,10.867799758911133,10.867799758911133,9.95637073758317,10.164414339077368,23799100
2026-02-10,10.501246452331543,10.927239754402871,10.461619146446083,10.75882346819229,15416300
2026-02-11,10.996588706970215,11.056029195882962,10.620128812961175,10.719196609412268,16601200
2026-02-12,10.055438041687012,11.016401386722132,10.045531923845644,10.907426532151145,26023100
2026-02-13,10.134693145751953,10.263482131844452,9.678979580056321,9.797861503036426,19363800
2026-02-18,10.184226989746094,10.322923031776945,10.045531892504734,10.134692621535827,10535300
2026-02-19,10.481432914733887,10.729103826603382,10.154507386649316,10.194134694756853,15969100
2026-02-20,10.699382781982422,10.768730329789761,10.28329560555942,10.372457278334275,15490100
2026-02-23,10.273388862609863,10.768730664730626,10.223854493439886,10.600314376426406,17659300
2026-02-24,10.035625457763672,10.441805601878633,10.00590521289392,10.352643922479826,19247800
2026-02-25,9.40158748626709,10.174321403201853,9.32233287090807,10.154507276967328,25004500
2026-02-26,9.49074935913086,9.599724221284127,9.381774496977592,9.42140180546874,12048700
2026-02-27,9.26289176940918,9.560096084962412,9.26289176940918,9.391679802261192,11244700
2026-03-02,9.104381561279297,9.262891725557282,8.807177247133072,8.965686466621586,17947600
2026-03-03,8.916152954101562,9.084569252151091,8.470345495354398,8.757643719417198,23872900
2026-03-04,9.441214561462402,9.461028687209016,9.035034431551976,9.163823414536418,17524500
2026-03-05,9.074662208557129,9.500656486291655,9.04494196318645,9.371867496632623,20521200
2026-03-06,9.243078231811523,9.39168039903067,9.015221449436892,9.064754875316916,18677300
2026-03-09,9.43130874633789,9.43130874633789,9.064754966566955,9.134103464118251,16425800
2026-03-10,10.0455322265625,10.253575824132389,9.510563110638433,9.55019041756653,21417000
2026-03-11,9.946463584899902,10.21394861789357,9.867208970262416,9.90683627758116,13112300
2026-03-12,9.31242561340332,9.896929098067334,9.243078062609122,9.817674484362673,14948600
2026-03-13,9.252985000610352,10.233761540557827,9.06475458701063,9.411494225879903,37702000
2026-03-16,9.748327255249023,9.92665061436368,9.480842216577038,9.58981802260913,22733300
2026-03-17,8.955780029296875,9.837488805229597,8.955780029296875,9.787954434484694,22442400
2026-03-18,8.767550468444824,9.124196233698045,8.767550468444824,8.995407248937,23534100
2026-03-19,8.688295364379883,8.817083397094507,8.361368916999025,8.628853934458961,23104500
2026-03-20,8.262301445007324,8.698201816984595,8.192953894753773,8.688295698940884,28291600
2026-03-23,8.678388595581055,8.797270514656061,8.50006524457379,8.509972307360751,20111900
2026-03-24,8.609040260314941,8.727923126381356,8.430717850794371,8.599134142134012,19212700
2026-03-25,8.807177543640137,9.084568687083829,8.737829049187084,8.817083661599568,17871200
2026-03-26,8.361369132995605,8.817083624863415,8.361369132995605,8.648667337991213,15274300
2026-03-27,8.014630317687988,8.371276066556085,8.00472325513317,8.331648761126296,22237700
2026-03-30,7.925468921661377,8.242487376195186,7.846214308027925,8.232581258083144,17213200
2026-03-31,8.688295364379883,8.757642911963062,8.17313945436348,8.17313945436348,27630300
2026-04-01,8.757643699645996,8.935967060658106,8.63876177390111,8.727923454407165,19365500
2026-04-02,8.668481826782227,8.797270813012021,8.371276546620356,8.509972595973107,14359700
2026-04-06,8.737829208374023,8.916152561945582,8.579319980661314,8.718016027304696,13342900
2026-04-07,8.698202133178711,8.856711365114338,8.500065593259176,8.658574825194803,12038500
2026-04-08,8.866618156433105,9.431308458875774,8.866618156433105,9.252985106021297,18316300
2026-04-09,9.144009590148926,9.163823716548555,8.866618434080962,8.94587305010038,14711600
2026-04-10,9.064754486083984,9.38177387788291,8.945872568455448,9.262891960254375,13301800
2026-04-13,9.12419605255127,9.282705278405746,8.836897844492654,8.86661808814299,14389900
2026-04-14,9.163823127746582,9.3817737801908,9.074661454256242,9.21335749577338,13395600
2026-04-15,9.302519798278809,9.332240043188708,9.094476194330415,9.144009620917062,12868500
2026-04-16,9.163823127746582,9.352052592501028,9.094475579382756,9.352052592501028,12966700
2026-04-17,9.203451156616211,9.669072741003538,9.124196539459588,9.2926128371148,18950900
2026-04-20,9.26289176940918,9.322332254604035,9.035034056723626,9.18363715928972,14635000
2026-04-22,8.866618156433105,9.233170980242125,8.866618156433105,9.193543673473298,12795800
2026-04-23,8.569413185119629,8.935966966629591,8.54960000343208,8.896338713675389,12084000
2026-04-24,8.648667335510254,8.678388523624706,8.450530805361414,8.62885415489012,9917800
2026-04-27,8.529999732971191,8.770000457763672,8.470000267028809,8.6899995803833,8331300
2026-04-28,8.539999961853027,8.609999656677246,8.399999618530273,8.5,10183500
2026-04-29,8.079999923706055,8.579999923706055,8.079999923706055,8.529999732971191,14208700
2026-04-30,8.229999542236328,8.350000381469727,8.079999923706055,8.289999961853027,17525600
2026-05-04,8.0,8.34000015258789,7.989999771118164,8.25,14398300
2026-05-05,8.0,8.170000076293945,8.0,8.050000190734863,15252400
2026-05-06,8.029999732971191,8.319999694824219,8.020000457763672,8.220000267028809,11485200
2026-05-07,7.940000057220459,8.170000076293945,7.900000095367432,8.050000190734863,15526800
2026-05-08,7.150000095367432,7.849999904632568,7.150000095367432,7.599999904632568,35215100
2026-05-11,6.929999828338623,7.210000038146973,6.900000095367432,7.119999885559082,18515700
2026-05-12,7.159999847412109,7.199999809265137,6.800000190734863,6.929999828338623,17784300
2026-05-13,6.960000038146973,7.400000095367432,6.960000038146973,7.119999885559082,22615000
2026-05-14,6.909999847412109,7.130000114440918,6.829999923706055,7.090000152587891,20866400
2026-05-15,6.789999961853027,6.840000152587891,6.599999904632568,6.820000171661377,17594900
2026-05-18,6.610000133514404,6.989999771118164,6.610000133514404,6.829999923706055,18028200
2026-05-19,6.489999771118164,6.670000076293945,6.340000152587891,6.510000228881836,18272100
2026-05-20,6.730000019073486,6.800000190734863,6.489999771118164,6.53000020980835,21093700
2026-05-21,6.769999980926514,6.789999961853027,6.46999979019165,6.659999847412109,17378400
2026-05-22,6.630000114440918,6.880000114440918,6.610000133514404,6.699999809265137,13376800
2026-05-25,6.769999980926514,6.829999923706055,6.670000076293945,6.739999771118164,10045800
2026-05-26,6.650000095367432,6.78000020980835,6.550000190734863,6.769999980926514,10894700
2026-05-27,6.599999904632568,6.829999923706055,6.590000152587891,6.739999771118164,13503200
2026-05-28,6.349999904632568,6.710000038146973,6.349999904632568,6.650000095367432,17829300
2026-05-29,5.980000019073486,6.429999828338623,5.980000019073486,6.380000114440918,19948000
2026-06-01,5.820000171661377,6.070000171661377,5.760000228881836,5.980000019073486,19869200
2026-06-02,5.679999828338623,5.929999828338623,5.679999828338623,5.849999904632568,18461700
2026-06-03,5.340000152587891,5.550000190734863,5.320000171661377,5.550000190734863,23074300
2026-06-05,5.440000057220459,5.670000076293945,5.289999961853027,5.440000057220459,27759100
2026-06-08,5.340000152587891,5.539999961853027,5.340000152587891,5.449999809265137,17634500
2026-06-09,5.489999771118164,5.659999847412109,5.460000038146973,5.46999979019165,24632800
2026-06-10,5.119999885559082,5.46999979019165,5.119999885559082,5.460000038146973,23198500
2026-06-11,5.329999923706055,5.380000114440918,5.099999904632568,5.159999847412109,28878200
2026-06-12,5.21999979019165,5.440000057220459,5.190000057220459,5.230000019073486,16254200
2026-06-15,5.349999904632568,5.46999979019165,5.260000228881836,5.400000095367432,18145200
2026-06-16,5.0,5.300000190734863,4.989999771118164,5.289999961853027,25995600
2026-06-17,4.739999771118164,5.119999885559082,4.739999771118164,5.03000020980835,28655600
2026-06-18,4.5,4.800000190734863,4.46999979019165,4.78000020980835,30716200
2026-06-19,4.619999885559082,4.650000095367432,4.46999979019165,4.480000019073486,21086800
2026-06-22,4.659999847412109,4.840000152587891,4.559999942779541,4.630000114440918,21375500
2026-06-23,4.420000076293945,4.639999866485596,4.420000076293945,4.610000133514404,24418400
2026-06-24,4.360000133514404,4.480000019073486,4.300000190734863,4.380000114440918,21608000
2026-06-25,4.420000076293945,4.510000228881836,4.03000020980835,4.409999847412109,52346600
2026-06-26,4.440000057220459,4.570000171661377,4.329999923706055,4.389999866485596,25874600
2026-06-29,4.639999866485596,4.710000038146973,4.409999847412109,4.409999847412109,18574500
2026-06-30,4.679999828338623,4.739999771118164,4.460000038146973,4.590000152587891,18658400
2026-07-01,4.429999828338623,4.690000057220459,4.429999828338623,4.590000152587891,22221800
2026-07-02,4.269999980926514,4.590000152587891,4.269999980926514,4.489999771118164,27151900
2026-07-03,4.449999809265137,4.449999809265137,4.239999771118164,4.329999923706055,17028600
2026-07-06,4.349999904632568,4.460000038146973,4.329999923706055,4.369999885559082,12493700
2026-07-07,4.420000076293945,4.46999979019165,4.329999923706055,4.369999885559082,18384300
2026-07-08,4.510000228881836,4.510000228881836,4.289999961853027,4.380000114440918,17353000
2026-07-09,4.860000133514404,4.869999885559082,4.510000228881836,4.510000228881836,27558600
2026-07-10,5.21999979019165,5.300000190734863,5.079999923706055,5.119999885559082,33644300
2026-07-13,5.059999942779541,5.269999980926514,5.039999961853027,5.199999809265137,23814700
2026-07-14,5.050000190734863,5.190000057220459,4.889999866485596,5.110000133514404,19650300
2026-07-15,5.03000020980835,5.130000114440918,4.78000020980835,5.050000190734863,22240600
2026-07-16,4.920000076293945,5.059999942779541,4.889999866485596,4.989999771118164,14067000
2026-07-17,4.920000076293945,5.03000020980835,4.900000095367432,4.920000076293945,17597900
2026-07-20,4.860000133514404,4.980000019073486,4.820000171661377,4.920000076293945,12211600
2026-07-21,4.820000171661377,4.960000038146973,4.78000020980835,4.869999885559082,14370100
2026-07-22,4.909999847412109,4.980000019073486,4.739999771118164,4.820000171661377,19305400
2026-07-23,4.710000038146973,4.889999866485596,4.679999828338623,4.880000114440918,16771800
2026-07-24,4.650000095367432,4.739999771118164,4.559999942779541,4.679999828338623,15888900
2026-07-27,4.829999923706055,4.860000133514404,4.71999979019165,4.730000019073486,14777800
2026-07-28,4.829999923706055,5.039999961853027,4.829999923706055,4.989999771118164,15982700
2026-07-29,4.760000228881836,4.869999885559082,4.710000038146973,4.800000190734863,14347200
2026-07-30,5.019999980926514,5.019999980926514,4.789999961853027,4.809999942779541,16683500
2026-07-31,5.03000020980835,5.110000133514404,4.880000114440918,4.949999809265137,11796200
2026-08-03,5.159999847412109,5.199999809265137,5.019999980926514,5.090000152587891,17342500
2026-08-04,4.920000076293945,5.269999980926514,4.920000076293945,5.269999980926514,21388800
2026-08-05,4.789999961853027,5.019999980926514,4.78000020980835,4.940000057220459,19168400
2026-08-06,4.570000171661377,4.840000152587891,4.570000171661377,4.789999961853027,17887800
2026-08-07,4.400000095367432,4.510000228881836,4.159999847412109,4.489999771118164,32564400
