Date,Close,High,Low,Open,Volume
2000-01-06,0.0045030079782009125,0.007076045494589159,0.0045030079782009125,0.007076045494589159,0
2000-01-07,0.0045030079782009125,0.0045030079782009125,0.0045030079782009125,0.0045030079782009125,0
2000-01-10,0.0045030079782009125,0.007076045494589159,0.0045030079782009125,0.007076045494589159,0
2000-01-11,0.0045030079782009125,0.007076045494589159,0.0045030079782009125,0.007076045494589159,0
2000-01-12,0.0045030079782009125,0.007076045494589159,0.0045030079782009125,0.007076045494589159,0
2000-01-13,0.0045030079782009125,0.007076045494589159,0.0045030079782009125,0.007076045494589159,0
2000-01-14,0.0045030079782009125,0.007076045494589159,0.0045030079782009125,0.007076045494589159,0
2000-01-17,0.0045030079782009125,0.0045030079782009125,0.0045030079782009125,0.0045030079782009125,0
2000-01-18,0.0045030079782009125,0.0045030079782009125,0.0045030079782009125,0.0045030079782009125,0
2000-01-19,0.0045030079782009125,0.0045030079782009125,0.0045030079782009125,0.0045030079782009125,0
2000-01-20,0.0045030079782009125,0.0045030079782009125,0.0045030079782009125,0.0045030079782009125,0
2000-01-21,0.0045030079782009125,0.0045030079782009125,0.0045030079782009125,0.0045030079782009125,0
2000-01-24,0.0045030079782009125,0.0045030079782009125,0.0045030079782009125,0.0045030079782009125,0
2000-01-25,0.0045030079782009125,0.0045030079782009125,0.0045030079782009125,0.0045030079782009125,0
2000-01-26,0.0045030079782009125,0.0045030079782009125,0.0045030079782009125,0.0045030079782009125,0
2000-01-27,0.0045030079782009125,0.0045030079782009125,0.0045030079782009125,0.0045030079782009125,0
2000-01-28,0.0045030079782009125,0.0045030079782009125,0.0045030079782009125,0.0045030079782009125,0
2000-01-31,0.0045030079782009125,0.0045030079782009125,0.0045030079782009125,0.0045030079782009125,0
2000-02-01,0.0045030079782009125,0.0045030079782009125,0.0045030079782009125,0.0045030079782009125,0
2000-02-02,0.0045030079782009125,0.0045030079782009125,0.0045030079782009125,0.0045030079782009125,0
2000-02-03,0.0045030079782009125,0.0045030079782009125,0.0045030079782009125,0.0045030079782009125,0
2000-02-04,0.0045030079782009125,0.0045030079782009125,0.0045030079782009125,0.0045030079782009125,0
2000-02-07,0.0045030079782009125,0.0045030079782009125,0.0045030079782009125,0.0045030079782009125,0
2000-02-08,0.0045030079782009125,0.009649854465973851,0.0045030079782009125,0.009649854465973851,0
2000-02-09,0.005146075505763292,0.00964985670111672,0.005146075505763292,0.00964985670111672,0
2000-02-10,0.005146075505763292,0.00964985670111672,0.005146075505763292,0.00964985670111672,0
2000-02-11,0.005146075505763292,0.005146075505763292,0.005146075505763292,0.005146075505763292,0
2000-02-14,0.005146075505763292,0.00964985670111672,0.005146075505763292,0.00964985670111672,0
2000-02-15,0.005146075505763292,0.00964985670111672,0.005146075505763292,0.00964985670111672,0
2000-02-16,0.005146075505763292,0.005146075505763292,0.005146075505763292,0.005146075505763292,0
2000-02-17,0.005146075505763292,0.00964985670111672,0.005146075505763292,0.00964985670111672,0
2000-02-18,0.005146075505763292,0.005146075505763292,0.005146075505763292,0.005146075505763292,0
2000-02-21,0.005146075505763292,0.00964985670111672,0.005146075505763292,0.00964985670111672,0
2000-02-22,0.005146075505763292,0.005146075505763292,0.005146075505763292,0.005146075505763292,0
2000-02-23,0.005146075505763292,0.00964985670111672,0.005146075505763292,0.00964985670111672,0
2000-02-24,0.005146075505763292,0.005146075505763292,0.005146075505763292,0.005146075505763292,0
2000-02-25,0.005146075505763292,0.005146075505763292,0.005146075505763292,0.005146075505763292,0
2000-02-28,0.005146075505763292,0.00964985670111672,0.005146075505763292,0.00964985670111672,0
2000-02-29,0.005146075505763292,0.005146075505763292,0.005146075505763292,0.005146075505763292,0
2000-03-01,0.005146075505763292,0.005146075505763292,0.005146075505763292,0.005146075505763292,0
2000-03-02,0.005146075505763292,0.005146075505763292,0.005146075505763292,0.005146075505763292,0
2000-03-03,0.005146075505763292,0.005146075505763292,0.005146075505763292,0.005146075505763292,0
2000-03-06,0.005146075505763292,0.005146075505763292,0.005146075505763292,0.005146075505763292,0
2000-03-07,0.005146075505763292,0.005146075505763292,0.005146075505763292,0.005146075505763292,0
2000-03-08,0.005146075505763292,0.005146075505763292,0.005146075505763292,0.005146075505763292,0
2000-03-09,0.005146075505763292,0.005146075505763292,0.005146075505763292,0.005146075505763292,0
2000-03-10,0.005146075505763292,0.005146075505763292,0.005146075505763292,0.005146075505763292,0
2000-03-13,0.005146075505763292,0.005146075505763292,0.005146075505763292,0.005146075505763292,0
2000-03-14,0.005146075505763292,0.005146075505763292,0.005146075505763292,0.005146075505763292,0
2000-03-15,0.005146075505763292,0.005146075505763292,0.005146075505763292,0.005146075505763292,0
2000-03-16,0.005146075505763292,0.005146075505763292,0.005146075505763292,0.005146075505763292,0
2000-03-17,0.005146075505763292,0.005146075505763292,0.005146075505763292,0.005146075505763292,0
2000-03-20,0.005146075505763292,0.005146075505763292,0.005146075505763292,0.005146075505763292,0
2000-03-21,0.005146075505763292,0.005146075505763292,0.005146075505763292,0.005146075505763292,0
2000-03-22,0.005146075505763292,0.005146075505763292,0.005146075505763292,0.005146075505763292,0
2000-03-23,0.005146075505763292,0.005146075505763292,0.005146075505763292,0.005146075505763292,0
2000-03-24,0.005146075505763292,0.005146075505763292,0.005146075505763292,0.005146075505763292,0
2000-03-27,0.005146075505763292,0.005146075505763292,0.005146075505763292,0.005146075505763292,0
2000-03-28,0.005146075505763292,0.005146075505763292,0.005146075505763292,0.005146075505763292,0
2000-03-29,0.005146075505763292,0.005146075505763292,0.005146075505763292,0.005146075505763292,0
2000-03-30,0.005146075505763292,0.005146075505763292,0.005146075505763292,0.005146075505763292,0
2000-03-31,0.005146075505763292,0.005146075505763292,0.005146075505763292,0.005146075505763292,0
2000-04-03,0.005146075505763292,0.005146075505763292,0.005146075505763292,0.005146075505763292,0
2000-04-04,0.005146075505763292,0.005146075505763292,0.005146075505763292,0.005146075505763292,0
2000-04-05,0.005146075505763292,0.005146075505763292,0.005146075505763292,0.005146075505763292,0
2000-04-06,0.005146075505763292,0.005146075505763292,0.005146075505763292,0.005146075505763292,0
2000-04-07,0.005146075505763292,0.005146075505763292,0.005146075505763292,0.005146075505763292,0
2000-04-10,0.005146075505763292,0.005146075505763292,0.005146075505763292,0.005146075505763292,0
2000-04-11,0.005146075505763292,0.005146075505763292,0.005146075505763292,0.005146075505763292,0
2000-04-12,0.005146075505763292,0.005146075505763292,0.005146075505763292,0.005146075505763292,0
2000-04-13,0.005146075505763292,0.005146075505763292,0.005146075505763292,0.005146075505763292,0
2000-04-14,0.005146075505763292,0.005146075505763292,0.005146075505763292,0.005146075505763292,0
2000-04-17,0.005146075505763292,0.005146075505763292,0.005146075505763292,0.005146075505763292,0
2000-04-18,0.005146075505763292,0.005146075505763292,0.005146075505763292,0.005146075505763292,0
2000-04-19,0.005146075505763292,0.005146075505763292,0.005146075505763292,0.005146075505763292,0
2000-04-20,0.005146075505763292,0.005146075505763292,0.005146075505763292,0.005146075505763292,0
2000-04-21,0.005146075505763292,0.005146075505763292,0.005146075505763292,0.005146075505763292,0
2000-04-24,0.005146075505763292,0.005146075505763292,0.005146075505763292,0.005146075505763292,0
2000-04-25,0.005146075505763292,0.005146075505763292,0.005146075505763292,0.005146075505763292,0
2000-04-26,0.005146075505763292,0.005146075505763292,0.005146075505763292,0.005146075505763292,0
2000-04-27,0.005146075505763292,0.005146075505763292,0.005146075505763292,0.005146075505763292,0
2000-04-28,0.005146075505763292,0.005146075505763292,0.005146075505763292,0.005146075505763292,0
2000-05-01,0.005146075505763292,0.005146075505763292,0.005146075505763292,0.005146075505763292,0
2000-05-02,0.005146075505763292,0.005146075505763292,0.005146075505763292,0.005146075505763292,0
2000-05-03,0.005146075505763292,0.005146075505763292,0.005146075505763292,0.005146075505763292,0
2000-05-04,0.005146075505763292,0.005146075505763292,0.005146075505763292,0.005146075505763292,0
2000-05-05,0.005146075505763292,0.005146075505763292,0.005146075505763292,0.005146075505763292,0
2000-05-08,0.005146075505763292,0.005146075505763292,0.005146075505763292,0.005146075505763292,0
2000-05-09,0.005146075505763292,0.005146075505763292,0.005146075505763292,0.005146075505763292,0
2000-05-10,0.005146075505763292,0.005146075505763292,0.005146075505763292,0.005146075505763292,0
2000-05-11,0.005146075505763292,0.005146075505763292,0.005146075505763292,0.005146075505763292,0
2000-05-12,0.005146075505763292,0.005146075505763292,0.005146075505763292,0.005146075505763292,0
2000-05-15,0.005146075505763292,0.005146075505763292,0.005146075505763292,0.005146075505763292,0
2000-05-16,0.005146075505763292,0.005146075505763292,0.005146075505763292,0.005146075505763292,0
2000-05-17,0.005146075505763292,0.005146075505763292,0.005146075505763292,0.005146075505763292,0
2000-05-18,0.005146075505763292,0.005146075505763292,0.005146075505763292,0.005146075505763292,0
2000-05-19,0.005146075505763292,0.005146075505763292,0.005146075505763292,0.005146075505763292,0
2000-05-22,0.005146075505763292,0.005146075505763292,0.005146075505763292,0.005146075505763292,0
2000-05-23,0.005146075505763292,0.005146075505763292,0.005146075505763292,0.005146075505763292,0
2000-05-24,0.005146075505763292,0.005146075505763292,0.005146075505763292,0.005146075505763292,0
2000-05-25,0.005146075505763292,0.005146075505763292,0.005146075505763292,0.005146075505763292,0
2000-05-26,0.005146075505763292,0.005146075505763292,0.005146075505763292,0.005146075505763292,0
2000-05-29,0.005146075505763292,0.005146075505763292,0.005146075505763292,0.005146075505763292,0
2000-05-30,0.005146075505763292,0.005146075505763292,0.005146075505763292,0.005146075505763292,0
2000-05-31,0.005146075505763292,0.005146075505763292,0.005146075505763292,0.005146075505763292,0
2000-06-01,0.005146075505763292,0.005146075505763292,0.005146075505763292,0.005146075505763292,0
2000-06-02,0.024282123893499374,0.024282123893499374,0.024282123893499374,0.024282123893499374,1909440
2000-06-05,0.024282123893499374,0.024282123893499374,0.024282123893499374,0.024282123893499374,0
2000-06-06,0.024282123893499374,0.024282123893499374,0.024282123893499374,0.024282123893499374,0
2000-06-07,0.024282123893499374,0.024282123893499374,0.024282123893499374,0.024282123893499374,0
2000-06-08,0.024282123893499374,0.024282123893499374,0.024282123893499374,0.024282123893499374,0
2000-06-09,0.024282123893499374,0.024282123893499374,0.024282123893499374,0.024282123893499374,0
2000-06-12,0.024282123893499374,0.024282123893499374,0.024282123893499374,0.024282123893499374,0
2000-06-13,0.024282123893499374,0.024282123893499374,0.024282123893499374,0.024282123893499374,0
2000-06-14,0.026683777570724487,0.026683777570724487,0.026683777570724487,0.026683777570724487,636480
2000-06-15,0.026683777570724487,0.026683777570724487,0.026683777570724487,0.026683777570724487,0
2000-06-16,0.026683777570724487,0.026683777570724487,0.026683777570724487,0.026683777570724487,0
2000-06-19,0.026683777570724487,0.026683777570724487,0.026683777570724487,0.026683777570724487,0
2000-06-20,0.026683777570724487,0.026683777570724487,0.026683777570724487,0.026683777570724487,0
2000-06-21,0.026683777570724487,0.026683777570724487,0.026683777570724487,0.026683777570724487,0
2000-06-22,0.026683777570724487,0.026683777570724487,0.026683777570724487,0.026683777570724487,0
2000-06-23,0.026683777570724487,0.026683777570724487,0.026683777570724487,0.026683777570724487,0
2000-06-26,0.026683777570724487,0.026683777570724487,0.026683777570724487,0.026683777570724487,0
2000-06-27,0.026683777570724487,0.026683777570724487,0.026683777570724487,0.026683777570724487,0
2000-06-28,0.026683777570724487,0.026683777570724487,0.026683777570724487,0.026683777570724487,0
2000-06-29,0.026683777570724487,0.026683777570724487,0.026683777570724487,0.026683777570724487,0
2000-06-30,0.026683777570724487,0.026683777570724487,0.026683777570724487,0.026683777570724487,0
2000-07-03,0.026683777570724487,0.026683777570724487,0.026683777570724487,0.026683777570724487,0
2000-07-04,0.026683777570724487,0.026683777570724487,0.026683777570724487,0.026683777570724487,0
2000-07-05,0.026683777570724487,0.026683777570724487,0.026683777570724487,0.026683777570724487,0
2000-07-06,0.026683777570724487,0.026683777570724487,0.026683777570724487,0.026683777570724487,0
2000-07-07,0.026683777570724487,0.026683777570724487,0.026683777570724487,0.026683777570724487,0
2000-07-10,0.026683777570724487,0.026683777570724487,0.026683777570724487,0.026683777570724487,0
2000-07-11,0.026683777570724487,0.026683777570724487,0.026683777570724487,0.026683777570724487,0
2000-07-12,0.026683777570724487,0.026683777570724487,0.026683777570724487,0.026683777570724487,0
2000-07-13,0.026683777570724487,0.026683777570724487,0.026683777570724487,0.026683777570724487,0
2000-07-14,0.026683777570724487,0.026683777570724487,0.026683777570724487,0.026683777570724487,0
2000-07-17,0.026683777570724487,0.026683777570724487,0.026683777570724487,0.026683777570724487,0
2000-07-18,0.026683777570724487,0.026683777570724487,0.026683777570724487,0.026683777570724487,0
2000-07-19,0.026683777570724487,0.026683777570724487,0.026683777570724487,0.026683777570724487,0
2000-07-20,0.026683777570724487,0.026683777570724487,0.026683777570724487,0.026683777570724487,0
2000-07-21,0.026683777570724487,0.026683777570724487,0.026683777570724487,0.026683777570724487,0
2000-07-24,0.026683777570724487,0.026683777570724487,0.026683777570724487,0.026683777570724487,0
2000-07-25,0.026683777570724487,0.026683777570724487,0.026683777570724487,0.026683777570724487,0
2000-07-26,0.026683777570724487,0.026683777570724487,0.026683777570724487,0.026683777570724487,0
2000-07-27,0.026683777570724487,0.026683777570724487,0.026683777570724487,0.026683777570724487,0
2000-07-28,0.026683777570724487,0.026683777570724487,0.026683777570724487,0.026683777570724487,0
2000-07-31,0.026683777570724487,0.026683777570724487,0.026683777570724487,0.026683777570724487,0
2000-08-01,0.026683777570724487,0.026683777570724487,0.026683777570724487,0.026683777570724487,0
2000-08-02,0.026683777570724487,0.026683777570724487,0.026683777570724487,0.026683777570724487,0
2000-08-03,0.026683777570724487,0.026683777570724487,0.026683777570724487,0.026683777570724487,0
2000-08-04,0.026683777570724487,0.026683777570724487,0.026683777570724487,0.026683777570724487,0
2000-08-07,0.026683777570724487,0.026683777570724487,0.026683777570724487,0.026683777570724487,0
2000-08-08,0.026683777570724487,0.026683777570724487,0.026683777570724487,0.026683777570724487,0
2000-08-09,0.026683777570724487,0.026683777570724487,0.026683777570724487,0.026683777570724487,0
2000-08-10,0.026683777570724487,0.026683777570724487,0.026683777570724487,0.026683777570724487,0
2000-08-11,0.026683777570724487,0.026683777570724487,0.026683777570724487,0.026683777570724487,0
2000-08-14,0.026683777570724487,0.026683777570724487,0.026683777570724487,0.026683777570724487,0
2000-08-15,0.026683777570724487,0.026683777570724487,0.026683777570724487,0.026683777570724487,0
2000-08-16,0.026683777570724487,0.026683777570724487,0.026683777570724487,0.026683777570724487,0
2000-08-17,0.026683777570724487,0.026683777570724487,0.026683777570724487,0.026683777570724487,0
2000-08-18,0.026683777570724487,0.026683777570724487,0.026683777570724487,0.026683777570724487,0
2000-08-21,0.026683777570724487,0.026683777570724487,0.026683777570724487,0.026683777570724487,0
2000-08-22,0.026683777570724487,0.026683777570724487,0.026683777570724487,0.026683777570724487,0
2000-08-23,0.026683777570724487,0.026683777570724487,0.026683777570724487,0.026683777570724487,0
2000-08-24,0.026683777570724487,0.026683777570724487,0.026683777570724487,0.026683777570724487,0
2000-08-25,0.026683777570724487,0.026683777570724487,0.026683777570724487,0.026683777570724487,0
2000-08-28,0.026683777570724487,0.026683777570724487,0.026683777570724487,0.026683777570724487,0
2000-08-29,0.026683777570724487,0.026683777570724487,0.026683777570724487,0.026683777570724487,0
2000-08-30,0.026683777570724487,0.026683777570724487,0.026683777570724487,0.026683777570724487,0
2000-08-31,0.026683777570724487,0.026683777570724487,0.026683777570724487,0.026683777570724487,0
2000-09-01,0.026683777570724487,0.026683777570724487,0.026683777570724487,0.026683777570724487,0
2000-09-04,0.026683777570724487,0.026683777570724487,0.026683777570724487,0.026683777570724487,0
2000-09-05,0.026683777570724487,0.026683777570724487,0.026683777570724487,0.026683777570724487,0
2000-09-06,0.026683777570724487,0.026683777570724487,0.026683777570724487,0.026683777570724487,0
2000-09-07,0.026683777570724487,0.026683777570724487,0.026683777570724487,0.026683777570724487,0
2000-09-08,0.026683777570724487,0.026683777570724487,0.026683777570724487,0.026683777570724487,0
2000-09-11,0.026683777570724487,0.026683777570724487,0.026683777570724487,0.026683777570724487,0
2000-09-12,0.026683777570724487,0.026683777570724487,0.026683777570724487,0.026683777570724487,0
2000-09-13,0.026683777570724487,0.026683777570724487,0.026683777570724487,0.026683777570724487,0
2000-09-14,0.026683777570724487,0.026683777570724487,0.026683777570724487,0.026683777570724487,0
2000-09-15,0.026683777570724487,0.026683777570724487,0.026683777570724487,0.026683777570724487,0
2000-09-18,0.026683777570724487,0.026683777570724487,0.026683777570724487,0.026683777570724487,0
2000-09-19,0.026683777570724487,0.026683777570724487,0.026683777570724487,0.026683777570724487,0
2000-09-20,0.026683777570724487,0.026683777570724487,0.026683777570724487,0.026683777570724487,0
2000-09-21,0.026683777570724487,0.026683777570724487,0.026683777570724487,0.026683777570724487,0
2000-09-22,0.026683777570724487,0.026683777570724487,0.026683777570724487,0.026683777570724487,0
2000-09-25,0.026683777570724487,0.026683777570724487,0.026683777570724487,0.026683777570724487,0
2000-09-26,0.026683777570724487,0.026683777570724487,0.026683777570724487,0.026683777570724487,0
2000-09-27,0.026683777570724487,0.026683777570724487,0.026683777570724487,0.026683777570724487,0
2000-09-28,0.026683777570724487,0.026683777570724487,0.026683777570724487,0.026683777570724487,0
2000-09-29,0.026683777570724487,0.026683777570724487,0.026683777570724487,0.026683777570724487,0
2000-10-02,0.026683777570724487,0.026683777570724487,0.026683777570724487,0.026683777570724487,0
2000-10-03,0.026683777570724487,0.026683777570724487,0.026683777570724487,0.026683777570724487,0
2000-10-04,0.026683777570724487,0.026683777570724487,0.026683777570724487,0.026683777570724487,0
2000-10-05,0.026683777570724487,0.026683777570724487,0.026683777570724487,0.026683777570724487,0
2000-10-06,0.026683777570724487,0.026683777570724487,0.026683777570724487,0.026683777570724487,0
2000-10-09,0.026683777570724487,0.026683777570724487,0.026683777570724487,0.026683777570724487,0
2000-10-10,0.026683777570724487,0.026683777570724487,0.026683777570724487,0.026683777570724487,0
2000-10-11,0.026683777570724487,0.026683777570724487,0.026683777570724487,0.026683777570724487,0
2000-10-12,0.026683777570724487,0.026683777570724487,0.026683777570724487,0.026683777570724487,0
2000-10-13,0.026683777570724487,0.026683777570724487,0.026683777570724487,0.026683777570724487,0
2000-10-16,0.026683777570724487,0.026683777570724487,0.026683777570724487,0.026683777570724487,0
2000-10-17,0.026683777570724487,0.026683777570724487,0.026683777570724487,0.026683777570724487,0
2000-10-18,0.026683777570724487,0.026683777570724487,0.026683777570724487,0.026683777570724487,0
2000-10-19,0.026683777570724487,0.026683777570724487,0.026683777570724487,0.026683777570724487,0
2000-10-20,0.026683777570724487,0.026683777570724487,0.026683777570724487,0.026683777570724487,0
2000-10-23,0.026683777570724487,0.026683777570724487,0.026683777570724487,0.026683777570724487,0
2000-10-24,0.026683777570724487,0.026683777570724487,0.026683777570724487,0.026683777570724487,0
2000-10-25,0.026683777570724487,0.026683777570724487,0.026683777570724487,0.026683777570724487,0
2000-10-26,0.026683777570724487,0.026683777570724487,0.026683777570724487,0.026683777570724487,0
2000-10-27,0.026683777570724487,0.026683777570724487,0.026683777570724487,0.026683777570724487,0
2000-10-30,0.026683777570724487,0.026683777570724487,0.026683777570724487,0.026683777570724487,0
2000-10-31,0.026683777570724487,0.026683777570724487,0.026683777570724487,0.026683777570724487,0
2000-11-01,0.026683777570724487,0.026683777570724487,0.026683777570724487,0.026683777570724487,0
2000-11-02,0.026683777570724487,0.026683777570724487,0.026683777570724487,0.026683777570724487,0
2000-11-03,0.026683777570724487,0.026683777570724487,0.026683777570724487,0.026683777570724487,0
2000-11-06,0.026683777570724487,0.026683777570724487,0.026683777570724487,0.026683777570724487,0
2000-11-07,0.026683777570724487,0.026683777570724487,0.026683777570724487,0.026683777570724487,0
2000-11-08,0.026683777570724487,0.026683777570724487,0.026683777570724487,0.026683777570724487,0
2000-11-09,0.026683777570724487,0.026683777570724487,0.026683777570724487,0.026683777570724487,0
2000-11-10,0.026683777570724487,0.026683777570724487,0.026683777570724487,0.026683777570724487,0
2000-11-13,0.026683777570724487,0.026683777570724487,0.026683777570724487,0.026683777570724487,0
2000-11-14,0.026683777570724487,0.026683777570724487,0.026683777570724487,0.026683777570724487,0
2000-11-15,0.026683777570724487,0.026683777570724487,0.026683777570724487,0.026683777570724487,0
2000-11-16,0.026683777570724487,0.026683777570724487,0.026683777570724487,0.026683777570724487,0
2000-11-17,0.026683777570724487,0.026683777570724487,0.026683777570724487,0.026683777570724487,0
2000-11-20,0.026683777570724487,0.026683777570724487,0.026683777570724487,0.026683777570724487,0
2000-11-21,0.026683777570724487,0.026683777570724487,0.026683777570724487,0.026683777570724487,0
2000-11-22,0.026683777570724487,0.026683777570724487,0.026683777570724487,0.026683777570724487,0
2000-11-23,0.026683777570724487,0.026683777570724487,0.026683777570724487,0.026683777570724487,0
2000-11-24,0.026683777570724487,0.026683777570724487,0.026683777570724487,0.026683777570724487,0
2000-11-27,0.026683777570724487,0.026683777570724487,0.026683777570724487,0.026683777570724487,0
2000-11-28,0.026683777570724487,0.026683777570724487,0.026683777570724487,0.026683777570724487,0
2000-11-29,0.026683777570724487,0.026683777570724487,0.026683777570724487,0.026683777570724487,0
2000-11-30,0.026683777570724487,0.026683777570724487,0.026683777570724487,0.026683777570724487,0
2000-12-01,0.026683777570724487,0.026683777570724487,0.026683777570724487,0.026683777570724487,0
2000-12-04,0.026683777570724487,0.026683777570724487,0.026683777570724487,0.026683777570724487,0
2000-12-05,0.026683777570724487,0.026683777570724487,0.026683777570724487,0.026683777570724487,0
2000-12-06,0.026683777570724487,0.026683777570724487,0.026683777570724487,0.026683777570724487,0
2000-12-07,0.026683777570724487,0.026683777570724487,0.026683777570724487,0.026683777570724487,0
2000-12-08,0.026683777570724487,0.026683777570724487,0.026683777570724487,0.026683777570724487,0
2000-12-11,0.026683777570724487,0.026683777570724487,0.026683777570724487,0.026683777570724487,0
2000-12-12,0.026683777570724487,0.026683777570724487,0.026683777570724487,0.026683777570724487,0
2000-12-13,0.026683777570724487,0.026683777570724487,0.026683777570724487,0.026683777570724487,0
2000-12-14,0.026683777570724487,0.026683777570724487,0.026683777570724487,0.026683777570724487,0
2000-12-15,0.026683777570724487,0.026683777570724487,0.026683777570724487,0.026683777570724487,0
2000-12-18,0.026683777570724487,0.026683777570724487,0.026683777570724487,0.026683777570724487,0
2000-12-19,0.026683777570724487,0.026683777570724487,0.026683777570724487,0.026683777570724487,0
2000-12-20,0.026683777570724487,0.026683777570724487,0.026683777570724487,0.026683777570724487,0
2000-12-21,0.026683777570724487,0.026683777570724487,0.026683777570724487,0.026683777570724487,0
2000-12-22,0.026683777570724487,0.026683777570724487,0.026683777570724487,0.026683777570724487,0
2000-12-25,0.026683777570724487,0.026683777570724487,0.026683777570724487,0.026683777570724487,0
2000-12-26,0.026683777570724487,0.026683777570724487,0.026683777570724487,0.026683777570724487,0
2000-12-27,0.026683777570724487,0.026683777570724487,0.026683777570724487,0.026683777570724487,0
2000-12-28,0.026683777570724487,0.026683777570724487,0.026683777570724487,0.026683777570724487,0
2000-12-29,0.026683777570724487,0.026683777570724487,0.026683777570724487,0.026683777570724487,0
2001-01-01,0.026683777570724487,0.026683777570724487,0.026683777570724487,0.026683777570724487,0
2001-01-02,0.026683777570724487,0.026683777570724487,0.026683777570724487,0.026683777570724487,0
2001-01-03,0.026683777570724487,0.026683777570724487,0.026683777570724487,0.026683777570724487,0
2001-01-04,0.026683777570724487,0.026683777570724487,0.026683777570724487,0.026683777570724487,0
2001-01-05,0.026683777570724487,0.026683777570724487,0.026683777570724487,0.026683777570724487,0
2001-01-08,0.026683777570724487,0.026683777570724487,0.026683777570724487,0.026683777570724487,0
2001-01-09,0.026683777570724487,0.026683777570724487,0.026683777570724487,0.026683777570724487,0
2001-01-10,0.026683777570724487,0.026683777570724487,0.026683777570724487,0.026683777570724487,0
2001-01-11,0.026683777570724487,0.026683777570724487,0.026683777570724487,0.026683777570724487,0
2001-01-12,0.026683777570724487,0.026683777570724487,0.026683777570724487,0.026683777570724487,0
2001-01-15,0.026683777570724487,0.026683777570724487,0.026683777570724487,0.026683777570724487,0
2001-01-16,0.026683777570724487,0.026683777570724487,0.026683777570724487,0.026683777570724487,0
2001-01-17,0.026683777570724487,0.026683777570724487,0.026683777570724487,0.026683777570724487,0
2001-01-18,0.026683777570724487,0.026683777570724487,0.026683777570724487,0.026683777570724487,0
2001-01-19,0.026683777570724487,0.026683777570724487,0.026683777570724487,0.026683777570724487,0
2001-01-22,0.026683777570724487,0.026683777570724487,0.026683777570724487,0.026683777570724487,0
2001-01-23,0.026683777570724487,0.026683777570724487,0.026683777570724487,0.026683777570724487,0
2001-01-24,0.026683777570724487,0.026683777570724487,0.026683777570724487,0.026683777570724487,0
2001-01-25,0.026683777570724487,0.026683777570724487,0.026683777570724487,0.026683777570724487,0
2001-01-26,0.026683777570724487,0.026683777570724487,0.026683777570724487,0.026683777570724487,0
2001-01-29,0.026683777570724487,0.026683777570724487,0.026683777570724487,0.026683777570724487,0
2001-01-30,0.026683777570724487,0.026683777570724487,0.026683777570724487,0.026683777570724487,0
2001-01-31,0.026683777570724487,0.026683777570724487,0.026683777570724487,0.026683777570724487,0
2001-02-01,0.026683777570724487,0.026683777570724487,0.026683777570724487,0.026683777570724487,0
2001-02-02,0.026683777570724487,0.026683777570724487,0.026683777570724487,0.026683777570724487,0
2001-02-05,0.026683777570724487,0.026683777570724487,0.026683777570724487,0.026683777570724487,0
2001-02-06,0.026683777570724487,0.026683777570724487,0.026683777570724487,0.026683777570724487,0
2001-02-07,0.026683777570724487,0.026683777570724487,0.026683777570724487,0.026683777570724487,0
2001-02-08,0.026683777570724487,0.026683777570724487,0.026683777570724487,0.026683777570724487,0
2001-02-09,0.026683777570724487,0.026683777570724487,0.026683777570724487,0.026683777570724487,0
2001-02-12,0.026683777570724487,0.026683777570724487,0.026683777570724487,0.026683777570724487,0
2001-02-13,0.026683777570724487,0.026683777570724487,0.026683777570724487,0.026683777570724487,0
2001-02-14,0.026683777570724487,0.026683777570724487,0.026683777570724487,0.026683777570724487,0
2001-02-15,0.026683777570724487,0.026683777570724487,0.026683777570724487,0.026683777570724487,0
2001-02-16,0.026683777570724487,0.026683777570724487,0.026683777570724487,0.026683777570724487,0
2001-02-19,0.026683777570724487,0.026683777570724487,0.026683777570724487,0.026683777570724487,0
2001-02-20,0.026683777570724487,0.026683777570724487,0.026683777570724487,0.026683777570724487,0
2001-02-21,0.026683777570724487,0.026683777570724487,0.026683777570724487,0.026683777570724487,0
2001-02-22,0.026683777570724487,0.026683777570724487,0.026683777570724487,0.026683777570724487,0
2001-02-23,0.026683777570724487,0.026683777570724487,0.026683777570724487,0.026683777570724487,0
2001-02-26,0.026683777570724487,0.026683777570724487,0.026683777570724487,0.026683777570724487,0
2001-02-27,0.026683777570724487,0.026683777570724487,0.026683777570724487,0.026683777570724487,0
2001-02-28,0.026683777570724487,0.026683777570724487,0.026683777570724487,0.026683777570724487,0
2001-03-01,0.026683777570724487,0.026683777570724487,0.026683777570724487,0.026683777570724487,0
2001-03-02,0.026683777570724487,0.026683777570724487,0.026683777570724487,0.026683777570724487,0
2001-03-05,0.026683777570724487,0.026683777570724487,0.026683777570724487,0.026683777570724487,0
2001-03-06,0.026683777570724487,0.026683777570724487,0.026683777570724487,0.026683777570724487,0
2001-03-07,0.026683777570724487,0.026683777570724487,0.026683777570724487,0.026683777570724487,0
2001-03-08,0.026683777570724487,0.026683777570724487,0.026683777570724487,0.026683777570724487,0
2001-03-09,0.026683777570724487,0.026683777570724487,0.026683777570724487,0.026683777570724487,0
2001-03-12,0.026683777570724487,0.026683777570724487,0.026683777570724487,0.026683777570724487,0
2001-03-13,0.026683777570724487,0.026683777570724487,0.026683777570724487,0.026683777570724487,0
2001-03-14,0.026683777570724487,0.026683777570724487,0.026683777570724487,0.026683777570724487,0
2001-03-15,0.026683777570724487,0.026683777570724487,0.026683777570724487,0.026683777570724487,0
2001-03-16,0.026683777570724487,0.026683777570724487,0.026683777570724487,0.026683777570724487,0
2001-03-19,0.026683777570724487,0.026683777570724487,0.026683777570724487,0.026683777570724487,0
2001-03-20,0.026683777570724487,0.026683777570724487,0.026683777570724487,0.026683777570724487,0
2001-03-21,0.026683777570724487,0.026683777570724487,0.026683777570724487,0.026683777570724487,0
2001-03-22,0.026683777570724487,0.026683777570724487,0.026683777570724487,0.026683777570724487,0
2001-03-23,0.026683777570724487,0.026683777570724487,0.026683777570724487,0.026683777570724487,0
2001-03-26,0.026683777570724487,0.026683777570724487,0.026683777570724487,0.026683777570724487,0
2001-03-27,0.026683777570724487,0.026683777570724487,0.026683777570724487,0.026683777570724487,0
2001-03-28,0.026683777570724487,0.026683777570724487,0.026683777570724487,0.026683777570724487,0
2001-03-29,0.026683777570724487,0.026683777570724487,0.026683777570724487,0.026683777570724487,0
2001-03-30,0.026683777570724487,0.026683777570724487,0.026683777570724487,0.026683777570724487,0
2001-04-02,0.026683777570724487,0.026683777570724487,0.026683777570724487,0.026683777570724487,0
2001-04-03,0.026683777570724487,0.026683777570724487,0.026683777570724487,0.026683777570724487,0
2001-04-04,0.026683777570724487,0.026683777570724487,0.026683777570724487,0.026683777570724487,0
2001-04-05,0.026683777570724487,0.026683777570724487,0.026683777570724487,0.026683777570724487,0
2001-04-06,0.026683777570724487,0.026683777570724487,0.026683777570724487,0.026683777570724487,0
2001-04-09,0.026683777570724487,0.026683777570724487,0.026683777570724487,0.026683777570724487,0
2001-04-10,0.026683777570724487,0.026683777570724487,0.026683777570724487,0.026683777570724487,0
2001-04-11,0.026683777570724487,0.026683777570724487,0.026683777570724487,0.026683777570724487,0
2001-04-12,0.026683777570724487,0.026683777570724487,0.026683777570724487,0.026683777570724487,0
2001-04-13,0.026683777570724487,0.026683777570724487,0.026683777570724487,0.026683777570724487,0
2001-04-16,0.026683777570724487,0.026683777570724487,0.026683777570724487,0.026683777570724487,0
2001-04-17,0.026683777570724487,0.026683777570724487,0.026683777570724487,0.026683777570724487,0
2001-04-18,0.026683777570724487,0.026683777570724487,0.026683777570724487,0.026683777570724487,0
2001-04-19,0.026683777570724487,0.026683777570724487,0.026683777570724487,0.026683777570724487,0
2001-04-20,0.026683777570724487,0.026683777570724487,0.026683777570724487,0.026683777570724487,0
2001-04-23,0.026683777570724487,0.026683777570724487,0.026683777570724487,0.026683777570724487,0
2001-04-24,0.026683777570724487,0.026683777570724487,0.026683777570724487,0.026683777570724487,0
2001-04-25,0.026683777570724487,0.026683777570724487,0.026683777570724487,0.026683777570724487,0
2001-04-26,0.026683777570724487,0.026683777570724487,0.026683777570724487,0.026683777570724487,0
2001-04-27,0.026683777570724487,0.026683777570724487,0.026683777570724487,0.026683777570724487,0
2001-04-30,0.026683777570724487,0.026683777570724487,0.026683777570724487,0.026683777570724487,0
2001-05-01,0.026683777570724487,0.026683777570724487,0.026683777570724487,0.026683777570724487,0
2001-05-02,0.026683777570724487,0.026683777570724487,0.026683777570724487,0.026683777570724487,0
2001-05-03,0.026683777570724487,0.026683777570724487,0.026683777570724487,0.026683777570724487,0
2001-05-04,0.026683777570724487,0.026683777570724487,0.026683777570724487,0.026683777570724487,0
2001-05-07,0.026683777570724487,0.026683777570724487,0.026683777570724487,0.026683777570724487,0
2001-05-08,0.026683777570724487,0.026683777570724487,0.026683777570724487,0.026683777570724487,0
2001-05-09,0.026683777570724487,0.026683777570724487,0.026683777570724487,0.026683777570724487,0
2001-05-10,0.026683777570724487,0.026683777570724487,0.026683777570724487,0.026683777570724487,0
2001-05-11,0.026683777570724487,0.026683777570724487,0.026683777570724487,0.026683777570724487,0
2001-05-14,0.026683777570724487,0.026683777570724487,0.026683777570724487,0.026683777570724487,0
2001-05-15,0.026683777570724487,0.026683777570724487,0.026683777570724487,0.026683777570724487,0
2001-05-16,0.026683777570724487,0.026683777570724487,0.026683777570724487,0.026683777570724487,0
2001-05-17,0.026683777570724487,0.026683777570724487,0.026683777570724487,0.026683777570724487,0
2001-05-18,0.026683777570724487,0.026683777570724487,0.026683777570724487,0.026683777570724487,0
2001-05-21,0.026683777570724487,0.026683777570724487,0.026683777570724487,0.026683777570724487,0
2001-05-22,0.026683777570724487,0.026683777570724487,0.026683777570724487,0.026683777570724487,0
2001-05-23,0.026683777570724487,0.026683777570724487,0.026683777570724487,0.026683777570724487,0
2001-05-24,0.026683777570724487,0.026683777570724487,0.026683777570724487,0.026683777570724487,0
2001-05-25,0.026683777570724487,0.026683777570724487,0.026683777570724487,0.026683777570724487,0
2001-05-28,0.026683777570724487,0.026683777570724487,0.026683777570724487,0.026683777570724487,0
2001-05-29,0.026683777570724487,0.026683777570724487,0.026683777570724487,0.026683777570724487,0
2001-05-30,0.026683777570724487,0.026683777570724487,0.026683777570724487,0.026683777570724487,0
2001-05-31,0.026683777570724487,0.026683777570724487,0.026683777570724487,0.026683777570724487,0
2001-06-01,0.026683777570724487,0.026683777570724487,0.026683777570724487,0.026683777570724487,0
2001-06-04,0.026683777570724487,0.026683777570724487,0.026683777570724487,0.026683777570724487,0
2001-06-05,0.026683777570724487,0.026683777570724487,0.026683777570724487,0.026683777570724487,0
2001-06-06,0.026683777570724487,0.026683777570724487,0.026683777570724487,0.026683777570724487,0
2001-06-07,0.026683777570724487,0.026683777570724487,0.026683777570724487,0.026683777570724487,0
2001-06-08,0.026683777570724487,0.026683777570724487,0.026683777570724487,0.026683777570724487,0
2001-06-11,0.026683777570724487,0.026683777570724487,0.026683777570724487,0.026683777570724487,0
2001-06-12,0.026683777570724487,0.026683777570724487,0.026683777570724487,0.026683777570724487,0
2001-06-13,0.026683777570724487,0.026683777570724487,0.026683777570724487,0.026683777570724487,0
2001-06-14,0.026683777570724487,0.026683777570724487,0.026683777570724487,0.026683777570724487,0
2001-06-15,0.026683777570724487,0.026683777570724487,0.026683777570724487,0.026683777570724487,0
2001-06-18,0.026683777570724487,0.026683777570724487,0.026683777570724487,0.026683777570724487,0
2001-06-19,0.026683777570724487,0.026683777570724487,0.026683777570724487,0.026683777570724487,0
2001-06-20,0.026683777570724487,0.026683777570724487,0.026683777570724487,0.026683777570724487,0
2001-06-21,0.026683777570724487,0.026683777570724487,0.026683777570724487,0.026683777570724487,0
2001-06-22,0.026683777570724487,0.026683777570724487,0.026683777570724487,0.026683777570724487,0
2001-06-25,0.026683777570724487,0.026683777570724487,0.026683777570724487,0.026683777570724487,0
2001-06-26,0.026683777570724487,0.026683777570724487,0.026683777570724487,0.026683777570724487,0
2001-06-27,0.026683777570724487,0.026683777570724487,0.026683777570724487,0.026683777570724487,0
2001-06-28,0.026683777570724487,0.026683777570724487,0.026683777570724487,0.026683777570724487,0
2001-06-29,0.026683777570724487,0.026683777570724487,0.026683777570724487,0.026683777570724487,0
2001-07-02,0.026683777570724487,0.026683777570724487,0.026683777570724487,0.026683777570724487,0
2001-07-03,0.026683777570724487,0.026683777570724487,0.026683777570724487,0.026683777570724487,0
2001-07-04,0.026683777570724487,0.026683777570724487,0.026683777570724487,0.026683777570724487,0
2001-07-05,0.026683777570724487,0.026683777570724487,0.026683777570724487,0.026683777570724487,0
2001-07-06,0.026683777570724487,0.026683777570724487,0.026683777570724487,0.026683777570724487,0
2001-07-09,0.026683777570724487,0.026683777570724487,0.026683777570724487,0.026683777570724487,0
2001-07-10,0.026683777570724487,0.026683777570724487,0.026683777570724487,0.026683777570724487,0
2001-07-11,0.026683777570724487,0.026683777570724487,0.026683777570724487,0.026683777570724487,0
2001-07-12,0.026683777570724487,0.026683777570724487,0.026683777570724487,0.026683777570724487,0
2001-07-13,0.026683777570724487,0.026683777570724487,0.026683777570724487,0.026683777570724487,0
2001-07-16,0.026683777570724487,0.026683777570724487,0.026683777570724487,0.026683777570724487,0
2001-07-17,0.026683777570724487,0.026683777570724487,0.026683777570724487,0.026683777570724487,0
2001-07-18,0.026683777570724487,0.026683777570724487,0.026683777570724487,0.026683777570724487,0
2001-07-19,0.026683777570724487,0.026683777570724487,0.026683777570724487,0.026683777570724487,0
2001-07-20,0.026683777570724487,0.026683777570724487,0.026683777570724487,0.026683777570724487,0
2001-07-23,0.026683777570724487,0.026683777570724487,0.026683777570724487,0.026683777570724487,0
2001-07-24,0.026683777570724487,0.026683777570724487,0.026683777570724487,0.026683777570724487,0
2001-07-25,0.026683777570724487,0.026683777570724487,0.026683777570724487,0.026683777570724487,0
2001-07-26,0.026683777570724487,0.026683777570724487,0.026683777570724487,0.026683777570724487,0
2001-07-27,0.026683777570724487,0.026683777570724487,0.026683777570724487,0.026683777570724487,0
2001-07-30,0.026683777570724487,0.026683777570724487,0.026683777570724487,0.026683777570724487,0
2001-07-31,0.026683777570724487,0.026683777570724487,0.026683777570724487,0.026683777570724487,0
2001-08-01,0.026683777570724487,0.026683777570724487,0.026683777570724487,0.026683777570724487,0
2001-08-02,0.026683777570724487,0.026683777570724487,0.026683777570724487,0.026683777570724487,0
2001-08-03,0.026683777570724487,0.026683777570724487,0.026683777570724487,0.026683777570724487,0
2001-08-06,0.026683777570724487,0.026683777570724487,0.026683777570724487,0.026683777570724487,0
2001-08-07,0.026683777570724487,0.026683777570724487,0.026683777570724487,0.026683777570724487,0
2001-08-08,0.026683777570724487,0.026683777570724487,0.026683777570724487,0.026683777570724487,0
2001-08-09,0.026683777570724487,0.026683777570724487,0.026683777570724487,0.026683777570724487,0
2001-08-10,0.026683777570724487,0.026683777570724487,0.026683777570724487,0.026683777570724487,0
2001-08-13,0.026683777570724487,0.026683777570724487,0.026683777570724487,0.026683777570724487,0
2001-08-14,0.026683777570724487,0.026683777570724487,0.026683777570724487,0.026683777570724487,0
2001-08-15,0.026683777570724487,0.026683777570724487,0.026683777570724487,0.026683777570724487,0
2001-08-16,0.026683777570724487,0.026683777570724487,0.026683777570724487,0.026683777570724487,0
2001-08-17,0.026683777570724487,0.026683777570724487,0.026683777570724487,0.026683777570724487,0
2001-08-20,0.026683777570724487,0.026683777570724487,0.026683777570724487,0.026683777570724487,0
2001-08-21,0.026683777570724487,0.026683777570724487,0.026683777570724487,0.026683777570724487,0
2001-08-22,0.026683777570724487,0.026683777570724487,0.026683777570724487,0.026683777570724487,0
2001-08-23,0.026683777570724487,0.026683777570724487,0.026683777570724487,0.026683777570724487,0
2001-08-24,0.026683777570724487,0.026683777570724487,0.026683777570724487,0.026683777570724487,0
2001-08-27,0.026683777570724487,0.026683777570724487,0.026683777570724487,0.026683777570724487,0
2001-08-28,0.026683777570724487,0.026683777570724487,0.026683777570724487,0.026683777570724487,0
2001-08-29,0.026683777570724487,0.026683777570724487,0.026683777570724487,0.026683777570724487,0
2001-08-30,0.026683777570724487,0.026683777570724487,0.026683777570724487,0.026683777570724487,0
2001-08-31,0.026683777570724487,0.026683777570724487,0.026683777570724487,0.026683777570724487,0
2001-09-03,0.026683777570724487,0.026683777570724487,0.026683777570724487,0.026683777570724487,0
2001-09-04,0.026683777570724487,0.026683777570724487,0.026683777570724487,0.026683777570724487,0
2001-09-05,0.026683777570724487,0.026683777570724487,0.026683777570724487,0.026683777570724487,0
2001-09-06,0.026683777570724487,0.026683777570724487,0.026683777570724487,0.026683777570724487,0
2001-09-07,0.026683777570724487,0.026683777570724487,0.026683777570724487,0.026683777570724487,0
2001-09-10,0.026683777570724487,0.026683777570724487,0.026683777570724487,0.026683777570724487,0
2001-09-11,0.026683777570724487,0.026683777570724487,0.026683777570724487,0.026683777570724487,0
2001-09-12,0.026683777570724487,0.026683777570724487,0.026683777570724487,0.026683777570724487,0
2001-09-13,0.026683777570724487,0.026683777570724487,0.026683777570724487,0.026683777570724487,0
2001-09-14,0.026683777570724487,0.026683777570724487,0.026683777570724487,0.026683777570724487,0
2001-09-17,0.026683777570724487,0.026683777570724487,0.026683777570724487,0.026683777570724487,0
2001-09-18,0.026683777570724487,0.026683777570724487,0.026683777570724487,0.026683777570724487,0
2001-09-19,0.026683777570724487,0.026683777570724487,0.026683777570724487,0.026683777570724487,0
2001-09-20,0.026683777570724487,0.026683777570724487,0.026683777570724487,0.026683777570724487,0
2001-09-21,0.026683777570724487,0.026683777570724487,0.026683777570724487,0.026683777570724487,0
2001-09-24,0.026683777570724487,0.026683777570724487,0.026683777570724487,0.026683777570724487,0
2001-09-25,0.026683777570724487,0.026683777570724487,0.026683777570724487,0.026683777570724487,0
2001-09-26,0.026683777570724487,0.026683777570724487,0.026683777570724487,0.026683777570724487,0
2001-09-27,0.026683777570724487,0.026683777570724487,0.026683777570724487,0.026683777570724487,0
2001-09-28,0.026683777570724487,0.026683777570724487,0.026683777570724487,0.026683777570724487,0
2001-10-01,0.026683777570724487,0.026683777570724487,0.026683777570724487,0.026683777570724487,0
2001-10-02,0.026683777570724487,0.026683777570724487,0.026683777570724487,0.026683777570724487,0
2001-10-03,0.026683777570724487,0.026683777570724487,0.026683777570724487,0.026683777570724487,0
2001-10-04,0.026683777570724487,0.026683777570724487,0.026683777570724487,0.026683777570724487,0
2001-10-05,0.026683777570724487,0.026683777570724487,0.026683777570724487,0.026683777570724487,0
2001-10-08,0.026683777570724487,0.026683777570724487,0.026683777570724487,0.026683777570724487,0
2001-10-09,0.026683777570724487,0.026683777570724487,0.026683777570724487,0.026683777570724487,0
2001-10-10,0.026683777570724487,0.026683777570724487,0.026683777570724487,0.026683777570724487,0
2001-10-11,0.026683777570724487,0.026683777570724487,0.026683777570724487,0.026683777570724487,0
2001-10-12,0.026683777570724487,0.026683777570724487,0.026683777570724487,0.026683777570724487,0
2001-10-15,0.026683777570724487,0.026683777570724487,0.026683777570724487,0.026683777570724487,0
2001-10-16,0.026683777570724487,0.026683777570724487,0.026683777570724487,0.026683777570724487,0
2001-10-17,0.026683777570724487,0.026683777570724487,0.026683777570724487,0.026683777570724487,0
2001-10-18,0.026683777570724487,0.026683777570724487,0.026683777570724487,0.026683777570724487,0
2001-10-19,0.026683777570724487,0.026683777570724487,0.026683777570724487,0.026683777570724487,0
2001-10-22,0.026683777570724487,0.026683777570724487,0.026683777570724487,0.026683777570724487,0
2001-10-23,0.026683777570724487,0.026683777570724487,0.026683777570724487,0.026683777570724487,0
2001-10-24,0.026683777570724487,0.026683777570724487,0.026683777570724487,0.026683777570724487,0
2001-10-25,0.026683777570724487,0.026683777570724487,0.026683777570724487,0.026683777570724487,0
2001-10-26,0.026683777570724487,0.026683777570724487,0.026683777570724487,0.026683777570724487,0
2001-10-29,0.026683777570724487,0.026683777570724487,0.026683777570724487,0.026683777570724487,0
2001-10-30,0.026683777570724487,0.026683777570724487,0.026683777570724487,0.026683777570724487,0
2001-10-31,0.026683777570724487,0.026683777570724487,0.026683777570724487,0.026683777570724487,0
2001-11-01,0.026683777570724487,0.026683777570724487,0.026683777570724487,0.026683777570724487,0
2001-11-02,0.026683777570724487,0.026683777570724487,0.026683777570724487,0.026683777570724487,0
2001-11-05,0.026683777570724487,0.026683777570724487,0.026683777570724487,0.026683777570724487,0
2001-11-06,0.026683777570724487,0.026683777570724487,0.026683777570724487,0.026683777570724487,0
2001-11-07,0.026683777570724487,0.026683777570724487,0.026683777570724487,0.026683777570724487,0
2001-11-08,0.026683777570724487,0.026683777570724487,0.026683777570724487,0.026683777570724487,0
2001-11-09,0.026683777570724487,0.026683777570724487,0.026683777570724487,0.026683777570724487,0
2001-11-12,0.026683777570724487,0.026683777570724487,0.026683777570724487,0.026683777570724487,0
2001-11-13,0.026683777570724487,0.026683777570724487,0.026683777570724487,0.026683777570724487,0
2001-11-14,0.026683777570724487,0.026683777570724487,0.026683777570724487,0.026683777570724487,0
2001-11-15,0.026683777570724487,0.026683777570724487,0.026683777570724487,0.026683777570724487,0
2001-11-16,0.026683777570724487,0.026683777570724487,0.026683777570724487,0.026683777570724487,0
2001-11-19,0.026683777570724487,0.026683777570724487,0.026683777570724487,0.026683777570724487,0
2001-11-20,0.026683777570724487,0.026683777570724487,0.026683777570724487,0.026683777570724487,0
2001-11-21,0.026683777570724487,0.026683777570724487,0.026683777570724487,0.026683777570724487,0
2001-11-22,0.026683777570724487,0.026683777570724487,0.026683777570724487,0.026683777570724487,0
2001-11-23,0.026683777570724487,0.026683777570724487,0.026683777570724487,0.026683777570724487,0
2001-11-26,0.026683777570724487,0.026683777570724487,0.026683777570724487,0.026683777570724487,0
2001-11-27,0.026683777570724487,0.026683777570724487,0.026683777570724487,0.026683777570724487,0
2001-11-28,0.026683777570724487,0.026683777570724487,0.026683777570724487,0.026683777570724487,0
2001-11-29,0.026683777570724487,0.026683777570724487,0.026683777570724487,0.026683777570724487,0
2001-11-30,0.026683777570724487,0.026683777570724487,0.026683777570724487,0.026683777570724487,0
2001-12-03,0.026683777570724487,0.026683777570724487,0.026683777570724487,0.026683777570724487,0
2001-12-04,0.026683777570724487,0.026683777570724487,0.026683777570724487,0.026683777570724487,0
2001-12-05,0.026683777570724487,0.026683777570724487,0.026683777570724487,0.026683777570724487,0
2001-12-06,0.026683777570724487,0.026683777570724487,0.026683777570724487,0.026683777570724487,0
2001-12-07,0.026683777570724487,0.026683777570724487,0.026683777570724487,0.026683777570724487,0
2001-12-10,0.026683777570724487,0.026683777570724487,0.026683777570724487,0.026683777570724487,0
2001-12-11,0.026683777570724487,0.026683777570724487,0.026683777570724487,0.026683777570724487,0
2001-12-12,0.026683777570724487,0.026683777570724487,0.026683777570724487,0.026683777570724487,0
2001-12-13,0.026683777570724487,0.026683777570724487,0.026683777570724487,0.026683777570724487,0
2001-12-14,0.026683777570724487,0.026683777570724487,0.026683777570724487,0.026683777570724487,0
2001-12-17,0.026683777570724487,0.026683777570724487,0.026683777570724487,0.026683777570724487,0
2001-12-18,0.026683777570724487,0.026683777570724487,0.026683777570724487,0.026683777570724487,0
2001-12-19,0.026683777570724487,0.026683777570724487,0.026683777570724487,0.026683777570724487,0
2001-12-20,0.026683777570724487,0.026683777570724487,0.026683777570724487,0.026683777570724487,0
2001-12-21,0.026683777570724487,0.026683777570724487,0.026683777570724487,0.026683777570724487,0
2001-12-24,0.026683777570724487,0.026683777570724487,0.026683777570724487,0.026683777570724487,0
2001-12-25,0.026683777570724487,0.026683777570724487,0.026683777570724487,0.026683777570724487,0
2001-12-26,0.026683777570724487,0.026683777570724487,0.026683777570724487,0.026683777570724487,0
2001-12-27,0.026683777570724487,0.026683777570724487,0.026683777570724487,0.026683777570724487,0
2001-12-28,0.026683777570724487,0.026683777570724487,0.026683777570724487,0.026683777570724487,0
2001-12-31,0.026683777570724487,0.026683777570724487,0.026683777570724487,0.026683777570724487,0
2002-01-01,0.026683777570724487,0.026683777570724487,0.026683777570724487,0.026683777570724487,0
2002-01-02,0.026683777570724487,0.026683777570724487,0.026683777570724487,0.026683777570724487,0
2002-01-03,0.026683777570724487,0.026683777570724487,0.026683777570724487,0.026683777570724487,0
2002-01-04,0.026683777570724487,0.026683777570724487,0.026683777570724487,0.026683777570724487,0
2002-01-07,0.026683777570724487,0.026683777570724487,0.026683777570724487,0.026683777570724487,0
2002-01-08,0.026683777570724487,0.026683777570724487,0.026683777570724487,0.026683777570724487,0
2002-01-09,0.026683777570724487,0.026683777570724487,0.026683777570724487,0.026683777570724487,0
2002-01-10,0.026683777570724487,0.026683777570724487,0.026683777570724487,0.026683777570724487,0
2002-01-11,0.026683777570724487,0.026683777570724487,0.026683777570724487,0.026683777570724487,0
2002-01-14,0.026683777570724487,0.026683777570724487,0.026683777570724487,0.026683777570724487,0
2002-01-15,0.026683777570724487,0.026683777570724487,0.026683777570724487,0.026683777570724487,0
2002-01-16,0.026683777570724487,0.026683777570724487,0.026683777570724487,0.026683777570724487,0
2002-01-17,0.026683777570724487,0.026683777570724487,0.026683777570724487,0.026683777570724487,0
2002-01-18,0.026683777570724487,0.026683777570724487,0.026683777570724487,0.026683777570724487,0
2002-01-21,0.026683777570724487,0.026683777570724487,0.026683777570724487,0.026683777570724487,0
2002-01-22,0.026683777570724487,0.026683777570724487,0.026683777570724487,0.026683777570724487,0
2002-01-23,0.026683777570724487,0.026683777570724487,0.026683777570724487,0.026683777570724487,0
2002-01-24,0.026683777570724487,0.026683777570724487,0.026683777570724487,0.026683777570724487,0
2002-01-25,0.026683777570724487,0.026683777570724487,0.026683777570724487,0.026683777570724487,0
2002-01-28,0.026683777570724487,0.026683777570724487,0.026683777570724487,0.026683777570724487,0
2002-01-29,0.026683777570724487,0.026683777570724487,0.026683777570724487,0.026683777570724487,0
2002-01-30,0.026683777570724487,0.026683777570724487,0.026683777570724487,0.026683777570724487,0
2002-01-31,0.026683777570724487,0.026683777570724487,0.026683777570724487,0.026683777570724487,0
2002-02-01,0.026683777570724487,0.026683777570724487,0.026683777570724487,0.026683777570724487,0
2002-02-04,0.026683777570724487,0.026683777570724487,0.026683777570724487,0.026683777570724487,0
2002-02-05,0.026683777570724487,0.026683777570724487,0.026683777570724487,0.026683777570724487,0
2002-02-06,0.026683777570724487,0.026683777570724487,0.026683777570724487,0.026683777570724487,0
2002-02-07,0.026683777570724487,0.026683777570724487,0.026683777570724487,0.026683777570724487,0
2002-02-08,0.026683777570724487,0.026683777570724487,0.026683777570724487,0.026683777570724487,0
2002-02-11,0.026683777570724487,0.026683777570724487,0.026683777570724487,0.026683777570724487,0
2002-02-12,0.026683777570724487,0.026683777570724487,0.026683777570724487,0.026683777570724487,0
2002-02-13,0.026683777570724487,0.026683777570724487,0.026683777570724487,0.026683777570724487,0
2002-02-14,0.026683777570724487,0.026683777570724487,0.026683777570724487,0.026683777570724487,0
2002-02-15,0.026683777570724487,0.026683777570724487,0.026683777570724487,0.026683777570724487,0
2002-02-18,0.026683777570724487,0.026683777570724487,0.026683777570724487,0.026683777570724487,0
2002-02-19,0.026683777570724487,0.026683777570724487,0.026683777570724487,0.026683777570724487,0
2002-02-20,0.026683777570724487,0.026683777570724487,0.026683777570724487,0.026683777570724487,0
2002-02-21,0.026683777570724487,0.026683777570724487,0.026683777570724487,0.026683777570724487,0
2002-02-22,0.026683777570724487,0.026683777570724487,0.026683777570724487,0.026683777570724487,0
2002-02-25,0.026683777570724487,0.026683777570724487,0.026683777570724487,0.026683777570724487,0
2002-02-26,0.026683777570724487,0.026683777570724487,0.026683777570724487,0.026683777570724487,0
2002-02-27,0.026683777570724487,0.026683777570724487,0.026683777570724487,0.026683777570724487,0
2002-02-28,0.026683777570724487,0.026683777570724487,0.026683777570724487,0.026683777570724487,0
2002-03-01,0.026683777570724487,0.026683777570724487,0.026683777570724487,0.026683777570724487,0
2002-03-04,0.026683777570724487,0.026683777570724487,0.026683777570724487,0.026683777570724487,0
2002-03-05,0.026683777570724487,0.026683777570724487,0.026683777570724487,0.026683777570724487,0
2002-03-06,0.026683777570724487,0.026683777570724487,0.026683777570724487,0.026683777570724487,0
2002-03-07,0.026683777570724487,0.026683777570724487,0.026683777570724487,0.026683777570724487,0
2002-03-08,0.026683777570724487,0.026683777570724487,0.026683777570724487,0.026683777570724487,0
2002-03-11,0.026683777570724487,0.026683777570724487,0.026683777570724487,0.026683777570724487,0
2002-03-12,0.026683777570724487,0.026683777570724487,0.026683777570724487,0.026683777570724487,0
2002-03-13,0.026683777570724487,0.026683777570724487,0.026683777570724487,0.026683777570724487,0
2002-03-14,0.026683777570724487,0.026683777570724487,0.026683777570724487,0.026683777570724487,0
2002-03-15,0.026683777570724487,0.026683777570724487,0.026683777570724487,0.026683777570724487,0
2002-03-18,0.026683777570724487,0.026683777570724487,0.026683777570724487,0.026683777570724487,0
2002-03-19,0.026683777570724487,0.026683777570724487,0.026683777570724487,0.026683777570724487,0
2002-03-20,0.026683777570724487,0.026683777570724487,0.026683777570724487,0.026683777570724487,0
2002-03-21,0.026683777570724487,0.026683777570724487,0.026683777570724487,0.026683777570724487,0
2002-03-22,0.030370792374014854,0.030370792374014854,0.030370792374014854,0.030370792374014854,636480
2002-03-25,0.030370792374014854,0.030370792374014854,0.030370792374014854,0.030370792374014854,0
2002-03-26,0.030370792374014854,0.030370792374014854,0.030370792374014854,0.030370792374014854,0
2002-03-27,0.030370792374014854,0.030370792374014854,0.030370792374014854,0.030370792374014854,0
2002-03-28,0.030370792374014854,0.030370792374014854,0.030370792374014854,0.030370792374014854,0
2002-03-29,0.030370792374014854,0.030370792374014854,0.030370792374014854,0.030370792374014854,0
2002-04-01,0.031802061945199966,0.031802061945199966,0.031802061945199966,0.031802061945199966,636480
2002-04-02,0.031802061945199966,0.031802061945199966,0.031802061945199966,0.031802061945199966,0
2002-04-03,0.031802061945199966,0.031802061945199966,0.031802061945199966,0.031802061945199966,0
2002-04-04,0.031802061945199966,0.031802061945199966,0.031802061945199966,0.031802061945199966,0
2002-04-05,0.031802061945199966,0.031802061945199966,0.031802061945199966,0.031802061945199966,0
2002-04-08,0.031802061945199966,0.031802061945199966,0.031802061945199966,0.031802061945199966,0
2002-04-09,0.031802061945199966,0.031802061945199966,0.031802061945199966,0.031802061945199966,0
2002-04-10,0.031802061945199966,0.031802061945199966,0.031802061945199966,0.031802061945199966,0
2002-04-11,0.031802061945199966,0.031802061945199966,0.031802061945199966,0.031802061945199966,0
2002-04-12,0.031802061945199966,0.031802061945199966,0.031802061945199966,0.031802061945199966,0
2002-04-15,0.031802061945199966,0.031802061945199966,0.031802061945199966,0.031802061945199966,0
2002-04-16,0.031802061945199966,0.031802061945199966,0.031802061945199966,0.031802061945199966,0
2002-04-17,0.031802061945199966,0.031802061945199966,0.031802061945199966,0.031802061945199966,0
2002-04-18,0.031802061945199966,0.031802061945199966,0.031802061945199966,0.031802061945199966,0
2002-04-19,0.031802061945199966,0.031802061945199966,0.031802061945199966,0.031802061945199966,0
2002-04-22,0.031802061945199966,0.031802061945199966,0.031802061945199966,0.031802061945199966,0
2002-04-23,0.031802061945199966,0.031802061945199966,0.031802061945199966,0.031802061945199966,0
2002-04-24,0.031802061945199966,0.031802061945199966,0.031802061945199966,0.031802061945199966,0
2002-04-25,0.03260262310504913,0.03260262310504913,0.03260262310504913,0.03260262310504913,636480
2002-04-26,0.03260262310504913,0.03260262310504913,0.03260262310504913,0.03260262310504913,0
2002-04-29,0.03260262310504913,0.03260262310504913,0.03260262310504913,0.03260262310504913,0
2002-04-30,0.03260262310504913,0.03260262310504913,0.03260262310504913,0.03260262310504913,0
2002-05-01,0.03260262310504913,0.03260262310504913,0.03260262310504913,0.03260262310504913,0
2002-05-02,0.03260262310504913,0.03260262310504913,0.03260262310504913,0.03260262310504913,0
2002-05-03,0.03260262310504913,0.03260262310504913,0.03260262310504913,0.03260262310504913,0
2002-05-06,0.03260262310504913,0.03260262310504913,0.03260262310504913,0.03260262310504913,0
2002-05-07,0.03260262310504913,0.03260262310504913,0.03260262310504913,0.03260262310504913,0
2002-05-08,0.03260262310504913,0.03260262310504913,0.03260262310504913,0.03260262310504913,0
2002-05-09,0.03260262310504913,0.03260262310504913,0.03260262310504913,0.03260262310504913,0
2002-05-10,0.03260262310504913,0.03260262310504913,0.03260262310504913,0.03260262310504913,0
2002-05-13,0.03260262310504913,0.03260262310504913,0.03260262310504913,0.03260262310504913,0
2002-05-14,0.03260262310504913,0.03260262310504913,0.03260262310504913,0.03260262310504913,0
2002-05-15,0.03260262310504913,0.03260262310504913,0.03260262310504913,0.03260262310504913,0
2002-05-16,0.03260262310504913,0.03260262310504913,0.03260262310504913,0.03260262310504913,0
2002-05-17,0.03260262310504913,0.03260262310504913,0.03260262310504913,0.03260262310504913,0
2002-05-20,0.03260262310504913,0.03260262310504913,0.03260262310504913,0.03260262310504913,0
2002-05-21,0.03260262310504913,0.03260262310504913,0.03260262310504913,0.03260262310504913,0
2002-05-22,0.03260262310504913,0.03260262310504913,0.03260262310504913,0.03260262310504913,0
2002-05-23,0.03260262310504913,0.03260262310504913,0.03260262310504913,0.03260262310504913,0
2002-05-24,0.03260262310504913,0.03260262310504913,0.03260262310504913,0.03260262310504913,0
2002-05-27,0.03260262310504913,0.03260262310504913,0.03260262310504913,0.03260262310504913,0
2002-05-28,0.03260262310504913,0.03260262310504913,0.03260262310504913,0.03260262310504913,0
2002-05-29,0.03260262310504913,0.03260262310504913,0.03260262310504913,0.03260262310504913,0
2002-05-30,0.03260262310504913,0.03260262310504913,0.03260262310504913,0.03260262310504913,0
2002-05-31,0.03260262310504913,0.03260262310504913,0.03260262310504913,0.03260262310504913,0
2002-06-03,0.03260262310504913,0.03260262310504913,0.03260262310504913,0.03260262310504913,0
2002-06-04,0.03260262310504913,0.03260262310504913,0.03260262310504913,0.03260262310504913,0
2002-06-05,0.03260262310504913,0.03260262310504913,0.03260262310504913,0.03260262310504913,0
2002-06-06,0.03260262310504913,0.03260262310504913,0.03260262310504913,0.03260262310504913,0
2002-06-07,0.03260262310504913,0.03260262310504913,0.03260262310504913,0.03260262310504913,0
2002-06-10,0.03260262310504913,0.03260262310504913,0.03260262310504913,0.03260262310504913,0
2002-06-11,0.03260262310504913,0.03260262310504913,0.03260262310504913,0.03260262310504913,0
2002-06-12,0.03260262310504913,0.03260262310504913,0.03260262310504913,0.03260262310504913,0
2002-06-13,0.03260262310504913,0.03260262310504913,0.03260262310504913,0.03260262310504913,0
2002-06-14,0.03260262310504913,0.03260262310504913,0.03260262310504913,0.03260262310504913,0
2002-06-17,0.03260262310504913,0.03260262310504913,0.03260262310504913,0.03260262310504913,0
2002-06-18,0.03260262310504913,0.03260262310504913,0.03260262310504913,0.03260262310504913,0
2002-06-19,0.03260262310504913,0.03260262310504913,0.03260262310504913,0.03260262310504913,0
2002-06-20,0.03260262310504913,0.03260262310504913,0.03260262310504913,0.03260262310504913,0
2002-06-21,0.03260262310504913,0.03260262310504913,0.03260262310504913,0.03260262310504913,0
2002-06-24,0.03260262310504913,0.03260262310504913,0.03260262310504913,0.03260262310504913,0
2002-06-25,0.03260262310504913,0.03260262310504913,0.03260262310504913,0.03260262310504913,0
2002-06-26,0.03260262310504913,0.03260262310504913,0.03260262310504913,0.03260262310504913,0
2002-06-27,0.03260262310504913,0.03260262310504913,0.03260262310504913,0.03260262310504913,0
2002-06-28,0.03260262310504913,0.03260262310504913,0.03260262310504913,0.03260262310504913,0
2002-07-01,0.03260262310504913,0.03260262310504913,0.03260262310504913,0.03260262310504913,0
2002-07-02,0.03260262310504913,0.03260262310504913,0.03260262310504913,0.03260262310504913,0
2002-07-03,0.03260262310504913,0.03260262310504913,0.03260262310504913,0.03260262310504913,0
2002-07-04,0.03260262310504913,0.03260262310504913,0.03260262310504913,0.03260262310504913,0
2002-07-05,0.03260262310504913,0.03260262310504913,0.03260262310504913,0.03260262310504913,0
2002-07-08,0.03260262310504913,0.03260262310504913,0.03260262310504913,0.03260262310504913,0
2002-07-09,0.03260262310504913,0.03260262310504913,0.03260262310504913,0.03260262310504913,0
2002-07-10,0.03260262310504913,0.03260262310504913,0.03260262310504913,0.03260262310504913,0
2002-07-11,0.03260262310504913,0.03260262310504913,0.03260262310504913,0.03260262310504913,0
2002-07-12,0.03260262310504913,0.03260262310504913,0.03260262310504913,0.03260262310504913,0
2002-07-15,0.03260262310504913,0.03260262310504913,0.03260262310504913,0.03260262310504913,0
2002-07-16,0.03260262310504913,0.03260262310504913,0.03260262310504913,0.03260262310504913,0
2002-07-17,0.03260262310504913,0.03260262310504913,0.03260262310504913,0.03260262310504913,0
2002-07-18,0.03260262310504913,0.03260262310504913,0.03260262310504913,0.03260262310504913,0
2002-07-19,0.03260262310504913,0.03260262310504913,0.03260262310504913,0.03260262310504913,0
2002-07-22,0.03260262310504913,0.03260262310504913,0.03260262310504913,0.03260262310504913,0
2002-07-23,0.03260262310504913,0.03260262310504913,0.03260262310504913,0.03260262310504913,0
2002-07-24,0.03260262310504913,0.03260262310504913,0.03260262310504913,0.03260262310504913,0
2002-07-25,0.03260262310504913,0.03260262310504913,0.03260262310504913,0.03260262310504913,0
2002-07-26,0.03260262310504913,0.03260262310504913,0.03260262310504913,0.03260262310504913,0
2002-07-29,0.03260262310504913,0.03260262310504913,0.03260262310504913,0.03260262310504913,0
2002-07-30,0.03260262310504913,0.03260262310504913,0.03260262310504913,0.03260262310504913,0
2002-07-31,0.03260262310504913,0.03260262310504913,0.03260262310504913,0.03260262310504913,0
2002-08-01,0.03260262310504913,0.03260262310504913,0.03260262310504913,0.03260262310504913,0
2002-08-02,0.03260262310504913,0.03260262310504913,0.03260262310504913,0.03260262310504913,0
2002-08-05,0.03260262310504913,0.03260262310504913,0.03260262310504913,0.03260262310504913,0
2002-08-06,0.03260262310504913,0.03260262310504913,0.03260262310504913,0.03260262310504913,0
2002-08-07,0.03260262310504913,0.03260262310504913,0.03260262310504913,0.03260262310504913,0
2002-08-08,0.03260262310504913,0.03260262310504913,0.03260262310504913,0.03260262310504913,0
2002-08-09,0.03260262310504913,0.03260262310504913,0.03260262310504913,0.03260262310504913,0
2002-08-12,0.03260262310504913,0.03260262310504913,0.03260262310504913,0.03260262310504913,0
2002-08-13,0.03260262310504913,0.03260262310504913,0.03260262310504913,0.03260262310504913,0
2002-08-14,0.03260262310504913,0.03260262310504913,0.03260262310504913,0.03260262310504913,0
2002-08-15,0.03260262310504913,0.03260262310504913,0.03260262310504913,0.03260262310504913,0
2002-08-16,0.03260262310504913,0.03260262310504913,0.03260262310504913,0.03260262310504913,0
2002-08-19,0.03260262310504913,0.03260262310504913,0.03260262310504913,0.03260262310504913,0
2002-08-20,0.03260262310504913,0.03260262310504913,0.03260262310504913,0.03260262310504913,0
2002-08-21,0.03260262310504913,0.03260262310504913,0.03260262310504913,0.03260262310504913,0
2002-08-22,0.03260262310504913,0.03260262310504913,0.03260262310504913,0.03260262310504913,0
2002-08-23,0.03260262310504913,0.03260262310504913,0.03260262310504913,0.03260262310504913,0
2002-08-26,0.03260262310504913,0.03260262310504913,0.03260262310504913,0.03260262310504913,0
2002-08-27,0.03260262310504913,0.03260262310504913,0.03260262310504913,0.03260262310504913,0
2002-08-28,0.03260262310504913,0.03260262310504913,0.03260262310504913,0.03260262310504913,0
2002-08-29,0.03260262310504913,0.03260262310504913,0.03260262310504913,0.03260262310504913,0
2002-08-30,0.03260262310504913,0.03260262310504913,0.03260262310504913,0.03260262310504913,0
2002-09-02,0.03260262310504913,0.03260262310504913,0.03260262310504913,0.03260262310504913,0
2002-09-03,0.03260262310504913,0.03260262310504913,0.03260262310504913,0.03260262310504913,0
2002-09-04,0.03260262310504913,0.03260262310504913,0.03260262310504913,0.03260262310504913,0
2002-09-05,0.03260262310504913,0.03260262310504913,0.03260262310504913,0.03260262310504913,0
2002-09-06,0.03260262310504913,0.03260262310504913,0.03260262310504913,0.03260262310504913,0
2002-09-09,0.03260262310504913,0.03260262310504913,0.03260262310504913,0.03260262310504913,0
2002-09-10,0.03260262310504913,0.03260262310504913,0.03260262310504913,0.03260262310504913,0
2002-09-11,0.03260262310504913,0.03260262310504913,0.03260262310504913,0.03260262310504913,0
2002-09-12,0.03260262310504913,0.03260262310504913,0.03260262310504913,0.03260262310504913,0
2002-09-13,0.03260262310504913,0.03260262310504913,0.03260262310504913,0.03260262310504913,0
2002-09-16,0.03260262310504913,0.03260262310504913,0.03260262310504913,0.03260262310504913,0
2002-09-17,0.03260262310504913,0.03260262310504913,0.03260262310504913,0.03260262310504913,0
2002-09-18,0.03260262310504913,0.03260262310504913,0.03260262310504913,0.03260262310504913,0
2002-09-19,0.03260262310504913,0.03260262310504913,0.03260262310504913,0.03260262310504913,0
2002-09-20,0.03260262310504913,0.03260262310504913,0.03260262310504913,0.03260262310504913,0
2002-09-23,0.03260262310504913,0.03260262310504913,0.03260262310504913,0.03260262310504913,0
2002-09-24,0.03260262310504913,0.03260262310504913,0.03260262310504913,0.03260262310504913,0
2002-09-25,0.03260262310504913,0.03260262310504913,0.03260262310504913,0.03260262310504913,0
2002-09-26,0.03260262310504913,0.03260262310504913,0.03260262310504913,0.03260262310504913,0
2002-09-27,0.03260262310504913,0.03260262310504913,0.03260262310504913,0.03260262310504913,0
2002-09-30,0.03260262310504913,0.03260262310504913,0.03260262310504913,0.03260262310504913,0
2002-10-01,0.03260262310504913,0.03260262310504913,0.03260262310504913,0.03260262310504913,0
2002-10-02,0.03260262310504913,0.03260262310504913,0.03260262310504913,0.03260262310504913,0
2002-10-03,0.03260262310504913,0.03260262310504913,0.03260262310504913,0.03260262310504913,0
2002-10-04,0.03260262310504913,0.03260262310504913,0.03260262310504913,0.03260262310504913,0
2002-10-07,0.03260262310504913,0.03260262310504913,0.03260262310504913,0.03260262310504913,0
2002-10-08,0.03260262310504913,0.03260262310504913,0.03260262310504913,0.03260262310504913,0
2002-10-09,0.03260262310504913,0.03260262310504913,0.03260262310504913,0.03260262310504913,0
2002-10-10,0.03260262310504913,0.03260262310504913,0.03260262310504913,0.03260262310504913,0
2002-10-11,0.03260262310504913,0.03260262310504913,0.03260262310504913,0.03260262310504913,0
2002-10-14,0.03260262310504913,0.03260262310504913,0.03260262310504913,0.03260262310504913,0
2002-10-15,0.03260262310504913,0.03260262310504913,0.03260262310504913,0.03260262310504913,0
2002-10-16,0.03260262310504913,0.03260262310504913,0.03260262310504913,0.03260262310504913,0
2002-10-17,0.03260262310504913,0.03260262310504913,0.03260262310504913,0.03260262310504913,0
2002-10-18,0.03260262310504913,0.03260262310504913,0.03260262310504913,0.03260262310504913,0
2002-10-21,0.03260262310504913,0.03260262310504913,0.03260262310504913,0.03260262310504913,0
2002-10-22,0.03260262310504913,0.03260262310504913,0.03260262310504913,0.03260262310504913,0
2002-10-23,0.03260262310504913,0.03260262310504913,0.03260262310504913,0.03260262310504913,0
2002-10-24,0.03260262310504913,0.03260262310504913,0.03260262310504913,0.03260262310504913,0
2002-10-25,0.03260262310504913,0.03260262310504913,0.03260262310504913,0.03260262310504913,0
2002-10-28,0.03260262310504913,0.03260262310504913,0.03260262310504913,0.03260262310504913,0
2002-10-29,0.03260262310504913,0.03260262310504913,0.03260262310504913,0.03260262310504913,0
2002-10-30,0.03260262310504913,0.03260262310504913,0.03260262310504913,0.03260262310504913,0
2002-10-31,0.03260262310504913,0.03260262310504913,0.03260262310504913,0.03260262310504913,0
2002-11-01,0.03260262310504913,0.03260262310504913,0.03260262310504913,0.03260262310504913,0
2002-11-04,0.03260262310504913,0.03260262310504913,0.03260262310504913,0.03260262310504913,0
2002-11-05,0.03260262310504913,0.03260262310504913,0.03260262310504913,0.03260262310504913,0
2002-11-06,0.03260262310504913,0.03260262310504913,0.03260262310504913,0.03260262310504913,0
2002-11-07,0.03260262310504913,0.03260262310504913,0.03260262310504913,0.03260262310504913,0
2002-11-08,0.03260262310504913,0.03260262310504913,0.03260262310504913,0.03260262310504913,0
2002-11-11,0.03260262310504913,0.03260262310504913,0.03260262310504913,0.03260262310504913,0
2002-11-12,0.03260262310504913,0.03260262310504913,0.03260262310504913,0.03260262310504913,0
2002-11-13,0.03260262310504913,0.03260262310504913,0.03260262310504913,0.03260262310504913,0
2002-11-14,0.03260262310504913,0.03260262310504913,0.03260262310504913,0.03260262310504913,0
2002-11-15,0.03260262310504913,0.03260262310504913,0.03260262310504913,0.03260262310504913,0
2002-11-18,0.03260262310504913,0.03260262310504913,0.03260262310504913,0.03260262310504913,0
2002-11-19,0.03260262310504913,0.03260262310504913,0.03260262310504913,0.03260262310504913,0
2002-11-20,0.03260262310504913,0.03260262310504913,0.03260262310504913,0.03260262310504913,0
2002-11-21,0.031171351671218872,0.031171351671218872,0.031171351671218872,0.031171351671218872,636480
2002-11-22,0.031171351671218872,0.031171351671218872,0.031171351671218872,0.031171351671218872,0
2002-11-25,0.031171351671218872,0.031171351671218872,0.031171351671218872,0.031171351671218872,0
2002-11-26,0.031171351671218872,0.031171351671218872,0.031171351671218872,0.031171351671218872,0
2002-11-27,0.031171351671218872,0.031171351671218872,0.031171351671218872,0.031171351671218872,0
2002-11-28,0.031171351671218872,0.031171351671218872,0.031171351671218872,0.031171351671218872,0
2002-11-29,0.031171351671218872,0.031171351671218872,0.031171351671218872,0.031171351671218872,0
2002-12-02,0.031171351671218872,0.031171351671218872,0.031171351671218872,0.031171351671218872,0
2002-12-03,0.031171351671218872,0.031171351671218872,0.031171351671218872,0.031171351671218872,0
2002-12-04,0.031171351671218872,0.031171351671218872,0.031171351671218872,0.031171351671218872,0
2002-12-05,0.031171351671218872,0.031171351671218872,0.031171351671218872,0.031171351671218872,0
2002-12-06,0.031171351671218872,0.031171351671218872,0.031171351671218872,0.031171351671218872,0
2002-12-09,0.031171351671218872,0.031171351671218872,0.031171351671218872,0.031171351671218872,0
2002-12-10,0.031171351671218872,0.031171351671218872,0.031171351671218872,0.031171351671218872,0
2002-12-11,0.031171351671218872,0.031171351671218872,0.031171351671218872,0.031171351671218872,0
2002-12-12,0.031171351671218872,0.031171351671218872,0.031171351671218872,0.031171351671218872,0
2002-12-13,0.031171351671218872,0.031171351671218872,0.031171351671218872,0.031171351671218872,0
2002-12-16,0.031171351671218872,0.031171351671218872,0.031171351671218872,0.031171351671218872,0
2002-12-17,0.031171351671218872,0.031171351671218872,0.031171351671218872,0.031171351671218872,0
2002-12-18,0.031171351671218872,0.031171351671218872,0.031171351671218872,0.031171351671218872,0
2002-12-19,0.031171351671218872,0.031171351671218872,0.031171351671218872,0.031171351671218872,0
2002-12-20,0.031171351671218872,0.031171351671218872,0.031171351671218872,0.031171351671218872,0
2002-12-23,0.031171351671218872,0.031171351671218872,0.031171351671218872,0.031171351671218872,0
2002-12-24,0.031171351671218872,0.031171351671218872,0.031171351671218872,0.031171351671218872,0
2002-12-25,0.031171351671218872,0.031171351671218872,0.031171351671218872,0.031171351671218872,0
2002-12-26,0.031171351671218872,0.031171351671218872,0.031171351671218872,0.031171351671218872,0
2002-12-27,0.031171351671218872,0.031171351671218872,0.031171351671218872,0.031171351671218872,0
2002-12-30,0.031171351671218872,0.031171351671218872,0.031171351671218872,0.031171351671218872,0
2002-12-31,0.031171351671218872,0.031171351671218872,0.031171351671218872,0.031171351671218872,0
2003-01-01,0.031171351671218872,0.031171351671218872,0.031171351671218872,0.031171351671218872,0
2003-01-02,0.031171351671218872,0.031171351671218872,0.031171351671218872,0.031171351671218872,0
2003-01-03,0.031171351671218872,0.031171351671218872,0.031171351671218872,0.031171351671218872,0
2003-01-06,0.031171351671218872,0.031171351671218872,0.031171351671218872,0.031171351671218872,0
2003-01-07,0.031171351671218872,0.031171351671218872,0.031171351671218872,0.031171351671218872,0
2003-01-08,0.031171351671218872,0.031171351671218872,0.031171351671218872,0.031171351671218872,0
2003-01-09,0.031171351671218872,0.031171351671218872,0.031171351671218872,0.031171351671218872,0
2003-01-10,0.031171351671218872,0.031171351671218872,0.031171351671218872,0.031171351671218872,0
2003-01-13,0.031171351671218872,0.031171351671218872,0.031171351671218872,0.031171351671218872,0
2003-01-14,0.031171351671218872,0.031171351671218872,0.031171351671218872,0.031171351671218872,0
2003-01-15,0.031171351671218872,0.031171351671218872,0.031171351671218872,0.031171351671218872,0
2003-01-16,0.031171351671218872,0.031171351671218872,0.031171351671218872,0.031171351671218872,0
2003-01-17,0.031171351671218872,0.031171351671218872,0.031171351671218872,0.031171351671218872,0
2003-01-20,0.031171351671218872,0.031171351671218872,0.031171351671218872,0.031171351671218872,0
2003-01-21,0.031171351671218872,0.031171351671218872,0.031171351671218872,0.031171351671218872,0
2003-01-22,0.031171351671218872,0.031171351671218872,0.031171351671218872,0.031171351671218872,0
2003-01-23,0.031171351671218872,0.031171351671218872,0.031171351671218872,0.031171351671218872,0
2003-01-24,0.031171351671218872,0.031171351671218872,0.031171351671218872,0.031171351671218872,0
2003-01-27,0.031171351671218872,0.031171351671218872,0.031171351671218872,0.031171351671218872,0
2003-01-28,0.031171351671218872,0.031171351671218872,0.031171351671218872,0.031171351671218872,0
2003-01-29,0.031171351671218872,0.031171351671218872,0.031171351671218872,0.031171351671218872,0
2003-01-30,0.031171351671218872,0.031171351671218872,0.031171351671218872,0.031171351671218872,0
2003-01-31,0.031171351671218872,0.031171351671218872,0.031171351671218872,0.031171351671218872,0
2003-02-03,0.031171351671218872,0.031171351671218872,0.031171351671218872,0.031171351671218872,0
2003-02-04,0.031171351671218872,0.031171351671218872,0.031171351671218872,0.031171351671218872,0
2003-02-05,0.031171351671218872,0.031171351671218872,0.031171351671218872,0.031171351671218872,0
2003-02-06,0.031171351671218872,0.031171351671218872,0.031171351671218872,0.031171351671218872,0
2003-02-07,0.031171351671218872,0.031171351671218872,0.031171351671218872,0.031171351671218872,0
2003-02-10,0.031171351671218872,0.031171351671218872,0.031171351671218872,0.031171351671218872,0
2003-02-11,0.031171351671218872,0.031171351671218872,0.031171351671218872,0.031171351671218872,0
2003-02-12,0.031171351671218872,0.031171351671218872,0.031171351671218872,0.031171351671218872,0
2003-02-13,0.031171351671218872,0.031171351671218872,0.031171351671218872,0.031171351671218872,0
2003-02-14,0.031171351671218872,0.031171351671218872,0.031171351671218872,0.031171351671218872,0
2003-02-17,0.031171351671218872,0.031171351671218872,0.031171351671218872,0.031171351671218872,0
2003-02-18,0.031171351671218872,0.031171351671218872,0.031171351671218872,0.031171351671218872,0
2003-02-19,0.031171351671218872,0.031171351671218872,0.031171351671218872,0.031171351671218872,0
2003-02-20,0.031171351671218872,0.031171351671218872,0.031171351671218872,0.031171351671218872,0
2003-02-21,0.031171351671218872,0.031171351671218872,0.031171351671218872,0.031171351671218872,0
2003-02-24,0.031171351671218872,0.031171351671218872,0.031171351671218872,0.031171351671218872,0
2003-02-25,0.031171351671218872,0.031171351671218872,0.031171351671218872,0.031171351671218872,0
2003-02-26,0.031171351671218872,0.031171351671218872,0.031171351671218872,0.031171351671218872,0
2003-02-27,0.031171351671218872,0.031171351671218872,0.031171351671218872,0.031171351671218872,0
2003-02-28,0.031171351671218872,0.031171351671218872,0.031171351671218872,0.031171351671218872,0
2003-03-03,0.031171351671218872,0.031171351671218872,0.031171351671218872,0.031171351671218872,0
2003-03-04,0.031171351671218872,0.031171351671218872,0.031171351671218872,0.031171351671218872,0
2003-03-05,0.031171351671218872,0.031171351671218872,0.031171351671218872,0.031171351671218872,0
2003-03-06,0.031171351671218872,0.031171351671218872,0.031171351671218872,0.031171351671218872,0
2003-03-07,0.031171351671218872,0.031171351671218872,0.031171351671218872,0.031171351671218872,0
2003-03-10,0.031171351671218872,0.031171351671218872,0.031171351671218872,0.031171351671218872,0
2003-03-11,0.031171351671218872,0.031171351671218872,0.031171351671218872,0.031171351671218872,0
2003-03-12,0.031171351671218872,0.031171351671218872,0.031171351671218872,0.031171351671218872,0
2003-03-13,0.031171351671218872,0.031171351671218872,0.031171351671218872,0.031171351671218872,0
2003-03-14,0.031171351671218872,0.031171351671218872,0.031171351671218872,0.031171351671218872,0
2003-03-17,0.031171351671218872,0.031171351671218872,0.031171351671218872,0.031171351671218872,0
2003-03-18,0.031171351671218872,0.031171351671218872,0.031171351671218872,0.031171351671218872,0
2003-03-19,0.031171351671218872,0.031171351671218872,0.031171351671218872,0.031171351671218872,0
2003-03-20,0.031171351671218872,0.031171351671218872,0.031171351671218872,0.031171351671218872,0
2003-03-21,0.031171351671218872,0.031171351671218872,0.031171351671218872,0.031171351671218872,0
2003-03-24,0.031171351671218872,0.031171351671218872,0.031171351671218872,0.031171351671218872,0
2003-03-25,0.031171351671218872,0.031171351671218872,0.031171351671218872,0.031171351671218872,0
2003-03-26,0.031171351671218872,0.031171351671218872,0.031171351671218872,0.031171351671218872,0
2003-03-27,0.031171351671218872,0.031171351671218872,0.031171351671218872,0.031171351671218872,0
2003-03-28,0.031171351671218872,0.031171351671218872,0.031171351671218872,0.031171351671218872,0
2003-03-31,0.031171351671218872,0.031171351671218872,0.031171351671218872,0.031171351671218872,0
2003-04-01,0.031171351671218872,0.031171351671218872,0.031171351671218872,0.031171351671218872,0
2003-04-02,0.031171351671218872,0.031171351671218872,0.031171351671218872,0.031171351671218872,0
2003-04-03,0.031171351671218872,0.031171351671218872,0.031171351671218872,0.031171351671218872,0
2003-04-04,0.031171351671218872,0.031171351671218872,0.031171351671218872,0.031171351671218872,0
2003-04-07,0.031171351671218872,0.031171351671218872,0.031171351671218872,0.031171351671218872,0
2003-04-08,0.031171351671218872,0.031171351671218872,0.031171351671218872,0.031171351671218872,0
2003-04-09,0.031171351671218872,0.031171351671218872,0.031171351671218872,0.031171351671218872,0
2003-04-10,0.031171351671218872,0.031171351671218872,0.031171351671218872,0.031171351671218872,0
2003-04-11,0.031171351671218872,0.031171351671218872,0.031171351671218872,0.031171351671218872,0
2003-04-14,0.031171351671218872,0.031171351671218872,0.031171351671218872,0.031171351671218872,0
2003-04-15,0.031171351671218872,0.031171351671218872,0.031171351671218872,0.031171351671218872,0
2003-04-16,0.031171351671218872,0.031171351671218872,0.031171351671218872,0.031171351671218872,0
2003-04-17,0.031171351671218872,0.031171351671218872,0.031171351671218872,0.031171351671218872,0
2003-04-18,0.031171351671218872,0.031171351671218872,0.031171351671218872,0.031171351671218872,0
2003-04-21,0.031171351671218872,0.031171351671218872,0.031171351671218872,0.031171351671218872,0
2003-04-22,0.031171351671218872,0.031171351671218872,0.031171351671218872,0.031171351671218872,0
2003-04-23,0.031171351671218872,0.031171351671218872,0.031171351671218872,0.031171351671218872,0
2003-04-24,0.031171351671218872,0.031171351671218872,0.031171351671218872,0.031171351671218872,0
2003-04-25,0.031171351671218872,0.031171351671218872,0.031171351671218872,0.031171351671218872,0
2003-04-28,0.031171351671218872,0.031171351671218872,0.031171351671218872,0.031171351671218872,0
2003-04-29,0.031171351671218872,0.031171351671218872,0.031171351671218872,0.031171351671218872,0
2003-04-30,0.031171351671218872,0.031171351671218872,0.031171351671218872,0.031171351671218872,0
2003-05-01,0.031171351671218872,0.031171351671218872,0.031171351671218872,0.031171351671218872,0
2003-05-02,0.031171351671218872,0.031171351671218872,0.031171351671218872,0.031171351671218872,0
2003-05-05,0.031171351671218872,0.031171351671218872,0.031171351671218872,0.031171351671218872,0
2003-05-06,0.031171351671218872,0.031171351671218872,0.031171351671218872,0.031171351671218872,0
2003-05-07,0.031171351671218872,0.031171351671218872,0.031171351671218872,0.031171351671218872,0
2003-05-08,0.031171351671218872,0.031171351671218872,0.031171351671218872,0.031171351671218872,0
2003-05-09,0.031171351671218872,0.031171351671218872,0.031171351671218872,0.031171351671218872,0
2003-05-12,0.031171351671218872,0.031171351671218872,0.031171351671218872,0.031171351671218872,0
2003-05-13,0.031171351671218872,0.031171351671218872,0.031171351671218872,0.031171351671218872,0
2003-05-14,0.031171351671218872,0.031171351671218872,0.031171351671218872,0.031171351671218872,0
2003-05-15,0.031171351671218872,0.031171351671218872,0.031171351671218872,0.031171351671218872,0
2003-05-16,0.031171351671218872,0.031171351671218872,0.031171351671218872,0.031171351671218872,0
2003-05-19,0.031171351671218872,0.031171351671218872,0.031171351671218872,0.031171351671218872,0
2003-05-20,0.031171351671218872,0.031171351671218872,0.031171351671218872,0.031171351671218872,0
2003-05-21,0.031171351671218872,0.031171351671218872,0.031171351671218872,0.031171351671218872,0
2003-05-22,0.031171351671218872,0.031171351671218872,0.031171351671218872,0.031171351671218872,0
2003-05-23,0.031171351671218872,0.031171351671218872,0.031171351671218872,0.031171351671218872,0
2003-05-26,0.031171351671218872,0.031171351671218872,0.031171351671218872,0.031171351671218872,0
2003-05-27,0.031171351671218872,0.031171351671218872,0.031171351671218872,0.031171351671218872,0
2003-05-28,0.031171351671218872,0.031171351671218872,0.031171351671218872,0.031171351671218872,0
2003-05-29,0.031171351671218872,0.031171351671218872,0.031171351671218872,0.031171351671218872,0
2003-05-30,0.031171351671218872,0.031171351671218872,0.031171351671218872,0.031171351671218872,0
2003-06-02,0.031171351671218872,0.031171351671218872,0.031171351671218872,0.031171351671218872,0
2003-06-03,0.031171351671218872,0.031171351671218872,0.031171351671218872,0.031171351671218872,0
2003-06-04,0.031171351671218872,0.031171351671218872,0.031171351671218872,0.031171351671218872,0
2003-06-05,0.031171351671218872,0.031171351671218872,0.031171351671218872,0.031171351671218872,0
2003-06-06,0.031171351671218872,0.031171351671218872,0.031171351671218872,0.031171351671218872,0
2003-06-09,0.031171351671218872,0.031171351671218872,0.031171351671218872,0.031171351671218872,0
2003-06-10,0.031171351671218872,0.031171351671218872,0.031171351671218872,0.031171351671218872,0
2003-06-11,0.031171351671218872,0.031171351671218872,0.031171351671218872,0.031171351671218872,0
2003-06-12,0.031171351671218872,0.031171351671218872,0.031171351671218872,0.031171351671218872,0
2003-06-13,0.031171351671218872,0.031171351671218872,0.031171351671218872,0.031171351671218872,0
2003-06-16,0.031171351671218872,0.031171351671218872,0.031171351671218872,0.031171351671218872,0
2003-06-17,0.031171351671218872,0.031171351671218872,0.031171351671218872,0.031171351671218872,0
2003-06-18,0.031171351671218872,0.031171351671218872,0.031171351671218872,0.031171351671218872,0
2003-06-19,0.031171351671218872,0.031171351671218872,0.031171351671218872,0.031171351671218872,0
2003-06-20,0.031171351671218872,0.031171351671218872,0.031171351671218872,0.031171351671218872,0
2003-06-23,0.031171351671218872,0.031171351671218872,0.031171351671218872,0.031171351671218872,0
2003-06-24,0.031171351671218872,0.031171351671218872,0.031171351671218872,0.031171351671218872,0
2003-06-25,0.031171351671218872,0.031171351671218872,0.031171351671218872,0.031171351671218872,0
2003-06-26,0.031171351671218872,0.031171351671218872,0.031171351671218872,0.031171351671218872,0
2003-06-27,0.031171351671218872,0.031171351671218872,0.031171351671218872,0.031171351671218872,0
2003-06-30,0.031171351671218872,0.031171351671218872,0.031171351671218872,0.031171351671218872,0
2003-07-01,0.031171351671218872,0.031171351671218872,0.031171351671218872,0.031171351671218872,0
2003-07-02,0.031171351671218872,0.031171351671218872,0.031171351671218872,0.031171351671218872,0
2003-07-03,0.031171351671218872,0.031171351671218872,0.031171351671218872,0.031171351671218872,0
2003-07-04,0.03641083091497421,0.03641083091497421,0.03641083091497421,0.03641083091497421,2545920
2003-07-07,0.03641083091497421,0.03641083091497421,0.03641083091497421,0.03641083091497421,0
2003-07-08,0.03641083091497421,0.03641083091497421,0.03641083091497421,0.03641083091497421,0
2003-07-09,0.03641083091497421,0.03641083091497421,0.03641083091497421,0.03641083091497421,0
2003-07-10,0.03641083091497421,0.03641083091497421,0.03641083091497421,0.03641083091497421,0
2003-07-11,0.03641083091497421,0.03641083091497421,0.03641083091497421,0.03641083091497421,0
2003-07-14,0.03641083091497421,0.03641083091497421,0.03641083091497421,0.03641083091497421,0
2003-07-15,0.03641083091497421,0.03641083091497421,0.03641083091497421,0.03641083091497421,0
2003-07-16,0.03641083091497421,0.03641083091497421,0.03641083091497421,0.03641083091497421,0
2003-07-17,0.03641083091497421,0.03641083091497421,0.03641083091497421,0.03641083091497421,0
2003-07-18,0.03641083091497421,0.03641083091497421,0.03641083091497421,0.03641083091497421,0
2003-07-21,0.03641083091497421,0.03641083091497421,0.03641083091497421,0.03641083091497421,0
2003-07-22,0.03641083091497421,0.03641083091497421,0.03641083091497421,0.03641083091497421,0
2003-07-23,0.03641083091497421,0.03641083091497421,0.03641083091497421,0.03641083091497421,0
2003-07-24,0.03641083091497421,0.03641083091497421,0.03641083091497421,0.03641083091497421,0
2003-07-25,0.03641083091497421,0.03641083091497421,0.03641083091497421,0.03641083091497421,0
2003-07-28,0.03641083091497421,0.03641083091497421,0.03641083091497421,0.03641083091497421,0
2003-07-29,0.03641083091497421,0.03641083091497421,0.03641083091497421,0.03641083091497421,0
2003-07-30,0.03641083091497421,0.03641083091497421,0.03641083091497421,0.03641083091497421,0
2003-07-31,0.03641083091497421,0.03641083091497421,0.03641083091497421,0.03641083091497421,0
2003-08-01,0.03641083091497421,0.03641083091497421,0.03641083091497421,0.03641083091497421,0
2003-08-04,0.03641083091497421,0.03641083091497421,0.03641083091497421,0.03641083091497421,0
2003-08-05,0.03641083091497421,0.03641083091497421,0.03641083091497421,0.03641083091497421,0
2003-08-06,0.03641083091497421,0.03641083091497421,0.03641083091497421,0.03641083091497421,0
2003-08-07,0.03641083091497421,0.03641083091497421,0.03641083091497421,0.03641083091497421,0
2003-08-08,0.03641083091497421,0.03641083091497421,0.03641083091497421,0.03641083091497421,0
2003-08-11,0.03641083091497421,0.03641083091497421,0.03641083091497421,0.03641083091497421,0
2003-08-12,0.03641083091497421,0.03641083091497421,0.03641083091497421,0.03641083091497421,0
2003-08-13,0.03641083091497421,0.03641083091497421,0.03641083091497421,0.03641083091497421,0
2003-08-14,0.03641083091497421,0.03641083091497421,0.03641083091497421,0.03641083091497421,0
2003-08-15,0.03641083091497421,0.03641083091497421,0.03641083091497421,0.03641083091497421,0
2003-08-18,0.03641083091497421,0.03641083091497421,0.03641083091497421,0.03641083091497421,0
2003-08-19,0.03641083091497421,0.03641083091497421,0.03641083091497421,0.03641083091497421,0
2003-08-20,0.03641083091497421,0.03641083091497421,0.03641083091497421,0.03641083091497421,0
2003-08-21,0.03641083091497421,0.03641083091497421,0.03641083091497421,0.03641083091497421,0
2003-08-22,0.03641083091497421,0.03641083091497421,0.03641083091497421,0.03641083091497421,0
2003-08-25,0.03641083091497421,0.03641083091497421,0.03641083091497421,0.03641083091497421,0
2003-08-26,0.03641083091497421,0.03641083091497421,0.03641083091497421,0.03641083091497421,0
2003-08-27,0.03641083091497421,0.03641083091497421,0.03641083091497421,0.03641083091497421,0
2003-08-28,0.03641083091497421,0.03641083091497421,0.03641083091497421,0.03641083091497421,0
2003-08-29,0.03641083091497421,0.03641083091497421,0.03641083091497421,0.03641083091497421,0
2003-09-01,0.03641083091497421,0.03641083091497421,0.03641083091497421,0.03641083091497421,0
2003-09-02,0.03641083091497421,0.03641083091497421,0.03641083091497421,0.03641083091497421,0
2003-09-03,0.03641083091497421,0.03641083091497421,0.03641083091497421,0.03641083091497421,0
2003-09-04,0.03641083091497421,0.03641083091497421,0.03641083091497421,0.03641083091497421,0
2003-09-05,0.038812488317489624,0.038812488317489624,0.038812488317489624,0.038812488317489624,636480
2003-09-08,0.038812488317489624,0.038812488317489624,0.038812488317489624,0.038812488317489624,0
2003-09-09,0.038812488317489624,0.038812488317489624,0.038812488317489624,0.038812488317489624,0
2003-09-10,0.038812488317489624,0.038812488317489624,0.038812488317489624,0.038812488317489624,0
2003-09-11,0.038812488317489624,0.038812488317489624,0.038812488317489624,0.038812488317489624,0
2003-09-12,0.038812488317489624,0.038812488317489624,0.038812488317489624,0.038812488317489624,0
2003-09-15,0.038812488317489624,0.038812488317489624,0.038812488317489624,0.038812488317489624,0
2003-09-16,0.038812488317489624,0.038812488317489624,0.038812488317489624,0.038812488317489624,0
2003-09-17,0.038812488317489624,0.038812488317489624,0.038812488317489624,0.038812488317489624,0
2003-09-18,0.038812488317489624,0.038812488317489624,0.038812488317489624,0.038812488317489624,0
2003-09-19,0.038812488317489624,0.038812488317489624,0.038812488317489624,0.038812488317489624,0
2003-09-22,0.038812488317489624,0.038812488317489624,0.038812488317489624,0.038812488317489624,0
2003-09-23,0.038812488317489624,0.038812488317489624,0.038812488317489624,0.038812488317489624,0
2003-09-24,0.038812488317489624,0.038812488317489624,0.038812488317489624,0.038812488317489624,0
2003-09-25,0.038812488317489624,0.038812488317489624,0.038812488317489624,0.038812488317489624,0
2003-09-26,0.038812488317489624,0.038812488317489624,0.038812488317489624,0.038812488317489624,0
2003-09-29,0.038812488317489624,0.038812488317489624,0.038812488317489624,0.038812488317489624,0
2003-09-30,0.038812488317489624,0.038812488317489624,0.038812488317489624,0.038812488317489624,0
2003-10-01,0.038812488317489624,0.038812488317489624,0.038812488317489624,0.038812488317489624,0
2003-10-02,0.038812488317489624,0.038812488317489624,0.038812488317489624,0.038812488317489624,0
2003-10-03,0.038812488317489624,0.038812488317489624,0.038812488317489624,0.038812488317489624,0
2003-10-06,0.038812488317489624,0.038812488317489624,0.038812488317489624,0.038812488317489624,0
2003-10-07,0.038812488317489624,0.038812488317489624,0.038812488317489624,0.038812488317489624,0
2003-10-08,0.038812488317489624,0.038812488317489624,0.038812488317489624,0.038812488317489624,0
2003-10-09,0.038812488317489624,0.038812488317489624,0.038812488317489624,0.038812488317489624,0
2003-10-10,0.038812488317489624,0.038812488317489624,0.038812488317489624,0.038812488317489624,0
2003-10-13,0.038812488317489624,0.038812488317489624,0.038812488317489624,0.038812488317489624,0
2003-10-14,0.038812488317489624,0.038812488317489624,0.038812488317489624,0.038812488317489624,0
2003-10-15,0.038812488317489624,0.038812488317489624,0.038812488317489624,0.038812488317489624,0
2003-10-16,0.038812488317489624,0.038812488317489624,0.038812488317489624,0.038812488317489624,0
2003-10-17,0.038812488317489624,0.038812488317489624,0.038812488317489624,0.038812488317489624,0
2003-10-20,0.038812488317489624,0.038812488317489624,0.038812488317489624,0.038812488317489624,0
2003-10-21,0.038812488317489624,0.038812488317489624,0.038812488317489624,0.038812488317489624,0
2003-10-22,0.038812488317489624,0.038812488317489624,0.038812488317489624,0.038812488317489624,0
2003-10-23,0.038812488317489624,0.038812488317489624,0.038812488317489624,0.038812488317489624,0
2003-10-24,0.038812488317489624,0.038812488317489624,0.038812488317489624,0.038812488317489624,0
2003-10-27,0.038812488317489624,0.038812488317489624,0.038812488317489624,0.038812488317489624,0
2003-10-28,0.038812488317489624,0.038812488317489624,0.038812488317489624,0.038812488317489624,0
2003-10-29,0.038812488317489624,0.038812488317489624,0.038812488317489624,0.038812488317489624,0
2003-10-30,0.038812488317489624,0.038812488317489624,0.038812488317489624,0.038812488317489624,0
2003-10-31,0.038812488317489624,0.038812488317489624,0.038812488317489624,0.038812488317489624,0
2003-11-03,0.038812488317489624,0.038812488317489624,0.038812488317489624,0.038812488317489624,0
2003-11-04,0.038812488317489624,0.038812488317489624,0.038812488317489624,0.038812488317489624,0
2003-11-05,0.038812488317489624,0.038812488317489624,0.038812488317489624,0.038812488317489624,0
2003-11-06,0.038812488317489624,0.038812488317489624,0.038812488317489624,0.038812488317489624,0
2003-11-07,0.038812488317489624,0.038812488317489624,0.038812488317489624,0.038812488317489624,0
2003-11-10,0.038812488317489624,0.038812488317489624,0.038812488317489624,0.038812488317489624,0
2003-11-11,0.038812488317489624,0.038812488317489624,0.038812488317489624,0.038812488317489624,0
2003-11-12,0.038812488317489624,0.038812488317489624,0.038812488317489624,0.038812488317489624,0
2003-11-13,0.038812488317489624,0.038812488317489624,0.038812488317489624,0.038812488317489624,0
2003-11-14,0.038812488317489624,0.038812488317489624,0.038812488317489624,0.038812488317489624,0
2003-11-17,0.038812488317489624,0.038812488317489624,0.038812488317489624,0.038812488317489624,0
2003-11-18,0.038812488317489624,0.038812488317489624,0.038812488317489624,0.038812488317489624,0
2003-11-19,0.038812488317489624,0.038812488317489624,0.038812488317489624,0.038812488317489624,0
2003-11-20,0.038812488317489624,0.038812488317489624,0.038812488317489624,0.038812488317489624,0
2003-11-21,0.038812488317489624,0.038812488317489624,0.038812488317489624,0.038812488317489624,0
2003-11-24,0.038812488317489624,0.038812488317489624,0.038812488317489624,0.038812488317489624,0
2003-11-25,0.038812488317489624,0.038812488317489624,0.038812488317489624,0.038812488317489624,0
2003-11-26,0.038812488317489624,0.038812488317489624,0.038812488317489624,0.038812488317489624,0
2003-11-27,0.038812488317489624,0.038812488317489624,0.038812488317489624,0.038812488317489624,0
2003-11-28,0.038812488317489624,0.038812488317489624,0.038812488317489624,0.038812488317489624,0
2003-12-01,0.038812488317489624,0.038812488317489624,0.038812488317489624,0.038812488317489624,0
2003-12-02,0.038812488317489624,0.038812488317489624,0.038812488317489624,0.038812488317489624,0
2003-12-03,0.038812488317489624,0.038812488317489624,0.038812488317489624,0.038812488317489624,0
2003-12-04,0.038812488317489624,0.038812488317489624,0.038812488317489624,0.038812488317489624,0
2003-12-05,0.038812488317489624,0.038812488317489624,0.038812488317489624,0.038812488317489624,0
2003-12-08,0.038812488317489624,0.038812488317489624,0.038812488317489624,0.038812488317489624,0
2003-12-09,0.038812488317489624,0.038812488317489624,0.038812488317489624,0.038812488317489624,0
2003-12-10,0.038812488317489624,0.038812488317489624,0.038812488317489624,0.038812488317489624,0
2003-12-11,0.038812488317489624,0.038812488317489624,0.038812488317489624,0.038812488317489624,0
2003-12-12,0.038812488317489624,0.038812488317489624,0.038812488317489624,0.038812488317489624,0
2003-12-15,0.038812488317489624,0.038812488317489624,0.038812488317489624,0.038812488317489624,0
2003-12-16,0.038812488317489624,0.038812488317489624,0.038812488317489624,0.038812488317489624,0
2003-12-17,0.038812488317489624,0.038812488317489624,0.038812488317489624,0.038812488317489624,0
2003-12-18,0.038812488317489624,0.038812488317489624,0.038812488317489624,0.038812488317489624,0
2003-12-19,0.038812488317489624,0.038812488317489624,0.038812488317489624,0.038812488317489624,0
2003-12-22,0.038812488317489624,0.038812488317489624,0.038812488317489624,0.038812488317489624,0
2003-12-23,0.038812488317489624,0.038812488317489624,0.038812488317489624,0.038812488317489624,0
2003-12-24,0.038812488317489624,0.038812488317489624,0.038812488317489624,0.038812488317489624,0
2003-12-25,0.038812488317489624,0.038812488317489624,0.038812488317489624,0.038812488317489624,0
2003-12-26,0.038812488317489624,0.038812488317489624,0.038812488317489624,0.038812488317489624,0
2003-12-29,0.038812488317489624,0.038812488317489624,0.038812488317489624,0.038812488317489624,0
2003-12-30,0.038812488317489624,0.038812488317489624,0.038812488317489624,0.038812488317489624,0
2003-12-31,0.038812488317489624,0.038812488317489624,0.038812488317489624,0.038812488317489624,0
2004-01-01,0.038812488317489624,0.038812488317489624,0.038812488317489624,0.038812488317489624,0
2004-01-02,0.038812488317489624,0.038812488317489624,0.038812488317489624,0.038812488317489624,0
2004-01-05,0.038812488317489624,0.038812488317489624,0.038812488317489624,0.038812488317489624,0
2004-01-06,0.038812488317489624,0.038812488317489624,0.038812488317489624,0.038812488317489624,0
2004-01-07,0.038812488317489624,0.038812488317489624,0.038812488317489624,0.038812488317489624,0
2004-01-08,0.038812488317489624,0.038812488317489624,0.038812488317489624,0.038812488317489624,0
2004-01-09,0.038812488317489624,0.038812488317489624,0.038812488317489624,0.038812488317489624,0
2004-01-12,0.038812488317489624,0.038812488317489624,0.038812488317489624,0.038812488317489624,0
2004-01-13,0.038812488317489624,0.038812488317489624,0.038812488317489624,0.038812488317489624,0
2004-01-14,0.038812488317489624,0.038812488317489624,0.038812488317489624,0.038812488317489624,0
2004-01-15,0.038812488317489624,0.038812488317489624,0.038812488317489624,0.038812488317489624,0
2004-01-16,0.038812488317489624,0.038812488317489624,0.038812488317489624,0.038812488317489624,0
2004-01-19,0.038812488317489624,0.038812488317489624,0.038812488317489624,0.038812488317489624,0
2004-01-20,0.038812488317489624,0.038812488317489624,0.038812488317489624,0.038812488317489624,0
2004-01-21,0.038812488317489624,0.038812488317489624,0.038812488317489624,0.038812488317489624,0
2004-01-22,0.038812488317489624,0.038812488317489624,0.038812488317489624,0.038812488317489624,0
2004-01-23,0.038812488317489624,0.038812488317489624,0.038812488317489624,0.038812488317489624,0
2004-01-26,0.038812488317489624,0.038812488317489624,0.038812488317489624,0.038812488317489624,0
2004-01-27,0.038812488317489624,0.038812488317489624,0.038812488317489624,0.038812488317489624,0
2004-01-28,0.038812488317489624,0.038812488317489624,0.038812488317489624,0.038812488317489624,0
2004-01-29,0.038812488317489624,0.038812488317489624,0.038812488317489624,0.038812488317489624,0
2004-01-30,0.038812488317489624,0.038812488317489624,0.038812488317489624,0.038812488317489624,0
2004-02-02,0.038812488317489624,0.038812488317489624,0.038812488317489624,0.038812488317489624,0
2004-02-03,0.038812488317489624,0.038812488317489624,0.038812488317489624,0.038812488317489624,0
2004-02-04,0.038812488317489624,0.038812488317489624,0.038812488317489624,0.038812488317489624,0
2004-02-05,0.038812488317489624,0.038812488317489624,0.038812488317489624,0.038812488317489624,0
2004-02-06,0.038812488317489624,0.038812488317489624,0.038812488317489624,0.038812488317489624,0
2004-02-09,0.038812488317489624,0.038812488317489624,0.038812488317489624,0.038812488317489624,0
2004-02-10,0.038812488317489624,0.038812488317489624,0.038812488317489624,0.038812488317489624,0
2004-02-11,0.038812488317489624,0.038812488317489624,0.038812488317489624,0.038812488317489624,0
2004-02-12,0.038812488317489624,0.038812488317489624,0.038812488317489624,0.038812488317489624,0
2004-02-13,0.038812488317489624,0.038812488317489624,0.038812488317489624,0.038812488317489624,0
2004-02-16,0.038812488317489624,0.038812488317489624,0.038812488317489624,0.038812488317489624,0
2004-02-17,0.038812488317489624,0.038812488317489624,0.038812488317489624,0.038812488317489624,0
2004-02-18,0.038812488317489624,0.038812488317489624,0.038812488317489624,0.038812488317489624,0
2004-02-19,0.038812488317489624,0.038812488317489624,0.038812488317489624,0.038812488317489624,0
2004-02-20,0.038812488317489624,0.038812488317489624,0.038812488317489624,0.038812488317489624,0
2004-02-23,0.038812488317489624,0.038812488317489624,0.038812488317489624,0.038812488317489624,0
2004-02-24,0.038812488317489624,0.038812488317489624,0.038812488317489624,0.038812488317489624,0
2004-02-25,0.038812488317489624,0.038812488317489624,0.038812488317489624,0.038812488317489624,0
2004-02-26,0.038812488317489624,0.038812488317489624,0.038812488317489624,0.038812488317489624,0
2004-02-27,0.03808450326323509,0.03808450326323509,0.03808450326323509,0.03808450326323509,636480
2004-03-01,0.03808450326323509,0.03808450326323509,0.03808450326323509,0.03808450326323509,0
2004-03-02,0.03808450326323509,0.03808450326323509,0.03808450326323509,0.03808450326323509,0
2004-03-03,0.03808450326323509,0.03808450326323509,0.03808450326323509,0.03808450326323509,0
2004-03-04,0.03808450326323509,0.03808450326323509,0.03808450326323509,0.03808450326323509,0
2004-03-05,0.03808450326323509,0.03808450326323509,0.03808450326323509,0.03808450326323509,0
2004-03-08,0.03808450326323509,0.03808450326323509,0.03808450326323509,0.03808450326323509,0
2004-03-09,0.03808450326323509,0.03808450326323509,0.03808450326323509,0.03808450326323509,0
2004-03-10,0.03808450326323509,0.03808450326323509,0.03808450326323509,0.03808450326323509,0
2004-03-11,0.03808450326323509,0.03808450326323509,0.03808450326323509,0.03808450326323509,0
2004-03-12,0.03808450326323509,0.03808450326323509,0.03808450326323509,0.03808450326323509,0
2004-03-15,0.03808450326323509,0.03808450326323509,0.03808450326323509,0.03808450326323509,0
2004-03-16,0.03808450326323509,0.03808450326323509,0.03808450326323509,0.03808450326323509,0
2004-03-17,0.03808450326323509,0.03808450326323509,0.03808450326323509,0.03808450326323509,0
2004-03-18,0.03808450326323509,0.03808450326323509,0.03808450326323509,0.03808450326323509,0
2004-03-19,0.03808450326323509,0.03808450326323509,0.03808450326323509,0.03808450326323509,0
2004-03-22,0.03808450326323509,0.03808450326323509,0.03808450326323509,0.03808450326323509,0
2004-03-23,0.038812488317489624,0.038812488317489624,0.038812488317489624,0.038812488317489624,5728320
2004-03-24,0.038812488317489624,0.038812488317489624,0.038812488317489624,0.038812488317489624,0
2004-03-25,0.038812488317489624,0.038812488317489624,0.038812488317489624,0.038812488317489624,0
2004-03-26,0.038812488317489624,0.038812488317489624,0.038812488317489624,0.038812488317489624,0
2004-03-29,0.038812488317489624,0.038812488317489624,0.038812488317489624,0.038812488317489624,0
2004-03-30,0.038812488317489624,0.038812488317489624,0.038812488317489624,0.038812488317489624,0
2004-03-31,0.038812488317489624,0.038812488317489624,0.038812488317489624,0.038812488317489624,0
2004-04-01,0.038812488317489624,0.038812488317489624,0.038812488317489624,0.038812488317489624,0
2004-04-02,0.038812488317489624,0.038812488317489624,0.038812488317489624,0.038812488317489624,0
2004-04-05,0.038812488317489624,0.038812488317489624,0.038812488317489624,0.038812488317489624,0
2004-04-06,0.038812488317489624,0.038812488317489624,0.038812488317489624,0.038812488317489624,0
2004-04-07,0.038812488317489624,0.038812488317489624,0.038812488317489624,0.038812488317489624,0
2004-04-08,0.038812488317489624,0.038812488317489624,0.038812488317489624,0.038812488317489624,0
2004-04-09,0.038812488317489624,0.038812488317489624,0.038812488317489624,0.038812488317489624,0
2004-04-12,0.038812488317489624,0.038812488317489624,0.038812488317489624,0.038812488317489624,0
2004-04-13,0.038812488317489624,0.038812488317489624,0.038812488317489624,0.038812488317489624,636480
2004-04-14,0.038812488317489624,0.038812488317489624,0.038812488317489624,0.038812488317489624,0
2004-04-15,0.038812488317489624,0.038812488317489624,0.038812488317489624,0.038812488317489624,0
2004-04-16,0.038812488317489624,0.038812488317489624,0.038812488317489624,0.038812488317489624,0
2004-04-19,0.038812488317489624,0.038812488317489624,0.038812488317489624,0.038812488317489624,0
2004-04-20,0.038812488317489624,0.038812488317489624,0.038812488317489624,0.038812488317489624,0
2004-04-21,0.038812488317489624,0.038812488317489624,0.038812488317489624,0.038812488317489624,0
2004-04-22,0.038812488317489624,0.038812488317489624,0.038812488317489624,0.038812488317489624,0
2004-04-23,0.038812488317489624,0.038812488317489624,0.038812488317489624,0.038812488317489624,0
2004-04-26,0.038812488317489624,0.038812488317489624,0.038812488317489624,0.038812488317489624,0
2004-04-27,0.038812488317489624,0.038812488317489624,0.038812488317489624,0.038812488317489624,0
2004-04-28,0.038812488317489624,0.038812488317489624,0.038812488317489624,0.038812488317489624,0
2004-04-29,0.038812488317489624,0.038812488317489624,0.038812488317489624,0.038812488317489624,0
2004-04-30,0.038812488317489624,0.038812488317489624,0.038812488317489624,0.038812488317489624,0
2004-05-03,0.038812488317489624,0.038812488317489624,0.038812488317489624,0.038812488317489624,0
2004-05-04,0.038812488317489624,0.038812488317489624,0.038812488317489624,0.038812488317489624,0
2004-05-05,0.038812488317489624,0.038812488317489624,0.038812488317489624,0.038812488317489624,0
2004-05-06,0.038812488317489624,0.038812488317489624,0.038812488317489624,0.038812488317489624,0
2004-05-07,0.038812488317489624,0.038812488317489624,0.038812488317489624,0.038812488317489624,0
2004-05-10,0.038812488317489624,0.038812488317489624,0.038812488317489624,0.038812488317489624,0
2004-05-11,0.038812488317489624,0.038812488317489624,0.038812488317489624,0.038812488317489624,0
2004-05-12,0.038812488317489624,0.038812488317489624,0.038812488317489624,0.038812488317489624,0
2004-05-13,0.038812488317489624,0.038812488317489624,0.038812488317489624,0.038812488317489624,0
2004-05-14,0.038812488317489624,0.038812488317489624,0.038812488317489624,0.038812488317489624,0
2004-05-17,0.038812488317489624,0.038812488317489624,0.038812488317489624,0.038812488317489624,0
2004-05-18,0.038812488317489624,0.038812488317489624,0.038812488317489624,0.038812488317489624,0
2004-05-19,0.038812488317489624,0.038812488317489624,0.038812488317489624,0.038812488317489624,0
2004-05-20,0.038812488317489624,0.038812488317489624,0.038812488317489624,0.038812488317489624,0
2004-05-21,0.038812488317489624,0.038812488317489624,0.038812488317489624,0.038812488317489624,0
2004-05-24,0.038812488317489624,0.038812488317489624,0.038812488317489624,0.038812488317489624,0
2004-05-25,0.038812488317489624,0.038812488317489624,0.038812488317489624,0.038812488317489624,0
2004-05-26,0.038812488317489624,0.038812488317489624,0.038812488317489624,0.038812488317489624,0
2004-05-27,0.038812488317489624,0.038812488317489624,0.038812488317489624,0.038812488317489624,0
2004-05-28,0.038812488317489624,0.038812488317489624,0.038812488317489624,0.038812488317489624,0
2004-05-31,0.038812488317489624,0.038812488317489624,0.038812488317489624,0.038812488317489624,0
2004-06-01,0.038812488317489624,0.038812488317489624,0.038812488317489624,0.038812488317489624,0
2004-06-02,0.038812488317489624,0.038812488317489624,0.038812488317489624,0.038812488317489624,0
2004-06-03,0.038812488317489624,0.038812488317489624,0.038812488317489624,0.038812488317489624,0
2004-06-04,0.038812488317489624,0.038812488317489624,0.038812488317489624,0.038812488317489624,0
2004-06-07,0.038812488317489624,0.038812488317489624,0.038812488317489624,0.038812488317489624,0
2004-06-08,0.038812488317489624,0.038812488317489624,0.038812488317489624,0.038812488317489624,0
2004-06-09,0.038812488317489624,0.038812488317489624,0.038812488317489624,0.038812488317489624,0
2004-06-10,0.038812488317489624,0.038812488317489624,0.038812488317489624,0.038812488317489624,0
2004-06-11,0.038812488317489624,0.038812488317489624,0.038812488317489624,0.038812488317489624,0
2004-06-14,0.038812488317489624,0.038812488317489624,0.038812488317489624,0.038812488317489624,0
2004-06-15,0.038812488317489624,0.038812488317489624,0.038812488317489624,0.038812488317489624,0
2004-06-16,0.038812488317489624,0.038812488317489624,0.038812488317489624,0.038812488317489624,0
2004-06-17,0.038812488317489624,0.038812488317489624,0.038812488317489624,0.038812488317489624,0
2004-06-18,0.038812488317489624,0.038812488317489624,0.038812488317489624,0.038812488317489624,0
2004-06-21,0.038812488317489624,0.038812488317489624,0.038812488317489624,0.038812488317489624,0
2004-06-22,0.038812488317489624,0.038812488317489624,0.038812488317489624,0.038812488317489624,0
2004-06-23,0.038812488317489624,0.038812488317489624,0.038812488317489624,0.038812488317489624,0
2004-06-24,0.038812488317489624,0.038812488317489624,0.038812488317489624,0.038812488317489624,0
2004-06-25,0.038812488317489624,0.038812488317489624,0.038812488317489624,0.038812488317489624,0
2004-06-28,0.038812488317489624,0.038812488317489624,0.038812488317489624,0.038812488317489624,0
2004-06-29,0.038812488317489624,0.038812488317489624,0.038812488317489624,0.038812488317489624,0
2004-06-30,0.038812488317489624,0.038812488317489624,0.038812488317489624,0.038812488317489624,0
2004-07-01,0.038812488317489624,0.038812488317489624,0.038812488317489624,0.038812488317489624,0
2004-07-02,0.038812488317489624,0.038812488317489624,0.038812488317489624,0.038812488317489624,0
2004-07-05,0.038812488317489624,0.038812488317489624,0.038812488317489624,0.038812488317489624,0
2004-07-06,0.038812488317489624,0.038812488317489624,0.038812488317489624,0.038812488317489624,0
2004-07-07,0.038812488317489624,0.038812488317489624,0.038812488317489624,0.038812488317489624,0
2004-07-08,0.038812488317489624,0.038812488317489624,0.038812488317489624,0.038812488317489624,0
2004-07-09,0.038812488317489624,0.038812488317489624,0.038812488317489624,0.038812488317489624,0
2004-07-12,0.038812488317489624,0.038812488317489624,0.038812488317489624,0.038812488317489624,0
2004-07-13,0.038812488317489624,0.038812488317489624,0.038812488317489624,0.038812488317489624,0
2004-07-14,0.038812488317489624,0.038812488317489624,0.038812488317489624,0.038812488317489624,0
2004-07-15,0.038812488317489624,0.038812488317489624,0.038812488317489624,0.038812488317489624,0
2004-07-16,0.038812488317489624,0.038812488317489624,0.038812488317489624,0.038812488317489624,0
2004-07-19,0.038812488317489624,0.038812488317489624,0.038812488317489624,0.038812488317489624,0
2004-07-20,0.03641083091497421,0.03641083091497421,0.03641083091497421,0.03641083091497421,636480
2004-07-21,0.03641083091497421,0.03641083091497421,0.03641083091497421,0.03641083091497421,0
2004-07-22,0.03641083091497421,0.03641083091497421,0.03641083091497421,0.03641083091497421,0
2004-07-23,0.03641083091497421,0.03641083091497421,0.03641083091497421,0.03641083091497421,0
2004-07-26,0.03641083091497421,0.03641083091497421,0.03641083091497421,0.03641083091497421,0
2004-07-27,0.03641083091497421,0.03641083091497421,0.03641083091497421,0.03641083091497421,0
2004-07-28,0.03641083091497421,0.03641083091497421,0.03641083091497421,0.03641083091497421,0
2004-07-29,0.03641083091497421,0.03641083091497421,0.03641083091497421,0.03641083091497421,0
2004-07-30,0.03641083091497421,0.03641083091497421,0.03641083091497421,0.03641083091497421,0
2004-08-02,0.03641083091497421,0.03641083091497421,0.03641083091497421,0.03641083091497421,0
2004-08-03,0.03641083091497421,0.03641083091497421,0.03641083091497421,0.03641083091497421,0
2004-08-04,0.03641083091497421,0.03641083091497421,0.03641083091497421,0.03641083091497421,0
2004-08-05,0.03641083091497421,0.03641083091497421,0.03641083091497421,0.03641083091497421,0
2004-08-06,0.03641083091497421,0.03641083091497421,0.03641083091497421,0.03641083091497421,0
2004-08-09,0.03641083091497421,0.03641083091497421,0.03641083091497421,0.03641083091497421,0
2004-08-10,0.03641083091497421,0.03641083091497421,0.03641083091497421,0.03641083091497421,0
2004-08-11,0.03641083091497421,0.03641083091497421,0.03641083091497421,0.03641083091497421,0
2004-08-12,0.03641083091497421,0.03641083091497421,0.03641083091497421,0.03641083091497421,0
2004-08-13,0.03641083091497421,0.03641083091497421,0.03641083091497421,0.03641083091497421,0
2004-08-16,0.03641083091497421,0.03641083091497421,0.03641083091497421,0.03641083091497421,0
2004-08-17,0.03641083091497421,0.03641083091497421,0.03641083091497421,0.03641083091497421,0
2004-08-18,0.03641083091497421,0.03641083091497421,0.03641083091497421,0.03641083091497421,0
2004-08-19,0.03641083091497421,0.03641083091497421,0.03641083091497421,0.03641083091497421,0
2004-08-20,0.03641083091497421,0.03641083091497421,0.03641083091497421,0.03641083091497421,0
2004-08-23,0.03641083091497421,0.03641083091497421,0.03641083091497421,0.03641083091497421,0
2004-08-24,0.03641083091497421,0.03641083091497421,0.03641083091497421,0.03641083091497421,0
2004-08-25,0.03641083091497421,0.03641083091497421,0.03641083091497421,0.03641083091497421,0
2004-08-26,0.03641083091497421,0.03641083091497421,0.03641083091497421,0.03641083091497421,0
2004-08-27,0.03641083091497421,0.03641083091497421,0.03641083091497421,0.03641083091497421,0
2004-08-30,0.03641083091497421,0.03641083091497421,0.03641083091497421,0.03641083091497421,0
2004-08-31,0.03641083091497421,0.03641083091497421,0.03641083091497421,0.03641083091497421,0
2004-09-01,0.03641083091497421,0.03641083091497421,0.03641083091497421,0.03641083091497421,0
2004-09-02,0.03641083091497421,0.03641083091497421,0.03641083091497421,0.03641083091497421,0
2004-09-03,0.03641083091497421,0.03641083091497421,0.03641083091497421,0.03641083091497421,0
2004-09-06,0.03641083091497421,0.03641083091497421,0.03641083091497421,0.03641083091497421,0
2004-09-07,0.03641083091497421,0.03641083091497421,0.03641083091497421,0.03641083091497421,0
2004-09-08,0.03641083091497421,0.03641083091497421,0.03641083091497421,0.03641083091497421,0
2004-09-09,0.03641083091497421,0.03641083091497421,0.03641083091497421,0.03641083091497421,0
2004-09-10,0.03641083091497421,0.03641083091497421,0.03641083091497421,0.03641083091497421,0
2004-09-13,0.041238073259592056,0.041238073259592056,0.041238073259592056,0.041238073259592056,1272960
2004-09-14,0.041238073259592056,0.041238073259592056,0.041238073259592056,0.041238073259592056,0
2004-09-15,0.041238073259592056,0.041238073259592056,0.041238073259592056,0.041238073259592056,0
2004-09-16,0.041238073259592056,0.041238073259592056,0.041238073259592056,0.041238073259592056,0
2004-09-17,0.041238073259592056,0.041238073259592056,0.041238073259592056,0.041238073259592056,0
2004-09-20,0.043664444237947464,0.043664444237947464,0.043664444237947464,0.043664444237947464,636480
2004-09-21,0.043664444237947464,0.043664444237947464,0.043664444237947464,0.043664444237947464,0
2004-09-22,0.043664444237947464,0.043664444237947464,0.043664444237947464,0.043664444237947464,0
2004-09-23,0.043664444237947464,0.043664444237947464,0.043664444237947464,0.043664444237947464,0
2004-09-24,0.043664444237947464,0.043664444237947464,0.043664444237947464,0.043664444237947464,0
2004-09-27,0.043664444237947464,0.043664444237947464,0.043664444237947464,0.043664444237947464,1909440
2004-09-28,0.043664444237947464,0.043664444237947464,0.043664444237947464,0.043664444237947464,0
2004-09-29,0.043664444237947464,0.043664444237947464,0.043664444237947464,0.043664444237947464,0
2004-09-30,0.043664444237947464,0.043664444237947464,0.043664444237947464,0.043664444237947464,0
2004-10-01,0.043664444237947464,0.043664444237947464,0.043664444237947464,0.043664444237947464,0
2004-10-04,0.043664444237947464,0.043664444237947464,0.043664444237947464,0.043664444237947464,0
2004-10-05,0.043664444237947464,0.043664444237947464,0.043664444237947464,0.043664444237947464,0
2004-10-06,0.043664444237947464,0.043664444237947464,0.043664444237947464,0.043664444237947464,0
2004-10-07,0.043664444237947464,0.043664444237947464,0.043664444237947464,0.043664444237947464,0
2004-10-08,0.043664444237947464,0.043664444237947464,0.043664444237947464,0.043664444237947464,0
2004-10-11,0.043664444237947464,0.043664444237947464,0.043664444237947464,0.043664444237947464,0
2004-10-12,0.043664444237947464,0.043664444237947464,0.043664444237947464,0.043664444237947464,0
2004-10-13,0.043664444237947464,0.043664444237947464,0.043664444237947464,0.043664444237947464,0
2004-10-14,0.043664444237947464,0.043664444237947464,0.043664444237947464,0.043664444237947464,0
2004-10-15,0.043664444237947464,0.043664444237947464,0.043664444237947464,0.043664444237947464,0
2004-10-18,0.043664444237947464,0.043664444237947464,0.043664444237947464,0.043664444237947464,0
2004-10-19,0.043664444237947464,0.043664444237947464,0.043664444237947464,0.043664444237947464,0
2004-10-20,0.043664444237947464,0.043664444237947464,0.043664444237947464,0.043664444237947464,0
2004-10-21,0.043664444237947464,0.043664444237947464,0.043664444237947464,0.043664444237947464,0
2004-10-22,0.043664444237947464,0.043664444237947464,0.043664444237947464,0.043664444237947464,0
2004-10-25,0.043664444237947464,0.043664444237947464,0.043664444237947464,0.043664444237947464,0
2004-10-26,0.043664444237947464,0.043664444237947464,0.043664444237947464,0.043664444237947464,0
2004-10-27,0.043664444237947464,0.043664444237947464,0.043664444237947464,0.043664444237947464,0
2004-10-28,0.043664444237947464,0.043664444237947464,0.043664444237947464,0.043664444237947464,0
2004-10-29,0.043664444237947464,0.043664444237947464,0.043664444237947464,0.043664444237947464,0
2004-11-01,0.043664444237947464,0.043664444237947464,0.043664444237947464,0.043664444237947464,0
2004-11-03,0.04245086759328842,0.04245086759328842,0.04245086759328842,0.04245086759328842,1272960
2004-11-04,0.04245086759328842,0.04245086759328842,0.04245086759328842,0.04245086759328842,0
2004-11-05,0.04245086759328842,0.04245086759328842,0.04245086759328842,0.04245086759328842,0
2004-11-08,0.04245086759328842,0.04245086759328842,0.04245086759328842,0.04245086759328842,0
2004-11-09,0.04245086759328842,0.04245086759328842,0.04245086759328842,0.04245086759328842,0
2004-11-10,0.04245086759328842,0.04245086759328842,0.04245086759328842,0.04245086759328842,0
2004-11-11,0.04245086759328842,0.04245086759328842,0.04245086759328842,0.04245086759328842,0
2004-11-12,0.04245086759328842,0.04245086759328842,0.04245086759328842,0.04245086759328842,0
2004-11-15,0.04245086759328842,0.04245086759328842,0.04245086759328842,0.04245086759328842,0
2004-11-16,0.04245086759328842,0.04245086759328842,0.04245086759328842,0.04245086759328842,0
2004-11-17,0.04245086759328842,0.04245086759328842,0.04245086759328842,0.04245086759328842,0
2004-11-18,0.04245086759328842,0.04245086759328842,0.04245086759328842,0.04245086759328842,0
2004-11-19,0.043760936707258224,0.043760936707258224,0.043760936707258224,0.043760936707258224,5091840
2004-11-22,0.043760936707258224,0.043760936707258224,0.043760936707258224,0.043760936707258224,0
2004-11-23,0.043760936707258224,0.043760936707258224,0.043760936707258224,0.043760936707258224,0
2004-11-24,0.043760936707258224,0.043760936707258224,0.043760936707258224,0.043760936707258224,0
2004-11-25,0.043760936707258224,0.043760936707258224,0.043760936707258224,0.043760936707258224,0
2004-11-26,0.043760936707258224,0.043760936707258224,0.043760936707258224,0.043760936707258224,0
2004-11-29,0.043760936707258224,0.043760936707258224,0.043760936707258224,0.043760936707258224,0
2004-11-30,0.043760936707258224,0.043760936707258224,0.043760936707258224,0.043760936707258224,0
2004-12-01,0.043760936707258224,0.043760936707258224,0.043760936707258224,0.043760936707258224,0
2004-12-02,0.043760936707258224,0.043760936707258224,0.043760936707258224,0.043760936707258224,0
2004-12-03,0.043760936707258224,0.043760936707258224,0.043760936707258224,0.043760936707258224,0
2004-12-06,0.043760936707258224,0.043760936707258224,0.043760936707258224,0.043760936707258224,0
2004-12-07,0.043760936707258224,0.043760936707258224,0.043760936707258224,0.043760936707258224,0
2004-12-08,0.043760936707258224,0.043760936707258224,0.043760936707258224,0.043760936707258224,0
2004-12-09,0.043760936707258224,0.043760936707258224,0.043760936707258224,0.043760936707258224,0
2004-12-10,0.043760936707258224,0.043760936707258224,0.043760936707258224,0.043760936707258224,0
2004-12-13,0.043760936707258224,0.043760936707258224,0.043760936707258224,0.043760936707258224,0
2004-12-14,0.043760936707258224,0.043760936707258224,0.043760936707258224,0.043760936707258224,0
2004-12-15,0.043760936707258224,0.043760936707258224,0.043760936707258224,0.043760936707258224,0
2004-12-16,0.04851560667157173,0.04851560667157173,0.04851560667157173,0.04851560667157173,636480
2004-12-17,0.04851560667157173,0.04851560667157173,0.04851560667157173,0.04851560667157173,0
2004-12-20,0.04851560667157173,0.04851560667157173,0.04851560667157173,0.04851560667157173,0
2004-12-21,0.04851560667157173,0.04851560667157173,0.04851560667157173,0.04851560667157173,0
2004-12-22,0.04851560667157173,0.04851560667157173,0.04851560667157173,0.04851560667157173,0
2004-12-23,0.04851560667157173,0.04851560667157173,0.04851560667157173,0.04851560667157173,0
2004-12-24,0.04851560667157173,0.04851560667157173,0.04851560667157173,0.04851560667157173,0
2004-12-27,0.04851560667157173,0.04851560667157173,0.04851560667157173,0.04851560667157173,0
2004-12-28,0.04851560667157173,0.04851560667157173,0.04851560667157173,0.04851560667157173,0
2004-12-29,0.04851560667157173,0.04851560667157173,0.04851560667157173,0.04851560667157173,0
2004-12-30,0.04851560667157173,0.04851560667157173,0.04851560667157173,0.04851560667157173,0
2004-12-31,0.04851560667157173,0.04851560667157173,0.04851560667157173,0.04851560667157173,0
2005-01-03,0.04851560667157173,0.04851560667157173,0.04851560667157173,0.04851560667157173,0
2005-01-04,0.04851560667157173,0.04851560667157173,0.04851560667157173,0.04851560667157173,0
2005-01-05,0.04851560667157173,0.04851560667157173,0.04851560667157173,0.04851560667157173,0
2005-01-06,0.04851560667157173,0.04851560667157173,0.04851560667157173,0.04851560667157173,0
2005-01-07,0.04851560667157173,0.04851560667157173,0.04851560667157173,0.04851560667157173,0
2005-01-10,0.04851560667157173,0.04851560667157173,0.04851560667157173,0.04851560667157173,0
2005-01-11,0.04851560667157173,0.04851560667157173,0.04851560667157173,0.04851560667157173,0
2005-01-12,0.04851560667157173,0.04851560667157173,0.04851560667157173,0.04851560667157173,0
2005-01-13,0.04851560667157173,0.04851560667157173,0.04851560667157173,0.04851560667157173,0
2005-01-14,0.04851560667157173,0.04851560667157173,0.04851560667157173,0.04851560667157173,0
2005-01-17,0.04851560667157173,0.04851560667157173,0.04851560667157173,0.04851560667157173,0
2005-01-18,0.04851560667157173,0.04851560667157173,0.04851560667157173,0.04851560667157173,0
2005-01-19,0.04851560667157173,0.04851560667157173,0.04851560667157173,0.04851560667157173,0
2005-01-20,0.04851560667157173,0.04851560667157173,0.04851560667157173,0.04851560667157173,0
2005-01-21,0.04851560667157173,0.04851560667157173,0.04851560667157173,0.04851560667157173,0
2005-01-24,0.04851560667157173,0.04851560667157173,0.04851560667157173,0.04851560667157173,0
2005-01-26,0.04851560667157173,0.04851560667157173,0.04851560667157173,0.04851560667157173,0
2005-01-27,0.04851560667157173,0.04851560667157173,0.04851560667157173,0.04851560667157173,0
2005-01-28,0.04851560667157173,0.04851560667157173,0.04851560667157173,0.04851560667157173,0
2005-01-31,0.04851560667157173,0.04851560667157173,0.04851560667157173,0.04851560667157173,0
2005-02-01,0.04851560667157173,0.04851560667157173,0.04851560667157173,0.04851560667157173,0
2005-02-02,0.04851560667157173,0.04851560667157173,0.04851560667157173,0.04851560667157173,0
2005-02-03,0.04851560667157173,0.04851560667157173,0.04851560667157173,0.04851560667157173,0
2005-02-04,0.04851560667157173,0.04851560667157173,0.04851560667157173,0.04851560667157173,0
2005-02-09,0.04851560667157173,0.04851560667157173,0.04851560667157173,0.04851560667157173,0
2005-02-10,0.04851560667157173,0.04851560667157173,0.04851560667157173,0.04851560667157173,0
2005-02-11,0.04844304174184799,0.04844304174184799,0.04844304174184799,0.04844304174184799,3182400
2005-02-14,0.04844304174184799,0.04844304174184799,0.04844304174184799,0.04844304174184799,0
2005-02-15,0.04844304174184799,0.04844304174184799,0.04844304174184799,0.04844304174184799,0
2005-02-16,0.04844304174184799,0.04844304174184799,0.04844304174184799,0.04844304174184799,0
2005-02-17,0.04844304174184799,0.04844304174184799,0.04844304174184799,0.04844304174184799,0
2005-02-18,0.04844304174184799,0.04844304174184799,0.04844304174184799,0.04844304174184799,0
2005-02-21,0.04844304174184799,0.04844304174184799,0.04844304174184799,0.04844304174184799,0
2005-02-22,0.04844304174184799,0.04844304174184799,0.04844304174184799,0.04844304174184799,0
2005-02-23,0.04844304174184799,0.04844304174184799,0.04844304174184799,0.04844304174184799,0
2005-02-24,0.04844304174184799,0.04844304174184799,0.04844304174184799,0.04844304174184799,0
2005-02-25,0.04844304174184799,0.04844304174184799,0.04844304174184799,0.04844304174184799,0
2005-02-28,0.04844304174184799,0.04844304174184799,0.04844304174184799,0.04844304174184799,0
2005-03-01,0.04844304174184799,0.04844304174184799,0.04844304174184799,0.04844304174184799,0
2005-03-02,0.04844304174184799,0.04844304174184799,0.04844304174184799,0.04844304174184799,0
2005-03-03,0.04844304174184799,0.04844304174184799,0.04844304174184799,0.04844304174184799,0
2005-03-04,0.04844304174184799,0.04844304174184799,0.04844304174184799,0.04844304174184799,0
2005-03-07,0.04844304174184799,0.04844304174184799,0.04844304174184799,0.04844304174184799,0
2005-03-08,0.04851560667157173,0.04851560667157173,0.04851560667157173,0.04851560667157173,3182400
2005-03-09,0.04851560667157173,0.04851560667157173,0.04851560667157173,0.04851560667157173,0
2005-03-10,0.04851560667157173,0.04851560667157173,0.04851560667157173,0.04851560667157173,0
2005-03-11,0.04851560667157173,0.04851560667157173,0.04851560667157173,0.04851560667157173,0
2005-03-14,0.04851560667157173,0.04851560667157173,0.04851560667157173,0.04851560667157173,0
2005-03-15,0.04851560667157173,0.04851560667157173,0.04851560667157173,0.04851560667157173,0
2005-03-16,0.04851560667157173,0.04851560667157173,0.04851560667157173,0.04851560667157173,0
2005-03-17,0.04851560667157173,0.04851560667157173,0.04851560667157173,0.04851560667157173,0
2005-03-18,0.04851560667157173,0.04851560667157173,0.04851560667157173,0.04851560667157173,0
2005-03-21,0.04851560667157173,0.04851560667157173,0.04851560667157173,0.04851560667157173,0
2005-03-22,0.04851560667157173,0.04851560667157173,0.04851560667157173,0.04851560667157173,0
2005-03-23,0.04390684515237808,0.04390684515237808,0.04390684515237808,0.04390684515237808,8274240
2005-03-24,0.043664444237947464,0.043664444237947464,0.043664444237947464,0.043664444237947464,15912000
2005-03-28,0.043664444237947464,0.043664444237947464,0.043664444237947464,0.043664444237947464,0
2005-03-29,0.043664444237947464,0.043664444237947464,0.043664444237947464,0.043664444237947464,0
2005-03-30,0.043664444237947464,0.043664444237947464,0.043664444237947464,0.043664444237947464,0
2005-03-31,0.043664444237947464,0.043664444237947464,0.043664444237947464,0.043664444237947464,0
2005-04-01,0.043664444237947464,0.043664444237947464,0.043664444237947464,0.043664444237947464,0
2005-04-04,0.043664444237947464,0.043664444237947464,0.043664444237947464,0.043664444237947464,0
2005-04-05,0.043664444237947464,0.043664444237947464,0.043664444237947464,0.043664444237947464,0
2005-04-06,0.043664444237947464,0.043664444237947464,0.043664444237947464,0.043664444237947464,0
2005-04-07,0.043664444237947464,0.043664444237947464,0.043664444237947464,0.043664444237947464,0
2005-04-08,0.043664444237947464,0.043664444237947464,0.043664444237947464,0.043664444237947464,0
2005-04-11,0.043664444237947464,0.043664444237947464,0.043664444237947464,0.043664444237947464,0
2005-04-12,0.043664444237947464,0.043664444237947464,0.043664444237947464,0.043664444237947464,0
2005-04-13,0.043664444237947464,0.043664444237947464,0.043664444237947464,0.043664444237947464,0
2005-04-14,0.043664444237947464,0.043664444237947464,0.043664444237947464,0.043664444237947464,0
2005-04-15,0.041238073259592056,0.041238073259592056,0.041238073259592056,0.041238073259592056,5728320
2005-04-18,0.041238073259592056,0.041238073259592056,0.041238073259592056,0.041238073259592056,0
2005-04-19,0.041238073259592056,0.041238073259592056,0.041238073259592056,0.041238073259592056,0
2005-04-20,0.041238073259592056,0.041238073259592056,0.041238073259592056,0.041238073259592056,0
2005-04-22,0.041238073259592056,0.041238073259592056,0.041238073259592056,0.041238073259592056,0
2005-04-25,0.041238073259592056,0.041238073259592056,0.041238073259592056,0.041238073259592056,0
2005-04-26,0.041238073259592056,0.041238073259592056,0.041238073259592056,0.041238073259592056,0
2005-04-27,0.041238073259592056,0.041238073259592056,0.041238073259592056,0.041238073259592056,0
2005-04-28,0.041238073259592056,0.041238073259592056,0.041238073259592056,0.041238073259592056,0
2005-04-29,0.041238073259592056,0.041238073259592056,0.041238073259592056,0.041238073259592056,0
2005-05-02,0.041238073259592056,0.041238073259592056,0.041238073259592056,0.041238073259592056,0
2005-05-03,0.041238073259592056,0.041238073259592056,0.041238073259592056,0.041238073259592056,0
2005-05-04,0.041238073259592056,0.041238073259592056,0.041238073259592056,0.041238073259592056,0
2005-05-05,0.041238073259592056,0.041238073259592056,0.041238073259592056,0.041238073259592056,0
2005-05-06,0.041238073259592056,0.041238073259592056,0.041238073259592056,0.041238073259592056,0
2005-05-09,0.041238073259592056,0.041238073259592056,0.041238073259592056,0.041238073259592056,0
2005-05-10,0.041238073259592056,0.041238073259592056,0.041238073259592056,0.041238073259592056,0
2005-05-11,0.041238073259592056,0.041238073259592056,0.041238073259592056,0.041238073259592056,0
2005-05-12,0.041238073259592056,0.041238073259592056,0.041238073259592056,0.041238073259592056,0
2005-05-13,0.041238073259592056,0.041238073259592056,0.041238073259592056,0.041238073259592056,0
2005-05-16,0.041238073259592056,0.041238073259592056,0.041238073259592056,0.041238073259592056,0
2005-05-17,0.041238073259592056,0.041238073259592056,0.041238073259592056,0.041238073259592056,0
2005-05-18,0.041238073259592056,0.041238073259592056,0.041238073259592056,0.041238073259592056,0
2005-05-19,0.041238073259592056,0.041238073259592056,0.041238073259592056,0.041238073259592056,0
2005-05-20,0.041238073259592056,0.041238073259592056,0.041238073259592056,0.041238073259592056,0
2005-05-23,0.041238073259592056,0.041238073259592056,0.041238073259592056,0.041238073259592056,0
2005-05-24,0.041238073259592056,0.041238073259592056,0.041238073259592056,0.041238073259592056,0
2005-05-25,0.041238073259592056,0.041238073259592056,0.041238073259592056,0.041238073259592056,0
2005-05-27,0.041238073259592056,0.041238073259592056,0.041238073259592056,0.041238073259592056,0
2005-05-30,0.041238073259592056,0.041238073259592056,0.041238073259592056,0.041238073259592056,0
2005-05-31,0.041238073259592056,0.041238073259592056,0.041238073259592056,0.041238073259592056,0
2005-06-01,0.041238073259592056,0.041238073259592056,0.041238073259592056,0.041238073259592056,0
2005-06-02,0.041238073259592056,0.041238073259592056,0.041238073259592056,0.041238073259592056,0
2005-06-03,0.041238073259592056,0.041238073259592056,0.041238073259592056,0.041238073259592056,0
2005-06-06,0.041238073259592056,0.041238073259592056,0.041238073259592056,0.041238073259592056,0
2005-06-07,0.041238073259592056,0.041238073259592056,0.041238073259592056,0.041238073259592056,0
2005-06-08,0.041238073259592056,0.041238073259592056,0.041238073259592056,0.041238073259592056,0
2005-06-09,0.041238073259592056,0.041238073259592056,0.041238073259592056,0.041238073259592056,0
2005-06-10,0.041238073259592056,0.041238073259592056,0.041238073259592056,0.041238073259592056,0
2005-06-13,0.041238073259592056,0.041238073259592056,0.041238073259592056,0.041238073259592056,0
2005-06-14,0.041238073259592056,0.041238073259592056,0.041238073259592056,0.041238073259592056,0
2005-06-15,0.041238073259592056,0.041238073259592056,0.041238073259592056,0.041238073259592056,0
2005-06-16,0.03793937712907791,0.03793937712907791,0.03793937712907791,0.03793937712907791,46463040
2005-06-17,0.03793937712907791,0.03793937712907791,0.03793937712907791,0.03793937712907791,0
2005-06-20,0.03793937712907791,0.03793937712907791,0.03793937712907791,0.03793937712907791,0
2005-06-21,0.03793937712907791,0.03793937712907791,0.03793937712907791,0.03793937712907791,0
2005-06-22,0.03793937712907791,0.03793937712907791,0.03793937712907791,0.03793937712907791,0
2005-06-23,0.036386895924806595,0.036386895924806595,0.036386895924806595,0.036386895924806595,636480
2005-06-24,0.036386895924806595,0.036386895924806595,0.036386895924806595,0.036386895924806595,0
2005-06-27,0.036386895924806595,0.036386895924806595,0.036386895924806595,0.036386895924806595,0
2005-06-28,0.036386895924806595,0.036386895924806595,0.036386895924806595,0.036386895924806595,0
2005-06-29,0.036386895924806595,0.036386895924806595,0.036386895924806595,0.036386895924806595,0
2005-06-30,0.036386895924806595,0.036386895924806595,0.036386895924806595,0.036386895924806595,0
2005-07-01,0.036386895924806595,0.036386895924806595,0.036386895924806595,0.036386895924806595,0
2005-07-04,0.036386895924806595,0.036386895924806595,0.036386895924806595,0.036386895924806595,0
2005-07-05,0.036386895924806595,0.036386895924806595,0.036386895924806595,0.036386895924806595,0
2005-07-06,0.036386895924806595,0.036386895924806595,0.036386895924806595,0.036386895924806595,0
2005-07-07,0.036386895924806595,0.036386895924806595,0.036386895924806595,0.036386895924806595,0
2005-07-08,0.03522196412086487,0.03522196412086487,0.03522196412086487,0.03522196412086487,636480
2005-07-11,0.03522196412086487,0.03522196412086487,0.03522196412086487,0.03522196412086487,0
2005-07-12,0.03522196412086487,0.03522196412086487,0.03522196412086487,0.03522196412086487,0
2005-07-13,0.03522196412086487,0.03522196412086487,0.03522196412086487,0.03522196412086487,0
2005-07-14,0.03522196412086487,0.03522196412086487,0.03522196412086487,0.03522196412086487,0
2005-07-15,0.03522196412086487,0.03522196412086487,0.03522196412086487,0.03522196412086487,0
2005-07-18,0.03522196412086487,0.03522196412086487,0.03522196412086487,0.03522196412086487,0
2005-07-19,0.03522196412086487,0.03522196412086487,0.03522196412086487,0.03522196412086487,0
2005-07-20,0.03522196412086487,0.03522196412086487,0.03522196412086487,0.03522196412086487,0
2005-07-21,0.03522196412086487,0.03522196412086487,0.03522196412086487,0.03522196412086487,0
2005-07-22,0.03522196412086487,0.03522196412086487,0.03522196412086487,0.03522196412086487,0
2005-07-25,0.03522196412086487,0.03522196412086487,0.03522196412086487,0.03522196412086487,0
2005-07-26,0.03522196412086487,0.03522196412086487,0.03522196412086487,0.03522196412086487,0
2005-07-27,0.03522196412086487,0.03522196412086487,0.03522196412086487,0.03522196412086487,0
2005-07-28,0.03522196412086487,0.03522196412086487,0.03522196412086487,0.03522196412086487,0
2005-07-29,0.03522196412086487,0.03522196412086487,0.03522196412086487,0.03522196412086487,0
2005-08-01,0.03522196412086487,0.03522196412086487,0.03522196412086487,0.03522196412086487,0
2005-08-02,0.03522196412086487,0.03522196412086487,0.03522196412086487,0.03522196412086487,0
2005-08-03,0.03522196412086487,0.03522196412086487,0.03522196412086487,0.03522196412086487,0
2005-08-04,0.03522196412086487,0.03522196412086487,0.03522196412086487,0.03522196412086487,0
2005-08-05,0.03522196412086487,0.03522196412086487,0.03522196412086487,0.03522196412086487,0
2005-08-08,0.03522196412086487,0.03522196412086487,0.03522196412086487,0.03522196412086487,0
2005-08-09,0.03522196412086487,0.03522196412086487,0.03522196412086487,0.03522196412086487,0
2005-08-10,0.03522196412086487,0.03522196412086487,0.03522196412086487,0.03522196412086487,0
2005-08-11,0.03522196412086487,0.03522196412086487,0.03522196412086487,0.03522196412086487,0
2005-08-12,0.03522196412086487,0.03522196412086487,0.03522196412086487,0.03522196412086487,0
2005-08-15,0.03522196412086487,0.03522196412086487,0.03522196412086487,0.03522196412086487,0
2005-08-16,0.03522196412086487,0.03522196412086487,0.03522196412086487,0.03522196412086487,0
2005-08-17,0.03522196412086487,0.03522196412086487,0.03522196412086487,0.03522196412086487,0
2005-08-18,0.03522196412086487,0.03522196412086487,0.03522196412086487,0.03522196412086487,0
2005-08-19,0.03522196412086487,0.03522196412086487,0.03522196412086487,0.03522196412086487,0
2005-08-22,0.03522196412086487,0.03522196412086487,0.03522196412086487,0.03522196412086487,0
2005-08-23,0.038812488317489624,0.038812488317489624,0.038812488317489624,0.038812488317489624,636480
2005-08-24,0.038812488317489624,0.038812488317489624,0.038812488317489624,0.038812488317489624,0
2005-08-25,0.038812488317489624,0.038812488317489624,0.038812488317489624,0.038812488317489624,0
2005-08-26,0.038812488317489624,0.038812488317489624,0.038812488317489624,0.038812488317489624,0
2005-08-29,0.038812488317489624,0.038812488317489624,0.038812488317489624,0.038812488317489624,0
2005-08-30,0.038812488317489624,0.038812488317489624,0.038812488317489624,0.038812488317489624,0
2005-08-31,0.038812488317489624,0.038812488317489624,0.038812488317489624,0.038812488317489624,0
2005-09-01,0.038812488317489624,0.038812488317489624,0.038812488317489624,0.038812488317489624,0
2005-09-02,0.038812488317489624,0.038812488317489624,0.038812488317489624,0.038812488317489624,0
2005-09-05,0.038812488317489624,0.038812488317489624,0.038812488317489624,0.038812488317489624,0
2005-09-06,0.03890975937247276,0.03890975937247276,0.03890975937247276,0.03890975937247276,636480
2005-09-08,0.03890975937247276,0.03890975937247276,0.03890975937247276,0.03890975937247276,0
2005-09-09,0.03890975937247276,0.03890975937247276,0.03890975937247276,0.03890975937247276,0
2005-09-12,0.03890975937247276,0.03890975937247276,0.03890975937247276,0.03890975937247276,0
2005-09-13,0.03890975937247276,0.03890975937247276,0.03890975937247276,0.03890975937247276,0
2005-09-14,0.03890975937247276,0.03890975937247276,0.03890975937247276,0.03890975937247276,0
2005-09-15,0.03890975937247276,0.03890975937247276,0.03890975937247276,0.03890975937247276,0
2005-09-16,0.03890975937247276,0.03890975937247276,0.03890975937247276,0.03890975937247276,0
2005-09-19,0.03890975937247276,0.03890975937247276,0.03890975937247276,0.03890975937247276,0
2005-09-20,0.03890975937247276,0.03890975937247276,0.03890975937247276,0.03890975937247276,0
2005-09-21,0.03890975937247276,0.03890975937247276,0.03890975937247276,0.03890975937247276,0
2005-09-22,0.03890975937247276,0.03890975937247276,0.03890975937247276,0.03890975937247276,0
2005-09-23,0.03890975937247276,0.03890975937247276,0.03890975937247276,0.03890975937247276,0
2005-09-26,0.03890975937247276,0.03890975937247276,0.03890975937247276,0.03890975937247276,0
2005-09-27,0.03890975937247276,0.03890975937247276,0.03890975937247276,0.03890975937247276,0
2005-09-28,0.03890975937247276,0.03890975937247276,0.03890975937247276,0.03890975937247276,0
2005-09-29,0.03890975937247276,0.03890975937247276,0.03890975937247276,0.03890975937247276,0
2005-09-30,0.038812488317489624,0.038812488317489624,0.038812488317489624,0.038812488317489624,3182400
2005-10-03,0.038812488317489624,0.038812488317489624,0.038812488317489624,0.038812488317489624,0
2005-10-04,0.041238073259592056,0.041238073259592056,0.041238073259592056,0.041238073259592056,636480
2005-10-05,0.041238073259592056,0.041238073259592056,0.041238073259592056,0.041238073259592056,0
2005-10-06,0.041238073259592056,0.041238073259592056,0.041238073259592056,0.041238073259592056,0
2005-10-07,0.041238073259592056,0.041238073259592056,0.041238073259592056,0.041238073259592056,0
2005-10-10,0.041238073259592056,0.041238073259592056,0.041238073259592056,0.041238073259592056,0
2005-10-11,0.041238073259592056,0.041238073259592056,0.041238073259592056,0.041238073259592056,0
2005-10-13,0.041238073259592056,0.041238073259592056,0.041238073259592056,0.041238073259592056,0
2005-10-14,0.041238073259592056,0.041238073259592056,0.041238073259592056,0.041238073259592056,0
2005-10-17,0.041238073259592056,0.041238073259592056,0.041238073259592056,0.041238073259592056,0
2005-10-18,0.041238073259592056,0.041238073259592056,0.041238073259592056,0.041238073259592056,0
2005-10-19,0.041238073259592056,0.041238073259592056,0.041238073259592056,0.041238073259592056,0
2005-10-20,0.041238073259592056,0.041238073259592056,0.041238073259592056,0.041238073259592056,0
2005-10-21,0.041238073259592056,0.041238073259592056,0.041238073259592056,0.041238073259592056,0
2005-10-24,0.041238073259592056,0.041238073259592056,0.041238073259592056,0.041238073259592056,0
2005-10-25,0.041238073259592056,0.041238073259592056,0.041238073259592056,0.041238073259592056,0
2005-10-26,0.041238073259592056,0.041238073259592056,0.041238073259592056,0.041238073259592056,0
2005-10-27,0.041238073259592056,0.041238073259592056,0.041238073259592056,0.041238073259592056,0
2005-10-28,0.041238073259592056,0.041238073259592056,0.041238073259592056,0.041238073259592056,0
2005-10-31,0.041238073259592056,0.041238073259592056,0.041238073259592056,0.041238073259592056,0
2005-11-01,0.041238073259592056,0.041238073259592056,0.041238073259592056,0.041238073259592056,0
2005-11-03,0.041238073259592056,0.041238073259592056,0.041238073259592056,0.041238073259592056,0
2005-11-04,0.041238073259592056,0.041238073259592056,0.041238073259592056,0.041238073259592056,0
2005-11-07,0.041238073259592056,0.041238073259592056,0.041238073259592056,0.041238073259592056,0
2005-11-08,0.041238073259592056,0.041238073259592056,0.041238073259592056,0.041238073259592056,0
2005-11-09,0.041238073259592056,0.041238073259592056,0.041238073259592056,0.041238073259592056,0
2005-11-10,0.041238073259592056,0.041238073259592056,0.041238073259592056,0.041238073259592056,0
2005-11-11,0.041238073259592056,0.041238073259592056,0.041238073259592056,0.041238073259592056,0
2005-11-14,0.041238073259592056,0.041238073259592056,0.041238073259592056,0.041238073259592056,0
2005-11-16,0.041238073259592056,0.041238073259592056,0.041238073259592056,0.041238073259592056,0
2005-11-17,0.041238073259592056,0.041238073259592056,0.041238073259592056,0.041238073259592056,0
2005-11-18,0.041238073259592056,0.041238073259592056,0.041238073259592056,0.041238073259592056,0
2005-11-21,0.041238073259592056,0.041238073259592056,0.041238073259592056,0.041238073259592056,0
2005-11-22,0.041238073259592056,0.041238073259592056,0.041238073259592056,0.041238073259592056,0
2005-11-23,0.041238073259592056,0.041238073259592056,0.041238073259592056,0.041238073259592056,0
2005-11-24,0.041238073259592056,0.041238073259592056,0.041238073259592056,0.041238073259592056,0
2005-11-25,0.041238073259592056,0.041238073259592056,0.041238073259592056,0.041238073259592056,0
2005-11-28,0.041238073259592056,0.041238073259592056,0.041238073259592056,0.041238073259592056,0
2005-11-29,0.041238073259592056,0.041238073259592056,0.041238073259592056,0.041238073259592056,0
2005-11-30,0.041238073259592056,0.041238073259592056,0.041238073259592056,0.041238073259592056,0
2005-12-01,0.041238073259592056,0.041238073259592056,0.041238073259592056,0.041238073259592056,0
2005-12-02,0.041238073259592056,0.041238073259592056,0.041238073259592056,0.041238073259592056,0
2005-12-05,0.041238073259592056,0.041238073259592056,0.041238073259592056,0.041238073259592056,0
2005-12-06,0.041238073259592056,0.041238073259592056,0.041238073259592056,0.041238073259592056,1909440
2005-12-07,0.041238073259592056,0.041238073259592056,0.041238073259592056,0.041238073259592056,0
2005-12-08,0.041238073259592056,0.041238073259592056,0.041238073259592056,0.041238073259592056,0
2005-12-09,0.041238073259592056,0.041238073259592056,0.041238073259592056,0.041238073259592056,0
2005-12-12,0.041238073259592056,0.041238073259592056,0.041238073259592056,0.041238073259592056,0
2005-12-13,0.041238073259592056,0.041238073259592056,0.041238073259592056,0.041238073259592056,0
2005-12-14,0.041238073259592056,0.041238073259592056,0.041238073259592056,0.041238073259592056,0
2005-12-15,0.041238073259592056,0.041238073259592056,0.041238073259592056,0.041238073259592056,0
2005-12-16,0.041238073259592056,0.041238073259592056,0.041238073259592056,0.041238073259592056,0
2005-12-19,0.041238073259592056,0.041238073259592056,0.041238073259592056,0.041238073259592056,0
2005-12-20,0.041238073259592056,0.041238073259592056,0.041238073259592056,0.041238073259592056,0
2005-12-21,0.041238073259592056,0.041238073259592056,0.041238073259592056,0.041238073259592056,0
2005-12-22,0.041238073259592056,0.041238073259592056,0.041238073259592056,0.041238073259592056,0
2005-12-23,0.041238073259592056,0.041238073259592056,0.041238073259592056,0.041238073259592056,0
2005-12-26,0.041238073259592056,0.041238073259592056,0.041238073259592056,0.041238073259592056,0
2005-12-27,0.041238073259592056,0.041238073259592056,0.041238073259592056,0.041238073259592056,0
2005-12-28,0.041238073259592056,0.041238073259592056,0.041238073259592056,0.041238073259592056,0
2005-12-29,0.041238073259592056,0.041238073259592056,0.041238073259592056,0.041238073259592056,0
2006-01-02,0.041238073259592056,0.041238073259592056,0.041238073259592056,0.041238073259592056,0
2006-01-03,0.041238073259592056,0.041238073259592056,0.041238073259592056,0.041238073259592056,0
2006-01-04,0.041238073259592056,0.041238073259592056,0.041238073259592056,0.041238073259592056,0
2006-01-05,0.041238073259592056,0.041238073259592056,0.041238073259592056,0.041238073259592056,0
2006-01-06,0.041238073259592056,0.041238073259592056,0.041238073259592056,0.041238073259592056,0
2006-01-09,0.041238073259592056,0.041238073259592056,0.041238073259592056,0.041238073259592056,0
2006-01-10,0.041238073259592056,0.041238073259592056,0.041238073259592056,0.041238073259592056,0
2006-01-11,0.041238073259592056,0.041238073259592056,0.041238073259592056,0.041238073259592056,0
2006-01-12,0.041238073259592056,0.041238073259592056,0.041238073259592056,0.041238073259592056,0
2006-01-13,0.041238073259592056,0.041238073259592056,0.041238073259592056,0.041238073259592056,0
2006-01-16,0.041238073259592056,0.041238073259592056,0.041238073259592056,0.041238073259592056,0
2006-01-17,0.041238073259592056,0.041238073259592056,0.041238073259592056,0.041238073259592056,0
2006-01-18,0.041238073259592056,0.041238073259592056,0.041238073259592056,0.041238073259592056,0
2006-01-19,0.041238073259592056,0.041238073259592056,0.041238073259592056,0.041238073259592056,0
2006-01-20,0.041238073259592056,0.041238073259592056,0.041238073259592056,0.041238073259592056,0
2006-01-23,0.041238073259592056,0.041238073259592056,0.041238073259592056,0.041238073259592056,0
2006-01-24,0.041238073259592056,0.041238073259592056,0.041238073259592056,0.041238073259592056,0
2006-01-25,0.041238073259592056,0.041238073259592056,0.041238073259592056,0.041238073259592056,0
2006-01-26,0.041238073259592056,0.041238073259592056,0.041238073259592056,0.041238073259592056,0
2006-01-27,0.041238073259592056,0.041238073259592056,0.041238073259592056,0.041238073259592056,0
2006-01-30,0.041238073259592056,0.041238073259592056,0.041238073259592056,0.041238073259592056,0
2006-01-31,0.041238073259592056,0.041238073259592056,0.041238073259592056,0.041238073259592056,0
2006-02-01,0.041238073259592056,0.041238073259592056,0.041238073259592056,0.041238073259592056,0
2006-02-02,0.041238073259592056,0.041238073259592056,0.041238073259592056,0.041238073259592056,0
2006-02-03,0.041238073259592056,0.041238073259592056,0.041238073259592056,0.041238073259592056,0
2006-02-06,0.041238073259592056,0.041238073259592056,0.041238073259592056,0.041238073259592056,0
2006-02-07,0.041238073259592056,0.041238073259592056,0.041238073259592056,0.041238073259592056,0
2006-02-08,0.041238073259592056,0.041238073259592056,0.041238073259592056,0.041238073259592056,0
2006-02-09,0.041238073259592056,0.041238073259592056,0.041238073259592056,0.041238073259592056,0
2006-02-10,0.041238073259592056,0.041238073259592056,0.041238073259592056,0.041238073259592056,0
2006-02-13,0.041238073259592056,0.041238073259592056,0.041238073259592056,0.041238073259592056,0
2006-02-14,0.041238073259592056,0.041238073259592056,0.041238073259592056,0.041238073259592056,0
2006-02-15,0.041238073259592056,0.041238073259592056,0.041238073259592056,0.041238073259592056,0
2006-02-16,0.041238073259592056,0.041238073259592056,0.041238073259592056,0.041238073259592056,0
2006-02-17,0.041238073259592056,0.041238073259592056,0.041238073259592056,0.041238073259592056,0
2006-02-20,0.041238073259592056,0.041238073259592056,0.041238073259592056,0.041238073259592056,0
2006-02-21,0.041238073259592056,0.041238073259592056,0.041238073259592056,0.041238073259592056,0
2006-02-22,0.041238073259592056,0.041238073259592056,0.041238073259592056,0.041238073259592056,0
2006-02-23,0.041238073259592056,0.041238073259592056,0.041238073259592056,0.041238073259592056,0
2006-02-24,0.041238073259592056,0.041238073259592056,0.041238073259592056,0.041238073259592056,0
2006-02-27,0.041238073259592056,0.041238073259592056,0.041238073259592056,0.041238073259592056,0
2006-02-28,0.041238073259592056,0.041238073259592056,0.041238073259592056,0.041238073259592056,0
2006-03-01,0.041238073259592056,0.041238073259592056,0.041238073259592056,0.041238073259592056,0
2006-03-02,0.041238073259592056,0.041238073259592056,0.041238073259592056,0.041238073259592056,0
2006-03-03,0.041238073259592056,0.041238073259592056,0.041238073259592056,0.041238073259592056,0
2006-03-06,0.041238073259592056,0.041238073259592056,0.041238073259592056,0.041238073259592056,0
2006-03-07,0.041238073259592056,0.041238073259592056,0.041238073259592056,0.041238073259592056,0
2006-03-08,0.041238073259592056,0.041238073259592056,0.041238073259592056,0.041238073259592056,0
2006-03-09,0.041238073259592056,0.041238073259592056,0.041238073259592056,0.041238073259592056,0
2006-03-10,0.041238073259592056,0.041238073259592056,0.041238073259592056,0.041238073259592056,0
2006-03-13,0.041238073259592056,0.041238073259592056,0.041238073259592056,0.041238073259592056,0
2006-03-14,0.041238073259592056,0.041238073259592056,0.041238073259592056,0.041238073259592056,0
2006-03-15,0.041238073259592056,0.041238073259592056,0.041238073259592056,0.041238073259592056,0
2006-03-16,0.041238073259592056,0.041238073259592056,0.041238073259592056,0.041238073259592056,0
2006-03-17,0.041238073259592056,0.041238073259592056,0.041238073259592056,0.041238073259592056,0
2006-03-20,0.041238073259592056,0.041238073259592056,0.041238073259592056,0.041238073259592056,0
2006-03-21,0.041238073259592056,0.041238073259592056,0.041238073259592056,0.041238073259592056,0
2006-03-22,0.041238073259592056,0.041238073259592056,0.041238073259592056,0.041238073259592056,0
2006-03-23,0.041238073259592056,0.041238073259592056,0.041238073259592056,0.041238073259592056,0
2006-03-24,0.041238073259592056,0.041238073259592056,0.041238073259592056,0.041238073259592056,0
2006-03-27,0.041238073259592056,0.041238073259592056,0.041238073259592056,0.041238073259592056,0
2006-03-28,0.041238073259592056,0.041238073259592056,0.041238073259592056,0.041238073259592056,0
2006-03-29,0.04172365367412567,0.04172365367412567,0.04172365367412567,0.04172365367412567,5728320
2006-03-30,0.04172365367412567,0.04172365367412567,0.04172365367412567,0.04172365367412567,0
2006-03-31,0.04172365367412567,0.04172365367412567,0.04172365367412567,0.04172365367412567,0
2006-04-03,0.04172365367412567,0.04172365367412567,0.04172365367412567,0.04172365367412567,0
2006-04-04,0.04172365367412567,0.04172365367412567,0.04172365367412567,0.04172365367412567,0
2006-04-05,0.04172365367412567,0.04172365367412567,0.04172365367412567,0.04172365367412567,0
2006-04-06,0.04172365367412567,0.04172365367412567,0.04172365367412567,0.04172365367412567,0
2006-04-07,0.04172365367412567,0.04172365367412567,0.04172365367412567,0.04172365367412567,0
2006-04-10,0.04172365367412567,0.04172365367412567,0.04172365367412567,0.04172365367412567,0
2006-04-11,0.04172365367412567,0.04172365367412567,0.04172365367412567,0.04172365367412567,0
2006-04-12,0.04172365367412567,0.04172365367412567,0.04172365367412567,0.04172365367412567,0
2006-04-13,0.04172365367412567,0.04172365367412567,0.04172365367412567,0.04172365367412567,0
2006-04-14,0.04172365367412567,0.04172365367412567,0.04172365367412567,0.04172365367412567,0
2006-04-17,0.04172365367412567,0.04172365367412567,0.04172365367412567,0.04172365367412567,0
2006-04-18,0.04172365367412567,0.04172365367412567,0.04172365367412567,0.04172365367412567,0
2006-04-19,0.04172365367412567,0.04172365367412567,0.04172365367412567,0.04172365367412567,0
2006-04-20,0.04172365367412567,0.04172365367412567,0.04172365367412567,0.04172365367412567,0
2006-04-21,0.04172365367412567,0.04172365367412567,0.04172365367412567,0.04172365367412567,0
2006-04-24,0.04172365367412567,0.04172365367412567,0.04172365367412567,0.04172365367412567,0
2006-04-25,0.04172365367412567,0.04172365367412567,0.04172365367412567,0.04172365367412567,0
2006-04-26,0.04172365367412567,0.04172365367412567,0.04172365367412567,0.04172365367412567,0
2006-04-27,0.04172365367412567,0.04172365367412567,0.04172365367412567,0.04172365367412567,0
2006-04-28,0.04172365367412567,0.04172365367412567,0.04172365367412567,0.04172365367412567,0
2006-05-01,0.04172365367412567,0.04172365367412567,0.04172365367412567,0.04172365367412567,0
2006-05-02,0.04172365367412567,0.04172365367412567,0.04172365367412567,0.04172365367412567,0
2006-05-03,0.04172365367412567,0.04172365367412567,0.04172365367412567,0.04172365367412567,0
2006-05-04,0.04172365367412567,0.04172365367412567,0.04172365367412567,0.04172365367412567,0
2006-05-05,0.04172365367412567,0.04172365367412567,0.04172365367412567,0.04172365367412567,0
2006-05-08,0.04172365367412567,0.04172365367412567,0.04172365367412567,0.04172365367412567,0
2006-05-09,0.04172365367412567,0.04172365367412567,0.04172365367412567,0.04172365367412567,0
2006-05-10,0.04172365367412567,0.04172365367412567,0.04172365367412567,0.04172365367412567,0
2006-05-11,0.04172365367412567,0.04172365367412567,0.04172365367412567,0.04172365367412567,0
2006-05-12,0.04172365367412567,0.04172365367412567,0.04172365367412567,0.04172365367412567,0
2006-05-15,0.04172365367412567,0.04172365367412567,0.04172365367412567,0.04172365367412567,0
2006-05-16,0.04172365367412567,0.04172365367412567,0.04172365367412567,0.04172365367412567,0
2006-05-17,0.04172365367412567,0.04172365367412567,0.04172365367412567,0.04172365367412567,0
2006-05-18,0.04172365367412567,0.04172365367412567,0.04172365367412567,0.04172365367412567,0
2006-05-19,0.04172365367412567,0.04172365367412567,0.04172365367412567,0.04172365367412567,0
2006-05-22,0.04172365367412567,0.04172365367412567,0.04172365367412567,0.04172365367412567,0
2006-05-23,0.04172365367412567,0.04172365367412567,0.04172365367412567,0.04172365367412567,0
2006-05-24,0.04172365367412567,0.04172365367412567,0.04172365367412567,0.04172365367412567,0
2006-05-25,0.04172365367412567,0.04172365367412567,0.04172365367412567,0.04172365367412567,0
2006-05-26,0.04172365367412567,0.04172365367412567,0.04172365367412567,0.04172365367412567,0
2006-05-29,0.04172365367412567,0.04172365367412567,0.04172365367412567,0.04172365367412567,0
2006-05-30,0.04172365367412567,0.04172365367412567,0.04172365367412567,0.04172365367412567,0
2006-05-31,0.04172365367412567,0.04172365367412567,0.04172365367412567,0.04172365367412567,0
2006-06-01,0.04172365367412567,0.04172365367412567,0.04172365367412567,0.04172365367412567,0
2006-06-02,0.04172365367412567,0.04172365367412567,0.04172365367412567,0.04172365367412567,0
2006-06-05,0.04172365367412567,0.04172365367412567,0.04172365367412567,0.04172365367412567,0
2006-06-06,0.04172365367412567,0.04172365367412567,0.04172365367412567,0.04172365367412567,0
2006-06-07,0.04172365367412567,0.04172365367412567,0.04172365367412567,0.04172365367412567,0
2006-06-08,0.04172365367412567,0.04172365367412567,0.04172365367412567,0.04172365367412567,0
2006-06-09,0.04172365367412567,0.04172365367412567,0.04172365367412567,0.04172365367412567,0
2006-06-12,0.04172365367412567,0.04172365367412567,0.04172365367412567,0.04172365367412567,0
2006-06-13,0.04172365367412567,0.04172365367412567,0.04172365367412567,0.04172365367412567,0
2006-06-14,0.04172365367412567,0.04172365367412567,0.04172365367412567,0.04172365367412567,0
2006-06-15,0.04172365367412567,0.04172365367412567,0.04172365367412567,0.04172365367412567,0
2006-06-16,0.04172365367412567,0.04172365367412567,0.04172365367412567,0.04172365367412567,0
2006-06-19,0.04172365367412567,0.04172365367412567,0.04172365367412567,0.04172365367412567,0
2006-06-20,0.04172365367412567,0.04172365367412567,0.04172365367412567,0.04172365367412567,0
2006-06-21,0.04172365367412567,0.04172365367412567,0.04172365367412567,0.04172365367412567,0
2006-06-22,0.04172365367412567,0.04172365367412567,0.04172365367412567,0.04172365367412567,0
2006-06-23,0.04172365367412567,0.04172365367412567,0.04172365367412567,0.04172365367412567,0
2006-06-26,0.04172365367412567,0.04172365367412567,0.04172365367412567,0.04172365367412567,0
2006-06-27,0.04172365367412567,0.04172365367412567,0.04172365367412567,0.04172365367412567,0
2006-06-28,0.04172365367412567,0.04172365367412567,0.04172365367412567,0.04172365367412567,0
2006-06-29,0.04172365367412567,0.04172365367412567,0.04172365367412567,0.04172365367412567,0
2006-06-30,0.04172365367412567,0.04172365367412567,0.04172365367412567,0.04172365367412567,0
2006-07-03,0.04172365367412567,0.04172365367412567,0.04172365367412567,0.04172365367412567,0
2006-07-04,0.04172365367412567,0.04172365367412567,0.04172365367412567,0.04172365367412567,0
2006-07-05,0.04172365367412567,0.04172365367412567,0.04172365367412567,0.04172365367412567,0
2006-07-06,0.04172365367412567,0.04172365367412567,0.04172365367412567,0.04172365367412567,0
2006-07-07,0.04172365367412567,0.04172365367412567,0.04172365367412567,0.04172365367412567,0
2006-07-10,0.04172365367412567,0.04172365367412567,0.04172365367412567,0.04172365367412567,0
2006-07-11,0.04172365367412567,0.04172365367412567,0.04172365367412567,0.04172365367412567,0
2006-07-12,0.04172365367412567,0.04172365367412567,0.04172365367412567,0.04172365367412567,0
2006-07-13,0.04172365367412567,0.04172365367412567,0.04172365367412567,0.04172365367412567,0
2006-07-14,0.04172365367412567,0.04172365367412567,0.04172365367412567,0.04172365367412567,0
2006-07-17,0.04172365367412567,0.04172365367412567,0.04172365367412567,0.04172365367412567,0
2006-07-18,0.04172365367412567,0.04172365367412567,0.04172365367412567,0.04172365367412567,0
2006-07-19,0.04172365367412567,0.04172365367412567,0.04172365367412567,0.04172365367412567,0
2006-07-20,0.04172365367412567,0.04172365367412567,0.04172365367412567,0.04172365367412567,0
2006-07-21,0.04172365367412567,0.04172365367412567,0.04172365367412567,0.04172365367412567,0
2006-07-24,0.04172365367412567,0.04172365367412567,0.04172365367412567,0.04172365367412567,0
2006-07-25,0.04172365367412567,0.04172365367412567,0.04172365367412567,0.04172365367412567,0
2006-07-26,0.04172365367412567,0.04172365367412567,0.04172365367412567,0.04172365367412567,0
2006-07-27,0.04172365367412567,0.04172365367412567,0.04172365367412567,0.04172365367412567,0
2006-07-28,0.04172365367412567,0.04172365367412567,0.04172365367412567,0.04172365367412567,0
2006-07-31,0.04172365367412567,0.04172365367412567,0.04172365367412567,0.04172365367412567,0
2006-08-01,0.04172365367412567,0.04172365367412567,0.04172365367412567,0.04172365367412567,0
2006-08-02,0.04172365367412567,0.04172365367412567,0.04172365367412567,0.04172365367412567,0
2006-08-03,0.04172365367412567,0.04172365367412567,0.04172365367412567,0.04172365367412567,0
2006-08-04,0.04172365367412567,0.04172365367412567,0.04172365367412567,0.04172365367412567,0
2006-08-07,0.04172365367412567,0.04172365367412567,0.04172365367412567,0.04172365367412567,0
2006-08-08,0.04172365367412567,0.04172365367412567,0.04172365367412567,0.04172365367412567,0
2006-08-09,0.04172365367412567,0.04172365367412567,0.04172365367412567,0.04172365367412567,0
2006-08-10,0.04172365367412567,0.04172365367412567,0.04172365367412567,0.04172365367412567,0
2006-08-11,0.04172365367412567,0.04172365367412567,0.04172365367412567,0.04172365367412567,0
2006-08-14,0.04172365367412567,0.04172365367412567,0.04172365367412567,0.04172365367412567,0
2006-08-15,0.04172365367412567,0.04172365367412567,0.04172365367412567,0.04172365367412567,0
2006-08-16,0.04172365367412567,0.04172365367412567,0.04172365367412567,0.04172365367412567,0
2006-08-17,0.04172365367412567,0.04172365367412567,0.04172365367412567,0.04172365367412567,0
2006-08-18,0.04172365367412567,0.04172365367412567,0.04172365367412567,0.04172365367412567,0
2006-08-21,0.04172365367412567,0.04172365367412567,0.04172365367412567,0.04172365367412567,0
2006-08-22,0.04172365367412567,0.04172365367412567,0.04172365367412567,0.04172365367412567,0
2006-08-23,0.04172365367412567,0.04172365367412567,0.04172365367412567,0.04172365367412567,0
2006-08-24,0.04172365367412567,0.04172365367412567,0.04172365367412567,0.04172365367412567,0
2006-08-25,0.04172365367412567,0.04172365367412567,0.04172365367412567,0.04172365367412567,0
2006-08-28,0.04172365367412567,0.04172365367412567,0.04172365367412567,0.04172365367412567,0
2006-08-29,0.04172365367412567,0.04172365367412567,0.04172365367412567,0.04172365367412567,0
2006-08-30,0.04172365367412567,0.04172365367412567,0.04172365367412567,0.04172365367412567,0
2006-08-31,0.04172365367412567,0.04172365367412567,0.04172365367412567,0.04172365367412567,0
2006-09-01,0.04172365367412567,0.04172365367412567,0.04172365367412567,0.04172365367412567,0
2006-09-04,0.04172365367412567,0.04172365367412567,0.04172365367412567,0.04172365367412567,0
2006-09-05,0.04172365367412567,0.04172365367412567,0.04172365367412567,0.04172365367412567,0
2006-09-06,0.04172365367412567,0.04172365367412567,0.04172365367412567,0.04172365367412567,0
2006-09-07,0.04172365367412567,0.04172365367412567,0.04172365367412567,0.04172365367412567,0
2006-09-08,0.04172365367412567,0.04172365367412567,0.04172365367412567,0.04172365367412567,0
2006-09-11,0.04172365367412567,0.04172365367412567,0.04172365367412567,0.04172365367412567,0
2006-09-12,0.04172365367412567,0.04172365367412567,0.04172365367412567,0.04172365367412567,0
2006-09-13,0.04172365367412567,0.04172365367412567,0.04172365367412567,0.04172365367412567,0
2006-09-14,0.04172365367412567,0.04172365367412567,0.04172365367412567,0.04172365367412567,0
2006-09-15,0.04172365367412567,0.04172365367412567,0.04172365367412567,0.04172365367412567,0
2006-09-18,0.04172365367412567,0.04172365367412567,0.04172365367412567,0.04172365367412567,0
2006-09-19,0.04172365367412567,0.04172365367412567,0.04172365367412567,0.04172365367412567,0
2006-09-20,0.04172365367412567,0.04172365367412567,0.04172365367412567,0.04172365367412567,0
2006-09-21,0.04172365367412567,0.04172365367412567,0.04172365367412567,0.04172365367412567,0
2006-09-22,0.04172365367412567,0.04172365367412567,0.04172365367412567,0.04172365367412567,0
2006-09-25,0.04172365367412567,0.04172365367412567,0.04172365367412567,0.04172365367412567,0
2006-09-26,0.04172365367412567,0.04172365367412567,0.04172365367412567,0.04172365367412567,0
2006-09-27,0.04172365367412567,0.04172365367412567,0.04172365367412567,0.04172365367412567,0
2006-09-28,0.04172365367412567,0.04172365367412567,0.04172365367412567,0.04172365367412567,0
2006-09-29,0.04172365367412567,0.04172365367412567,0.04172365367412567,0.04172365367412567,0
2006-10-02,0.04172365367412567,0.04172365367412567,0.04172365367412567,0.04172365367412567,0
2006-10-03,0.04172365367412567,0.04172365367412567,0.04172365367412567,0.04172365367412567,0
2006-10-04,0.04172365367412567,0.04172365367412567,0.04172365367412567,0.04172365367412567,0
2006-10-05,0.04172365367412567,0.04172365367412567,0.04172365367412567,0.04172365367412567,0
2006-10-06,0.04172365367412567,0.04172365367412567,0.04172365367412567,0.04172365367412567,0
2006-10-09,0.04172365367412567,0.04172365367412567,0.04172365367412567,0.04172365367412567,0
2006-10-10,0.04172365367412567,0.04172365367412567,0.04172365367412567,0.04172365367412567,0
2006-10-11,0.04172365367412567,0.04172365367412567,0.04172365367412567,0.04172365367412567,0
2006-10-12,0.04172365367412567,0.04172365367412567,0.04172365367412567,0.04172365367412567,0
2006-10-13,0.04172365367412567,0.04172365367412567,0.04172365367412567,0.04172365367412567,0
2006-10-16,0.04172365367412567,0.04172365367412567,0.04172365367412567,0.04172365367412567,0
2006-10-17,0.04172365367412567,0.04172365367412567,0.04172365367412567,0.04172365367412567,0
2006-10-18,0.04172365367412567,0.04172365367412567,0.04172365367412567,0.04172365367412567,0
2006-10-19,0.04172365367412567,0.04172365367412567,0.04172365367412567,0.04172365367412567,0
2006-10-20,0.04172365367412567,0.04172365367412567,0.04172365367412567,0.04172365367412567,0
2006-10-23,0.04172365367412567,0.04172365367412567,0.04172365367412567,0.04172365367412567,0
2006-10-24,0.04172365367412567,0.04172365367412567,0.04172365367412567,0.04172365367412567,0
2006-10-25,0.04172365367412567,0.04172365367412567,0.04172365367412567,0.04172365367412567,0
2006-10-26,0.04172365367412567,0.04172365367412567,0.04172365367412567,0.04172365367412567,0
2006-10-27,0.04172365367412567,0.04172365367412567,0.04172365367412567,0.04172365367412567,0
2006-10-30,0.04172365367412567,0.04172365367412567,0.04172365367412567,0.04172365367412567,0
2006-10-31,0.04172365367412567,0.04172365367412567,0.04172365367412567,0.04172365367412567,0
2006-11-01,0.04172365367412567,0.04172365367412567,0.04172365367412567,0.04172365367412567,0
2006-11-02,0.04172365367412567,0.04172365367412567,0.04172365367412567,0.04172365367412567,0
2006-11-03,0.04172365367412567,0.04172365367412567,0.04172365367412567,0.04172365367412567,0
2006-11-06,0.07277379184961319,0.07277379184961319,0.07277379184961319,0.07277379184961319,636480
2006-11-07,0.07277379184961319,0.07277379184961319,0.07277379184961319,0.07277379184961319,0
2006-11-08,0.08626118302345276,0.08626118302345276,0.08626118302345276,0.08626118302345276,1909440
2006-11-09,0.09945759922266006,0.09945759922266006,0.09945759922266006,0.09945759922266006,8910720
2006-11-10,0.09945759922266006,0.09945759922266006,0.09945759922266006,0.09945759922266006,0
2006-11-13,0.1212654858827591,0.1212654858827591,0.1212654858827591,0.1212654858827591,636480
2006-11-14,0.14554758369922638,0.14554758369922638,0.13341886859255467,0.13341886859255467,1272960
2006-11-15,0.14554758369922638,0.14554758369922638,0.14554758369922638,0.14554758369922638,0
2006-11-16,0.16980582475662231,0.16980582475662231,0.15767710596348802,0.15767710596348802,1272960
2006-11-17,0.17465777695178986,0.17465777695178986,0.17465777695178986,0.17465777695178986,636480
2006-11-20,0.17465777695178986,0.17465777695178986,0.17465777695178986,0.17465777695178986,0
2006-11-21,0.17465777695178986,0.17465777695178986,0.17465777695178986,0.17465777695178986,0
2006-11-22,0.17465777695178986,0.17465777695178986,0.17465777695178986,0.17465777695178986,0
2006-11-23,0.17465777695178986,0.17465777695178986,0.17465777695178986,0.17465777695178986,0
2006-11-24,0.18193526566028595,0.18193526566028595,0.18193526566028595,0.18193526566028595,636480
2006-11-27,0.18193526566028595,0.18193526566028595,0.18193526566028595,0.18193526566028595,0
2006-11-28,0.18193526566028595,0.18193526566028595,0.18193526566028595,0.18193526566028595,0
2006-11-29,0.18193526566028595,0.18193526566028595,0.18193526566028595,0.18193526566028595,0
2006-11-30,0.18193526566028595,0.18193526566028595,0.18193526566028595,0.18193526566028595,0
2006-12-01,0.21832217276096344,0.21832217276096344,0.19406397973428047,0.19406397973428047,3818880
2006-12-04,0.21832217276096344,0.21832217276096344,0.21832217276096344,0.21832217276096344,0
2006-12-05,0.21832217276096344,0.21832217276096344,0.21832217276096344,0.21832217276096344,0
2006-12-06,0.21832217276096344,0.21832217276096344,0.21832217276096344,0.21832217276096344,0
2006-12-07,0.21832217276096344,0.21832217276096344,0.21832217276096344,0.21832217276096344,0
2006-12-08,0.21832217276096344,0.21832217276096344,0.21832217276096344,0.21832217276096344,0
2006-12-11,0.21832217276096344,0.21832217276096344,0.21832217276096344,0.21832217276096344,0
2006-12-12,0.21832217276096344,0.21832217276096344,0.21832217276096344,0.21832217276096344,0
2006-12-13,0.21832217276096344,0.21832217276096344,0.21832217276096344,0.21832217276096344,0
2006-12-14,0.21832217276096344,0.21832217276096344,0.21832217276096344,0.21832217276096344,0
2006-12-15,0.21832217276096344,0.21832217276096344,0.21832217276096344,0.21832217276096344,0
2006-12-18,0.21832217276096344,0.21832217276096344,0.21832217276096344,0.21832217276096344,0
2006-12-19,0.21832217276096344,0.21832217276096344,0.21832217276096344,0.21832217276096344,0
2006-12-20,0.21832217276096344,0.21832217276096344,0.21832217276096344,0.21832217276096344,0
2006-12-21,0.21832217276096344,0.21832217276096344,0.21832217276096344,0.21832217276096344,0
2006-12-22,0.21832217276096344,0.21832217276096344,0.21832217276096344,0.21832217276096344,0
2006-12-26,0.21832217276096344,0.21832217276096344,0.21832217276096344,0.21832217276096344,0
2006-12-27,0.21832217276096344,0.21832217276096344,0.21832217276096344,0.21832217276096344,0
2006-12-28,0.24258042871952057,0.2426043560544144,0.24258042871952057,0.2426043560544144,1909440
2007-01-02,0.24258042871952057,0.24258042871952057,0.24258042871952057,0.24258042871952057,0
2007-01-03,0.24258042871952057,0.24258042871952057,0.24258042871952057,0.24258042871952057,636480
2007-01-04,0.24258042871952057,0.24258042871952057,0.24258042871952057,0.24258042871952057,0
2007-01-05,0.24258042871952057,0.24258042871952057,0.24258042871952057,0.24258042871952057,0
2007-01-08,0.24258042871952057,0.24258042871952057,0.24258042871952057,0.24258042871952057,0
2007-01-09,0.24258042871952057,0.24258042871952057,0.24258042871952057,0.24258042871952057,0
2007-01-10,0.24258042871952057,0.24258042871952057,0.24258042871952057,0.24258042871952057,0
2007-01-11,0.24258042871952057,0.24258042871952057,0.24258042871952057,0.24258042871952057,0
2007-01-12,0.24258042871952057,0.24258042871952057,0.24258042871952057,0.24258042871952057,0
2007-01-15,0.24258042871952057,0.24258042871952057,0.24258042871952057,0.24258042871952057,0
2007-01-16,0.24258042871952057,0.24258042871952057,0.24258042871952057,0.24258042871952057,0
2007-01-17,0.24258042871952057,0.24258042871952057,0.24258042871952057,0.24258042871952057,0
2007-01-18,0.24258042871952057,0.24258042871952057,0.24258042871952057,0.24258042871952057,0
2007-01-19,0.24258042871952057,0.24258042871952057,0.24258042871952057,0.24258042871952057,0
2007-01-22,0.24258042871952057,0.24258042871952057,0.24258042871952057,0.24258042871952057,0
2007-01-23,0.26683852076530457,0.26683852076530457,0.26683852076530457,0.26683852076530457,1909440
2007-01-24,0.26683852076530457,0.26683852076530457,0.26683852076530457,0.26683852076530457,0
2007-01-26,0.26683852076530457,0.26683852076530457,0.26683852076530457,0.26683852076530457,0
2007-01-29,0.26683852076530457,0.26683852076530457,0.26683852076530457,0.26683852076530457,0
2007-01-30,0.26683852076530457,0.26683852076530457,0.26683852076530457,0.26683852076530457,0
2007-01-31,0.26683852076530457,0.26683852076530457,0.26683852076530457,0.26683852076530457,0
2007-02-01,0.26683852076530457,0.26683852076530457,0.26683852076530457,0.26683852076530457,0
2007-02-02,0.26683852076530457,0.26683852076530457,0.26683852076530457,0.26683852076530457,0
2007-02-05,0.26683852076530457,0.26683852076530457,0.26683852076530457,0.26683852076530457,0
2007-02-06,0.3153541386127472,0.3153541386127472,0.3153541386127472,0.3153541386127472,636480
2007-02-07,0.3153541386127472,0.3153541386127472,0.3153541386127472,0.3153541386127472,636480
2007-02-08,0.3153541386127472,0.3153541386127472,0.3153541386127472,0.3153541386127472,636480
2007-02-09,0.3153541386127472,0.3153541386127472,0.3153541386127472,0.3153541386127472,0
2007-02-12,0.3638705313205719,0.3638705313205719,0.36384582175347274,0.36384582175347274,1909440
2007-02-13,0.3638705313205719,0.3638705313205719,0.3638705313205719,0.3638705313205719,0
2007-02-14,0.4730074405670166,0.4730074405670166,0.47298351323147797,0.47298351323147797,1909440
2007-02-15,0.4730074405670166,0.4730074405670166,0.4730074405670166,0.4730074405670166,1909440
2007-02-16,0.4730074405670166,0.4730074405670166,0.4730074405670166,0.4730074405670166,0
2007-02-21,0.4730074405670166,0.4730074405670166,0.4730074405670166,0.4730074405670166,0
2007-02-22,0.4730074405670166,0.4730074405670166,0.4730074405670166,0.4730074405670166,0
2007-02-23,0.48516085743904114,0.48516085743904114,0.48516085743904114,0.48516085743904114,1272960
2007-02-26,0.48516085743904114,0.48516085743904114,0.48516085743904114,0.48516085743904114,0
2007-02-27,0.48516085743904114,0.48516085743904114,0.48516085743904114,0.48516085743904114,0
2007-02-28,0.48516085743904114,0.48516085743904114,0.48516085743904114,0.48516085743904114,636480
2007-03-01,0.48516085743904114,0.48516085743904114,0.48516085743904114,0.48516085743904114,0
2007-03-02,0.48516085743904114,0.48516085743904114,0.48516085743904114,0.48516085743904114,0
2007-03-05,0.5336770415306091,0.5336770415306091,0.5336770415306091,0.5336770415306091,636480
2007-03-06,0.5336770415306091,0.5336770415306091,0.5336770415306091,0.5336770415306091,0
2007-03-07,0.5336770415306091,0.5336770415306091,0.5336770415306091,0.5336770415306091,0
2007-03-08,0.5336770415306091,0.5336770415306091,0.5336770415306091,0.5336770415306091,0
2007-03-09,0.5336770415306091,0.5336770415306091,0.5336770415306091,0.5336770415306091,0
2007-03-12,0.5336770415306091,0.5336770415306091,0.5336770415306091,0.5336770415306091,0
2007-03-13,0.5336770415306091,0.5336770415306091,0.5336770415306091,0.5336770415306091,0
2007-03-14,0.5336770415306091,0.5336770415306091,0.5336770415306091,0.5336770415306091,0
2007-03-15,0.5336770415306091,0.5336770415306091,0.5336770415306091,0.5336770415306091,0
2007-03-16,0.5336770415306091,0.5336770415306091,0.5336770415306091,0.5336770415306091,0
2007-03-19,0.5336770415306091,0.5336770415306091,0.5336770415306091,0.5336770415306091,0
2007-03-20,0.5336770415306091,0.5336770415306091,0.5336770415306091,0.5336770415306091,0
2007-03-21,0.5336770415306091,0.5336770415306091,0.5336770415306091,0.5336770415306091,0
2007-03-22,0.5336523056030273,0.5336523056030273,0.5336523056030273,0.5336523056030273,636480
2007-03-23,0.5336523056030273,0.5336523056030273,0.5336523056030273,0.5336523056030273,0
2007-03-26,0.5336523056030273,0.5336523056030273,0.5336523056030273,0.5336523056030273,0
2007-03-27,0.5336523056030273,0.5336523056030273,0.5336523056030273,0.5336523056030273,0
2007-03-28,0.5336523056030273,0.5336523056030273,0.5336523056030273,0.5336523056030273,0
2007-03-29,0.5336523056030273,0.5336523056030273,0.5336523056030273,0.5336523056030273,0
2007-03-30,0.5336523056030273,0.5336523056030273,0.5336523056030273,0.5336523056030273,0
2007-04-02,0.5351114869117737,0.5351114869117737,0.5351114869117737,0.5351114869117737,0
2007-04-03,0.5351114869117737,0.5351114869117737,0.5351114869117737,0.5351114869117737,0
2007-04-04,0.5351114869117737,0.5351114869117737,0.5351114869117737,0.5351114869117737,0
2007-04-05,0.5351114869117737,0.5351114869117737,0.5351114869117737,0.5351114869117737,0
2007-04-09,0.5351114869117737,0.5351114869117737,0.5351114869117737,0.5351114869117737,0
2007-04-10,0.425676554441452,0.425676554441452,0.425676554441452,0.425676554441452,4455360
2007-04-11,0.425676554441452,0.425676554441452,0.425676554441452,0.425676554441452,0
2007-04-12,0.425676554441452,0.425676554441452,0.425676554441452,0.425676554441452,0
2007-04-13,0.4135145843029022,0.4135145843029022,0.4135145843029022,0.4135145843029022,636480
2007-04-16,0.4135145843029022,0.4135145843029022,0.4135145843029022,0.4135145843029022,0
2007-04-17,0.43783828616142273,0.43783828616142273,0.43783828616142273,0.43783828616142273,636480
2007-04-18,0.43783828616142273,0.43783828616142273,0.43783828616142273,0.43783828616142273,0
2007-04-19,0.43783828616142273,0.43783828616142273,0.43783828616142273,0.43783828616142273,0
2007-04-20,0.43783828616142273,0.43783828616142273,0.43783828616142273,0.43783828616142273,0
2007-04-23,0.43783828616142273,0.43783828616142273,0.43783828616142273,0.43783828616142273,0
2007-04-24,0.43783828616142273,0.43783828616142273,0.43783828616142273,0.43783828616142273,0
2007-04-25,0.43783828616142273,0.43783828616142273,0.43783828616142273,0.43783828616142273,0
2007-04-26,0.43783828616142273,0.43783828616142273,0.43783828616142273,0.43783828616142273,0
2007-04-27,0.43783828616142273,0.43783828616142273,0.43783828616142273,0.43783828616142273,0
2007-04-30,0.43783828616142273,0.43783828616142273,0.43783828616142273,0.43783828616142273,0
2007-05-02,0.43783828616142273,0.43783828616142273,0.43783828616142273,0.43783828616142273,0
2007-05-03,0.43783828616142273,0.43783828616142273,0.43783828616142273,0.43783828616142273,0
2007-05-04,0.46216294169425964,0.46216294169425964,0.4378383893538197,0.4378383893538197,2545920
2007-05-07,0.46216294169425964,0.46216294169425964,0.46216294169425964,0.46216294169425964,0
2007-05-08,0.46216294169425964,0.46216294169425964,0.46216294169425964,0.46216294169425964,0
2007-05-09,0.46216294169425964,0.46216294169425964,0.46216294169425964,0.46216294169425964,0
2007-05-10,0.46216294169425964,0.46216294169425964,0.46216294169425964,0.46216294169425964,0
2007-05-11,0.46216294169425964,0.46216294169425964,0.46216294169425964,0.46216294169425964,1272960
2007-05-14,0.46216294169425964,0.46216294169425964,0.46216294169425964,0.46216294169425964,0
2007-05-15,0.46216294169425964,0.46216294169425964,0.46216294169425964,0.46216294169425964,0
2007-05-16,0.46216294169425964,0.46216294169425964,0.46216294169425964,0.46216294169425964,0
2007-05-17,0.6081091165542603,0.6081091165542603,0.6081091165542603,0.6081091165542603,636480
2007-05-18,0.6081091165542603,0.6081091165542603,0.6081091165542603,0.6081091165542603,0
2007-05-21,0.6081091165542603,0.6081091165542603,0.6081091165542603,0.6081091165542603,0
2007-05-22,0.6081091165542603,0.6081091165542603,0.6081091165542603,0.6081091165542603,0
2007-05-23,0.6081091165542603,0.6081091165542603,0.6081091165542603,0.6081091165542603,0
2007-05-24,0.6081091165542603,0.6081091165542603,0.6081091165542603,0.6081091165542603,0
2007-05-25,0.6081091165542603,0.6081091165542603,0.6081091165542603,0.6081091165542603,0
2007-05-28,0.6081091165542603,0.6081091165542603,0.6081091165542603,0.6081091165542603,0
2007-05-29,0.6081091165542603,0.6081091165542603,0.6081091165542603,0.6081091165542603,0
2007-05-30,0.6081091165542603,0.6081091165542603,0.6081091165542603,0.6081091165542603,0
2007-05-31,0.6081091165542603,0.6081091165542603,0.6081091165542603,0.6081091165542603,0
2007-06-01,0.851353108882904,0.851353108882904,0.7297312559596015,0.7297312559596015,3182400
2007-06-04,0.97295081615448,0.97295081615448,0.97295081615448,0.97295081615448,636480
2007-06-05,0.97295081615448,0.97295081615448,0.97295081615448,0.97295081615448,0
2007-06-06,0.97295081615448,0.97295081615448,0.97295081615448,0.97295081615448,0
2007-06-08,0.97295081615448,0.97295081615448,0.97295081615448,0.97295081615448,0
2007-06-11,0.972975492477417,0.972975492477417,0.972975492477417,0.972975492477417,636480
2007-06-12,0.972975492477417,0.972975492477417,0.972975492477417,0.972975492477417,0
2007-06-13,0.972975492477417,0.972975492477417,0.972975492477417,0.972975492477417,636480
2007-06-14,0.8518399596214294,1.123786449446404,0.8518399596214294,1.118921271434587,518731
2007-06-15,0.743839681148529,0.8664345700401958,0.6810826699249068,0.8659476094518074,334152
2007-06-18,0.8270291686058044,0.8270291686058044,0.7783801605682246,0.7783801605682246,7956
2007-06-19,0.7783800363540649,0.8216777296499045,0.7783800363540649,0.8216777296499045,20685
2007-06-20,0.7540555000305176,0.7540555000305176,0.7540555000305176,0.7540555000305176,1591
2007-06-21,0.7297309637069702,0.7778931400396412,0.7200013024216454,0.7778931400396412,12729
2007-06-22,0.7394605278968811,0.7783799061664058,0.7394605278968811,0.7783799061664058,30232
2007-06-25,0.7394605278968811,0.7394605278968811,0.7394605278968811,0.7394605278968811,0
2007-06-26,0.7394605278968811,0.7394605278968811,0.7394605278968811,0.7394605278968811,0
2007-06-27,0.7920017838478088,0.7929748745320627,0.7637851069586318,0.7783799907453472,39780
2007-06-28,0.7735148072242737,0.8172986764248695,0.7735148072242737,0.7929749147189239,146390
2007-06-29,0.8172987699508667,0.818758729197668,0.7759478996917553,0.7783801192649771,4810197
2007-07-02,0.9097318053245544,0.9316240933367368,0.8022179315831071,0.8172989512889169,29979799
2007-07-03,0.8562180399894714,0.8805425393400694,0.8518397316141667,0.8756773626304876,70356499
2007-07-04,0.8489206433296204,0.8591372202262816,0.8104882162777768,0.85475891137873,9243280
2007-07-05,0.8537858724594116,0.8562180918422152,0.827029059973087,0.8498936939441067,21360268
2007-07-06,0.8708133101463318,0.8708133101463318,0.8708133101463318,0.8708133101463318,18357674
2007-07-10,0.8756774663925171,0.8839478617475824,0.8513528718797937,0.8683799773029021,6286831
2007-07-11,0.8708133101463318,0.8805429296395706,0.8635158186868177,0.8732455304599182,8716593
2007-07-12,0.8703263998031616,0.8751915789514518,0.8635158687785179,0.8708133606613523,7282922
2007-07-13,0.8756774663925171,0.8829748632023005,0.8635155382554821,0.8635155382554821,5387803
2007-07-16,0.8708133101463318,0.8756777507735045,0.8659480390004042,0.8756777507735045,4929537
2007-07-17,0.878110408782959,0.8805426282640912,0.8494075981584239,0.8537859069758843,3802968
2007-07-18,0.8756774663925171,0.8781104241548805,0.8562181414456989,0.8562181414456989,2684354
2007-07-19,0.8931914567947388,0.8951367156827741,0.8567042875085682,0.8756774826544168,1187035
2007-07-20,0.8610830307006836,0.8761640417088188,0.8494073289023008,0.8756771734797079,4363070
2007-07-23,0.8659477829933167,0.8708130527008856,0.8513528966689535,0.8513528966689535,5838112
2007-07-24,0.8562180399894714,0.8756773626304876,0.827029009888037,0.8635154359345613,4802241
2007-07-25,0.8610830307006836,0.8659474681209559,0.788109456131737,0.8654613381302514,3417897
2007-07-26,0.8610830307006836,0.8610830307006836,0.797839161490489,0.8027043371491678,4167352
2007-07-27,0.860596239566803,0.8659475456955751,0.8177854214173902,0.8177854214173902,2808468
2007-07-30,0.8464884161949158,0.860596433425058,0.8275153140541537,0.860596433425058,372340
2007-07-31,0.8343258500099182,0.856218227191335,0.8280015433919033,0.8280015433919033,520322
2007-08-01,0.7978397607803345,0.8226504035037022,0.792975319706183,0.8226504035037022,3010550
2007-08-02,0.7788660526275635,0.8027044191690311,0.7788660526275635,0.8027044191690311,2140164
2007-08-03,0.7637853026390076,0.797839517280333,0.7540556852212151,0.7832446297544344,1700992
2007-08-06,0.7564879059791565,0.7564879059791565,0.7063796748869275,0.7564879059791565,8344252
2007-08-07,0.7394605278968811,0.7681633317501493,0.7302177822976086,0.7394605278968811,6105434
2007-08-08,0.822163999080658,0.822163999080658,0.7686505049701957,0.7686505049701957,2829153
2007-08-09,0.8270291686058044,0.8270291686058044,0.7783801605682246,0.7812992486982209,7449998
2007-08-10,0.7929750680923462,0.8027046853923678,0.7817853991503717,0.783244620273757,2493410
2007-08-13,0.7710825204849243,0.8270289577436856,0.7569745516786219,0.8270289577436856,2108340
2007-08-14,0.7292448878288269,0.7686504042322512,0.7131908278577287,0.7686504042322512,4176900
2007-08-15,0.6664878726005554,0.7200013599985207,0.6329198394621858,0.7195152298656928,4098931
2007-08-16,0.6081091165542603,0.6324336140993626,0.5837845728692509,0.6324336140993626,5313016
2007-08-17,0.6081091165542603,0.6324336140993626,0.6032446784443093,0.6324336140993626,7543879
2007-08-20,0.6270824074745178,0.6324337612677841,0.6227040984053547,0.6324337612677841,2234044
2007-08-21,0.6275683641433716,0.632433586418798,0.6227039262463289,0.632433586418798,8314020
2007-08-22,0.6810829639434814,0.6956770692646699,0.6324339006693851,0.6324339006693851,1099519
2007-08-23,0.6951907873153687,0.6951907873153687,0.6713523680890758,0.6810828153520132,3904804
2007-08-24,0.6932446360588074,0.6932446360588074,0.6810827546322924,0.6932446360588074,1185444
2007-08-27,0.6859474182128906,0.7054067486228817,0.6737855328013437,0.7005423082097786,4081428
2007-08-28,0.6810829639434814,0.6859474042576198,0.6567584092364693,0.6859474042576198,1161576
2007-08-29,0.6835150718688965,0.7005421789301145,0.6713524043230865,0.6810828521111923,1982635
2007-08-30,0.6932446360588074,0.6932446360588074,0.6810827546322924,0.6835149740418889,7432495
2007-08-31,0.7200013399124146,0.729731001704367,0.6956768393831891,0.7024881517025159,1861704
2007-09-03,0.7005420327186584,0.7200013093362777,0.6932445905899645,0.7200013093362777,3241274
2007-09-04,0.7102716565132141,0.7102716565132141,0.6908123796611947,0.7054064797158974,2795738
2007-09-05,0.705406665802002,0.705406665802002,0.6908125618973783,0.6981100060390388,2848248
2007-09-06,0.7005420327186584,0.7054064712188004,0.6840010593098212,0.7054064712188004,2778235
2007-09-10,0.690812349319458,0.690812349319458,0.6664878044586778,0.6810826882508372,1573696
2007-09-11,0.6713522672653198,0.7175690933583977,0.6713522672653198,0.685947151589262,967449
2007-09-12,0.6737853288650513,0.6903255193936458,0.6713523250161136,0.6713523250161136,3063060
2007-09-13,0.6859474182128906,0.6859474182128906,0.6664880878028996,0.6737855328013437,5564426
2007-09-14,0.687893271446228,0.7049203757911522,0.6762175203417509,0.7000551526732369,187761
2007-09-17,0.6810829639434814,0.6810829639434814,0.6689202944005886,0.6689202944005886,42962
2007-09-18,0.6810829639434814,0.6883796244146889,0.6713525145576578,0.6883796244146889,7330658
2007-09-19,0.6664878726005554,0.6878932860157071,0.6567582105371716,0.6878932860157071,8635442
2007-09-20,0.6625953912734985,0.7054061985428686,0.662109261362791,0.6757310957789119,4821336
2007-09-21,0.6713522672653198,0.6732983564256434,0.6484877267176402,0.6630825649016715,6928084
2007-09-24,0.6449399590492249,0.6737442458933967,0.6449399590492249,0.6737442458933967,5182538
2007-09-25,0.6683737635612488,0.673744182534037,0.6468921339743954,0.6590980862638557,4173717
2007-09-26,0.6786268353462219,0.6835093929086103,0.6639799961365674,0.6713033925892417,4625618
2007-09-27,0.7079197764396667,0.7079197764396667,0.6761859093072146,0.6761859093072146,7200180
2007-09-28,0.7220786213874817,0.7313542977500802,0.6810675556182899,0.7079196477761011,3583382
2007-10-01,0.7811533808708191,0.7811533808708191,0.7079198317813978,0.7079198317813978,4517416
2007-10-02,0.7323310971260071,0.7713891557086597,0.7323310971260071,0.7660187351643678,3798194
2007-10-03,0.7567422986030579,0.7616248104984401,0.7372136401508947,0.7445370838637828,4140302
2007-10-04,0.7713888883590698,0.7713888883590698,0.7420951693575066,0.7567420520104368,18492926
2007-10-05,0.8177696466445923,0.8202105314005488,0.7543011790825795,0.7543011790825795,13671590
2007-10-08,0.8270463347434998,0.8299758234075784,0.8055646526552697,0.8055646526552697,3462451
2007-10-09,0.8055644035339355,0.8299755667370755,0.8055644035339355,0.8202105458042358,1428897
2007-10-10,0.7689482569694519,0.8050760390835474,0.7567423013174004,0.8050760390835474,935625
2007-10-11,0.7567422986030579,0.7811534689506032,0.7469779693769764,0.7811534689506032,7193815
2007-10-15,0.7225663661956787,0.7689478428705946,0.7225663661956787,0.7689478428705946,10172541
2007-10-16,0.7103613018989563,0.7225665125818587,0.707919676328236,0.7225665125818587,4293057
2007-10-17,0.7728533148765564,0.7728533148765564,0.7079197295785933,0.7201256820483873,5476910
2007-10-18,0.7567422986030579,0.7567422986030579,0.7328197313578234,0.7420954111772818,747864
2007-10-19,0.7518603801727295,0.7640655462148418,0.7416074035501442,0.7464899607926022,480542
2007-10-22,0.7396543025970459,0.756742070382638,0.7079196981072245,0.7518603008285087,5819018
2007-10-23,0.7709003686904907,0.7835942308336379,0.7406309204523267,0.7406309204523267,4016188
2007-10-24,0.7567422986030579,0.7616248104984401,0.7420954111772818,0.7528362520433023,65239
2007-10-25,0.7518603801727295,0.7518603801727295,0.7347726105838561,0.7347726105838561,1237953
2007-10-26,0.7616246938705444,0.7665064641493842,0.7567421827228231,0.7665064641493842,413712
2007-10-29,0.7616246938705444,0.7811533493322768,0.7420952975399305,0.7420952975399305,918122
2007-10-30,0.7709003686904907,0.7806647426803281,0.7616246903344857,0.7665064605906603,1876024
2007-10-31,0.7801767587661743,0.7811532237953496,0.7567420611089449,0.7567420611089449,3164896
2007-11-01,0.7811533808708191,0.7811533808708191,0.7616247246206305,0.7616247246206305,1498910
2007-11-05,0.7713888883590698,0.7909174941433122,0.7713888883590698,0.7787123296855348,2471133
2007-11-06,0.7762705683708191,0.7811531244170248,0.7347724305606835,0.7713887994975737,2910304
2007-11-07,0.7665064930915833,0.7801769136045514,0.7616247226284149,0.7801769136045514,894254
2007-11-08,0.7518603801727295,0.7713889884919523,0.7518603801727295,0.7616246611801893,1322287
2007-11-09,0.7396543025970459,0.7518603008285087,0.7328195103520371,0.7518603008285087,2517278
2007-11-12,0.6981554627418518,0.742095284012045,0.6981554627418518,0.7401430482400092,1592791
2007-11-13,0.7079197764396667,0.7323309421263584,0.7079197764396667,0.7323309421263584,868795
2007-11-14,0.7079197764396667,0.7103614023556728,0.6869267481224735,0.7103614023556728,1118613
2007-11-16,0.7079197764396667,0.7079197764396667,0.6835093516218288,0.6903441446231182,198900
2007-11-19,0.720125675201416,0.720125675201416,0.7079197228476765,0.7084083258197089,399391
2007-11-21,0.7005972266197205,0.7079198828620001,0.683509454374517,0.7035259742473222,652392
2007-11-22,0.6688624024391174,0.6932736120741292,0.6654450062682936,0.6932736120741292,1124978
2007-11-23,0.6664217114448547,0.6835094844417403,0.6493339847522814,0.6688625969663212,12304749
2007-11-26,0.6219931244850159,0.6927850433291104,0.6219931244850159,0.6835093650977907,569649
2007-11-27,0.6151581406593323,0.6346867897143059,0.6107642339806095,0.6346867897143059,5136393
2007-11-28,0.6019761562347412,0.6224820735593768,0.5961178717504318,0.6034413177359823,5484866
2007-11-29,0.6005116701126099,0.6127168863673051,0.5961177607739834,0.6127168863673051,5207997
2007-11-30,0.6200403571128845,0.6346872480681652,0.6005117402591651,0.6005117402591651,10476460
2007-12-03,0.6073462963104248,0.6249226696444639,0.603441037525493,0.6249226696444639,873568
2007-12-04,0.6175988912582397,0.6249223298612119,0.6009990384394149,0.6078346151494761,1298419
2007-12-05,0.6493338942527771,0.654215664615324,0.624922680920442,0.634687008818736,4181673
2007-12-06,0.6688624024391174,0.6688624024391174,0.6420103542968276,0.6493337959046392,1648483
2007-12-07,0.6727687120437622,0.6786269953264615,0.6688626650730358,0.6786269953264615,3031236
2007-12-10,0.659098207950592,0.6786268646983958,0.6507982996264501,0.6786268646983958,836971
2007-12-11,0.6786268353462219,0.6908320484923861,0.6493338977958115,0.6590981794430776,1377979
2007-12-12,0.6835094690322876,0.6903442632076301,0.657145275909878,0.6590982528480338,369158
2007-12-13,0.671303391456604,0.6835093917553785,0.6590981783310328,0.6737442766470776,453492
2007-12-14,0.670863151550293,0.6855538475717614,0.6659660361433679,0.670863151550293,533052
2007-12-17,0.6610696911811829,0.6733114128806009,0.6023077829484031,0.6733114128806009,1285689
2007-12-18,0.650296688079834,0.6561724926886576,0.6218947288086507,0.6561724926886576,1182261
2007-12-19,0.6365852952003479,0.6610694736265698,0.6179776632731209,0.6512759880272712,1739181
2007-12-20,0.6027972102165222,0.6292402662997671,0.6023078886549081,0.6121014256387958,7855754
2007-12-21,0.6414825320243835,0.6414825320243835,0.6023076561275787,0.607204817492899,7209727
2007-12-26,0.6757593154907227,0.6757593154907227,0.6365852373265629,0.6463787684783011,1829880
2007-12-27,0.6855539679527283,0.695347503844176,0.6659661530847806,0.677229186110244,11205230
2007-12-28,0.7026928663253784,0.7026928663253784,0.6757596552088667,0.6855539808118981,3876163
2008-01-02,0.6365852952003479,0.7100371338370508,0.6365852952003479,0.7100371338370508,3826836
2008-01-03,0.6463788747787476,0.6610695222432599,0.6400129600540861,0.6424611458627664,1276142
2008-01-04,0.6390335559844971,0.6561724364557258,0.62434365095748,0.6463789032618309,3992320
2008-01-07,0.6233641505241394,0.6390334861099617,0.6116117540709906,0.6365853004610953,856065
2008-01-08,0.5998596549034119,0.6316884037883698,0.5998596549034119,0.6272813519664916,3191947
2008-01-09,0.6316882371902466,0.6316882371902466,0.6023076827265835,0.614060034551903,3183991
2008-01-10,0.6145497560501099,0.6169986865712523,0.6121015686142762,0.6169986865712523,3826836
2008-01-11,0.6072049736976624,0.6331579153483773,0.6023078110725367,0.6331579153483773,3960496
2008-01-14,0.620915412902832,0.6243438215559921,0.6027971416515338,0.607204982844473,4544467
2008-01-15,0.6072049736976624,0.6121013467949336,0.6023078110725367,0.6023078110725367,2700266
2008-01-16,0.6072049736976624,0.6072049736976624,0.5925142753501398,0.5998596245239011,288007
2008-01-17,0.5802717804908752,0.6302196361710304,0.5802717804908752,0.5890866734734309,6660763
2008-01-18,0.612101137638092,0.612101137638092,0.5876169119345078,0.5876169119345078,257774
2008-01-21,0.5876170992851257,0.5876170992851257,0.56362302323325,0.5876170992851257,456674
2008-01-22,0.584679365158081,0.587616872001923,0.5778233402915437,0.587616872001923,2036736
2008-01-23,0.6072049736976624,0.6072049736976624,0.5704782278288559,0.587617112725014,1634162
2008-01-24,0.5969212651252747,0.6121012833991775,0.5925142139830302,0.5925142139830302,1362067
2008-01-28,0.6179777383804321,0.6179777383804321,0.5949623106286477,0.5949623106286477,82742
2008-01-29,0.612101137638092,0.6218946235712097,0.6032870374525255,0.6218946235712097,638071
2008-01-30,0.6096529960632324,0.6209152363334386,0.5949623016719985,0.6209152363334386,1626206
2008-01-31,0.6243438720703125,0.6243438720703125,0.6023078688770122,0.6121014055393108,2235636
2008-02-01,0.6072049736976624,0.636585534422038,0.6032872435975618,0.6267919986996412,1823515
2008-02-06,0.6052460074424744,0.6316882661702792,0.588107125412164,0.6316882661702792,138434
2008-02-07,0.5900661945343018,0.6023079189989047,0.585169031031663,0.5900661945343018,708084
2008-02-08,0.5876170992851257,0.6121013327950455,0.5788029962893488,0.5900660753056033,1815559
2008-02-11,0.5876170992851257,0.5881072103003558,0.5812511827819898,0.5876170992851257,1473451
2008-02-12,0.5827208161354065,0.5925143531436345,0.578803085520932,0.5925143531436345,11644401
2008-02-13,0.585168719291687,0.5871275836491865,0.5802715583979382,0.5802715583979382,2892801
2008-02-14,0.612101137638092,0.6586213104475793,0.612101137638092,0.6169982521470437,1142481
2008-02-15,0.5949623584747314,0.6047558924946896,0.583209959745238,0.590555307642136,1481407
2008-02-18,0.5959417819976807,0.5998595113586904,0.5900659774838717,0.5900659774838717,3922308
2008-02-19,0.612101137638092,0.612101137638092,0.5925140728862586,0.5925140728862586,3381300
2008-02-20,0.6169982552528381,0.6316881591268657,0.6145493264436422,0.6145493264436422,1958767
2008-02-21,0.6267920136451721,0.6341373629940795,0.6169984776892534,0.6341373629940795,1109066
2008-02-22,0.6267920136451721,0.6267920136451721,0.6076943096864038,0.6165084130939432,951537
2008-02-25,0.6125912666320801,0.619446503159608,0.6121012021642503,0.6121012021642503,3368570
2008-02-26,0.6365852952003479,0.6365852952003479,0.6096529311454915,0.6243435775296171,3398803
2008-02-27,0.6360962986946106,0.6360962986946106,0.6292402700949684,0.6316884569737172,1239544
2008-02-28,0.6360962986946106,0.6405033508875428,0.6243438963374707,0.6243438963374707,4197585
2008-02-29,0.619446337223053,0.6512759044193972,0.619446337223053,0.6512759044193972,1955584
2008-03-03,0.619446337223053,0.636095892226512,0.6169981519087054,0.6169981519087054,1282507
2008-03-04,0.6341371536254883,0.6365853394241994,0.6194464597779963,0.6194464597779963,703310
2008-03-05,0.6429514288902283,0.6502967778105896,0.6341373259969256,0.6341373259969256,4733820
2008-03-06,0.6365852952003479,0.641482455985175,0.6316881344155209,0.6370746165150517,4294648
2008-03-07,0.6341371536254883,0.6370746607728964,0.6218946455767074,0.6218946455767074,3530872
2008-03-10,0.6218947768211365,0.6488271948736034,0.6218947768211365,0.6488271948736034,3785464
2008-03-11,0.6243438720703125,0.6267920588539045,0.6218948957587901,0.6248331936158588,3185582
2008-03-12,0.6243438720703125,0.6365855955162032,0.6243438720703125,0.6365855955162032,973814
2008-03-13,0.6267920136451721,0.6267920136451721,0.6121013613901736,0.6194466642962648,1279324
2008-03-14,0.6199357509613037,0.6243435905231608,0.6145493151924705,0.6145493151924705,886298
2008-03-17,0.6169982552528381,0.6199357623110904,0.6072047692704229,0.6199357623110904,2827562
2008-03-18,0.6267920136451721,0.6311990653489419,0.6169984776892534,0.6218948509032761,1468677
2008-03-19,0.6169982552528381,0.6218946267016511,0.6169982552528381,0.6169982552528381,187761
2008-03-20,0.6145497560501099,0.6169986865712523,0.6145497560501099,0.6169986865712523,238680
2008-03-24,0.6218947768211365,0.6218947768211365,0.6169984041903858,0.6218947768211365,114566
2008-03-25,0.6234221458435059,0.6263793008798312,0.6160297022910198,0.6263793008798312,1000864
2008-03-26,0.6258863210678101,0.6258863210678101,0.620958521757286,0.620958521757286,1288872
2008-03-27,0.6234221458435059,0.6308146361368686,0.6234221458435059,0.6239146077187762,587152
2008-03-28,0.6234221458435059,0.6234221458435059,0.620958247277352,0.6234221458435059,1974679
2008-03-31,0.6431350708007812,0.6431350708007812,0.6234222885687377,0.6234222885687377,1097928
2008-04-01,0.6385301947593689,0.6385301947593689,0.6291324979350792,0.6291324979350792,361202
2008-04-02,0.6281434893608093,0.6429817963958179,0.62319791865637,0.6429817963958179,11208412
2008-04-03,0.628638505935669,0.6429817769908515,0.6231978998484741,0.6306170531420708,2814832
2008-04-04,0.6429814100265503,0.6429814100265503,0.6261645658307152,0.6261645658307152,6285240
2008-04-07,0.6380353569984436,0.6380353569984436,0.6380353569984436,0.6380353569984436,60465
2008-04-08,0.6281434893608093,0.6419925227627609,0.6281434893608093,0.6281434893608093,93880
2008-04-09,0.6281434893608093,0.6528737352655417,0.6281434893608093,0.6281434893608093,638071
2008-04-10,0.6330896615982056,0.6380352307720957,0.6281432949637171,0.6286383303574651,5861980
2008-04-11,0.6330896615982056,0.6330896615982056,0.6281432949637171,0.6330896615982056,2226088
2008-04-14,0.6380353569984436,0.6380353569984436,0.6281434192330838,0.6281434192330838,114566
2008-04-15,0.6380353569984436,0.6380353569984436,0.6380353569984436,0.6380353569984436,521913
2008-04-16,0.6380353569984436,0.6380353569984436,0.6380353569984436,0.6380353569984436,795600
2008-04-17,0.628638505935669,0.6306170531420708,0.628638505935669,0.6306170531420708,486907
2008-04-18,0.6281434893608093,0.6306170721738742,0.6281434893608093,0.6306170721738742,544190
2008-04-22,0.6236922740936279,0.6424876791973234,0.6236922740936279,0.6281436075495045,1599156
2008-04-23,0.6241870522499084,0.6281433484336759,0.6182514586927089,0.6281433484336759,3077380
2008-04-24,0.6256706118583679,0.6256706118583679,0.6182515063430283,0.6182515063430283,6939223
2008-04-25,0.6256706118583679,0.6261648498716813,0.6207242913310504,0.6207242913310504,4299422
2008-04-28,0.6231979131698608,0.6231979131698608,0.620724377288034,0.6231979131698608,5308243
2008-04-29,0.6231979131698608,0.6256706985003107,0.6217136509123815,0.6217136509123815,2948493
2008-04-30,0.682549238204956,0.6924419706691546,0.6306168257102907,0.6380351788676395,580788
2008-05-02,0.6355624794960022,0.6924420632916305,0.6355624794960022,0.6924420632916305,3230136
2008-05-05,0.6454544067382812,0.6454544067382812,0.635562470550676,0.6454544067382812,1861704
2008-05-06,0.6701846122741699,0.6800765010554559,0.6429815897595088,0.6429815897595088,3034418
2008-05-07,0.6528736352920532,0.670184725028462,0.650400850318487,0.670184725028462,1269777
2008-05-08,0.6553462743759155,0.6677117445030026,0.6528734899528275,0.6677117445030026,35006
2008-05-09,0.6627655029296875,0.6741417011312584,0.6553463513286985,0.6741417011312584,195717
2008-05-12,0.6627655029296875,0.668701096285285,0.6627655029296875,0.6677118229077772,208447
2008-05-13,0.6726574301719666,0.6746359299908486,0.661776220626775,0.661776220626775,2312013
2008-05-14,0.682549238204956,0.6924419706691546,0.6726573501107341,0.6726573501107341,2512504
2008-05-15,0.6924421787261963,0.7067854489181844,0.6924421787261963,0.6924421787261963,4701996
2008-05-16,0.6988719701766968,0.707279598049797,0.6924420916815377,0.6924420916815377,3502231
2008-05-19,0.7320095300674438,0.7320095300674438,0.7023337773863862,0.704806561320497,3028053
2008-05-20,0.7023341059684753,0.719645149617442,0.7023341059684753,0.7171716139751517,302328
2008-05-21,0.7097532749176025,0.717171630360044,0.7097532749176025,0.7097532749176025,1446400
2008-05-23,0.7097532749176025,0.712226060065083,0.7097532749176025,0.712226060065083,1023141
2008-05-26,0.7270641326904297,0.7270641326904297,0.7097530930810018,0.7097530930810018,358020
2008-05-27,0.7270641326904297,0.7270641326904297,0.7122258775949624,0.7146986621089229,205264
2008-05-28,0.7270641326904297,0.7280526085275542,0.7176664350925749,0.7270641326904297,1487772
2008-05-29,0.7379451394081116,0.7468477991887135,0.7171712502156646,0.7176662385497966,991317
2008-05-30,0.7468479871749878,0.7468479871749878,0.7320096854988544,0.7344824699580242,3530872
2008-06-02,0.7572342753410339,0.7666319741573919,0.7468481005593861,0.7468481005593861,649209
2008-06-03,0.7666317820549011,0.7715781010358421,0.7567398477346179,0.7567398477346179,3265142
2008-06-04,0.7666317820549011,0.7666317820549011,0.7666317820549011,0.7666317820549011,0
2008-06-05,0.7666317820549011,0.7666317820549011,0.7656425088768251,0.7656425088768251,35006
2008-06-06,0.7567400336265564,0.7567400336265564,0.7419017297708875,0.7517936665211087,1005638
2008-06-09,0.7419016361236572,0.7419016361236572,0.7349775205107076,0.7349775205107076,324604
2008-06-10,0.7453637719154358,0.7453637719154358,0.7325048126403576,0.7419017137467356,1229997
2008-06-11,0.7567400336265564,0.7567400336265564,0.7221178562704451,0.7270642233758928,10626033
2008-06-12,0.751793622970581,0.751793622970581,0.7320097506161952,0.7369561174351057,620568
2008-06-13,0.7221176028251648,0.7419014693819631,0.7221176028251648,0.7419014693819631,176623
2008-06-16,0.761686384677887,0.7755345704504615,0.761686384677887,0.7755345704504615,35006
2008-06-17,0.7275585532188416,0.7344826705800446,0.7275585532188416,0.7329991589914368,386661
2008-06-18,0.7245905995368958,0.73349405981608,0.7221178148563254,0.7270641816780945,906984
2008-06-19,0.7339881658554077,0.7339881658554077,0.724590469313317,0.724590469313317,591926
2008-06-20,0.7295368909835815,0.7364610063580365,0.7275583444592956,0.7275583444592956,6455498
2008-06-23,0.7419016361236572,0.7419016361236572,0.7295369161117977,0.7300311540296197,163893
2008-06-24,0.7344825863838196,0.7344825863838196,0.7344825863838196,0.7344825863838196,249818
2008-06-25,0.7320095300674438,0.7414072254616075,0.7320095300674438,0.7325045653304986,1758276
2008-06-26,0.7344825863838196,0.7419017383979261,0.7320098015326786,0.7320098015326786,6690996
2008-06-27,0.7344825863838196,0.7419017383979261,0.7344825863838196,0.7344825863838196,178214
2008-06-30,0.7369561791419983,0.7369561791419983,0.7344825967951109,0.7344825967951109,187761
2008-07-01,0.7320095300674438,0.7344823140015546,0.7221175968706132,0.7320095300674438,5951088
2008-07-02,0.7320095300674438,0.7409121901985527,0.7320095300674438,0.7320095300674438,1610294
2008-07-03,0.7339881658554077,0.7344824037184458,0.6978825325670555,0.7329988926688463,7599571
2008-07-04,0.7399232387542725,0.7409125122500004,0.7221179107526366,0.7221179107526366,160711
2008-07-07,0.751793622970581,0.751793622970581,0.7221178144390024,0.7221178144390024,283233
2008-07-08,0.7221176028251648,0.7419014693819631,0.7221176028251648,0.7419014693819631,2024006
2008-07-10,0.7122256755828857,0.7171712432080712,0.7122256755828857,0.7171712432080712,3341520
2008-07-11,0.7023341059684753,0.7171716139751517,0.7023341059684753,0.7166773759412589,4935902
2008-07-14,0.7023341059684753,0.7166773759412589,0.7023341059684753,0.7023341059684753,8738870
2008-07-15,0.6874956488609314,0.6874956488609314,0.682549282309213,0.682549282309213,253000
2008-07-16,0.6830443739891052,0.7023340089397223,0.6825493385628416,0.6973876419803394,50918
2008-07-17,0.682549238204956,0.6830442735584327,0.682549238204956,0.6830442735584327,633297
2008-07-18,0.682549238204956,0.6924419706691546,0.682549238204956,0.6924419706691546,1140890
2008-07-21,0.6815608143806458,0.6815608143806458,0.6726574013935221,0.6726574013935221,97063
2008-07-22,0.6776037812232971,0.6776037812232971,0.6726574610846056,0.6731524496103014,1877616
2008-07-23,0.6776037812232971,0.6919470494719125,0.6726574610846056,0.6776037812232971,2315196
2008-07-24,0.6800765991210938,0.6800765991210938,0.672657493827524,0.672657493827524,3559514
2008-07-25,0.6830443739891052,0.6830443739891052,0.6677118326059943,0.6682061174810574,801964
2008-07-28,0.6874956488609314,0.6874956488609314,0.682549282309213,0.682549282309213,661939
2008-07-29,0.682549238204956,0.6874956044370553,0.6800764538191731,0.6800764538191731,9547
2008-07-30,0.6850230693817139,0.7023341613040449,0.6850230693817139,0.6850230693817139,106610
2008-07-31,0.6776037812232971,0.6874957178589169,0.6677118445876773,0.66820612947161,136843
2008-08-01,0.6528736352920532,0.6726575100020282,0.6528736352920532,0.6726575100020282,39780
2008-08-04,0.6484223008155823,0.6677118905301248,0.6484223008155823,0.6578200001233365,103428
2008-08-05,0.6528736352920532,0.6627655726470407,0.6424874599266417,0.6429816979370657,3199903
2008-08-06,0.6677118539810181,0.6825493604128486,0.6479280273409114,0.6479280273409114,71604
2008-08-07,0.6677118539810181,0.6677118539810181,0.6677118539810181,0.6677118539810181,0
2008-08-08,0.6751311421394348,0.6751311421394348,0.6627656674900891,0.6677119886963182,521913
2008-08-11,0.6677118539810181,0.6677118539810181,0.6508950501508718,0.6508950501508718,19094
2008-08-12,0.665733277797699,0.6677117775087432,0.650400737679776,0.650400737679776,116157
2008-08-13,0.6652390956878662,0.6672168920626239,0.6504008381129354,0.6504008381129354,97063
2008-08-14,0.6578198075294495,0.6578198075294495,0.6553462258290544,0.6553462258290544,447127
2008-08-15,0.6424872875213623,0.6677117139714303,0.6405087410891441,0.6504006757897262,6495278
2008-08-18,0.6330896615982056,0.6405088128196391,0.6330896615982056,0.6380352307720957,4714725
2008-08-19,0.6231979131698608,0.6306170666220483,0.6231979131698608,0.6306170666220483,1311148
2008-08-20,0.6133059859275818,0.6231978772302967,0.6083596180910991,0.6182515563032724,2864160
2008-08-21,0.6133059859275818,0.6133059859275818,0.6058868329032537,0.6058868329032537,135252
2008-08-22,0.6128109097480774,0.642981710987082,0.6128109097480774,0.642981710987082,79560
2008-08-25,0.618251621723175,0.6716683657960283,0.5950056840839325,0.59846774320541,482133
2008-08-26,0.6306170225143433,0.6306170225143433,0.6306170225143433,0.6306170225143433,31824
2008-08-27,0.6133059859275818,0.6182515563032724,0.6083596180910991,0.6182515563032724,631706
2008-08-28,0.6291326284408569,0.6291326284408569,0.6138001335083748,0.6138001335083748,685807
2008-08-29,0.6419922709465027,0.6429815441915252,0.6330896092018325,0.6414980330542576,778096
2008-09-01,0.6429814100265503,0.6429814100265503,0.6231975441752808,0.624681055002998,81151
2008-09-02,0.6429814100265503,0.6429814100265503,0.6429814100265503,0.6429814100265503,100245
2008-09-03,0.6157788634300232,0.64298185004738,0.6157788634300232,0.64298185004738,350064
2008-09-04,0.5984675288200378,0.6157786156870564,0.5935211622320651,0.6157786156870564,4631983
2008-09-05,0.5836296081542969,0.5935215503380297,0.5836296081542969,0.5935215503380297,4604932
2008-09-08,0.5935211181640625,0.5935211181640625,0.5841242185355053,0.5935211181640625,152755
2008-09-09,0.573737382888794,0.5841243556603974,0.573737382888794,0.5841243556603974,1209312
2008-09-10,0.5930272340774536,0.5930272340774536,0.5737375904991017,0.5737375904991017,186170
2008-09-11,0.6004460453987122,0.6004460453987122,0.5742322974461144,0.5742322974461144,36597
2008-09-12,0.5959949493408203,0.5959949493408203,0.5935213664653678,0.5935213664653678,31824
2008-09-15,0.5786839723587036,0.617757451649308,0.5786839723587036,0.617757451649308,44553
2008-09-16,0.5440616607666016,0.5712646429495976,0.5440616607666016,0.5712646429495976,7259054
2008-09-17,0.4995475709438324,0.5440616426547674,0.4995475709438324,0.5440616426547674,1161576
2008-09-18,0.5267505049705505,0.5440615938512348,0.4995475261333105,0.5044930958359726,1417759
2008-09-19,0.5440616607666016,0.553953598849241,0.5440616607666016,0.553953598849241,326196
2008-09-22,0.5440616607666016,0.5440616607666016,0.5440616607666016,0.5440616607666016,539416
2008-09-23,0.5390868186950684,0.5395887352914135,0.5390868186950684,0.5395887352914135,79560
2008-09-24,0.5365799069404602,0.5541316334787271,0.5365799069404602,0.5541316334787271,824241
2008-09-25,0.5265505313873291,0.5466093695954503,0.5265505313873291,0.5365799267106238,1120204
2008-09-26,0.5215352773666382,0.5265504018482777,0.5165209614308394,0.5165209614308394,591926
2008-09-29,0.5019779205322266,0.5039839719866422,0.5019779205322266,0.5019779205322266,1136116
2008-09-30,0.5089989304542542,0.5115060896608256,0.5014766442882997,0.5014766442882997,111384
2008-10-01,0.5019779205322266,0.5089991006226817,0.5014768119418779,0.5014768119418779,585561
2008-10-02,0.48643189668655396,0.5014764635976449,0.48643189668655396,0.5014764635976449,1392300
2008-10-03,0.47640272974967957,0.49646157527439494,0.46637328320654736,0.49646157527439494,1128160
2008-10-06,0.4262554347515106,0.4513286431725905,0.4262554347515106,0.4382901220077477,6913764
2008-10-07,0.40669769048690796,0.4287625832586772,0.40669769048690796,0.4287625832586772,1034280
2008-10-08,0.3660779595375061,0.4066976255271148,0.3460183120986322,0.4066976255271148,1088380
2008-10-09,0.37610742449760437,0.39616628833025563,0.3710922983211925,0.37610742449760437,1061330
2008-10-10,0.42575329542160034,0.42575329542160034,0.3510332564097386,0.3761072336987993,717631
2008-10-13,0.448821485042572,0.49696342079841266,0.42625543570393526,0.42625543570393526,3567470
2008-10-14,0.47590139508247375,0.47590139508247375,0.4162250916830897,0.4162250916830897,257774
2008-10-15,0.44380712509155273,0.45132860180067597,0.42876255458102136,0.45132860180067597,151164
2008-10-16,0.4513287842273712,0.4513287842273712,0.44380730447807254,0.44631446439450545,253000
2008-10-17,0.448821485042572,0.451830561136463,0.441801116036378,0.4513286441810387,307101
2008-10-20,0.4834236204624176,0.4834236204624176,0.4834236204624176,0.4834236204624176,472586
2008-10-21,0.4989694356918335,0.4989694356918335,0.4834237564758769,0.4834237564758769,240271
2008-10-22,0.4708864390850067,0.4964615176681939,0.4708864390850067,0.4964615176681939,58874
2008-10-23,0.4513287842273712,0.4708865720870741,0.4262555679701037,0.4708865720870741,774914
2008-10-24,0.4162253439426422,0.4162253439426422,0.4041898448075391,0.4041898448075391,144799
2008-10-27,0.4041895866394043,0.4162250780870744,0.4041895866394043,0.4162250780870744,206856
2008-10-28,0.391152024269104,0.4112109146296333,0.3811217943233859,0.4112109146296333,9314884
2008-10-29,0.40118134021759033,0.4764025115502928,0.36106281143515456,0.38362963845023845,1414576
2008-10-30,0.4513287842273712,0.47138848919824217,0.40118159072792403,0.40118159072792403,499636
2008-10-31,0.49596041440963745,0.4959604144096375,0.4513286614492461,0.452331686852253,219585
2008-11-03,0.4819188714027405,0.48643208148144035,0.47690455289141004,0.47690455289141004,1755093
2008-11-04,0.5265505313873291,0.5265505313873291,0.5009754116037197,0.5014765199022431,256183
2008-11-05,0.5315647721290588,0.5496183660013252,0.504986631023732,0.5496183660013252,98654
2008-11-06,0.5390868186950684,0.5390868186950684,0.5064913951371804,0.5165208330620439,270504
2008-11-07,0.5486156940460205,0.554131930816653,0.5486156940460205,0.554131930816653,373932
2008-11-10,0.5486156940460205,0.5511228538836415,0.5486156940460205,0.5511228538836415,41371
2008-11-11,0.5466093420982361,0.5466093420982361,0.5165210625188812,0.5225384045286584,1537099
2008-11-12,0.5185274481773376,0.5190285567748565,0.5160194795501769,0.5185274481773376,490089
2008-11-13,0.5140129327774048,0.5185269485380957,0.5014763359076326,0.5185269485380957,646027
2008-11-14,0.5125089287757874,0.5125089287757874,0.5125089287757874,0.5125089287757874,89107
2008-11-17,0.4814176857471466,0.48893997085376817,0.4814176857471466,0.48893997085376817,170258
2008-11-18,0.4914471209049225,0.5064916908487013,0.4914471209049225,0.49596033017883373,622159
2008-11-19,0.4964614510536194,0.4964614510536194,0.4964614510536194,0.4964614510536194,688989
2008-11-21,0.4964614510536194,0.4964614510536194,0.4964614510536194,0.4964614510536194,421668
2008-11-24,0.4964614510536194,0.4964614510536194,0.4964614510536194,0.4964614510536194,135252
2008-11-25,0.4964614510536194,0.5014765773435064,0.4769044798883909,0.5014765773435064,934034
2008-11-26,0.5140129327774048,0.5140129327774048,0.5064914597829874,0.5064914597829874,65239
2008-11-27,0.5265505313873291,0.5265505313873291,0.5165210885025027,0.5265505313873291,50918
2008-11-28,0.5265505313873291,0.5511225784663202,0.5265505313873291,0.5511225784663202,749455
2008-12-01,0.5365799069404602,0.5365799069404602,0.5265505119866962,0.5265505119866962,426441
2008-12-02,0.5415952801704407,0.5415952801704407,0.5365801523461133,0.5365801523461133,415303
2008-12-03,0.5265505313873291,0.5265505313873291,0.5265505313873291,0.5265505313873291,1288872
2008-12-04,0.5265505313873291,0.5265505313873291,0.5265505313873291,0.5265505313873291,0
2008-12-05,0.5365799069404602,0.5365799069404602,0.5014765014254564,0.5014765014254564,15912
2008-12-08,0.5064919590950012,0.5516248367217885,0.5044859075672453,0.5516248367217885,2264277
2008-12-09,0.5115060806274414,0.5115060806274414,0.5115060806274414,0.5115060806274414,1113840
2008-12-10,0.5165210366249084,0.5360787645701953,0.5165210366249084,0.5360787645701953,7200180
2008-12-11,0.5165210366249084,0.5165210366249084,0.5165210366249084,0.5165210366249084,1591
2008-12-12,0.5135575532913208,0.5135575532913208,0.5059678971105168,0.5090039227403635,537825
2008-12-15,0.5135575532913208,0.5135575532913208,0.5135575532913208,0.5135575532913208,3182
2008-12-16,0.5211471319198608,0.5211471319198608,0.5059678218170965,0.5140630731710688,68421
2008-12-17,0.5262065529823303,0.5413858207194079,0.5262065529823303,0.5413858207194079,380296
2008-12-18,0.5312663316726685,0.5317719279101765,0.5262062903605925,0.5262062903605925,607838
2008-12-19,0.5262065529823303,0.5312665968197976,0.5262065529823303,0.5312665968197976,58874
2008-12-22,0.5262065529823303,0.5262065529823303,0.5262065529823303,0.5262065529823303,0
2008-12-23,0.5262065529823303,0.5262065529823303,0.5155816846053584,0.5186168951200325,499636
2008-12-26,0.505462110042572,0.5059677062296597,0.505462110042572,0.5059677062296597,383479
2008-12-29,0.5059679746627808,0.5059679746627808,0.5059679746627808,0.5059679746627808,526687
2008-12-30,0.5059679746627808,0.5262065170552377,0.5054623782074571,0.5262065170552377,623750
2009-01-02,0.5064735412597656,0.5064735412597656,0.5059679448342486,0.5059679448342486,984952
2009-01-05,0.5084976553916931,0.5155817172121628,0.5059680412068829,0.5059680412068829,1767823
2009-01-06,0.4988844692707062,0.5069797188464737,0.4988844692707062,0.5069797188464737,1113840
2009-01-07,0.49584874510765076,0.4983783591722058,0.49584874510765076,0.4983783591722058,760593
2009-01-08,0.48066943883895874,0.49331909174210004,0.47561021111289953,0.48117580309670216,666712
2009-01-09,0.48066943883895874,0.48066943883895874,0.4776334127306707,0.48066943883895874,79560
2009-01-12,0.4599243104457855,0.4806692573374632,0.45688910127135157,0.4680203770107989,3849112
2009-01-13,0.46549034118652344,0.46549034118652344,0.46549034118652344,0.46549034118652344,15912
2009-01-14,0.45537102222442627,0.4629606824243062,0.45537102222442627,0.4629606824243062,849700
2009-01-15,0.46549034118652344,0.46549034118652344,0.46549034118652344,0.46549034118652344,15912
2009-01-16,0.460430771112442,0.4654899974622862,0.46043077111244207,0.4654899974622862,563284
2009-01-19,0.49584874510765076,0.49584874510765076,0.49584874510765076,0.49584874510765076,1591
2009-01-20,0.45790114998817444,0.49078852006631823,0.45790114998817444,0.49078852006631823,4773
2009-01-21,0.46549034118652344,0.47308000210312806,0.46043111110087676,0.47308000210312806,513957
2009-01-22,0.45081716775894165,0.4654900685157394,0.45081716775894165,0.4654900685157394,1615068
2009-01-23,0.4477819502353668,0.45739480792000037,0.4477819502353668,0.45031156375367637,692172
2009-01-26,0.4477819502353668,0.4477819502353668,0.4477819502353668,0.4477819502353668,163893
2009-01-27,0.4452516436576843,0.4477820736611195,0.4452516436576843,0.4477820736611195,100245
2009-01-28,0.4376617968082428,0.4376617968082428,0.4376617968082428,0.4376617968082428,1909440
2009-01-29,0.4376617968082428,0.4376617968082428,0.4376617968082428,0.4376617968082428,0
2009-01-30,0.40477442741394043,0.44929948630284605,0.40477442741394043,0.43664983706294747,77968
2009-02-02,0.4300731122493744,0.4300731122493744,0.4300731122493744,0.4300731122493744,20685
2009-02-03,0.4300731122493744,0.4300731122493744,0.4300731122493744,0.4300731122493744,98654
2009-02-04,0.42248329520225525,0.4300729013930797,0.42248329520225525,0.4300729013930797,3106022
2009-02-05,0.4300731122493744,0.4300731122493744,0.4184354672477643,0.4184354672477643,50918
2009-02-06,0.4300731122493744,0.4300731122493744,0.42045948479263967,0.4300731122493744,365976
2009-02-09,0.42501309514045715,0.4300730907623229,0.42501309514045715,0.4300730907623229,186170
2009-02-10,0.41489383578300476,0.43007310327758574,0.40983379202637427,0.43007310327758574,1500501
2009-02-11,0.41236424446105957,0.4153994550940519,0.41236424446105957,0.41489385858449923,6442768
2009-02-12,0.4199530780315399,0.43968597768417106,0.4098338059619858,0.43968597768417106,280051
2009-02-13,0.42501309514045715,0.42501309514045715,0.4148938237094634,0.4199530515310755,372340
2009-02-16,0.42906105518341064,0.42906105518341064,0.42450742462317814,0.42450742462317814,135252
2009-02-17,0.43614432215690613,0.43614432215690613,0.4148938188114312,0.4300730856850918,31432564
2009-02-18,0.43614432215690613,0.43614432215690613,0.4275427040039045,0.4275427040039045,2421806
2009-02-19,0.4386739134788513,0.4386739134788513,0.4386739134788513,0.4386739134788513,394617
2009-02-20,0.4351324141025543,0.44525168775489266,0.4300731851703595,0.44525168775489266,992908
2009-02-25,0.4351324141025543,0.4351324141025543,0.4351324141025543,0.4351324141025543,197308
2009-02-26,0.4477819502353668,0.46043083361455767,0.44019229389279513,0.44272190741110473,1428897
2009-02-27,0.4624549150466919,0.46245491504669195,0.45537085410771583,0.45537085410771583,1311148
2009-03-02,0.4503115117549896,0.4553707382074062,0.4477818985287813,0.4553707382074062,2124252
2009-03-03,0.46549034118652344,0.46549034118652344,0.4538534593590284,0.4538534593590284,2156076
2009-03-04,0.4700446128845215,0.4705502093869259,0.4654901654237486,0.4705502093869259,1244318
2009-03-05,0.4649845361709595,0.46549013263775313,0.46296051872824673,0.46549013263775313,687398
2009-03-06,0.45537102222442627,0.4604310676203654,0.45537102222442627,0.4604310676203654,372340
2009-03-09,0.45537102222442627,0.45537102222442627,0.4300732426089032,0.4305788872420011,2526825
2009-03-10,0.4705502986907959,0.47307991325855675,0.4401924765137215,0.44272209108148236,919713
2009-03-11,0.46549034118652344,0.4705503870603047,0.46549034118652344,0.4705503870603047,478951
2009-03-12,0.460430771112442,0.4756100817370389,0.4553707289750657,0.47510366962953515,1358884
2009-03-13,0.46549034118652344,0.46549034118652344,0.46043111110087676,0.46043111110087676,303919
2009-03-16,0.4705502986907959,0.4705502986907959,0.4705502986907959,0.4705502986907959,12729
2009-03-17,0.47443708777427673,0.4744370877742767,0.4642342275735476,0.4642342275735476,238680
2009-03-18,0.4795384407043457,0.4795384407043457,0.47392683218332116,0.47392683218332116,84333
2009-03-19,0.4795384407043457,0.4795384407043457,0.47443660453721975,0.47443660453721975,224359
2009-03-20,0.4795384407043457,0.4795384407043457,0.4795384407043457,0.4795384407043457,0
2009-03-23,0.49994438886642456,0.49994438886642456,0.4846397421847468,0.4846397421847468,924487
2009-03-24,0.49994438886642456,0.49994438886642456,0.4846397421847468,0.4851502889836386,6385485
2009-03-25,0.5162687301635742,0.5162687301635742,0.5101473444564321,0.5101473444564321,55692
2009-03-26,0.5453475117683411,0.5458572841270694,0.5132080483088816,0.5132080483088816,391435
2009-03-27,0.5453475117683411,0.5453475117683411,0.5453475117683411,0.5453475117683411,1591
2009-03-30,0.5254517197608948,0.5458573745685624,0.5254517197608948,0.5458573745685624,74786
2009-03-31,0.5356546640396118,0.5382051717484186,0.5305528260960838,0.5356546640396118,1167940
2009-04-01,0.5458577871322632,0.5458577871322632,0.5356549762089974,0.5458577871322632,25459
2009-04-02,0.584118664264679,0.6121766821620704,0.5458577395653089,0.5458577395653089,1408212
2009-04-03,0.6116666197776794,0.63258292202116,0.6086055169436727,0.63258292202116,219585
2009-04-06,0.584118664264679,0.6116669093780115,0.584118664264679,0.6096261731891317,472586
2009-04-07,0.5892202854156494,0.6116667319287972,0.5892202854156494,0.6116667319287972,1643709
2009-04-08,0.6065648198127747,0.6121764307645586,0.589220214382708,0.589220214382708,1836244
2009-04-09,0.6121761798858643,0.6121761798858643,0.606564571233799,0.606564571233799,521913
2009-04-13,0.6121761798858643,0.6121761798858643,0.6121761798858643,0.6121761798858643,7956
2009-04-14,0.6096257567405701,0.6121762639712021,0.6096257567405701,0.6101355291763925,367567
2009-04-15,0.6070752739906311,0.6121762886575969,0.6070752739906311,0.6121762886575969,211629
2009-04-16,0.6070752739906311,0.6070752739906311,0.6070752739906311,0.6070752739906311,3214224
2009-04-17,0.6060550212860107,0.6070753889177312,0.6060550212860107,0.6070753889177312,302328
2009-04-20,0.6070752739906311,0.6070752739906311,0.5866687961292585,0.5917705849381474,914940
2009-04-22,0.6070752739906311,0.6070752739906311,0.6070752739906311,0.6070752739906311,1613476
2009-04-23,0.6065648198127747,0.6070754149134737,0.5917707223082505,0.5917707223082505,2687536
2009-04-24,0.6718640923500061,0.6718640923500061,0.6065647316305298,0.6065647316305298,50918
2009-04-27,0.6376839876174927,0.6708438328906215,0.6376839876174927,0.6708438328906215,63648
2009-04-28,0.6580896973609924,0.6682933750406337,0.6376840354377133,0.6376840354377133,167076
2009-04-29,0.6733942627906799,0.6733942627906799,0.6580895717192322,0.6580895717192322,4460133
2009-04-30,0.6856380105018616,0.6938001304582911,0.6856380105018616,0.6886990655489197,147981
2009-05-04,0.6631911993026733,0.6886986871080841,0.6631911993026733,0.6886986871080841,1349337
2009-05-05,0.6682929396629333,0.681046294664875,0.6631911041468429,0.681046294664875,144799
2009-05-06,0.6835972666740417,0.6835972666740417,0.655539208542465,0.6631915557649101,421668
2009-05-07,0.6779855489730835,0.6835971597214309,0.6560497010618825,0.6835971597214309,22276
2009-05-08,0.6835972666740417,0.6835972666740417,0.6631915557649101,0.6835972666740417,830606
2009-05-11,0.6784961819648743,0.6784961819648743,0.6733943434877061,0.6784961819648743,23868
2009-05-12,0.6861484050750732,0.6861484050750732,0.6779855127872464,0.6820669831230983,92289
2009-05-13,0.6682929396629333,0.6784957881695912,0.6631911041468429,0.6784957881695912,54100
2009-05-14,0.7131859064102173,0.7131859064102173,0.6733940968257904,0.6733940968257904,5392576
2009-05-15,0.724409282207489,0.724409282207489,0.709104591574504,0.709104591574504,3282645
2009-05-18,0.7647107243537903,0.7652204967637438,0.7279800158722923,0.7539972784875815,4759279
2009-05-19,0.7703226208686829,0.7907283303423173,0.7550179275004444,0.7550179275004444,3336746
2009-05-20,0.7851165533065796,0.7907281633530471,0.775423473216917,0.775423473216917,16510291
2009-05-21,0.7907282710075378,0.8162357688146745,0.765220724816521,0.765220724816521,154346
2009-05-22,0.8009309768676758,0.8009309768676758,0.7907281725507349,0.7958299617801988,39780
2009-05-25,0.7958299517631531,0.7958299517631531,0.7907281625979049,0.7907281625979049,4773
2009-05-26,0.8162357211112976,0.8162357211112976,0.7902184038789373,0.7902184038789373,770140
2009-05-27,0.7784844636917114,0.8111337033762058,0.7784844636917114,0.8111337033762058,1845792
2009-05-28,0.7856271862983704,0.7856271862983704,0.7652206576218921,0.7657312526648969,308692
2009-05-29,0.8009309768676758,0.8009309768676758,0.7902183516684574,0.7902183516684574,588744
2009-06-01,0.8060325980186462,0.8060325980186462,0.7958297480578358,0.8009307617754209,295963
2009-06-02,0.8111339211463928,0.8136852515040404,0.7907282618248157,0.7958300516302773,130478
2009-06-03,0.8101133704185486,0.8162355748621068,0.7912386296986641,0.8111337378258083,342108
2009-06-04,0.8162357211112976,0.8162357211112976,0.800931029785949,0.8162357211112976,1053374
2009-06-05,0.8177658915519714,0.8366414093787984,0.8045018873159309,0.8162357030797289,717631
2009-06-08,0.8463346362113953,0.8463346362113953,0.8152155713289833,0.8152155713289833,1072468
2009-06-09,0.8570472598075867,0.8672508404312032,0.8509258275149066,0.8509258275149066,1104292
2009-06-10,0.8698013424873352,0.8698013424873352,0.8621490441437374,0.8646995522108881,641253
2009-06-12,0.8871461153030396,0.887656662116134,0.8698014582183049,0.8698014582183049,1346155
2009-06-15,0.8442935943603516,0.8871457364025075,0.8442935943603516,0.8871457364025075,472586
2009-06-16,0.8768376111984253,0.8778632744431006,0.8465840956662226,0.8465840956662226,79560
2009-06-17,0.874786376953125,0.874786376953125,0.8691458619917968,0.87119709097594,30232
2009-06-18,0.8717100620269775,0.8747861753039785,0.8691456616428591,0.8747861753039785,1159984
2009-06-19,0.8814523220062256,0.8819655912402581,0.8727351098474808,0.877863133451169,1630980
2009-06-22,0.8768376111984253,0.88145246357461,0.8722228560876027,0.8722228560876027,68421
2009-06-23,0.8922209143638611,0.892220914363861,0.8717102776870432,0.8717102776870432,98654
2009-06-24,0.8768376111984253,0.8891442084194587,0.8737608159951236,0.8891442084194587,25459
2009-06-25,0.9009382128715515,0.9009382128715515,0.8768375123402636,0.8768375123402636,167076
2009-06-26,0.9537537097930908,0.9537537097930908,0.8973482610869226,0.9076044073344147,1408212
2009-06-29,0.9742645025253296,0.9742645025253296,0.9434977124387323,0.9588811074820309,1688263
2009-06-30,0.9609318971633911,0.9747764503112198,0.9276014987460168,0.9747764503112198,1595973
2009-07-01,0.9342678189277649,0.9573429555021328,0.9342678189277649,0.9573429555021328,66830
2009-07-02,0.9363189339637756,0.953753552962051,0.9363189339637756,0.953753552962051,50918
2009-07-03,0.9434970617294312,0.957854880716544,0.943497061729431,0.957854880716544,25459
2009-07-06,0.9332417845726013,0.9337549563506867,0.9178592757203997,0.9337549563506867,187761
2009-07-07,0.9434970617294312,0.943497061729431,0.9229865309198896,0.9363185899297773,71604
2009-07-08,0.9204232692718506,0.9373446194357459,0.9178596464481054,0.9178596464481054,54100
2009-07-09,0.9204232692718506,0.9204232692718506,0.9204232692718506,0.9204232692718506,0
2009-07-10,0.942984938621521,0.9434973324305872,0.9127314301238421,0.9178595506241076,1212494
2009-07-13,0.9383702278137207,0.9383702278137207,0.9235001059370476,0.9235001059370476,3182
2009-07-14,0.9229867458343506,0.9383700365847026,0.9229867458343506,0.9383700365847026,2192673
2009-07-15,0.9281150102615356,0.9434975268913126,0.9255513871770523,0.9434975268913126,281642
2009-07-16,0.9588810801506042,0.9588810801506042,0.9229871411752006,0.9229871411752006,1743955
2009-07-17,0.9640087485313416,0.9640087485313416,0.943497241167718,0.9588806285271102,229132
2009-07-20,0.9865709543228149,0.9865709543228149,0.9640091809436434,0.9640091809436434,192535
2009-07-21,0.984519898891449,0.9870835228026896,0.9742646251233583,0.9870835228026896,217994
2009-07-22,0.9640087485313416,0.9645211422908448,0.9588806285271102,0.9640087485313416,655574
2009-07-23,0.9640087485313416,0.9691359931476011,0.9542657776703539,0.9691359931476011,722404
2009-07-24,0.9691360592842102,0.9737509104558971,0.9537534489977064,0.9640088143180529,445536
2009-07-27,0.9793915748596191,0.9793915748596191,0.9588809363006354,0.966572681081828,203673
2009-07-28,0.9999029636383057,0.9999029636383057,0.9691362771681914,0.9793915475288201,63648
2009-07-29,1.02554190158844,1.02554190158844,0.9614447910906029,0.9614447910906029,1040644
2009-07-30,1.02554190158844,1.0347716084883123,1.0204138759679968,1.02554190158844,1253865
2009-07-31,1.02554190158844,1.02554190158844,1.0075949791015077,1.0127222265988718,146390
2009-08-03,1.02554190158844,1.02554190158844,1.0101586028501899,1.02554190158844,1080424
2009-08-04,1.02554190158844,1.02554190158844,1.00246685621568,1.00246685621568,2068560
2009-08-05,1.0122096538543701,1.0127220478113392,0.99990305594255,1.0009287192447973,365976
2009-08-06,1.0024662017822266,1.0034918645959694,1.001440636233805,1.0029785954951518,270504
2009-08-07,1.0024662017822266,1.0034918645959694,0.9999025797071371,1.0034918645959694,1161576
2009-08-10,1.0040042400360107,1.0050298055657667,0.9742639095915991,1.0050298055657667,903801
2009-08-11,1.0029792785644531,1.0050305083235875,0.9742645908366508,0.9742645908366508,23868
2009-08-12,1.0004149675369263,1.0024661958870278,1.0004149675369263,1.0024661958870278,463039
2009-08-13,1.0691264867782593,1.0737413388229218,1.0004153218768759,1.0101582952457966,6266145
2009-08-14,1.112712025642395,1.112712025642395,1.0768180987441252,1.0768180987441252,1718496
2009-08-17,1.1106611490249634,1.128095772807116,1.0742548167532733,1.1075851315680847,615794
2009-08-18,1.0973291397094727,1.1178406592438213,1.076818592829003,1.1024572627565297,526687
2009-08-19,1.1096351146697998,1.1096351146697998,1.0768179858172655,1.081946008708223,541008
2009-08-20,1.0896382331848145,1.107585252924311,1.0768185582044043,1.107585252924311,458265
2009-08-21,1.10502028465271,1.10502028465271,1.0968161481818375,1.1024566622198984,673077
2009-08-24,1.1070713996887207,1.1070713996887207,1.084509540382541,1.0875863344067018,416894
2009-08-25,1.0819458961486816,1.086047477552878,1.0768178737912146,1.0819458961486816,208447
2009-08-26,1.0993800163269043,1.1024569086198415,1.082458664961457,1.082458664961457,432806
2009-08-27,1.09989333152771,1.09989333152771,1.07169104565291,1.0819463162269891,65239
2009-08-28,1.07733154296875,1.087586814295289,1.076818370887878,1.087586814295289,49327
2009-08-31,1.0768187046051025,1.087073979109857,1.0768187046051025,1.0819467309190718,2401120
2009-09-01,1.07733154296875,1.089638043638259,1.076818370887878,1.076818370887878,6571656
2009-09-02,1.0870729684829712,1.0896373683174838,1.0793813252243543,1.0793813252243543,4035283
2009-09-03,1.0845097303390503,1.1024567421811218,1.0845097303390503,1.1024567421811218,404164
2009-09-04,1.10502028465271,1.125531695748575,1.0768180062584103,1.0845096516795243,4939084
2009-09-08,1.1537340879440308,1.1537340879440308,1.1050203936488812,1.1229674059594994,650800
2009-09-09,1.1906535625457764,1.1906535625457764,1.1204036742946906,1.1204036742946906,5158670
2009-09-10,1.1434788703918457,1.1896281659494956,1.1280954800765826,1.1896281659494956,11574388
2009-09-11,1.1537340879440308,1.1762959517910447,1.1470680075569195,1.1639894540748523,1441627
2009-09-14,1.1793723106384277,1.1809111461008437,1.1537344228290694,1.1537344228290694,463039
2009-09-15,1.1496316194534302,1.17937195724341,1.1496316194534302,1.17937195724341,708084
2009-09-16,1.1527085304260254,1.1793719767777722,1.1357870837866226,1.174244731369606,1199764
2009-09-17,1.135786533355713,1.1521947028165513,1.135786533355713,1.135786533355713,5292331
2009-09-18,1.1532212495803833,1.158861668541077,1.1393766909663596,1.1429658804829756,1681898
2009-09-21,1.1537340879440308,1.1793719683116894,1.1434788190785539,1.1434788190785539,722404
2009-09-22,1.1355538368225098,1.152533137604329,1.1355538368225098,1.152533137604329,587152
2009-09-23,1.122691035270691,1.1381261410447172,1.1175454794906199,1.137611995377834,1206129
2009-09-24,1.1170313358306885,1.1226910372878114,1.0938773107576352,1.1226910372878114,2094019
2009-09-25,1.116516351699829,1.1370971116245978,1.116516351699829,1.1314374099651283,186170
2009-09-28,1.170027256011963,1.170027256011963,1.1365829008625432,1.137611972959123,283233
2009-09-29,1.1576786041259766,1.1653957665898662,1.1473882733910337,1.1653957665898662,703310
2009-09-30,1.1576786041259766,1.1576786041259766,1.1319522892991878,1.1576786041259766,1301601
2009-10-01,1.1242343187332153,1.1576785759942854,1.1175454477614246,1.1576785759942854,143208
2009-10-02,1.116516351699829,1.1242343928660794,1.1160022060136403,1.1190887392949083,402573
2009-10-05,1.1576786041259766,1.1576786041259766,1.1370970642751144,1.146873249345278,182988
2009-10-06,1.1576786041259766,1.167969032458806,1.1396702325461676,1.1628233791019031,262548
2009-10-07,1.1576786041259766,1.1628233791019031,1.1268067335401712,1.1576786041259766,394617
2009-10-08,1.1576786041259766,1.1576786041259766,1.1427567656989102,1.1576786041259766,4978864
2009-10-09,1.1628235578536987,1.1628235578536987,1.132466609049226,1.157678782086906,1171123
2009-10-13,1.1576786041259766,1.165910790635622,1.1417276935862615,1.165910790635622,622159
2009-10-14,1.1628235578536987,1.175687156435002,1.1628235578536987,1.175172229907977,461448
2009-10-15,1.1731141805648804,1.1782597379605344,1.1679694039525648,1.1751724230427254,801964
2009-10-16,1.1962682008743286,1.2137615552242997,1.1499611089371822,1.1499611089371822,3360614
2009-10-19,1.2863094806671143,1.2863094806671143,1.1906079224162005,1.209130439453323,2450448
2009-10-20,1.299172282218933,1.299172282218933,1.248234576310971,1.248234576310971,2278598
2009-10-21,1.3166663646697998,1.3326164935234108,1.2636704226412645,1.3017445270875307,661939
2009-10-22,1.2996870279312134,1.3166662270647127,1.2657285320663443,1.3166662270647127,2466360
2009-10-23,1.3120362758636475,1.327471484654129,1.2966002862897987,1.3166669068193366,240271
2009-10-26,1.2878531217575073,1.291454680099534,1.2863099034900929,1.291454680099534,31824
2009-10-27,1.337761640548706,1.337761640548706,1.2868239260492786,1.3094629319596705,498045
2009-10-28,1.282707929611206,1.33776133532546,1.2353717839090024,1.33776133532546,2248365
2009-10-29,1.301744818687439,1.3274712354185139,1.2821932260574187,1.2821932260574187,813103
2009-10-30,1.324898362159729,1.324898362159729,1.2605829294796542,1.270873258167538,647618
2009-11-03,1.3326164484024048,1.3357037620589163,1.287338450716965,1.3218110945993076,2059012
2009-11-04,1.3562848567962646,1.3753224011019853,1.2940276432840931,1.2940276432840931,2159258
2009-11-05,1.3758364915847778,1.376351418093524,1.3429070584679461,1.3531974880173503,631706
2009-11-06,1.3876709938049316,1.3892142118470194,1.3866418239178953,1.3887000660940647,396208
2009-11-09,1.3789236545562744,1.399504413798559,1.3789236545562744,1.389213985378473,851292
2009-11-10,1.3506250381469727,1.3763513548327777,1.3454793844182382,1.3506250381469727,4624027
2009-11-11,1.284251093864441,1.3506247729244252,1.284251093864441,1.3506247729244252,2101975
2009-11-12,1.2425750494003296,1.343421305638817,1.2271390623179688,1.321811470271781,9240098
2009-11-13,1.2657289505004883,1.2760193805771591,1.245147407161827,1.2554377396405951,1113840
2009-11-16,1.2708733081817627,1.3120356005318758,1.2652136076611202,1.2940272318257735,5071154
2009-11-17,1.2744754552841187,1.2806501826291508,1.2683015087224139,1.2683015087224139,1447992
2009-11-18,1.3068903684616089,1.334674927542012,1.2785916636714518,1.2785916636714518,1887163
2009-11-19,1.3223267793655396,1.3326171143115606,1.2863100214669085,1.2863100214669085,539416
2009-11-23,1.3274707794189453,1.3326163342717376,1.3120355788286042,1.3223260053491055,1871251
2009-11-24,1.3310725688934326,1.3351890528369459,1.3182098497420398,1.3326166651632965,111384
2009-11-25,1.3274707794189453,1.3377611083415775,1.3135788939321131,1.3300439472368177,781279
2009-11-26,1.2811640501022339,1.3223263525803102,1.26881537887839,1.306376221444424,661939
2009-11-27,1.2760192155838013,1.2811639907663384,1.2502928021259718,1.2811639907663384,2851430
2009-11-30,1.2580111026763916,1.3012307756845853,1.248234817599912,1.2904254182419406,1799647
2009-12-01,1.27910578250885,1.2914543558877303,1.2559526344142304,1.2605832640331542,2340655
2009-12-02,1.2837363481521606,1.2991722349028183,1.2791057187640062,1.2791057187640062,138434
2009-12-03,1.2780766487121582,1.3094627655303483,1.2780766487121582,1.304317990067629,1269777
2009-12-04,1.291454553604126,1.3017448865984282,1.261612529361905,1.261612529361905,1075651
2009-12-07,1.3120362758636475,1.3171810526667118,1.2760196175108065,1.3120362758636475,10910858
2009-12-08,1.3367332220077515,1.3480527238876476,1.312035976163953,1.312035976163953,1241136
2009-12-09,1.3372470140457153,1.3583426966549703,1.32232605605531,1.3351887725060987,618976
2009-12-10,1.3429075479507446,1.3506255925212547,1.2991728404325877,1.3017452291622909,2308831
2009-12-11,1.337761640548706,1.337761640548706,1.2986583555665117,1.3372474947699322,432806
2009-12-14,1.3367332220077515,1.3681184614524136,1.3367332220077515,1.3429070698786827,432806
2009-12-15,1.3684601783752441,1.4201005491988756,1.3570993967069387,1.3570993967069387,1597564
2009-12-16,1.4020270109176636,1.4175192943023223,1.3891172808586867,1.3942808202484078,3001003
2009-12-17,1.4361095428466797,1.4361095428466797,1.3942809897328254,1.4020271813436838,2159258
2009-12-18,1.4407566785812378,1.4454041964035165,1.3886002756783036,1.4402406577599303,5196859
2009-12-21,1.4330106973648071,1.4407568880408872,1.4087402794516168,1.4407568880408872,365976
2009-12-22,1.419583797454834,1.4577976426126626,1.400477707483454,1.4407565172798746,984952
2009-12-23,1.3968626260757446,1.4407569240394473,1.3844690145459095,1.430428963408179,1766232
2009-12-24,1.3968626260757446,1.3968626260757446,1.3968626260757446,1.3968626260757446,0
2009-12-28,1.407190203666687,1.433527245454412,1.369493260475298,1.396862245846712,1139299
2009-12-29,1.4097729921340942,1.4226827211720403,1.3891171709933836,1.4226827211720403,1163167
2009-12-30,1.4097729921340942,1.4097729921340942,1.4097729921340942,1.4097729921340942,0
2010-01-04,1.466577172279358,1.4717414957918775,1.4355934841430662,1.4361095050880979,649209
2010-01-05,1.4309449195861816,1.458314792754069,1.394797695711982,1.458314792754069,2536372
2010-01-06,1.4454045295715332,1.4867169623040215,1.4077074758982202,1.4459213341426733,773323
2010-01-07,1.4355931282043457,1.455732045423493,1.420100847184953,1.455732045423493,2087654
2010-01-08,1.460896611213684,1.4696756274288034,1.4355933675439392,1.4355933675439392,11598256
2010-01-11,1.5001428127288818,1.5001428127288818,1.4536668583596661,1.4717409059169098,4555605
2010-01-12,1.5073721408843994,1.5078890432214767,1.4960113582509762,1.500658875454875,3670898
2010-01-13,1.5440365076065063,1.5476519838901364,1.4975605444165472,1.4975605444165472,5063198
2010-01-14,1.5440365076065063,1.549716948819294,1.5362911994184023,1.549200830029306,1665986
2010-01-15,1.5383564233779907,1.595161040978384,1.502725119870133,1.5497172097626684,313466
2010-01-18,1.5125365257263184,1.5414544534222063,1.4769044511705058,1.5383558801317654,1802829
2010-01-19,1.497044563293457,1.521831881454362,1.4872327226544493,1.5130528661457763,1266595
2010-01-20,1.4815523624420166,1.5383562894189573,1.4769048441082413,1.5383562894189573,1306375
2010-01-21,1.4454045295715332,1.4975608465427421,1.435593470844204,1.4970448256024906,1091563
2010-01-22,1.4562487602233887,1.4717410402890638,1.4335272914716006,1.4717410402890638,323013
2010-01-26,1.4164865016937256,1.445921343277307,1.396862718899455,1.445404538702902,498045
2010-01-27,1.3839529752731323,1.4092563168601309,1.3607145988803144,1.3942808378135059,1494136
2010-01-28,1.3684601783752441,1.407190040189245,1.342640041940337,1.3942803148101515,1268186
2010-01-29,1.3942803144454956,1.4149361297265677,1.3736245971182408,1.4040922503542639,913348
2010-02-01,1.455731749534607,1.4562485538773542,1.373624606511348,1.3942803239798507,792417
2010-02-02,1.4701919555664062,1.4815527438867753,1.4412740127314654,1.4412740127314654,1237953
2010-02-03,1.513569951057434,1.513569951057434,1.4562492120910375,1.4923973217224973,1895119
2010-02-04,1.4562487602233887,1.5115037330469827,1.4035755565415509,1.5078891387039262,1979452
2010-02-05,1.420100450515747,1.4459205851564068,1.4046081738237306,1.4459205851564068,1537099
2010-02-08,1.4614126682281494,1.4614126682281494,1.3942808742828203,1.425264658622072,1624615
2010-02-09,1.497560977935791,1.497560977935791,1.4541835760517001,1.4872331137311754,1941264
2010-02-10,1.497044563293457,1.4975605841432922,1.4552161169498108,1.4923970452142465,1502092
2010-02-11,1.497560977935791,1.497560977935791,1.425264851010914,1.4898156675055474,1576879
2010-02-12,1.471224069595337,1.4923966899675716,1.4619290356494845,1.4867163479100747,1019959
2010-02-17,1.4898154735565186,1.49239724336383,1.4330107585181093,1.476904959304394,393026
2010-02-18,1.4846503734588623,1.4975599993712356,1.471740649592683,1.4815517027698877,851292
2010-02-19,1.4820690155029297,1.4949786449909859,1.4624452384984703,1.4624452384984703,1194991
2010-02-22,1.4872324466705322,1.493945712118658,1.4655437064794898,1.4717409511735378,1470268
2010-02-23,1.404092788696289,1.4872328860364645,1.404092788696289,1.4872328860364645,1012003
2010-02-24,1.4459203481674194,1.4717404785761126,1.408222536569412,1.408222536569412,1190217
2010-02-25,1.4355931282043457,1.4877494327271608,1.4164861546655412,1.4459209890378153,2650939
2010-02-26,1.4355931282043457,1.4459209890378153,1.4226826164856448,1.4459209890378153,1868068
2010-03-01,1.4345601797103882,1.445920963562414,1.4201008221644718,1.445920963562414,2375661
2010-03-02,1.4872324466705322,1.4923967682719925,1.4588304410313642,1.4758716640056302,2541146
2010-03-03,1.4846503734588623,1.4923964624584645,1.4645105812414188,1.4898146940020789,10707184
2010-03-04,1.4872324466705322,1.4872324466705322,1.4758716640056302,1.4872324466705322,6796015
2010-03-05,1.471740961074829,1.489815009309452,1.4459208222012063,1.489815009309452,725587
2010-03-08,1.4846503734588623,1.4846503734588623,1.4639945605930809,1.471740649592683,200491
2010-03-09,1.4872324466705322,1.4975603062428469,1.4588304410313642,1.4836177545925178,2397938
2010-03-10,1.494978427886963,1.4975601966835117,1.4774212833969,1.4872323378667682,1272960
2010-03-11,1.497560977935791,1.497560977935791,1.460380823525366,1.460380823525366,171849
2010-03-12,1.4820690155029297,1.4975604141624648,1.4588305461599678,1.4965275889492737,1054965
2010-03-15,1.471740961074829,1.4856835128189583,1.4691584084414215,1.4769044990804217,628524
2010-03-16,1.4691587686538696,1.492397144222346,1.466576999018068,1.4769048611920783,547372
2010-03-17,1.4448883533477783,1.4949790173087292,1.4340436859084589,1.4774218658964506,1774188
2010-03-18,1.471740961074829,1.4748387508351748,1.4407565005650025,1.4407565005650025,116157
2010-03-19,1.471740961074829,1.471740961074829,1.4361089833169594,1.470708135929119,370749
2010-03-22,1.4614126682281494,1.4717414126233705,1.4304289818427542,1.4717414126233705,1422532
2010-03-23,1.4706295728683472,1.4706295728683472,1.4499166725914547,1.4499166725914547,784461
2010-03-24,1.4804681539535522,1.4804681539535522,1.4628616087198905,1.4701117555376348,2208585
2010-03-25,1.4783965349197388,1.4804679911792706,1.4783965349197388,1.4804679911792706,857656
2010-03-26,1.4804681539535522,1.4804681539535522,1.4706292022053296,1.477878465002571,407347
2010-03-29,1.476842999458313,1.4804684665306456,1.4561301000287825,1.4783970096060066,1222041
2010-03-30,1.475807785987854,1.4783966891282316,1.4602726973290932,1.4602726973290932,778096
2010-03-31,1.4804681539535522,1.4804681539535522,1.424542266654394,1.4628616087198905,1177488
2010-04-01,1.475807785987854,1.4804681456038327,1.426096268430917,1.4799499131430582,700128
2010-04-05,1.4701123237609863,1.4783972688918914,1.4462921856545876,1.4499168675664595,276868
2010-04-06,1.4377210140228271,1.4844339093128913,1.4377210140228271,1.4818389781875885,580788
2010-04-07,1.4346064329147339,1.4403157334359327,1.4195546137807034,1.4403157334359327,380296
2010-04-08,1.5607316493988037,1.5607316493988037,1.4470633910888462,1.4532922298208584,2880
2010-04-09,1.4117687940597534,1.4325299101876061,1.4117687940597534,1.4273400495816317,1454356
2010-04-12,1.4112504720687866,1.4429116418207875,1.385817353094313,1.4429116418207875,1751911
2010-04-13,1.416959524154663,1.4211112947354987,1.3858171097648557,1.4211112947354987,213220
2010-04-14,1.4091742038726807,1.4169597842861474,1.391008013663254,1.4169597842861474,3336746
2010-04-15,1.4481009244918823,1.4481009244918823,1.407097350386159,1.4091736290234835,2304057
2010-04-16,1.453291416168213,1.4558863457609559,1.4423913729158953,1.448100769357552,11440728
2010-04-19,1.4688626527786255,1.4688626527786255,1.453292278359593,1.453292278359593,2612750
2010-04-20,1.4787240028381348,1.5565792887281387,1.46886204777789,1.46886204777789,525096
2010-04-22,1.5399699211120605,1.5399699211120605,1.461077235421909,1.461077235421909,555328
2010-04-23,1.5519076585769653,1.5519076585769653,1.5051947713758422,1.521285468155637,682624
2010-04-26,1.5155763626098633,1.5467179960542774,1.492738173655073,1.5467179960542774,593517
2010-04-27,1.5077900886535645,1.5363368782794509,1.5067519985154545,1.5155757646893877,8350617
2010-04-28,1.524398922920227,1.5301083212683817,1.5072709247821228,1.5145378524342694,1072468
2010-04-29,1.520765781402588,1.5243988019009334,1.5088284327561046,1.520765781402588,4388529
2010-04-30,1.554503321647644,1.554503321647644,1.5051947178969718,1.5295897433109378,509184
2010-05-03,1.5311466455459595,1.5908358639664502,1.39723602488431,1.5051948756586992,4105
2010-05-04,1.4844335317611694,1.5332226942833078,1.470419903026077,1.5285514847049437,2423397
2010-05-05,1.479243516921997,1.5275132354442016,1.4527723147159486,1.4844333773126293,1958767
2010-05-06,1.4481009244918823,1.4797619831283264,1.4429110647504095,1.4792433318949145,843336
2010-05-07,1.452772617340088,1.452772617340088,1.4008697691356897,1.4278589390898955,2475907
2010-05-10,1.5051950216293335,1.5129806025771382,1.452772825340734,1.452772825340734,2776644
2010-05-11,1.5051950216293335,1.5129806025771382,1.48443389906574,1.5051950216293335,620568
2010-05-12,1.5197279453277588,1.5306279938836598,1.5036380350611664,1.5306279938836598,560102
2010-05-13,1.500004768371582,1.5415270026741517,1.4662673253617302,1.5384134208978721,552146
2010-05-14,1.4885859489440918,1.4948139980677175,1.4885859489440918,1.4911808791635295,176623
2010-05-17,1.489624261856079,1.5311463977844528,1.4429113789774115,1.5311463977844528,714448
2010-05-18,1.4590016603469849,1.48962474392352,1.4590016603469849,1.48962474392352,369158
2010-05-19,1.4013879299163818,1.4299347177995734,1.3650556633789706,1.4299347177995734,668304
2010-05-20,1.2981009483337402,1.3910080851892956,1.2981009483337402,1.3910080851892956,1629388
2010-05-21,1.3494846820831299,1.3956789120730446,1.3235337048871543,1.3489660307540872,3586564
2010-05-24,1.393084168434143,1.4013883995491754,1.37284170055258,1.3754366312495685,1909440
2010-05-25,1.500004768371582,1.500004768371582,1.3292431448471855,1.3749178388676409,1179079
2010-05-26,1.479243516921997,1.5155758870641935,1.479243516921997,1.4948139841724213,1716904
2010-05-27,1.5311466455459595,1.5311466455459595,1.504676224228414,1.5051948756586992,1607112
2010-05-28,1.541526436805725,1.541526436805725,1.5181703977971435,1.5207653272754944,529869
2010-05-31,1.5337411165237427,1.5415267928352507,1.5259563262907225,1.5311461864460694,2983500
2010-06-01,1.5311466455459595,1.5415272550476686,1.5285517146902206,1.5415272550476686,431215
2010-06-02,1.541526436805725,1.5493120128659181,1.5363365778490232,1.5493120128659181,3029644
2010-06-04,1.5570979118347168,1.6053676270303603,1.5467174041434788,1.5467174041434788,668304
2010-06-07,1.5825306177139282,1.5825306177139282,1.5570982889484082,1.5570982889484082,2913487
2010-06-08,1.5804553031921387,1.5804553031921387,1.5628077654831831,1.5628077654831831,22276
2010-06-09,1.5570979118347168,1.5804548417653062,1.5570979118347168,1.5804548417653062,515548
2010-06-10,1.5519076585769653,1.5830501740968421,1.5519076585769653,1.5648839856609467,4181673
2010-06-11,1.6038117408752441,1.6038117408752441,1.5804556845681375,1.5804556845681375,712857
2010-06-14,1.6349533796310425,1.6453339863142435,1.6090016167901193,1.6219770551713246,3249230
2010-06-15,1.7019085884094238,1.7019085884094238,1.610040326662189,1.6349540088875496,921304
2010-06-16,1.76419198513031,1.76419198513031,1.6712848799722295,1.6868562331937036,2668442
2010-06-17,1.6878947019577026,1.800006107419821,1.687376050546677,1.8420477860149242,590335
2010-06-18,1.7455075979232788,1.7455075979232788,1.7382407676441876,1.7382407676441876,2880
2010-06-21,1.7309749126434326,1.7309749126434326,1.686857041896881,1.7076180685199576,561693
2010-06-22,1.7425389289855957,1.7659535225556622,1.6915484940938328,1.7659535225556622,626932
2010-06-23,1.717043161392212,1.7576281962114155,1.692067983111043,1.7430591941691453,571240
2010-06-24,1.7685546875,1.7690754109499889,1.7170435315717343,1.7326533914751177,2353384
2010-06-25,1.7690749168395996,1.7945702246544224,1.7534652586893336,1.7534652586893336,8248780
2010-06-28,1.8153830766677856,1.8153830766677856,1.7690754049249646,1.7794817807651742,4024144
2010-06-29,1.8211066722869873,1.8216275931793136,1.7800018883626723,1.821106672286987,2635027
2010-06-30,1.795090675354004,1.8471225551841837,1.785725154117172,1.8211065165724571,1336608
2010-07-01,1.7690749168395996,1.7820825376128528,1.753985192421017,1.779481289808705,3543602
2010-07-02,1.8054978847503662,1.8054978847503662,1.758669482735906,1.769075662699142,965858
2010-07-05,1.775319218635559,1.7950909211524562,1.775319218635559,1.7950909211524562,184579
2010-07-06,1.7914484739303589,1.8107002388038627,1.789887882798503,1.8101803049509269,838562
2010-07-07,1.8211066722869873,1.821106672286987,1.791448725250133,1.791448725250133,6737140
2010-07-08,1.8211066722869873,1.8304731812910722,1.7695955115068345,1.821106672286987,704901
2010-07-12,1.9246500730514526,1.9246500730514526,1.9246500730514526,1.9246500730514526,206
2010-07-13,1.8080986738204956,1.816944259142582,1.78988756941442,1.8133013671243925,3123525
2010-07-14,1.8075778484344482,1.808098571739863,1.8075778484344482,1.808098571739863,6048151
2010-07-15,1.8211066722869873,1.821106672286987,1.7919694487491693,1.7945708949181614,324604
2010-07-16,1.78988778591156,1.7950904798447525,1.743059395254543,1.7950904798447525,235497
2010-07-19,1.794570803642273,1.8107004007281635,1.773237524909909,1.808099152084767,930852
2010-07-20,1.78988778591156,1.7950904798447525,1.784684302405361,1.7904077197363515,163893
2010-07-21,1.81070077419281,1.81070077419281,1.776879994807537,1.7950911077867915,1716904
2010-07-22,1.815903902053833,1.8408792844296655,1.8107004177517187,1.8211065967828202,709675
2010-07-23,1.7794817686080933,1.811741158445138,1.77531894194987,1.8107003037356302,1349337
2010-07-26,1.7768795490264893,1.7904078968652897,1.7695953425342237,1.78988796298906,230724
2010-07-27,1.8054978847503662,1.8054978847503662,1.7878067076756468,1.7919695349688802,154346
2010-07-28,1.8211066722869873,1.821106672286987,1.767514196657009,1.8002943133618916,502819
2010-07-29,1.8211066722869873,1.821106672286987,1.7898881338993438,1.7950908288440377,569649
2010-07-30,1.9043567180633545,1.9069589530207685,1.7950902875110084,1.8205861893394577,814694
2010-08-02,1.899154782295227,1.904357477746431,1.8746995278222176,1.9038375437699362,1171123
2010-08-03,1.8731385469436646,1.896552349450102,1.826830086226131,1.896552349450102,999273
2010-08-04,1.8705376386642456,1.897073618120231,1.8523265252935428,1.857529221158526,224359
2010-08-05,1.8861457109451294,1.8861457109451294,1.8731382859567784,1.8757395340825598,870386
2010-08-06,1.8918706178665161,1.904358117590279,1.872618841949558,1.886146999549197,2095610
2010-08-09,1.899154782295227,1.899154782295227,1.889268535796077,1.899154782295227,1755093
2010-08-10,1.899154782295227,1.9303735211154707,1.8861463658240887,1.924650102114535,1037462
2010-08-11,1.8731385469436646,1.8981137302014903,1.836716330670193,1.8736584808120789,5281192
2010-08-12,1.86273193359375,1.8809428400840955,1.8471220775908825,1.8471220775908825,5546923
2010-08-13,1.9772013425827026,1.9772013425827029,1.862732206734759,1.862732206734759,4980456
2010-08-16,1.9511858224868774,1.9511858224868777,1.9371375384917173,1.950665888526259,1939672
2010-08-17,1.912683129310608,1.9303735176514736,1.9126831293106077,1.9303735176514736,1317513
2010-08-18,1.91476309299469,1.91476309299469,1.9095603996156387,1.9095603996156387,251409
2010-08-19,1.9194477796554565,1.919967713732986,1.8991551513440357,1.9080007420358578,50918
2010-08-20,1.91476309299469,1.9173651305605226,1.91476309299469,1.91476309299469,119340
2010-08-23,1.9407802820205688,1.9407802820205688,1.9199679148449216,1.9199679148449216,82742
2010-08-24,1.9407802820205688,1.9407802820205688,1.9277726512324733,1.9407802820205688,359611
2010-08-25,1.9246500730514526,1.935576976911828,1.8882278497567604,1.8882278497567604,162302
2010-08-26,1.8970732688903809,1.9194472059715848,1.8861461686142007,1.9001954385359243,506001
2010-08-27,1.9178855419158936,1.9277717869393476,1.9178855419158936,1.924649814826678,902210
2010-08-30,1.9277715682983398,1.9277715682983398,1.9277715682983398,1.9277715682983398,270
2010-08-31,1.9246500730514526,1.9246500730514526,1.9017562000001091,1.9085202764251303,2224497
2010-09-01,1.9142433404922485,1.9142433404922485,1.9142433404922485,1.9142433404922485,31
2010-09-02,1.9381784200668335,1.9522267042554289,1.930373488750993,1.930373488750993,4523781
2010-09-03,1.9621120691299438,1.9621120691299438,1.9303726215507337,1.9303726215507337,7954408
2010-09-06,1.9303728342056274,1.990209633704583,1.9303728342056274,1.9772012218623982,140025
2010-09-08,1.9537882804870605,1.9667959084663285,1.937137758683227,1.9511860442752347,1129752
2010-09-09,1.9537882804870605,1.9537882804870605,1.9381786136892922,1.9386985477090108,790826
2010-09-10,2.0292344093322754,2.081266313922035,1.9485852039598566,1.9485852039598566,1110657
2010-09-13,2.107281446456909,2.1515084146082186,2.0042590909829294,2.0292342852224885,463039
2010-09-14,2.1020772457122803,2.109882173383798,2.0812646974345417,2.099475800548322,1887163
2010-09-15,2.171800374984741,2.17544247865618,2.0916719228868557,2.0916719228868557,5125255
2010-09-16,2.094273328781128,2.17388185291243,2.0812657018971525,2.17388185291243,2397938
2010-09-17,2.143264055252075,2.1950032590310293,2.077936611529412,2.1061575628259424,4017780
2010-09-20,2.1558072566986084,2.1594654848235177,2.1427412498881564,2.1594654848235177,2736
2010-09-21,2.142742156982422,2.1788034072933242,2.142219920954014,2.142219920954014,3960496
2010-09-22,2.212249994277954,2.212249994277954,2.2117269653945377,2.2117269653945377,3978
2010-09-23,2.142742156982422,2.1526723739462863,2.1239283760516434,2.14796887914677,2819606
2010-09-24,2.142742156982422,2.182461636966884,2.1291541068795676,2.168873388596745,7265419
2010-09-27,2.1166114807128906,2.153194973223925,2.0544199796322324,2.142742518468298,3300148
2010-09-28,2.1558072566986084,2.1558072566986084,2.072188262961011,2.09047980011996,57404131
2010-09-29,2.242039918899536,2.257718694428015,2.14274173419907,2.1631242018662666,2351793
2010-09-30,2.257718563079834,2.277577802330077,2.21381803380756,2.2629442925726524,2698675
2010-10-01,2.2916886806488037,2.2969152041171723,2.2373366829627845,2.278623660715129,2487045
2010-10-04,2.317819595336914,2.4103235561607383,2.2498791613550195,2.3120708366637115,2173579
2010-10-05,2.4040513038635254,2.443248534938009,2.3256588243867555,2.3256588243867555,934034
2010-10-06,2.372694492340088,2.4197302168039068,2.3517897920007957,2.4197302168039068,1987408
2010-10-07,2.2995285987854004,2.3753083457101196,2.284895083751066,2.3753083457101196,2039918
2010-10-08,2.363809585571289,2.384714879329625,2.3256586140655373,2.3643326144496513,98654
2010-10-11,2.4563143253326416,2.4563143253326416,2.388374075746259,2.432797049923533,4157805
2010-10-13,2.581742525100708,2.640798195803636,2.4563133395136303,2.4693793464329903,3370161
2010-10-14,2.5869686603546143,2.6120546203751194,2.461540446389959,2.54359116014781,2124252
2010-10-15,2.5869686603546143,2.647070398264734,2.511711176827567,2.577561673180967,1295236
2010-10-18,2.523733377456665,2.6141466587805127,2.477219857569085,2.6141466587805127,1839427
2010-10-19,2.4354088306427,2.5237315158984353,2.4077101094610187,2.5237315158984353,8181950
2010-10-20,2.4040513038635254,2.4380220127585623,2.388895559319726,2.425479033636437,2455221
2010-10-21,2.37530779838562,2.404051792678496,2.369559039180497,2.3836703148799705,1067695
2010-10-22,2.351789951324463,2.4071874010631658,2.32774945508539,2.352312187203936,4624027
2010-10-25,2.2916886806488037,2.3418604112430175,2.279145896700702,2.3287951930420743,2404303
2010-10-26,2.2315878868103027,2.2885536409618736,2.2263611651606197,2.2791458592200686,4784738
2010-10-27,2.136993169784546,2.2315878692176865,2.136993169784546,2.2315878692176865,9429451
2010-10-28,2.228452682495117,2.2467444303401214,2.153195160328851,2.2002309134154316,361202
2010-10-29,2.2488338947296143,2.2990056184714787,2.2472656008489413,2.2472656008489413,1312740
2010-11-01,2.293779134750366,2.2974371654192414,2.2054564303516724,2.2974371654192414,824241
2010-11-03,2.377920389175415,2.377920389175415,2.268169997748308,2.2937781844940375,1366840
2010-11-04,2.247788190841675,2.4030066272573696,2.234722976976773,2.3700813842193718,23544986
2010-11-05,2.278623342514038,2.291688360623233,2.2577186394307076,2.2618991042059955,3441765
2010-11-08,2.3387246131896973,2.351267596452681,2.2739203562234445,2.2838495818657667,5021827
2010-11-09,2.325137138366699,2.357539164681457,2.2812364036570063,2.351790405285789,1548237
2010-11-10,2.2566730976104736,2.3094575804221376,2.2509243396647793,2.2969146014975492,996091
2010-11-11,2.247265100479126,2.267125129108884,2.164691174637896,2.267125129108884,2657304
2010-11-12,2.184551954269409,2.247265669081486,2.179325233088931,2.2315876864797737,1309557
2010-11-16,2.1688735485076904,2.244131056986955,2.116089043626122,2.236814002298494,626932
2010-11-17,2.1866424083709717,2.1887321450879753,2.120791909716476,2.120791909716476,1229997
2010-11-18,2.247265100479126,2.257718143660762,2.210682423351362,2.210682423351362,2649348
2010-11-19,2.2733957767486572,2.2733957767486572,2.2451748246937617,2.252491279700364,1376388
2010-11-22,2.2733957767486572,2.299004757141936,2.2242695345767993,2.299004757141936,876751
2010-11-23,2.257718563079834,2.2864625536307623,2.221135086087124,2.221657321982107,474177
2010-11-24,2.221135139465332,2.2749650913891317,2.2023203715529007,2.249356101730545,905392
2010-11-25,2.247265100479126,2.247265100479126,2.192912924051052,2.210682423351362,307101
2010-11-26,2.2467429637908936,2.2467429637908936,2.188209527854662,2.1950037484750795,961084
2010-11-29,2.214341163635254,2.2284516450714937,2.201275154036557,2.2211351872603666,1161576
2010-11-30,2.1939585208892822,2.220089744929355,2.1866422619300967,2.1866422619300967,2642983
2010-12-01,2.239427089691162,2.2587640953355734,2.210683095737464,2.226361079140846,2057421
2010-12-02,2.236814260482788,2.2577195669562444,2.2300200358789146,2.2472665171848716,407347
2010-12-03,2.2990052700042725,2.2990052700042725,2.2472652602241254,2.2472652602241254,5628074
2010-12-06,2.2733957767486572,2.2995269928605255,2.2263600635884955,2.2932560006269385,1438444
2010-12-07,2.247788190841675,2.33872364168695,2.247788190841675,2.2733961844920207,3796603
2010-12-08,2.259286403656006,2.2937793561190385,2.2122506675340143,2.2937793561190385,1266595
2010-12-09,2.265557050704956,2.2995275607325905,2.2138178327585614,2.288553073779687,2143346
2010-12-10,2.2733957767486572,2.293778236345528,2.257194771709513,2.293778236345528,1284098
2010-12-13,2.283848762512207,2.2932565418193445,2.2279290809243544,2.2932565418193445,1696219
2010-12-14,2.351789951324463,2.351789951324463,2.25667323119603,2.283326691237522,4861116
2010-12-15,2.3785529136657715,2.4623783770098684,2.338735376343542,2.338735376343542,5298696
2010-12-16,2.344498634338379,2.4272772566437704,2.328257621366773,2.4230856748568064,1928534
2010-12-17,2.289487361907959,2.3937455950272652,2.284248731132887,2.3575961209555367,5589885
2010-12-20,2.294726848602295,2.3261610191674547,2.2475749964843903,2.3073005963310473,2796799
2010-12-21,2.2491462230682373,2.3041569124390757,2.2271420665739274,2.299441807031977,4149849
2010-12-22,2.2711503505706787,2.3261608404825838,2.2381446131423135,2.3010131482000857,3348945
2010-12-23,2.2632923126220703,2.326160847879764,2.238144620259603,2.3120155317940543,2239348
2010-12-27,2.2648653984069824,2.354454058185309,2.231858840849854,2.2790107252054246,1247500
2010-12-28,2.2334296703338623,2.301013315656962,2.2019945061120945,2.29629820996691,1247500
2010-12-29,2.1847057342529297,2.239716433982022,2.164273143209153,2.239716433982022,1767823
2010-12-30,2.1218366622924805,2.2004236985515986,2.1218366622924805,2.2004236985515986,2325804
2011-01-03,2.2114248275756836,2.2475750992870442,2.134410172011849,2.135982337752477,1889815
2011-01-04,2.2161409854888916,2.2475753598933763,2.2051386066230028,2.208282143441828,1065043
2011-01-05,2.197280168533325,2.216141392913806,2.1627022509530627,2.216141392913806,975936
2011-01-06,2.2161409854888916,2.2161409854888916,2.1595581177770495,2.2019948710474235,653452
2011-01-07,2.16270112991333,2.200422764094058,2.1548422904951057,2.200422764094058,579727
2011-01-10,2.247575044631958,2.247575044631958,2.1658450863740817,2.187849244749133,279520
2011-01-11,2.195707321166992,2.2475742620454593,2.189419853087004,2.2460026931604475,3452373
2011-01-12,2.190992593765259,2.2224267594641605,2.1611295997082367,2.1972790691429953,541008
2011-01-13,2.200423002243042,2.2161404840238865,2.1752751108963744,2.192564161974265,457735
2011-01-14,2.16270112991333,2.200422764094058,2.1469834510768813,2.1737035050988442,461448
2011-01-17,2.1925647258758545,2.200423568165832,2.1611303504997443,2.1925647258758545,103428
2011-01-18,2.1847057342529297,2.2239989492331764,2.131267399144636,2.2192838429382453,6175977
2011-01-19,2.146984815597534,2.2004241625781984,2.1265522176375455,2.1988517974251716,596700
2011-01-20,2.0825436115264893,2.1454129613828794,2.07625693492465,2.1454129613828794,1083076
2011-01-21,2.0825436115264893,2.1218366322069837,2.0809720417544137,2.1218366322069837,6549909
2011-01-24,2.0589675903320312,2.145412453888841,2.0448212794051828,2.106119442503049,1043296
2011-01-26,2.0511083602905273,2.1186927881636137,2.0275320411658533,2.0589671995843135,5501308
2011-01-27,2.01181697845459,2.058968859694939,1.9725229490602543,2.052681385677061,19668292
2011-01-28,1.9143688678741455,2.0558244664407734,1.887648801260727,2.0039574931357222,2241470
2011-01-31,1.8860766887664795,1.947373852209047,1.8625003674259157,1.9159394858628724,4582125
2011-02-01,1.9332295656204224,1.9505184266257691,1.8860776928637126,1.8860776928637126,1548
2011-02-02,1.8735032081604004,1.9379441223560603,1.8625008293860652,1.9363725527164788,5343780
2011-02-03,1.8860766887664795,1.8860766887664795,1.8404962116052423,1.870359008701635,2126
2011-02-04,1.8232076168060303,1.9112248583610583,1.8090622974817843,1.862500833007,4482940
2011-02-07,1.8467838764190674,1.9253701071867746,1.8074900653866053,1.8546427181282579,2420745
2011-02-08,1.8184916973114014,1.8546419568209584,1.8074893234348712,1.8546419568209584,2286
2011-02-09,1.776055097579956,1.8546420970579485,1.7634813525693545,1.8546420970579485,3022749
2011-02-10,1.8247793912887573,1.8483549158708212,1.7289033387458967,1.7917728618471147,11223794
2011-02-11,1.8892202377319336,1.9017941831133132,1.8263509083384442,1.8263509083384442,2424988
2011-02-14,1.909652590751648,1.9552328781228454,1.8939357026217514,1.9143684919689334,2401651
2011-02-15,1.909652590751648,1.930085181342088,1.9017945442001838,1.9175112335733384,1525430
2011-02-16,1.923798680305481,1.941087535291726,1.893935678950899,1.9175112096078335,2200099
2011-02-17,1.9017949104309082,1.9473746103092122,1.8955076372006734,1.9253704459224619,2488106
2011-02-18,1.9803816080093384,1.9803816080093384,1.8577864103299453,1.9017953454402206,1643709
2011-02-21,1.9332295656204224,2.024389574690529,1.91908424230158,1.9803814383771323,976466
2011-02-22,1.9803816080093384,1.9803816080093384,1.9190844066832933,1.9253708863243522,1073529
2011-02-23,1.903364896774292,1.9788083442706625,1.9017935268127129,1.9646620394837375,4791633
2011-02-24,1.903364896774292,1.903364896774292,1.903364896774292,1.903364896774292,0
2011-02-25,1.9175113439559937,1.9489465133225647,1.8970795472163535,1.9332290280176558,1636814
2011-02-28,1.9960987567901611,2.0181029224373352,1.909653067882695,1.9332293997518486,2575092
2011-03-01,2.0275328159332275,2.040106566094639,1.9646632700991309,1.9960984405296995,1987939
2011-03-02,1.9646629095077515,2.0322475495588006,1.950517592239945,2.025961073145426,1768353
2011-03-03,2.0071001052856445,2.0196740547085494,1.974094556368148,2.0055287342767216,1319635
2011-03-04,1.9646629095077515,2.0070996563380654,1.9520891616541076,2.0070996563380654,599352
2011-03-09,1.9646629095077515,1.9646629095077515,1.9646629095077515,1.9646629095077515,0
2011-03-10,1.8467838764190674,1.9253701071867746,1.8389252334666222,1.9017945758429295,3189825
2011-03-11,1.8939355611801147,1.9017944021716382,1.848355277212914,1.848355277212914,1549298
2011-03-14,1.9017949104309082,1.9237990748176588,1.8640732586173014,1.9017949104309084,3215284
2011-03-15,1.8782182931900024,1.933228993894308,1.8625008081625223,1.9017946201095974,3391908
2011-03-16,1.9017949104309082,1.9237990748176588,1.8892209602407792,1.8892209602407792,1149907
2011-03-17,1.9646629095077515,1.9646629095077515,1.9017943689962564,1.9096524148237934,929260
2011-03-18,1.956805944442749,1.9646637950553905,1.9143691784845933,1.9646637950553905,1450113
2011-03-21,1.9410866498947144,1.9662345336470866,1.9410866498947144,1.9489454877902361,583
2011-03-22,2.003138542175293,2.0252203114997442,1.941624372306123,1.9605521160470392,1480346
2011-03-23,2.003138542175293,2.0252203114997442,1.9621290291099258,2.0252203114997442,1883450
2011-03-24,1.9621284008026123,2.0346831329140906,1.9621284008026123,1.9873649854604551,1023
2011-03-25,2.0488786697387695,2.0488786697387695,2.0031374452441284,2.026796114675824,1108
2011-03-28,2.0378384590148926,2.0425701951467294,1.990520299865537,2.0425701951467294,553737
2011-03-29,1.996828556060791,2.0473013290058093,1.9842102630956828,2.0473013290058093,1198704
2011-03-30,2.0189120769500732,2.028375551850241,1.9968295052554672,1.9968295052554672,1175366
2011-03-31,2.012601375579834,2.0898878428425016,2.006292728044198,2.0204879329657475,2002790
2011-04-01,2.1025054454803467,2.1025054454803467,2.033105751243977,2.033105751243977,1637344
2011-04-04,2.129319906234741,2.1450928250541605,2.0741151890111307,2.0977746669691304,1865416
2011-04-05,2.129319906234741,2.129319906234741,2.129319906234741,2.129319906234741,0
2011-04-06,1.98736572265625,2.063075105798111,1.98736572265625,2.036261598636102,44545113
2011-04-07,1.98736572265625,2.01575694079222,1.9715926020720762,1.98736572265625,3482606
2011-04-08,1.9715919494628906,2.006292803261875,1.9573967440091504,2.006292803261875,1177488
2011-04-11,1.9747464656829834,1.9936742011828419,1.9274283236793859,1.9652829968484036,2666320
2011-04-12,1.9823147058486938,1.9823147058486938,1.9238725574209812,1.9633606467050488,1653787
2011-04-13,1.9586219787597656,1.9759968645219153,1.9333494358096817,1.9554626362437293,3337807
2011-04-14,1.9665203094482422,1.9886337149531335,1.9428269326894898,1.958622450614151,12872277
2011-04-15,1.9744161367416382,1.9854733330688343,1.9365082318594329,1.9854733330688343,1423593
2011-04-18,1.9064974784851074,1.9538834205506175,1.8907019647198018,1.9507240781053938,4189099
2011-04-19,1.8338385820388794,1.9049170796814439,1.8338385820388794,1.8985991951842713,2176231
2011-04-20,1.8164628744125366,1.8480540941164498,1.7643384305283816,1.8480540941164498,3317121
2011-04-25,1.832259178161621,1.848054894728287,1.8164636613384626,1.848054894728287,1410333
2011-04-26,1.8512133359909058,1.859110392305344,1.8322584832993098,1.8322584832993098,2574031
2011-04-27,1.7975095510482788,1.860691017374563,1.7817140346590814,1.860691017374563,1391239
2011-04-28,1.737486481666565,1.813304288590383,1.737486481666565,1.813304288590383,1288872
2011-04-29,1.7848724126815796,1.7959296089775698,1.723270943865128,1.7532821924204371,2537433
2011-05-02,1.8085660934448242,1.8496335467650828,1.7848727250011116,1.8148839788078321,16252516
2011-05-03,1.8164628744125366,1.8164628744125366,1.7501228910073439,1.800668163405974,2637679
2011-05-04,1.8448947668075562,1.8448947668075564,1.784872467593749,1.816462888570197,2185778
2011-05-05,1.832259178161621,1.8448955516714465,1.7880325699795083,1.8401570364449542,1981044
2011-05-06,1.832259178161621,1.860691068494605,1.8212029755389847,1.8417362086146059,1562028
2011-05-09,1.7896112203598022,1.8591105552979394,1.7848727065148984,1.848054355898912,1097
2011-05-10,1.7896112203598022,1.7896112203598022,1.7896112203598022,1.7896112203598022,0
2011-05-11,1.770656943321228,1.833838584795874,1.7627592880727534,1.7690769728359999,2785130
2011-05-12,1.8417359590530396,1.8417359590530396,1.7738159849678257,1.7848729850662304,8271057
2011-05-13,1.8638499975204468,1.8749061976870867,1.8401566276771415,1.8401566276771415,2082880
2011-05-16,1.8638499975204468,1.8638499975204468,1.8638499975204468,1.8638499975204468,0
2011-05-17,1.7659189701080322,1.8006687437255748,1.740646425635591,1.776975371247594,3359553
2011-05-18,1.740646243095398,1.7706572991214116,1.740646243095398,1.7611802707136441,5164504
2011-05-19,1.7232714891433716,1.7611804046308286,1.7058968025790133,1.7564410910927182,1175896
2011-05-20,1.6822032928466797,1.756441155626326,1.6822032928466797,1.7216915814773917,2024006
2011-05-23,1.688522458076477,1.713794210955454,1.6553520465096436,1.6648290786789748,5416975
2011-05-24,1.699578046798706,1.7106352461344336,1.6901010180637146,1.6979988749153263,1759867
2011-05-25,1.7343276739120483,1.7469638443380762,1.6790438790036766,1.7106351040425645,1190217
2011-05-26,1.7453842163085938,1.756440413118291,1.7169523409240381,1.7374863621776604,9389671
2011-05-27,1.7295891046524048,1.7596001582625185,1.7201120770075413,1.7596001582625185,951007
2011-05-30,1.7738161087036133,1.7738161087036133,1.721691645665174,1.726430160580125,365445
2011-05-31,1.7690774202346802,1.7769752772239427,1.7485441905234458,1.7753959055695647,1353580
2011-06-01,1.737486481666565,1.7769747563198734,1.7090546043267172,1.775395385128474,1641588
2011-06-02,1.713793396949768,1.7690771902259679,1.6916799994853575,1.7659186470713486,5963817
2011-06-03,1.6585110425949097,1.7216918135621242,1.6537717282438102,1.7216918135621242,4096279
2011-06-06,1.6632492542266846,1.6758855259585792,1.6506129824947897,1.6758855259585792,2107279
2011-06-07,1.6743055582046509,1.6901010726747927,1.6521921575360168,1.6711462156184493,7783089
2011-06-08,1.6600899696350098,1.6837825415957053,1.6569306271344633,1.674305512811427,7902429
2011-06-09,1.7295891046524048,1.731169075327928,1.6600897700438662,1.6837823391560247,3598233
2011-06-10,1.737486481666565,1.7548613624627039,1.7090546043267172,1.7532821910147207,3335155
2011-06-13,1.6901010274887085,1.76433888487314,1.6743055134408713,1.7485441697991921,840153
2011-06-14,1.7201119661331177,1.729588993167114,1.6979985701480673,1.6979985701480673,1654317
2011-06-15,1.713793396949768,1.7311690795539745,1.6869414856513583,1.7295891088745943,1141951
2011-06-16,1.6585110425949097,1.7201126413422991,1.6585110425949097,1.7201126413422991,1711070
2011-06-17,1.6585110425949097,1.6790443761946694,1.6253406359815437,1.6743058608176251,3834792
2011-06-20,1.683782696723938,1.6901011825636858,1.6269197198055485,1.683782696723938,2449917
2011-06-21,1.6506129503250122,1.7043165798122752,1.6506129503250122,1.6948395509736,1592791
2011-06-22,1.6577093601226807,1.6957812546284305,1.6577093601226807,1.6957812546284305,755289
2011-06-24,1.6339143514633179,1.6656413023832835,1.622810515433023,1.6656413023832835,1269777
2011-06-27,1.6085327863693237,1.6497775048332586,1.605359861107746,1.6497775048332586,4025205
2011-06-28,1.6339143514633179,1.6656413023832835,1.6021881026512264,1.6053601257256862,6143623
2011-06-29,1.6894357204437256,1.705299347130112,1.6291555438535334,1.6339144312571898,2273294
2011-06-30,1.6894357204437256,1.7401983228288644,1.6767452202991355,1.6783311817632551,2881132
2011-07-01,1.667227029800415,1.7354390027264397,1.667227029800415,1.7211615416662462,3607780
2011-07-04,1.7370245456695557,1.7370245456695557,1.6466040346332913,1.6815030895007175,2016580
2011-07-05,1.729093313217163,1.7370251244000694,1.70053999657193,1.7211615020342568,1329712
2011-07-06,1.7449564933776855,1.770337884444321,1.7164023782771767,1.7417837693438118,2117887
2011-07-07,1.7005397081375122,1.7465423997758491,1.6910211351280928,1.7322659444769164,1778431
2011-07-08,1.6704003810882568,1.7132312732507762,1.6704003810882568,1.6973676455201292,1724860
2011-07-11,1.6592952013015747,1.67674478492118,1.6339140070005311,1.6719858987532001,537825
2011-07-12,1.6577093601226807,1.6783308673381108,1.6339141251532538,1.6450186617533566,587152
2011-07-13,1.6894357204437256,1.7037123826546947,1.6466050317029097,1.6561228065102225,6402458
2011-07-14,1.6815036535263062,1.7052988865265006,1.6735718423255064,1.6846765786088316,8899581
2011-07-15,1.729093313217163,1.729093313217163,1.6640540663349705,1.6640540663349705,2214420
2011-07-18,1.6497771739959717,1.7195752970850302,1.6497771739959717,1.7195752970850302,2335351
2011-07-19,1.603773593902588,1.6703995954203084,1.603773593902588,1.6529501146295948,1740242
2011-07-20,1.6101197004318237,1.6307412077476529,1.5863243650454348,1.6101197004318237,3330381
2011-07-21,1.6656405925750732,1.6830900721362376,1.6053594416061248,1.6053594416061248,1916865
2011-07-22,1.6735719442367554,1.67833083064482,1.657709323880237,1.6592952850125624,1053374
2011-07-25,1.6117057800292969,1.697367348776194,1.6117057800292969,1.6751589759438437,2079
2011-07-26,1.8797940015792847,1.932143350425363,1.7052987799208643,1.7052987799208643,14973722
2011-07-27,1.9432473182678223,2.1891274618235452,1.8972436130183368,1.9511791299330556,37849874
2011-07-28,2.013045072555542,2.0146318357911692,1.8480676339492987,1.9591103683098192,6849585
2011-07-29,1.935314655303955,2.01463133285126,1.935314655303955,2.01463133285126,3564
2011-08-01,2.057462453842163,2.0780849581050815,1.9591102218786494,1.9622831463062105,6905808
2011-08-02,1.951178789138794,2.052703754096972,1.9495926276850046,2.0114589424482574,6476714
2011-08-03,1.998768925666809,2.0780856432368164,1.936902596094098,2.052704245469879,13678485
2011-08-04,1.974973440170288,2.005113507985759,1.9416604485712239,1.9987678610206958,8378728
2011-08-05,1.9575248956680298,2.0035278012300237,1.887725951895991,1.9591108568904625,8494886
2011-08-08,1.7449564933776855,1.936902084781324,1.654536065036234,1.9004161595961309,8834342
2011-08-09,1.80841064453125,1.8686908254936543,1.7481302629665718,1.8686908254936543,8359104
2011-08-10,1.7608202695846558,1.8480677810216195,1.7005399118144657,1.8480677810216195,8287500
2011-08-11,1.9020029306411743,1.9035890920624585,1.713230463699262,1.7386116542681236,9300564
2011-08-12,1.776682734489441,1.9020029268682277,1.776682734489441,1.9020029268682277,6447012
2011-08-15,1.86393141746521,1.9067621976583715,1.855999806362937,1.8797942384653197,3379708
2011-08-16,1.951178789138794,1.9575244379648624,1.824272432489435,1.8559994730066847,5105630
2011-08-17,2.014632225036621,2.0257359589921333,1.9511791357413844,1.9511791357413844,6887774
2011-08-18,1.9670422077178955,2.054289914111189,1.9353151672228792,1.9686281685683915,7029391
2011-08-19,1.935314655303955,1.982904300748506,1.8908979337320213,1.9369016187455859,3709087
2011-08-22,1.948006510734558,2.014632535577464,1.927384198369218,2.014632535577464,2621236
2011-08-23,1.9337297677993774,2.0146324506663738,1.9337297677993777,1.9829054009599247,709675
2011-08-24,1.982905626296997,2.013045915708669,1.9448347270203605,1.9670430023512273,613672
2011-08-25,1.982905626296997,2.013045915708669,1.9606973509661303,1.982905626296997,476829
2011-08-26,2.001941442489624,2.0146319381803863,1.9400741225345695,1.9432470473605439,1130812
2011-08-29,1.9591104984283447,2.0289086270203733,1.9591104984283447,1.9686282700437456,1743955
2011-08-30,1.9606966972351074,2.03842643738572,1.9511789254387764,1.979733043236554,687928
2011-08-31,1.982905626296997,2.022564493087446,1.9638700763575474,1.9638700763575474,756350
2011-09-01,1.9035896062850952,2.022564182355425,1.9035896062850952,1.9876652114227769,4801180
2011-09-02,1.9702140092849731,1.9702140092849731,1.9051747804410721,1.9162793130173568,3708026
2011-09-05,1.9432473182678223,1.9702146755207475,1.8797942291614744,1.9702146755207475,595108
2011-09-06,1.936901569366455,1.9733864818320261,1.9020024166893141,1.967041637259191,1841548
2011-09-08,1.9670422077178955,1.9908366355298843,1.9369021310842849,1.9638692830059936,2567666
2011-09-09,1.9575248956680298,1.9575248956680298,1.928970773188458,1.9384885465453434,575484
2011-09-12,1.9289709329605103,1.9480064812509497,1.9115213460238647,1.9194531588152905,3710148
2011-09-13,1.8433096408843994,1.9495935412099707,1.8433096408843994,1.9289712260236649,1198704
2011-09-14,1.8480689525604248,1.9273849040924476,1.8480689525604248,1.9273849040924476,2514626
2011-09-15,1.8797940015792847,1.9035892330919357,1.846481800833853,1.846481800833853,747333
2011-09-16,1.911521077156067,1.9210388499625504,1.8734491835212634,1.9035894660825192,768019
2011-09-19,1.8797940015792847,1.9083481189127118,1.876621879103884,1.878207840040488,726117
2011-09-20,1.8797940015792847,1.9083481189127118,1.8797940015792847,1.884553689808832,966388
2011-09-21,1.875034213066101,1.9337283804125927,1.8718620921178457,1.9035883166528071,725056
2011-09-22,1.795719861984253,1.87027690343734,1.7957198619842527,1.8448955012458743,1159454
2011-09-23,1.7735106945037842,1.8528265925739604,1.7544743493771684,1.811582582348268,1186504
2011-09-26,1.7909598350524902,1.960696124028232,1.762405725602468,1.8004776040663144,2035144
2011-09-27,1.7925463914871216,1.8559996770901377,1.7798558948482817,1.8242726330842214,982831
2011-09-28,1.7814414501190186,1.8401356356621625,1.7386114850731864,1.8242722175734845,3475180
2011-09-29,1.778269648551941,1.8115826519977345,1.7560613807924679,1.7925463061392333,1676594
2011-09-30,1.7846148014068604,1.802064184334859,1.7449567482028518,1.7465427092470407,2253669
2011-10-03,1.7132302522659302,1.8131684395821563,1.7116432886317845,1.7671647489878752,1658030
2011-10-04,1.6497771739959717,1.7449564874634633,1.6497771739959717,1.6735716011584916,3539359
2011-10-05,1.729093313217163,1.7370251244000694,1.689435260313656,1.689435260313656,2057952
2011-10-06,1.7449564933776855,1.7735106084781946,1.7290930738104942,1.7639920351722191,3599824
2011-10-07,1.7354388236999512,1.759233252330929,1.7290931746599163,1.759233252330929,4200768
2011-10-10,1.7750970125198364,1.7925463952846572,1.7433707708555242,1.7528885430537156,3778569
2011-10-11,1.7846148014068604,1.80365114839008,1.7497156343464504,1.7639922927772456,4454829
2011-10-13,1.7893738746643066,1.8084102236381467,1.760820554816911,1.7624065160269429,1815559
2011-10-14,1.8702759742736816,1.8702759742736816,1.770337780881252,1.84013569952159,3084806
2011-10-17,1.80841064453125,1.8797947631727312,1.8052377183615762,1.8686908254936543,653452
2011-10-18,1.8433096408843994,1.852827416475628,1.7941331965153033,1.8099966239059952,385070
2011-10-19,1.8591728210449219,1.882967256858843,1.8290327342753734,1.8433093957637259,844396
2011-10-20,1.871862769126892,1.871862769126892,1.8115824192032302,1.8401357307086168,1559906
2011-10-21,1.8655179738998413,1.8861402874902369,1.8433094982351745,1.8560001990451702,883116
2011-10-24,1.8766218423843384,1.9035891958447246,1.8702761933423515,1.8940714243894052,1009351
2011-10-25,1.8766218423843384,1.8877255747452295,1.8496536865151967,1.8829666890175698,632236
2011-10-26,1.8782075643539429,1.8940711834353494,1.833790835141148,1.833790835141148,667243
2011-10-27,1.8512414693832397,1.9099348873942557,1.8131695643109715,1.8940722622884028,3863964
2011-10-28,1.8163411617279053,1.8496533558665518,1.7846143264048608,1.8496533558665518,1300010
2011-10-31,1.7132302522659302,1.8163411632375284,1.7132302522659302,1.8163411632375284,2664729
2011-11-01,1.7132302522659302,1.7132302522659302,1.6608808134576751,1.6957806733656906,2652530
2011-11-03,1.7497156858444214,1.759233458411747,1.7179896435518605,1.7306801407097696,2820136
2011-11-04,1.6592952013015747,1.721161523894143,1.6592952013015747,1.721161523894143,3118221
2011-11-07,1.7037118673324585,1.7100577172921012,1.6640540162253719,1.6815035990978973,1235301
2011-11-08,1.705298662185669,1.7243342041545435,1.6783305076507489,1.7052986621856687,1022611
2011-11-09,1.7100577354431152,1.721161468473856,1.6926081523853753,1.7005399634136216,614203
2011-11-10,1.7465420961380005,1.7988916307605738,1.7164020264038156,1.7164020264038156,3448660
2011-11-11,1.7893738746643066,1.8084102236381467,1.7528887427444775,1.784614988023074,1271368
2011-11-14,1.8337910175323486,1.8639310943761382,1.7703379391107417,1.7703379391107417,1993773
2011-11-16,1.8036497831344604,1.871861703374312,1.7846134505606124,1.8242712731438013,2172518
2011-11-17,1.786201000213623,1.8322038860631824,1.7528880053303701,1.8195131926883037,2047874
2011-11-18,1.8242722749710083,1.8686898068963944,1.7862011937324287,1.8020638099115622,2953797
2011-11-21,1.82744562625885,1.859172470845069,1.8052371560120355,1.859172470845069,2150241
2011-11-22,1.8004783391952515,1.8131690373988134,1.7766831045366314,1.8084101509488648,1557254
2011-11-23,1.8559999465942383,1.8559999465942383,1.7750972665157365,1.787787764997325,2447796
2011-11-24,1.8242722749710083,1.8559993127487582,1.8036507736370522,1.8512404275939356,1462312
2011-11-25,1.8591728210449219,1.8591728210449219,1.8084104218313932,1.8242730447035915,996091
2011-11-28,1.8607587814331055,1.881381091642828,1.8385503094091358,1.8607587814331057,1723800
2011-11-29,1.8686903715133667,1.8702765333094498,1.8020643543977624,1.852826948132507,1012533
2011-11-30,1.998768925666809,2.0051145760118887,1.8099962090661006,1.8702765774075596,8431238
2011-12-01,1.9194525480270386,1.9813188626934934,1.9194525480270386,1.9813188626934934,3276811
2011-12-02,1.9765602350234985,1.9892509325050296,1.930556531878776,1.9416612683042556,2383087
2011-12-05,2.0209760665893555,2.0209760665893555,1.9400734330544163,1.9718004634146513,2143876
2011-12-06,1.935314655303955,1.9971819566699613,1.935314655303955,1.9955949932283303,2339594
2011-12-07,1.9432473182678223,1.959110740996072,1.9369024707422868,1.9432473182678223,2091897
2011-12-08,1.951178789138794,1.9797329049419183,1.9432469788589362,1.9575244379648624,2334290
2011-12-09,1.9908373355865479,1.9908373355865479,1.9305569605201955,1.9305569605201955,652392
2011-12-12,1.9591104984283447,1.973387155851446,1.9194526486257264,1.949592726812944,4649486
2011-12-13,1.8908988237380981,1.9543519147989896,1.8908988237380981,1.9543519147989896,1700992
2011-12-14,1.9035896062850952,1.9194530302027761,1.8433092373250508,1.9194530302027761,3184521
2011-12-15,1.998768925666809,1.998768925666809,1.8940718133410148,1.9131073601606428,3499048
2011-12-16,2.1177423000335693,2.224026115750525,2.109810492351304,2.220853392677619,78529963
2011-12-19,2.0622222423553467,2.1669193660267942,2.0146325677402337,2.1161567655941873,11678877
2011-12-20,2.0622222423553467,2.0939484914965036,1.9908373292281734,2.0542906299194943,5882666
2011-12-21,2.0527048110961914,2.0622225871286446,2.02732360693765,2.0606366254603783,12800673
2011-12-22,1.9146928787231445,2.0622206778683236,1.9146928787231445,2.05270291064768,5233456
2011-12-23,2.0061888694763184,2.053955204014877,1.9584225349377593,1.9600143836645938,6315472
2011-12-26,2.06669282913208,2.06669282913208,1.9743448635083585,2.0221111984270177,488498
2011-12-27,2.0698773860931396,2.081022339945978,1.9982274861185378,2.0666926821061047,2978196
2011-12-28,2.0523629188537598,2.0682852283276563,1.9998200425733368,2.015741546659736,912288
2011-12-29,2.065101385116577,2.069877939005797,2.0221115947257644,2.0475872199581318,3480484
2012-01-02,2.1017215251922607,2.128789799171549,2.071469352432627,2.0858000178213763,887889
2012-01-03,2.133566379547119,2.2099920320750943,2.1017215522727892,2.1017215522727892,3618919
2012-01-04,2.133566379547119,2.133566379547119,2.0698775303861328,2.117643865236495,4098400
2012-01-05,2.117643117904663,2.213175753891217,2.1017208105600567,2.149487128553334,2421276
2012-01-06,2.109682559967041,2.1240120157645315,2.073061989464344,2.1240120157645315,798782
2012-01-09,2.117643117904663,2.1478952803778832,2.077838054257113,2.1335656265961167,1260760
2012-01-10,2.1017215251922607,2.1335663520562727,2.0953531235908227,2.1335663520562727,6896791
2012-01-11,2.1017215251922607,2.117643837950809,2.087391866538091,2.0953531235908227,2876359
2012-01-12,2.085801362991333,2.163819718954356,2.07147068836048,2.1510819008020583,9105376
2012-01-13,2.117643117904663,2.1622249341596493,2.0826146055177017,2.0826146055177017,12984192
2012-01-16,2.149487257003784,2.197253577851512,2.1176432444521582,2.1176432444521582,1282507
2012-01-17,2.125605821609497,2.1654109123984253,2.1208292670919815,2.154265148714591,4886575
2012-01-18,2.1622259616851807,2.1892940379770023,2.1192361745230346,2.1335666405022646,4074002
2012-01-19,2.149487257003784,2.165409565299886,2.1335657540951196,2.165409565299886,13184152
2012-01-20,2.2211380004882812,2.24342891857382,2.1510807430707577,2.1717798122697176,5851372
2012-01-23,2.2211380004882812,2.245021572848148,2.2052156860306824,2.214769598207279,3508596
2012-01-24,2.2290992736816406,2.26094309742753,2.206808355443192,2.206808355443192,3878284
2012-01-26,2.268904685974121,2.292788261977769,2.2290995984715694,2.2290995984715694,6012084
2012-01-27,2.308708906173706,2.33099981928611,2.262535432764355,2.284826144529867,6669780
2012-01-30,2.2927873134613037,2.3134853705206635,2.2593506430439554,2.2911946596028674,5366587
2012-01-31,2.308708906173706,2.332592473205115,2.262535432764355,2.292787400655967,10007056
2012-02-01,2.3517005443573,2.372399625325694,2.3087107339758637,2.324633258833899,10775076
2012-02-02,2.3708064556121826,2.3803595625143075,2.3182635622627377,2.3803595625143075,4743367
2012-02-03,2.4201645851135254,2.4201645851135254,2.3564757307824022,2.3676216930515652,3401455
2012-02-06,2.3803598880767822,2.485445689148286,2.348515858469484,2.4010587590052355,5148062
2012-02-07,2.364436626434326,2.4201642144283246,2.3580682252092755,2.369213179036744,1737590
2012-02-08,2.372398614883423,2.3962821906510294,2.3485158445036807,2.364437355845232,3799785
2012-02-09,2.407426118850708,2.4169792229190845,2.372397600790608,2.3867272568931726,6118164
2012-02-10,2.388320207595825,2.4281254839850175,2.343737774537977,2.343737774537977,2946902
2012-02-13,2.3962817192077637,2.4329022954969313,2.3883204617358667,2.4058348254801873,1704705
2012-02-14,2.388320207595825,2.4185723787291353,2.388320207595825,2.402649865479648,1391239
2012-02-15,2.4153878688812256,2.4488245453520734,2.4026500586046757,2.4026500586046757,3840626
2012-02-16,2.4743006229400635,2.5045528045547876,2.4137966624045655,2.4137966624045655,5953740
2012-02-17,2.491814136505127,2.5125130011099994,2.472707120537111,2.483852879851787,4932720
2012-02-23,2.5570950508117676,2.5777939172017152,2.4838530940598815,2.4965909044568315,3732955
2012-02-24,2.5746099948883057,2.6000856234197522,2.5555037768571816,2.566648936477348,4485592
2012-02-27,2.5873467922210693,2.6367049725446563,2.5411723091613996,2.585754943589111,3339928
2012-02-28,2.6589972972869873,2.732239264157249,2.598493142573404,2.601677041908459,4949692
2012-02-29,2.6621813774108887,2.6685505859421874,2.5953088154450255,2.6478517152870307,15267033
2012-03-01,2.651035785675049,2.6701419987180586,2.588938982509814,2.662180942385517,4912564
2012-03-02,2.68287992477417,2.68287992477417,2.643074842750453,2.6510358994245844,7441512
2012-03-05,2.6733269691467285,2.681288227618389,2.6271524753989066,2.681288227618389,6835795
2012-03-06,2.595308303833008,2.6542204005929952,2.560279576612226,2.6303368297068648,8736218
2012-03-07,2.6239676475524902,2.651035721662173,2.5984928316748896,2.6191910944070744,5144349
2012-03-08,2.6478517055511475,2.684473094032487,2.630337338552556,2.630337338552556,2734212
2012-03-09,2.68287992477417,2.701986944024742,2.66058900635599,2.6717349689324306,4957648
2012-03-12,2.719501495361328,2.735423005759969,2.6637738934761135,2.6637738934761135,5698087
2012-03-13,2.752936601638794,2.768858912970175,2.694025318198141,2.7386069442690366,3930794
2012-03-14,2.7051703929901123,2.7608977804347203,2.6717345242946866,2.7322386657569764,4790572
2012-03-15,2.7019877433776855,2.7210939628928585,2.627153103922259,2.67810416359572,3155880
2012-03-16,2.6271519660949707,2.7210927843795236,2.6271519660949707,2.7115396787594155,6729715
2012-03-19,2.6271519660949707,2.6271519660949707,2.6271519660949707,2.6271519660949707,0
2012-03-20,2.7067630290985107,2.7210926870159424,2.6765110592411525,2.7051703750760163,1990060
2012-03-21,2.7545299530029297,2.7911505333533237,2.6940260002820295,2.705170956590956,4423536
2012-03-22,2.783506155014038,2.820511964551299,2.7223657326281048,2.7336279279981133,4423536
2012-03-23,2.71110200881958,2.7802874247551568,2.7030570037433743,2.751325813410764,2540085
2012-03-26,2.8317737579345703,2.841427354771168,2.703056352759288,2.73523616184919,7087735
2012-03-27,2.855907917022705,2.880042724385161,2.825337717167755,2.825337717167755,6917476
2012-03-28,2.8398196697235107,2.863953669537103,2.8156848560499577,2.8591268695743848,5322564
2012-03-29,2.7995946407318115,2.838209851481202,2.7738520485804443,2.838209851481202,4832474
2012-03-30,2.855907917022705,2.8671711255404255,2.7995941125484096,2.8237291233758026,4976212
2012-04-02,2.928311824798584,2.9492286328570487,2.854299615208018,2.8623446196401034,5822731
2012-04-03,2.907395362854004,2.9556641710250386,2.8752163608716153,2.949228777558497,3827366
2012-04-04,2.8800437450408936,2.9283125630119944,2.8559089291253246,2.896133757961279,5511386
2012-04-05,2.896132707595825,2.9122216973560318,2.8719979004334353,2.894523096492531,2882193
2012-04-09,2.8317737579345703,2.894522951232157,2.8317737579345703,2.894522951232157,1443748
2012-04-10,2.823730230331421,2.8639540433559496,2.823730230331421,2.834993239799517,3169670
2012-04-11,2.8156845569610596,2.8575179718292496,2.8156845569610596,2.8575179718292496,3033357
2012-04-12,2.928311824798584,2.9749720366448487,2.8205112069881326,2.839819217625138,14589182
2012-04-13,2.992671251296997,2.992671251296997,2.9090052227479304,2.950837830092465,9227368
2012-04-16,3.0409393310546875,3.052202336836584,2.9765805188049814,2.9846255229349072,8772816
2012-04-17,2.976581573486328,3.119779442298588,2.976581573486328,3.0457672092633348,10276500
2012-04-18,3.1326518058776855,3.1326518058776855,2.952448093768973,2.958883693565285,10243615
2012-04-19,3.217925548553467,3.217925548553467,3.079554529816592,3.132650132695281,16144845
2012-04-20,3.266195058822632,3.266195058822632,3.142304410296616,3.22597023303245,5108282
2012-04-23,3.258150577545166,3.2661955846914754,3.155176520722673,3.246887567540333,15455325
2012-04-24,3.217925548553467,3.250104344208215,3.177700731462858,3.235623947203063,7321641
2012-04-25,3.2340142726898193,3.24205927613733,3.190572271397925,3.2034440734490093,4783147
2012-04-26,3.2501046657562256,3.2501046657562256,3.2018358571037955,3.2243612604486023,8486400
2012-04-27,3.3144633769989014,3.3482509722606486,3.203444550987888,3.225969750139028,3624753
2012-04-30,3.304809808731079,3.373994407749813,3.264584988592372,3.3273350080892747,3587625
2012-05-02,3.304809808731079,3.373994407749813,3.264584988592372,3.3273350080892747,3587625
2012-05-03,3.3788228034973145,3.415828409528269,3.3305531709238085,3.365950996428052,8123606
2012-05-04,3.282284736633301,3.411002212006349,3.282284736633301,3.411002212006349,4034222
2012-05-07,3.217925548553467,3.306418152196298,3.217925548553467,3.2822833433279133,6955665
2012-05-08,3.2275798320770264,3.279066648533958,3.1841378179749285,3.279066648533958,19025448
2012-05-09,3.3627331256866455,3.4463991627908346,3.217926663866717,3.238842461015193,5187842
2012-05-10,3.407782793045044,3.4254811929104085,3.3772125891826392,3.4254811929104085,2784600
2012-05-11,3.2999825477600098,3.4174369841758456,3.2999825477600098,3.4077831809454353,5495474
2012-05-14,3.198618173599243,3.285502200595871,3.1455225601812953,3.285502200595871,21451497
2012-05-15,3.1616127490997314,3.2018365616967315,3.140696138668475,3.2002279672912772,20319624
2012-05-16,3.121387243270874,3.201835868369561,3.0618562413990036,3.1632206585397724,15081924
2012-05-17,2.976581573486328,3.1696568578574107,2.976581573486328,3.119779442298588,7054850
2012-05-18,3.0248494148254395,3.057029228859259,2.9781902206368214,2.9781902206368214,9767316
2012-05-21,3.0248494148254395,3.0248494148254395,3.0248494148254395,3.0248494148254395,0
2012-05-22,3.0602469444274902,3.08920855631477,2.9733629226255625,3.0875999621993238,6850646
2012-05-23,2.939574956893921,3.0875995756336834,2.8896965411261415,3.0875995756336834,7575172
2012-05-24,2.9427924156188965,2.952446828501268,2.920267215589779,2.9427924156188965,8356982
2012-05-25,2.9524471759796143,2.976581176376202,2.896133558884265,2.9411841677095514,8578159
2012-05-28,2.9991073608398438,3.0361139906867565,2.958883541655122,2.960492136324026,1158924
2012-05-29,2.9669270515441895,3.000715459984228,2.9540554512989017,3.000715459984228,9234794
2012-05-30,2.9524471759796143,2.974972582124755,2.913831961485093,2.966927576217567,17835230
2012-05-31,3.000716209411621,3.000716209411621,2.921877180423066,2.9524473912392395,32904424
2012-06-01,2.9170501232147217,3.00071678247277,2.9170501232147217,2.970146565818457,9976293
2012-06-04,3.0168042182922363,3.0328940214666527,2.9009594259278213,2.9009594259278213,6187646
2012-06-05,3.06990122795105,3.06990122795105,2.973362797024732,3.0103692091108183,7244203
2012-06-06,3.0972533226013184,3.1117335170329365,3.0184141086435465,3.077945108081067,6986959
2012-06-08,3.1374778747558594,3.1696566800828694,3.0602474397949653,3.1069074603396705,7941679
2012-06-11,3.1374778747558594,3.1889648992181256,3.0892090563703114,3.1664394913312055,6319716
2012-06-12,3.1374778747558594,3.200227908359102,3.045767038437314,3.121387861697322,9477187
2012-06-13,3.1374778747558594,3.161612690878655,3.0892090563703114,3.0924272624470297,3255064
2012-06-14,3.0570292472839355,3.2098806689551407,3.0570292472839355,3.1777008547273735,5749005
2012-06-15,3.1294331550598145,3.1294331550598145,2.9926716938973486,3.0570303277753172,28965674
2012-06-18,3.1294331550598145,3.1294331550598145,3.1294331550598145,3.1294331550598145,0
2012-06-19,3.185746192932129,3.2179260105314857,3.1567853947641,3.18413759880887,6051333
2012-06-20,3.256540536880493,3.2581499449273177,3.1535673139118754,3.1857463189239517,5391516
2012-06-21,3.217925548553467,3.295155146440742,3.2066623393329605,3.256539940567205,4363600
2012-06-22,3.251161575317383,3.2672965519513197,3.2043703675187567,3.2075976076889536,2082350
2012-06-25,3.1882364749908447,3.2479346081259552,3.167260942392946,3.226960095709014,2527356
2012-06-26,3.2269608974456787,3.259230045298228,3.1866231363944175,3.1866231363944175,6677736
2012-06-27,3.246321201324463,3.2882718546141367,3.2350263709021148,3.257615827710638,3974287
2012-06-28,3.2027587890625,3.2737515775975363,3.1640349490452673,3.2430955358095024,3580730
2012-06-29,3.2672977447509766,3.275365338031287,3.2092127054227357,3.256003114158543,7532210
2012-07-02,3.220505952835083,3.28665857379613,3.186622679132362,3.2608428919532564,4142954
2012-07-03,3.338290214538574,3.3673331377968734,3.1753289361293593,3.2285736153155167,8166568
2012-07-04,3.3963754177093506,3.4205779910134444,3.3027937937615075,3.3318367184974376,4114843
2012-07-05,3.5480427742004395,3.6109691806852635,3.3883087245934878,3.3963755010933974,12167376
2012-07-06,3.5173871517181396,3.572245972006065,3.407670531323573,3.543203043143486,3936628
2012-07-10,3.501250982284546,3.535134457797241,3.422190627614656,3.5044784268888587,6270388
2012-07-11,3.609356164932251,3.6626010716274067,3.5012528324233636,3.5012528324233636,5001672
2012-07-12,3.5060923099517822,3.578699015635384,3.4657555686283836,3.5432028301768894,5323624
2012-07-13,3.52384090423584,3.5803115992469605,3.506091793937621,3.506091793937621,2417032
2012-07-16,3.52384090423584,3.52384090423584,3.52384090423584,3.52384090423584,0
2012-07-17,3.791680097579956,3.791680097579956,3.6303322514283467,3.6787366052738295,5078580
2012-07-18,3.6545329093933105,3.7561829658121186,3.6432390934596337,3.7561829658121186,5115708
2012-07-19,3.5899946689605713,3.6787361780750407,3.565792290812041,3.6545333918539056,4481880
2012-07-20,3.5948333740234375,3.6383975506305135,3.5254537215600457,3.58999281927323,2602672
2012-07-23,3.549654960632324,3.5932191334291703,3.509318232125731,3.589992505283636,2919852
2012-07-24,3.5948333740234375,3.5948333740234375,3.5222262769875123,3.549655271093897,5667324
2012-07-25,3.723909616470337,3.764247555987403,3.6222608653929105,3.6303284532963236,5511916
2012-07-26,3.7674765586853027,3.7884518946600294,3.711004625852587,3.733593888672706,2618054
2012-07-27,3.791680097579956,3.8271767053478407,3.7594109364222867,3.791680097579956,2807937
2012-07-30,3.836855888366699,3.8497636293155866,3.7803839606156426,3.7916785910093482,3789708
2012-07-31,3.775543451309204,3.8723521112654833,3.6012875369299406,3.8368555210003574,8254615
2012-08-01,3.6626007556915283,3.7755446358136053,3.6626007556915283,3.7287534015563493,3063060
2012-08-02,3.711003541946411,3.7174580232251824,3.6109686718270426,3.66259921711591,4159396
2012-08-03,3.7674765586853027,3.790065821505422,3.717459109016577,3.717459109016577,2638740
2012-08-06,3.775543451309204,3.791678227968584,3.723911676312247,3.723911676312247,2380435
2012-08-07,3.6690545082092285,3.8239482186252003,3.6609869149206373,3.8110400693634543,2457873
2012-08-08,3.711003541946411,3.72391128028673,3.6577586622111373,3.711003541946411,3155349
2012-08-09,3.7255256175994873,3.7658623509530686,3.6803475131925922,3.741659576410585,2257912
2012-08-10,3.7255256175994873,3.7658623509530686,3.6803475131925922,3.741659576410585,2257912
2012-08-13,3.5786986351013184,3.646465185786679,3.5674048220957597,3.6125821144802215,6717516
2012-08-14,3.468982696533203,3.5399754773780714,3.468982696533203,3.551270108024698,8288030
2012-08-15,3.40444278717041,3.5141595954011056,3.3721736417802948,3.5141595954011056,6496339
2012-08-16,3.336677312850952,3.441553573859634,3.2931133306479037,3.438326536645985,7428782
2012-08-17,3.3399033546447754,3.3624928165840338,3.315701598501187,3.3479709467530037,5620648
2012-08-20,3.3399033546447754,3.4157374962448057,3.3253823009586223,3.3624928165840338,4273432
2012-08-21,3.259230136871338,3.372173993854773,3.231801340022392,3.339903824914332,8215365
2012-08-22,3.3399033546447754,3.3883084992217065,3.252775400238103,3.2592296779609047,10354468
2012-08-23,3.307634115219116,3.3479710569063075,3.2463220454690753,3.3479710569063075,3831079
2012-08-24,3.259230136871338,3.3528117700687594,3.259230136871338,3.3528117700687594,8529892
2012-08-27,3.2931134700775146,3.3076345260450255,3.2430952072931647,3.278591597964999,4447404
2012-08-28,3.4286460876464844,3.46898283159455,3.2995672419878748,3.3076346315847394,7981459
2012-08-29,3.4883437156677246,3.50125145546742,3.430258682532869,3.430258682532869,7047424
2012-08-30,3.5335216522216797,3.5480425017223074,3.4689821402367778,3.4899574714300603,9947121
2012-08-31,3.4851176738739014,3.572245636124373,3.4318719692385256,3.538362154291852,11484751
2012-09-03,3.514159679412842,3.5722455299500275,3.423805090786557,3.423805090786557,4177960
2012-09-04,3.5657906532287598,3.567404579641581,3.5093187355318918,3.5093187355318918,3133603
2012-09-05,3.549654960632324,3.5722446222299395,3.423804220785704,3.573857732266527,3217406
2012-09-06,3.6464669704437256,3.702938919617187,3.5415906682955733,3.570632790393213,7074475
2012-09-10,3.5657906532287598,3.7110036312133112,3.5593369879395635,3.686802080324513,4317456
2012-09-11,3.6222636699676514,3.6593741949843306,3.565791735136462,3.60612848166799,4633044
2012-09-12,3.549654960632324,3.669053260332594,3.5464287405591493,3.638397232407323,3844339
2012-09-13,3.5335216522216797,3.6222627160651055,3.509318876145853,3.619035271182561,7339144
2012-09-14,3.5980615615844727,3.6125828224082164,3.5254548493932276,3.5254548493932276,3640665
2012-09-17,3.643237352371216,3.6496910166880725,3.559336451673228,3.5980600698637937,7488187
2012-09-18,3.7577950954437256,3.778770427183655,3.627102957735279,3.6141952182308783,8080113
2012-09-19,3.711003541946411,3.786837677903957,3.6787344001318183,3.7674754582848666,4154623
2012-09-20,3.7255256175994873,3.764249240722645,3.6787344029621685,3.764249240722645,5919794
2012-09-21,3.63033127784729,3.7723168546958776,3.623876794430473,3.7723168546958776,6905277
2012-09-24,3.776456356048584,3.776456356048584,3.55821053632928,3.626108717895487,2778765
2012-09-25,3.7328076362609863,3.791006197523498,3.7182571782052816,3.7392735070478724,4568865
2012-09-26,3.718256950378418,3.73118991776987,3.6422754091923752,3.6535921134211575,1867538
2012-09-27,3.718256950378418,3.747356638096702,3.6940080964982105,3.6940080964982105,2515156
2012-09-28,3.76513934135437,3.76513934135437,3.6988574284276443,3.7279571139800964,4071350
2012-10-01,3.8023221492767334,3.815255114898842,3.7505894690483847,3.7505894690483847,3021158
2012-10-02,3.8071720600128174,3.8637543513263384,3.774839030069384,3.8152554197161734,3959966
2012-10-03,3.8395066261291504,3.871839672452074,3.8071739886764235,3.847589581057233,5191024
2012-10-04,3.9106361865997314,3.913869530468237,3.821721683435768,3.8411217466467993,4131285
2012-10-05,3.896087169647217,3.923569779174138,3.8653712157359386,3.9138701548911228,2621236
2012-10-08,3.9122533798217773,3.9542852158401685,3.8750703331355085,3.8880037089811674,2090306
2012-10-09,3.9122533798217773,3.952668952729461,3.904170019918241,3.912253379821778,2262156
2012-10-10,3.9138693809509277,3.936502378295852,3.8378878472936364,3.897703071095974,5838112
2012-10-11,3.8152551651000977,3.881537074764245,3.7328069459781084,3.8459711121830007,11412086
2012-10-15,3.6875407695770264,3.829805037492788,3.664907771400656,3.774839009548752,14133038
2012-10-16,3.734423875808716,3.7716069257325975,3.653592314085161,3.6632919379439737,4763522
2012-10-17,3.8217220306396484,3.8653709502200133,3.7134070455542365,3.7134070455542365,4803302
2012-10-18,3.7990903854370117,3.8653723289246416,3.7586747956034317,3.81525711201465,3315000
2012-10-19,3.718256950378418,3.8152556368593555,3.6713750969106593,3.7344236707052496,2624419
2012-10-22,3.76513934135437,3.7716064378737832,3.702090772252359,3.7117903948565214,5734684
2012-10-23,3.7053253650665283,3.7376584089103444,3.6859261111784707,3.729575045731849,2217072
2012-10-24,3.6940078735351562,3.7473564119136347,3.6859245138596357,3.7198738067568433,2115235
2012-10-25,3.621260643005371,3.7441249083742085,3.582461315232014,3.7441249083742085,4463846
2012-10-26,3.6293420791625977,3.6584417639732854,3.5743768710234627,3.6212587198068587,2349141
2012-10-29,3.716641426086426,3.716641426086426,3.5970105339752667,3.6843092056151363,1769414
2012-10-30,3.653592586517334,3.718257431847912,3.6309591751290156,3.674608099053431,1476633
2012-10-31,3.613175630569458,3.681074627623827,3.5889267772993323,3.65359202149968,2095610
2012-11-01,3.7570552825927734,3.757055282592773,3.6147918606108296,3.6535911615467715,2615402
2012-11-05,3.685924530029297,3.744123084468397,3.637425598373383,3.744123084468397,2898636
2012-11-06,3.585692882537842,3.6762248750274367,3.5646765563434704,3.672991122301395,4888166
2012-11-07,3.572760581970215,3.626109130059705,3.5468942351701003,3.5970102565409436,6859132
2012-11-08,3.62772536277771,3.645508342267892,3.546893005932456,3.5533601014787792,3853356
2012-11-09,3.597011089324951,3.6374270866766345,3.540429183676783,3.6374270866766345,3128829
2012-11-12,3.5565943717956543,3.6164100262856964,3.5420451373763395,3.5921611659634642,1411924
2012-11-13,3.443429946899414,3.5970096960598816,3.4353465870120217,3.5485107633455235,2670033
2012-11-14,3.5485098361968994,3.5646757340078876,3.2817655715274188,3.44342904720612,7560852
2012-11-16,3.6778404712677,3.7020901369214956,3.4935444024565605,3.517794068110356,5633378
2012-11-19,3.6519758701324463,3.671375938974227,3.605094005911904,3.622876993480096,1377448
2012-11-21,3.6778404712677,3.7101734950960648,3.580842626392345,3.69562345038184,4118025
2012-11-22,3.5889267921447754,3.6649079228634727,3.56952672816042,3.6244923495060797,2946372
2012-11-23,3.5582098960876465,3.635808913704969,3.540427324525477,3.621258459042435,3189295
2012-11-26,3.4983949661254883,3.5792273433881157,3.46929609534139,3.535578015036906,8057306
2012-11-27,3.521027088165283,3.5630597339557344,3.4838448662674817,3.503244108618542,2564484
2012-11-28,3.453130006790161,3.524261538448902,3.4110969389276233,3.4967789290946194,7218213
2012-11-29,3.443429946899414,3.50647810967108,3.422413415627193,3.50647810967108,6657050
2012-11-30,3.3949313163757324,3.508094896291639,3.380381061972091,3.5064786329429647,8332053
2012-12-03,3.386847496032715,3.4401962409717677,3.357747808911409,3.4224134622820848,6299560
2012-12-04,3.4515111446380615,3.508093421903077,3.3755298310764483,3.3868465318513845,15105261
2012-12-05,3.5646772384643555,3.5808439608382234,3.435347139303997,3.475762718628472,18278644
2012-12-06,3.6050937175750732,3.622876703720975,3.5646773195906567,3.5646773195906567,8350087
2012-12-07,3.575993537902832,3.605093226000083,3.5565934732579856,3.605093226000083,4988412
2012-12-10,3.669757843017578,3.7085571522329697,3.5679099629796713,3.597009649326212,9796488
2012-12-11,3.7247235774993896,3.7279569211568644,3.6713746337609385,3.6713746337609385,7543879
2012-12-12,3.7020909786224365,3.7522065840892243,3.6907742746050936,3.7263402409195887,4977804
2012-12-13,3.7780723571777344,3.7780723571777344,3.6940078698559833,3.726340081915896,3828427
2012-12-14,3.718256950378418,3.76837296565157,3.708557327052332,3.76837296565157,3479954
2012-12-17,3.718256950378418,3.7990889165325235,3.687540999497464,3.6891580804001607,3193538
2012-12-18,3.734423875808716,3.760289812012239,3.687541202026022,3.734423875808716,2159258
2012-12-19,3.7586731910705566,3.77483909300682,3.7150242745546516,3.77483909300682,2293449
2012-12-20,3.734423875808716,3.79585578094461,3.718257154593969,3.760289812012239,3888362
2012-12-21,3.7263410091400146,3.7683736721298513,3.6972421337064274,3.7069417588509563,3288480
2012-12-26,3.718256950378418,3.7732229817496195,3.705323982986966,3.7586733423254843,1820332
2012-12-27,3.7505900859832764,3.807172382083419,3.702091150270307,3.702091150270307,3139968
2012-12-28,3.729574680328369,3.795856616417425,3.718257972987225,3.7505910136632252,2121069
2013-01-02,3.7990903854370117,3.8799219739743442,3.718258388029508,3.8136400304867144,3651804
2013-01-03,3.782923698425293,3.841123090682787,3.7295747325377433,3.7910070609249815,3939280
2013-01-04,3.734423875808716,3.815255846402306,3.702091251119294,3.7829228128428483,5438191
2013-01-07,3.718256950378418,3.7376570147706163,3.7037077198242963,3.7344236707052496,11773288
2013-01-08,3.718256950378418,3.7360399338679198,3.669758016007963,3.718256950378418,17097444
2013-01-09,3.742506980895996,3.761906227289135,3.6988576543364147,3.718256900729553,5776056
2013-01-10,3.718256950378418,3.761906277520837,3.718256950378418,3.7554399982601177,2780887
2013-01-11,3.7505900859832764,3.7619063816552947,3.7150245268897852,3.7150245268897852,2273824
2013-01-14,3.7910044193267822,3.799087367324085,3.7328058853626933,3.7344221478662765,4029448
2013-01-15,3.8395066261291504,3.8395066261291504,3.7328090860832313,3.73442534997269,4441569
2013-01-16,3.831420660018921,3.839504018326961,3.7829217367804393,3.8233373017108807,4742836
2013-01-17,3.7279579639434814,3.833039208985035,3.7182575213876814,3.802323253387061,17051299
2013-01-18,3.7505900859832764,3.7619063816552947,3.719874134252065,3.727957494639239,7978276
2013-01-21,3.737656593322754,3.7505895592559204,3.7166402681376285,3.737656593322754,3066242
2013-01-22,3.737656593322754,3.7505895592559204,3.7166402681376285,3.7344232496219703,6084218
2013-01-23,3.7489724159240723,3.7667562148513416,3.7166402060661192,3.734423187253468,9291016
2013-01-24,3.7020909786224365,3.7667566321115227,3.6826909145927056,3.7473565680817917,11525592
2013-01-28,3.685924530029297,3.742506821396191,3.674607417563933,3.724723838902024,6204619
2013-01-29,3.5468943119049072,3.6843090011552286,3.5468943119049072,3.6826915111507232,4592733
2013-01-30,3.580842971801758,3.6083255745064498,3.540427403640149,3.571143349926558,8684239
2013-01-31,3.597011089324951,3.6212603606398353,3.5630617823879875,3.605094452343351,4253277
2013-02-01,3.6713743209838867,3.719873245104335,3.5485101345567953,3.572759392182056,6871332
2013-02-04,3.637425422668457,3.6972410550303643,3.5921598370834786,3.668141370346477,4416110
2013-02-05,3.6471266746520996,3.694009361920044,3.6196440584220526,3.6535933649980654,5351736
2013-02-06,3.621260643005371,3.6891596710438406,3.4676804135118715,3.6665270705678736,10768180
2013-02-07,3.621260643005371,3.729575262676747,3.5792287875129154,3.6277277427945167,11767984
2013-02-08,3.6034762859344482,3.681074912067052,3.587309564765127,3.6438918622476475,4733820
2013-02-13,3.5323445796966553,3.6390420719641177,3.5242612195180523,3.6390420719641177,4486123
2013-02-14,3.5565943717956543,3.5776107049337837,3.530729247881371,3.530729247881371,6235382
2013-02-15,3.624492645263672,3.624492645263672,3.5565936423879023,3.5565936423879023,2966527
2013-02-18,3.530728816986084,3.62125960172842,3.530728816986084,3.5937769909657375,2228740
2013-02-19,3.4773778915405273,3.5582098425818796,3.4612119919761812,3.5582098425818796,3249230
2013-02-20,3.4789958000183105,3.5436614580135095,3.467679095212383,3.4838458163637083,4591672
2013-02-21,3.475762367248535,3.490311598174041,3.396547275540073,3.446662678787452,4048012
2013-02-22,3.5889267921447754,3.6131756455152058,3.4789955494534563,3.482228484580844,3487910
2013-02-25,3.6455090045928955,3.6826908242578025,3.5565932732477124,3.6115593022436445,4778904
2013-02-26,3.718256950378418,3.7408903588359825,3.582459770593138,3.6261086888655436,10414934
2013-02-27,3.6778404712677,3.7182560355308083,3.6455082651791613,3.694007187616839,3562166
2013-02-28,3.6891582012176514,3.7182570721488775,3.639042184303233,3.645509281515772,8262040
2013-03-01,3.718256950378418,3.718256950378418,3.621259081637507,3.6891580804001607,4859524
2013-03-04,3.592160701751709,3.7247245555578252,3.5808439959789444,3.6794589590769746,8185132
2013-03-05,3.6050937175750732,3.685925286933684,3.5921607482517106,3.6358100819144124,5372421
2013-03-06,3.637425422668457,3.7020906617527034,3.5970094438058173,3.619642441033292,5240352
2013-03-07,3.6568245887756348,3.695623894941043,3.6212586262690047,3.695623894941043,3505413
2013-03-08,3.718256950378418,3.73280740754258,3.6535921134211575,3.664907999909913,11020651
2013-03-11,3.7910044193267822,3.8265699629326995,3.684306970769337,3.684306970769337,5223909
2013-03-12,3.7570552825927734,3.8475868484866695,3.7505890050167205,3.8152546428665937,3671428
2013-03-13,3.7958550453186035,3.8734536566308524,3.7651390987033206,3.7667561793814452,4546588
2013-03-14,3.83465576171875,3.8960876775497044,3.812023165817928,3.812023165817928,4659033
2013-03-15,3.7748405933380127,3.8718393144682466,3.757057603496179,3.845972961575507,10266952
2013-03-18,3.6778404712677,3.784538754822451,3.6713741935979574,3.7813054115526232,2344368
2013-03-19,3.718256950378418,3.7845396859784017,3.6713750969106593,3.7813063419130355,5673158
2013-03-20,3.653592586517334,3.7408908432362304,3.653592586517334,3.723108266314113,5802045
2013-03-21,3.5016298294067383,3.6956256337708737,3.5016298294067383,3.684309743380833,4160988
2013-03-22,3.391698122024536,3.5242619868566845,3.391698122024536,3.5242619868566845,7463788
2013-03-25,3.4289450645446777,3.490407110264418,3.3545432962981363,3.3965967809042783,7204423
2013-03-26,3.396596670150757,3.474232752891541,3.396596670150757,3.459675974594187,2432944
2013-03-27,3.445120334625244,3.509816504420627,3.4046838990233077,3.425710542823986,4603341
2013-03-28,3.48555588722229,3.504964657124503,3.3577791672985793,3.3965975252444673,7229882
2013-04-01,3.5858352184295654,3.690968000736879,3.4855548316636806,3.5081985260491337,7944861
2013-04-02,3.5583395957946777,3.690969334081948,3.4855560908041947,3.508199793369578,5334232
2013-04-03,3.5502512454986572,3.671557842434217,3.527606736525342,3.5437813857919958,5249899
2013-04-04,3.5421650409698486,3.5906877712983567,3.513051075516244,3.5906877712983567,3447069
2013-04-05,3.5356950759887695,3.5826007541840448,3.4774679581983947,3.519521240220919,3826305
2013-04-08,3.5648093223571777,3.5987752800777715,3.5179036404986874,3.558339051217537,6999158
2013-04-09,3.7119944095611572,3.7168468048026426,3.5437817228249036,3.553486104237292,4405502
2013-04-10,3.6553852558135986,3.76860538480361,3.6553852558135986,3.7152294331219284,8570203
2013-04-11,3.589069366455078,3.72978638413671,3.58260032380985,3.703907350061519,7195406
2013-04-12,3.5583395957946777,3.629507271303402,3.5583395957946773,3.5939238426197946,2692310
2013-04-15,3.5583395957946777,3.610097682126065,3.540547881452874,3.566426924618568,3873511
2013-04-16,3.5276081562042236,3.589070211870618,3.3965973305894397,3.517903771809264,3657108
2013-04-17,3.4920244216918945,3.5502523591762665,3.4354147677829125,3.5502523591762665,5049938
2013-04-18,3.453204870223999,3.522754632523535,3.4499707586203536,3.495258547834614,3324547
2013-04-19,3.4418835639953613,3.506580934116515,3.437031578265947,3.4693796497207066,3184521
2013-04-22,3.5179026126861572,3.5389292491962725,3.448353252047711,3.4920235810420373,4231000
2013-04-23,3.5826001167297363,3.6262704473022276,3.480702269656669,3.480702269656669,3714391
2013-04-24,3.5583395957946777,3.635976316221004,3.5276085644054045,3.5728971967484346,5041452
2013-04-25,3.5858352184295654,3.62950596016121,3.5745129621662315,3.598774530802768,4910443
2013-04-26,3.5858352184295654,3.5858352184295654,3.5858352184295654,3.5858352184295654,0
2013-04-29,3.4920244216918945,3.6181838620529105,3.4920244216918945,3.6181838620529105,4374739
2013-04-30,3.511434316635132,3.537313356791947,3.472615960935263,3.514668838717865,12313766
2013-05-02,3.5292253494262695,3.5518694540699727,3.4532057091686132,3.4532057091686132,4092566
2013-05-03,3.5502512454986572,3.627887107555338,3.5179023560358926,3.5179023560358926,4704648
2013-05-06,3.5583395957946777,3.6311243279974246,3.5308434959349606,3.5308434959349606,3577017
2013-05-07,3.598775625228882,3.655385696549457,3.576131923957237,3.60524507884761,2318908
2013-05-08,3.6715593338012695,3.6990562487236756,3.5923055655549394,3.605244881153598,3021688
2013-05-09,3.6392107009887695,3.702289803893719,3.631123374289002,3.686116377706126,2390512
2013-05-10,3.623037099838257,3.75404896693011,3.574514352758994,3.6456808030327865,7167825
2013-05-13,3.681265354156494,3.7346405030626433,3.6295076711933314,3.660238705968472,3872450
2013-05-14,3.6472973823547363,3.7281681806196687,3.6472973823547363,3.6553842985529994,6863906
2013-05-15,3.7217001914978027,3.7702229349606506,3.6553857345248373,3.6796469017208935,3332503
2013-05-16,3.8009538650512695,3.8737385919393783,3.7394918067605962,3.7394918067605962,5412732
2013-05-17,3.8090407848358154,3.8737381765529673,3.7427263367161157,3.8106578412383643,3526629
2013-05-20,3.8090407848358154,3.8737381765529673,3.7427263367161157,3.8106578412383643,2157136
2013-05-21,3.851093292236328,3.9012338989778095,3.7896308373338963,3.7912487117233375,6618861
2013-05-22,3.9238758087158203,3.9384325808865093,3.8510915387919185,3.8672657755449573,9469231
2013-05-23,3.8769729137420654,3.977253743879075,3.8656514717475075,3.8802082542802556,5334232
2013-05-24,3.8009538650512695,3.886677089900587,3.76051845109662,3.886677089900587,5289679
2013-05-27,3.7362563610076904,3.825214504901364,3.7362563610076904,3.825214504901364,2495532
2013-05-28,3.783160924911499,3.8365356318849417,3.7669862754400945,3.7734565442992043,3755232
2013-05-29,3.7475786209106445,3.8349197084961317,3.7475786209106445,3.786396972964343,3762657
2013-05-31,3.7168467044830322,3.7718384703827,3.6003916762540573,3.7297860157071723,11367532
2013-06-03,3.76375150680542,3.8397707262959067,3.6117138859655786,3.671558046221085,8194680
2013-06-04,3.8381540775299072,3.930347567546782,3.705525585475486,3.705525585475486,6607723
2013-06-05,3.741109609603882,3.893148138153613,3.7346405638682105,3.8608000459796106,3948828
2013-06-06,3.749194622039795,3.826831304296055,3.7297858605462837,3.744342636201694,3425853
2013-06-07,3.7394912242889404,3.894763811476685,3.731403897315276,3.7686051923234714,5688009
2013-06-10,3.7427258491516113,3.8074224142993853,3.711994827304933,3.768604884281349,3861312
2013-06-11,3.6958203315734863,3.7993356468880224,3.6958203315734863,3.736255733165646,8260980
2013-06-12,3.5745136737823486,3.7589002412877406,3.5745136737823486,3.7119953779985124,6768434
2013-06-13,3.4645280838012695,3.6100962638041865,3.432179599356177,3.534077448079397,12954489
2013-06-14,3.4079184532165527,3.5001117326413183,3.4046835223634497,3.49364268907645,3951480
2013-06-17,3.4143893718719482,3.5567224702447664,3.4143893718719482,3.464529377861747,6104904
2013-06-18,3.48555588722229,3.5405476746590474,3.407918966795149,3.407918966795149,6600297
2013-06-19,3.3658652305603027,3.5534869281591392,3.364247969640116,3.5259908335565613,3919125
2013-06-20,3.3173422813415527,3.3642477538667115,3.236471263640847,3.3399867962665524,6227426
2013-06-21,3.2752890586853027,3.339986230041394,3.223531198879255,3.3011678863206813,5511386
2013-06-24,3.273858070373535,3.2965481007303437,3.1749937371806,3.1912011359520283,4701465
2013-06-25,3.4245846271514893,3.5412771105005243,3.275478373516083,3.3208590455904585,6869740
2013-06-26,3.508862018585205,3.555862416680136,3.479688749910192,3.516964998382702,5379316
2013-06-27,3.5347931385040283,3.5980019590307437,3.49427536800129,3.5088622080784844,3545724
2013-06-28,3.484551429748535,3.5769322964317123,3.4602400281415067,3.5250692027151507,8011692
2013-07-01,3.403515577316284,3.576932189710606,3.4002738522467726,3.525069097541428,7711485
2013-07-02,3.346789598464966,3.528309978258024,3.306271014242202,3.528309978258024,5089718
2013-07-03,3.322478771209717,3.40189416383751,3.315996346294496,3.3322029209623985,3539889
2013-07-04,3.403515577316284,3.431067678507697,3.351652280195151,3.3532728353019747,7920463
2013-07-05,3.366238832473755,3.403515907538513,3.338686933561106,3.340307283873187,3644908
2013-07-08,3.2884435653686523,3.3824460063809436,3.2738573401270687,3.351652181031105,2941598
2013-07-10,3.3062710762023926,3.393790055636794,3.2868227784648303,3.2868227784648303,2524704
2013-07-11,3.2981679439544678,3.4343095398212817,3.277099292066254,3.3386867420794117,13874203
2013-07-12,3.2770984172821045,3.3500303488805945,3.249545502544745,3.293304989426892,4890288
2013-07-15,3.354893684387207,3.3711010824333543,3.2787199998158365,3.2787199998158365,3654456
2013-07-16,3.354893684387207,3.385687310275718,3.294927602813969,3.354893684387207,2782478
2013-07-17,3.2819602489471436,3.364617142485781,3.273856451093646,3.3581338992510896,3261429
2013-07-18,3.176614999771118,3.32572147417582,3.176614999771118,3.267374918883892,8051472
2013-07-19,3.030750036239624,3.189580651993924,2.9999564102618677,3.189580651993924,17305360
2013-07-22,3.0842325687408447,3.1506820774174624,3.0437139857837483,3.0534389539741915,11241297
2013-07-23,3.0955777168273926,3.1749931149402553,3.0518182201101807,3.0874741215058314,5585112
2013-07-24,3.0826122760772705,3.1263717760563963,3.0550601729013507,3.0890955217313105,3267794
2013-07-25,3.123131513595581,3.1636495015660855,3.053440451315106,3.0793720046066313,8472609
2013-07-26,3.123131513595581,3.123131513595581,3.123131513595581,3.123131513595581,0
2013-07-29,3.126371383666992,3.1928206979554625,3.092336858916568,3.1344749785755317,3661881
2013-07-30,3.1182680130004883,3.1555450875855886,3.0842334835656002,3.1263718139763674,7180555
2013-07-31,3.1279923915863037,3.2009243320831087,3.102060848231234,3.102060848231234,5253081
2013-08-01,3.1441993713378906,3.174993198330174,3.06964625143103,3.140958670951186,6682509
2013-08-02,3.1279923915863037,3.184717757960981,3.1117849976564433,3.140958265739805,3672489
2013-08-05,3.1441993713378906,3.215511790858047,3.124751069978469,3.124751069978469,4837778
2013-08-06,3.2009241580963135,3.2122696816488143,3.113405178411071,3.1604063928057795,4006111
2013-08-07,3.168511152267456,3.241443930715615,3.162027701197972,3.189580626151413,8854497
2013-08-08,3.168511152267456,3.2333401292587207,3.1604073508105617,3.2252363278018263,4352992
2013-08-09,3.0469560623168945,3.162027153754701,3.0469560623168945,3.162027153754701,13819041
2013-08-12,3.0388522148132324,3.1069228999002965,3.022645435859375,3.069645832652516,9951364
2013-08-13,3.0469560623168945,3.0988193579019794,3.0226456869149994,3.0696460876119107,5743701
2013-08-14,2.998335123062134,3.079371706001091,2.9853694501496535,3.025887229239152,8256736
2013-08-15,2.923781156539917,2.9853685976676783,2.9189190818241166,2.9853685976676783,13446170
2013-08-16,2.9010918140411377,2.944851316564577,2.8865055864693003,2.9383680705335813,7370968
2013-08-19,2.871917963027954,2.922160906456426,2.8508493134590864,2.8962291572458327,8620060
2013-08-20,2.8524692058563232,2.901090766683589,2.8362618139619937,2.8395035382831484,6434812
2013-08-21,2.8038487434387207,2.8670565513335795,2.797365497208502,2.8200553218743583,6362678
2013-08-22,2.7876412868499756,2.8557119891347553,2.755227105897188,2.8249183635156196,5536315
2013-08-23,2.7876412868499756,2.8265387138972877,2.750365029992266,2.7989866088494226,13051022
2013-08-26,2.764950752258301,2.8151926723126164,2.743881282300628,2.792502852269485,6390259
2013-08-27,2.632052183151245,2.7552268805033537,2.6093613360566135,2.750364804996178,16761170
2013-08-28,2.6579830646514893,2.6822934360951702,2.6077403323057515,2.6482580962663556,24475308
2013-08-29,2.7357778549194336,2.7455020062759092,2.6498800232093807,2.6498800232093807,8083826
2013-08-30,2.7357778549194336,2.753605807326262,2.6498800232093807,2.6498800232093807,6948770
2013-09-02,2.7795374393463135,2.7876412406401556,2.722812060001299,2.7406400129437913,7066519
2013-09-03,2.747122049331665,2.7973641605672683,2.7114663640983947,2.7876400132003063,6661824
2013-09-04,2.8686773777008057,2.876780152988508,2.761709061642059,2.7876408118899882,22560033
2013-09-05,2.8848843574523926,2.8848843574523926,2.7957450038579057,2.836262780063412,7979337
2013-09-06,2.873539447784424,2.912436868136783,2.860573572682988,2.897849823124778,7093039
2013-09-09,2.933505058288574,2.965920048384657,2.865435198206938,2.899470538151588,9538713
2013-09-10,2.811951160430908,2.884883084427436,2.7714323773454157,2.884883084427436,19141605
2013-09-11,2.7730553150177,2.8151934467166266,2.7471235579586613,2.810331370363058,8783424
2013-09-12,2.7568471431732178,2.8395042687370626,2.7568471431732178,2.77467509438645,4377921
2013-09-13,2.7876412868499756,2.8151931869458573,2.7568474562788565,2.7617095321837786,5513508
2013-09-16,2.8038487434387207,2.807090469029824,2.7519854379728144,2.764951315577288,5159731
2013-09-17,2.7552261352539062,2.82815806794236,2.7406390928700994,2.8184339195582524,9757238
2013-09-18,2.8767807483673096,2.8978504278993027,2.755227206682018,2.774675511013116,5201632
2013-09-19,2.8281588554382324,2.925402825779659,2.8087105532546714,2.8621942040673383,10111545
2013-09-20,2.8524692058563232,2.8994704169027803,2.834641464181185,2.834641464181185,6616209
2013-09-23,2.8800206184387207,2.9124355995004967,2.8346407926826442,2.8346407926826442,4826109
2013-09-24,2.9086780548095703,2.9167894530067806,2.832433168341031,2.8372998021152447,7133349
2013-09-25,2.920034646987915,2.9557237785852064,2.905433922940953,2.9086784826971352,6257128
2013-09-26,2.9751906394958496,3.001146504930329,2.920034963951013,2.920034963951013,5673688
2013-09-27,3.018991470336914,3.0449473383085146,2.9557243883369493,2.9849242013015154,8768042
2013-09-30,2.9735686779022217,3.0449469466404957,2.9200348737764372,2.984923817354202,6069897
2013-10-01,2.923279047012329,2.960591082355004,2.8454120569908334,2.9557244467647075,4804363
2013-10-02,2.881101131439209,2.945990899133798,2.872989730976237,2.945990899133798,3649152
2013-10-03,2.855144500732422,2.8957004693788098,2.824322005589993,2.8924557046853177,4384816
2013-10-04,2.895700693130493,2.898945252930564,2.8340554929381625,2.868122755406471,12341347
2013-10-07,2.8713676929473877,2.920034862008943,2.850278258123395,2.9151682271604504,2402712
2013-10-08,2.8389227390289307,2.890834681291736,2.7902555624092997,2.885968045687448,2497123
2013-10-09,2.804854154586792,2.869743898143328,2.798365652062553,2.8551439981734403,3357962
2013-10-10,2.895700693130493,2.895700693130493,2.7918768309696764,2.822699328493769,5019175
2013-10-11,2.91192364692688,2.91192364692688,2.8632564747749836,2.894078976109017,1971496
2013-10-14,2.8713676929473877,2.9184119665789208,2.8648781626688726,2.911923462021193,1449052
2013-10-15,2.78214430809021,2.8811015622375837,2.7594329988304755,2.8811015622375837,9076735
2013-10-16,2.7659215927124023,2.822699128607407,2.7626768279979608,2.8064773564765053,8106633
2013-10-17,2.7740318775177,2.806477267042745,2.762676739959988,2.780521406739782,2594186
2013-10-18,2.790255546569824,2.827567581807957,2.764299473013672,2.7675442386384264,3356901
2013-10-21,2.8275671005249023,2.848655509193973,2.7902550716376875,2.791876941313534,2604264
2013-10-22,2.825944185256958,2.8794779876885013,2.8080995160650595,2.8080995160650595,3109204
2013-10-23,2.7091426849365234,2.8454108871718478,2.6912980198681735,2.8454108871718478,9520680
2013-10-24,2.757810354232788,2.757810354232788,2.6588533330224076,2.7204983272917036,4308969
2013-10-25,2.735100030899048,2.7724110426834816,2.7107658258161096,2.73834377099997,1379570
2013-10-28,2.790255546569824,2.790255546569824,2.7334769690250473,2.7334769690250473,2715117
2013-10-29,2.7496981620788574,2.8048540209282016,2.7432088392874783,2.791875990777694,3032827
2013-10-30,2.7172539234161377,2.7578105124429495,2.701031944266707,2.756187822182036,9545608
2013-10-31,2.660475492477417,2.7269873131175193,2.6539861691096163,2.722120679593847,4644712
2013-11-01,2.688053846359253,2.6929204806469564,2.655608455291137,2.6766976825408317,6679857
2013-11-04,2.780522346496582,2.825944758376348,2.6783213556205756,2.692921262723784,5637621
2013-11-05,2.757810354232788,2.782143526705142,2.717253767532628,2.7642988583185115,6152109
2013-11-06,2.7415876388549805,2.777276768899501,2.712387012608094,2.759432101305174,3098596
2013-11-07,2.660475492477417,2.7837658667102763,2.6539861691096163,2.7334758159089136,3977469
2013-11-08,2.6523654460906982,2.68805479392853,2.5874756668007652,2.6604768480031202,7058563
2013-11-11,2.626408576965332,2.668586414866433,2.605319350298589,2.652364437785254,3403046
2013-11-12,2.5955867767333984,2.6620984186354515,2.5955867767333984,2.628031149868154,21099312
2013-11-13,2.6036977767944336,2.6328975873334155,2.5923418162484384,2.5923418162484384,8111407
2013-11-14,2.5955867767333984,2.6199199540123734,2.579363974733471,2.6182978789565636,13152328
2013-11-18,2.6864304542541504,2.7075198827474356,2.60207417628968,2.6069408096772877,9334509
2013-11-19,2.7026546001434326,2.7529444695294685,2.645876019760267,2.6702100194367926,8042985
2013-11-21,2.6296536922454834,2.691298690410645,2.597208297748373,2.6799427305362014,6023222
2013-11-22,2.6783204078674316,2.712386845720134,2.615052524988018,2.6393865154592886,3652864
2013-11-25,2.6637203693389893,2.710765467221624,2.652365023901699,2.665343059751595,4200237
2013-11-26,2.7042760848999023,2.7042760848999023,2.645874839948432,2.673452772537956,7762404
2013-11-27,2.7740318775177,2.7837661713508233,2.6896755879632273,2.7221209774882715,5049938
2013-11-28,2.7432096004486084,2.79836629517867,2.7432096004486084,2.790254895868873,2656243
2013-11-29,2.7415876388549805,2.7724101346211087,2.717253646886486,2.764298735583566,2366644
2013-12-02,2.676697015762329,2.7561868603838215,2.6458745276152618,2.7350984589638876,4378982
2013-12-03,2.6393866539001465,2.6864309215937108,2.6393866539001465,2.6766976531252675,4015658
2013-12-04,2.6507418155670166,2.6750758075321635,2.6231638794196996,2.655608449844739,4500974
2013-12-05,2.6929209232330322,2.720498658825222,2.623164315921017,2.655608891744918,5040921
2013-12-06,2.6588540077209473,2.689676512676972,2.6458759705355406,2.6766984754915653,1732286
2013-12-09,2.6182968616485596,2.665342148592731,2.597207637530987,2.658852825169926,7060684
2013-12-10,2.64749813079834,2.6572314003074937,2.610186307007201,2.6134308669396877,2846126
2013-12-11,2.649120330810547,2.6783209612945633,2.6199197003265304,2.641008930596007,4029979
2013-12-12,2.5225846767425537,2.6799421057207775,2.5112293349480197,2.6799421057207775,11949912
2013-12-13,2.4725451469421387,2.571772599918693,2.4725451469421387,2.553879370963049,3686280
2013-12-16,2.4481444358825684,2.5001971816445994,2.444890805002341,2.4741712201729387,2236166
2013-12-17,2.3863308429718018,2.5376112081299613,2.376570155849723,2.462784279007934,6722820
2013-12-18,2.3733181953430176,2.417238419405952,2.3700645635207533,2.399344987169026,6445420
2013-12-19,2.451397180557251,2.451397180557251,2.374943947244716,2.374943947244716,3310226
2013-12-20,2.5213446617126465,2.544118024640256,2.3993446941833985,2.42699798998667,6806092
2013-12-23,2.505078077316284,2.571771440344843,2.4790510879956353,2.5083306795888456,4589551
2013-12-26,2.413984537124634,2.518091899331912,2.410730905639945,2.5034512776173163,2385208
2013-12-27,2.4367575645446777,2.469290792082251,2.4188643408251886,2.4188643408251886,3697948
2013-12-30,2.4042248725891113,2.4546513307650537,2.387957742326594,2.440011530642986,5913960
2014-01-02,2.4644107818603516,2.4709180442772953,2.3863310382261558,2.394463779166798,3924429
2014-01-03,2.4269983768463135,2.483931896092805,2.4269983768463135,2.4513978394091476,2613280
2014-01-06,2.467665672302246,2.467665672302246,2.400972061079159,2.4318790020225234,1533916
2014-01-07,2.480677843093872,2.527851483114592,2.449770918747968,2.449770918747968,4331776
2014-01-08,2.480677843093872,2.5083309306135506,2.449770918747968,2.49694476447338,5789846
2014-01-09,2.3912110328674316,2.4936912647362406,2.3749441106308726,2.4855579064703126,2595777
2014-01-10,2.413984537124634,2.4888114787215825,2.3765705520643707,2.397717408224767,2604794
2014-01-13,2.326143741607666,2.451397117960143,2.326143741607666,2.4237440315920593,3978530
2014-01-14,2.399343967437744,2.4367569119554915,2.3554237620410814,2.3554237620410814,6261372
2014-01-15,2.392836570739746,2.446516635884616,2.38470321506903,2.4221171859863815,3547315
2014-01-16,2.3375320434570312,2.428625328355663,2.3342784106429093,2.397718387931499,5322033
2014-01-17,2.319636583328247,2.363556798066424,2.3098767184572684,2.3537969331954454,3341520
2014-01-20,2.3537967205047607,2.396090630117223,2.329397060532084,2.3375306233641004,1107475
2014-01-21,2.2936110496520996,2.2903574179109123,2.2871039918744565,2.2903574179109123,4189099
2014-01-22,2.319636583328247,2.378197418191665,2.282223630853033,2.301743360594991,6287892
2014-01-23,2.2301697731018066,2.342410683575985,2.228543471855733,2.3228901317106416,6800258
2014-01-24,2.2854764461517334,2.2968628149917216,2.230169257184539,2.244809050582785,17528659
2014-01-27,2.3391566276550293,2.357050052205233,2.2854765597090654,2.2854765597090654,10753860
2014-01-28,2.405850648880005,2.436757366811267,2.321263852736797,2.358676804238209,7082961
2014-01-29,2.3407845497131348,2.4172388426327487,2.326144746735235,2.396091774870984,7141836
2014-01-30,2.3912110328674316,2.440011182462998,2.308250531709324,2.331023893712981,8375546
2014-01-31,2.3635568618774414,2.4269978365938134,2.3537969967429673,2.3537969967429673,11763741
2014-02-03,2.2854764461517334,2.3619298662244135,2.2789693913305795,2.360303565354561,16622205
2014-02-04,2.334277391433716,2.370064251191544,2.2871037474698395,2.2871037474698395,8567020
2014-02-05,2.3098766803741455,2.3684377199767557,2.283849894503024,2.35542422418885,4572578
2014-02-06,2.3586771488189697,2.368438043385329,2.318010560329753,2.3261441248732577,15927381
2014-02-07,2.3424112796783447,2.3960913710358738,2.3180107893418573,2.3960913710358738,7181085
2014-02-10,2.3180103302001953,2.3603042445133724,2.3033705325894633,2.3440371170413457,4772539
2014-02-11,2.3131301403045654,2.3391569242499775,2.293610412328687,2.306623084335032,17579047
2014-02-12,2.3180103302001953,2.337530883166627,2.2984906000525527,2.337530883166627,4548180
2014-02-13,2.308250904083252,2.339157629338802,2.295237405335569,2.3359042032256974,8028134
2014-02-14,2.2871036529541016,2.3440371602221157,2.2822237203272953,2.3131304402747057,2120008
2014-02-17,2.311505079269409,2.322891250522891,2.287104583390005,2.2984915774626264,940929
2014-02-18,2.2871036529541016,2.3293973623416964,2.2822237203272953,2.3115041389069386,3141028
2014-02-19,2.334277391433716,2.339157324262188,2.2789701832478695,2.2838501160763416,14720191
2014-02-20,2.326143741607666,2.335903606042358,2.293610517317552,2.303370381752244,34067061
2014-02-21,2.431878089904785,2.446517683832634,2.334277574345087,2.335904081612223,30495878
2014-02-24,2.576652765274048,2.6173195723767013,2.428625134869866,2.428625134869866,14912196
2014-02-25,2.5961716175079346,2.6221986120166165,2.5636385943385775,2.58641175169807,8322506
2014-02-26,2.664492607116699,2.710039338087863,2.5977992237027947,2.599425525336167,12736495
2014-02-27,2.714918613433838,2.723051970971842,2.6482250404812677,2.6596120290210323,7030982
2014-02-28,2.6888914108276367,2.7328116203578334,2.684011478970801,2.706784837143816,6550440
2014-03-05,2.6840109825134277,2.7149178975721453,2.6579842041135433,2.68889091346763,4324351
2014-03-06,2.6840109825134277,2.7035315291487603,2.6644912586966183,2.680757558074206,5350675
2014-03-07,2.698652505874634,2.7100388781277758,2.6596122222914618,2.6726257187207523,11852318
2014-03-10,2.6888914108276367,2.7197983316031586,2.670998190216127,2.708411961073655,7110542
2014-03-11,2.73281192779541,2.739319190018812,2.6644920512951433,2.714918705170937,5615875
2014-03-12,2.635211944580078,2.714919025102409,2.6221986528279144,2.714919025102409,11729796
2014-03-13,2.6026790142059326,2.666118968050481,2.5782785256079404,2.6498518385153376,7330128
2014-03-14,2.6026790142059326,2.656359101738842,2.579905649970902,2.5961717509824283,5764387
2014-03-17,2.6677451133728027,2.684011208414805,2.6124379217742186,2.6124379217742186,3862372
2014-03-18,2.7604658603668213,2.7604658603668213,2.669371806364522,2.6970250976682175,12742860
2014-03-19,2.843426465988159,2.898733889647899,2.752333410477882,2.762093072154007,18099369
2014-03-20,2.928013563156128,2.942653360470237,2.794625589044505,2.8336658713675686,14794977
2014-03-21,2.9117465019226074,2.9280136294332544,2.882466083812839,2.897106704277119,7579946
2014-03-24,2.9513919353485107,2.9627938311582995,2.9188161200476013,2.94650561454687,6598706
2014-03-25,2.9562768936157227,2.964420895180913,2.9188147747792907,2.946504256516605,3409411
2014-03-26,2.98071026802063,3.005141868618784,2.9302167829754455,2.9318462429285037,11393522
2014-03-27,3.0295746326446533,3.055635490142616,2.9872253530092565,2.9904832434107207,7367786
2014-03-28,3.0996124744415283,3.107756683603731,2.998626546543439,3.0051415019253427,10322114
2014-03-31,3.197340488433838,3.22177208586537,3.0947261314299825,3.0947261314299825,11244480
2014-04-01,3.153362989425659,3.1908251178230382,3.141961095961,3.1908251178230382,23712592
2014-04-02,3.119157552719116,3.1826813502452587,3.0996122758776345,3.122415442149223,8393580
2014-04-03,3.1761670112609863,3.190825974586925,3.102870546839323,3.1191587644741348,6521798
2014-04-04,3.241318941116333,3.277152645591501,3.1794245853581065,3.1794245853581065,11293276
2014-04-07,3.2201433181762695,3.283666288729933,3.2136285695011857,3.2738936507825422,8037151
2014-04-08,3.1761670112609863,3.2462055849868916,3.1582501572392894,3.223402615830545,7133349
2014-04-09,3.172908306121826,3.2038554791388485,3.1273021735416244,3.1924544094351703,8105042
2014-04-10,3.132188081741333,3.1843099871903,3.0865817491811005,3.1517341824857885,6092704
2014-04-11,3.0930964946746826,3.1517339690412856,3.0800659677014264,3.0800659677014264,6761539
2014-04-14,3.0295746326446533,3.1044995207110544,3.0279451725089777,3.0735523425458386,6149988
2014-04-15,2.9627933502197266,3.0507487581636683,2.931846176226908,3.0409752942509423,5346432
2014-04-16,2.9904825687408447,3.040975018183688,2.918815381270456,2.918815381270456,4663807
2014-04-17,2.99211049079895,3.0214292271077374,2.946504368661544,2.9611633248681453,3016915
2014-04-22,3.081696033477783,3.1566211198799405,2.9937406226420067,2.9937406226420067,8084887
2014-04-23,3.016543388366699,3.1224156355640593,2.9530195869056395,3.0930968945900537,4374208
2014-04-24,2.9562768936157227,3.04586152875448,2.9399893024331183,3.04586152875448,2776644
2014-04-25,2.987224817276001,3.0523770523233993,2.909042052829547,2.9513913248699635,3919656
2014-04-28,2.9758236408233643,3.037717983830215,2.9644215418076363,3.0230582010882596,3696888
2014-04-29,3.094726085662842,3.0996124050768854,2.980709837604598,3.0035127988527526,8464653
2014-04-30,3.094726085662842,3.1142713633190167,3.050748387040749,3.050748387040749,7033104
2014-05-02,3.0654072761535645,3.1875677304368626,3.0654072761535645,3.1077565439724806,8141640
2014-05-05,3.128929376602173,3.1582481081276685,3.063777990151948,3.063777990151948,2168805
2014-05-06,3.094726085662842,3.1240440021471043,3.0833241930909154,3.1126429334708767,3989668
2014-05-07,3.07029390335083,3.1419610941797353,3.0523770541501185,3.099612646009737,3242335
2014-05-08,3.1012401580810547,3.1403315287574336,3.078437201809633,3.078437201809633,2593656
2014-05-09,2.9969966411590576,3.208740883990865,2.983966115306547,3.208740883990865,3853886
2014-05-12,3.0637786388397217,3.0947258062739427,2.9709369305631532,2.995368525427711,2260034
2014-05-13,3.0523762702941895,3.125672902144804,3.036088061224979,3.0621489073722725,3681506
2014-05-14,3.1517345905303955,3.154991450513795,3.0572634058259864,3.063779185532214,7694512
2014-05-15,3.141961097717285,3.1549914211648695,3.1028697154266505,3.1452187815661516,3068364
2014-05-16,3.156620979309082,3.1745378290879014,3.124044345779913,3.1419611955587325,2904470
2014-05-19,3.1484763622283936,3.1745374185124122,3.115899732912489,3.1745374185124122,3369631
2014-05-20,3.0768096446990967,3.172908227327429,3.0523770161641637,3.1240442061011913,4996368
2014-05-21,3.1012401580810547,3.11101279477627,3.052376150709461,3.0947254102407107,2766036
2014-05-22,3.0784378051757812,3.1305597116180097,3.0621493875783345,3.070293596377058,3633770
2014-05-23,3.1012401580810547,3.124043320326356,3.052376150709461,3.078437201809633,3036009
2014-05-26,3.111013412475586,3.1598774295492493,3.081695496568797,3.1077565528434556,1199764
2014-05-27,3.0865817070007324,3.1403320414960345,3.0637787470061513,3.1403320414960345,1822454
2014-05-28,3.094726085662842,3.125673461864868,3.094726085662842,3.0996124050768854,3389256
2014-05-29,3.094726085662842,3.115899793167157,3.062149455716977,3.0768094438287314,3740380
2014-05-30,3.094726085662842,3.148476423113022,3.0833241930909154,3.094726085662842,6737671
2014-06-02,3.003512144088745,3.1387031000493724,3.003512144088745,3.1387031000493724,13791991
2014-06-03,2.9888532161712646,3.032830905605419,2.959534481916653,2.9986258529576264,8246128
2014-06-04,2.943246364593506,3.0116564720102508,2.9237010904147516,2.9855956258328393,5278010
2014-06-05,2.98071026802063,3.018172192920436,2.9448765672301556,2.9448765672301556,5328398
2014-06-06,3.0426034927368164,3.132187505624929,3.023057395587557,3.023057395587557,4439978
2014-06-09,3.0735509395599365,3.119157058909054,3.036087997692527,3.040974316129319,2070151
2014-06-10,3.1273014545440674,3.1273014545440674,3.0474900714628266,3.0800658729591857,4354584
2014-06-11,3.032831907272339,3.125673841171029,3.0181721233555177,3.11915806124852,3625284
2014-06-13,3.0963542461395264,3.1582487871850566,2.9969969649671335,2.9969969649671335,4307908
2014-06-16,3.159876823425293,3.163134712302101,3.06052037852034,3.06052037852034,4016188
2014-06-17,3.156620979309082,3.2054850027200725,3.112643275849612,3.135446445579951,12360441
2014-06-18,3.1273014545440674,3.1631349391770103,3.097982718262605,3.1566201908255302,4299422
2014-06-20,3.075179100036621,3.1533618359761904,3.0523759393701573,3.1273009926542894,4839369
2014-06-23,2.99211049079895,3.0800658758297272,2.99211049079895,3.0751795570941933,1429958
2014-06-24,3.0893301963806152,3.1056760403437433,2.9928905644792883,3.0157744153033246,2011276
2014-06-25,3.0386581420898438,3.0876960887187104,3.0190437075680894,3.0844266717938846,2130616
2014-06-26,3.0108706951141357,3.089330081777912,2.999429080180631,3.0648112133914216,3154819
2014-06-27,2.978180408477783,3.0321209408817973,2.978180408477783,3.010871483644791,1605520
2014-06-30,2.9814493656158447,3.040293498531771,2.9732763397078226,2.9896213580102216,2868403
2014-07-01,3.0550036430358887,3.0550036430358887,2.9879864991733545,2.997793714668086,1908909
2014-07-02,3.0239481925964355,3.064812298702355,2.99125732111726,3.02067898142685,2462647
2014-07-03,3.102407455444336,3.12529131240487,3.001064394572697,3.012506633107119,4012476
2014-07-04,3.1056764125823975,3.117117822608968,3.0729845140350567,3.1122142135241955,492211
2014-07-07,3.059907913208008,3.104041219299238,3.0272168433106326,3.104041219299238,1749789
2014-07-08,3.1056764125823975,3.1056764125823975,3.0517350590279833,3.0517350590279833,1500501
2014-07-10,3.048466920852661,3.105676873310988,3.0321210725054466,3.105676873310988,2900757
2014-07-11,3.025583028793335,3.0925999888174394,3.025583028793335,3.0419280490231984,1776840
2014-07-14,3.0778884887695312,3.1056767815333175,3.028851565285316,3.028851565285316,3914352
2014-07-15,3.0402939319610596,3.082792019119539,3.0353903224199086,3.082792019119539,1977331
2014-07-16,3.015775203704834,3.079523784453573,2.9912571548099915,3.0501012989686878,3684688
2014-07-17,2.955296516418457,3.0223136847735996,2.955296516418457,3.009237048163732,3420549
2014-07-18,3.035390615463257,3.035390615463257,2.9765456416663545,2.9765456416663545,4664868
2014-07-21,3.1056764125823975,3.122021431693741,3.017409795434575,3.032120622688893,4242139
2014-07-22,3.1825003623962402,3.202114796082089,3.090964340402737,3.1105796008994315,4081428
2014-07-23,3.1841351985931396,3.2315379275783194,3.1498099326944797,3.171058562317633,6327141
2014-07-24,3.174328327178955,3.238076910161163,3.174328327178955,3.179231937129724,3926020
2014-07-25,3.1792311668395996,3.228268081277332,3.154713123026185,3.172693366327232,1146724
2014-07-28,3.143270969390869,3.226633974164966,3.1122140907368103,3.2004809111049473,1502092
2014-07-29,3.1547136306762695,3.1661550417924484,3.100773098795854,3.148175002300816,1306375
2014-07-30,3.1350979804992676,3.1645204610062088,3.112214127564484,3.1367332058248243,2974483
2014-07-31,3.100773334503174,3.1596174804084276,3.0811580679940236,3.1596174804084276,2236696
2014-08-01,3.1220221519470215,3.1645212784684937,3.084427669155524,3.110580739280907,1393891
2014-08-04,3.252786636352539,3.265863269622354,3.1301939487453336,3.1432705820151488,2756488
2014-08-05,3.3443233966827393,3.4538386484695316,3.254421755577962,3.2593253649512173,9514845
2014-08-06,3.2625949382781982,3.350861570428888,3.2625949382781982,3.339419331646498,2821197
2014-08-07,3.2936513423919678,3.3034585607961033,3.203750324533935,3.269133296381629,3579139
2014-08-08,3.2871131896972656,3.3508609333251647,3.2511529081608046,3.2936511972100018,3985425
2014-08-11,3.3802835941314697,3.4031674484560925,3.3132666364742334,3.3312466748489578,5632848
2014-08-12,3.4848945140838623,3.5061439641453442,3.347591011233338,3.377013485705152,4090444
2014-08-13,3.5715272426605225,3.578064835970088,3.4505695709736663,3.458741562610624,29159270
2014-08-14,3.494704008102417,3.5617211824772737,3.473454549216216,3.5617211824772737,4993716
2014-08-15,3.4832611083984375,3.522490807607123,3.450570036895763,3.504510563253598,3439113
2014-08-18,3.5306639671325684,3.54537458813426,3.468550205473307,3.48326123988049,21865740
2014-08-19,3.53883695602417,3.561721019423655,3.519221690191295,3.5306643419993406,5070624
2014-08-20,3.59604549407959,3.674504890983178,3.51922111580075,3.51922111580075,5039330
2014-08-21,3.5976791381835938,3.6630620817583543,3.581333505641231,3.596044120183517,4434144
2014-08-22,3.6205649375915527,3.6745052616471394,3.582970253972161,3.6271025323172155,2394756
2014-08-25,3.628736972808838,3.6924844983422704,3.610756731902322,3.6565240165292394,4403380
2014-08-26,3.661428213119507,3.7170039599767914,3.627101919259316,3.627101919259316,3854947
2014-08-27,3.7676756381988525,3.7676756381988525,3.677774824013382,3.68921706151028,10277560
2014-08-28,3.6745049953460693,3.7954637179809367,3.666331969017538,3.743157176289295,5010158
2014-08-29,3.578065872192383,3.6941207959124576,3.563355249472054,3.6777751542830996,8168690
2014-09-01,3.4293200969696045,3.5813346523069356,3.416243669429988,3.578065028665229,6107025
2014-09-02,3.4178781509399414,3.515951985910778,3.383552060656862,3.4064367409537972,6139910
2014-09-03,3.4505693912506104,3.5355665746589926,3.3704747824609216,3.408070282789671,4133937
2014-09-04,3.4799909591674805,3.5682575623599537,3.4407614725834406,3.4620109242308796,4533328
2014-09-05,3.4767231941223145,3.5715286701386226,3.46364758887167,3.4816278379837597,3156410
2014-09-08,3.5110487937927246,3.591142389141147,3.484895521524453,3.514318004501946,5305591
2014-09-09,3.440762519836426,3.545374998207386,3.426051690430471,3.5012418898812143,3593460
2014-09-10,3.4881644248962402,3.509413879228419,3.4113402537286643,3.4113402537286643,3615736
2014-09-11,3.475088119506836,3.530663871821227,3.4473006567551203,3.488164548248497,1457008
2014-09-12,3.365572214126587,3.4963379629887794,3.365572214126587,3.4636470942058297,5971243
2014-09-15,3.372110366821289,3.45874175100004,3.337784279427629,3.341053489665898,2659956
2014-09-16,3.3443233966827393,3.4620116752628762,3.3443233966827393,3.355764807382416,3715982
2014-09-17,3.3933615684509277,3.439129088450125,3.341055211200505,3.34268961045907,1693036
2014-09-18,3.383552074432373,3.430954800259532,3.3802834840138245,3.4015323189241107,2293449
2014-09-19,3.3492271900177,3.3982641132546902,3.3492271900177,3.396629094400712,3063060
2014-09-22,3.3361499309539795,3.3966284609428383,3.3230735032105896,3.36557158332252,2923034
2014-09-23,3.4045042991638184,3.429102864644647,3.3389068111316353,3.3471064712129612,5620648
2014-09-24,3.555377960205078,3.5652173853601887,3.3667849686887674,3.402863552196016,5309834
2014-09-25,3.5832560062408447,3.6078543571416573,3.5061793484609756,3.5553772945516844,6599236
2014-09-26,3.588176727294922,3.6324551841258548,3.5438986852271577,3.5980161539444797,3950419
2014-09-29,3.5504586696624756,3.5881768184129013,3.465181493591077,3.535698907168577,6061411
2014-09-30,3.434022903442383,3.5783374737534004,3.434022903442383,3.5422592977842333,6920128
2014-10-01,3.427464008331299,3.4684621097584047,3.4061445559401755,3.4471428647488986,8571264
2014-10-02,3.378265857696533,3.4455029146537557,3.342187264915228,3.4307437731272303,3130951
2014-10-03,3.465181589126587,3.4750220532052576,3.3635057110555873,3.3635057110555873,4881801
2014-10-06,3.509459972381592,3.6718140522667713,3.4930614795004193,3.5340595781377777,8727201
2014-10-07,3.5078208446502686,3.5586583770764424,3.476662169721788,3.5340600125859543,2439840
2014-10-08,3.5422592163085938,3.5816177534319107,3.493061252286037,3.5324189598829956,2543798
2014-10-09,3.5750577449798584,3.6439353981216045,3.527499335803661,3.5766973039650107,3282115
2014-10-10,3.4799411296844482,3.575057101387352,3.4799411296844482,3.5291390889890337,4532798
2014-10-13,3.5258593559265137,3.606215986187994,3.51601992937409,3.5192998764792858,3596112
2014-10-14,3.5668578147888184,3.6111362757054613,3.504540472477344,3.504540472477344,2410668
2014-10-15,3.6242551803588867,3.643934862446279,3.5455381110619304,3.5668573518934523,5612162
2014-10-16,3.6898534297943115,3.7357710358327023,3.5881771309083303,3.589816689898374,10450471
2014-10-17,3.6898534297943115,3.7718496288779693,3.6849335085345345,3.7144517918035507,5483275
2014-10-20,3.714451313018799,3.7570902103442556,3.6898529541802354,3.6898529541802354,4786329
2014-10-21,3.716092109680176,3.716092109680176,3.716092109680176,3.716092109680176,6826248
2014-10-22,3.6160552501678467,3.7521701455718035,3.5848965835956617,3.673453077638761,6004658
2014-10-23,3.476661205291748,3.6373744571081517,3.476661205291748,3.6160552168425006,10098816
2014-10-24,3.558656930923462,3.6800128777736365,3.4684608906288994,3.4684608906288994,4408154
2014-10-27,3.607856273651123,3.706253047627406,3.2831493251562316,3.440583499897086,9757768
2014-10-28,3.5668578147888184,3.704612289172673,3.5340595846761746,3.607855913502028,6859132
2014-10-29,3.5734176635742188,3.6455744241372177,3.5438985551824227,3.5717772753024573,4008763
2014-10-30,3.6570539474487305,3.7144509418631424,3.586536751247195,3.6193349745178414,5005384
2014-10-31,3.6882143020629883,3.7784103804594666,3.6504953160908085,3.657055211870886,6453376
2014-11-03,3.7374114990234375,3.752170431933336,3.673453357992693,3.689853094032975,5364996
2014-11-04,3.714451313018799,3.7882488781134613,3.6521339774803883,3.7620097162067037,4704117
2014-11-05,3.79972767829895,3.812847048367599,3.684932049599884,3.714450321182055,6587568
2014-11-06,3.7734901905059814,3.8866454813294244,3.7734901905059814,3.821048602005838,7695573
2014-11-07,4.108036518096924,4.140835994362147,3.857127160879647,3.858766719929678,9026347
2014-11-10,4.0998358726501465,4.162153621463351,4.019479244833527,4.0342394211209935,8599905
2014-11-11,4.05064058303833,4.142477500698524,4.042441124880872,4.096559456631852,10239372
2014-11-12,4.055557727813721,4.116235501559942,4.035878875814929,4.116235501559942,23025724
2014-11-13,4.085077285766602,4.1326356918364615,4.044079189024926,4.078517805964791,4528024
2014-11-14,3.886645793914795,4.075238651726929,3.824328027709791,4.058838912123032,9582736
2014-11-17,3.886645793914795,3.962082522276381,3.857127506917584,3.894845663716743,3328260
2014-11-18,3.9686431884765625,3.9719231366912293,3.8784462716264465,3.8866461421631135,3713860
2014-11-19,3.9424028396606445,4.058838063151118,3.9260035182502,3.98012098857044,5222318
2014-11-21,4.017838954925537,4.06047659918395,3.84728547455035,4.016198566958202,8311898
2014-11-24,4.060477256774902,4.091636337938923,3.9932404183267387,4.034239340309864,4611297
2014-11-25,3.994880437850952,4.137554383691539,3.945682482585601,4.075237056641382,5294983
2014-11-26,4.017838954925537,4.06047659918395,3.9850399056034456,4.009639088904246,3131481
2014-11-27,3.985041618347168,4.116236627733027,3.985041618347168,4.034240420857154,1970436
2014-11-28,4.0063581466674805,4.15067284942954,4.0014382282776095,4.016197568684248,3217406
2014-12-01,3.9768426418304443,4.0621192126494865,3.9424036039525077,4.029319733943583,134247162
2014-12-02,4.07523775100708,4.19659247914763,3.9768418237110352,3.9768418237110352,121658335
2014-12-03,4.0998358726501465,4.12279591645112,4.052278714887559,4.062118141140617,2170927
2014-12-04,4.083437442779541,4.132635404304469,4.027679172382868,4.129355457250175,2471133
2014-12-05,4.039159297943115,4.117875544725535,3.9850409969084235,4.093277184214617,1565210
2014-12-08,3.9719226360321045,4.073598114527489,3.958803259590434,3.98668198637439,3495866
2014-12-09,3.9030444622039795,3.9670017768475123,3.8276077465319966,3.9604422968726256,3833200
2014-12-10,3.8505666255950928,3.939123132514257,3.7685704283084087,3.939123132514257,6677736
2014-12-11,3.8915648460388184,3.9784817967242456,3.853846693649589,3.8636861214982536,3686810
2014-12-12,3.929621696472168,4.0332500298534395,3.8884999296585496,3.9131733225581713,7812261
2014-12-15,3.9411346912384033,4.016799346690746,3.9329100912917747,3.9542936351388493,6310168
2014-12-16,3.857246160507202,3.954293951558142,3.814478653376673,3.914816700683708,10017664
2014-12-17,3.8111891746520996,3.9115263775435998,3.8013192391306956,3.8457308288709475,6738732
2014-12-18,3.798032283782959,3.9411366498446925,3.7832275805074507,3.80954589740178,4995837
2014-12-19,3.906595468521118,3.9394934797887693,3.7996780759411486,3.84573421007814,3941402
2014-12-22,3.972386598587036,3.9871904597174894,3.908236811031127,3.93948945297476,4131816
2014-12-23,3.9378459453582764,4.0464086147462295,3.9197522364626636,4.000351258262607,3713860
2014-12-26,4.0151567459106445,4.052988259540735,3.9411365593477004,3.9427810641023657,2702388
2014-12-29,4.191158294677734,4.192802799276485,3.9296217414002204,4.043118767616071,4019901
2014-12-30,4.169773578643799,4.2569526914391105,4.169773578643799,4.209250834246536,5438191
2015-01-02,4.11055850982666,4.173064239927453,3.9789677837295008,4.145101423839127,5812653
2015-01-05,4.0825958251953125,4.168129187976072,4.039828311776424,4.113848480060255,4902487
2015-01-06,4.201027870178223,4.255308592397056,4.09082108892994,4.09082108892994,6163778
2015-01-07,4.273402690887451,4.2931409063524235,4.161549752480922,4.164840009744179,4411336
2015-01-08,4.284915924072266,4.299719792368211,4.230635212325229,4.256953107959291,2363992
2015-01-09,4.219120979309082,4.301365767421615,4.194448416505448,4.250374057033853,2052117
2015-01-12,4.411571979522705,4.411571979522705,4.18293304198646,4.184578378358319,3770613
2015-01-13,4.317813873291016,4.398413311872901,4.278336614231083,4.375384009390335,8672570
2015-01-14,4.2783379554748535,4.480658243558712,4.2783379554748535,4.322749989843863,4069759
2015-01-15,4.27669095993042,4.3589357288765465,4.271756614925336,4.294784667653723,4007702
2015-01-16,4.41979455947876,4.431308998882331,4.271755511274403,4.294783558053263,3737728
2015-01-19,4.2947869300842285,4.441181589328981,4.293142424892399,4.385255932372731,5361283
2015-01-20,4.363869667053223,4.391832478194066,4.306298708570899,4.322747910435171,2057952
2015-01-21,4.317813873291016,4.42473120723667,4.294784986822728,4.383608611700438,5547984
2015-01-22,4.293141841888428,4.3655162850648175,4.219121645700296,4.339198381366932,5716120
2015-01-23,4.263534069061279,4.273404011873384,4.182935013619344,4.248730194879246,3252943
2015-01-26,4.301364421844482,4.326036976929908,4.2125408106545,4.2125408106545,2211237
2015-01-27,4.227344036102295,4.275045887589307,4.128651324914216,4.253662342027632,3800846
2015-01-28,4.263534069061279,4.3013668391045075,4.1862248558852295,4.227346636165444,2432944
2015-01-29,4.260243892669678,4.29149655361191,4.227345479016096,4.255308298592969,3996564
2015-01-30,4.252017974853516,4.293139731165746,4.176353310897417,4.270111680755443,6543014
2015-02-02,4.260243892669678,4.275047346785119,4.210897520232311,4.247084527208244,3448130
2015-02-03,4.342486381530762,4.358935584383265,4.243793660501148,4.2602428633536515,7128576
2015-02-04,4.174709320068359,4.386899098750076,4.153326598955572,4.3178145092414715,6418370
2015-02-05,4.194447040557861,4.276690553648172,4.168128733635889,4.176353334553446,3260368
2015-02-06,4.238859176635742,4.275046593247466,4.161549166219818,4.196092078453065,2358688
2015-02-09,4.326037406921387,4.326037406921387,4.199381866388599,4.237213786902677,5075928
2015-02-10,4.27669095993042,4.411571931706678,4.265177349580475,4.307943614357694,4299422
2015-02-11,4.24708366394043,4.368804857617125,4.242149318909689,4.279981238878536,3599824
2015-02-12,4.3589372634887695,4.3589372634887695,4.243795295252833,4.303010784275297,6289483
2015-02-13,4.309589862823486,4.375384187902991,4.263532504022083,4.3243933155570815,4668050
2015-02-18,4.465854167938232,4.508620443374443,4.314524787075628,4.368805923774473,8489582
2015-02-19,4.5431623458862305,4.584284527159623,4.467498081482061,4.483946870788558,3824184
2015-02-20,4.544807434082031,4.602377148203425,4.5003954182366765,4.599088139648653,2092428
2015-02-23,4.564548015594482,4.631987702496431,4.511911370960588,4.561257757288605,2995168
2015-02-24,4.5398712158203125,4.592507409859015,4.490524861911688,4.548095816145507,5698087
2015-02-25,4.612246036529541,4.646788106751461,4.520132601228661,4.541516144140067,2893862
2015-02-26,4.643501281738281,4.712585870671193,4.599089255121143,4.63363134158043,4279797
2015-02-27,4.702561378479004,4.819712762155824,4.669560583151945,4.6860607721583385,4677067
2015-03-02,4.603558540344238,4.720710736523226,4.549108219027089,4.702560490312779,7237838
2015-03-03,4.626660346984863,4.664610490304053,4.587059725687827,4.643160118991968,3256656
2015-03-04,4.62006139755249,4.633261469241632,4.514460406724951,4.613461570365117,2235105
2015-03-05,4.621713638305664,4.662963930227752,4.578812867314389,4.613463329532513,4063394
2015-03-06,4.544159412384033,4.625010305965975,4.493009196238052,4.625010305965975,2329516
2015-03-09,4.504559516906738,4.54746027053229,4.428658376175863,4.502909873134421,3161714
2015-03-10,4.422057628631592,4.511158813785511,4.412157682420828,4.491358086735461,3270976
2015-03-11,4.455058574676514,4.469909540565941,4.398958171539202,4.422058607563853,2679580
2015-03-12,4.4385576248168945,4.595309618007511,4.4385576248168945,4.52105856404505,4141363
2015-03-13,4.379157543182373,4.497959430693205,4.332957504674321,4.455058679539678,3375996
2015-03-16,4.304907321929932,4.395658172993885,4.270256458263333,4.37915756300295,8629077
2015-03-17,4.2603559494018555,4.311506164390708,4.204255134752297,4.290055791537302,8827977
2015-03-18,4.273555755615234,4.286755822457476,4.237254424184899,4.258704793624944,21209635
2015-03-19,4.347806453704834,4.356056757210808,4.266955565917731,4.286756294332069,9440059
2015-03-20,4.38905668258667,4.451757736764847,4.3643070242185935,4.380807213778264,5922976
2015-03-23,4.313157081604004,4.398958590054589,4.296657305135067,4.382458396271259,3975348
2015-03-24,4.427122592926025,4.4536226044312475,4.316155391752377,4.329404769175361,7567216
2015-03-25,4.56458854675293,4.6043383363095245,4.417183321497525,4.428777673354723,5329459
2015-03-26,4.579494953155518,4.6209006030390825,4.493370681978744,4.54140185579534,7402262
2015-03-27,4.562932014465332,4.63746233525023,4.471838515857443,4.632493507569182,4315864
2015-03-30,4.64574670791626,4.692120787272968,4.521528449174746,4.538091218782761,3687340
2015-03-31,4.743461608886719,4.784867669589123,4.647399698856165,4.667275010124047,6156352
2015-04-01,4.736839771270752,4.819651949776113,4.720277838233438,4.773276610393895,3498518
2015-04-02,5.015085697174072,5.031648461638309,4.733525822349225,4.736837956355768,4599098
2015-04-06,5.034959316253662,5.076364956789336,4.955459749185523,5.0498649614712345,4021492
2015-04-07,5.07305383682251,5.0846477713091245,4.957117843046613,4.976992321536819,7269132
2015-04-08,5.157520294189453,5.293332401387071,5.01839647304428,5.028333709317726,8438664
2015-04-09,5.1194281578063965,5.21880263344603,5.069741129429697,5.16249008151171,3377056
2015-04-10,5.06146240234375,5.17408629928229,5.06146240234375,5.134336491475079,4612888
2015-04-13,5.124396324157715,5.1707707942064145,5.041584202010937,5.134333560994515,6520737
2015-04-14,5.381114959716797,5.3943647537453225,5.09955421857096,5.134335608586153,8358043
2015-04-15,5.280083656311035,5.422519219537505,5.240333865593599,5.357926542672589,5815305
2015-04-16,5.266833782196045,5.364551151252528,5.202240263445463,5.294989641396833,4419823
2015-04-17,5.160833358764648,5.266832502413509,5.078020820918576,5.266832502413509,6387607
2015-04-20,5.207206726074219,5.2138322476529,4.981959098932258,5.152551304404926,4886575
2015-04-22,5.232052326202393,5.261864877780698,5.159178270609112,5.208865298057987,5620648
2015-04-23,5.255239963531494,5.341364238203603,5.200584520222459,5.202240377665098,4117495
2015-04-24,5.392709255218506,5.392709255218506,5.205554174193249,5.286709639270767,6015266
2015-04-27,5.432457447052002,5.5020189544181575,5.290021042080647,5.397676483925799,5656716
2015-04-28,5.303271770477295,5.457301717421937,5.25358473135512,5.457301717421937,4999550
2015-04-29,5.432457447052002,5.434113304399023,5.273458279747931,5.316520624040492,8912311
2015-04-30,5.649422645568848,5.810077626354643,5.52354861841265,5.548391917356,17198220
2015-05-04,5.672609806060791,5.752109369930861,5.559985982426387,5.665985540548529,8625895
2015-05-05,5.7156758308410645,5.785237360723257,5.7123628584159105,5.7140191351852945,7288226
2015-05-06,5.877984523773193,5.887921761713487,5.7521104695075245,5.763703983585572,24128956
2015-05-07,5.962452411651611,5.962452411651611,5.8448597483224045,5.877984011532155,4647364
2015-05-08,6.061827182769775,6.0916397353298475,5.922703333776907,5.974046220167262,7526906
2015-05-11,6.177764415740967,6.247325930716905,5.980672549055499,6.008827991442471,5099796
2015-05-12,6.003857135772705,6.1744493481188165,6.003857135772705,6.1744493481188165,5752718
2015-05-13,6.053546905517578,6.096609256574392,6.000546895500124,6.000546895500124,4559848
2015-05-14,6.126418590545654,6.152918585232583,5.980670504755233,6.035325932205103,8118832
2015-05-15,6.321857452392578,6.335107245533914,6.134702396365145,6.152921019016851,8229156
2015-05-18,6.389762878417969,6.393075431303018,6.2440143214525365,6.359951159111437,9246463
2015-05-19,6.103231906890869,6.340073920891778,6.038638820747974,6.340073920891778,9877639
2015-05-20,6.161202430725098,6.194327542064857,5.980672898742485,6.0949526269318985,8414796
2015-05-21,6.277139186859131,6.3417322986766855,6.128078062921771,6.161202757130074,9865440
2015-05-22,6.17941951751709,6.366574527912308,6.147950690510473,6.2870745317890595,5233456
2015-05-25,6.2870774269104,6.325171375857302,6.179422363064606,6.179422363064606,1091563
2015-05-26,6.23573112487793,6.301980906643821,6.207575271319907,6.248981332562816,4063924
2015-05-27,6.088327407836914,6.2589201036196895,5.995578025738989,6.195982858347914,6405640
2015-05-28,6.033669948577881,6.123106748078718,5.983982930829892,6.123106748078718,9275104
2015-05-29,5.897858619689941,6.086670317253772,5.879640002234598,6.050232663456886,9376941
2015-06-01,5.9906086921691895,6.053545508853979,5.914421666593943,5.988952416057883,9378532
2015-06-02,5.960797309875488,6.043609880840026,5.9326418651424815,6.043609880840026,6470349
2015-06-03,6.013796806335449,6.133046194574404,5.964109770679032,6.035327980785785,10045776
2015-06-05,6.055202484130859,6.093295579795492,5.940921521592006,5.940921521592006,4385877
2015-06-08,6.045266151428223,6.161203004702249,5.982329313680761,6.027047526992954,5432356
2015-06-09,6.073420524597168,6.194325742594792,6.055201907151707,6.081701066975525,7629804
2015-06-10,5.975703239440918,6.146295507554113,5.962453448076632,6.076733160397517,4627740
2015-06-11,5.987296104431152,6.028702590978896,5.864735015436514,5.9624532178294976,4648425
2015-06-12,6.106545448303223,6.14463854445374,5.896203396382728,5.896203396382728,9781106
2015-06-15,6.189357757568359,6.2257954187747675,6.12476465476736,6.1264205122489255,4917338
2015-06-16,6.210888385772705,6.24732520600519,6.114826878195138,6.192669766213339,5156018
2015-06-17,6.204263687133789,6.230763687750827,6.154576657223871,6.187700924944236,3508596
2015-06-18,6.240701675415039,6.240701675415039,6.144639318727712,6.19929602162888,5459407
2015-06-19,6.204263687133789,6.2241381639887585,6.0982641035518865,6.2241381639887585,8800927
2015-06-22,6.45269775390625,6.5388220084088475,6.220824567682562,6.220824567682562,10586253
2015-06-23,6.4856038093566895,6.528785147160781,6.4208301224428554,6.4772993828159615,5015462
2015-06-24,6.477297782897949,6.53874842386117,6.445741809941479,6.465671588612645,3741972
2015-06-25,6.468994140625,6.468994140625,6.326161382549087,6.465672370427537,8705985
2015-06-26,6.552034854888916,6.5968779054674185,6.415846078468748,6.430793201925842,11263574
2015-06-29,6.327822685241699,6.5437327360354,6.244780519571786,6.5437327360354,6753583
2015-06-30,6.716461181640625,6.734730500509205,6.304570854393393,6.317857937244678,12885007
2015-07-01,6.819432258605957,6.864275314610722,6.661652380224323,6.661652380224323,13300840
2015-07-02,6.965585231781006,6.965585231781006,6.749675252091515,6.80614449422311,9621456
2015-07-03,7.125028133392334,7.136653488850302,6.892509682832572,6.972230486476772,2597899
2015-07-06,7.078525543212891,7.12502949423799,6.914102089383421,7.12502949423799,7103116
2015-07-07,7.347580909729004,7.347580909729004,6.9522999187947425,6.988838130684511,9150460
2015-07-08,6.988840103149414,7.349244709107845,6.980536935496756,7.342601166860947,11312901
2015-07-10,6.882544040679932,7.066898063932788,6.817770369728875,7.0320199011090025,7809609
2015-07-13,6.958942413330078,6.975551261763706,6.859291843039151,6.859291843039151,7410748
2015-07-14,6.955621719360352,6.988838161209254,6.910779081809868,6.988838161209254,2965996
2015-07-15,7.141637325286865,7.191463045831382,6.958944556814071,6.968909448891813,10211260
2015-07-16,7.105100154876709,7.287793381129947,7.030362818781519,7.141638800127357,5871528
2015-07-17,6.973891258239746,7.208070184127842,6.9323703895630455,7.134993757694206,5332641
2015-07-20,6.917424201965332,6.972232162633842,6.890850874396825,6.972232162633842,3231727
2015-07-21,7.208067893981934,7.213050547858728,6.90081221922953,6.909116222305769,9637368
2015-07-22,7.26619815826416,7.339274562913,7.133330746024786,7.171529412955614,6943466
2015-07-23,6.917424201965332,7.380800329402391,6.862615821244855,7.224680454742532,7114255
2015-07-24,6.950639724731445,7.015412145623213,6.781233219110673,6.9705695065203495,8583463
2015-07-27,6.834380626678467,6.96392673511311,6.699851862520824,6.872580567169558,5296574
2015-07-28,6.802824020385742,6.965586558487594,6.761303153342231,6.842684422393157,6435873
2015-07-29,6.973891258239746,6.973891258239746,6.615148466165895,6.729747021431886,9223656
2015-07-30,7.050290107727051,7.108419406340062,6.819432538228543,6.897492038099568,9268740
2015-07-31,7.193124294281006,7.2313229791652205,6.9788746932493355,7.141637685782602,12427802
2015-08-03,6.975553512573242,7.196445807342568,6.897493159902791,7.196445807342568,7015600
2015-08-04,6.917424201965332,7.139976975494492,6.842686035594458,6.972232162633842,8333114
2015-08-05,6.990499496459961,7.1084189715830846,6.9323697813503395,6.9323697813503395,10141778
2015-08-06,6.849326133728027,7.0220547975226495,6.762962641934332,6.995481060003829,5850842
2015-08-07,6.812789440155029,6.882545359113356,6.70317395619629,6.8626147365093475,5689600
2015-08-10,7.025376319885254,7.038663398202786,6.85098761748557,6.887525822703406,5488048
2015-08-11,6.934030532836914,7.035342422226272,6.8094675125362425,7.035342422226272,5834400
2015-08-12,6.726423740386963,6.924064408668629,6.718119316485645,6.892508437947203,7232534
2015-08-13,6.731408596038818,6.850990246526642,6.673279286299888,6.801164943871007,6880879
2015-08-14,6.709816932678223,6.846007005757155,6.651687207850252,6.736390677190292,4081958
2015-08-17,6.761305332183838,6.819434648787393,6.658332523806217,6.769609340247772,3216876
2015-08-18,6.759641647338867,6.79618112045892,6.703173652776378,6.767946073047971,4079306
2015-08-19,6.432454586029053,6.733068024956182,6.409203038085241,6.733068024956182,7496673
2015-08-20,6.460690021514893,6.503872616077868,6.332805223262914,6.488924229428523,7256932
2015-08-21,6.41584587097168,6.5055315491763235,6.334464616698852,6.437436953142607,8302881
2015-08-24,6.289623260498047,6.387613389009722,6.0786958764778145,6.17170334928926,12752407
2015-08-25,6.087000846862793,6.452386389738993,6.08201819071708,6.452386389738993,8353269
2015-08-26,6.593556880950928,6.638399510831939,6.1451280618300075,6.1451280618300075,8082765
2015-08-27,6.445743560791016,6.6599918900907245,6.291284163693382,6.590236805690511,11815720
2015-08-28,6.626773834228516,6.640060493742826,6.425811376360759,6.522140602956134,7156156
2015-08-31,6.593556880950928,6.610164468957162,6.377646895471284,6.610164468957162,10961246
2015-09-01,6.492245674133301,6.573627363540891,6.39757774407597,6.490585209090986,5866224
2015-09-02,6.34941291809082,6.626774428113432,6.297927160365243,6.477298550064936,9986371
2015-09-03,6.475636959075928,6.49390627425839,6.211562961518653,6.394255693291424,11546277
2015-09-04,6.362700939178467,6.473978164050025,6.3460925047332095,6.410865777116478,40131124
2015-09-08,6.457367420196533,6.641721030604205,6.354394652702308,6.5935574669142145,10156099
2015-09-09,6.462349891662598,6.6251136837084665,6.400899246012402,6.502210292148812,7284513
2015-09-10,6.626773834228516,6.626773834228516,6.309551950468002,6.344429694225463,6664476
2015-09-11,6.626773834228516,6.681581357231527,6.5038717086563524,6.586913435633751,4980986
2015-09-14,6.701513290405273,6.729747078093336,6.520480167587065,6.641721844435149,7428782
2015-09-15,6.855971813201904,6.9888388539225215,6.60518401893665,6.739712364974028,7584720
2015-09-16,7.043647289276123,7.043647289276123,6.829397721581393,6.919083421060997,9373228
2015-09-17,6.90579891204834,7.086831252611507,6.88088604663017,6.942337557300576,8134214
2015-09-18,6.731408596038818,6.882546229536683,6.653349501279197,6.850990246526642,6646442
2015-09-21,6.593556880950928,6.839361112914312,6.593556880950928,6.70649410808744,3522916
2015-09-22,6.715106964111328,6.785073743161803,6.443571062126421,6.483551958349079,5494944
2015-09-23,6.548521518707275,6.778411087092514,6.510206941744512,6.698449278268918,7316868
2015-09-24,6.608492374420166,6.6334809660287775,6.348617762838229,6.433577289020603,6926493
2015-09-25,6.4968791007995605,6.696782749038265,6.4968791007995605,6.696782749038265,4944388
2015-09-28,6.4219136238098145,6.533527193344319,6.341951839620989,6.41858181258168,3468816
2015-09-29,6.383601188659668,6.466893963728252,6.346951255340165,6.383601188659668,4673884
2015-09-30,6.513537406921387,6.593499204380172,6.343619640625647,6.58683600213972,8228625
2015-10-01,6.608492374420166,6.656802808886695,6.383601369768559,6.515204581666768,16635465
2015-10-02,6.768415451049805,6.793403198024736,6.563513650718227,6.606826363413258,6770556
2015-10-05,6.555185317993164,6.885026713680602,6.503543072632549,6.830053077512409,7381046
2015-10-06,6.701779842376709,6.763417514963972,6.5351934738890005,6.555184343693509,4790042
2015-10-07,6.9449968338012695,6.9449968338012695,6.705112287074931,6.821723170020466,6498460
2015-10-08,7.036620140075684,7.041618701046412,6.840048275063644,6.896687397485838,7316337
2015-10-09,6.885026454925537,7.078266916623257,6.855040568210551,7.078266916623257,4908321
2015-10-13,6.788405895233154,6.993308129416832,6.736764492150705,6.86503588946205,4739124
2015-10-14,6.656802177429199,6.835050322099986,6.648472647683126,6.796734906589736,9127123
2015-10-15,6.721770286560059,6.820055346808421,6.625149446632434,6.663464854275016,4871724
2015-10-16,6.77174711227417,6.828385804015977,6.663465761005404,6.78007537747833,4506278
2015-10-19,6.776745319366455,6.856706282208318,6.681791202004814,6.7684157890776895,11807764
2015-10-20,6.9466633796691895,7.069937904927363,6.763418761871292,6.77174829249214,8620591
2015-10-21,6.911680698394775,7.006634814899184,6.8500430174577955,6.949994852090345,5005915
2015-10-22,7.246519088745117,7.246519088745117,6.888358152036507,6.9466627545268596,9165312
2015-10-23,7.0699357986450195,7.359796636747224,7.006633070072706,7.306488499298869,5384090
2015-10-26,6.996638298034668,7.204871874134685,6.9833114738754665,7.011631027878972,4350340
2015-10-27,6.963322162628174,7.113249494594432,6.953327147604328,6.998305347194205,7155626
2015-10-28,6.966653823852539,7.038286097490711,6.933336124744015,7.038286097490711,1141420
2015-10-29,6.58017110824585,6.865034237625229,6.56851061115998,6.755087412287855,8449802
2015-10-30,6.661799430847168,6.703446236664668,6.536860277359722,6.615155749857733,10838193
2015-11-03,6.8633713722229,6.92001092284072,6.706779549537817,6.778411835635282,10322114
2015-11-04,7.013299465179443,7.104923052473176,6.946664473683653,6.979982180092447,12409238
2015-11-05,7.038285732269287,7.121578501092511,6.9566584480594456,7.01163207995159,7850450
2015-11-06,6.969984531402588,7.073268160439311,6.728433673742754,6.996638602201351,7267540
2015-11-09,6.8283867835998535,7.0766013112666855,6.7650840381198245,6.963322226245697,6530284
2015-11-10,6.700115203857422,6.8267211126867045,6.550187453288169,6.8267211126867045,5465772
2015-11-11,6.913346767425537,6.989976345258469,6.6901208160173065,6.730100879134668,5055772
2015-11-12,6.9183430671691895,7.026624425555167,6.863369856326224,6.911680286039262,7311564
2015-11-13,7.024960994720459,7.06494190640552,6.771749537132625,6.870034645949491,5717712
2015-11-16,7.026625156402588,7.124911931994911,6.9583246909090155,6.976649236869856,7863180
2015-11-17,7.174886703491211,7.243187162066911,7.048280800705312,7.096591651871696,6838447
2015-11-18,7.161558628082275,7.279835408778571,7.1432345074172785,7.241520419050005,5164504
2015-11-19,7.1349077224731445,7.2498527358626195,7.10325634359377,7.229861859111267,3702722
2015-11-23,7.148234844207764,7.288167608359068,7.018296675607563,7.181552128879808,4556666
2015-11-24,7.221529960632324,7.248184454232768,6.973316308803115,7.103254015853648,5642395
2015-11-25,7.164892673492432,7.219865888805224,7.036620012035132,7.164892673492432,8726671
2015-11-26,7.123247146606445,7.193212686581107,7.023294449171579,7.17655446543769,4006111
2015-11-27,6.743427753448486,7.0749354817337915,6.743427753448486,7.073269575642956,5518812
2015-11-30,6.605159759521484,6.91001249609574,6.605159759521484,6.69011884321905,17915320
2015-12-01,6.7617506980896,6.7617506980896,6.445236601165377,6.613489716411085,7839842
2015-12-02,6.58017110824585,6.878361061708302,6.546854258698976,6.716772003070987,10597922
2015-12-03,6.546856880187988,6.880030143603582,6.5351955357894544,6.673462812976707,10386292
2015-12-04,6.4968791007995605,6.656801850861858,6.4668932165064215,6.591833207316445,11554233
2015-12-07,6.585170745849609,6.638478479050816,6.498545732062866,6.500211216902576,5869936
2015-12-08,6.491883754730225,6.6801261306628374,6.43191196423581,6.596833334790903,5913960
2015-12-09,6.871700286865234,6.880029396352048,6.508540748725348,6.5418584506378235,6373816
2015-12-10,6.601829528808594,6.830053621998425,6.601829528808594,6.830053621998425,7303608
2015-12-11,6.57351016998291,6.6684642921663055,6.430245190993172,6.636812918105174,6557865
2015-12-14,6.484997749328613,6.635423564964139,6.424827930337174,6.52845410546152,5959044
2015-12-15,6.301145076751709,6.565224809933895,6.287774052687555,6.548510501454977,5785603
2015-12-16,6.18414831161499,6.306160244123424,6.088879276382757,6.2810887779269855,8247720
2015-12-17,6.4298415184021,6.469955011118253,6.257688377680468,6.271059401012867,8734096
2015-12-18,6.017009735107422,6.284431957888268,6.017009735107422,6.276075224785897,11978023
2015-12-21,5.9284257888793945,6.1975202980035915,5.826471443200709,6.035395273670603,8414265
2015-12-22,5.849870681762695,6.011995707394184,5.793042865102825,5.931768698837989,17479332
2015-12-23,6.040408134460449,6.100577957614123,5.821456175977239,5.848197802944533,7539105
2015-12-28,6.134005069732666,6.145704661562867,5.9417947721862365,6.0170078832738625,3096475
2015-12-29,6.057122707366943,6.125649688227536,6.033723095834416,6.102250076695008,3901622
2015-12-30,5.930095195770264,6.108933613115356,5.724513467145073,6.062134826289965,13084968
2016-01-04,5.876611709594727,5.975224014732534,5.814769614471503,5.84986923909806,8807292
2016-01-05,6.150719165802002,6.165762465922906,5.833154918480564,5.918396199548939,8077461
2016-01-06,6.207547664642334,6.266046481832648,6.052108385190493,6.107264340360957,11841710
2016-01-07,6.287774085998535,6.369672084384201,6.035393944695567,6.164090316194206,13934138
2016-01-08,6.237632751464844,6.341258933635447,6.187491091322842,6.276074395003741,16281158
2016-01-11,6.229275703430176,6.2543458998520185,5.980238406679483,6.2242614105144005,11276834
2016-01-12,6.326216697692871,6.331230568313022,6.128992898979655,6.257689712933356,12969340
2016-01-13,6.321199417114258,6.356299031182404,6.27774307414901,6.344598596201225,16051495
2016-01-14,6.368000507354736,6.3930715485757235,6.230946552901473,6.361315206356407,9343526
2016-01-15,6.376357555389404,6.376357555389404,6.244317473212834,6.297802416619211,12661708
2016-01-18,6.192505359649658,6.429842650794502,6.149048997767345,6.429842650794502,4745488
2016-01-19,6.294459819793701,6.329559449838605,6.1707773013302205,6.311174130633675,15147163
2016-01-20,6.1106061935424805,6.267716455346906,5.95683837048706,6.267716455346906,15003955
2016-01-21,6.319530487060547,6.329558649577606,6.017008685329257,6.110606700604089,6487322
2016-01-22,6.495026111602783,6.495026111602783,6.277744352529938,6.327886849717662,6408823
2016-01-26,6.458254814147949,6.483325852070018,6.281087386140906,6.483325852070018,8839646
2016-01-27,6.510069370269775,6.585281650723986,6.282760252490245,6.41814320274585,8780241
2016-01-28,6.635424613952637,6.665509105485412,6.4515709980968365,6.516755119882123,8536788
2016-01-29,6.932931423187256,7.029872737241086,6.59196792919366,6.668852069813692,20726971
2016-02-01,7.078340530395508,7.0800123837573,6.830975136035563,7.038227885842486,13310918
2016-02-02,7.061628341674805,7.148541059886794,6.986415640070817,6.999786664903813,19734592
2016-02-03,7.253835201263428,7.262192352957615,7.019841294608947,7.111767849650753,7807488
2016-02-04,7.2956223487854,7.387548498610648,7.090040605155136,7.262193735644005,10857288
2016-02-05,7.155226230621338,7.340750845796726,7.128485025300581,7.265538141119189,7603814
2016-02-10,7.33740758895874,7.385877394831355,7.1268123653686235,7.153554414688481,5747944
2016-02-11,7.170268535614014,7.319022502046166,7.12012730013579,7.290608177112133,9382245
2016-02-12,7.120127201080322,7.263866027439381,7.096727169107249,7.238795410049052,8251432
2016-02-15,7.128486633300781,7.268883488251897,7.100072299682103,7.267211211424329,3439113
2016-02-16,7.324037075042725,7.441034704700495,7.135169605735438,7.165254517261606,7652611
2016-02-17,7.314008712768555,7.521261083334621,7.237124577943523,7.303980126807542,9429981
2016-02-18,7.437691688537598,7.471119465055007,7.146870286467569,7.308994875761288,6359496
2016-02-19,7.6299004554748535,7.6299004554748535,7.340749699022064,7.442704438530994,4996368
2016-02-22,7.663330078125,7.768627704598254,7.5312903986041215,7.685058683144663,7987293
2016-02-23,7.568059921264648,7.706784459488088,7.452733724885557,7.60483055581575,7086674
2016-02-24,7.554690361022949,7.598146730063059,7.394236335471224,7.4393641358374225,6729715
2016-02-25,7.412619590759277,7.517918038065249,7.3206934350095505,7.501203730417343,8534666
2016-02-26,7.487832069396973,7.564716191494916,7.354120148365034,7.464432884799383,6563169
2016-02-29,7.690071105957031,7.745226629790743,7.497859951599698,7.601486967147847,8221200
2016-03-01,7.7736406326293945,7.867239070012749,7.649958130610061,7.743555722555448,7998432
2016-03-02,7.850525856018066,7.8906393568558,7.700100439236084,7.715142473651431,9278817
2016-03-03,7.766955852508545,7.939109870428054,7.71848604250622,7.902339232441082,11659252
2016-03-04,7.780326843261719,7.852196683942339,7.439362535051371,7.852196683942339,14084241
2016-03-07,7.808740615844727,8.022678714908965,7.678372377346786,7.800383460700486,10672708
2016-03-08,7.914035797119141,7.937434978878883,7.751910419001677,7.825452516184708,11761620
2016-03-09,7.87726354598999,7.960833363577554,7.797036588740938,7.935761911038714,6010492
2016-03-10,8.081175804138184,8.081175804138184,7.686727444890803,7.939108416834209,12281412
2016-03-11,8.027691841125488,8.079505350050342,7.964178316699361,8.066133903763173,5625422
2016-03-14,7.9608354568481445,8.076160787100683,7.860551311198696,8.005963237846613,5226561
2016-03-15,7.813755035400391,8.02267884475961,7.755255793881924,7.905681207160744,7538044
2016-03-16,7.797041893005371,7.857212574594596,7.65831732177201,7.760271249704586,7190102
2016-03-17,8.14301872253418,8.204859976003156,7.787011543760494,7.905680603351723,8888973
2016-03-18,8.445540428161621,8.49735394344123,8.191489681050356,8.199845990566782,11427998
2016-03-21,8.657806396484375,8.679533304624417,8.356955635153199,8.44052547895361,7369908
2016-03-22,8.640178680419922,8.772589390952827,8.578164041904424,8.660292086084429,8301820
2016-03-23,8.757503509521484,8.757503509521484,8.507768014100982,8.54799397382212,6279405
2016-03-24,8.707230567932129,8.74410433485523,8.548003516088674,8.633483881895161,7831356
2016-03-28,8.866454124450684,8.866454124450684,8.673705637802774,8.765889586050625,4413458
2016-03-29,8.71895980834961,8.973723834165128,8.71895980834961,8.849694481483885,5550636
2016-03-30,8.787679672241211,9.012274437238466,8.750806765316419,8.807792244001003,8559064
2016-03-31,8.745773315429688,8.745773315429688,8.745773315429688,8.745773315429688,1060
2016-04-01,8.858073234558105,8.858073234558105,8.858073234558105,8.858073234558105,3712
2016-04-04,8.60330867767334,8.60330867767334,8.60330867767334,8.60330867767334,12199
2016-04-05,8.408882141113281,8.408882141113281,8.408882141113281,8.408882141113281,10077
2016-04-06,8.423969268798828,8.423969268798828,8.423969268798828,8.423969268798828,8486
2016-04-07,8.827899932861328,8.827899932861328,8.827899932861328,8.827899932861328,5834
2016-04-08,9.054170608520508,9.11115689763854,8.972043409239626,9.025676616153097,10123214
2016-04-11,8.936843872070312,8.936843872070312,8.936843872070312,8.936843872070312,5304
2016-04-12,8.975395202636719,8.975395202636719,8.975395202636719,8.975395202636719,5304
2016-04-13,8.856392860412598,8.856392860412598,8.856392860412598,8.856392860412598,41901
2016-04-14,8.953606605529785,9.08434036283513,8.826224234993925,8.92846484619534,7034164
2016-04-15,9.39273738861084,9.39273738861084,8.968689929970152,8.970366047094029,7513116
2016-04-18,9.136299133300781,9.4346412276912,9.065903055109032,9.4346412276912,4426188
2016-04-19,9.305585861206055,9.305585861206055,9.305585861206055,9.305585861206055,530
2016-04-20,9.064228057861328,9.27206152068176,8.978747769339288,9.27206152068176,6040195
2016-04-22,8.963662147521973,9.124565147366265,8.863097666643247,8.993830559196425,4757688
2016-04-25,8.926788330078125,9.042437015632325,8.873153432129929,8.998859667821801,4596976
2016-04-26,8.933494567871094,9.154736997087554,8.933494567871094,9.010594279368517,2619115
2016-04-27,9.215075492858887,9.280443229057468,8.997185299686464,9.047467978037242,3476772
2016-04-28,9.218427658081055,9.293852098939956,9.075961907418655,9.156413005238264,3606720
2016-04-29,9.225132942199707,9.466488800381176,9.225132942199707,9.32569830701297,5930932
2016-05-02,9.191609382629395,9.310610319646413,9.12624250357331,9.283793290665946,3787586
2016-05-03,9.05081844329834,9.220102042556558,8.98377545047941,9.13294649101531,2727316
2016-05-04,9.067581176757812,9.220103630170001,8.851367106172994,9.096074326440844,2991456
2016-05-05,9.000536918640137,9.173172757998596,8.980422663639402,9.099425293910341,2368236
2016-05-06,9.042437553405762,9.091044103080021,8.946901419020191,8.965337859912125,2406955
2016-05-09,9.121217727661133,9.179880160518675,8.945229581279728,9.044117997282845,3169140
2016-05-10,9.218427658081055,9.293852098939956,8.92679083884392,9.198314247769732,4679188
2016-05-11,9.318990707397461,9.411174613468011,9.256976064262572,9.355864439387366,6442238
2016-05-12,9.645827293395996,9.798350594491094,9.32569732933978,9.396091720835347,5035087
2016-05-13,9.679350852966309,9.763154194919593,9.585489956958861,9.6743216520349,5233987
2016-05-16,9.738009452819824,9.788292968677887,9.624036874775125,9.743038652214025,2866812
2016-05-17,9.602248191833496,9.816786105816407,9.56202222698565,9.786615996324228,5276949
2016-05-18,9.40279769897461,9.600573642982791,9.347485817652082,9.486601036340497,4375269
2016-05-19,9.074286460876465,9.327374314994145,9.067582837459245,9.300557277899156,7869014
2016-05-20,9.394416809082031,9.51676999987267,9.173174377751396,9.201667528496573,7780968
2016-05-23,9.585488319396973,9.657559672893319,9.21842708223028,9.21842708223028,6301682
2016-05-24,9.535204887390137,9.784940406459455,9.535204887390137,9.592191174503256,3316060
2016-05-25,9.389389991760254,9.681026864957358,9.382685520415988,9.637448649028347,3067833
2016-05-27,9.365923881530762,9.605602785642175,9.34581131629562,9.360895528269808,5068502
2016-05-30,9.505038261413574,9.535208380971568,9.352514937105084,9.4782212251707,1663334
2016-05-31,9.6776762008667,9.743043959279802,9.446377836589445,9.521801455843226,15232027
2016-06-01,10.024622917175293,10.076580872019692,9.672646666327601,9.709519561360523,7946983
2016-06-02,10.038028717041016,10.115128414103475,9.903941881893584,10.071549366067357,4024144
2016-06-03,10.165412902832031,10.257596831364353,9.981044197958754,10.053115562236098,4471802
2016-06-06,10.214015007019043,10.306199750754384,10.158704839024507,10.165409307341017,3751519
2016-06-07,10.130210876464844,10.272677425424922,10.048082841852388,10.182168806095222,4522720
2016-06-08,10.224075317382812,10.379950008779762,10.123509961103316,10.123509961103316,6377529
2016-06-09,10.234127044677734,10.336367629420048,10.207310022802814,10.27267688453903,2443022
2016-06-10,10.133567810058594,10.269329954208118,10.063172561402643,10.106750774334579,2447265
2016-06-13,10.19055461883545,10.239161187323647,9.989425569286697,10.130216073532564,3505413
2016-06-14,9.863719940185547,10.217372342364744,9.841931255086873,10.1905553035182,5857737
2016-06-15,10.056467056274414,10.11345335730334,9.823491803896319,9.867070012346508,7767177
2016-06-16,10.12351131439209,10.1285396676591,9.857015373709952,9.96260824889114,4698283
2016-06-17,9.994452476501465,10.217370177428807,9.962607090654702,10.217370177428807,5226031
2016-06-20,10.257598876953125,10.33637472762796,10.10172414141848,10.145301513962648,2990395
2016-06-21,10.44364070892334,10.44364070892334,10.197257368098368,10.264301221102022,3508065
2016-06-22,10.224075317382812,10.44531689689544,10.078255635558397,10.383302243842982,4755566
2016-06-23,10.157029151916504,10.26765034039677,10.123507656723245,10.229100493753267,4633574
2016-06-24,10.006184577941895,10.148650321295296,9.865394104219929,10.148650321295296,7186920
2016-06-27,10.215391159057617,10.316200780880967,9.995289683978724,9.996969886836197,4499913
2016-06-28,10.252349853515625,10.37836245774692,10.183463269157366,10.2271476726192,4162048
2016-06-29,10.448929786682129,10.474131968887093,10.33299838873989,10.411965339632062,5604736
2016-06-30,10.608545303344727,10.66566962488911,10.344759523837336,10.474131685513957,7985702
2016-07-01,10.485895156860352,10.64887139236663,10.383404508823016,10.603506776827537,8710228
2016-07-04,10.460688591003418,10.54805653788275,10.393482216519473,10.54805653788275,1781083
2016-07-05,10.501018524169922,10.638791754762517,10.359884887965316,10.368285901995343,3397742
2016-07-06,10.366602897644043,10.49093532206307,10.332999700480066,10.45061131549135,4075593
2016-07-07,10.190184593200684,10.417006782374239,10.156580550471599,10.417006782374239,4554544
2016-07-08,10.415328025817871,10.482535276213351,10.267474454597295,10.302757007489571,3387134
2016-07-11,10.574941635131836,10.660630245162611,10.428767447358533,10.460690438382347,3833200
2016-07-12,10.660628318786621,10.742955659761108,10.579980329786592,10.657267065214265,4000276
2016-07-13,10.645511627197266,10.736240870970551,10.492616584833883,10.660633451117777,4775721
2016-07-14,10.598466873168945,10.732879676412097,10.517818851273123,10.71943805613785,3616267
2016-07-15,10.534615516662598,10.697590843340715,10.400202770964217,10.6001425375713,3765840
2016-07-18,10.62702751159668,10.660630706226353,10.462371942898741,10.51781691658157,3692114
2016-07-19,10.756399154663086,10.862250189898873,10.53797797537029,10.610224967753682,12180105
2016-07-20,10.721116065979004,11.06890942069581,10.679111861087554,10.845448478462712,7376272
2016-07-21,10.736237525939941,10.877371105726267,10.618625926159794,10.82360548730191,3102840
2016-07-22,10.769841194152832,10.850489200412007,10.658950398015135,10.754719374276238,2862038
2016-07-25,10.749676704406738,10.790000696608688,10.62870472780089,10.741275695640825,2837640
2016-07-26,10.470775604248047,10.768164698523291,10.470775604248047,10.732881289874108,4858464
2016-07-27,10.443888664245605,10.591743045642051,10.43380745191187,10.566540014807712,4465437
2016-07-28,10.786643981933594,10.786643981933594,10.479174580596906,10.501016362704233,5025540
2016-07-29,11.136117935180664,11.257089107277533,10.94961972001078,10.971462350993368,7297243
2016-08-01,11.132756233215332,11.16971898159097,11.062189441089748,11.142836596465665,5611632
2016-08-02,10.989943504333496,11.134436656989513,10.937858081383576,11.090753095660238,3990199
2016-08-03,11.013461112976074,11.018501718021573,10.79335979190232,10.98993913930481,5964348
2016-08-04,10.996658325195312,11.173076089921762,10.954654985843082,11.013460340835673,4653199
2016-08-05,11.082348823547363,11.253726013246792,10.988259219423268,11.03866442519507,3017445
2016-08-08,11.025224685668945,11.156277903017058,10.939537775993461,11.082350708576984,2040979
2016-08-09,10.82360553741455,11.090751728889611,10.724476160653216,11.089070676872858,4854220
2016-08-10,10.608545303344727,10.9109740312461,10.532937059026127,10.848808253547563,4083549
2016-08-11,10.643830299377441,10.711036698836637,10.554782117550186,10.63878969193678,3862372
2016-08-12,10.534615516662598,10.695911491400224,10.521174752017439,10.685830280510507,3626344
2016-08-15,10.418684959411621,10.645506254622875,10.41700475760175,10.536295686604692,4809136
2016-08-16,10.030570983886719,10.369963362188852,10.0188095673553,10.369963362188852,10319462
2016-08-17,10.309477806091309,10.309477806091309,9.80374879205562,10.047372186058343,16106126
2016-08-18,10.252349853515625,10.354839629027312,10.149860078003938,10.319556235822482,8096025
2016-08-19,10.329639434814453,10.427088622914189,10.025530453893385,10.242270611087278,4823988
2016-08-22,10.077614784240723,10.364922584348554,10.002007378962375,10.34644035867509,4230470
2016-08-23,9.949921607971191,10.136419795203924,9.946561203708022,10.102815752572239,4580534
2016-08-24,9.844072341918945,9.899517317685905,9.697897292454451,9.781905707123784,6702664
2016-08-25,10.114574432373047,10.222104790092878,9.839027306427335,9.887752305192743,8072157
2016-08-26,10.023850440979004,10.255713293459582,9.912960472259844,10.1683453105483,5789316
2016-08-29,10.00537109375,10.05577548069458,9.813832213685577,10.030574137097299,4110069
2016-08-30,9.944884300231934,10.054094925385517,9.813831040122691,10.054094925385517,4217210
2016-08-31,10.02721118927002,10.02721118927002,9.728141949700664,9.938162158434842,7269662
2016-09-01,10.00537109375,10.067537750798326,9.820553025244857,10.013772108199099,7063336
2016-09-02,10.332998275756836,10.388443245976436,9.95160089320223,10.032248895225848,9256010
2016-09-05,10.433808326721191,10.501014714831758,10.307796561482546,10.38340311070094,3902683
2016-09-06,10.613590240478516,10.613590240478516,10.386767946429538,10.482537812739116,5554879
2016-09-08,10.610224723815918,10.692552927162236,10.475811954995113,10.601823713295966,7921524
2016-09-09,10.459010124206543,10.613584458652014,10.413645520134438,10.445568508222348,6181812
2016-09-12,10.759758949279785,10.759758949279785,10.411964774335837,10.457329379741497,5544271
2016-09-13,10.590065002441406,10.726157997191953,10.524537958788589,10.712717227881567,5161322
2016-09-14,10.704317092895508,10.734559038790287,10.551422061636842,10.569903439655835,3193008
2016-09-15,10.853846549987793,10.921052069789065,10.753036995474249,10.753036995474249,6431630
2016-09-16,10.956336975097656,10.956336975097656,10.702632426973194,10.82696482301992,6346766
2016-09-19,11.189882278442383,11.189882278442383,10.963060081958014,10.963060081958014,6866558
2016-09-20,11.500715255737305,11.544400528155938,11.17980417261348,11.23860957035019,9296851
2016-09-21,11.626728057861328,11.693934470350415,11.339419327164284,11.403267033791352,6085279
2016-09-22,11.354537963867188,11.715772090048507,11.305812949698707,11.714092737714784,5824852
2016-09-23,11.428466796875,11.510795023241245,11.290694435198075,11.290694435198075,3809863
2016-09-26,11.22348690032959,11.463750763100764,11.22348690032959,11.420065497278923,5162383
2016-09-27,11.21664810180664,11.42713904759656,11.156026941103221,11.245274713706607,4313212
2016-09-28,11.21496295928955,11.329469386205236,11.095402924372118,11.223381096468255,4242139
2016-09-29,11.157709121704102,11.398510609261004,11.156025153522187,11.214963188109644,4931128
2016-09-30,11.161077499389648,11.351361652572276,10.979213187449524,11.154340774616056,6867619
2016-10-03,11.226753234863281,11.423772456245207,11.031417130351656,11.068463588873872,5699148
2016-10-04,11.361464500427246,11.361464500427246,11.110559196283832,11.225066480735913,4891879
2016-10-05,11.577006340026855,11.669622029592558,11.3681994076471,11.40861379000762,4051195
2016-10-06,11.390093803405762,11.635947261019599,11.386725866144499,11.565222282092607,3865555
2016-10-07,11.509651184082031,11.533225889368948,11.270533639150122,11.447346058251119,4690327
2016-10-10,11.366517066955566,11.545013451065977,11.35472928864368,11.513018904570487,3879345
2016-10-11,11.29916000366211,11.41703523109112,11.29916000366211,11.366517033113078,3731894
2016-10-13,11.561856269836426,11.602270668943271,11.252012827277234,11.282323413662402,11517105
2016-10-14,11.610688209533691,11.868329439267193,11.487761058794522,11.56017000402094,4503626
2016-10-17,11.787498474121094,11.950839988746907,11.592162414232199,11.74371700277978,5780299
2016-10-18,11.770657539367676,11.839698522349714,11.65446630516152,11.78749636723236,4197055
2016-10-19,11.577006340026855,11.878428961972315,11.513017256197497,11.770658411383609,3793420
2016-10-20,11.619104385375977,11.69993314797457,11.401877618254437,11.51301695388263,3957314
2016-10-21,11.614058494567871,11.735301701240976,11.571960123426658,11.6224783391521,2092958
2016-10-24,11.787498474121094,11.836332702038217,11.602267075604221,11.684778965270231,4184325
2016-10-25,11.753824234008789,11.858227749083737,11.661208501077436,11.838020122551864,4901426
2016-10-26,11.614058494567871,11.747088631878968,11.551752496424509,11.736984818377893,4814440
2016-10-27,11.575322151184082,11.814439652829126,11.54164364182252,11.659518850477735,5551166
2016-10-28,11.787498474121094,11.905373697360591,11.669623250881594,11.804338156775135,7316337
2016-10-31,11.932316780090332,11.979466189710013,11.679728345154478,11.804338594294586,5850312
2016-11-01,11.684778213500977,11.996304656541538,11.6123692863064,11.992936720227414,4983638
2016-11-03,11.28232192993164,11.68309707894066,11.21496574265135,11.68309707894066,7131758
2016-11-04,11.289056777954102,11.430506717477533,11.177917418074308,11.284004872716883,5763326
2016-11-07,11.50796890258789,11.551750382855532,11.20654618764175,11.374938789616683,4020962
2016-11-08,11.28232192993164,11.566905803261202,11.21496574265135,11.509652575594092,3459268
2016-11-09,11.29578971862793,11.395142133095337,10.891647595467793,11.054988242478087,6293196
2016-11-10,11.022995948791504,11.482708261315123,10.86302235357451,11.324419486323459,6946118
2016-11-11,10.770405769348145,11.147606152728375,10.69294578248113,10.8781780375536,8361756
2016-11-14,10.903435707092285,11.129083198440497,10.630639659091143,10.691261665586648,8846011
2016-11-16,10.977527618408203,11.135817215848569,10.778824489320474,10.810819032079362,5564956
2016-11-17,10.768722534179688,11.078565033573062,10.72325624212198,10.989316417747919,52655990
2016-11-18,10.975849151611328,11.177920302567049,10.686213324173526,10.692949199561362,6453376
2016-11-21,11.097085952758789,11.157707092724921,10.928692572307133,11.063406595244937,3964209
2016-11-22,11.113926887512207,11.278953227937155,11.075197319616686,11.231802114861773,3932916
2016-11-23,10.935431480407715,11.130766697553177,10.792297578345407,11.090352309093515,5221788
2016-11-24,10.921957969665527,10.987631872667821,10.876491683519172,10.942165586521464,1119674
2016-11-25,10.82766342163086,10.893336503838999,10.716524031824815,10.886601480155521,2149180
2016-11-28,10.974160194396973,11.043201182179528,10.72157009284876,10.827658378424353,4851038
2016-11-29,10.807453155517578,10.9758465938523,10.807453155517578,10.896701780048543,4118556
2016-11-30,10.859654426574707,11.002788326238937,10.71988846354066,10.945534255305471,6052394
2016-12-01,10.54139518737793,10.874813346000987,10.3443759471324,10.723259560101427,9552504
2016-12-02,10.369629859924316,10.457194501486871,10.187765555877094,10.386469541678482,7127515
2016-12-05,10.290489196777344,10.401628576503043,10.206292464681558,10.399944607789934,4803832
2016-12-06,10.458878517150879,10.585172723762348,10.083362130123485,10.202921315782259,5759613
2016-12-07,10.575071334838867,10.692946569796728,10.322482032374698,10.615485725446696,4708360
2016-12-08,10.440353393554688,10.711465396407002,10.25006929014805,10.711465396407002,4251686
2016-12-09,10.347740173339844,10.524552590766623,10.238284786191873,10.494242012319123,3924960
2016-12-12,10.221443176269531,10.265224637804975,10.110303850983865,10.239966823040179,5479562
2016-12-13,10.027796745300293,10.290489920563108,9.940232921399279,10.1473551252209,7171008
2016-12-14,9.93517780303955,10.194502956804083,9.906550342157924,10.027793503494221,5797272
2016-12-15,9.802148818969727,9.980645218604657,9.798780882016265,9.935178921512632,7167295
2016-12-16,9.802453994750977,9.96115752167121,9.802453994750977,9.858168553942239,4874906
2016-12-19,9.810896873474121,9.873365780101288,9.74167533321786,9.802455013928958,3752049
2016-12-20,9.799079895019531,9.954406720379072,9.778820282758677,9.954406720379072,5561774
2016-12-21,10.038820266723633,10.038820266723633,10.038820266723633,10.038820266723633,6583855
2016-12-22,9.945961952209473,10.187393126615804,9.945961952209473,10.003364881842218,4890288
2016-12-23,9.859857559204102,10.054015180172119,9.832844466079262,9.942585210274359,3344172
2016-12-26,10.018560409545898,10.032066529348832,9.898688579004071,9.925702526623825,826893
2016-12-27,10.048952102661133,10.104666671903516,9.878430796850726,10.043886986546898,1949750
2016-12-28,10.133367538452148,10.133367538452148,9.913885164635914,10.04895150360192,2068029
2016-12-29,10.330904006958008,10.361292994899673,10.062458837397783,10.118173405302635,3263020
2017-01-02,10.236356735229492,10.312331766007317,10.09791364945908,10.234668363256338,1643709
2017-01-03,10.62804889678955,10.682075942150838,10.254927256847338,10.254927256847338,5388333
2017-01-04,10.477787017822266,10.624671950399769,10.398435250152835,10.607788232169256,3718104
2017-01-05,10.320772171020508,10.565580968833467,10.310642793778351,10.557139109459154,5156548
2017-01-06,10.342723846435547,10.376490439201122,10.016875671143035,10.376490439201122,6854359
2017-01-09,10.32583999633789,10.4693482154634,10.222851001476869,10.337657747578712,4192281
2017-01-10,10.13674545288086,10.432203719100754,10.13336785489348,10.37479992544268,3471468
2017-01-11,10.290383338928223,10.364669140510248,10.14518591754322,10.256615900926805,4520599
2017-01-12,10.589218139648438,10.761428668168662,10.467658771289553,10.638180073797317,6713803
2017-01-13,10.597660064697266,10.597660064697266,10.440645737269167,10.54363301420077,3202555
2017-01-16,10.51830768585205,10.68376385045352,10.489605365557994,10.602723712931303,4037935
2017-01-17,10.805325508117676,10.825585118216033,10.418696858176327,10.48791840252242,6388668
2017-01-18,10.695585250854492,10.935329001715989,10.650000905189884,10.839093485296788,4961892
2017-01-19,10.774930000305176,10.805320682892074,10.609473887365592,10.805320682892074,12250648
2017-01-20,10.736100196838379,10.837400781866478,10.661813556621428,10.786749635345574,5137454
2017-01-23,10.807013511657715,10.889742035790936,10.698960260261984,10.788442272733775,5262628
2017-01-24,11.014677047729492,11.102470679298788,10.776622585754614,10.807012426218742,2949554
2017-01-26,11.197016716003418,11.222342294212526,11.01805356669416,11.01805356669416,6764721
2017-01-27,11.185199737548828,11.224030585464345,11.102471217712809,11.224030585464345,5445616
2017-01-30,11.058574676513672,11.2696160573698,10.908312981054177,11.110912501714356,3815697
2017-01-31,11.058574676513672,11.100783123486318,10.967405148418722,11.002860107234609,5957452
2017-02-01,10.67869758605957,11.142987820054383,10.579086223660658,11.061948545259117,8874122
2017-02-02,10.739480018615723,10.948833026876017,10.678700333380695,10.680388705415396,4434144
2017-02-03,10.839092254638672,10.872858843967318,10.7259738814852,10.791819541982866,4489305
2017-02-06,10.619606971740723,10.92519456501219,10.56895667447685,10.886362869711503,6698952
2017-02-07,10.62804889678955,10.773245460313813,10.552073871316901,10.687141057716616,4554014
2017-02-08,10.857662200927734,10.857662200927734,10.58415194205563,10.628048755702634,3162775
2017-02-09,10.63480281829834,10.88974100079941,10.585840886504318,10.861039532095484,7115316
2017-02-10,10.805325508117676,10.86441596640396,10.568958550930022,10.638180095276114,6574308
2017-02-13,10.677008628845215,10.923505764648628,10.653372279853297,10.83064703230993,5988216
2017-02-14,10.73272705078125,10.822208203816935,10.633114811845257,10.682076745322151,6227956
2017-02-15,11.141304016113281,11.21052556678624,10.7394808353732,10.7867535479258,8450863
2017-02-16,10.915069580078125,11.173383723427827,10.845847166165633,11.14299302043866,9640550
2017-02-17,10.687142372131348,11.075458552523004,10.570647261811716,10.916754994637671,10237250
2017-02-20,10.704025268554688,10.815455262995815,10.639868837999614,10.72090898923082,4610767
2017-02-21,10.670256614685059,10.800257822685289,10.587528107408394,10.800257822685289,6695769
2017-02-22,10.236356735229492,10.62804963892363,10.200901777800311,10.62804963892363,12537595
2017-02-23,10.265059471130371,10.415321179250125,10.157007067546697,10.243110632771609,10255814
2017-02-24,10.028692245483398,10.214408041060393,9.90375527976063,10.212720523070933,11816251
2017-03-01,9.809206008911133,10.108041808839532,9.780504545259252,9.95102666355734,12085164
2017-03-02,10.12999439239502,10.1451888899404,9.758561005624994,9.819341557828357,10612243
2017-03-03,10.045578002929688,10.16376151468387,9.962849459301028,10.13168329152338,7710955
2017-03-06,10.045578002929688,10.151942907306253,9.97129132171361,10.04388963044717,5158140
2017-03-07,9.986483573913574,10.38324159005726,9.937522495134422,10.064146121978274,9471352
2017-03-08,9.969597816467285,10.0658324281596,9.826088803652915,10.013493766638424,6096948
2017-03-09,9.620115280151367,9.94765174996832,9.6099850485262,9.88518369629389,11825268
2017-03-10,9.760247230529785,9.93245690686659,9.64037623290687,9.64037623290687,9892490
2017-03-13,9.898689270019531,9.959468948393045,9.785570918485988,9.785570918485988,4311621
2017-03-14,9.53907585144043,9.90544490333068,9.523881356868795,9.902067305194954,9560460
2017-03-15,9.734922409057617,9.790636977266484,9.491802818133962,9.540764752322879,6857011
2017-03-16,9.53907585144043,9.814274519872415,9.530634845126016,9.736611112928594,8633320
2017-03-17,9.57283878326416,9.692709727333968,9.50699315778116,9.50699315778116,8432829
2017-03-20,9.817648887634277,9.841286092869284,9.57621769792558,9.625179626191112,7716259
2017-03-21,9.733233451843262,9.891936994908237,9.596478743546482,9.842975063663141,10811143
2017-03-22,9.674139976501465,9.728166157355272,9.552579788570137,9.728166157355272,9475596
2017-03-23,9.748429298400879,9.748429298400879,9.58634984303024,9.658948137020886,9289956
2017-03-24,9.70790958404541,9.788949741764483,9.625181908130742,9.753494779513288,5953740
2017-03-27,9.686692237854004,9.795036923494393,9.559725367834073,9.707006491775735,13581422
2017-03-28,10.123457908630371,10.208102497644605,9.735787266556661,9.818738929538187,11679408
2017-03-29,10.055742263793945,10.174243657115522,9.999876562781562,10.157315253631252,5724076
2017-03-30,10.04050350189209,10.150541095016512,9.967709414999169,10.118376365495264,4003459
2017-03-31,9.932161331176758,10.064205265901712,9.842437973763083,10.064205265901712,7276557
2017-04-03,9.957555770874023,10.025271963952143,9.852596913253437,9.86275447066176,6212575
2017-04-04,9.98125171661377,10.030344840100632,9.839048553371446,9.979558791230756,8302351
2017-04-05,10.191171646118164,10.287665845984638,9.969403508322703,10.038811752205502,9694120
2017-04-06,10.199639320373535,10.240268694635414,10.01172878552886,10.192866758967392,6578020
2017-04-07,10.336760520935059,10.436641435257817,10.10314274361301,10.184401473251336,8913372
2017-04-10,10.372309684753418,10.423096597885671,10.27750841739166,10.350302507638666,7821808
2017-04-11,10.370617866516113,10.423097710900434,10.218257967160229,10.377389569831573,5799924
2017-04-12,10.497586250305176,10.587309619567563,10.289361481155934,10.392626546383308,9231612
2017-04-13,10.463728904724121,10.539908011416289,10.363847975971607,10.495893644788096,3852825
2017-04-17,10.512821197509766,10.563607264520925,10.472191830114497,10.497585719930644,2614872
2017-04-18,10.69903564453125,10.69903564453125,10.495889723297232,10.495889723297232,4393833
2017-04-19,10.56360912322998,10.729513330288608,10.51959475242529,10.729513330288608,5738928
2017-04-20,10.526365280151367,10.663489736171485,10.429871053746712,10.597467325667738,4981516
2017-04-24,10.834470748901367,10.841241596831873,10.55683686919019,10.580536977723463,5398941
2017-04-25,11.156120300292969,11.173047850257284,10.749827417653421,10.834472017960616,11355333
2017-04-26,11.283082962036133,11.283082962036133,10.964821459785128,11.122259285031078,8212713
2017-04-27,11.173048973083496,11.278008699041393,10.969902939504083,11.217065060229727,11688955
2017-04-28,11.418517112731934,11.669065063173619,11.074861642554525,11.100254680328877,14263516
2017-05-02,11.731698989868164,11.850201242055682,11.381271867664154,11.476074011938401,13674772
2017-05-03,11.706310272216797,11.78249025840377,11.64875162276107,11.68091722892477,9499994
2017-05-04,11.511621475219727,11.650438812220221,11.39989180544315,11.650438812220221,13865186
2017-05-05,11.5657958984375,11.619968671718574,11.416822698613247,11.496387648144319,5918203
2017-05-08,11.469300270080566,11.543786432618123,11.416821285530194,11.543786432618123,5084414
2017-05-09,11.682605743408203,11.682605743408203,11.4709942748574,11.511623642566732,5295513
2017-05-10,11.858663558959961,11.865435261703016,11.684296494878355,11.702917821111344,6918537
2017-05-11,11.711382865905762,11.831578024936958,11.645360474434558,11.682603984535037,8851845
2017-05-12,11.799415588378906,11.943311746300166,11.663985774070358,11.724929404586872,7823930
2017-05-15,11.884060859680176,12.046577490668096,11.730008003243118,11.752015187172415,5207997
2017-05-16,11.826502799987793,11.994099073935528,11.74355112614115,11.994099073935528,8646580
2017-05-17,11.714771270751953,11.763864415464,11.635205455970956,11.755400641199921,5997763
2017-05-18,11.369421005249023,11.376193565397022,10.834470103059571,10.87679153942251,18020870
2017-05-19,11.393120765686035,11.603039296706468,11.259383044208203,11.36603566378153,12201321
2017-05-22,11.105332374572754,11.399894666706142,11.030844482175281,11.308478369549272,10850392
2017-05-23,11.21536922454834,11.298320885415565,11.03930834687654,11.100252826190074,5360752
2017-05-24,11.32540512084961,11.452371125495938,11.257689804196842,11.35756985344415,5724076
2017-05-25,11.426979064941406,11.503158160403627,11.232296870821038,11.342334483791593,4786860
2017-05-26,11.98563289642334,12.012718856689538,11.455759035488187,11.486230847826484,10457896
2017-05-29,11.98563289642334,11.98563289642334,11.98563289642334,11.98563289642334,0
2017-05-30,12.220943450927734,12.33098107280549,11.934845805307686,11.994097359432986,7459015
2017-05-31,12.1887788772583,12.354681347161582,11.939924744248085,12.23279409786467,13293415
2017-06-01,12.244644165039062,12.371611053327642,12.029647688676171,12.190472242579581,10747495
2017-06-02,12.237872123718262,12.390231175974012,12.127834507121559,12.286966119412666,9329736
2017-06-05,12.280193328857422,12.383460096101352,12.156613163441424,12.220942634998561,5701800
2017-06-06,12.632317543029785,12.728811775831984,12.190474042395788,12.271731938082024,8036090
2017-06-07,12.740659713745117,12.806682115430057,12.5662926164896,12.68648693780454,9704728
2017-06-08,12.457948684692383,12.737274642627726,12.395311274872382,12.6678663846718,8253024
2017-06-09,12.578142166137695,12.605228125788829,12.40377506993708,12.454561137244134,5404776
2017-06-12,12.349601745605469,12.610306343479222,12.175234657152348,12.523968834058588,11585527
2017-06-13,12.385151863098145,12.535818839223882,12.237871594999037,12.366530534969936,8916024
2017-06-14,12.078739166259766,12.35806506331671,11.973780339145579,12.35806506331671,12349833
2017-06-15,12.078739166259766,12.078739166259766,12.078739166259766,12.078739166259766,0
2017-06-16,12.1887788772583,12.1887788772583,11.906066223542734,12.078741253897674,11959459
2017-06-19,12.268345832824707,12.31574605361305,12.14984356823251,12.273424611404316,3132542
2017-06-20,11.919608116149902,12.278500683195231,11.919608116149902,12.276806901064752,10922527
2017-06-21,12.019490242004395,12.153227979590339,11.917917244231122,11.917917244231122,5210649
2017-06-22,12.273422241210938,12.285271865964338,11.933151848884808,12.070275418810821,5641864
2017-06-23,12.170157432556152,12.263265801238406,12.10582795191673,12.200630103048066,2145998
2017-06-26,12.273422241210938,12.293736495295699,12.06858249294455,12.275114310766707,4137120
2017-06-27,12.110336303710938,12.256222694034111,12.059445921941546,12.256222694034111,6083688
2017-06-28,11.942394256591797,12.112031128568315,11.864361432773691,12.110334725525776,6019509
2017-06-29,11.849096298217773,12.045874787954073,11.670978244523873,12.02212514208193,5874710
2017-06-30,11.893200874328613,12.00176896612969,11.849096105991865,11.905075697072043,4297300
2017-07-03,11.908469200134277,11.949181161420759,11.767670306580005,11.89828992270854,4214028
2017-07-04,11.959356307983398,11.99837271343602,11.852484650127264,11.88641270536361,1807072
2017-07-05,11.978019714355469,12.03569484837937,11.85418485618302,12.003464045966131,3277341
2017-07-06,11.816865921020508,12.040785155134296,11.733744731672827,12.040785155134296,4656912
2017-07-07,11.730351448059082,11.911862320762305,11.709994607343116,11.776153481600511,3791829
2017-07-10,11.874541282653809,11.911861296019719,11.749010874649011,11.749010874649011,6203028
2017-07-11,11.743922233581543,11.90507625950872,11.638747801379209,11.84061464913785,11457170
2017-07-12,11.84061336517334,11.967841026859112,11.813471772918682,11.86945136057325,7316868
2017-07-13,11.945788383483887,12.064534035382906,11.82704358965428,11.844006763885904,5209058
2017-07-14,11.823651313781738,12.02551903152585,11.786332154475245,11.9661457695684,3018506
2017-07-17,11.823651313781738,11.891506592885898,11.69133527857113,11.828740524069763,6544605
2017-07-18,11.906774520874023,11.935613381970777,11.799903668665433,11.842312900444004,3551558
2017-07-19,11.842310905456543,11.993287367603731,11.804990890746783,11.888112936707033,2924625
2017-07-20,11.857579231262207,11.92373724802443,11.75918954975323,11.87623966874717,2780887
2017-07-21,11.8864164352417,11.97293128710381,11.84061440436944,11.84061440436944,1869660
2017-07-24,12.018736839294434,12.10694726222563,11.89490193674889,11.925435488850365,4992655
2017-07-25,11.764275550842285,12.052657186932734,11.73883036473703,12.018730844171907,4971439
2017-07-26,11.749011993408203,11.888113640634959,11.718476732053498,11.767671572833242,2501366
2017-07-27,11.755793571472168,11.884716763400405,11.73713399709067,11.857576032337828,2683824
2017-07-28,11.569195747375488,11.618389722537865,11.452146504349901,11.535267684409197,8083296
2017-07-31,11.704904556274414,11.749010180020942,11.589551716502479,11.611604099341058,3928672
2017-08-01,11.891505241394043,11.98141289679196,11.704905175721454,11.704905175721454,6295848
2017-08-02,11.950876235961914,12.003463013984236,11.835524261692568,11.871147009340389,4340793
2017-08-03,11.830436706542969,11.98310871091132,11.738832645852522,11.930521067467629,3037600
2017-08-04,11.747315406799316,11.838918615226364,11.626873340875902,11.838918615226364,5486988
2017-08-07,11.871149063110352,11.95766391684919,11.73883303557515,11.806687452673687,4232061
2017-08-08,11.798206329345703,11.952574742574924,11.782937841252181,11.842311099942927,2917200
2017-08-09,11.827047348022461,11.845706931413782,11.726961241780067,11.781245304324221,2580926
2017-08-10,11.662495613098145,11.849095673334263,11.662495613098145,11.82364962552748,3993912
2017-08-11,11.755793571472168,11.821952428455628,11.616691961843511,11.70490319910861,2951145
2017-08-14,11.726957321166992,11.911860979841565,11.643836138475587,11.689637308791673,5241412
2017-08-15,11.883025169372559,11.899989204513439,11.740530706467384,11.752405531066001,5672097
2017-08-16,11.813475608825684,11.94070331182306,11.789726815150152,11.87793723313759,5702330
2017-08-17,11.650622367858887,11.835526908006628,11.5658047712299,11.835526908006628,4921051
2017-08-18,11.591249465942383,11.701513109080853,11.552233047104496,11.654014673523974,6432691
2017-08-21,11.696423530578613,11.742224703279353,11.570892261300553,11.635354728264662,4579473
2017-08-22,12.06283950805664,12.128998386249704,11.723566531899952,11.723566531899952,6808214
2017-08-23,12.018736839294434,12.18328285861871,12.00007639759168,12.096768839478672,12797491
2017-08-24,11.911863327026367,12.078107441305713,11.845705305249716,12.073017372627238,8173464
2017-08-25,11.945788383483887,12.09506843545536,11.842310360655802,11.947484786713991,3778569
2017-08-28,12.061141967773438,12.069623984443554,11.952574728604345,12.027213901092972,3296966
2017-08-29,11.95766544342041,12.062839889157148,11.879632596374217,12.034001886919096,5781890
2017-08-30,11.743922233581543,12.010251549780516,11.743922233581543,11.957663904644619,2905531
2017-08-31,11.764275550842285,11.835523616461682,11.637047904177475,11.791417139892507,5328928
2017-09-01,11.955965042114258,12.025515848166963,11.806685012127197,11.835523862791874,8574446
2017-09-04,11.908469200134277,12.027213135611023,11.832131913031246,12.023821187228325,3779630
2017-09-05,12.281673431396484,12.361401841013329,11.962756360650081,11.964453622631032,8823204
2017-09-06,12.44791316986084,12.564963290170214,12.352917152169228,12.383451555781907,5178825
2017-09-07,12.44791316986084,12.44791316986084,12.44791316986084,12.44791316986084,0
2017-09-08,12.637906074523926,12.637906074523926,12.383450725973658,12.459787158924847,2764975
2017-09-11,12.807537078857422,12.977173064476387,12.637901951307633,12.637901951307633,4676006
2017-09-12,12.917805671691895,12.917805671691895,12.7108496035225,12.790578847871702,3343111
2017-09-13,12.807537078857422,12.902533917259383,12.760039517725618,12.895748306220788,3349476
2017-09-14,12.909323692321777,12.909323692321777,12.726116425530398,12.7566499689146,3963148
2017-09-15,12.99923038482666,13.099315604886066,12.844861975540592,12.892359551596561,8491704
2017-09-18,12.977177619934082,13.19261569762092,12.900842043160887,12.975482074648411,4792694
2017-09-19,13.021285057067871,13.053515865097422,12.894057370359027,12.977178566616484,3151106
2017-09-20,12.773616790771484,13.061999409408871,12.76852843780951,13.011108157162358,4147728
2017-09-21,12.836379051208496,12.91610742611693,12.658261008422617,12.843163805829885,4309500
2017-09-22,12.663349151611328,12.877091657508583,12.593798338813494,12.836378840102885,6297969
2017-09-25,12.592103958129883,12.807541170954671,12.490321476169127,12.807541170954671,2371418
2017-09-26,12.603978157043457,12.666744222300109,12.36648683882089,12.564962596520209,5088127
2017-09-27,12.464874267578125,12.804147150382228,12.427554259050368,12.744773902501656,3493214
2017-09-28,12.477570533752441,12.60676657008872,12.37727418783158,12.428271921746827,2978196
2017-09-29,12.749560356140137,12.860056582008287,12.419771660158862,12.491169168573395,4713664
2017-10-02,12.858355522155762,13.184744227521566,12.749559287033827,12.878754440043908,5210649
2017-10-03,13.27994441986084,13.27994441986084,12.877059011946086,12.951855638909302,4076654
2017-10-04,13.414238929748535,13.477137399757693,13.174547502572775,13.339441446396748,2944250
2017-10-05,13.55363655090332,13.818826879519188,13.441439452040147,13.519636908896501,5860920
2017-10-06,13.3904390335083,13.514534262521495,13.193245448664458,13.514534262521495,3962618
2017-10-09,13.40403938293457,13.438038159525506,13.193245936215336,13.359840715402497,1992182
2017-10-10,13.409141540527344,13.540037591288012,13.273147262887168,13.506038806908036,2314135
2017-10-11,13.31904411315918,13.526437628956455,13.251046549247821,13.526437628956455,3551558
2017-10-12,13.31904411315918,13.31904411315918,13.31904411315918,13.31904411315918,0
2017-10-13,13.327543258666992,13.455038468713129,13.1558485167718,13.414239760732073,12449548
2017-10-16,13.407441139221191,13.512837446733041,13.222147395080135,13.298644007728063,4756627
2017-10-17,13.111648559570312,13.528133761454173,13.10824859613817,13.392138663686339,4274493
2017-10-18,13.354743957519531,13.427840609033062,13.006255361872087,13.17794925657623,4772008
2017-10-19,13.222146987915039,13.363242054269538,13.155848549854348,13.261244854120605,4436796
2017-10-20,12.989253997802734,13.34114251589231,12.989253997802734,13.286743954399016,3632709
2017-10-23,12.946756362915039,13.128649271568863,12.773361644218458,12.990954173681239,4341324
2017-10-24,13.060651779174805,13.150748237050735,12.902556047702998,12.919555866101968,2916669
2017-10-25,13.162649154663086,13.274844525483203,12.941656657213295,13.062351937907545,2798920
2017-10-26,12.749560356140137,13.268042712896799,12.749560356140137,13.164345553641926,4830352
2017-10-27,13.242547035217285,13.472039465197945,12.812461871681146,12.812461871681146,8392519
2017-10-30,13.118446350097656,13.29354101029799,12.987552070093846,13.276542054670786,4615540
2017-10-31,13.295243263244629,13.507735834103501,13.081050710544666,13.081050710544666,6285770
2017-11-01,13.415938377380371,13.711727456392845,13.410838432243686,13.410838432243686,6971047
2017-11-02,13.415938377380371,13.415938377380371,13.415938377380371,13.415938377380371,0
2017-11-03,13.597831726074219,13.684529076602157,13.290142764559603,13.417637957816513,7529028
2017-11-06,13.737226486206055,13.810323976370114,13.529833887096673,13.699827750310966,4613419
2017-11-07,13.76952838897705,13.931022380556547,13.56213574299933,13.67093115213944,8074809
2017-11-08,13.939517974853516,14.033015236712966,13.633528186774374,13.79842295120171,6452846
2017-11-09,13.815423011779785,14.072113341389713,13.815423011779785,13.922519267536563,7868484
2017-11-10,13.754227638244629,13.873223791430304,13.698129955386554,13.822225194385139,6545136
2017-11-13,13.604631423950195,13.684528846050725,13.478836214582964,13.684528846050725,6836325
2017-11-14,13.480539321899414,13.71853166163981,13.480539321899414,13.60293459616162,8778650
2017-11-15,13.480539321899414,13.480539321899414,13.480539321899414,13.480539321899414,0
2017-11-16,13.727031707763672,13.863027717372152,13.329246152771223,13.427842550336536,5065850
2017-11-17,14.347506523132324,14.441004666445775,13.633531332704091,13.633531332704091,8918676
2017-11-20,14.347506523132324,14.347506523132324,14.347506523132324,14.347506523132324,0
2017-11-21,14.72999382019043,14.811591235108322,14.396805952388304,14.44100548367173,11725552
2017-11-22,14.69599437713623,14.916986851368009,14.599097994390116,14.68409536444219,9337161
2017-11-23,14.789493560791016,14.83369309575471,14.602500687530348,14.695997124160682,3363266
2017-11-24,15.046182632446289,15.14988066629965,14.67049609907258,14.78609314609771,7660036
2017-11-27,15.273978233337402,15.330076786702994,14.961190103736536,14.967988312855303,7970851
2017-11-28,15.25867748260498,15.639464856801004,15.153282036741693,15.28417635305966,10808491
2017-11-29,15.059781074523926,15.440568377646922,15.003682538138737,15.330072146461001,8773876
2017-11-30,14.959481239318848,15.207671631239057,14.876184734869232,15.008779837368868,13714552
2017-12-01,14.905085563659668,15.21787528738624,14.748690701796383,14.877885859071702,5463650
2017-12-04,14.786089897155762,14.991781638403703,14.76058931491234,14.927184061506791,7262236
2017-12-05,14.84048843383789,15.032580334144109,14.765690963717669,14.865987297780881,7321111
2017-12-06,14.891491889953613,14.957790337515108,14.573602949601753,14.772496572526762,9088404
2017-12-07,14.959481239318848,15.068276603507796,14.670491296008887,14.728288940719173,5698087
2017-12-08,14.959481239318848,15.129474210833894,14.896584510564109,15.127775089405255,2955919
2017-12-11,14.905085563659668,15.115878114940125,14.78948853891957,14.923784500684514,5789316
2017-12-12,14.67049503326416,14.90508735424119,14.583798544113115,14.90508735424119,5893274
2017-12-13,14.704497337341309,15.092082926085885,14.639898019457931,14.950988715370395,7511524
2017-12-14,14.736797332763672,14.860891733057747,14.519204772032944,14.631400156893738,5157609
2017-12-15,14.925485610961914,15.069981481199475,14.668794383867992,14.73849277628165,10344921
2017-12-18,14.883965492248535,15.09854146909084,14.747728034727915,15.07129328845721,5214892
2017-12-19,14.841395378112793,15.038939553627515,14.766464591148718,14.865235817494048,4333368
2017-12-20,15.139418601989746,15.277359992208382,14.85672549625573,14.85672549625573,3650212
2017-12-21,15.292681694030762,15.326740201690216,15.083215583617521,15.141116252615392,3833200
2017-12-22,15.323338508605957,15.374427140199447,15.139416678350518,15.156445073665486,1688793
2017-12-25,15.323338508605957,15.323338508605957,15.323338508605957,15.323338508605957,0
2017-12-26,15.256918907165527,15.468087162067837,15.251809011317079,15.251809011317079,1750850
2017-12-27,15.435730934143066,15.49703762506818,15.323335621251019,15.394858658310344,2083941
2017-12-28,15.633275985717773,15.633275985717773,15.371019092209531,15.454464075865776,4622436
2017-12-29,15.633275985717773,15.633275985717773,15.633275985717773,15.633275985717773,0
2018-01-02,15.403375625610352,15.715018997338838,15.313116871748326,15.667336395112473,4696161
2018-01-03,15.0219087600708,15.515770037989663,15.0219087600708,15.394858805067848,5972304
2018-01-04,15.137710571289062,15.185394895042336,14.892483797568392,15.054265588956897,6357904
2018-01-05,15.403375625610352,15.403375625610352,15.027017812741967,15.222859840710388,5114116
2018-01-08,15.207527160644531,15.410179426446591,15.204121138868333,15.410179426446591,2862038
2018-01-09,14.994658470153809,15.29267941253873,14.994658470153809,15.233074879496996,3900561
2018-01-10,14.536561965942383,14.99125484955782,14.536561965942383,14.95208644548164,5826974
2018-01-11,14.739217758178711,14.803930481563985,14.575732076561064,14.64555297376129,4944388
2018-01-12,14.730704307556152,14.812447152508398,14.623417146585888,14.647257589363075,4205541
2018-01-15,14.754539489746094,14.885668769564985,14.674500546571785,14.742619272607538,2946902
2018-01-16,14.514421463012695,14.836282842822575,14.449708757076463,14.754540024054767,4683432
2018-01-17,14.737515449523926,14.768169664140498,14.475258504657548,14.517832941323917,4918399
2018-01-18,14.611495971679688,14.7817937178652,14.56892153513331,14.73751540798828,4184325
2018-01-19,14.526350021362305,14.723892528910532,14.437794255705501,14.63022944990121,5474258
2018-01-22,14.533156394958496,14.621711275123431,14.442899364609653,14.526346071398798,3794481
2018-01-23,14.112524032592773,14.533157594566411,14.022266133381754,14.533157594566411,7667462
2018-01-24,14.388405799865723,14.645552817508866,14.211296026198806,14.22151409654392,6748279
2018-01-25,14.388405799865723,14.388405799865723,14.388405799865723,14.388405799865723,0
2018-01-26,14.596168518066406,14.643851125010116,14.393515285025321,14.42246476241733,10288168
2018-01-29,14.390106201171875,14.597868437798043,14.231730437132452,14.597868437798043,5305060
2018-01-30,14.475253105163574,14.52634344380037,14.270896057675795,14.371372000837733,2729968
2018-01-31,14.37818431854248,14.631927851979286,14.37818431854248,14.592759450680527,5256264
2018-02-01,14.080167770385742,14.456524752690475,13.918385961335643,14.321989408792682,7666932
2018-02-02,13.886027336120605,14.056324176155202,13.790660416571654,14.054620303272284,4307378
2018-02-05,13.862183570861816,14.037591158728302,13.787253654393718,13.790659677152984,3490032
2018-02-06,13.782142639160156,14.020559029566478,13.535212054491454,13.72083596112964,8605740
2018-02-07,13.85367202758789,13.896246458817455,13.710622489960294,13.82812771341499,7380516
2018-02-08,13.768524169921875,14.006940657641648,13.64080086691225,13.872406168724385,4517947
2018-02-09,13.598225593566895,13.845157109558295,13.451770040153864,13.669750358656419,5777647
2018-02-14,14.018858909606934,14.075057430688037,13.720839633942534,13.725948668714636,7602223
2018-02-15,14.023969650268555,14.2862274211446,13.932008741657175,14.132958952988272,2814832
2018-02-16,13.955849647521973,14.095493156753507,13.799176883253747,14.023969251904926,3732955
2018-02-19,13.949037551879883,13.972879714824279,13.81450307805617,13.954146586796538,2069090
2018-02-20,14.006937980651855,14.049512406851623,13.797471872661962,13.851967379393022,6773738
2018-02-21,13.947336196899414,14.16020749542519,13.932009091275528,14.051217328558321,4953405
2018-02-22,13.964361190795898,14.032479916620717,13.804282443531127,13.940519033768922,4666989
2018-02-23,13.766819953918457,13.879215272182506,13.584601161102919,13.853670959978134,12151464
2018-02-26,13.545435905456543,13.85367329977893,13.397277319106456,13.777039488810804,11418981
2018-02-27,13.174185752868652,13.553948721121316,13.174185752868652,13.521592362510537,8106633
2018-02-28,13.238899230957031,13.398978883042913,13.148642196258027,13.22357212585482,7078188
2018-03-01,13.48923397064209,13.618659385576667,13.288282941534526,13.378540818853558,5456224
2018-03-02,13.470504760742188,13.519890380650365,13.257632590507779,13.4194152676035,5137984
2018-03-05,13.334263801574707,13.468799124777075,13.249114950070625,13.468799124777075,4340793
2018-03-06,13.145233154296875,13.448362272079361,13.145233154296875,13.363212569143622,4250095
2018-03-07,13.569276809692383,13.586306927810382,13.14012817006452,13.145237205499921,8510798
2018-03-08,13.419412612915039,13.596521499927386,13.327451715739947,13.572680200598871,4964544
2018-03-09,13.58970832824707,13.685075240485013,13.351292770476029,13.444955809961675,5400532
2018-03-12,13.3955717086792,13.68167077310539,13.368324383831958,13.603334821846076,5028192
2018-03-13,13.559059143066406,13.748089152751154,13.453474991823395,13.453474991823395,6903156
2018-03-14,13.45517635345459,13.681670873512822,13.45517635345459,13.681670873512822,5436600
2018-03-15,13.26614761352539,13.533514438396018,13.157158303095239,13.533514438396018,6552031
2018-03-16,13.024323463439941,13.312125513366508,12.961313761262547,13.312125513366508,10030394
2018-03-19,13.180997848510742,13.274660901533258,12.86424458471424,12.942581394870107,5244064
2018-03-20,13.177590370178223,13.337669995985907,13.121391855440912,13.213352748133989,3530872
2018-03-21,13.044757843017578,13.310421586766504,12.968124054216698,13.235491670746983,4515825
2018-03-22,13.061790466308594,13.163968583870881,12.90341382416919,13.104364897312568,3399333
2018-03-23,12.823372840881348,13.10436371560391,12.823372840881348,12.940878914529192,4061803
2018-03-26,12.993670463562012,13.014105740531628,12.753551006049987,12.993670463562012,4609706
2018-03-27,12.677102088928223,13.067875359722597,12.677102088928223,13.037160536789436,9064536
2018-03-28,12.427962303161621,12.750478289368356,12.422842878484142,12.634441449334142,4753975
2018-03-29,12.764132499694824,12.963784920848541,12.433084076489488,12.433084076489488,6757296
2018-04-02,12.700990676879883,12.857982031801924,12.508163353636606,12.798257144260642,8116711
2018-04-03,12.661746978759766,12.931364047508485,12.47574547756875,12.770958813934778,8761677
2018-04-04,12.313630104064941,12.619082180429118,12.236840466284407,12.506457435895253,9745039
2018-04-05,11.94504165649414,12.559357971098017,11.94504165649414,12.559357971098017,14204642
2018-04-06,11.586690902709961,11.770985889098657,11.306835904667972,11.760747038975982,16525142
2018-04-09,11.433110237121582,11.593515417217446,11.230044049777002,11.593515417217446,11365941
2018-04-10,11.774396896362305,11.878489265942571,11.475770722368772,11.5150187781992,11678877
2018-04-11,11.893847465515137,11.975756532094818,11.733443145224056,11.852892932225297,6174916
2018-04-12,12.132749557495117,12.165171718639295,11.902380616394849,11.910912991212754,10160872
2018-04-13,11.90238094329834,12.073024991687804,11.840949569249911,12.073024991687804,7826582
2018-04-16,11.859722137451172,12.190769695329994,11.781226004408735,11.94504330814444,5069032
2018-04-17,12.037189483642578,12.037189483642578,11.81193995250435,11.817060240898313,4830883
2018-04-18,11.834125518798828,12.02012700818918,11.813648678636929,11.950163248153656,7156687
2018-04-19,11.815354347229004,11.946750345107304,11.629352870537772,11.931391205497471,8775998
2018-04-20,11.641295433044434,11.893847673443734,11.641295433044434,11.859719902130022,3567470
2018-04-23,11.518434524536133,11.893849563444638,11.467241996266955,11.64300462123053,5185720
2018-04-24,11.620819091796875,11.789756659650358,11.528672033738136,11.590103405777295,5010688
2018-04-25,11.67542552947998,11.759040213498162,11.521846234872577,11.637883943312923,3667716
2018-04-26,11.946745872497559,12.047424416628234,11.672009516635857,11.738560296658141,4560379
2018-04-27,11.859722137451172,12.108861475044135,11.68907806973666,11.997943176295296,7592145
2018-04-30,11.736857414245605,12.01500594111563,11.702728776528373,11.989409678618683,4028918
2018-05-02,11.262467384338379,11.496249279631515,11.124246362421712,11.433111431154696,22531392
2018-05-03,11.156668663024902,11.516725368732734,11.12424564023017,11.465532848542388,16076954
2018-05-04,10.750536918640137,11.1532554883245,10.699343536318404,11.151549013474982,13015485
2018-05-07,10.470682144165039,10.78807870362836,10.41266286136175,10.760775968690012,7864771
2018-05-08,10.634501457214355,10.730061479413907,10.27273734459349,10.4860415667067,10553899
2018-05-09,10.784663200378418,10.825617724671039,10.619138628730594,10.726643931312365,6121876
2018-05-10,11.50136661529541,11.51843136214264,10.788077460355728,10.834151413679523,7695573
2018-05-11,11.87678337097168,11.943334162709087,11.352907684855724,11.436523224814925,10749616
2018-05-14,11.985993385314941,12.250490038057288,11.687367241211088,11.87678160244912,9158416
2018-05-15,11.927976608276367,12.081555887760722,11.794875026410612,11.794875026410612,8833281
2018-05-16,12.146400451660156,12.212951243950569,11.810232677371573,11.810232677371573,5452512
2018-05-17,11.817060470581055,12.260733641174262,11.774399455998793,12.187356937778677,16471041
2018-05-18,11.30683708190918,11.817061081851334,11.262468726758055,11.817061081851334,14738755
2018-05-21,11.108888626098633,11.552561753797404,11.001383294063672,11.434817572093248,7759221
2018-05-22,11.366559982299805,11.39386271748917,11.125953063959079,11.300009187641551,5374012
2018-05-23,10.895583152770996,11.358026587193763,10.893876678027263,11.224925009837627,6567943
2018-05-24,10.750536918640137,10.873399655150202,10.644738067461443,10.752243393489655,9075674
2018-05-25,10.566243171691895,10.88193328685798,10.50139884624475,10.811969536270707,4620844
2018-05-28,10.533820152282715,10.578186773561136,10.153284879453427,10.528700727558935,4566744
2018-05-29,10.494573593139648,10.752245298933127,10.428022788542357,10.634501102941943,8573385
2018-05-30,10.625970840454102,10.625970840454102,10.43143610290377,10.460446183899489,7069171
2018-06-01,11.062813758850098,11.158374621601023,10.625967429906185,10.796610594584571,4766174
2018-06-04,11.643001556396484,11.668596950629533,11.078171376817062,11.079877851521097,7066519
2018-06-05,11.433110237121582,11.755626208966019,11.264173546107008,11.603753402952657,6728654
2018-06-06,11.091821670532227,11.467238315259117,11.011619953566907,11.438228246966386,7751265
2018-06-07,10.962135314941406,11.18055893052389,10.494572397704506,10.921181642288072,9503176
2018-06-08,11.143017768859863,11.337550727374035,10.742004801271582,11.067933736849355,8844420
2018-06-11,11.035510063171387,11.143016240185835,10.866573388024145,11.143016240185835,5486988
2018-06-12,11.108888626098633,11.177145897565543,10.869987312800593,10.91435479820324,4792694
2018-06-13,11.318779945373535,11.405806708885041,11.008207569042893,11.143017354032335,7060684
2018-06-14,11.578158378601074,11.656654502203585,11.17714624875998,11.270999784184966,9022634
2018-06-15,11.8034086227417,12.14128203679983,11.550855504941424,11.550855504941424,20022600
2018-06-18,12.098618507385254,12.243666271205392,11.603752915674223,11.774396937503203,9967807
2018-06-19,12.168582916259766,12.455263763547718,11.996232422412433,11.996232422412433,9503707
2018-06-20,12.055956840515137,12.328985859852693,11.846065652424842,12.328985859852693,10643536
2018-06-21,11.643001556396484,12.139572747814523,11.63788213228438,12.113977353581474,9146217
2018-06-22,11.581571578979492,11.907499654806264,11.460413586825357,11.774398064622444,5631787
2018-06-25,11.649827003479004,11.764158223195885,11.467239382681374,11.54573463234793,6189768
2018-06-26,11.622528076171875,11.753924086556951,11.484306164494477,11.68907888744393,7419765
2018-06-27,11.262228012084961,11.71716339100663,11.190395199506158,11.62309807508021,10462670
2018-06-28,11.115140914916992,11.337477143818166,10.945823039063091,11.262225427414199,6471940
2018-06-29,11.356292724609375,11.491404984068263,11.144216679683169,11.198946232761033,5630196
2018-07-02,11.588886260986328,11.677822289477588,11.274194269624676,11.286166543763471,3239152
2018-07-03,11.970285415649414,12.043827688056151,11.677827516776626,11.715452950689668,4111130
2018-07-04,11.936079025268555,12.074611933249978,11.888190775368086,12.033565850605635,1652196
2018-07-05,11.681246757507324,11.961733228896815,11.544424172937969,11.961733228896815,3662412
2018-07-06,11.522191047668457,11.681247879834938,11.465752028900017,11.679537554107917,3434340
2018-07-10,11.62138557434082,11.826620304764068,11.546133849149063,11.696639029755607,5037208
2018-07-11,11.9531831741333,12.129342391966274,11.53587322834732,11.53587322834732,8381911
2018-07-12,12.160123825073242,12.240507377499796,11.893319155463683,11.893319155463683,10529500
2018-07-13,12.784379959106445,12.893838192652268,12.091714588466655,12.091714588466655,11474673
2018-07-16,12.86134147644043,12.98961328463783,12.664659248360477,12.847659738508508,7175781
2018-07-17,13.39153003692627,13.475334249118262,12.784379242651818,12.857921502711374,8504964
2018-07-18,12.946859359741211,13.34022475634411,12.844242412598494,13.3060182421849,8202636
2018-07-19,12.99816608428955,13.167484851782316,12.63729604757554,12.813455252095702,3955723
2018-07-20,13.348772048950195,13.589921839661146,13.256416220942523,13.382977686887129,5352796
2018-07-23,13.100781440734863,13.46849360034346,12.998164516363634,13.218791293061926,4252747
2018-07-24,13.117886543273926,13.388111062367775,12.996456888283273,13.170904905706347,4162048
2018-07-25,13.049473762512207,13.242736204271463,13.016978445508496,13.069996801894536,3825244
2018-07-26,12.82713794708252,12.9861938973801,12.748464702151367,12.936596186745088,6758887
2018-07-27,12.82713794708252,12.928044559010928,12.7501750276982,12.844241202550839,4969848
2018-07-30,12.674924850463867,12.958832024475289,12.674924850463867,12.900682675019354,7030452
2018-07-31,12.71767807006836,12.810033913766155,12.264453074128781,12.264453074128781,6388668
2018-08-01,12.97421932220459,13.246154962106745,12.572302432862282,12.738199644922616,4758218
2018-08-02,13.176033020019531,13.40863205627635,12.929752247290262,13.04776209061665,4429370
2018-08-03,13.20853328704834,13.355617848787686,13.11275763537851,13.205113500481296,3683628
2018-08-06,13.064865112304688,13.270099820477549,13.064865112304688,13.134987583717672,2888028
2018-08-07,12.869891166687012,13.16748168231923,12.852789645679144,13.16748168231923,4281919
2018-08-08,12.977644920349121,13.04947687297629,12.75701808512115,12.782672106741803,5474788
2018-08-09,13.08367919921875,13.27010121398753,12.835688928311308,12.835688928311308,4532268
2018-08-10,13.08367919921875,13.169194607141563,12.91949228055041,12.977642481102238,6999158
2018-08-13,13.047761917114258,13.076836579981896,12.801480282548535,12.974219664801861,3555801
2018-08-14,12.929750442504883,13.170900205979583,12.921198817708659,13.150377171579906,3517082
2018-08-15,12.856213569641113,12.928045517711757,12.792933249938791,12.82884835886249,7460606
2018-08-16,12.898968696594238,13.078548536841586,12.844240014381464,12.916071085368927,8009040
2018-08-17,12.951986312866211,13.027238895439686,12.748462793926517,12.827136027081645,9460744
2018-08-20,13.032370567321777,13.153801074121263,12.83739779931203,12.85279159286301,4077715
2018-08-21,12.96567153930664,13.169195964548937,12.852793507712544,12.960540562395709,5310895
2018-08-22,13.408632278442383,13.480464207724902,12.845948255655054,12.845948255655054,8043516
2018-08-23,13.648072242736816,14.067092421953546,13.468493278215764,13.468493278215764,7979337
2018-08-24,13.8875150680542,13.99355265944953,13.721616946035729,13.733589225182673,5086005
2018-08-27,13.740426063537598,14.058539619514622,13.699379125182132,13.913165442681716,4165231
2018-08-28,13.188006401062012,13.716483954833175,13.136697505936285,13.682279178231292,7157217
2018-08-29,13.524933815002441,13.61386814469643,13.152091511190259,13.242737031477088,6908990
2018-08-30,13.442839622497559,13.658336302782901,13.321409976476563,13.524933513548023,7151913
2018-08-31,13.169193267822266,13.810548813234506,13.152090014954817,13.441128067523294,9706850
2018-09-03,13.040923118591309,13.11446538501435,12.82884708172764,12.869894028697654,1941264
2018-09-04,12.851080894470215,13.104203004943413,12.828846663650628,13.076838662892353,3256125
2018-09-05,12.449163436889648,12.85108038492735,12.305499565428443,12.85108038492735,4796407
2018-09-06,12.69886589050293,12.753595441873303,12.322603793416718,12.488501042819816,3968452
2018-09-10,12.941725730895996,12.969090071504853,12.715967974372134,12.818584900488945,5031904
2018-09-11,12.560331344604492,12.89554731579328,12.519284402712863,12.674920543820411,3521325
2018-09-12,12.604798316955566,12.719387510533988,12.414956544463298,12.681761221077064,4407093
2018-09-13,12.64755630493164,12.818584509915212,12.483368536058265,12.818584509915212,2741107
2018-09-14,13.16235065460205,13.311146354161831,12.681761376906358,12.690312137938294,6772147
2018-09-17,13.249577522277832,13.545456910859329,12.957118784672911,13.083679410360068,4924764
2018-09-18,13.290623664855957,13.348773862828347,13.10249219808318,13.205109990949403,2371948
2018-09-19,13.169193267822266,13.307726155602898,13.059734179693447,13.27865149083966,3633240
2018-09-20,13.174324035644531,13.37271745324474,13.169193924639856,13.294044216353475,2293449
2018-09-21,13.28891372680664,13.68227992566594,13.256418408659394,13.32825034669257,6934449
2018-09-24,12.71425724029541,13.247865758016049,12.71425724029541,13.210240331583059,3054043
2018-09-25,12.560331344604492,12.710836509836659,12.40298487820515,12.661237941486059,11822616
2018-09-26,12.433769226074219,12.789508192525803,12.433769226074219,12.69544290821523,4426718
2018-09-27,12.717934608459473,12.812205515675293,12.483116098419766,12.510539999775782,4656381
2018-09-28,12.414555549621582,12.7162210567269,12.414555549621582,12.58938410778692,2821197
2018-10-01,12.220874786376953,12.510542012730799,12.061472629664205,12.510542012730799,13529443
2018-10-02,12.42827033996582,12.649378251612477,12.320288757269584,12.580817181670723,3992851
2018-10-03,12.683653831481934,13.12072564957986,12.633947308519899,12.683653831481934,9906280
2018-10-04,12.711080551147461,12.901335565582265,12.65794592416333,12.735076358852968,5516160
2018-10-05,12.469407081604004,12.954471531866503,12.460837706174773,12.906479041287284,4407624
2018-10-08,12.7265043258667,13.108728349108118,12.469403202101885,13.024742600467626,8340009
2018-10-09,12.560248374938965,12.923618831221939,12.555107096755751,12.923618831221939,4792694
2018-10-10,12.301430702209473,12.711078621164393,12.238012662691776,12.44369321263834,5433948
2018-10-11,11.566123962402344,12.460836367464257,11.49756289737149,12.460836367464257,13467386
2018-10-15,11.56783390045166,11.698099800788365,11.442711877563859,11.632967717614356,7705120
2018-10-16,11.485562324523926,11.689529682244197,11.283309881635756,11.655248725489233,11188788
2018-10-17,11.156474113464355,11.458139628612118,11.127336164159047,11.39814968198387,11555294
2018-10-18,11.363868713378906,11.44785532578535,11.13419149867259,11.15818730207684,13917696
2018-10-19,11.363868713378906,11.535268299974268,11.278168053086848,11.353583559070831,7092508
2018-10-22,11.449568748474121,11.586689981236084,11.329587994930302,11.447855567546704,7311033
2018-10-23,11.449568748474121,11.51641488343609,11.315876478550184,11.348442522070261,10498737
2018-10-24,10.99707317352295,11.535271346847999,10.935369167331306,11.483851630686496,6818822
2018-10-25,11.17190170288086,11.346730283817026,11.022782977877927,11.142763750557254,7361952
2018-10-26,11.305593490600586,11.329589297269916,11.132478965569748,11.295310068882014,5742640
2018-10-29,10.832526206970215,11.226747691009965,10.726257837081045,11.147903220803137,9811339
2018-10-30,11.141046524047852,11.418716205100726,10.928510660899345,10.928510660899345,11327222
2018-10-31,10.76739501953125,10.969648355694977,10.62341845042921,10.935367394485475,15020928
2018-11-01,10.823955535888672,10.919940481442039,10.652555085963888,10.892515715858586,9271392
2018-11-05,11.398149490356445,11.398149490356445,10.789676326237764,10.823956419019646,9679269
2018-11-06,11.440998077392578,11.600401060132194,11.281595961647326,11.363868524802893,8910720
2018-11-07,11.483847618103027,11.578118509784165,11.358724734106096,11.578118509784165,4412928
2018-11-08,11.312448501586914,11.569550510299019,11.29702293594065,11.502703502516967,11806173
2018-11-09,11.312448501586914,11.413575603798352,11.134192704149683,11.329588982298842,3716512
2018-11-12,11.233602523803711,11.399860816697979,11.129048214479273,11.185610054919236,2987743
2018-11-13,11.466710090637207,11.526700038426554,10.96964829382543,11.35358465327282,5536315
2018-11-14,11.415287971496582,11.687813751050783,11.382721065411353,11.483847278061598,3996033
2018-11-16,11.355297088623047,11.596971742050386,11.230174209220978,11.504415768501918,8626425
2018-11-19,10.883947372436523,11.439285923080616,10.681694042111927,11.398149637811303,10367198
2018-11-21,10.815386772155762,10.983359149298598,10.491439487455269,10.882233780390813,6732897
2018-11-22,10.832526206970215,10.952506960197756,10.736541257590426,10.736541257590426,2263747
2018-11-23,10.748540878295898,11.010784172039846,10.640559314571652,10.772537552007506,4933780
2018-11-26,10.655983924865723,11.027923664088725,10.655983924865723,10.892516475559502,3650743
2018-11-27,10.76396656036377,10.901086932599119,10.690264230238103,10.769107837377323,6168552
2018-11-28,10.695405960083008,10.815386724366007,10.410880915549857,10.815386724366007,13533156
2018-11-29,10.657698631286621,10.78967774276912,10.56000048408104,10.62856154564033,5822731
2018-11-30,10.649126052856445,10.78967449612216,10.614845965889058,10.666265662842997,8502842
2018-12-03,10.877089500427246,11.17532687232122,10.68169239232567,10.794816942595602,13153389
2018-12-04,10.969645500183105,11.067343613214957,10.880515891234225,10.882230805842756,11142112
2018-12-05,10.745112419128418,10.990216090365756,10.714260420964322,10.93022527510746,9530757
2018-12-06,10.76396656036377,10.844525082500091,10.637129609149964,10.714260035280958,5625422
2018-12-07,10.529149055480957,10.793105537067994,10.529149055480957,10.793105537067994,6329793
2018-12-10,10.438302993774414,10.667979307684316,10.374884098334507,10.549713488959778,2933112
2018-12-11,10.78967571258545,10.78967571258545,10.476012751421328,10.551428257656744,15198081
2018-12-12,10.978217124938965,11.129049877983505,10.702262338342308,10.799960471430259,6796015
2018-12-13,10.822243690490723,11.141047959794973,10.78967677734164,10.981645825142849,4114312
2018-12-14,10.733115196228027,10.91479996025191,10.585710527284434,10.789677049662435,3970574
2018-12-17,10.466726303100586,10.786399460331719,10.466726303100586,10.786399460331719,3344702
2018-12-18,10.133302688598633,10.569845822852706,10.122990399625861,10.569845822852706,5976016
2018-12-19,10.227829933166504,10.516567060182986,10.133302359363984,10.23470392290335,9981597
2018-12-20,9.92706298828125,10.318921344079495,9.7964441159186,10.310327768435862,8686360
2018-12-21,10.157362937927246,10.308606352205219,9.901280536332706,9.927060387153523,10169359
2018-12-26,9.933937072753906,10.124710090363601,9.932218357759446,10.124710090363601,2257912
2018-12-27,9.823942184448242,10.049088638625825,9.823942184448242,9.933937338976254,2328456
2018-12-28,9.822219848632812,9.959714393124399,9.727693164314957,9.959714393124399,6082627
2019-01-02,9.744882583618164,9.925343291707854,9.65379243749171,9.796442289155227,9007252
2019-01-03,9.722539901733398,9.762068606095411,9.49739433319936,9.75519461578574,6857541
2019-01-04,9.8617525100708,10.08861766696045,9.59535864810748,9.796443080790311,13300310
2019-01-07,9.641766548156738,9.968314681295324,9.621141961377566,9.966595096375023,4480288
2019-01-08,9.994093894958496,10.043935778077813,9.560987995374001,9.667545754667549,7610179
2019-01-09,10.502819061279297,10.578440784958373,10.031901568661812,10.031901568661812,10095633
2019-01-10,10.917017936706543,10.99263877794042,10.483912250255,10.50281724322473,7483413
2019-01-11,10.999512672424316,11.135287638153745,10.769210149541507,10.911859973151882,7312624
2019-01-14,10.95998477935791,11.351842206473709,10.776086635202095,10.917018646355118,5617466
2019-01-15,11.123257637023926,11.135288639397364,10.853425526418194,10.93076594582337,5053651
2019-01-16,11.033888816833496,11.19716326726485,10.755463936811303,11.17310212619969,6855420
2019-01-17,10.831087112426758,11.143886335011754,10.831087112426758,11.025296720741725,4688205
2019-01-18,10.891237258911133,11.039043251166335,10.813897702611168,10.837958839947493,4402850
2019-01-21,10.721089363098145,10.959984641327695,10.526878932177139,10.959984641327695,4311091
2019-01-22,10.561256408691406,10.832807373117555,10.506258381861729,10.739999343871355,4904608
2019-01-23,10.636877059936523,10.827649229764043,10.562973176172607,10.63000132982608,4741245
2019-01-24,10.705619812011719,10.755461668013323,10.59390596669116,10.678121246687175,3760005
2019-01-28,11.190290451049805,11.413717342917733,10.621407887374312,10.734841352551479,9583267
2019-01-29,10.84483528137207,11.394811959109786,10.794994280668051,11.296846934143645,10463731
2019-01-30,10.7176513671875,11.02529348432891,10.509691228478154,10.879207076837988,6843220
2019-01-31,10.655779838562012,10.808741111736136,10.621405541944233,10.808741111736136,5600493
2019-02-01,10.73311996459961,10.810461266718262,10.654060816914363,10.654060816914363,5733624
2019-02-04,10.741714477539062,10.868895915429878,10.70905976053047,10.810462211054913,4124920
2019-02-05,10.538910865783691,10.803586911897497,10.538910865783691,10.741714905558482,4712604
2019-02-06,10.265641212463379,10.514848800445664,10.265641212463379,10.514848800445664,5438721
2019-02-07,10.355011940002441,10.502817941493259,10.286264214515185,10.286264214515185,5561244
2019-02-08,10.35157585144043,10.54922374044471,10.15392883179128,10.332669985409305,5789316
2019-02-11,10.183143615722656,10.282826467099335,10.07314847543822,10.262202758638812,4096279
2019-02-12,10.186583518981934,10.48219469003137,10.14533522620977,10.318921103386481,6526572
2019-02-13,9.97862434387207,10.30860984989046,9.944250907996523,10.30860984989046,6765782
2019-02-14,10.102368354797363,10.21923837433782,9.823942592163462,10.012996907691386,5883196
2019-02-15,10.05595874786377,10.224388395484915,9.988929762306322,10.12470557829504,5103508
2019-02-18,9.896126747131348,10.05252634266055,9.865190744914004,10.018152910268487,3530872
2019-02-19,10.181428909301758,10.397980957645004,9.942532692081103,9.942532692081103,6553622
2019-02-20,9.994093894958496,10.342985338082933,9.959721321617753,10.214085145311284,7241020
2019-02-21,10.131585121154785,10.238142844542592,9.925344534472918,10.071431834044681,3715452
2019-02-22,10.195175170898438,10.224391583182744,9.994089020887385,10.181425452783504,6271449
2019-02-25,10.140178680419922,10.277672404659558,9.944249514829876,10.21580040262274,5708164
2019-02-26,10.47359848022461,10.69358960946143,10.07486711221292,10.140176530443973,10002283
2019-02-27,11.255599975585938,11.716204353848974,10.982330340546142,11.154197516113664,36042271
2019-02-28,11.241847038269043,11.44465016049499,11.124976175214675,11.257314601500543,13370323
2019-03-01,10.973733901977539,11.413714452147511,10.844832901908774,11.241847321410793,10889642
2019-03-06,10.858582496643066,11.05107420249246,10.781242940707154,10.97545249195716,4499383
2019-03-07,10.789836883544922,10.915300477145907,10.69702887667902,10.832804760827928,4106887
2019-03-08,11.480742454528809,11.53402087322032,10.697026782755444,10.78983477145435,14110231
2019-03-11,11.515116691589355,11.564958553637753,11.34324868141144,11.479025417903816,7771420
2019-03-12,11.530586242675781,11.602770535750862,11.449808374388168,11.515117807293219,3489501
2019-03-13,12.047904014587402,12.132118420643515,11.473866387230439,11.523708240518443,11646523
2019-03-14,11.867445945739746,12.236961863413576,11.671517642925494,12.046188836479596,5551166
2019-03-15,11.800418853759766,11.979160008637232,11.640580956981227,11.876039710351707,7305729
2019-03-18,11.673234939575195,11.9774405166581,11.552927506766727,11.858851798719256,4849447
2019-03-19,11.772917747497559,11.858851751929553,11.671516178655015,11.686983743065564,6777451
2019-03-20,11.34324836730957,11.845101795583808,11.34324836730957,11.664641954733085,7034164
2019-03-21,11.42918586730957,11.546055025091903,11.135292518919767,11.42918586730957,6361087
2019-03-22,11.413713455200195,11.429181886825123,11.131851211540651,11.219503049350564,6382833
2019-03-25,11.417154312133789,11.417154312133789,11.372468587823242,11.372468587823242,3397212
2019-03-26,11.370747566223145,11.539178138454698,10.956546864168685,11.295125854069177,5115177
2019-03-27,11.085203170776367,11.467748993257644,11.042122704693902,11.200655333344967,7792106
2019-03-28,11.20065689086914,11.450518399093697,10.909439872720869,11.028340232376138,3557392
2019-03-29,11.252352714538574,11.478088271867163,11.12311392175062,11.207549026540258,4037935
2019-04-01,11.130010604858398,11.374702543162833,11.009387855199883,11.372978452035598,4180612
2019-04-02,11.31783390045166,11.31783390045166,11.049017859264131,11.185148662904238,4930068
2019-04-03,11.286812782287598,11.514272378339616,11.186868731282791,11.372971086271203,3814106
2019-04-04,11.60560131072998,11.671081871306109,11.260966322627697,11.369526474624873,6139380
2019-04-05,11.864083290100098,11.92439421763388,11.61939139836678,11.708996180084588,6280996
2019-04-08,11.715887069702148,11.92266808933482,11.659021722741615,11.92266808933482,4315334
2019-04-09,11.5969877243042,11.85718767595051,11.515999051159456,11.676254050187609,6426856
2019-04-10,11.467750549316406,11.631451984476909,11.302325023645562,11.631451984476909,3797664
2019-04-11,11.372974395751953,11.56252498591991,11.305771474366773,11.500490849538805,3490562
2019-04-12,11.372974395751953,11.45913446807366,11.195487209370908,11.236843590836052,3820471
2019-04-15,11.352296829223633,11.545292988719273,11.305771661982345,11.426394370621274,6323428
2019-04-16,11.510828018188477,11.640066804928585,11.28681481847879,11.357465041442124,4069228
2019-04-17,11.157577514648438,11.572863685812987,11.02834045399819,11.512552766965124,10335904
2019-04-18,11.214439392089844,11.329892408888808,11.159298147082174,11.159298147082174,3822062
2019-04-22,11.372974395751953,11.39020658454294,11.15757726566396,11.192041643245933,4024675
2019-04-23,11.545292854309082,11.665915561543724,11.229951642571251,11.428116584849706,9033242
2019-04-24,11.47981071472168,11.545291280257858,11.347126364996628,11.545291280257858,8568081
2019-04-25,11.708992958068848,11.786536927555167,11.312662246978297,11.359188280016838,6197724
2019-04-26,11.674530029296875,11.879587818553883,11.553907338869344,11.576308309654083,5063198
2019-04-29,11.760689735412598,11.864080243909962,11.66936088634505,11.73311823584012,4925824
2019-04-30,11.914053916931152,11.914053916931152,11.507383815431961,11.634899408245815,8062080
2019-05-02,11.907160758972168,12.034676348767471,11.681425173715066,11.872698122591386,10089799
2019-05-03,11.934734344482422,12.058802646321125,11.86925375499717,11.90716283595522,5858798
2019-05-06,11.812382698059082,11.974360874434078,11.729669955602528,11.872694472265447,3346293
2019-05-07,11.7227783203125,11.838231353932263,11.631450347577317,11.717608664408662,3836913
2019-05-08,11.91060733795166,12.122557158348439,11.793431069238363,11.793431069238363,6655459
2019-05-09,11.776198387145996,11.90543718258188,11.746904539103147,11.814108329211207,3942463
2019-05-10,11.729671478271484,11.924390830522183,11.665914130516457,11.760689414443991,5031904
2019-05-13,11.640069961547852,11.73829083853057,11.459136308351601,11.545294651243449,5536845
2019-05-14,11.640069961547852,11.698657669579642,11.522893673850907,11.640069961547852,3928672
2019-05-15,11.428114891052246,11.588370737317193,11.288537668374053,11.541845577513193,7419765
2019-05-16,11.086926460266113,11.30749234658606,11.05763261477595,11.286814594367446,7265419
2019-05-17,10.9887056350708,11.236843040066077,10.947349255632725,11.061079952812317,4943858
2019-05-20,11.20065689086914,11.3040482805781,10.947349816511961,11.111052123856792,4617662
2019-05-21,11.545292854309082,11.665915561543724,11.183425604238382,11.264415148690688,4766174
2019-05-22,11.450518608093262,11.65040677236148,11.340234340839656,11.603881604939797,2788312
2019-05-23,11.319558143615723,11.507384672970504,11.226506924330797,11.288541070520747,2808468
2019-05-24,11.304048538208008,11.376421989673803,11.181702609631735,11.376421989673803,3297496
2019-05-27,11.324724197387695,11.371250228041614,11.188593414265462,11.310938448561917,2664729
2019-05-28,11.66763973236084,11.715888993517861,11.254076753552948,11.321280552387154,14797629
2019-05-29,11.958855628967285,12.045014828854761,11.510829184165555,11.565971316150838,5920855
2019-05-30,12.019164085388184,12.11049292316838,11.789982124948612,11.976085365896582,4448995
2019-05-31,11.96230411529541,12.139791330421918,11.891653873076445,11.98987475019305,5769691
2019-06-03,11.993317604064941,12.205268267376116,11.941621916402973,12.027781105295219,6660232
2019-06-04,12.134620666503906,12.21216377892421,11.893376105799966,12.062247211129396,4438387
2019-06-05,11.924391746520996,12.234563287374517,11.924391746520996,12.13806564899117,4481349
2019-06-06,11.993317604064941,12.117386731473802,11.820999226280449,12.084646448886694,3605659
2019-06-07,12.329339027404785,12.329339027404785,11.972641437366834,12.038122011211822,5459937
2019-06-10,12.511996269226074,12.56196787482494,12.351740395604637,12.375864588940873,4171596
2019-06-11,12.556798934936523,12.72222534641488,12.436177089735569,12.579200782258578,9467109
2019-06-12,12.751518249511719,12.94968494962995,12.54301397857391,12.54301397857391,8474731
2019-06-13,12.689482688903809,13.054796362753756,12.580922518041792,12.761856136145154,4469680
2019-06-14,12.803211212158203,12.963466188079424,12.65157232946745,12.658464332418722,6886183
2019-06-17,12.923833847045898,13.078919166363566,12.751515469708112,12.751515469708112,5020236
2019-06-18,12.920388221740723,13.020333165800196,12.858354090115165,12.975529478378293,4457481
2019-06-19,13.096150398254395,13.154738956067005,12.74634575642398,12.872137221348666,4217210
2019-06-21,12.829058647155762,13.096150546649573,12.760130777483472,13.096150546649573,6597645
2019-06-24,12.978975296020508,12.991037826673397,12.692927970745455,12.832505196053583,2837109
2019-06-25,12.579198837280273,13.009993067265263,12.579198837280273,12.892816806598193,5588824
2019-06-26,12.648126602172852,12.687759764355983,12.555075398547164,12.577476372114493,6893078
2019-06-27,13.113082885742188,13.113082885742188,12.484457049203666,12.484457049203666,3793951
2019-06-28,13.142446517944336,13.273697894977213,13.033644884923811,13.090637131669205,5293922
2019-07-01,13.332415580749512,13.353140034342115,13.118268135015313,13.194256924623298,12191244
2019-07-02,13.157987594604492,13.404948729693578,13.157987594604492,13.332414024152989,6207801
2019-07-03,13.297874450683594,13.47057383524937,13.082000001585186,13.09926862969463,6568473
2019-07-04,13.919591903686523,13.919591903686523,13.404946996024286,13.503385505670387,5245125
2019-07-05,14.043938636779785,14.061208140233411,13.800430688643562,13.885054662469228,3422140
2019-07-08,14.075024604797363,14.244269944217734,13.890236798480634,14.026669292714349,6644320
2019-07-10,14.42042350769043,14.593122913178114,14.052573206184503,14.10265642688012,8282196
2019-07-11,14.446329116821289,14.619028522824621,14.346162675130978,14.423877626223693,6126650
2019-07-12,13.838423728942871,14.627660638221604,13.838423728942871,14.506771508981194,8554821
2019-07-15,13.883323669433594,13.974854900184038,13.734801954302423,13.902321079936938,2610628
2019-07-16,13.48957347869873,13.952409158834463,13.48957347869873,13.883328515546403,14172288
2019-07-17,13.392861366271973,13.651910927726389,13.284060602875012,13.486118789084403,8011692
2019-07-18,13.470577239990234,13.527567745553847,13.4377643923074,13.470577239990234,5221788
2019-07-19,13.384225845336914,13.645002438170838,13.365228429537774,13.505115870636754,4609706
2019-07-22,13.39976692199707,13.556922967418085,13.384223584423413,13.387677659439781,3650212
2019-07-23,13.396316528320312,13.550019414527627,13.372138870126406,13.455034946169786,3605659
2019-07-24,13.793523788452148,13.793523788452148,13.366955947213656,13.366955947213656,4066576
2019-07-25,13.783163070678711,14.0715705259777,13.636367475938888,13.741715036356219,5421748
2019-07-26,14.247724533081055,14.4169698682208,13.800431355889476,13.815975569522505,8646050
2019-07-29,14.524041175842285,14.534402527267092,14.126832160455084,14.282262041039347,3341520
2019-07-30,14.42042350769043,14.731284184697985,14.351343745495356,14.487777105717246,3495336
2019-07-31,14.335803031921387,14.556858660864409,14.247726712093087,14.437696529710532,5620648
2019-08-01,14.648386001586914,14.750279472047724,14.31852968469096,14.365157952390883,5742640
2019-08-02,15.197571754455566,15.220022370847682,14.601757728789197,14.601757728789197,8864575
2019-08-05,14.506771087646484,14.852168964115094,14.506771087646484,14.722645524808486,5404776
2019-08-06,14.93852424621582,15.11467686274276,14.503320324106971,14.503320324106971,7669584
2019-08-07,16.320119857788086,16.34947862459876,15.389268393238385,15.4997953098045,22037589
2019-08-08,15.862464904785156,16.36156564594255,15.777840939641234,16.35465749584388,15673320
2019-08-09,15.888371467590332,16.09042876684894,15.85383071302407,15.890097631753784,8902233
2019-08-12,15.525702476501465,15.682858543939735,15.422081958622883,15.542971106873111,7050607
2019-08-13,15.610328674316406,15.833110485770009,15.372002645594739,15.385818951108492,5194207
2019-08-14,15.199302673339844,15.670772699387237,15.19757476174409,15.380637298742688,7882804
2019-08-15,15.059410095214844,15.432441447420631,14.862533068014084,15.16130268370275,9060292
2019-08-16,15.292560577392578,15.292560577392578,14.916074989237122,15.195849933427452,6904747
2019-08-19,15.420353889465332,15.61896060800374,15.223476829353972,15.31846128394473,6068836
2019-08-20,15.527426719665527,15.560239559293755,15.123308671778423,15.482523743717223,5162383
2019-08-21,15.456621170043945,15.60514290746421,15.311553507779015,15.561966094457741,7699286
2019-08-22,15.422079086303711,15.541242048174903,15.313278349003417,15.437621549595349,3962088
2019-08-23,15.370275497436523,15.612055614548277,15.213119382235533,15.344372544006657,4984168
2019-08-26,15.194113731384277,15.553328741716893,15.102583378343148,15.44280185259727,7112664
2019-08-27,15.422079086303711,15.594777587763746,15.125035637122329,15.321912662581122,7586311
2019-08-28,16.16123390197754,16.19922872603323,15.35472575438178,15.35645366540358,7632456
2019-08-29,15.907364845275879,16.23204088510615,15.845193246551423,16.1750495249715,7847268
2019-08-30,15.895282745361328,16.30630732277666,15.895282745361328,15.99026721840894,20395471
2019-09-02,15.57751178741455,16.005806664623233,15.57751178741455,15.715671312505757,3482076
2019-09-03,15.663858413696289,15.886640117471272,15.489432008717351,15.57923445689153,6683570
2019-09-04,15.802014350891113,15.85209580220404,15.591321082458144,15.715664249733253,10600044
2019-09-05,15.710488319396973,15.953996257580563,15.686311539688957,15.902185128642765,4618192
2019-09-06,15.682855606079102,15.77956795484006,15.622410169712328,15.77265805800419,3433809
2019-09-09,15.684585571289062,15.770933959670018,15.54297023088871,15.746757179660394,4999020
2019-09-10,15.974721908569336,15.974721908569338,15.65868011327341,15.660408024599217,5971243
2019-09-11,16.311485290527344,16.346024296246014,15.912547457212785,16.061069200201224,11113471
2019-09-12,16.16814613342285,16.47555188986875,16.073161669999145,16.3632970475144,5338476
2019-09-13,15.991990089416504,16.266582970729647,15.990263925268984,16.15605430426756,4070289
2019-09-16,15.997167587280273,16.057613023288862,15.732938724656488,16.057613023288862,4472332
2019-09-17,16.2458553314209,16.280396078892878,15.943631653123212,16.000623012887296,5549575
2019-09-18,15.916004180908203,16.2942176254482,15.914278016543372,16.1439679462511,5115177
2019-09-19,16.07143783569336,16.086982054239282,15.907373562055612,16.026536586212607,4952344
2019-09-20,16.166414260864258,16.25103646705016,15.940176744580192,16.162958439168467,8205818
2019-09-23,16.19922637939453,16.247581674058434,16.06451922438581,16.20267870667913,2530538
2019-09-24,16.648252487182617,16.648252487182617,16.119792803890732,16.119792803890732,6626817
2019-09-25,16.56535530090332,16.7915929098376,16.460010351306043,16.639617060931055,5204284
2019-09-26,16.592979431152344,16.732866816219637,16.422007125267267,16.489360698920947,3196190
2019-09-27,16.63237953186035,16.815741299552947,16.50091058992687,16.620269514180755,5007506
2019-09-30,16.573564529418945,16.858988210466162,16.523398953658827,16.649677394364694,5507673
2019-10-01,16.59432601928711,16.642760851068644,16.212032623790062,16.639301095226894,7156156
2019-10-02,16.468046188354492,16.673897268834732,16.364255271725067,16.511292257783186,6667128
2019-10-03,16.530319213867188,16.6375698807018,16.151485624569638,16.364254455543854,5463120
2019-10-04,17.55784034729004,17.625304695645216,16.45593549084086,16.54761637450093,15477602
2019-10-07,17.666824340820312,17.84845538218975,17.301828005299374,17.54054588824656,7337553
2019-10-08,17.300100326538086,17.748129124867376,17.108088234397407,17.670285486160093,7326415
2019-10-09,17.550926208496094,17.857106718045966,17.365831900459565,17.36756265333991,6338280
2019-10-10,17.42118263244629,17.689305746164713,17.395235347247883,17.621843154649337,6834734
2019-10-11,17.4678897857666,17.723904652698643,17.41080470394969,17.490377317996746,6414657
2019-10-14,17.47999382019043,17.549187152605697,17.36755443626536,17.549187152605697,3042374
2019-10-15,17.492109298706055,17.531895612503657,17.315667015779756,17.48000102929037,7785211
2019-10-16,17.796567916870117,17.796567916870117,17.440221702701283,17.55439193151477,7568277
2019-10-17,17.549192428588867,17.99721934692233,17.441941768600255,17.870942658552092,8282726
2019-10-18,17.92630386352539,17.98165821732007,17.52325185776453,17.620123289407683,6811927
2019-10-21,18.258432388305664,18.312055985630295,17.79310654375835,17.853649653641607,5264750
2019-10-22,18.37259292602539,18.459085045722748,18.17539215311716,18.293020315904016,5728850
2019-10-23,17.883056640625,18.429684130702167,17.853649587361577,18.372600777310137,6936040
2019-10-24,18.24977684020996,18.24977684020996,17.931486354654766,17.955704641599993,6338280
2019-10-25,18.517902374267578,18.517902374267578,18.081983694556,18.249777456190493,4023084
2019-10-28,18.509248733520508,18.765265336003985,18.38816081680675,18.526547507337447,9196075
2019-10-29,18.924415588378906,18.924415588378906,18.29994456251939,18.507524653524822,6611966
2019-10-30,18.90711212158203,19.296326664457283,18.180581108218803,19.27037762826365,13889584
2019-10-31,19.0281982421875,19.121609863649756,18.74277637105612,18.825808729022317,9810278
2019-11-01,19.541969299316406,19.54715805842352,18.971123547389798,19.028206897580308,8576037
2019-11-04,19.685543060302734,19.82392977865248,19.389740093578006,19.59905092383345,5812653
2019-11-05,19.355144500732422,19.751276880092785,19.102587599479428,19.633648693209505,7818626
2019-11-06,19.48488426208496,19.702843645343226,19.040316980360945,19.37936432653944,5725137
2019-11-07,19.38282012939453,19.666514820380375,19.291139236882255,19.63537702197859,3309165
2019-11-08,19.287673950195312,19.479685943601062,19.168315048888914,19.296324211160893,4363070
2019-11-11,19.374174118041992,19.4381787257991,19.152754995264385,19.260005675829873,5703921
2019-11-12,19.026473999023438,19.426066118559003,18.97630842124573,19.37244078541722,4712073
2019-11-13,18.767004013061523,19.118161394816507,18.6078587267488,19.028207732984015,11351090
2019-11-14,19.408775329589844,19.512564523863762,18.7202995408922,18.85522654345026,7227760
2019-11-18,19.261728286743164,19.51255437579345,19.220211230623125,19.51255437579345,5420157
2019-11-19,19.339574813842773,19.567913427655846,19.168321290983666,19.263463692574536,4503626
2019-11-21,19.49526023864746,19.626727447620873,19.239243581696755,19.296330422439016,8668857
2019-11-22,19.676889419555664,19.747813519288822,19.46066086549602,19.59558780522969,4435735
2019-11-25,19.294601440429688,19.701113123906552,19.294601440429688,19.566186147050914,4176369
2019-11-26,19.356868743896484,19.370707762480585,18.829269285395235,19.294594910270376,11572267
2019-11-27,19.642295837402344,19.733976726669137,19.407037730036237,19.460663061495175,3935037
2019-11-28,19.82392692565918,19.95885386913181,19.638834410253803,19.803168395893387,4187508
2019-11-29,19.545425415039062,19.94501754196367,19.545425415039062,19.92426075939812,4286692
2019-12-02,19.0281982421875,19.782407222878355,18.983223183706855,19.711484880658702,8076931
2019-12-03,19.112964630126953,19.29805715254289,19.035122765560658,19.166589959051773,5665202
2019-12-04,18.55250358581543,19.296333642286484,18.55250358581543,19.285952624053152,7189572
2019-12-05,18.254966735839844,18.837922411476143,18.23247920013339,18.552500458273727,9302155
2019-12-06,18.14944839477539,18.424491078867696,18.014519681821113,18.3362699396307,14691549
2019-12-09,17.780994415283203,18.163287813840217,17.68758275681124,18.06641814950178,9298972
2019-12-10,17.97300148010254,18.120036688552542,17.691037580365798,17.691037580365798,6436934
2019-12-11,17.55784034729004,18.137336192127613,17.533623811985144,18.0508458160347,9836268
2019-12-12,17.950855255126953,17.975107306000822,17.419015385612774,17.639027649708236,5434478
2019-12-13,18.538129806518555,18.586635663247833,17.829588877244788,18.01495285992664,7965547
2019-12-16,18.247089385986328,18.617817315286814,18.13968319526909,18.617817315286814,6239625
2019-12-17,18.36489486694336,18.44631749107192,18.009759451081223,18.247094158718358,4461194
2019-12-18,18.177799224853516,18.56931622800528,18.108504381670926,18.34930391791619,9130305
2019-12-19,18.32158088684082,18.351031053872667,17.869430390349077,18.191652442239953,9204031
2019-12-20,18.583175659179688,18.79625833107381,18.219377257826036,18.323320409314057,9511132
2019-12-23,18.772003173828125,18.772003173828125,18.486160868849915,18.610891227989452,3135724
2019-12-26,19.01280403137207,19.01280403137207,18.616088905043036,18.77546757102214,3806680
2019-12-27,19.04224967956543,19.160050359844654,18.834365198300837,19.045714508548294,3863964
2019-12-30,19.34022331237793,19.515192842995987,18.974691640120653,19.037056826496745,5862511
2020-01-02,19.892850875854492,19.92230105456347,19.307308626535146,19.37833501266575,5562835
2020-01-03,19.449363708496094,19.684965144916738,19.388730058056876,19.575825625667903,8017526
2020-01-06,19.06650733947754,19.298643918012868,18.955634542166145,19.298643918012868,5494944
2020-01-07,18.80491828918457,19.069969865775317,18.62301736489452,19.066506788760957,4706769
2020-01-08,19.056108474731445,19.089023475911766,18.628213459387254,18.898463127243495,3044496
2020-01-09,19.629526138305664,19.629526138305664,19.02319330060656,19.099419542463856,5988746
2020-01-10,19.021465301513672,19.66937270473074,18.900199762952177,19.55157199598926,4481349
2020-01-13,19.46668243408203,19.46668243408203,18.992011358282692,19.019729991346285,3356371
2020-01-14,19.757722854614258,19.757722854614258,19.137532404381197,19.39045969621231,5140636
2020-01-15,19.816621780395508,19.818353318709473,19.558498139205803,19.731734341351867,5090248
2020-01-16,19.717878341674805,19.896312678059164,19.50133088109854,19.818354891223994,3733485
2020-01-17,20.040096282958984,20.040096282958984,19.534243509542087,19.717875944090387,3377056
2020-01-20,20.63430404663086,20.85951270696792,20.13191603590028,20.13191603590028,6575899
2020-01-21,21.741287231445312,21.89200466763932,20.39003718845156,20.615245821045367,14651239
2020-01-22,21.784603118896484,22.06178251657856,21.488368031951925,21.84523676935304,7495612
2020-01-23,21.393085479736328,21.703179852967164,21.34284632510482,21.703179852967164,8670979
2020-01-24,21.48143196105957,21.547261960734968,21.225039867919897,21.39654627780847,3497457
2020-01-27,21.654674530029297,21.876418379831307,20.94613348434737,21.277016844147962,9048624
2020-01-28,21.632152557373047,21.836572260960804,21.38788818676653,21.691052912295692,6655459
2020-01-29,22.276592254638672,22.276592254638672,21.585377190479022,21.715303911713185,4739654
2020-01-30,21.706642150878906,22.358014288831452,21.483165041534033,22.105088759169423,8620591
2020-01-31,21.519548416137695,21.658138106386634,21.228509716101023,21.621760021451543,5869936
2020-02-03,21.448518753051758,21.763811214075666,21.398279603689538,21.592304789859284,4027327
2020-02-04,21.328983306884766,21.78286540585108,21.024085354828948,21.743020747285396,6667128
2020-02-05,21.102046966552734,21.654674166887972,20.98944262863764,21.464112035955818,7799532
2020-02-06,21.005033493041992,21.3428465068971,20.731318953237803,21.268353543602565,4685023
2020-02-07,20.875106811523438,21.077794987877823,20.618716398287276,20.92014784957127,6157944
2020-02-10,20.739978790283203,21.011961773649567,20.56327598987652,20.78848465100084,6081036
2020-02-11,21.011962890625,21.228508613174785,20.762500409596026,20.89762526293986,3811454
2020-02-12,21.162675857543945,21.43292552919285,20.875102039617758,21.134958976069466,6203028
2020-02-13,20.78848648071289,21.10377898455147,20.6498967928336,21.081258466970745,3242865
2020-02-14,21.16614532470703,21.28741087008126,20.589264271536663,20.805811766029457,4299422
2020-02-17,20.91840934753418,21.33591159014668,20.91840934753418,21.2891372763605,2049465
2020-02-18,20.771162033081055,20.96172416560358,20.545953355371346,20.96172416560358,4404441
2020-02-19,20.83006477355957,20.871640979564106,20.442012589716125,20.771162665579702,3687340
2020-02-20,20.63083839416504,21.17133950792743,20.51996735945796,20.738244599501943,9105376
2020-02-21,21.25102996826172,21.25102996826172,20.215070467102958,20.549416880088653,6749870
2020-02-26,20.64816665649414,20.96172589043016,20.109396973747632,20.26011445253649,12495163
2020-02-27,19.620861053466797,20.58232913785698,19.620861053466797,20.261840360583236,14354745
2020-02-28,20.771162033081055,20.771162033081055,19.073435752103794,19.653781595256376,15888662
2020-03-02,21.580175399780273,21.8001876481043,20.461061981100553,20.580595946361314,12494632
2020-03-03,21.635618209838867,22.238484606535923,21.122835640161856,21.48143765696516,8626425
2020-03-04,21.637353897094727,22.060052686558592,21.339385495735343,21.99768749250635,6905277
2020-03-05,21.517818450927734,22.607482117087137,21.15921641820214,21.549000169600628,15020397
2020-03-06,21.334186553955078,21.497030069847703,20.67934941271952,20.887233969093874,12236858
2020-03-09,20.07648277282715,20.336339780138744,19.147931062559195,19.91883738013881,11780184
2020-03-10,20.234128952026367,20.592729221500623,19.22935102532453,20.27224032984014,14311252
2020-03-11,19.92230224609375,20.213340973160488,18.016691199333994,19.714417691413175,14006272
2020-03-12,17.365310668945312,17.99762698530547,16.717401747756206,17.32373272615988,12173740
2020-03-13,18.188188552856445,19.402582131400013,16.270450500146577,18.88287007872735,19931371
2020-03-16,16.457555770874023,17.202476801153807,15.437186850401408,17.15050434376001,17873419
2020-03-17,17.888492584228516,18.312924606241104,15.697039381566622,16.8577311051345,22412582
2020-03-18,17.462324142456055,18.177794664700322,15.535924830619207,16.75205173987389,25004116
2020-03-19,18.565855026245117,18.966033305781593,16.54244135425745,16.88545080741163,16979695
2020-03-20,19.464956283569336,20.01238546683607,18.67152939933112,19.005877646748807,18411244
2020-03-23,19.904972076416016,20.386572814079415,18.241894389264793,19.714411730387432,15539659
2020-03-24,18.74774742126465,21.072591734739373,18.285204114269213,20.78848275031198,22476760
2020-03-25,19.5567684173584,19.742132431807004,18.034011635016302,18.758145296233256,16988181
2020-03-26,19.13579750061035,19.572355458564736,18.3267800477609,19.558497894518965,17837352
2020-03-27,18.588092803955078,19.358260844516835,18.33137129365636,18.33137129365636,11981205
2020-03-30,18.098936080932617,18.886449016040988,17.81792763926422,18.886449016040988,10515180
2020-03-31,17.667016983032227,18.213419353043566,17.262852606730203,18.027815924746076,12091528
2020-04-01,17.935880661010742,18.118014770999103,16.896847591775867,16.999191203189596,12993208
2020-04-02,18.187395095825195,18.26024872373972,17.618443288270342,17.98965003572364,7489248
2020-04-03,16.478809356689453,18.111077893238285,16.44411630631127,18.015674636947928,15883358
2020-04-06,16.825727462768555,17.243768978215485,16.610635861244578,17.158773655342916,10864713
2020-04-07,17.43110466003418,17.9324076809065,17.06510274013605,17.34437381499062,14395056
2020-04-08,17.587217330932617,17.84914360342377,17.125810494154774,17.64099065779813,8497538
2020-04-09,17.686098098754883,18.003533375356863,17.31142191991577,17.779767582172948,11139460
2020-04-13,17.533445358276367,17.72772108545481,17.002654218418066,17.41202149331159,8350087
2020-04-14,17.339252471923828,17.936319925551178,17.339252471923828,17.667292255421952,10625503
2020-04-15,17.740192413330078,17.800941114998725,17.026837215306884,17.183045152348996,10586253
2020-04-16,18.224441528320312,18.78853158582299,17.76102044461335,17.80961835132765,13549068
2020-04-17,18.035247802734375,18.727777817468873,17.58224109750804,18.43965661895427,7583128
2020-04-20,18.8232479095459,19.005492276658316,17.63779035517065,17.743665570545712,8515041
2020-04-22,19.269309997558594,19.74661670672543,18.856223394196718,18.91870691979057,10276500
2020-04-23,18.562894821166992,19.58346311265704,18.266095896293685,19.439404222558355,8454576
2020-04-24,18.144603729248047,18.39800924598495,17.09626234799623,18.224442524681088,14339894
2020-04-27,18.40668487548828,18.824979434276088,18.10641630645814,18.27651160457937,7279209
2020-04-28,19.187734603881836,19.187734603881836,18.60975891995889,18.8440743355466,8041394
2020-04-29,18.845809936523438,19.786537774481193,18.398009269928597,19.439406087316826,17373252
2020-04-30,18.186250686645508,18.79546700692884,18.1237671866029,18.606279927300047,11511271
2020-05-04,18.148067474365234,18.148067474365234,17.656877043708832,17.953674144222244,9372168
2020-05-05,18.069963455200195,18.470900904166285,17.674232233564574,18.31295467791661,10568750
2020-05-06,17.967561721801758,18.07343690727457,17.498932729054975,17.896398819553852,8816308
2020-05-07,17.9970703125,18.84233709135349,17.797468949179414,17.99359890809899,13663634
2020-05-08,18.168895721435547,18.58719018568725,17.929374147664017,18.34072580491702,7040529
2020-05-11,18.224441528320312,18.48305501585877,18.03351955004019,18.118566325763968,12202382
2020-05-12,18.79199981689453,19.048878436765424,18.18104678013758,18.325107407559486,10794700
2020-05-13,18.328582763671875,18.974248222618936,18.3181685497686,18.86663643484687,8934588
2020-05-14,18.31816291809082,18.31816291809082,17.51281660534354,18.102941164608893,12599652
2020-05-15,17.84780502319336,18.318168948067022,17.703744361575023,18.318168948067022,11158024
2020-05-18,18.38585662841797,18.404948472394125,17.87730735777046,18.252210208795304,8548987
2020-05-19,17.88077735900879,18.415361239666524,17.804408233200544,18.415361239666524,10370911
2020-05-20,17.868627548217773,18.059549476502475,17.63431219744751,18.021364037308796,12364684
2020-05-21,18.642738342285156,18.682658620547254,17.764493976414254,17.861689801482218,10530031
2020-05-22,18.321640014648438,19.220712747179537,18.089061171062525,18.484792521212672,9058171
2020-05-25,18.56463050842285,18.88572749229197,18.370235386891746,18.72778299245596,6701604
2020-05-26,18.93779754638672,19.265837351536767,18.634057571360913,18.745138997281856,8901703
2020-05-27,19.432456970214844,19.470642409150265,18.95341557301421,18.95341557301421,8359104
2020-05-28,19.00027847290039,19.401215957768276,18.901346097606258,19.271040948010086,8493825
2020-05-29,18.995071411132812,19.1929361530339,18.67050306886574,18.925645093488853,22736126
2020-06-01,19.048879623413086,19.402954062356166,18.83539266086918,19.038465411106696,8246659
2020-06-02,19.677186965942383,19.677186965942383,19.00722181122717,19.00722181122717,6782755
2020-06-03,19.434192657470703,20.232597948101354,19.404686604020608,20.218712333326103,9682452
2020-06-04,19.404693603515625,19.76050470895074,19.09227418195773,19.26584091746662,9016269
2020-06-05,19.265838623046875,19.9601037265053,19.265838623046875,19.703225058780312,8979672
2020-06-08,19.205087661743164,19.618175973034095,19.151283531662244,19.342205490801938,4843612
2020-06-09,19.170373916625977,19.316169366945594,18.84059932942433,19.106153823168157,6323959
2020-06-10,19.36997413635254,19.661565020244893,19.251948167794676,19.271040009979387,11217960
2020-06-12,18.797210693359375,19.087065060909495,18.588929939943895,19.022846712980307,9459684
2020-06-15,18.878780364990234,19.008955357608947,18.33031092343163,18.57156731217429,7993658
2020-06-16,18.9187068939209,19.24848329997007,18.658356822424963,19.097479837087615,7961304
2020-06-17,19.328323364257812,19.57825746003502,18.969040906709317,19.00548977533474,6575899
2020-06-18,18.936063766479492,19.32832369492872,18.871843661271242,19.180791637737755,8332584
2020-06-19,19.826454162597656,19.826454162597656,18.958624236904512,19.033256788755367,12011438
2020-06-22,18.72431182861328,19.87331852813552,18.691332610661345,19.694545601006325,14359519
2020-06-23,18.96210289001465,19.142610698595153,18.750352433618723,19.088806550089558,7551835
2020-06-24,18.745140075683594,19.09227174652559,18.73299103787001,19.074916479904772,5066911
2020-06-25,19.107892990112305,19.35262084972675,18.753816772058467,18.753816772058467,6075732
2020-06-26,18.860841751098633,19.27101210193263,18.845200205318996,18.95469454231102,5978138
2020-06-29,19.159778594970703,19.213657178742157,18.91472009504751,19.01378614750435,3884649
2020-06-30,19.225818634033203,19.406571987741373,18.963379716750644,19.071136861897227,10675360
2020-07-01,20.155658721923828,20.31903166418039,19.23972970257448,19.3787699807557,10943743
2020-07-02,19.905376434326172,20.376375611970982,19.585582908080774,20.24776368617226,6534528
2020-07-03,19.9210262298584,20.060066492388497,19.674228796820454,19.710726909691285,2037796
2020-07-06,19.93492889404297,20.20431828061969,19.78719752888751,20.16086974079802,4443160
2020-07-07,19.59427833557129,19.924500243290225,19.45176199344991,19.924500243290225,4586368
2020-07-08,19.550832748413086,19.912337831979574,19.535191200267352,19.75244098076857,4256990
2020-07-09,19.552566528320312,19.77503127182378,19.512592326039726,19.57168416638483,3221649
2020-07-10,19.22234344482422,19.735055854842173,19.10415977140826,19.549089231029605,7669584
2020-07-13,19.036380767822266,19.56994809313003,19.036380767822266,19.377029241675505,5198980
2020-07-14,19.144136428833008,19.422216937227837,18.959906949147747,19.119803768954938,6531345
2020-07-15,19.529972076416016,19.686391027470233,19.291864039392745,19.378764628823106,6842690
2020-07-16,19.465669631958008,19.55257024109247,19.211919993946765,19.55257024109247,4666459
2020-07-17,19.56647491455078,19.80458125088189,19.41700635690336,19.465669925113875,5255203
2020-07-20,20.14696502685547,20.14696502685547,19.48304687441452,19.56647137501798,5165565
2020-07-21,20.35552406311035,20.574512703470024,19.917546782391003,20.150439798316437,8240294
2020-07-22,20.49977684020996,20.81088107857601,20.21474594250974,20.35726051222637,6224244
2020-07-23,19.88278579711914,20.722242249873997,19.85671597212763,20.555395018274933,11271530
2020-07-24,19.83933448791504,20.188672203892647,19.691603155923097,19.778503732592856,5186251
2020-07-27,20.44937515258789,20.52932355410135,19.88278591245369,19.903642475874687,6314412
2020-07-28,20.421567916870117,20.61101063669131,19.97316235825117,20.445900573905362,7423478
2020-07-29,20.960359573364258,21.07333003723266,20.371174586056373,20.44243366310823,10451532
2020-07-30,21.77200698852539,21.82935991928072,20.69096604689344,20.784818854700486,12620337
2020-07-31,21.56865119934082,21.810235332025506,21.290570717758865,21.690312728733204,15079272
2020-08-03,20.588420867919922,21.74071895185079,20.588420867919922,21.48001889508426,12441062
2020-08-04,20.579729080200195,20.668368608715227,20.108729715353412,20.279054825281,10096164
2020-08-05,20.49977684020996,21.104603089831507,20.358999438244208,20.856068539302406,6679327
2020-08-06,20.619707107543945,20.93254684508169,20.525854307148894,20.657942391694547,5562835
2020-08-07,20.68401336669922,20.82131472184899,20.273842953059738,20.421574351349367,7495612
2020-08-10,20.14348793029785,20.72050545930053,20.14348793029785,20.630128774955434,7618135
2020-08-11,19.870620727539062,20.445901089226442,19.870620727539062,20.327717411467678,7944861
2020-08-12,19.37877082824707,19.79763060767642,19.234515522321523,19.653375301750874,16012776
2020-08-13,19.133703231811523,19.602963529638238,19.133703231811523,19.455233956845905,9899385
2020-08-14,19.6359920501709,19.90364605405683,19.074617729104276,19.29186748319452,8040333
2020-08-17,19.184110641479492,19.795889222878163,18.966860883647662,19.54909354017962,8129971
2020-08-18,19.28317642211914,19.639466409329028,19.28317642211914,19.620348770245677,9178572
2020-08-19,18.620990753173828,19.4639231705798,18.620990753173828,19.288386610317886,6769495
2020-08-20,18.900815963745117,18.900815963745117,18.304678956646782,18.304678956646782,6692056
2020-08-21,18.683565139770508,18.900816653673562,18.5427877060366,18.777417934438017,5660428
2020-08-24,18.74091911315918,18.892124824843414,18.551476362834098,18.777417225455437,4259112
2020-08-25,18.671396255493164,18.895599917285796,18.56363910242273,18.72179873811427,3740380
2020-08-26,18.760040283203125,18.77394466350693,18.608834543068276,18.695735161699446,6524980
2020-08-27,18.727012634277344,18.83998305291259,18.63142268580146,18.758297480564202,5151775
2020-08-28,18.709632873535156,18.857362465940422,18.676609102950106,18.839981996755395,5307182
2020-08-31,18.73570442199707,19.118064229645576,18.575807607317145,18.645327732186615,12430454
2020-09-01,19.49173927307129,19.846292137278276,19.057237989901196,19.057237989901196,13916104
2020-09-02,19.573423385620117,19.74722458910138,19.356173639535815,19.52302089594917,5983442
2020-09-03,19.392671585083008,19.81326845430601,19.210181026301616,19.559520598330923,9758299
2020-09-04,19.524761199951172,19.724632246404077,19.147614601375388,19.519547937116485,9329205
2020-09-08,19.931447982788086,20.13479682358099,19.462187648671925,19.462187648671925,9298442
2020-09-09,19.712465286254883,20.15044262848908,19.483048331998788,20.13480108291422,7635638
2020-09-10,19.569955825805664,20.082668544712394,19.554314273316493,19.853251489043068,5501308
2020-09-11,19.722890853881836,19.85845676984185,19.392670695177127,19.59080279039995,6723880
2020-09-14,19.801105499267578,20.021833123949,19.64989801249194,19.921028132765244,5034026
2020-09-15,19.809789657592773,20.06353923721999,19.757650007415627,19.802837469800217,3727651
2020-09-16,19.86714744567871,20.438951794352178,19.726370016453536,20.143490799867283,7834008
2020-09-17,19.81326675415039,20.01835278787523,19.762864269237227,19.81326675415039,4430961
2020-09-18,20.068754196166992,20.32597989144434,19.813267427118355,19.81848244753732,9747160
2020-09-21,19.86540985107422,20.195631812114872,19.578639952602842,20.06528089920929,7714774
2020-09-22,20.082660675048828,20.23908141344905,19.80458014378948,19.90885946387806,5954694
2020-09-23,19.83933448791504,20.117414926644848,19.778503732592856,20.004444528627516,5191236
2020-09-24,20.33466911315918,20.534540132107647,19.49173649767553,19.943618189813925,6096205
2020-09-25,20.056499481201172,20.413251590770606,19.94338252925288,20.352343681639184,3578714
2020-09-28,19.247276306152344,20.230522768661114,18.96883514164501,20.15221185134877,8924934
2020-09-29,19.081960678100586,19.238584343806235,18.7078036543181,19.05585702724104,10326781
2020-09-30,20.378448486328125,20.743903004174033,19.186370989649387,19.369096488024514,13332452
2020-10-01,20.96143913269043,21.013646425011533,20.421957910212154,20.709101539074346,8502842
2020-10-02,20.796113967895508,21.07455697975903,20.552478753268613,20.787413338997453,6442026
2020-10-05,21.370403289794922,21.4487160059986,20.61339210348234,20.79611766667788,8267556
2020-10-06,21.440013885498047,21.709752776596282,21.248584184064196,21.431311495108858,6486155
2020-10-07,21.67494773864746,22.249233301767884,21.31819375887574,21.44871376521392,9892278
2020-10-08,22.03169822692871,22.127412178855728,21.753256999305393,21.796761900642046,5445935
2020-10-09,21.97079086303711,22.431961175493914,21.822867844934468,21.962090233962673,5763962
2020-10-13,22.353647232055664,22.492867852815504,21.883776316580153,22.02299693733999,8163068
2020-10-14,22.96273422241211,23.14546147105382,22.353642806757165,22.40585008906973,8012858
2020-10-15,22.61468505859375,22.849619613641007,22.29273542318911,22.73650264999827,9727323
2020-10-16,22.54507827758789,22.980143218041757,22.518974627637423,22.66689765808783,7038726
2020-10-19,22.005592346191406,22.849620160089923,21.814164446470887,22.67559351630912,8359952
2020-10-20,22.79741096496582,22.919230319053213,22.188321236720626,22.214424881011368,6306774
2020-10-21,22.762611389160156,23.188975695337955,22.623390750520123,22.623390750520123,5699148
2020-10-22,22.310142517089844,23.02364870095537,22.310142517089844,22.762610454362502,8356982
2020-10-23,22.344947814941406,22.727807213775908,22.275339255851165,22.492870844516023,4702632
2020-10-26,22.249225616455078,22.788706714533742,22.118705655201016,22.414551604929287,5342294
2020-10-27,22.692995071411133,23.023643560643976,22.197020577014026,22.266630877933988,7335856
2020-10-28,21.057151794433594,22.092607511958136,20.804814216328445,22.092607511958136,13209930
2020-10-29,21.222476959228516,21.46611391976538,20.72650240977948,21.03104905058757,5864102
2020-10-30,20.935335159301758,21.50091825855222,20.82221818734206,21.100659422766537,7254599
2020-11-03,20.448060989379883,21.318190719828554,20.317541001648177,21.318190719828554,9086706
2020-11-04,21.309490203857422,21.509620500658013,20.61338712004844,20.66559441119711,4126830
2020-11-05,22.257936477661133,22.510274109161344,21.379104202058095,21.84027279474314,6996082
2020-11-06,22.022994995117188,22.405852548716314,21.70104711793435,22.11000831555534,4157699
2020-11-09,21.901182174682617,23.049755085732144,21.831571855274916,22.95404111661509,6202179
2020-11-10,22.26662826538086,22.623382116079963,21.831563495540493,21.84896650886554,5617466
2020-11-11,22.66689682006836,22.74520776702452,22.118713149182206,22.240532525178356,4848916
2020-11-12,22.04039764404297,22.910527312829217,21.935981309147547,22.675592759999383,7752644
2020-11-13,23.519622802734375,23.554428840494253,22.205727447440555,22.36234933571543,9621243
2020-11-16,23.519622802734375,23.789363433454753,23.154168208996623,23.728453747649063,5134272
2020-11-17,23.032350540161133,23.77196035494734,23.032350540161133,23.484818466615454,6916309
2020-11-18,22.684297561645508,23.26728549769937,22.57118057825662,23.110661846811045,6118057
2020-11-19,22.501571655273438,23.032350525326915,22.501571655273438,22.91053115409956,5152836
2020-11-23,22.901836395263672,23.4065117467143,22.71910905213332,23.35430443740524,5418460
2020-11-24,22.362348556518555,23.00624614825469,22.3362449093823,22.910530428024256,5281404
2020-11-25,22.301441192626953,22.823519430088332,22.284038173917,22.371051506918594,5169384
2020-11-26,22.05780601501465,22.571181904802803,21.7532610851682,22.249233954824135,4259960
2020-11-27,22.344947814941406,22.60598783399721,21.970792566952728,22.144819246323266,3926020
2020-11-30,22.492870330810547,22.727806694704814,22.16221999966778,22.3710527143623,10301428
2020-12-01,21.735858917236328,22.719105825854836,21.492221907477877,22.684299784225747,12012074
2020-12-02,21.170270919799805,22.08390737515656,21.065854570381262,21.74455644023146,8905416
2020-12-03,21.152870178222656,21.587935119955763,20.996246517511004,21.265987168706165,7199225
2020-12-04,21.413908004760742,21.71845290459492,21.257282599554177,21.34429769164013,5696283
2020-12-07,21.031047821044922,21.56182661351217,20.79611150261849,21.544423597230967,4437114
2020-12-08,21.100662231445312,21.31819381537049,20.839622218077174,20.970142224761243,5179886
2020-12-09,21.100662231445312,21.265986516916172,20.891831277079767,21.265986516916172,6488807
2020-12-10,21.39650535583496,21.56182963228285,20.996244728068305,21.187674412866862,9384155
2020-12-11,21.5792293548584,21.718449962238402,21.074554212968916,21.318189395609966,4356599
2020-12-14,21.85767364501953,21.918583329523813,21.466115411602072,21.648842704566764,3778251
2020-12-15,21.9185848236084,21.9185848236084,21.344299258079957,21.857675134952196,5298483
2020-12-16,22.144819259643555,22.144819259643555,21.605337961709044,21.89248163073348,6728760
2020-12-17,22.561630249023438,22.561630249023438,21.899590325511916,21.96927864574886,4068698
2020-12-18,22.23932647705078,22.605190680020325,21.986706039882357,22.56163524990286,5163444
2020-12-21,21.69053077697754,22.213194190429064,21.603419914315367,21.908306171111466,4485380
2020-12-22,22.108661651611328,22.195772517618195,21.620841506981495,21.629553651095122,2183126
2020-12-23,21.734079360961914,22.274165173093685,21.472748596636887,22.16963357237211,3463193
2020-12-28,21.9605712890625,22.091237578922634,21.507596227564527,21.812484237238174,2587185
2020-12-29,22.038976669311523,22.169642988230994,21.81248908819318,22.012843758031995,2402924
2020-12-30,21.81248664855957,22.31772757684627,21.81248664855957,22.143505837772935,4032419
2021-01-04,21.80377197265625,22.09123567048919,21.603417364683377,21.97799191489768,4583822
2021-01-05,21.7427978515625,21.917019586999025,21.34208856506713,21.751508233325687,4743261
2021-01-06,21.237558364868164,21.777644371096606,21.159157873630242,21.777644371096606,4249989
2021-01-07,20.967512130737305,21.324665952403468,20.915246319647142,21.16786675661153,5294028
2021-01-08,21.577281951904297,21.86474561630347,20.923952397551574,21.019773619017965,6311866
2021-01-11,21.46404266357422,21.89959520268561,21.3943525652958,21.45533052002869,5246080
2021-01-12,21.847328186035156,22.108660773678267,21.481465735873503,21.498886498365845,5157079
2021-01-13,21.847328186035156,22.030260292376735,21.46404321085966,22.00412914863822,7694618
2021-01-14,22.552919387817383,22.60518518624752,21.81247901829229,21.943145276888664,6905277
2021-01-15,22.683589935302734,22.936210378469205,21.92572860580331,22.065105280479884,7371180
2021-01-18,23.48501205444336,23.73763253629047,22.74457137401291,22.74457137401291,5906216
2021-01-19,23.345630645751953,23.781184968918797,23.145277772121055,23.554697425880654,5600175
2021-01-20,22.83167839050293,23.528561752799366,22.770700435356442,23.467585560174342,3208707
2021-01-21,22.18705940246582,23.023321212001726,22.047682727963416,22.866523775077642,8950924
2021-01-22,21.81248664855957,22.291594668489598,21.55986618441622,21.960573716754592,6766100
2021-01-26,22.535499572753906,22.822963261149017,21.76892621199114,21.890882106329585,6491035
2021-01-27,21.856037139892578,22.788120060575878,21.82990423744669,22.631320883379306,4876073
2021-01-28,22.082529067993164,22.256749040039,21.78635317674149,21.908307333425736,3452585
2021-01-29,21.707956314086914,22.082530960482295,21.507599892146402,21.864753773609344,5441055
2021-02-01,21.80377197265625,22.02154734108836,21.437907802671564,21.99541443787821,6613027
2021-02-02,22.012842178344727,22.44839478096496,21.829910049993796,22.126085960777292,6084006
2021-02-03,22.160924911499023,22.40483495569603,21.917016629823383,22.195769958893468,4219544
2021-02-04,21.673107147216797,22.160925485729724,21.446619620848303,22.152215104916095,3647242
2021-02-05,21.99541664123535,22.012839165961157,21.52501904876742,21.768929107364286,3873405
2021-02-08,22.09124183654785,22.361284849295366,21.612133777244072,22.04768639820007,7532846
2021-02-09,22.30901336669922,22.53550088362089,21.934437044472762,22.08252584977755,4697964
2021-02-10,22.169635772705078,22.378700757418986,21.864747794457855,22.317722809265288,3806680
2021-02-11,22.63132667541504,22.640038820140862,22.230619131156264,22.300307476354384,3743457
2021-02-12,22.54421043395996,22.640033427991813,22.17834626817682,22.62261090521136,3408774
2021-02-17,21.81248664855957,22.369993393559614,21.350801155041204,21.777643358257887,8993886
2021-02-18,21.585994720458984,21.78634932730651,21.394350493792157,21.542439294512945,15267139
2021-02-19,21.82119369506836,22.004127550646345,21.455329508955128,21.707951697006045,6858920
2021-02-22,21.368221282958984,21.690530054049525,21.09817832271517,21.333376234046874,8048820
2021-02-23,21.69053077697754,21.69053077697754,20.976223113164938,21.02849068827514,5866648
2021-02-24,21.42048454284668,21.646972046238748,21.28110612631821,21.646972046238748,6179053
2021-02-25,20.77587127685547,21.49017903677528,20.68876216499462,21.385647397533567,7823081
2021-02-26,20.23578453063965,20.94138005852069,20.183518717469653,20.889112482829173,10639611
2021-03-01,19.843782424926758,20.566800360738856,19.79151662023615,20.427423706549746,5286815
2021-03-02,19.930892944335938,20.131247542360036,19.207876783019444,19.25143044452614,10917117
2021-03-03,20.218358993530273,20.479689782971978,19.45178562279776,19.991871486837542,13111275
2021-03-04,20.558094024658203,20.706181087918,20.07027563904045,20.444850250538884,9588889
2021-03-05,20.66262435913086,20.802002794518998,19.826364321930846,20.56680311685021,10669950
2021-03-08,19.40822982788086,20.47097901308744,19.40822982788086,20.23578113081664,6584385
2021-03-09,20.035430908203125,20.27062884186268,19.216591568770173,19.382101160511283,8972458
2021-03-10,21.211421966552734,21.324665731087094,20.253204277208678,20.349027279908086,13743088
2021-03-11,20.958805084228516,21.307246817801655,20.75844866395658,21.298534672886245,5514674
2021-03-12,21.095420837402344,21.095420837402344,20.633223205001542,20.66810514629834,4296770
2021-03-15,21.758197784423828,21.827965203723025,20.7117129620904,20.833802416910057,5369027
2021-03-16,22.534345626831055,22.534345626831055,21.557624605328048,21.766921588976448,8262889
2021-03-17,22.35993003845215,22.394811985958803,21.688435345297453,22.290164378961755,7001916
2021-03-18,22.333765029907227,22.56922387737357,21.819241818822178,22.176791876770718,4876921
2021-03-19,22.560503005981445,22.67387240328742,22.22039481406353,22.333764211369502,8466244
2021-03-22,22.73491859436035,22.76980230382268,22.211675303764167,22.298882812943024,4231743
2021-03-23,22.638992309570312,23.109911826857495,22.342487820421432,22.342487820421432,3988608
2021-03-24,21.8541259765625,22.700035600451073,21.66226911233895,22.534342399353775,7148412
2021-03-25,21.82796287536621,22.133187362095992,21.566340374332018,21.653547874676747,8544425
2021-03-26,21.670991897583008,21.984936459992188,21.0518210534046,21.36576561581378,5685781
2021-03-29,22.168067932128906,22.38608666950309,21.514015248959694,21.618664595794638,5031798
2021-03-30,22.44713592529297,22.6738747433051,21.845405170809876,21.932612679964844,9484188
2021-03-31,21.8541259765625,22.482018602055025,21.827964077913123,22.325045445681894,6867300
2021-04-01,21.357046127319336,22.107028254659696,21.287280471134906,21.99365884280037,4774448
2021-04-05,21.583782196044922,21.845402932223532,21.365763445498764,21.40064715137686,5013552
2021-04-06,21.418087005615234,21.714593208906187,21.36576321184707,21.679709503409573,8687527
2021-04-07,21.147750854492188,21.540182922556273,20.87740825342131,21.43553354764985,5705300
2021-04-08,21.48785400390625,21.670989043054238,21.156465865960183,21.156465865960183,3808059
2021-04-09,21.060543060302734,21.496578881826952,21.008219255773422,21.23495809470327,4654896
2021-04-12,21.452972412109375,21.47041426624064,21.139026095654195,21.200071702875174,5228895
2021-04-13,21.688432693481445,21.784360242992168,21.1739094737324,21.19135132759168,5826019
2021-04-14,21.609949111938477,21.88029171960973,21.43553407099517,21.80180600987155,4849977
2021-04-15,21.76692008972168,21.8018038001656,21.41809004319048,21.47913565422884,3388195
2021-04-16,21.583782196044922,21.75819543200507,21.374485254206675,21.714593446372614,3841793
2021-04-19,21.705875396728516,21.976217988433472,21.200073925237923,21.304721532041725,6159641
2021-04-20,21.66227149963379,22.04598350589107,21.461696333058523,21.479136424428845,3822911
2021-04-22,21.583782196044922,21.90644853527181,21.54017844593569,21.90644853527181,3798830
2021-04-23,21.73203468322754,22.037259160862536,21.618665289052817,21.81924041649702,4504050
2021-04-26,21.252391815185547,21.845400636993315,21.20006802634268,21.845400636993315,3187597
2021-04-27,21.409366607666016,21.540176079143848,21.182626073325746,21.261113520689026,4331670
2021-04-28,22.325042724609375,22.394806602853336,21.357042005705317,21.383203901165967,6093977
2021-04-29,22.054702758789062,22.325047103513064,21.897731355236303,22.325047103513064,6372649
2021-04-30,22.935495376586914,23.223279802275417,21.836685002193093,21.836685002193093,10080464
2021-05-03,23.284320831298828,23.60698713829867,22.647708260659346,22.68259019857675,8444180
2021-05-04,23.013980865478516,23.35408906139062,22.839565863120473,23.28432341334276,4816350
2021-05-05,23.21455955505371,23.345369052430385,22.935495176870628,22.935495176870628,3568637
2021-05-06,23.022695541381836,23.24943428578571,22.71747112290418,23.153506762647854,4663913
2021-05-07,23.537227630615234,23.659317091851477,22.909334939738425,23.040146211083936,6416779
2021-05-10,23.88605308532715,23.88605308532715,23.214558481587733,23.53722483432465,4697116
2021-05-11,23.397693634033203,23.63315248390772,23.118631032037204,23.511063036653685,5372952
2021-05-12,22.1506290435791,23.005260422969126,22.02853960272771,22.577944733274112,5581187
2021-05-13,22.325042724609375,22.83956411911439,22.124465840108837,22.176789631030136,5875240
2021-05-14,22.569225311279297,23.19711796371766,22.159351431070075,22.612829065725126,16641830
2021-05-17,23.197118759155273,23.36281197304493,22.333767214686365,22.386091016024782,5984821
2021-05-18,23.275604248046875,23.476181170643628,22.79596470156438,22.961657913936914,4809879
2021-05-19,23.301769256591797,23.563391824739053,23.04014845292177,23.11863592915684,4573745
2021-05-20,23.589548110961914,23.7203593638837,23.127350468010448,23.45001681363607,5150290
2021-05-21,23.371530532836914,23.606991152846813,23.136071677303917,23.58082925384058,3315742
2021-05-24,24.505226135253906,24.505226135253906,23.197118750918904,23.380253820015344,6762069
2021-05-25,24.05174446105957,24.984861505685522,23.659312487865428,24.601151340903428,6899973
2021-05-26,23.763965606689453,24.252325198538117,23.493623028094355,24.234883343424272,3640135
2021-05-27,23.82501220703125,23.92966158533473,22.795967339035343,23.77268840011811,11388536
2021-05-28,23.833730697631836,24.156397069441887,23.415135007208374,23.877332687667263,3984789
2021-05-31,24.574989318847656,24.793008076536008,23.833729071660926,23.877331058721765,4574912
2021-06-01,24.64475440979004,24.888935059970784,24.31336802298748,24.636034365470895,7717638
2021-06-02,24.574989318847656,24.810449930046445,24.383134223663376,24.644754968412563,3497775
2021-06-04,24.44417953491211,24.705802059878582,24.147676829779883,24.42673944482923,4910973
2021-06-07,24.71452522277832,24.82789463690991,24.374416980383554,24.644757800718537,3442083
2021-06-08,24.383134841918945,25.115675063163067,24.365692987966256,24.749404952541006,5038163
2021-06-09,24.33952522277832,24.566263976082336,24.034300792319744,24.330803415665734,5195798
2021-06-10,24.4092960357666,24.679638588557783,24.199999087808635,24.461619831636884,6019827
2021-06-11,23.354087829589844,24.50522184390185,23.354087829589844,24.479059947823398,4607903
2021-06-14,23.659313201904297,23.76396255467019,23.423854363777,23.432574407975505,2209116
2021-06-15,23.720359802246094,23.87733119128096,23.51106285238943,23.58954854690686,4614692
2021-06-16,23.624431610107422,24.01686360095038,23.511062211465962,23.85989045171784,9546563
2021-06-17,23.1011905670166,23.720361414095372,23.04014495748141,23.62443385945219,9741432
2021-06-18,22.220394134521484,23.301762515731916,22.220394134521484,22.778521059757985,20347523
2021-06-21,22.45585060119629,22.691311172511178,22.26399553850971,22.403526814004774,5560819
2021-06-22,22.67387580871582,22.86573092629016,22.15063249367658,22.534344493302296,6943254
2021-06-23,22.107030868530273,22.82212937009107,22.107030868530273,22.72620180205491,5417929
2021-06-24,22.35175895690918,22.613692755792094,22.09855387031849,22.526380900635054,6396730
2021-06-25,21.58342170715332,22.43907419766267,21.58342170715332,22.19460130040774,5006127
2021-06-28,22.046171188354492,22.29937455113333,21.644539060003595,21.653269540358952,5406897
2021-06-29,21.862817764282227,22.028709263194163,21.65327032882685,21.82789407500061,3862266
2021-06-30,21.574687957763672,21.801698110856726,21.434991440385424,21.65326934661276,5346644
2021-07-01,21.478647232055664,21.749313340173106,21.32148620906526,21.44372177512952,4682052
2021-07-02,21.65326499938965,21.74930732951125,21.469910817670904,21.565953147792506,7274648
2021-07-05,21.6270694732666,21.810423635282813,21.49610170994418,21.49610170994418,2142073
2021-07-06,21.52229881286621,21.76677166209138,21.42625647564541,21.461180158912857,4771690
2021-07-07,22.613691329956055,22.613691329956055,21.60960859213583,21.784230524851466,9305761
2021-07-08,22.377958297729492,22.517656597660455,22.054905758315563,22.072366720865418,7501022
2021-07-12,22.53512191772461,22.657359278742195,21.801704817975185,22.430349055811277,6118906
2021-07-13,23.076446533203125,23.207414333333663,22.3255669523452,22.369222885722042,5997975
2021-07-14,23.137563705444336,23.347111112225704,22.840704437523655,23.303455181656044,5102660
2021-07-15,23.312185287475586,23.54792587763819,23.05898020678252,23.137561581228823,3678111
2021-07-16,23.6527042388916,24.150378701458948,23.207414423355864,23.35584495073059,6154973
2021-07-19,23.21614646911621,23.478082088058155,23.02406176182963,23.338383797924543,3988820
2021-07-20,22.962942123413086,23.189952276898325,22.692277801877747,23.093909927328838,4424066
2021-07-21,23.25980567932129,23.25980567932129,22.858171744221735,22.971676833133465,4159290
2021-07-22,23.43442153930664,23.539196119579852,23.181218217450272,23.312186001144735,3278826
2021-07-23,23.181217193603516,23.469345951687885,22.901820680666027,23.425690025717884,2352430
2021-07-26,22.81451416015625,23.189953091327265,22.70973956002628,23.137566674556552,2277643
2021-07-27,22.76212501525879,22.875630091192914,22.508923422700136,22.779587742307534,3383209
2021-07-28,23.02405548095703,23.137560531550427,22.570035278583447,22.77085217833916,4282767
2021-07-29,22.70100975036621,23.111374149238575,22.622428356299086,23.085180940079066,3984683
2021-07-30,22.03744125366211,22.797051360807114,22.011246278770436,22.500192055724046,4742942
2021-08-02,22.212060928344727,22.692276174939792,22.1945982024236,22.430340585887937,3916473
2021-08-03,22.50019073486328,22.59623308186617,22.01124498661295,22.081094126850363,4990745
2021-08-04,22.20332908630371,22.70100526169462,22.168405403192693,22.500188342394466,4275872
2021-08-05,22.59623146057129,22.805780632836672,22.281911235349835,22.439070464666408,4369647
2021-08-06,22.70100975036621,22.831975796163754,22.343031769812864,22.51765551966105,4366358
2021-08-09,23.312185287475586,23.4431513005725,22.508919418599167,22.508919418599167,4348113
2021-08-10,22.840707778930664,23.37330773657182,22.692279006550578,23.32092131885986,6009432
2021-08-11,21.932668685913086,22.866902623753393,21.801700865674775,22.831977165054358,7219062
2021-08-12,22.53512191772461,22.683552494220528,21.653276008068293,21.871553981447082,9096572
2021-08-13,22.59623146057129,22.692275567271384,22.229523058989333,22.561307776252598,3884013
2021-08-16,22.4914608001709,22.60496587663249,22.177138778186727,22.526384487842208,4593476
2021-08-17,22.177135467529297,22.66607938805621,21.906469420481315,22.37795238307343,6293302
2021-08-18,22.08983039855957,22.60496944744058,21.91520663285304,22.185872763062658,5700951
2021-08-19,22.89308738708496,23.13756020800321,21.93266059290589,22.124745245106485,5748899
2021-08-20,23.285993576049805,23.285993576049805,22.543846253848702,22.578771706619495,6608465
2021-08-23,23.137563705444336,23.3383806327471,22.858167163069183,23.198682361559523,5352372
2021-08-24,22.526386260986328,23.364577796725445,22.50892529907049,23.364577796725445,6750719
2021-08-25,22.69227409362793,22.74466049999813,22.308101224952473,22.517650383609666,4167671
2021-08-26,22.456533432006836,22.762123181087304,22.308102913935755,22.351760611333912,6818292
2021-08-27,22.570037841796875,22.762122518498007,22.334297235556708,22.482725982718804,2952206
2021-08-30,22.59623146057129,22.64861787034348,22.264448509896337,22.552575530231692,3152061
2021-08-31,22.31683349609375,22.701004598623204,22.308101250629868,22.64861642560451,6460590
2021-09-01,22.928016662597656,23.111370867265258,22.351760843154953,22.360491322772134,5872376
2021-09-02,22.212060928344727,22.88436086030713,22.089825380073545,22.683543928685047,6918961
2021-09-03,22.779590606689453,22.893095696896086,22.16841098242791,22.351765223024113,11830572
2021-09-06,22.840707778930664,22.910556924742806,22.543848467581917,22.543848467581917,3194917
2021-09-08,22.159671783447266,22.805778430115367,21.889005748119676,22.779583461171033,7094100
2021-09-09,22.561309814453125,23.4868113814509,21.967591228103753,22.43907249182395,5971985
2021-09-10,22.308103561401367,23.189950916130787,22.308103561401367,22.64861877164807,4287011
2021-09-13,22.76212501525879,23.015330140994386,22.58750304453677,22.849436883914034,4813061
2021-09-14,22.70100975036621,23.14629960584365,22.674816541206702,22.70974023122318,4692448
2021-09-15,22.54384422302246,22.6922747340446,22.19459679312955,22.674812009232305,4249883
2021-09-16,22.788314819335938,22.81450802067259,22.2557132480011,22.360487819935777,5493564
2021-09-17,22.9716739654541,23.216145075215564,22.61369601436191,22.74466381596956,8451287
2021-09-20,22.657346725463867,23.33837701693253,22.465262073987702,22.71846537210994,8639685
2021-09-21,22.395416259765625,22.76212289408548,22.203329813306684,22.49145859970094,3564288
2021-09-22,22.08983039855957,22.66608635216686,22.08983039855957,22.613699929090405,4753656
2021-09-23,22.220794677734375,22.26445061219614,21.679462503679257,22.177138743272607,7492430
2021-09-24,22.159671783447266,22.238251390515853,21.73184476739436,21.958854876598913,2926959
2021-09-27,21.696924209594727,22.159674973203458,21.365139476618772,22.159674973203458,6408823
2021-09-28,21.155590057373047,21.679459430053694,21.085740925454843,21.539761166217286,5918415
2021-09-29,20.99843406677246,21.39133574815089,20.88492897956637,21.321486599607805,6229548
2021-09-30,20.404712677001953,21.225441386959744,20.273744878624413,20.99843124307404,10208396
2021-10-01,20.430908203125,20.535682807041027,20.090392948633678,20.404714993793146,7234549
2021-10-04,19.400623321533203,20.343589037201045,19.30458100787847,20.168965363946743,7726655
2021-10-05,19.461746215820312,19.64510040619278,19.234736097588858,19.479208940281552,4352780
2021-10-06,19.697490692138672,19.81099577360767,19.22600763836241,19.24347036626269,8668539
2021-10-07,20.142776489257812,20.291205230109036,19.618905357063273,19.819724037675076,13055583
2021-10-08,20.27374267578125,20.544408723050253,20.10785120914768,20.326130849393074,6216606
2021-10-11,19.31331443786621,20.265010776073762,19.31331443786621,20.265010776073762,5985351
2021-10-13,19.70621681213379,19.985613305311382,18.99899156807249,19.33077622866189,11988949
2021-10-14,19.9332332611084,20.247553532874544,19.391901058007335,19.662565392969295,6033618
2021-10-15,20.099124908447266,20.317402827480795,19.837189285700727,20.046736723944807,3951373
2021-10-18,19.828454971313477,20.12531422641217,19.61890580699467,19.907034582991844,2975013
2021-10-19,19.435556411743164,19.69749204851875,19.16489206029921,19.54906150102818,6083369
2021-10-20,18.95534324645996,19.610178758087667,18.885492335076606,19.47048046849806,5584899
2021-10-21,18.658479690551758,18.946608478615964,18.152073016513842,18.46639500956783,6373922
2021-10-22,18.833106994628906,19.191084986282153,17.951259503775955,17.95999175149229,10176254
2021-10-25,19.557790756225586,19.72368224084625,18.737062046454987,18.737062046454987,11330192
2021-10-26,19.26093292236328,19.5752549554105,18.998997305961087,19.47048035553191,7331400
2021-10-27,20.06420135498047,20.221362390215663,19.252204733952166,19.34824709809902,10564295
2021-10-28,19.828454971313477,20.326131145041213,19.802261767420685,19.941960032574393,9356256
2021-10-29,20.299942016601562,20.73650142907794,19.889577582144767,20.011814924273654,9844542
2021-11-01,20.518213272094727,20.97223346080389,20.32612862298917,20.753953844467553,5690025
2021-11-03,20.823806762695312,21.34767617076904,20.465830599899913,20.483291559117973,9006510
2021-11-04,21.199249267578125,21.408796695773535,20.684112060754636,20.745228956527153,5189857
2021-11-05,21.13812828063965,21.487375722480134,21.103204596408585,21.391331616021017,5247565
2021-11-08,21.129396438598633,21.426255685065673,20.87619311954629,20.884923598393954,4587111
2021-11-09,21.28656005859375,21.78423451285933,20.919849869605223,20.92858211612186,7112027
2021-11-10,20.474559783935547,21.330212095245933,20.186431009421064,21.015891883561686,49675460
2021-11-11,19.98561668395996,20.780152141517654,19.662562446698246,20.780152141517654,12308568
2021-11-12,19.97688102722168,20.282472486885798,19.854645503308834,19.8721082257501,5411246
2021-11-16,20.14795684814453,20.332156634491312,19.744470756749017,20.332156634491312,6087400
2021-11-17,20.419870376586914,20.516355637229008,20.06901230190974,20.33215585791762,8466456
2021-11-18,20.288293838500977,20.76195106334352,20.191808600496454,20.542664818119682,3670261
2021-11-19,20.481264114379883,20.718093611854457,20.253207131469484,20.305836894649886,4731486
2021-11-22,20.472497940063477,20.919839491080445,20.30584142299718,20.56021245685688,4182416
2021-11-23,20.69178009033203,20.761953115527735,20.419867604006562,20.656695352469264,4751853
2021-11-24,20.568979263305664,20.91106474850966,20.34969478801179,20.46372150834484,3929097
2021-11-25,20.61283302307129,21.2005186538515,20.533891051268625,20.568975780491595,3617964
2021-11-26,19.876041412353516,20.656697774469368,19.876041412353516,20.40232673988271,6054622
2021-11-29,19.832181930541992,20.183038184650236,19.604124921687863,19.981295173012338,6970410
2021-11-30,19.63043785095215,19.94620934983824,19.183094598407685,19.797096115480084,16616689
2021-12-01,19.13046646118164,19.832180700615204,19.060295214711783,19.832180700615204,7594479
2021-12-02,19.498865127563477,19.726922112668777,19.209409413592454,19.507637642212085,8864999
2021-12-03,20.016380310058594,20.454951041234565,19.437467086885107,19.437467086885107,5652897
2021-12-06,19.99006462097168,20.393548807595167,19.919893380918253,20.17426434795377,6444678
2021-12-07,20.419870376586914,20.446184377240638,20.025156817310418,20.191813337940882,6303910
2021-12-08,20.83212661743164,20.83212661743164,20.235670036686475,20.4374130690899,4233016
2021-12-09,20.656339645385742,20.823418949048257,20.392528532956707,20.524434089171226,3434340
2021-12-10,21.113611221313477,21.23672200859606,20.823419347930294,20.928944150770796,3561423
2021-12-13,21.06964111328125,21.35103999699146,20.91135657644363,21.06964111328125,5046437
2021-12-14,21.22793197631836,21.544502870506125,21.08723162649976,21.245517963212567,5825489
2021-12-15,21.096023559570312,21.518119214496696,20.937737244163515,21.271895859504166,8373636
2021-12-16,21.157581329345703,21.271897353752173,20.981707237819933,21.096025041464134,4300907
2021-12-17,21.324661254882812,21.562089861801063,20.814628510046234,20.849802261808524,8410552
2021-12-20,21.236726760864258,21.36863234912278,21.016884113766718,21.016884113766718,3517400
2021-12-21,21.271892547607422,21.368624343633773,20.928940993398587,21.18395730095025,3308953
2021-12-22,21.175168991088867,21.315867563750455,20.761866266681242,21.236725283842514,2883042
2021-12-23,21.1927547454834,21.36862883423219,21.052056186179446,21.280691789857794,4964013
2021-12-27,21.1663761138916,21.579678840571702,21.043265306945276,21.351043213930037,2973422
2021-12-28,20.84980010986328,21.18396050292355,20.71789633032149,21.07843570005252,2230968
2021-12-29,20.911359786987305,21.087232114665735,20.629960860073616,20.770661213149406,2927595
2021-12-30,21.368629455566406,21.386215441562467,20.911358234913667,20.911358234913667,6149775
2022-01-03,20.445295333862305,21.75555468450259,20.190278926739264,21.711584375149762,7600632
2022-01-04,20.533226013183594,20.735480833011344,20.401322243067646,20.462876742709266,4866738
2022-01-05,19.58350944519043,20.53322546065679,19.451603899386445,20.392526923494177,8872531
2022-01-06,19.170211791992188,19.62748304586669,18.90640063203172,19.548338986183392,11509149
2022-01-07,18.888811111450195,19.363668263772475,18.73052480093025,19.10865192438966,10949895
2022-01-10,18.519481658935547,18.871228116050077,18.150145654917786,18.774498062748332,14167726
2022-01-11,18.89760398864746,18.92398474370094,18.31722203975827,18.607412124584094,5859859
2022-01-12,19.43401527404785,19.829731893879533,18.493092291741966,18.897601902541634,10716201
2022-01-13,18.466712951660156,19.53954155594391,18.387570689184606,19.442811530950184,6693541
2022-01-14,18.466712951660156,18.589823730812398,18.30842664747157,18.545856993373192,4561440
2022-01-17,18.062206268310547,18.589824944400046,17.974269229216432,18.55465119630496,4629755
2022-01-18,18.097381591796875,18.097381591796875,17.332332487707617,17.877540754161867,9966958
2022-01-19,18.062206268310547,18.528270440424244,17.983062221430803,18.211697811380468,9080341
2022-01-20,17.983070373535156,18.466722528564897,17.842371758897965,18.079800448693423,11383763
2022-01-21,18.466712951660156,18.537062222495365,17.77201323494844,17.903918784978504,6557016
2022-01-24,18.466712951660156,18.616206264208397,18.04461732664892,18.4755059433005,8993992
2022-01-25,18.99433708190918,19.117447885103484,18.334812761436616,18.405162046010194,6519146
2022-01-26,19.319704055786133,19.521957132002537,19.06468590375403,19.179003710816154,6268161
2022-01-27,19.68024253845215,19.768179582711902,19.258146861090587,19.35487689808123,9868516
2022-01-28,19.961641311645508,20.199069906278396,19.469194578552056,19.477987571228205,6108616
2022-01-31,20.366147994995117,20.69151361374122,19.50436893284903,19.78576603238754,9258768
2022-02-01,20.067163467407227,20.35735534318121,19.820940111575894,20.172688271117117,7053153
2022-02-02,20.190277099609375,20.480469016258397,20.031990761367897,20.093547053805658,5201420
2022-02-03,19.926467895507812,20.4716762009485,19.90008713544421,20.225452808291756,4258687
2022-02-04,19.328500747680664,19.952851419808738,19.21418291874239,19.882502123480425,4855175
2022-02-07,19.35487174987793,19.627475802878113,19.170204717747126,19.319698009072518,4492169
2022-02-08,19.258142471313477,19.26693546204006,18.932776905107673,19.0822684228834,2997714
2022-02-09,19.7857666015625,19.91767038374215,19.21417761465857,19.2757338991675,5199511
2022-02-10,19.697834014892578,19.90888189334195,19.442817606028168,19.768183307709034,5675810
2022-02-11,19.609893798828125,19.85611717368737,19.425226712493128,19.697830845509124,4893046
2022-02-14,20.225452423095703,20.374945766259497,19.64507037503628,19.671451134597458,6905701
2022-02-15,20.621164321899414,20.911356192583366,20.401323505279827,20.621164321899414,6381772
2022-02-16,20.665128707885742,20.9289397701501,20.51563541675516,20.629953187888937,6688874
2022-02-17,20.717897415161133,20.876181958899444,20.550816320263422,20.70910264323943,5011961
2022-02-18,20.841007232666016,21.131199132509042,20.77065973000816,20.990500568717806,4565152
2022-02-21,20.49805450439453,20.87618165205211,20.401324469341446,20.66513381759874,2598535
2022-02-22,20.884977340698242,21.06084965417804,20.480467639142994,20.673927717742092,5615556
2022-02-23,19.627479553222656,20.43649709717794,19.28452617384418,20.287005556525504,19660230
2022-02-24,20.392528533935547,20.401323305226143,18.74811269415172,18.932779761165882,10209775
2022-02-25,20.542022705078125,21.06084840094149,20.313387109845497,20.33976786633578,19768326
2022-03-02,20.29579734802246,21.10481484412122,20.172686570106606,20.79703700971285,10966444
2022-03-03,20.972915649414062,20.972915649414062,20.269422734995405,20.269422734995405,8436860
2022-03-04,20.920148849487305,21.1311966705857,20.735481783621516,20.99049812318677,7864771
2022-03-07,20.15509796142578,20.920146909164,19.988016895053295,20.902559147560993,8983703
2022-03-08,19.759387969970703,20.26942255237654,19.671452690889133,20.137516964897205,7779164
2022-03-09,20.260623931884766,20.59478252561799,19.741796499420026,19.935256550609,10096588
2022-03-10,19.66265869140625,19.961645413155598,19.346085980691225,19.36367374889496,8073112
2022-03-11,19.346080780029297,19.794558962854232,19.205384009936036,19.768178207259396,6367876
2022-03-14,19.30211639404297,19.521957236967374,19.06468600626023,19.35487791166678,4760021
2022-03-15,19.68024253845215,20.067164465652436,19.293320611251865,19.30211538322046,6618755
2022-03-16,19.697834014892578,19.988024180546198,19.258150489980213,19.70662700928037,6531027
2022-03-17,19.768177032470703,19.776970024067236,19.363667392755666,19.68023999955548,4046739
2022-03-18,19.996816635131836,20.207864489105887,19.51316463589378,19.76818101518382,9948712
2022-03-21,19.741802215576172,20.234247257066453,19.627484394254033,20.234247257066453,3797557
2022-03-22,20.03199005126953,20.42770677246471,19.856117732198367,19.90008625677561,10162994
2022-03-23,20.18148422241211,20.339770561566016,19.785769264146275,20.102340163216216,4097658
2022-03-24,20.480470657348633,20.48926543082324,20.058374907707606,20.418914359978395,7329703
2022-03-25,20.823421478271484,20.937739285028318,20.39253100984376,20.498055823479987,5476061
2022-03-28,20.814632415771484,20.964124002478425,20.638758286245093,20.805837641752294,5905473
2022-03-29,20.972915649414062,21.53571176018699,20.955327881744093,21.113616011535797,6783497
2022-03-30,21.148788452148438,21.368631086253448,20.920152824374384,21.016882871685432,10090541
2022-03-31,21.05205726623535,21.342249171711337,21.03446950061061,21.333454399280065,3248381
2022-04-01,21.22793197631836,21.368630546899112,20.788246719206203,21.333455014635,6499415
2022-04-04,21.148788452148438,21.368631086253448,21.087232158751455,21.289487026280487,3062105
2022-04-05,20.80530548095703,21.316188961251438,20.80530548095703,21.316188961251438,3557074
2022-04-06,20.814117431640625,20.97266781721118,20.558675638834156,20.708416580524947,4234925
2022-04-07,20.53224754333496,20.74364742909253,20.452971472297353,20.611521832166936,3226317
2022-04-08,20.17110824584961,20.52344322841521,20.065407394638743,20.35608339881418,3604068
2022-04-11,19.986133575439453,20.31204201641678,19.889242165776892,19.959708807550207,5112313
2022-04-12,19.977325439453125,20.54105856026141,19.93328356661424,20.162300592494084,8339797
2022-04-13,19.730688095092773,20.074213577973577,19.563330074880785,19.977322186387983,8715320
2022-04-14,19.607370376586914,19.75711307796328,19.510478983922848,19.58975505588847,5542998
2022-04-18,19.44882583618164,19.598566786450416,19.334317316832447,19.545717248968028,8508040
2022-04-19,19.818771362304688,19.898045649325798,19.325503191265785,19.351929735811748,9845709
2022-04-20,19.774730682373047,20.285614204108835,19.607370873848183,19.774730682373047,15898209
2022-04-22,19.818771362304688,20.021361800982728,19.475245887468677,19.53690485439994,11651721
2022-04-25,20.188720703125,20.373695813500508,19.58975350931807,19.669027792819495,8026118
2022-04-26,19.686649322509766,20.188725244235442,19.616182682811942,20.091833837426677,10555278
2022-04-27,19.51048469543457,19.90685982468082,19.387168503417524,19.616185561596453,5000080
2022-04-28,19.39596939086914,19.58094450538157,19.299078003687498,19.545712083772585,4356811
2022-04-29,18.435863494873047,19.72188000076444,18.189229386718672,19.713072339911186,14823300
2022-05-02,17.995447158813477,18.74415724193273,17.810471999086108,18.497523101560905,5061819
2022-05-03,17.72239112854004,18.08353202612116,17.449332203062493,17.995448271811487,8956546
2022-05-04,17.82808494567871,17.880934469782623,16.876784600780436,17.088184479401654,15453522
2022-05-05,17.044147491455078,17.62549955174106,16.515646752598965,17.62549955174106,11620851
2022-05-06,16.753469467163086,17.07937785592443,16.56849255716282,17.07937785592443,8058791
2022-05-09,16.674192428588867,16.97367603635516,16.453983107199427,16.594916360006437,10546579
2022-05-10,16.709428787231445,16.929636354806554,16.37471093200561,16.73585355276399,6548000
2022-05-11,16.26020622253418,16.74466512294417,16.189739570594885,16.70062324270633,9727960
2022-05-12,16.55968475341797,16.638960825904487,16.03999179866905,16.128075531562665,10355317
2022-05-13,16.242582321166992,16.912016125728655,16.242582321166992,16.55087357169476,10510618
2022-05-16,16.022377014160156,16.365902552831557,15.916677945157216,16.26020348382862,8536681
2022-05-17,16.330669403076172,16.559686418748473,16.10165238740387,16.10165238740387,7182146
2022-05-18,16.09284019470215,16.56848941469951,15.705272909448684,16.321857145888043,16053086
2022-05-19,16.163312911987305,16.330670968029963,16.004762518081517,16.10165393041116,7714137
2022-05-20,16.11927032470703,16.29543781730912,15.969527599554068,16.260203605906327,5181371
2022-05-23,16.445178985595703,16.56849516278334,16.048803904015625,16.207354293088848,6610269
2022-05-24,16.612537384033203,16.64777159665581,16.304246043512393,16.33067081187635,5243640
2022-05-25,16.938444137573242,17.149844023315005,16.321859800838872,16.427558852606936,6629469
2022-05-26,17.951406478881836,18.030682571014935,16.718239259378887,16.912022094004485,10549443
2022-05-27,18.136381149291992,18.189230682588217,17.651920559321688,17.93378889538195,5154639
2022-05-30,17.889747619628906,18.2596979294405,17.74881433800601,18.153998859326297,4784632
2022-05-31,18.189233779907227,18.365401297167505,17.722391997814913,17.977833828518605,16434125
2022-06-01,18.629642486572266,18.86746710309688,18.136376153208694,18.27730760910718,13217461
2022-06-02,18.620840072631836,18.990792190027495,18.294931613746343,18.990792190027495,5306864
2022-06-03,18.752965927124023,19.061259064961195,18.488716448326823,18.497524110811163,6091750
2022-06-06,19.255043029785156,19.263850692787535,18.664885053470904,18.858667897172797,13011454
2022-06-07,18.823429107666016,18.99959658256389,18.391819863489676,18.98197947863295,8179086
2022-06-08,18.47109603881836,18.85866341634208,18.41824650894878,18.70892070543724,5059697
2022-06-09,18.189233779907227,18.708925104295147,18.11876712944435,18.39182428610912,4685553
2022-06-10,18.32135772705078,18.42705680188747,17.766430455334064,18.101148350797637,4959133
2022-06-13,17.7928524017334,18.22445981596658,17.555025980484608,17.96901807494093,6929676
2022-06-14,17.114614486694336,17.792857976784916,17.035340176242695,17.792857976784916,7252053
2022-06-15,17.220312118530273,17.361245387694577,16.77989342463459,17.281971092116827,7318989
2022-06-17,16.832746505737305,16.97367978970859,16.374712441727638,16.912020809643913,10526636
2022-06-20,16.27781867980957,16.85036117709564,16.224967369302284,16.85036117709564,3445266
2022-06-21,16.568492889404297,16.69181083187732,16.06641880546945,16.313051126004062,4811788
2022-06-22,17.123422622680664,17.37005678791362,16.40994846227514,16.515647545799144,7152231
2022-06-23,17.317201614379883,17.41409300350198,17.03533510704085,17.16746070068312,4848704
2022-06-24,17.48455810546875,17.678342649018138,17.20269162271193,17.537407625434295,3838186
2022-06-27,17.449329376220703,17.687154048563656,17.37005329730251,17.599070308523803,3762657
2022-06-28,17.343629837036133,17.695963041506793,17.193887111257386,17.53741265394351,6525829
2022-06-29,16.92083168029785,17.387673445586028,16.73585650671528,17.299589690126492,4168095
2022-06-30,16.912019729614258,17.088187214431006,16.471602799778253,16.471602799778253,8004796
2022-07-01,16.700620651245117,16.823938609658114,16.47160362242778,16.69181298944674,5044740
2022-07-04,16.498027801513672,16.77989435547848,16.436368824506665,16.647770522186153,1959721
2022-07-05,16.841556549072266,16.91202320102197,16.330672876885366,16.330672876885366,5242897
2022-07-06,17.216705322265625,17.313824816427456,16.660473543264605,16.819395377492334,4810197
2022-07-07,17.65816307067871,17.71996721128824,17.154905121262477,17.22553765921548,6500052
2022-07-08,17.622844696044922,17.931863591430247,17.216708077357886,17.658161855792457,7564246
2022-07-11,17.410947799682617,17.614017010425286,17.216708772434128,17.45509335794849,5269736
2022-07-12,17.7464599609375,17.96718604392096,17.402125556537083,17.499245104505896,7515131
2022-07-13,17.56987190246582,18.090788431512898,17.45509380531319,17.69347839693722,5312380
2022-07-14,18.21439552307129,18.311516828770117,17.322659481377972,17.384461837438757,9868516
2022-07-15,18.408632278442383,18.541067145296328,18.046639474105035,18.276195625187054,7112770
2022-07-18,18.17908477783203,18.57639314025482,18.090793633648694,18.496930395928917,9963457
2022-07-19,17.82591438293457,18.30268533407095,17.764112031299568,18.232052799058337,4905987
2022-07-20,17.313831329345703,17.887721901274254,17.225540197294848,17.728798220863116,8326431
2022-07-21,17.25202751159668,17.41095119506586,16.951838728688685,17.190225147093464,4230046
2022-07-22,17.684650421142578,17.79060012350181,17.181392461139314,17.357974702937447,4706557
2022-07-25,17.878896713256836,18.276205092430867,17.790605565350983,17.790605565350983,5764705
2022-07-26,17.419780731201172,17.896549977441712,17.20788308993849,17.878893180471294,3796391
2022-07-27,17.914209365844727,17.949526534176574,17.437440098179078,17.499242463156747,4727136
2022-07-28,18.24971580505371,18.34683534094779,17.75528615366225,17.78177313741499,2953267
2022-07-29,18.52341651916504,18.752970960248682,18.00249991482397,18.249714725901256,4861328
2022-08-01,19.247400283813477,20.04201866909121,19.106135190075648,19.20325471872016,15318376
2022-08-02,19.11496353149414,19.247400226378893,18.805946363164995,19.11496353149414,8751069
2022-08-03,19.423980712890625,19.52110202771262,18.805946375816557,19.097304961076688,6708393
2022-08-04,19.644704818725586,19.77714148862662,19.33568770869145,19.51226814882455,10233643
2022-08-05,19.600566864013672,19.909585880299954,19.512275716503304,19.73300358527922,3746533
2022-08-08,19.591733932495117,19.72417062312968,19.371006114770847,19.618220913341652,5803742
2022-08-09,19.60939598083496,19.785976479820214,19.485787666502855,19.706515523237183,5529738
2022-08-10,19.777141571044922,19.953722011913896,19.71533743421989,19.953722011913896,7743415
2022-08-11,19.600566864013672,19.883097106925,19.476960329340542,19.86544030654477,4646410
2022-08-12,19.75948715209961,19.90958243416783,19.53875932152928,19.777145735825634,5870891
2022-08-15,19.68885040283203,19.856602446433115,19.503439779272515,19.600559289441478,5163656
2022-08-16,19.891923904418945,19.98904343557263,19.635880692103783,19.77714578949132,3554528
2022-08-17,20.69537353515625,20.818980065650052,19.65354017344268,19.733002918076174,9250918
2022-08-18,20.59824562072754,20.774827853338554,20.29805689712982,20.704195317574484,4377921
2022-08-19,20.13030242919922,20.81014072754147,20.094987058761397,20.527610618433076,6282800
2022-08-22,20.02435874938965,20.25391495799401,19.891922062948247,19.953724420832767,4810621
2022-08-23,20.15679168701172,20.26273958733887,20.024355025201277,20.024355025201277,10080570
2022-08-24,19.909582138061523,20.200940726398716,19.777145441688997,20.174453744404605,7987293
2022-08-25,19.97138214111328,20.04201646662196,19.741825942415346,19.9360667647607,4469680
2022-08-26,19.591733932495117,20.174452870324544,19.45046884371234,20.112648724081367,3051603
2022-08-29,19.52992820739746,19.591732348644214,19.309200407517448,19.450467271281706,5239609
2022-08-30,19.556415557861328,19.777143361937277,19.42397887541576,19.521100181050244,4024993
2022-08-31,19.212080001831055,19.6888509556866,19.212080001831055,19.61821842027115,9107816
2022-09-01,19.644704818725586,19.812458648494207,19.220909618724207,19.256224992190184,8073430
2022-09-02,19.909582138061523,20.147966762410494,19.485785066949834,19.64470874531647,7817141
2022-09-05,19.997873306274414,20.262746723174516,19.644710536809747,19.644710536809747,2717239
2022-09-06,19.909582138061523,20.033188649501366,19.53875903093806,19.918410536592237,4243306
2022-09-08,20.02435874938965,20.183280629437128,19.81246112292451,20.05084572939756,6652276
2022-09-09,20.086162567138672,20.58059218456103,19.944897472561415,20.156796900829264,9384685
2022-09-12,20.501129150390625,20.62473744612652,19.936068780404604,20.086162271281413,5578747
2022-09-13,20.298053741455078,20.483466128712166,19.962549695335923,20.26273837226425,6430039
2022-09-14,20.042016983032227,20.333375544454874,20.006699819367892,20.23625602398066,2972892
2022-09-15,19.98021125793457,20.218595841388986,19.856602981297595,20.033185212835182,4459391
2022-09-16,19.856603622436523,20.103818397290997,19.75948410651568,19.865433806139514,11065841
2022-09-19,20.192110061645508,20.29805797773109,19.67119351955215,19.72416926399671,3862266
2022-09-20,20.34221076965332,20.571767031153307,20.059678749528704,20.31572199713988,5664565
2022-09-21,20.218599319458008,20.509959694335453,20.086162623022627,20.30689045041493,5152199
2022-09-22,20.368694305419922,20.562933361600464,19.92724044340801,20.47464223191769,6037331
2022-09-23,20.704198837280273,20.766002986481144,19.953726007505047,19.953726007505047,5282890
2022-09-26,20.2274227142334,20.748339186176313,20.174448763324467,20.748339186176313,3037494
2022-09-27,20.20977020263672,20.342206894365095,20.147966055883096,20.25391576654618,8559701
2022-09-28,20.086162567138672,20.306890393916863,20.015530019850043,20.13030813249431,6583749
2022-09-29,19.538761138916016,19.838949944572356,19.256230918628205,19.830121545089174,12633491
2022-09-30,20.06850242614746,20.20976929616259,19.37983559013305,19.42397936566061,9590268
2022-10-03,21.233943939208984,21.33106346955405,20.23625808071497,20.527616671750167,10957533
2022-10-04,21.14565086364746,21.542960919921153,20.827803533189233,21.534130735718424,6812139
2022-10-05,20.98672866821289,21.36638016907164,20.871950556753543,21.36638016907164,4787072
2022-10-06,21.133119583129883,21.337176081762173,21.088759396684303,21.27507146172099,7629273
2022-10-07,20.769367218017578,21.47025524618224,20.733878353132074,21.15086264255967,7326627
2022-10-10,20.946805953979492,21.195222620507902,20.84921426912121,20.97342170484205,6246732
2022-10-11,20.795988082885742,21.204099358903427,20.636291741805017,20.94681130801981,8912523
2022-10-13,20.538700103759766,20.813730797323213,20.174947225855735,20.423363956747792,5073382
2022-10-14,19.855552673339844,20.547569490263925,19.731345217130528,20.503209299813378,6140759
2022-10-17,20.228174209594727,20.37899919655316,19.855550094280325,20.015246400141752,4171277
2022-10-18,20.636289596557617,20.804857240974346,20.34351270249741,20.458848837116644,6785088
2022-10-19,20.74275016784668,20.84921496996242,20.46771953629735,20.57418254332631,5573761
2022-10-20,20.902450561523438,20.98229782555425,20.671778294207332,20.84921725708258,12362987
2022-10-21,21.337177276611328,21.594465295351302,20.866961428061057,21.0000419948501,11232811
2022-10-24,21.57672119140625,21.665441570625173,21.00004231665722,21.24845722436582,7881956
2022-10-25,21.26620101928711,21.76303440992764,21.053273192621283,21.55010478817488,10590284
2022-10-26,20.81372833251953,21.337177490074325,20.760496823306156,21.097633903527154,7629591
2022-10-27,21.52348518371582,21.834006446086207,20.849212955689957,20.96454906555306,8625258
2022-10-28,22.03806495666504,22.224377028475168,21.363792611300433,21.363792611300433,6613663
2022-10-31,23.342256546020508,23.519697338478874,21.798526318859786,21.949351351466863,15994212
2022-11-01,23.155941009521484,24.087501442068426,22.481666815872487,22.747827965221365,15662181
2022-11-03,23.191423416137695,23.368864146642704,22.455046538645952,22.738952066471306,12593605
2022-11-04,23.493074417114258,23.69713092281213,23.15593914255858,23.244657723434813,11695638
2022-11-07,23.155941009521484,23.528565182540262,23.022860434847047,23.342253096030873,14892040
2022-11-08,22.996240615844727,23.209168420650496,22.65023225987782,22.94300911341497,8798699
2022-11-09,22.863161087036133,23.23578521088023,22.703464777519116,22.889776839441165,4929219
2022-11-10,21.629955291748047,22.721212047096383,21.443643206568748,22.59700279358548,11272591
2022-11-11,20.671781539916992,21.541237441255223,20.583061147005747,20.937940923563467,13538672
2022-11-14,21.15086555480957,21.44364244762366,20.795985832525062,20.84921734209599,6438525
2022-11-16,20.875831604003906,21.319431673908454,20.512078792745694,21.18635290949789,10836390
2022-11-17,20.40561866760254,20.884707672508533,20.245922332633874,20.414489988122476,8344040
2022-11-18,20.58306121826172,21.035532710553305,20.414491753111882,20.512083467617195,5840764
2022-11-21,20.866960525512695,21.00004108654567,20.334640076467675,21.00004108654567,8421372
2022-11-22,20.09510040283203,20.97342948244178,19.873301200002864,20.866966439511746,8314762
2022-11-23,19.962017059326172,20.39674404423542,19.57164846882468,20.0596087581798,4483152
2022-11-24,20.627416610717773,20.911320391531753,20.050735934009996,20.139458109373123,2690294
2022-11-25,19.935401916503906,20.742754949663865,19.83781020586733,20.733883628728613,4364661
2022-11-28,19.828935623168945,20.37012739820153,19.678112421556136,20.254793064666384,2572546
2022-11-29,19.935401916503906,20.130587132864257,19.5272906369999,19.678115658509586,3756823
2022-11-30,20.449975967407227,20.449975967407227,19.828935151515502,19.873295338013975,10702623
2022-12-01,20.272539138793945,20.742755052436053,20.103971474578564,20.103971474578564,10855484
2022-12-02,20.698392868041992,21.06214571462448,19.944273214497258,20.40561776282031,14113731
2022-12-05,20.84034538269043,20.84034538269043,20.299151803340735,20.654033309822353,8592904
2022-12-06,21.346052169799805,21.5234911452141,20.654035318948857,20.920194679613854,11736266
2022-12-07,21.115375518798828,21.4436394402605,20.831469985700565,21.292814457512666,10160236
2022-12-08,20.87938690185547,21.235084674092807,20.621507096512897,20.932742647220568,9969610
2022-12-09,20.932743072509766,21.083913189409284,20.674861462712,20.870495601260387,6159641
2022-12-12,20.30138397216797,21.0038842749709,19.901223932045358,20.834928893115418,9385640
2022-12-13,19.598880767822266,20.781571972722986,19.52774156897819,20.35473677965852,9681921
2022-12-14,19.776731491088867,20.141319244131555,19.438818915958464,19.438818915958464,13101516
2022-12-15,19.64334487915039,20.052396661213653,19.40325028488758,19.509958193797225,6273465
2022-12-16,19.474390029907227,19.803409090184296,19.45660477819102,19.607776718954522,6142880
2022-12-19,20.37251853942871,20.523690448937963,19.37656983825629,19.40324681070715,5140000
2022-12-20,21.066133499145508,21.1817331390415,20.159105439022106,20.354739612482202,6848312
2022-12-21,21.16394805908203,21.235087262357222,20.781573267163843,21.00388440190884,5420581
2022-12-22,20.95941925048828,21.421826745775657,20.879388325806357,21.190622098523995,3528432
2022-12-23,21.23508644104004,21.368471317512014,20.852711663911098,20.950529638945184,4756202
2022-12-26,21.11948585510254,21.332903465160225,20.808250266121043,20.808250266121043,1116067
2022-12-27,21.021671295166016,21.32401340839166,20.808253650397855,21.18173497854622,5153578
2022-12-28,21.15505027770996,21.33289914972229,21.01277189978637,21.306220379547895,5048665
2022-12-29,21.092805862426758,21.35068748381747,21.03056018759502,21.226192535722102,4947146
2023-01-02,20.683759689331055,20.808252860918373,20.470342052660108,20.701544942191035,3528963
2023-01-03,20.292490005493164,20.8704971405365,20.212457279524703,20.5414781096386,4150592
2023-01-04,20.18578338623047,20.50590891280454,20.061288426636448,20.48812546076206,4801286
2023-01-05,20.817140579223633,21.075018577275248,20.23913351665336,20.292487461131916,8527559
2023-01-06,21.243980407714844,21.49296853542496,20.701543721590536,20.81714515953993,8119469
2023-01-09,21.039453506469727,21.51075096208683,20.914960348160324,21.51075096208683,4892621
2023-01-10,21.350688934326172,21.484073817467383,20.63040336849935,20.657080345127596,5652154
2023-01-11,21.581890106201172,21.768630727181645,21.155053115948714,21.404041210327986,5735745
2023-01-12,21.386259078979492,21.635247209660832,20.932746847283816,21.25287238762704,6814579
2023-01-13,21.324010848999023,21.52853674205996,20.92385258818527,21.021668772061677,5427052
2023-01-16,21.412935256958008,21.67970862969051,21.15505540951293,21.15505540951293,4754399
2023-01-17,21.324010848999023,21.670815154828578,21.199517687630514,21.45739753567565,5778283
2023-01-18,21.341800689697266,21.661928086874273,21.243984484786655,21.608574120416943,7283240
2023-01-19,21.572994232177734,21.697489165415522,21.199513030895837,21.270652221653545,5861026
2023-01-20,21.39515495300293,21.5463251137557,21.27955350098524,21.51964813240029,5221681
2023-01-23,21.581890106201172,21.741951953427925,21.332902011821897,21.51964263280237,12340180
2023-01-24,21.97315788269043,22.06208234310911,21.537430905384774,21.626353566587277,6997885
2023-01-25,22.1510066986084,22.364424323072665,21.821987635990634,22.008728282298886,5129604
2023-01-26,22.204360961914062,22.30217714957722,22.07097427007365,22.222146214002688,5378149
2023-01-27,22.364423751831055,22.364423751831055,22.079866926480303,22.17768311029261,4020856
2023-01-30,22.435564041137695,22.586735986412457,22.337747852603783,22.417778788890743,6000309
2023-01-31,22.079866409301758,22.41777718168683,21.88423404625946,22.33774625113755,8708849
2023-02-01,21.848665237426758,22.25771704539781,21.72417027019232,21.973158405444973,5479774
2023-02-02,21.475183486938477,22.053190682157958,21.34179679591486,21.77752557372896,6316745
2023-02-03,21.003881454467773,21.448501862348856,20.98609620634074,21.30622167654838,8388594
2023-02-06,21.01277732849121,21.315119409493615,20.897175891660407,21.003885602279667,5095552
2023-02-07,21.083913803100586,21.25286917373428,20.763786511951334,21.19062170067306,6398215
2023-02-08,21.21729850769043,21.448501329955587,20.914956493898746,21.34179164305792,3788647
2023-02-09,21.101699829101562,21.395150156658396,20.870496976897023,21.217301255203832,3901834
2023-02-10,21.11948585510254,21.332903465160225,20.959420398539216,21.101700604460387,2349247
2023-02-13,20.932743072509766,21.101698438225657,20.78157115639438,21.066129739808776,4044830
2023-02-14,20.452556610107422,21.083917787442683,20.408094377977985,20.897177132185544,5148804
2023-02-15,20.861604690551758,21.039453602562684,20.354738529909575,20.40809248382642,6075307
2023-02-16,20.719329833984375,20.87049998261915,20.452556443382427,20.568157886133356,4160245
2023-02-17,21.128379821777344,21.163950326834403,20.488126923696473,20.665974051333038,4742730
2023-02-22,20.923851013183594,20.99499021421304,20.603725508159084,20.826034836670104,9769968
2023-02-23,20.692649841308594,21.101701629875297,20.541479701544464,21.0305624230658,4866313
2023-02-24,20.399200439453125,20.737111207939336,20.310275984835894,20.630403301771505,4572578
2023-02-27,20.274703979492188,20.55036904867262,20.114640332896585,20.45255287553529,3450358
2023-02-28,20.167997360229492,20.541478626232255,20.01682542916283,20.26581353957002,7142896
2023-03-01,20.007932662963867,20.381413909543614,19.892331239059853,20.230241986338697,6579081
2023-03-02,19.892332077026367,20.15910363615713,19.64334396907924,20.01682523139192,4027008
2023-03-03,20.007932662963867,20.2924894605073,19.750052840288134,19.892331239059853,5178613
2023-03-06,20.639297485351562,20.74600540422657,20.007936301286847,20.212460412202702,7355799
2023-03-07,20.799358367919922,20.906066272455814,20.390306602622903,20.657079962394707,5268887
2023-03-08,21.608566284179688,21.786413374280947,20.861602028577305,20.94163474845635,11405933
2023-03-09,21.341800689697266,21.688605070102938,21.252876212790706,21.484079133061154,5580656
2023-03-10,21.33290672302246,21.546324365672294,21.208411748731148,21.28844448923504,7435571
2023-03-13,21.49296760559082,21.61746076445194,21.092807553620474,21.288441716649192,4339944
2023-03-14,21.69749641418457,21.821989589797706,21.466293517177082,21.475185244286475,6585234
2023-03-15,21.786418914794922,22.02651533627523,21.448508098217175,21.519647312192298,10134883
2023-03-16,21.715282440185547,22.151011305260212,21.661928472777724,21.795315190513826,8156172
2023-03-17,21.137269973754883,21.75973937215091,20.977206311354983,21.75973937215091,12243329
2023-03-20,20.986095428466797,21.20840472455929,20.808246552220222,21.11948208565173,6305289
2023-03-21,21.092805862426758,21.35068748381747,20.959419189131413,21.048345437210923,6050591
2023-03-22,21.030561447143555,21.29733301049561,20.914960016540586,21.172839854160124,10824403
2023-03-23,20.95941925048828,21.288440072089834,20.72821820166852,21.021666724718187,5502793
2023-03-24,21.341800689697266,21.41293991137921,21.012781564516203,21.08392078619815,4771690
2023-03-27,21.16394805908203,21.590783278733173,21.16394805908203,21.430719621559984,3931961
2023-03-28,21.768634796142578,21.813097028421687,21.083917858417283,21.1105948379415,5924568
2023-03-29,21.688600540161133,21.78641672464158,21.44850594203346,21.750848020837843,6481275
2023-03-30,22.15989875793457,22.26660666349832,21.537429378353835,21.75973871442235,9113120
2023-03-31,21.741954803466797,22.319961991606654,21.626353365838824,22.213254079467703,8266708
2023-04-03,21.23508644104004,21.88423277032891,21.12837674064648,21.71527559477111,7084871
2023-04-04,21.786418914794922,21.82198942139064,21.172842969357465,21.288444416969075,7228079
2023-04-05,21.981128692626953,22.052409091045224,21.651456624594072,21.883116567363135,9254949
2023-04-06,22.275161743164062,22.3731720668742,21.80292706956477,21.81183824622112,9247630
2023-04-10,22.275161743164062,22.426631915663894,22.17714961666682,22.257341192638464,4891348
2023-04-11,22.631563186645508,22.809765081972195,22.292979946082216,22.36426034365548,11729902
2023-04-12,23.30872917175293,23.56712085279072,22.542463502790564,22.542463502790564,19252353
2023-04-13,22.88995933532715,23.593854075239342,22.756307887661567,23.424563323202058,6796121
2023-04-14,23.166170120239258,23.246359902023002,22.693935395999542,22.907778419664126,6268161
2023-04-17,22.970149993896484,23.335461412138,22.85431910450592,23.16617066696328,2738030
2023-04-18,22.88104248046875,23.077064915636875,22.720662946404328,23.077064915636875,3227165
2023-04-19,22.45336151123047,22.77412420484528,22.33753063869107,22.702843806573885,5535996
2023-04-20,22.88995933532715,22.970150925041462,22.39099645461136,22.50682734869738,5700208
2023-04-24,23.21072006225586,23.38001079951364,22.827586306287213,22.84540685831099,8651990
2023-04-25,23.199939727783203,23.44095425011451,23.06604196821699,23.191012126812883,3476453
2023-04-26,23.46773338317871,23.699822110079626,23.128526087665893,23.128526087665893,5696071
2023-04-27,23.40524673461914,23.681968040054123,23.14637882446282,23.54807209073864,5071472
2023-04-28,23.458805084228516,23.62840962999337,23.27134894931771,23.40524670457108,6078808
2023-05-02,23.744455337524414,23.744455337524414,23.21779188730475,23.387394636585025,8191179
2023-05-03,23.369539260864258,24.06580534757814,23.119597171916034,23.90512841940497,10480279
2023-05-04,23.556997299194336,23.78016021935054,23.34276017340048,23.387392757431723,6509599
2023-05-05,23.726598739624023,23.7623055273437,23.07496521567195,23.65518697029432,9425844
2023-05-08,23.940834045410156,24.190776141095945,23.735524531315033,23.771231319031422,6338810
2023-05-09,24.217559814453125,24.422869366576094,23.878354298867336,23.922985082614954,5322139
2023-05-10,24.610321044921875,24.726365396221198,24.15506943362851,24.217555409284962,6096417
2023-05-11,24.887042999267578,24.994159753437113,24.503203147200868,24.556761524285637,5130559
2023-05-12,24.94953155517578,25.012015732862608,24.556764062262065,24.7442220136522,4867374
2023-05-15,25.119131088256836,25.190542857977555,24.61924689410216,24.994159136663338,3912336
2023-05-16,25.101280212402344,25.538678474639063,25.101280212402344,25.119133608150946,6786892
2023-05-17,25.065574645996094,25.386926731472872,24.895970099480525,25.18161900650737,3268749
2023-05-18,25.440486907958984,25.467267905907285,24.87811846102326,25.065576416111757,4686402
2023-05-19,25.57438087463379,25.97607230476508,25.199468632363295,25.57438087463379,7992279
2023-05-22,25.919662475585938,26.123900999204526,25.75255757222166,25.947512690776673,3956478
2023-05-23,26.07748031616211,26.300285634087707,25.715422126060464,26.13318254869841,5699760
2023-05-24,26.291000366210938,26.755177777970665,26.00321123785255,26.08676187157033,13816818
2023-05-25,26.17031478881836,27.033683995753492,26.07747894355089,26.81087868955545,6954666
2023-05-26,26.662343978881836,26.875865893641855,26.27243557330473,26.430255255205264,6116124
2023-05-29,26.643779754638672,26.820166262566755,26.420974413806363,26.68091337607406,2387514
2023-05-30,26.420970916748047,26.922281964212623,26.22601581779638,26.894431751822314,6960174
2023-05-31,26.30028533935547,26.708760546901647,26.30028533935547,26.318852147956235,25165848
2023-06-01,26.56950569152832,26.87586342888519,26.15174711088857,26.27243316388801,8640216
2023-06-02,25.61330223083496,26.708760178143553,25.464765957969842,26.699476773971345,12274170
2023-06-05,25.622587203979492,25.808258911012622,25.47405092201891,25.65972262905204,9333816
2023-06-06,26.272436141967773,26.355986783900715,25.641153788481986,25.836108898545223,6457620
2023-06-07,26.30028533935547,26.57879108058651,26.133182255838804,26.36527097556793,4854282
2023-06-09,26.60664176940918,27.219355453150968,26.393119868955758,26.485955713428076,7131942
2023-06-12,26.80159568786621,27.061534613628407,26.62520920470963,26.736611859480533,7022190
2023-06-13,26.550941467285156,26.94084987503587,26.318852742314768,26.903716256995754,6457518
2023-06-14,26.560226440429688,26.69019591735586,26.21673503494268,26.5880766556046,9387570
2023-06-15,26.680912017822266,26.727330848363437,26.420973068787344,26.56022594819106,4530024
2023-06-16,26.458101272583008,26.755175586464247,26.253864600781032,26.55093710855274,7251588
2023-06-19,26.541654586791992,26.857295717125062,26.383834924680254,26.485954167026527,2658834
2023-06-20,26.643779754638672,26.662346565356366,26.23530269440944,26.448824629882903,3723000
2023-06-21,26.745899200439453,26.88515208787319,26.513810452679888,26.67163015095679,4507176
2023-06-22,26.550941467285156,26.82944721480569,26.39312178450483,26.745896574215426,4356522
2023-06-23,26.987268447875977,27.005835256720033,26.476673980225122,26.5323744067573,4215354
2023-06-26,26.73661231994629,27.070820290014826,26.40240434987775,27.061535079690078,4440366
2023-06-27,26.829444885253906,26.92228072840326,26.24458322746522,26.838730095067543,5242902
2023-06-28,26.541654586791992,26.90371273359628,26.420968537857227,26.597356812667048,4206378
2023-06-29,26.662343978881836,26.912999511474965,26.355986213429226,26.495240892523025,5786868
2023-06-30,27.479293823242188,27.618546684110974,26.467386570338924,26.7923111164392,10530990
2023-07-03,26.70876121520996,27.7578021823904,26.45810568060815,27.609265903757812,9463356
2023-07-04,26.402402877807617,26.76446104033448,26.123897154666853,26.64377498615886,4086936
2023-07-05,26.56950569152832,26.79231099031338,26.114611690351296,26.365269006066725,4539714
2023-07-06,26.09459686279297,26.54113584458616,25.992264861975986,26.47601482229445,5153040
2023-07-07,26.503921508789062,26.652769033944843,26.029474320801942,26.21553282231047,4548384
2023-07-10,26.494619369506836,26.689980619563162,26.32716816222458,26.3922873723284,4111722
2023-07-11,26.20623016357422,26.401589599934816,25.750388462278828,26.37368136757936,4248198
2023-07-12,26.355072021484375,26.578341467390622,26.131802575578124,26.131802575578124,6197520
2023-07-13,26.755098342895508,26.98767055723006,26.25274293909202,26.25274293909202,5476890
2023-07-14,26.438798904418945,26.764398525430845,26.271345912594157,26.708582068070687,5340006
2023-07-17,26.68998146057129,26.68998146057129,26.262047969772162,26.317866247206716,4163232
2023-07-18,26.20623016357422,26.606253590286297,25.95505245263031,26.494618850992072,6169674
2023-07-19,26.038776397705078,26.141108389925503,25.741084974765972,26.048079141554904,4265538
2023-07-20,26.40158462524414,26.485311116406834,26.020166758637288,26.066682280337478,3449028
2023-07-21,26.634157180786133,26.903942142820732,26.47600874846191,26.587643468300207,5188230
2023-07-24,26.569040298461914,26.736491487874574,26.262044339687755,26.652766798104363,4036344
2023-07-25,26.47600746154785,26.92254631919622,26.30855629486571,26.91324357715121,3743298
2023-07-26,26.736492156982422,26.792310428098375,26.42019525685705,26.42019525685705,2803368
2023-07-27,26.550432205200195,27.071393018779567,26.550432205200195,26.671369666200555,3478404
2023-07-28,27.080699920654297,27.238848375523524,26.494618010421785,26.876035936796,4496466
2023-07-31,26.950458526611328,27.210938962095245,26.82021830886937,27.12721427132187,4574088
2023-08-01,26.866729736328125,27.015577238095783,26.596946580416414,26.689975816553176,6817272
2023-08-02,26.587650299072266,26.857433520546202,26.4760155505533,26.79231430633579,3666084
2023-08-03,26.364376068115234,26.941155196919492,26.206227623556988,26.596948268280304,7819320
2023-08-04,25.908533096313477,26.53182771944596,25.759687402525,26.19692355101779,5519832
2023-08-07,25.97365951538086,26.0573860273951,25.77829825730514,25.84341927995455,3863046
2023-08-08,25.843414306640625,26.187621223268213,25.610842114591502,25.796898782307505,4550526
2023-08-09,25.536420822143555,25.862022284360087,25.173608384772788,25.675963788844257,6681714
2023-08-10,25.378271102905273,25.927140198561574,25.18290987333852,25.52711680597544,4369374
2023-08-11,25.49921226501465,25.657360734289288,25.201519005934298,25.41548575310572,4197708
2023-08-14,25.480606079101562,25.480606079101562,25.201518316992154,25.4340905471471,4659462
2023-08-15,25.396873474121094,25.703869395799348,25.368965247569985,25.4154789584885,2778786
2023-08-16,25.22942352294922,25.610841400510896,25.108486058850534,25.36896647231353,5002590
2023-08-17,24.838706970214844,25.4619999234574,24.708466732665915,25.415486199287262,7194570
2023-08-18,24.838706970214844,25.00615999697242,24.717769477499946,24.84800971504887,3469122
2023-08-21,24.829402923583984,24.96894589865075,24.53171148475787,24.838705667930274,4808280
2023-08-22,25.26663589477539,25.41548159502754,24.92242896865515,24.968942684398883,4440366
2023-08-23,25.424787521362305,25.424787521362305,25.099186040774217,25.201518038094612,3941280
2023-08-24,25.3875732421875,25.62944818262371,25.210817503476008,25.341057716797646,3032460
2023-08-25,25.154996871948242,25.443385480061963,24.95963567943772,25.387569030700043,3115896
2023-08-28,25.043365478515625,25.229423954095672,24.773582317809485,25.12709197351386,2235330
2023-08-29,25.871320724487305,25.871320724487305,25.034061253687796,25.210815166139945,5777688
2023-08-30,25.70387077331543,26.122499623633182,25.70387077331543,25.992259416209517,3295008
2023-08-31,25.564329147338867,25.87132512310506,25.145700245700244,25.675963883083632,6606438
2023-09-01,25.620147705078125,26.00156563566782,25.424786462884015,25.648055936856608,5538498
2023-09-04,25.71317481994629,25.89923149289865,25.424784352555427,25.666659294304043,2355078
2023-09-05,25.573625564575195,25.75038127322413,25.48059814936196,25.582930115968413,4362438
2023-09-06,24.95033836364746,25.78759795525237,24.875916414980896,25.573631233091408,4376718
2023-09-08,24.9410343170166,25.052669044056373,24.717764862937063,24.848005076171425,4023594
2023-09-11,25.313148498535156,25.39687499306805,24.69915842832889,24.89451964561494,4067454
2023-09-12,25.81550407409668,25.84341411243568,25.415480703121986,25.48990445557241,2788680
2023-09-13,25.89923667907715,26.308564699307983,25.64805894387758,25.824814718942502,3979020
2023-09-14,25.852720260620117,26.020171463350337,25.6666617599222,25.96435499906439,2534904
2023-09-15,25.666656494140625,25.89922866736223,25.51781081004296,25.86201769880582,5822160
2023-09-18,25.582935333251953,25.66666002401835,25.443390562230103,25.66666002401835,2530722
2023-09-19,25.1177921295166,25.638753025468368,25.071276600317255,25.58293656227597,2842434
2023-09-20,25.28523826599121,25.47129672578859,25.043363354177806,25.108484358068484,2898636
2023-09-21,24.987550735473633,25.155003749083228,24.661951072102827,25.034066265864027,7025556
2023-09-22,25.517812728881836,25.73177943391469,24.92242813784859,24.987547337719022,6450684
2023-09-25,25.173608779907227,25.564329454776566,25.173608779907227,25.54572396690741,6565944
2023-09-26,25.0340633392334,25.27593827739518,24.801491144087667,25.20151452339456,7783518
2023-09-27,25.210813522338867,25.648049618647992,24.987544103367057,25.034059621411465,8902356
2023-09-28,25.49921226501465,25.564331477709647,25.182913516592873,25.29454826251394,7357566
2023-09-29,25.694562911987305,26.00155881058514,25.555019979850794,25.65735194605007,10057506
2023-10-02,25.471302032470703,25.778296202261856,25.387575527131133,25.675964209040686,3453414
2023-10-03,25.22942352294922,25.601538657878084,25.164302514647417,25.406177442844783,5016666
2023-10-04,25.76898956298828,25.889927025809712,25.192210476484806,25.322450681840806,3924450
2023-10-05,25.73463249206543,25.902407337365112,25.40840705142316,25.73463249206543,4354788
2023-10-06,26.032901763916016,26.228638508212388,25.380447158495503,25.7159950858531,5583786
2023-10-09,25.855804443359375,26.06086179782497,25.5016152917147,25.96765374458143,4124676
2023-10-10,26.200672149658203,26.377767626604314,25.911729188347277,25.97697355422675,4397016
2023-10-11,26.126110076904297,26.424373695211624,25.93969395544888,26.172713200592593,3310308
2023-10-13,25.865123748779297,26.154068517769158,25.669388841632234,25.986293667813527,6217920
2023-10-16,25.949010848999023,26.331161848347215,25.781237814493995,26.032898272926968,6280140
2023-10-17,25.78124237060547,25.976977309893524,25.585505617966238,25.846486745917762,6680898
2023-10-18,24.513614654541016,25.63210766733168,24.513614654541016,25.59482335800468,10037004
2023-10-19,24.60681915283203,24.998290744076538,24.53225235830182,24.53225235830182,5759328
2023-10-20,24.289913177490234,24.63478166450936,24.261951308817245,24.43904495709693,5588274
2023-10-23,24.700029373168945,24.84916116204397,24.11282102778824,24.11282102778824,4996164
2023-10-24,24.578859329223633,24.82119916491492,24.37380198722305,24.82119916491492,4770948
2023-10-25,24.150102615356445,24.606820401662794,24.075535817041864,24.47632986462538,5936400
2023-10-26,24.457691192626953,24.532256185438914,24.0662177269602,24.2153513392861,3951582
2023-10-27,23.898441314697266,24.48564961716294,23.870479446330027,24.42040344428865,6297480
2023-10-30,23.618824005126953,24.122144995708116,23.432407883174086,24.038257559494216,10603716
2023-10-31,24.047571182250977,24.243307871973116,23.581532826417767,23.870477549976666,8060346
2023-11-01,23.14346694946289,24.056900950978395,22.714710918806738,24.04758032538598,18861024
2023-11-03,23.64678382873535,23.83319812117101,23.2459897452994,23.618821956872647,8505882
2023-11-06,23.84251594543457,24.019611406471647,23.60017612437912,23.618819183449407,5107752
2023-11-07,24.140783309936523,24.206029488692028,23.637462380554542,23.861160974357844,5545128
2023-11-08,24.364482879638672,24.550897173040827,24.178066772885547,24.28991607426723,5223624
2023-11-09,24.07553482055664,24.420403301792433,23.92640304345084,24.355158942649588,7253118
2023-11-10,24.933048248291016,25.13810377520504,23.861160243598622,24.27127311077751,6313698
2023-11-13,24.783920288085938,24.97965704955021,24.243316757719864,24.923733296761135,5477400
2023-11-14,25.46433448791504,25.69735372983301,24.765276762161122,24.96101350564457,6639486
2023-11-16,25.986291885375977,26.19134921532284,25.529575924459056,25.790556991654654,7513218
2023-11-17,25.492292404174805,26.08882135327419,25.48297178101316,25.95833081566034,5325930
2023-11-20,26.657390594482422,26.69467309015217,25.54822002814888,25.678710576343946,7544532
2023-11-21,26.340486526489258,26.59214883701293,26.303204027160326,26.52690264983617,5021052
2023-11-22,26.47097396850586,27.15138852123284,26.405727793486417,26.54553895327002,7554222
2023-11-23,26.42437171936035,26.806522745082834,26.21931436376254,26.42437171936035,2862834
2023-11-24,26.396413803100586,26.694677443804473,26.219318293084758,26.340488237124074,3036438
2023-11-27,27.123428344726562,27.151390215758234,26.34980569941159,26.554861233661406,4429350
2023-11-28,27.561506271362305,27.83180799804536,26.871769205097753,27.151391555918085,9073716
2023-11-29,26.405733108520508,27.710640551408265,26.405733108520508,27.58947061342621,7400712
2023-11-30,26.172712326049805,26.49893962102057,25.63210885592499,26.47097774774192,19657950
2023-12-01,26.14474868774414,26.331162977034744,25.771918295811997,26.14474868774414,5374890
2023-12-04,26.265920639038086,26.51758112769487,25.967655214446033,26.06086327296549,2787354
2023-12-05,26.62942886352539,26.992938638280233,26.424371509555694,26.424371509555694,4594998
2023-12-06,26.685354232788086,26.77856229148372,26.349808122845523,26.722638544276986,3548580
2023-12-07,26.36863136291504,26.928871959242517,26.22857166797674,26.78881226430422,4031550
2023-12-08,26.321949005126953,26.630081829412855,26.191226484192658,26.480683105566907,3127116
2023-12-11,26.377971649169922,26.61140510697561,26.163214393911282,26.321948491252325,3452292
2023-12-12,26.56471824645996,26.7701401183814,26.31261041118113,26.536706668445525,3292560
2023-12-13,27.601163864135742,27.87194609341015,26.41532219122086,26.574056288282666,8428260
2023-12-14,27.53580093383789,28.152064735645116,27.377066841174134,27.89061970658441,7743126
2023-12-15,27.526464462280273,27.81592107705773,27.190320066149532,27.526464462280273,7233534
2023-12-18,27.050260543823242,27.769235305875938,26.947549604019354,27.638512787009496,3292866
2023-12-19,27.386404037475586,27.638511873858207,27.106284622955886,27.124959008380607,4058580
2023-12-20,26.77947998046875,27.899959561907238,26.77947998046875,27.274358507685115,5307468
2023-12-21,27.142765045166016,27.226943697296466,26.936997635002736,27.114706101004593,3421488
2023-12-22,27.02117156982422,27.33917836182354,26.936994746366803,27.283060479518593,3429138
2023-12-26,27.51689338684082,27.70395484651802,26.993117296522794,27.021176242527428,2523582
2023-12-27,27.273712158203125,27.516893329024946,27.15212157279221,27.516893329024946,2680458
2023-12-28,27.498186111450195,27.84425191084272,27.26435791779704,27.26435791779704,3731568
2024-01-02,27.32047462463379,27.395300293443004,27.030526750188457,27.133411362433822,2998800
2024-01-03,27.311124801635742,27.82554610270203,27.29241883718189,27.320477783862668,2776440
2024-01-04,27.376596450805664,27.442069147890553,26.90894004765942,27.22694691129986,2334270
2024-01-05,27.591718673706055,27.703956283191317,27.114709288305278,27.30177257732952,3322854
2024-01-08,27.28306770324707,27.93778560171747,27.236300969297883,27.451423214383325,4518090
2024-01-09,27.142765045166016,27.52624456062352,27.04923523129461,27.25500264145789,4174248
2024-01-10,26.8341121673584,27.26435475643309,26.450634483733307,27.26435475643309,3378954
2024-01-11,26.347749710083008,26.824759021320244,26.329043748018194,26.693815467220425,4397322
2024-01-12,26.329044342041016,26.63769636236634,26.011037520826108,26.263571653690885,3062346
2024-01-15,26.151336669921875,26.38516486364386,26.00168713544078,26.34775293493517,1957890
2024-01-16,25.93621253967285,26.00168522976086,25.664972437121534,25.880094650722732,6154170
2024-01-17,25.72109031677246,25.9268577146043,25.664970612166634,25.880092810471172,6411720
2024-01-18,25.627559661865234,25.833327067509472,25.440496398938315,25.721091293328694,5547066
2024-01-19,25.15990447998047,25.683678728802953,24.972841208460306,25.636913820746027,7991190
2024-01-22,24.776426315307617,25.085078342049485,24.608069010133693,25.06637237917376,4714644
2024-01-23,25.197311401367188,25.26278407928797,24.598711598910047,24.80448079278009,19067982
2024-01-24,24.308774948120117,25.393737394144903,24.308774948120117,25.393737394144903,11666658
2024-01-25,24.318124771118164,24.411656412161676,23.850468385546943,24.224593130074656,15753084
2024-01-26,24.467771530151367,24.673540753181882,24.196531439567764,24.43971258691433,3912414
2024-01-29,24.598716735839844,24.74836626279385,24.37424153558571,24.458420190592573,2841414
2024-01-30,24.551956176757812,24.64548601039425,24.224596300090578,24.589368110212387,5543496
2024-01-31,23.66340446472168,24.355536042256322,23.54181388054107,24.271357385624736,27175758
2024-02-01,23.49504852294922,23.71017074154533,23.33604601425247,23.588580159683993,10128804
2024-02-02,23.251867294311523,23.532460384086242,23.036745076315995,23.420222784247105,10789458
2024-02-05,22.877742767333984,23.214453750137984,22.72809141981414,23.14898287778853,10237842
2024-02-06,23.52310562133789,23.61663725072974,22.79356218744444,22.877740835861715,22944186
2024-02-07,23.616634368896484,24.084290639143614,23.373453253939648,23.43892411277255,17614176
2024-02-08,23.48569679260254,23.644699309771237,23.223809651508322,23.55116766805292,6071244
2024-02-09,23.784992218017578,23.981408453565102,23.3641026242464,23.410867528116732,6309210
2024-02-14,23.66340446472168,23.88787966930839,23.401517332585946,23.794348030789546,8123586
2024-02-15,23.738229751586914,24.01882284291231,23.663404078065224,23.784994660259063,8269650
2024-02-16,23.60728645324707,24.018823113130637,23.438929140840763,24.018823113130637,4901814
2024-02-19,23.289278030395508,23.663402737517032,23.205099379908166,23.60728485028957,3052248
2024-02-20,23.96270179748535,24.140410246688,23.195744658718837,23.251864361382733,6498828
2024-02-21,24.13105583190918,24.20588149113163,23.766284155035798,23.953347393268974,11242134
2024-02-22,24.196533203125,24.29006484037827,24.009469928618454,24.2058861848857,6486588
2024-02-23,24.486478805541992,24.486478805541992,24.14041302812034,24.318123317444588,5394372
2024-02-26,24.879308700561523,25.113136871941816,24.42100715873062,24.53324475377901,8062284
2024-02-27,24.88866424560547,25.356318782701692,24.73901290130261,25.11313762276732,10590354
2024-02-28,24.944782257080078,25.15055149176901,24.458419934830765,24.81383869490882,3796338
2024-02-29,24.916725158691406,25.094433642076293,24.59871830148338,24.94478410559749,7233126
2024-03-01,24.944782257080078,25.10378476407813,24.748366004000076,24.95413523868901,6943038
2024-03-04,24.16847038269043,24.888662654536557,24.074940573038038,24.8044840062033,9159294
2024-03-05,23.719520568847656,24.30876743637399,23.68210682734157,24.30876743637399,17861526
2024-03-06,24.318124771118164,25.159905901217098,23.897233296245535,24.24329909435409,18565020
2024-03-07,24.318124771118164,24.551952963903776,23.897233296245535,24.25265207649381,11716842
2024-03-08,24.280712127685547,24.280712127685547,23.906587366135156,24.243300197424432,4340100
2024-03-11,24.654834747314453,24.720305614751467,24.05623486108828,24.05623486108828,5961594
2024-03-12,24.85124969482422,25.085077865622214,24.66418824997352,24.75771806257579,5350308
2024-03-13,25.346967697143555,25.702386482068015,24.841899376368364,24.879311305419456,9814542
2024-03-14,25.206668853759766,25.431144046967518,25.075725294329608,25.356318376016205,8847684
2024-03-15,25.25343132019043,25.908149006889634,25.15989970219172,25.169252682027004,12920646
2024-03-18,25.31890869140625,25.664974493262203,25.17861213814494,25.28149676244226,9962646
2024-03-19,25.964275360107422,26.179395771099475,25.26279077479768,25.384381363465515,9082998
2024-03-20,26.375810623168945,26.572226878811907,25.814622621079234,26.048450803646094,13856598
2024-03-21,26.104568481445312,26.55351702852032,25.917505222096143,26.36645558881726,20780460
2024-03-22,25.431142807006836,25.982977781706946,25.34696415874673,25.926858076318172,5050224
2024-03-25,25.31890869140625,25.543383904482887,25.253437815719266,25.34696763812924,3643134
2024-03-26,25.421794891357422,25.702388015271328,25.178613698726313,25.309557277862567,3144354
2024-03-27,25.580793380737305,25.636913088448832,25.3376122264951,25.346965207839325,2855082
2024-03-28,25.59950065612793,25.926860478900835,25.496617856065786,25.496617856065786,5591742
2024-04-01,25.06637191772461,25.79591537432486,24.785778840461795,25.76785643052781,9915624
2024-04-02,24.869962692260742,25.01026109014239,24.617428487508455,25.00090628658983,4445568
2024-04-03,24.785778045654297,25.05701813295355,24.36488662361067,25.05701813295355,5973324
2024-04-04,24.817047119140625,25.182416895249577,24.76083540293875,25.01378356927345,6765660
2024-04-05,24.451679229736328,24.807680717719148,24.404835825515388,24.77020562981647,3319998
2024-04-08,24.723363876342773,24.723363876342773,24.254940773167768,24.451679059742748,4393854
2024-04-09,25.154312133789062,25.238628803507748,24.70462748142524,24.74210074679815,3497376
2024-04-10,24.71399688720703,25.294841639240015,24.592206946746714,25.060630075075583,8374608
2024-04-11,24.685888290405273,24.74210000941902,24.42357179535335,24.545361726815283,4415682
2024-04-12,24.69525909423828,25.060628898464913,24.43294076949152,24.46104754107021,6704358
2024-04-15,24.54536247253418,24.742100761115072,24.40483590467482,24.573469244209765,6285648
2024-04-16,23.627254486083984,24.573469009288804,23.5991477146771,24.367362406329633,7648878
2024-04-17,23.32746124267578,23.674094387555108,23.14009310815934,23.617884493989024,8664288
2024-04-18,23.37360191345215,23.617663554170477,23.270344784496764,23.392375604855932,14559378
2024-04-19,23.889883041381836,24.237201771938565,23.3360519024075,23.3360519024075,13999398
2024-04-22,23.964982986450195,24.274754381881188,23.8992750647202,24.021305888453387,6713130
2024-04-23,23.561342239379883,23.86172495124243,23.514406185115106,23.673986212886977,8558310
2024-04-24,23.260961532592773,23.523796905322722,23.22341414398417,23.458088975257663,5402124
2024-04-25,23.42053985595703,23.551957532610718,22.95119022809326,23.195251888483643,8451618
2024-04-26,24.049463272094727,24.049463272094727,23.458082922915015,23.598887420103637,5084802
2024-04-29,24.15272331237793,24.406171803226723,23.861725611830888,23.936822204992776,6322470
2024-04-30,24.011917114257812,24.47187986935241,23.87111259919989,23.974369730571595,6767598
2024-05-02,24.0682373046875,24.556360542558718,23.814788840887783,24.556360542558718,5759736
2024-05-03,24.63146209716797,24.72533056474725,24.143338760816587,24.23720722839587,5151918
2024-05-06,24.7159423828125,24.762878440301392,24.396785957814494,24.59391155531687,3809496
2024-05-07,24.55636215209961,24.903680913539734,24.38739710723649,24.86613353162227,5739438
2024-05-08,24.63146209716797,24.875523765343658,23.83356733910062,24.556365496869766,8382054
2024-05-09,24.56574821472168,24.622071112037517,23.880497559158254,23.89927307575318,4614276
2024-05-10,24.077625274658203,24.612682761852287,23.852337334923483,24.59390907124681,5207100
2024-05-13,24.922454833984375,25.100808552203667,24.06823910385476,24.255977841405304,10272828
2024-05-14,25.41057777404785,25.795443915886068,24.93184135155203,24.93184135155203,17713830
2024-05-15,25.40118980407715,25.748508548770086,25.288545837521752,25.335481888889923,4872642
2024-05-16,25.95502471923828,26.001958947857332,25.485675128109467,25.81422020714655,6325632
2024-05-17,25.90808868408203,26.020732659087972,25.7766710176142,25.804831554807038,4314804
2024-05-20,26.095829010009766,26.321116957939683,25.823606833858847,25.908088444656645,3974226
2024-05-21,25.992570877075195,26.170922763656247,25.917474288589524,26.01134456763799,5160078
2024-05-22,25.532611846923828,25.96441409727107,25.51383815364521,25.823609571446678,7132758
2024-05-23,25.025711059570312,25.38241665691945,24.92245393583313,25.363642966464415,3563370
2024-05-24,24.46249008178711,24.969387005534518,24.31229873886832,24.950613315948967,5015646
2024-05-27,24.33107566833496,24.640847066448295,24.18088430541697,24.54697677978656,2659650
2024-05-28,24.24658966064453,24.546974180912393,24.124558848774498,24.48126443933571,5746884
2024-05-29,24.21843147277832,24.434332582297117,23.936822441548788,24.13394803291561,3121812
2024-05-31,23.533178329467773,24.06823762501512,23.36421329343065,24.002527883857418,16402416
2024-06-03,23.636436462402344,23.82417702268871,23.34544060281644,23.44869772835049,3482280
2024-06-04,23.636436462402344,23.86172440425218,23.373601138989038,23.495631955304823,3221058
2024-06-05,23.42053985595703,23.861727118210585,23.392377490346817,23.467474088249517,4309704
2024-06-06,23.58950424194336,23.79601851057732,23.063833550403825,23.28911968518172,4607850
2024-06-07,23.767852783203125,24.152720727453715,23.242182166033164,23.242182166033164,6239238
2024-06-10,23.561342239379883,23.75846782334138,23.467471957084882,23.580115930591973,2547246
2024-06-11,23.533178329467773,23.81478915784222,23.36421329343065,23.655209140559702,4119984
2024-06-12,23.223411560058594,23.70214801649168,22.91364015979939,23.60827772917968,11243358
2024-06-13,23.4299259185791,23.645825206136468,22.988736844850585,23.157701901685623,6006474
2024-06-14,24.124557495117188,24.28413750446301,23.40175950950292,23.40175950950292,5743314
2024-06-17,23.533178329467773,24.124558694949346,23.336052758463538,24.124558694949346,5265954
2024-06-18,22.998123168945312,23.533180691972856,22.97934947708254,23.533180691972856,6398970
2024-06-19,23.25157356262207,23.36421754924316,22.829159982469047,23.054446129476467,4603056
2024-06-20,23.27034568786621,23.64582500922194,22.829158444046413,23.542569702492695,6455274
2024-06-21,24.21843147277832,24.21843147277832,23.138927751418954,23.242184883199016,10755900
2024-06-24,24.57513427734375,24.68777824215397,23.918046004479464,24.20904184826913,7126638
2024-06-25,24.753488540649414,24.753488540649414,24.406169793506788,24.575134831414395,9928068
2024-06-26,24.79103660583496,24.79103660583496,24.424944158393693,24.5000407474462,6225876
2024-06-27,24.913066864013672,25.053871367380268,24.537587579624596,24.687778928133334,3559800
2024-06-28,24.105789184570312,24.828587331455715,23.880501213302818,24.744105711906467,8718552
2024-07-01,24.03069305419922,24.162110725642652,23.711534808559655,23.74908219290502,2830704
2024-07-02,23.767852783203125,24.105784676912847,23.683371179451502,24.105784676912847,3566124
2024-07-03,24.0682373046875,24.284138389030787,23.79601515115957,23.936819650355588,6006372
2024-07-04,23.640338897705078,24.336196496801303,23.52749707543428,24.336196496801303,5032578
2024-07-05,23.781391143798828,24.07289995214976,23.696759318220533,23.743777812182785,4518294
2024-07-08,23.649742126464844,23.9506542610114,23.593322130298578,23.87542577001422,2956470
2024-07-09,23.687355041503906,23.95065384065178,23.47107656388698,23.536899891592356,6283812
2024-07-10,23.640338897705078,23.884829207718113,23.508690409962842,23.734374054504435,3952194
2024-07-11,23.894229888916016,23.97886170358808,23.668546269418485,23.696756264495185,6422022
2024-07-12,24.22335433959961,24.35500282552157,23.800197054574475,23.847215547045124,3584076
2024-07-15,24.336196899414062,24.36440689808792,23.92244293442869,24.36440689808792,3055104
2024-07-16,24.06349754333496,24.533669694917705,24.06349754333496,24.26096937134472,3920778
2024-07-17,24.08230209350586,24.298580569039245,23.819003296894497,24.213950577090486,3718002
2024-07-18,24.129318237304688,24.213950056877323,23.819002785166393,23.85661794355538,5000142
2024-07-19,24.232755661010742,24.665316242741266,24.07289719053911,24.345597472356012,6773718
2024-07-22,24.543071746826172,24.63710506755877,24.13872114990784,24.19514297178944,3059898
2024-07-23,24.533668518066406,24.83458065644261,24.36440669797129,24.373810030785343,5816550
2024-07-24,24.60889434814453,24.9098064539719,24.232755587941806,24.373807394337582,10385538
2024-07-25,24.496057510375977,24.77816118044075,24.36440900904959,24.637109345408362,10471014
2024-07-26,25.38938331604004,25.4269966426687,24.449035514787898,24.449035514787898,7075740
2024-07-29,25.67148780822754,25.953591426536143,25.492820841707942,25.502226003130783,6071958
2024-07-30,25.906578063964844,25.972401396208426,25.323562259739,25.558649248064867,3349476
2024-07-31,25.95359230041504,26.292117751449005,25.85015381570115,26.03822412053405,5490864
2024-08-01,26.0194149017334,26.386150313658955,25.73730947217704,25.91597642717359,3515532
2024-08-02,26.705869674682617,26.705869674682617,25.934783678395846,26.066432150065893,5109690
2024-08-05,28.2762508392334,28.2762508392334,26.25450337538448,26.376748519818822,11493258
2024-08-06,27.618009567260742,28.25744718269424,27.270080760774277,28.163412024019642,11466942
2024-08-07,27.740253448486328,27.787271940381594,26.875134053253586,27.176044351837966,12093018
2024-08-08,27.176044464111328,27.69323690044324,27.02558931419756,27.335904775996703,8545764
2024-08-09,27.589797973632812,27.589797973632812,26.95976555698447,27.27007918439776,6228834
2024-08-12,27.176044464111328,27.890708713004397,26.734082346899495,27.74025356309063,7887150
2024-08-13,28.210424423217773,28.210424423217773,27.157234830077474,27.27007663753686,13022442
2024-08-14,28.210424423217773,28.586563171601753,27.75905719338023,28.116389278761297,11111472
2024-08-15,27.55218505859375,28.219830814804464,27.495763234024857,28.219830814804464,7320540
2024-08-16,27.599199295043945,28.003548046233846,27.5333741437404,27.683831109736516,4410888
2024-08-19,27.33590316772461,27.92832222943814,27.232464686543896,27.79667375232869,5592354
2024-08-20,26.593029022216797,27.514568363967463,26.574220528781783,27.36411322258152,10868100
2024-08-21,26.611835479736328,26.70587062841371,26.05702974903759,26.536606994906023,13299984
2024-08-22,26.23569679260254,26.55541373783899,26.05702982663922,26.470783750275114,5654574
2024-08-23,26.19808006286621,26.367343686718275,26.14166007454346,26.367343686718275,5131824
2024-08-26,26.075838088989258,26.301521728544678,25.953592936683584,26.282715063488748,2151384
2024-08-27,26.02882194519043,26.132260434502047,25.756121637559357,26.132260434502047,8176014
2024-08-28,26.32973289489746,26.32973289489746,25.784332266296797,25.887770758138146,6871026
2024-08-29,26.160465240478516,26.282710370958476,25.906571648669505,26.09464009509309,5153040
2024-08-30,25.915979385375977,26.019417871742863,25.652682417955965,25.868962723137443,12926052
2024-09-02,25.55864715576172,25.991207764292206,25.511630493722365,25.887769278363518,2424846
2024-09-03,25.464611053466797,25.737311342018852,25.42699772523673,25.71850467790382,5974854
2024-09-04,25.67148780822754,25.97239809049778,25.483417509727126,25.615065986900607,7546266
2024-09-05,26.245100021362305,26.480186978110552,25.699697623107255,25.699697623107255,5157222
2024-09-06,25.803138732910156,26.16047087040141,25.57745508507966,26.151067537528657,5438028
2024-09-09,25.812541961669922,25.981805611581176,25.662086806870505,25.765525297495785,2823360
2024-09-10,25.521032333374023,25.756119288704486,25.36117203290643,25.615065651952612,3116202
2024-09-11,25.370576858520508,25.643278986780423,25.314156864051487,25.483418676900655,3872634
2024-09-12,25.34236717224121,25.408192329371527,24.9474217177857,25.238928685003362,11076894
2024-09-13,25.107280731201172,25.803138329560664,25.097877398475408,25.803138329560664,5913654
2024-09-16,25.38938331604004,25.5492417836538,25.191909692355665,25.248329682298653,5090514
2024-09-17,25.417598724365234,25.70910572670543,25.229528392283445,25.398792057045526,4290528
2024-09-18,25.7373104095459,26.010012517659884,25.3047516622458,25.314154993962628,7654590
2024-09-19,25.774927139282227,26.010014105437776,25.511630176254112,25.803137136154792,7711200
2024-09-20,25.36117172241211,26.000609257569916,25.32355839544117,25.69969715347648,14403216
2024-09-23,25.248329162597656,25.248329162597656,25.050857372419912,25.14489251649794,4502790
2024-09-24,24.96622657775879,25.370575335506405,24.81577143876456,25.3047520125773,4524210
2024-09-25,24.63710594177246,25.116683212294006,24.524264123447267,24.919211402306495,3707802
2024-09-26,24.702926635742188,24.985030215875106,24.496049701275766,24.815768433683708,3823776
2024-09-27,24.166929244995117,24.93801522043791,23.903632308772465,24.63710312943924,10885032
2024-09-30,23.96946144104004,24.232758421020083,23.809601122919,24.072899932341244,7527906
2024-10-01,24.73114013671875,24.872191946797628,24.11051107470647,24.307984706482117,11266206
2024-10-02,24.73114013671875,25.173104060482324,24.552474998470046,25.173104060482324,3645786
2024-10-03,24.129318237304688,24.571282170199265,24.129318237304688,24.449037021679707,7544226
2024-10-04,23.985979080200195,24.146641054477108,23.730809305144994,23.919823068064176,6443034
2024-10-07,23.73080825805664,24.193894806663558,23.381130697652182,24.165541180634957,8060040
2024-10-08,23.570146560668945,23.910373555710883,23.570146560668945,23.768612767436114,5063892
2024-10-09,23.589048385620117,23.636301366414774,23.154313607759736,23.390582189007787,7550856
2024-10-10,23.239368438720703,23.607947167193466,23.163761838532494,23.51343937661751,3629364
2024-10-11,23.040903091430664,23.286622252587286,22.776282739206188,23.154312076475048,4181388
2024-10-14,23.333879470825195,23.815867285198273,23.333879470825195,23.72136131268402,7606956
2024-10-15,23.49454116821289,23.796963930075542,23.428385154821882,23.607950163570745,5354796
2024-10-16,24.184446334838867,24.241149914601365,23.20156773788492,23.409484540955702,10981116
2024-10-17,23.948177337646484,24.15609229857023,23.825317744930768,23.910373113138803,6726492
2024-10-18,23.778060913085938,24.061584299047965,23.39058097477219,24.061584299047965,6901728
2024-10-21,23.948177337646484,24.335657308728745,23.579598559499342,23.730809941617732,8457942
2024-10-22,23.872568130493164,24.033230091602864,23.58904659003199,23.69300313986711,6765354
2024-10-23,23.29607582092285,23.891472608724865,23.211018611626137,23.560696206915413,5684052
2024-10-24,23.62685203552246,23.65520382551755,23.15431484772101,23.248822653008798,5478624
2024-10-25,23.09760856628418,23.693003441094916,23.0881561320872,23.532341477942595,6147846
2024-10-28,23.078704833984375,23.46618659468611,23.003100071808202,23.41893177968879,1904646
2024-10-29,22.662872314453125,23.13540941567956,22.53056214674618,23.078704007441072,6034014
2024-10-30,23.24881935119629,23.286621732487692,22.521112479513462,22.61562027137919,5265138
2024-10-31,23.003101348876953,23.2393699210689,22.965297127052867,23.059804923657108,6184464
2024-11-01,22.965299606323242,23.220471236293513,22.88969483178762,23.107062235852563,5189250
2024-11-04,23.79696273803711,23.84421755627429,22.94639623477855,23.248820820129566,6170286
2024-11-05,24.52467155456543,24.91215337183498,23.645753195495132,23.65520379214683,8703558
2024-11-06,24.108837127685547,24.5624730714981,23.560693389139168,24.108837127685547,11508762
2024-11-07,24.21279525756836,24.609725784815865,23.9009200898928,24.052131456657953,8240886
2024-11-08,24.052133560180664,24.089937784156135,23.40948381624672,23.589048823877295,10812408
2024-11-11,24.061586380004883,24.08993816946189,23.5890492011716,24.052133944881767,6188340
2024-11-12,23.834762573242188,24.269495421454277,23.82531197906173,23.82531197906173,8638890
2024-11-13,24.297849655151367,24.48686523510234,23.589045826928185,23.674101183132656,9388284
2024-11-14,24.033231735229492,24.364008114147403,23.863119167046282,24.09938774646802,4709238
2024-11-18,24.278949737548828,24.50576770992457,23.77806081465127,23.787511410280484,4963524
2024-11-19,24.36400604248047,24.73258477440172,24.033229691688412,24.17499045956009,3304902
2024-11-21,23.97652816772461,24.184444958966846,23.834767387745764,24.09938775552459,5962206
2024-11-22,24.5908260345459,24.666432641676803,23.8631191059714,24.174992453281973,4598160
2024-11-25,23.891469955444336,24.742036438038863,23.85366757268285,24.713684650967746,14437488
2024-11-26,24.307302474975586,24.70423299281213,23.82531476094649,24.042680291114007,5287272
2024-11-27,23.541791915893555,24.496316770131905,23.466187151922046,24.326204212558753,6896220
2024-11-28,23.18266487121582,23.551243628979048,22.965297487208375,23.362229871443656,4094790
2024-11-29,22.719579696655273,23.296075277530417,22.558917717186773,23.154314491100862,15545922
2024-12-02,22.738483428955078,23.059807397792788,22.502214831413372,22.7290309935069,8657658
2024-12-03,22.738483428955078,23.031455607360787,22.26594623387167,22.965299591048602,9324126
2024-12-04,23.201566696166992,23.352779912686014,22.710128339073652,22.719578935276417,9018534
2024-12-05,23.412216186523438,23.668138974987112,23.11837761320581,23.222642794443466,5393760
2024-12-06,22.881410598754883,23.374299179515607,22.653923277778674,23.27003400372958,6923760
2024-12-09,22.938283920288086,23.06150606853626,22.682361138854432,22.682361138854432,5956902
2024-12-10,23.213165283203125,23.355344411196896,22.919326697556876,23.156292525567608,5920080
2024-12-11,23.886144638061523,24.265291400943042,23.004632655707276,23.402734543857072,9346974
2024-12-12,23.37430191040039,23.943020279285857,23.184730350147493,23.563875314716675,16590708
2024-12-13,22.369564056396484,23.270032971596105,22.33165011926983,23.213162065906126,9992940
2024-12-16,22.085206985473633,22.540179786784098,22.037812717543687,22.36956521680057,8132460
2024-12-17,22.616010665893555,22.871933455991456,22.094686600439548,22.18947145302153,13940442
2024-12-18,21.156299591064453,22.52122160995352,21.156299591064453,22.51174312568828,12796410
2024-12-19,21.507009506225586,21.725018337167505,21.118386110756102,21.15630004863709,9606564
2024-12-20,21.56388282775879,21.961986596341085,21.345873972404355,21.345873972404355,23527830
2024-12-23,21.44066047668457,21.924070610652848,21.213173137868523,21.459617447575358,6791772
2024-12-26,21.36483383178711,21.696584529736334,21.251090155784585,21.326918043743987,6574308
2024-12-27,20.852983474731445,21.554402405425964,20.68236890642937,21.516488466706207,7502712
2024-12-30,20.852983474731445,21.47857452798645,20.79611256665181,20.815069536011688,7792392
2025-01-02,20.625497817993164,21.042558553804376,20.255831353467762,20.72028451650147,8084622
2025-01-03,19.715551376342773,20.72976412642637,19.66815894654949,20.64445775279846,9076368
2025-01-06,20.767677307128906,20.767677307128906,19.677634962157676,19.753462840307417,13412082
2025-01-07,20.236873626708984,20.957249557963948,19.99990781132082,20.852984377905564,7045038
2025-01-08,20.028343200683594,20.19895776010485,19.58284706766271,20.03782168487016,8054838
2025-01-09,19.999910354614258,20.075740089044146,19.63972234318338,19.91460397795205,5371728
2025-01-10,19.87668800354004,19.980953195886027,19.14683350118159,19.924082278641013,10831482
2025-01-13,19.857730865478516,20.066261248430997,19.573372593498544,19.84825237935008,8494050
2025-01-14,19.943038940429688,19.952517426489557,19.29849266804147,19.743987045045582,11440116
2025-01-15,20.42644691467285,20.64445575879175,19.93355831617616,20.255830495769697,5335314
2025-01-16,19.715551376342773,20.43592737358118,19.677637432508146,20.312705212055228,8636238
2025-01-17,20.12312889099121,20.217915580916387,19.601804862497463,19.715548521595043,7015152
2025-01-20,20.331661224365234,20.426447923541506,19.933559300700892,20.009387184791247,3785934
2025-01-21,20.75819969177246,20.78663514726957,20.227395302176735,20.293746542399926,5496678
2025-01-22,19.81981658935547,20.966729988277997,19.658678639741193,20.852986312576387,15658530
2025-01-23,19.800859451293945,20.16104744731663,19.725029720107916,19.90512464015096,9602280
2025-01-24,19.696592330932617,19.98095056788429,19.696592330932617,19.74398475573682,4891920
2025-01-27,19.620763778686523,19.725028963544393,19.042566941236515,19.28901125305936,17111418
2025-01-28,19.905122756958008,20.18948099489197,19.71554936895988,19.743984823940632,7104708
2025-01-29,20.331661224365234,20.426447923541506,19.9240808151896,19.97147324274607,9059130
2025-01-30,20.90037727355957,20.90037727355957,20.2842665628623,20.34113746966676,7276578
2025-01-31,19.990428924560547,21.127865553194404,19.990428924560547,20.919335197267664,15597942
2025-02-03,19.459623336791992,20.047298528584935,19.203700596570744,20.047298528584935,10828830
2025-02-04,19.023611068725586,19.535456692982006,19.023611068725586,19.450150318314893,6263820
2025-02-05,18.720291137695312,19.118392985293468,18.568631710365842,19.118392985293468,18198636
2025-02-06,18.957260131835938,18.957260131835938,18.653943069823676,18.90038737593095,13791114
2025-02-07,19.071001052856445,19.35535925923645,18.871949201952628,19.146828924390835,8739258
2025-02-10,18.7392520904541,19.50702049783441,18.5022862594261,19.32692742516608,9318720
2025-02-11,18.938302993774414,19.232139723818406,18.634985934444007,18.834037812256565,12900756
2025-02-12,18.606550216674805,18.729772366903184,18.265319221258547,18.71081539672393,8418978
2025-02-13,18.49280548095703,18.682377015838178,18.1894884434588,18.606549139510975,8595234
2025-02-14,18.957260131835938,19.108917740810423,18.597072157981977,18.701337340421716,5445270
2025-02-17,18.67289924621582,19.232139075855933,18.369584041167872,19.04256568965356,5791560
2025-02-18,18.208446502685547,18.79612179972136,18.028353441563077,18.79612179972136,14106498
2025-02-19,17.876697540283203,18.142098836749977,17.66816715988927,18.04731213256515,6453846
2025-02-20,18.350627899169922,18.388541840495435,17.72503680291916,17.838780470958998,9512826
2025-02-21,18.066268920898438,18.388542974224716,17.99991951948807,18.369586002393184,5338680
2025-02-24,17.914613723754883,18.454896714302276,17.73452062294819,18.227409333446918,10577604
2025-02-25,17.450157165527344,18.104183722470122,17.450157165527344,17.990440053613263,7847880
2025-02-26,17.336414337158203,17.336414337158203,16.578124404058634,17.336414337158203,24805992
2025-02-27,17.48807144165039,17.620772069851704,17.24162531034721,17.374327782611672,7806876
2025-02-28,16.473857879638672,17.53546480632766,16.25584903443401,16.82456736017155,26264898
2025-03-05,16.90039825439453,17.20371348640053,16.815090038615118,16.966747654618118,24909012
2025-03-06,16.881441116333008,16.985704458512735,16.521253129340245,16.843525329658842,24416964
2025-03-07,16.881441116333008,17.080491159103115,16.521253129340245,16.74873862906846,16164042
2025-03-10,16.90039825439453,17.0046634416664,16.65395393686589,16.786654581376435,13368936
2025-03-11,16.767698287963867,16.957269854617984,16.530732446598638,16.796133746352467,12715524
2025-03-12,17.611295700073242,17.611295700073242,16.758217232811756,16.805611505472598,12448896
2025-03-13,17.6586856842041,17.886172998107973,17.450155339115035,17.611293262167095,21314022
2025-03-14,18.180011749267578,18.3506281759322,17.620773730028684,17.72503707024634,14937594
2025-03-17,19.17526626586914,19.23213901918756,18.123139692142054,18.388540956792795,13637910
2025-03-18,18.61602783203125,18.947780326858542,18.61602783203125,18.92882151350179,12347814
2025-03-19,18.78664207458496,18.995172421331603,18.616027509832428,18.72029268320575,7143060
2025-03-20,18.59707260131836,18.767687184974033,18.473850445327226,18.739251728375308,7209462
2025-03-21,18.767688751220703,18.77716723754463,18.492808959699776,18.634988098622205,14125776
2025-03-24,18.653945922851562,18.91934724016454,18.578118028798468,18.89091177989463,9610848
2025-03-25,18.180011749267578,18.786644039941454,17.857739555013637,18.76768706899279,15747372
2025-03-26,18.1705322265625,18.32218982955805,17.76295184224221,18.255840435025153,9083406
2025-03-27,18.19896697998047,18.454891595505185,18.104182134300736,18.170531526276548,11527530
2025-03-28,18.3316707611084,18.502285339578513,17.96200246030714,18.198968279554304,7992312
2025-03-31,18.056787490844727,18.265317835117774,18.018873553363484,18.246360866377152,7774440
2025-04-01,18.018875122070312,18.26531942527982,17.89565297046556,18.09470484769757,6753420
2025-04-02,18.464370727539062,18.464370727539062,18.05678850057148,18.09470428423606,7517808
2025-04-03,18.881431579589844,19.127875901023966,18.416978394410904,18.483329639749357,7606956
2025-04-04,18.57605743408203,18.861403290355657,18.27168691698462,18.861403290355657,12124332
2025-04-07,18.45240592956543,19.06114506754434,18.071944199637084,18.471428738491678,9899712
2025-04-08,18.43338394165039,18.908961587859697,18.26217495275303,18.395338322103367,13502862
2025-04-09,20.145462036132812,20.193019058933746,18.309733198999545,18.43338330874979,17598978
2025-04-10,19.584280014038086,20.678108198215778,19.403561476010452,19.974255004854236,15916794
2025-04-11,20.335691452026367,20.706641737931182,19.555743415954055,19.71743912505074,10428072
2025-04-14,20.392759323120117,20.697127926213007,20.097902123219658,20.697127926213007,6282588
2025-04-15,21.686336517333984,21.686336517333984,20.25960343779942,20.25960343779942,19828188
2025-04-16,20.297645568847656,21.496101001422254,20.259599952089015,21.496101001422254,20305548
2025-04-17,19.67939567565918,20.135950493283897,19.12772681308581,20.135950493283897,8820552
2025-04-22,19.165773391723633,19.41307362192131,18.851891476256785,19.175284796695244,9080448
2025-04-23,19.37502670288086,19.86011572577792,19.20381772393615,19.346490639411563,11330364
2025-04-24,19.118213653564453,19.365515723068913,18.661660684128346,19.222840953998084,10242024
2025-04-25,19.118213653564453,19.403561341238305,18.8709134345278,19.156261122201652,6849504
2025-04-28,18.96603012084961,19.298934845109375,18.794822981484295,19.165773325499046,5353878
2025-04-29,18.975540161132812,19.080167458402467,18.813844438334847,18.92798313985922,6798810
2025-04-30,18.928518295288086,19.081169028466494,18.651841857591535,18.976222345450026,6644382
2025-05-02,19.08116912841797,19.24335844513855,18.709086444564985,18.899897077862754,8233950
2025-05-05,19.043004989624023,19.224277035160384,18.96668148086468,19.128870793094745,5817672
2025-05-06,18.556432723999023,19.224274473345876,18.327458516001027,19.10978736934688,8083908
2025-05-07,15.81828784942627,17.440186474856258,15.78966653479244,17.077644254478603,25396878
2025-05-08,15.56069278717041,16.82004923120613,15.322178112272507,16.028181698459615,48284352
2025-05-09,14.7879056930542,15.703801740889464,14.444444327094132,15.694261302066948,31111428
2025-05-12,15.32217788696289,15.32217788696289,14.530308509744216,14.826067667449086,12286104
2025-05-13,15.455745697021484,15.741963502095777,15.245853258672506,15.274475503209061,10570464
2025-05-14,14.48260498046875,15.465284953352231,14.263172120071784,15.455744515255605,17761362
2025-05-15,14.597095489501953,14.816528386994953,14.310877657925934,14.453986109684775,13467978
2025-05-16,14.520769119262695,14.749743368810801,14.320417114937241,14.520769119262695,16989630
2025-05-19,14.120061874389648,14.520766745596818,13.833845037299794,14.520766745596818,15661080
2025-05-20,14.167765617370605,14.167765617370605,13.623953231592859,14.110522989864032,11044662
2025-05-21,13.585792541503906,14.205930377559305,13.414061849659728,14.158227252926206,13497558
2025-05-22,13.78614330291748,14.205929091170992,13.538088190957435,13.557169067859526,13166568
2025-05-23,13.9960355758667,13.9960355758667,13.499926285575171,13.652575155194379,8809230
2025-05-26,13.891090393066406,14.196389072825468,13.814765955141201,14.120063706842021,5247696
2025-05-27,14.310874938964844,14.358577128449168,13.900629612992535,13.919710488786265,20737416
2025-05-28,14.263172149658203,14.616173000256547,14.167765912377668,14.453983696161092,16370592
2025-05-29,14.158225059509277,14.263171731831916,13.976954884491128,14.244089928099882,16445970
2025-05-30,14.167765617370605,14.282252728500078,13.78614253231114,14.253630486688628,48258138
2025-06-02,13.709818840026855,14.349038423617955,13.700278401594755,14.301335303399238,8934690
2025-06-03,13.51900577545166,13.891089354645901,13.27095067469428,13.757520438188857,9034650
2025-06-04,13.84338665008545,14.005575957390587,13.356816872053635,13.63349329513781,24885144
2025-06-05,14.272713661193848,14.492146538549049,13.862469222985242,13.862469222985242,12206544
2025-06-06,14.453984260559082,14.816526491488544,14.310875827108374,14.339498070633447,13774488
2025-06-09,14.034198760986328,14.415822804847197,13.757521398791564,14.158226320025095,12721440
2025-06-10,14.081901550292969,14.501687338996677,13.643033956608493,14.034198429928367,12709098
2025-06-11,13.681197166442871,14.005576726934557,13.643034483066922,13.976956338504536,8464878
2025-06-12,13.948333740234375,14.100983541808787,13.490386191627595,13.671656380906226,8855028
2025-06-13,13.242330551147461,13.86246831533169,13.242330551147461,13.8338460726457,8312898
2025-06-16,13.423601150512695,13.719359384484559,13.280491788750568,13.356817152913658,6366840
2025-06-17,13.461764335632324,13.67165677477851,13.290033651935488,13.509466529944012,16098150
2025-06-18,13.662116050720215,13.976956094954607,13.452223615955521,13.843387169495363,25939212
2025-06-20,13.356818199157715,13.891091149858013,13.356818199157715,13.58579245346617,16705254
2025-06-23,13.84338665008545,13.910170646280188,13.137384006858978,13.337735995443195,8473140
2025-06-24,14.320417404174805,14.473067216309454,13.84338801733418,13.929253826678135,9443976
2025-06-25,14.7879056930542,15.05504169231764,14.034198961318202,14.186848766653206,20136738
2025-06-26,14.539849281311035,15.226770096164,14.520767477300886,14.931012806675636,16905990
2025-06-27,14.301335334777832,14.6161735159608,14.291793968266584,14.43490332923673,11592198
2025-06-30,14.425363540649414,14.597094224715168,14.253631928525405,14.358578612353075,10035372
2025-07-01,14.492144584655762,14.587551744306639,14.158224630197392,14.482604147108113,7734456
2025-07-02,14.425363540649414,14.673418663836085,14.310876417938912,14.473066663121834,19794426
2025-07-03,14.520769119262695,14.72112112358815,14.358578871156409,14.473066923988736,8337378
2025-07-04,14.671260833740234,14.728794312046375,14.345232193363579,14.556191078807023,5260344
2025-07-07,14.153450012207031,14.77673957163114,14.095915605687475,14.527423188197355,14182692
2025-07-08,13.616462707519531,14.469888971440389,13.405503836030297,14.431532388999807,14818662
2025-07-09,13.2424898147583,13.856189550519126,13.089064414431293,13.61646300379003,16921596
2025-07-10,13.367147445678711,13.568518340418525,12.945229696637183,13.127420900720718,22784454
2025-07-11,13.204133987426758,13.367147365422474,13.079476259418934,13.367147365422474,9707442
2025-07-14,13.069887161254883,13.37673608789336,12.964406326965845,13.175366129996767,6304416
2025-07-15,12.810982704162598,13.213722646379154,12.810982704162598,13.079476931747273,7158156
2025-07-16,13.232900619506836,13.280846114383364,12.686324216571013,12.878105263303542,9358398
2025-07-17,13.434271812438965,13.53016187156693,13.021942039699981,13.23290091600039,11427162
2025-07-18,12.973995208740234,13.367147144019377,12.973995208740234,13.232900505738138,9095442
2025-07-21,13.434271812438965,13.501394200887018,13.05070877760629,13.13700992409882,9142260
2025-07-22,13.463037490844727,13.731531705977636,13.290435199484364,13.376736345164545,8778834
2025-07-23,13.587695121765137,13.673998132371871,13.28084619143178,13.424681744122239,6505560
2025-07-24,13.645230293273926,13.712352679776643,13.443860335445049,13.549339304151465,7480884
2025-07-25,13.463037490844727,13.789066114022289,13.376736345164545,13.741120618522812,4697610
2025-07-28,13.223310470581055,13.61646240020982,13.127420415804117,13.463037006683736,3344682
2025-07-29,13.28084659576416,13.376736656219288,13.14659995146281,13.18495653530903,4476678
2025-07-30,12.99317455291748,13.376736660405253,12.820572257489513,13.261667841604199,8442846
2025-07-31,12.916461944580078,13.021941847560724,12.53289984818048,12.85892660406919,8129502
2025-08-01,13.13701057434082,13.18495700543841,12.964407340038823,13.012352838362764,6726798
2025-08-04,14.258931159973145,14.335643397783581,13.309614768538163,13.424682658866992,16595808
2025-08-05,14.383588790893555,14.604136589580492,14.009615584935423,14.393177703952947,16918638
2025-08-06,17.068525314331055,17.327431575067354,15.821947905811252,15.821947905811252,53127210
2025-08-07,16.87674331665039,17.241127585509716,16.56030360992499,16.886332229077176,29952504
2025-08-08,16.9246883392334,17.07811467333037,16.569892973148377,16.67537287825984,15293574
2025-08-11,16.66578483581543,17.087704478292803,16.55071601200772,16.761675833246407,9708156
2025-08-12,16.867156982421875,17.001403642464055,16.73291032237969,16.867156982421875,7936416
2025-08-13,16.800031661987305,16.982224745569443,16.74249818225442,16.86715592055634,13093434
2025-08-14,16.857566833496094,16.982224570513015,16.521949275205213,16.60825135946225,6553296
2025-08-15,16.75208854675293,17.145239622294437,16.43564878416733,16.963048388476665,7836864
2025-08-18,16.732908248901367,17.02057936112358,16.68496181983285,16.79044172512692,3937506
2025-08-19,16.637020111083984,16.7904446062257,16.368526778199094,16.589075539335806,11204598
2025-08-20,17.16441535949707,17.26030635455763,16.637017684984883,16.732908680045444,12649632
2025-08-21,17.509620666503906,17.624689479870955,17.06852323767236,17.06852323767236,15434844
2025-08-22,17.902772903442383,18.142499459035328,17.289073144990112,17.528799700583058,8743236
2025-08-25,17.365787506103516,18.084967222236042,17.365787506103516,17.989076220308892,7849614
2025-08-26,17.356197357177734,17.605512825115422,17.068524371870755,17.346608444222227,10135536
2025-08-27,17.854827880859375,17.854827880859375,17.432908258368414,17.538388163991154,12232044
2025-08-28,18.075376510620117,18.200034241061346,17.672634715696745,17.93153908926336,6744954
2025-08-29,16.828798294067383,18.372637575793718,16.828798294067383,17.969897623601018,16696380
2025-09-01,16.9246883392334,16.934277251921056,16.157564130937406,16.7808527833713,19780962
2025-09-02,16.675373077392578,17.068524098923135,16.454824351848263,16.531537519812836,25957980
2025-09-03,16.358936309814453,16.608251790316075,16.186332136822646,16.589073963438622,9172350
2025-09-04,16.713729858398438,16.723318770778494,16.31098807624745,16.330165901007565,5137842
2025-09-05,16.637020111083984,17.212364299799848,16.445238092996185,16.780855691876067,8801886
2025-09-08,16.33016586303711,16.828796767829257,16.042494761209994,16.72331873189389,11670330
2025-09-09,16.541126251220703,16.62742833104103,16.282221877306934,16.435646346006347,10182252
2025-09-10,16.72332000732422,16.847977743029475,16.43564701801012,16.43564701801012,4949346
2025-09-11,16.838388442993164,17.068524217389697,16.512359808814928,16.876744094468044,6915294
2025-09-12,17.317840576171875,17.490444747804734,16.589073832829552,16.589073832829552,10916040
2025-09-15,16.637020111083984,17.221953214149483,16.560306930739358,17.20277538545021,12516828
2025-09-16,16.771263122558594,16.780852034818516,16.608249748592808,16.761674210298672,10364220
2025-09-17,17.787702560424805,17.960306710392175,16.72331838633018,16.780851859287896,16790526
2025-09-18,17.39455223083496,18.056198388448994,17.33701875567575,17.643867687619245,8083704
2025-09-19,17.37537384033203,17.528798301310857,16.982222842896917,17.442496225833402,11603520
2025-09-22,16.886335372924805,17.2890753664722,16.723321965772943,17.260308623836142,8176728
2025-09-23,17.5479793548584,17.75893919349134,16.78085504325357,16.828799613148572,7543002
2025-09-24,17.528799057006836,17.71099212803088,17.327430026274243,17.57674548569342,7855428
2025-09-25,16.90550994873047,17.42331867874328,16.895921036363355,17.42331867874328,5779830
2025-09-26,17.058935165405273,17.193181810019823,16.905510695209678,17.116470507695645,6985470
2025-09-29,17.356197357177734,17.356197357177734,16.953455550857413,17.260306362075408,16047456
2025-09-30,17.663047790527344,18.02743211016882,17.154827898891387,17.519212218532864,11539158
2025-10-01,17.49044418334961,17.83565064992741,17.25071762591063,17.78770421911124,6745158
2025-10-02,17.279483795166016,17.452087955535788,16.943866252711214,17.442497177251045,5618568
2025-10-03,18.056198120117188,18.065787032501223,17.164414344024674,17.164414344024674,9688980
2025-10-06,18.02936363220215,18.31829507508048,17.82711049795504,17.971576219394205,9053622
2025-10-07,17.798215866088867,18.116040045255296,17.538177219963508,18.067885434387737,8076666
2025-10-08,18.308664321899414,18.530179304565834,17.7596923268687,17.7596923268687,18095718
2025-10-09,18.19308853149414,18.973204437072766,17.95231173983849,18.308661466437663,19391934
2025-10-10,17.981204986572266,18.376078410818206,17.913788532386985,18.202719940621527,6950586
2025-10-13,17.961944580078125,18.202721397450556,17.894528120497263,18.125672141352037,3496152
2025-10-14,18.04862403869629,18.231613438262062,17.75969074514778,17.90415832878219,12656874
2025-10-15,18.867263793945312,19.146566166677157,18.05825506431464,18.05825506431464,29196684
2025-10-16,18.809480667114258,18.934684548946592,18.47239271642088,18.65538401417921,7624602
2025-10-17,18.857633590698242,18.925051924265595,18.482021978961146,18.636120491766412,6162738
2025-10-20,18.751693725585938,19.03099423951085,18.520547826572074,18.98283775087938,6372450
2025-10-21,18.857633590698242,19.098410409021024,18.67464418310753,18.73242972011921,3843972
2025-10-22,18.7324275970459,18.838369609947243,18.539807288450877,18.77095315774105,4976172
2025-10-23,18.674644470214844,18.96357590715611,18.48202226310705,18.80947926570213,4502994
2025-10-24,18.857633590698242,18.973206538441993,18.68427510594281,18.770955285180722,4783494
2025-10-27,19.069517135620117,19.368081356770023,19.021362522718686,19.262139334666532,7520358
2025-10-28,18.71316909790039,19.146568148704837,18.65538355711074,19.146568148704837,5663958
2025-10-29,18.97320556640625,19.213982372393552,18.68427414870961,18.73242876041895,11759886
2025-10-30,19.127304077148438,19.271769786040803,18.65538138737182,18.87689634874292,8171016
2025-10-31,19.26214027404785,19.522178943837904,19.088779911707526,19.26214027404785,8737728
2025-11-03,19.098411560058594,19.791849288313742,18.944314911686508,19.676276333604548,8139294
2025-11-04,18.761323928833008,19.136935531890956,18.742060209887175,19.05025535465594,11942670
2025-11-05,19.45475959777832,19.965205987782515,17.682643616587875,18.761323805613525,26667288
2025-11-06,20.186721801757812,20.205983647665835,19.271771005083743,19.502916903420868,11476122
2025-11-07,20.706798553466797,20.706798553466797,20.128935697605463,20.128935697605463,10038330
2025-11-10,21.303926467895508,21.380975727924316,20.754956345566757,20.86089837546119,12910344
2025-11-11,22.05514907836914,22.05514907836914,21.207616611569588,21.390606022393,15429540
2025-11-12,22.006994247436523,22.064781658622536,21.650644478570754,21.881790375873976,14792550
2025-11-13,21.8432674407959,22.132198885572183,21.515810429321093,21.99736408642855,6876738
2025-11-14,22.016624450683594,22.247770340431284,21.746954870551402,21.814371328724274,4731678
2025-11-17,22.257400512695312,22.334449764587205,21.88178892294786,21.958838174839755,9120534
2025-11-18,22.77747917175293,22.816004736861878,21.89142115377353,22.064781512462794,14728392
2025-11-19,22.34408187866211,23.076043252655953,22.161090598303456,22.93157753715829,17183838
2025-11-21,22.035886764526367,22.546333167858347,21.872159203189806,22.315189146915124,13355778
2025-11-24,22.34408187866211,22.34408187866211,21.824004553382377,21.987732114450342,19379796
2025-11-25,22.08404541015625,22.536704447192935,21.660277270625052,22.45965705725677,9651954
2025-11-26,22.71006202697754,22.806373126264948,22.07441176963319,22.141828227530137,12305892
2025-11-27,22.787109375,23.01825526347267,22.27666298533966,22.642643663134663,5096124
2025-11-28,23.12419891357422,23.12419891357422,22.68117082423714,22.68117082423714,10987134
2025-12-01,22.59449005126953,23.076043694631867,22.450024333004915,23.076043694631867,6854094
2025-12-02,23.413129806518555,23.413129806518555,22.64264472463573,22.64264472463573,9190506
2025-12-03,23.17235565185547,23.451656175706177,23.00862620789844,23.364975992065425,11867700
2025-12-04,23.19161605834961,23.65390597037848,22.82563537358485,23.519071178488346,12420744
2025-12-05,22.035886764526367,23.259032697451083,21.92031381719456,23.23977085184918,13802028
2025-12-08,22.608888626098633,22.88046649385763,22.10452918969492,22.52159506611198,11294460
2025-12-09,22.919261932373047,23.006555489081897,22.01723480297976,22.337308032613123,6801768
2025-12-10,23.181142807006836,23.336331785597498,22.64768611816786,22.996858489527412,5007792
2025-12-11,23.927982330322266,24.01527589273329,22.928962504548,23.064751442198716,6647952
2025-12-12,24.248056411743164,24.296551784870687,23.811590505677465,23.937680362788523,6711294
2025-12-15,23.957080841064453,24.68452088629719,23.957080841064453,24.4614402788149,9703872
2025-12-16,22.773775100708008,23.530314265824114,22.64768523985532,23.394525330058112,12070374
2025-12-17,22.647686004638672,22.90956481010067,22.026935754326626,22.77377586974925,11764680
2025-12-18,22.37610626220703,22.822269347103163,22.33730807749211,22.482797967958998,8290356
2025-12-19,22.40520477294922,22.50219740984068,21.978439812398186,22.37610754797565,13813554
2025-12-22,22.608888626098633,22.657383999991477,22.29851257224583,22.29851257224583,4863972
2025-12-23,22.685123443603516,23.031386058225326,22.388326108079344,22.823627734660462,4317600
2025-12-26,22.7939510345459,22.952242203926392,22.516940544640246,22.586192695371764,2846500
2025-12-29,23.09074592590332,23.130317773765555,22.319075079304607,22.675231144962403,8437400
2025-12-30,23.19957160949707,23.347969339913778,22.95224142980938,23.23914345701775,4316100
2026-01-02,23.437007904052734,23.84262923996801,23.397434170314913,23.53594035141781,6571500
2026-01-05,23.99102783203125,24.268038317239508,23.387541579639482,23.427115314803327,6024000
2026-01-06,24.386756896972656,24.594515242405613,23.991028961599927,24.17900043851934,6771800
2026-01-07,23.921775817871094,24.4757949044438,23.516154465043634,24.27793188844333,7982100
2026-01-08,24.04049301147461,24.51536839651766,23.872308411704676,23.892095279202206,7115000
2026-01-09,23.704124450683594,24.129532678446175,23.526048299345863,23.98113494217494,9492000
2026-01-12,23.46668815612793,23.812950805547644,23.219357961825224,23.714018350430635,7813100
2026-01-13,23.407329559326172,23.526048883478623,23.140212495217888,23.318290537956745,8482000
2026-01-14,24.04049301147461,24.37686221101448,23.446902082384998,23.496367364149286,9278800
2026-01-15,24.485689163208008,24.53515444712971,23.723911714144204,24.188893685718547,7322800
2026-01-16,24.831951141357422,25.0001357439232,24.178999598920786,24.366969182333445,7950400
2026-01-19,24.337291717529297,24.920991132336397,24.24825269581434,24.920991132336397,3747500
2026-01-20,24.693445205688477,24.733018941745474,23.99102837349311,24.139426109747664,7446000
2026-01-21,25.36618423461914,25.870738059637464,24.75280640677857,25.02981501794026,9798600
2026-01-22,24.386756896972656,25.969670525443217,24.386756896972656,25.49479700299594,22124200
2026-01-23,24.485689163208008,24.70333905423497,24.13942651481722,24.53515444712971,12411700
2026-01-26,24.218570709228516,24.78248321623332,24.010814264323383,24.723124501543214,8389600
2026-01-27,24.653873443603516,24.822058048480017,24.287823931703038,24.52526257492365,8786800
2026-01-28,24.52526092529297,24.822056378886128,24.08006585792376,24.683552085473252,12580300
2026-01-29,24.218570709228516,24.66376578685311,23.82284279966194,24.634085486018297,7725800
2026-01-30,24.238357543945312,24.258144411141984,23.70412345151227,24.188892262933148,9851700
2026-02-02,24.930883407592773,24.930883407592773,24.129532249413174,24.436223037497516,9895800
2026-02-03,26.42475700378418,26.42475700378418,24.930884293551376,25.0100298801,22407600
2026-02-04,25.31671714782715,26.39507687387683,24.69344404313006,26.39507687387683,8117200
2026-02-05,25.989456176757812,26.494009978344966,25.395863358009425,25.514582676550923,11133600
2026-02-06,26.365398406982422,26.474224296605083,25.59372940632612,26.13785508048016,9654100
2026-02-09,26.355504989624023,26.88973911686325,25.781699012392796,26.50390461628801,11492400
2026-02-10,26.414865493774414,26.63251538534475,26.147748431179252,26.55336979868466,10448300
2026-02-11,26.711660385131836,27.12717517771307,26.34561087550901,26.61272793223543,9091200
2026-02-12,26.16753387451172,26.494009637577246,25.534367328733474,26.494009637577246,13111400
2026-02-13,25.67287254333496,26.276356878339655,25.24746434665626,25.435433918274718,10637100
2026-02-18,25.6431941986084,25.692659481862716,25.26725313972861,25.49479646186584,7198000
2026-02-19,26.127962112426758,26.74134183718092,25.4552236681737,25.801486324713323,6710800
2026-02-20,26.207107543945312,26.36539871964837,25.583836275486984,25.860844889477505,8339300
2026-02-23,25.722339630126953,26.02902853582418,25.465116007388133,25.81137864903576,4990600
2026-02-24,25.67287254333496,25.930094261021218,25.17821220058846,25.910309281415742,8357400
2026-02-25,25.168319702148438,26.038921107448942,24.990241670228453,25.742125645568652,6653900
2026-02-26,25.37607765197754,25.603620978703045,24.990243151270843,25.494796975953253,8646800
2026-02-27,24.812164306640625,25.66298075451807,24.67366000562972,25.128746644368164,8890400
2026-03-02,24.218570709228516,24.673659220464714,23.931668682410066,24.48568775580327,7881600
2026-03-03,23.6744441986084,24.149317672620587,23.150103558357788,23.56561831986331,12938200
2026-03-04,24.268037796020508,25.089173913238742,23.882201434378064,24.980348030855037,18365500
2026-03-05,23.73380470275879,24.535153986519926,23.347970211870017,23.97124145768877,14306500
2026-03-06,23.476581573486328,23.743698636016624,23.258931681968843,23.357864137014836,11683300
2026-03-09,23.407329559326172,23.882203081976694,22.80384327826219,23.367757709261785,10056700
2026-03-10,23.486474990844727,24.020709115522177,23.219357928506,23.69423333499028,6495100
2026-03-11,23.694231033325195,23.704122579580165,23.031386102454896,23.120425114585192,6873300
2026-03-12,23.397436141967773,23.64476633773272,22.86320390034491,23.526048900474144,15708300
2026-03-13,23.328184127807617,23.91188354424263,23.15010608388105,23.62497960969879,16113600
2026-03-16,23.110532760620117,23.832736437644613,23.031387178028112,23.832736437644613,7768100
2026-03-17,23.169891357421875,23.486473686172175,22.8335221613798,23.041280493984388,8937700
2026-03-18,22.93245506286621,23.545832865164936,22.85330947911865,23.051172494997775,5836900
2026-03-19,22.863203048706055,23.080852933559225,22.14099746986956,22.3586492417023,13953600
2026-03-20,22.23992919921875,22.96213286760828,22.170677051151195,22.96213286760828,12374000
2026-03-23,23.031387329101562,23.169891627801203,22.467472926582573,22.80384212654988,12958300
2026-03-24,23.298503875732422,23.387542897890253,22.526834866337452,22.863204086271548,16606500
2026-03-25,24.19878387451172,24.337290058280715,23.644764800374297,23.763484116893505,9662700
2026-03-26,23.506261825561523,24.149319951508637,23.32818378425748,23.84263103980702,6141600
2026-03-27,23.051172256469727,23.40732832313812,22.853309242638037,23.298502438993992,4994500
2026-03-30,23.04128074645996,23.44690209548833,22.942348295896558,23.397434926716855,5344100
2026-03-31,23.278717041015625,23.704123362265303,22.655443935523724,23.496366918421007,12401600
2026-04-01,22.51694107055664,23.585407432320366,22.378436765858634,23.387542522483532,10836800
2026-04-02,21.62655258178711,22.25971726916545,21.359435521682016,21.893667754912588,15510800
2026-04-06,21.62655258178711,21.784843753631694,21.131892198027877,21.66612443125845,11642400
2026-04-07,22.129140853881836,22.168869025278745,21.17564011271655,21.672254568997648,14851600
2026-04-08,23.26142120361328,23.380609506649225,22.54629706869904,22.794604296792933,16798200
2026-04-09,23.31108283996582,23.817629833220366,23.0925731523484,23.340880390545692,9203400
2026-04-10,23.65871238708496,23.807696345038213,23.350811954723728,23.589186666335696,10347000
2026-04-13,23.728239059448242,23.787834160566632,23.241557100251345,23.47993182142326,8674800
2026-04-14,24.026206970214844,24.254649156358845,23.638846421499217,23.807695405699945,13402800
2026-04-15,23.89708709716797,24.04607105511169,23.5395259769898,24.02620791663732,9143900
2026-04-16,23.092571258544922,24.383768033507277,23.062773710408724,24.075867613834788,6778600
2026-04-17,22.98331642150879,24.224852561727438,22.98331642150879,23.926884645848485,11090600
2026-04-20,23.201828002929688,23.340879444465127,22.615822792982026,22.864130021114637,7744000
2026-04-22,22.556228637695312,23.191896456517803,22.34765146666801,23.191896456517803,6718900
2026-04-23,21.900697708129883,22.635688802205337,21.731848709939666,22.62575628531957,8938100
2026-04-24,22.367515563964844,22.446973801186783,21.761645321126423,21.900696762656366,4365500
2026-04-27,22.27812385559082,22.55622672673303,22.228461275434192,22.238393791465516,6424700
2026-04-28,21.900697708129883,22.0695467063201,21.572932228635214,22.059614189434335,4910500
2026-04-29,21.304759979248047,21.890765163001813,21.17563916550774,21.731846801221344,7415000
2026-04-30,21.79144287109375,21.920561796170258,21.324624069772497,21.493473060677964,7524000
2026-05-04,21.354421615600586,21.83117103886616,21.086249354601023,21.83117103886616,6932000
2026-05-05,22.01988410949707,22.129139891345506,21.215369255756602,21.225301771782252,8055100
2026-05-06,21.612661361694336,22.31785298018767,21.394151682957066,22.22846222651474,12814700
2026-05-07,20.857807159423828,21.483540540655667,20.69889068500197,21.255098345478473,13334900
2026-05-08,20.82801055908203,21.354422588611445,20.698891628143667,21.12598038302532,13090800
2026-05-11,20.45058250427246,21.04652020281101,20.152614602220048,20.53004073778202,19516200
2026-05-12,20.31153106689453,20.66909217042941,20.242003454952187,20.36119175241963,10096300
2026-05-13,19.3580322265625,20.371126221656215,19.28850650238754,20.28173546359301,18379300
2026-05-14,19.507015228271484,19.695729252020136,19.14945410811496,19.4176244746239,10729900
2026-05-15,19.457353591918945,19.86457727449132,19.07992556282073,19.109723110728602,9907300
2026-05-18,18.990537643432617,19.437489517465156,18.781958586670385,19.377896313147577,11471300
2026-05-19,18.404531478881836,18.980604142564484,18.344936383221288,18.583311082562346,14481000
2026-05-20,19.000469207763672,19.199115757918985,18.424396485633945,18.523719760711604,12899300
2026-05-21,18.523719787597656,18.791892062366394,18.384668338947453,18.742231371972437,8778000
2026-05-22,18.06683349609375,18.38466642822398,17.937712683394775,18.29527567925814,9174200
2026-05-25,18.354869842529297,18.364802358983212,18.056901926647082,18.255546572423956,5717200
2026-05-26,17.888051986694336,18.414463964218623,17.699337972950353,18.384666416437877,6255900
2026-05-27,18.37473487854004,18.50385380359512,17.907917971730058,18.176088338295813,14429400
2026-05-28,18.821687698364258,19.298437097604314,18.34493640469049,18.424394637897166,22733700
2026-05-29,18.563447952270508,18.88128088484786,18.563447952270508,18.742229450453696,23348500
2026-06-01,17.73906898498535,18.563448906653477,17.649678231298005,18.50385380790604,20310700
2026-06-02,17.97744369506836,18.037036899376666,17.580152508956633,17.78872967125261,14974500
2026-06-03,17.391437530517578,17.858254411770858,17.17292786375867,17.828458758469104,13418500
2026-06-05,17.34177589416504,17.600015638616696,17.113333699069504,17.311980239242722,11759600
2026-06-08,17.71920394897461,17.888052939861904,17.18285942694421,17.232522009225065,15593700
2026-06-09,17.97744369506836,18.205885890278378,17.80859470416665,17.878120424931975,12081200
2026-06-10,17.639745712280273,18.0966301026748,17.639745712280273,17.868187907477537,11566500
2026-06-11,17.500694274902344,17.758932125096358,17.143131260120157,17.729136470153716,11837600
2026-06-12,17.34177589416504,17.917850481780604,17.232522002060197,17.232522002060197,7426800
2026-06-15,17.172927856445312,17.878119435980825,17.172927856445312,17.848321888258056,8523000
2026-06-16,17.55035400390625,17.64967726863413,17.08353712244904,17.11333277576381,9268100
2026-06-17,17.391437530517578,17.987375224190803,17.391437530517578,17.62981222910013,8302500
2026-06-18,16.437938690185547,17.480830244994362,16.348547931360965,17.32191376140264,9574200
2026-06-19,16.139968872070312,16.596853235428437,16.110171324464204,16.447869286265295,10987600
2026-06-22,16.676313400268555,16.785567286205122,16.100238845177095,16.239292173221177,12577800
2026-06-23,16.884891510009766,16.924621575832134,16.51739597888809,16.547193528254866,7415800
2026-06-24,16.9643497467041,17.21265697478492,16.586923593572134,16.735907551533863,12169300
2026-06-25,17.083538055419922,17.40137100435975,17.033875473126944,17.093468677444708,5216000
2026-06-26,17.232521057128906,17.401370038687304,16.944483779115412,17.11333276067381,12317100
2026-06-29,17.043807983398438,17.381505965132867,16.894824025441203,17.242454523630624,5000400
2026-06-30,16.696178436279297,16.835231780136294,16.229361502906155,16.775636678011615,12879700
2026-07-01,16.586923599243164,16.934552203128117,16.447870263255375,16.735907557255832,5933900
2026-07-02,16.765703201293945,16.91468905364352,16.517395973289727,16.85509395493017,10661500
2026-07-03,16.954418182373047,17.192792907385194,16.924622525767724,16.954418182373047,4006200
2026-07-06,17.440000534057617,17.469999313354492,16.709999084472656,16.760000228881836,9817100
2026-07-07,17.600000381469727,17.770000457763672,17.360000610351562,17.5,13763300
2026-07-08,17.31999969482422,17.75,17.209999084472656,17.469999313354492,12036400
2026-07-09,18.1299991607666,18.149999618530273,17.290000915527344,17.450000762939453,11654600
2026-07-10,18.770000457763672,19.0,18.3799991607666,18.639999389648438,15285200
2026-07-13,18.200000762939453,18.8700008392334,18.18000030517578,18.75,16397200
2026-07-14,18.600000381469727,18.670000076293945,18.200000762939453,18.309999465942383,10489800
2026-07-15,18.670000076293945,18.770000457763672,18.389999389648438,18.600000381469727,7697100
2026-07-16,18.520000457763672,18.75,18.399999618530273,18.579999923706055,5669400
2026-07-17,18.549999237060547,18.59000015258789,18.139999389648438,18.399999618530273,9347700
2026-07-20,18.690000534057617,18.8799991607666,18.520000457763672,18.56999969482422,11835200
2026-07-21,18.1299991607666,18.75,18.079999923706055,18.700000762939453,13563600
2026-07-22,18.290000915527344,18.479999542236328,17.979999542236328,18.260000228881836,5977700
2026-07-23,18.190000534057617,18.65999984741211,18.079999923706055,18.149999618530273,6172100
2026-07-24,17.979999542236328,18.149999618530273,17.799999237060547,18.110000610351562,5050300
2026-07-27,18.170000076293945,18.299999237060547,17.700000762939453,18.100000381469727,5217300
2026-07-28,18.200000762939453,18.889999389648438,18.100000381469727,18.75,4755700
2026-07-29,17.760000228881836,18.260000228881836,17.700000762939453,18.239999771118164,4691400
2026-07-30,18.25,18.280000686645508,17.8700008392334,17.899999618530273,5106900
2026-07-31,18.479999542236328,18.670000076293945,18.18000030517578,18.530000686645508,6254000
2026-08-03,18.850000381469727,18.93000030517578,18.40999984741211,18.690000534057617,10783800
2026-08-04,19.40999984741211,19.56999969482422,19.010000228881836,19.299999237060547,13930900
2026-08-05,20.549999237060547,20.84000015258789,19.360000610351562,19.639999389648438,26545400
2026-08-06,20.1200008392334,20.700000762939453,20.010000228881836,20.200000762939453,13320600
2026-08-07,20.219999313354492,20.270000457763672,19.90999984741211,20.209999084472656,7148700
