Date,Close,High,Low,Open,Volume
2021-05-05,10.122916221618652,10.829768858949265,9.29284942878878,9.370668862154838,10680015
2021-05-06,10.375824928283691,10.667644751577312,10.122914499034009,10.369340239955003,1678691
2021-05-07,10.76491928100586,10.959466258676441,10.064550793427687,10.473098814499986,2348389
2021-05-10,10.298007011413574,10.959466766120388,10.285037633658979,10.92704205766199,1054061
2021-05-11,10.473098754882812,10.473098754882812,9.824609675720234,10.168308912957837,1737863
2021-05-12,10.33691692352295,10.615767407636737,10.19424933686594,10.33691692352295,360142
2021-05-13,10.213704109191895,10.323947618596343,10.006187732947744,10.239644130249406,616453
2021-05-14,10.375824928283691,10.512007807437467,9.986731619880233,10.239642681165817,2456207
2021-05-17,10.596311569213867,10.596311569213867,10.181278864282875,10.369340519202487,1382217
2021-05-18,10.32394790649414,10.764920692337098,10.32394790649414,10.602797768332593,416453
2021-05-19,10.116429328918457,10.440673210449567,10.064549928651958,10.298005649761532,1259989
2021-05-20,10.213704109191895,10.265583519270926,9.85703545602901,10.15534000986648,367194
2021-05-21,10.181279182434082,10.213703257999821,10.10994507852477,10.187763871140042,263873
2021-05-24,10.148856163024902,10.317463153713984,10.084007369070337,10.21370495697947,327848
2021-05-25,10.116429328918457,10.272066265646217,10.084004624747411,10.135883392978041,209095
2021-05-26,9.928367614746094,10.200733375411017,9.921882926361278,10.161823981030315,527541
2021-05-27,10.058066368103027,10.200733944783556,9.895944093146248,10.025641660297296,582626
2021-05-28,10.278553009033203,10.349887119659593,10.090491330528346,10.207219530442808,401021
2021-05-31,10.440673828125,10.473098534214307,10.20721809320407,10.272066873346777,1178844
2021-06-01,10.563886642456055,10.58334133959647,10.408249697368628,10.473098477158048,723453
2021-06-02,10.557402610778809,10.66116079130302,10.349886249730385,10.505523204498731,758098
2021-06-04,10.888131141662598,10.888131141662598,10.421218438758693,10.667644166156288,663362
2021-06-07,10.648191452026367,10.862192502615377,10.570372658344565,10.810313728184806,421563
2021-06-08,10.479584693908691,10.751949861561386,10.447160615303083,10.745465172247462,201124
2021-06-09,10.486069679260254,10.53146376707517,10.362856794027781,10.518493756826919,895043
2021-06-10,10.836252212524414,10.836252212524414,10.53794768691455,10.53794768691455,755032
2021-06-11,10.829767227172852,10.94649667565172,10.628735564706023,10.829767227172852,1029023
2021-06-14,11.218860626220703,11.322619428640314,10.9854042688304,11.024313661728783,1571997
2021-06-15,11.67928695678711,11.932198633307546,11.283709618369258,11.290194306267166,1521511
2021-06-16,12.016502380371094,12.191594013926663,11.731167257801546,11.932198907616801,795196
2021-06-17,12.126744270324707,12.301837163115263,11.802499764358421,12.04244079989921,1181297
2021-06-18,11.997048377990723,12.256443512967174,11.880320188029755,12.074867171298035,725293
2021-06-21,12.509355545043945,12.541780253768069,12.010018064465031,12.010018064465031,722431
2021-06-22,12.28886890411377,12.645538182590983,12.24347481617259,12.509355918767445,808379
2021-06-23,12.282382011413574,12.515838362431312,11.971106876723256,12.347231419164633,380786
2021-06-24,12.878995895385742,13.151361715017947,12.243476070934625,12.334264256121333,1189881
2021-06-25,12.703901290893555,13.021661129984068,12.483414304390351,12.840083537330148,1139498
2021-06-28,12.515839576721191,12.891962891582418,12.373171371455848,12.70390186618773,353806
2021-06-29,12.736328125,12.891964462335997,12.489902344128,12.522325791027997,861011
2021-06-30,12.807659149169922,12.872508561883055,12.567719355903701,12.736326312071663,1235053
2021-07-01,12.65850830078125,13.047601008768815,12.580689506369355,12.87899404223368,1506897
2021-07-02,13.125417709350586,13.255115257989795,12.729840375611756,12.736325063432961,539192
2021-07-05,13.410754203796387,13.488572993812507,12.840083919726057,13.144874391301167,1023300
2021-07-06,13.203238487243652,13.475604265408922,12.911418642673949,13.39130078284594,785589
2021-07-07,13.099480628967285,13.313481674722423,12.97626775243289,13.294026344705486,738476
2021-07-08,12.483415603637695,12.885478960568923,12.483415603637695,12.885478960568923,725906
2021-07-12,12.587173461914062,12.749295730148509,12.321292385817966,12.483414654052412,414716
2021-07-13,12.450990676879883,12.606628249951648,12.399110643141444,12.489900070147824,384261
2021-07-14,12.522326469421387,12.775238217446809,12.340748836584469,12.58069120514728,285538
2021-07-15,12.055414199829102,12.50935635929895,12.055414199829103,12.463962269759165,341032
2021-07-16,12.249959945678711,12.256444635036008,11.899776607808652,12.12674705567406,402656
2021-07-19,11.847894668579102,12.139715755528217,11.56256079809302,12.139715755528217,1093714
2021-07-20,11.997048377990723,11.997048377990723,11.54959094850962,11.685774468833358,633009
2021-07-21,12.379657745361328,12.379657745361326,11.815473328299671,12.068383802167315,438017
2021-07-22,12.32129192352295,12.509354202684667,12.19159436661601,12.37317069347137,763719
2021-07-23,12.32129192352295,12.515838890919246,12.074866186178234,12.457475432736247,328666
2021-07-26,12.035958290100098,12.321293456422802,11.971108871542782,12.321293456422802,619212
2021-07-27,11.796015739440918,12.152684968863415,11.62092410088171,11.893289855140752,693305
2021-07-28,11.549592018127441,11.9516553994267,11.439349770792354,11.74413901941289,639754
2021-07-29,11.860864639282227,11.93219873491006,11.569044832889498,11.594983584702,701481
2021-07-30,11.601470947265625,11.867352063142253,11.48474400905561,11.828442662381576,681450
2021-08-02,11.83492660522461,11.990564198448936,11.569046770193,11.718198410306364,816657
2021-08-03,11.867350578308105,11.867350578308105,11.251286196738922,11.802501163796883,325804
2021-08-04,11.27074146270752,11.763593020439504,11.27074146270752,11.763593020439504,461215
2021-08-05,11.34855842590332,11.478255983670714,11.08267862209093,11.40692314854531,336228
2021-08-06,11.017828941345215,11.342073459858863,11.004859565107632,11.342073459858863,360040
2021-08-09,11.147527694702148,11.186437091670836,10.758433725015275,10.894617246441628,302503
2021-08-10,11.439348220825195,11.439348220825195,10.920556709047991,11.06322364794542,560449
2021-08-11,11.802501678466797,11.821957009297293,11.128073805685325,11.303165462800221,568012
2021-08-12,11.672804832458496,11.828442432476129,11.497713164474657,11.79601772179379,855083
2021-08-13,11.34855842590332,11.666318264080099,11.128072704105929,11.594984164882906,270107
2021-08-16,10.54443359375,11.257772179059101,10.207219633313263,11.16698399956798,1578946
2021-08-17,10.122916221618652,10.479584885000044,9.604125266144992,10.479584885000044,2387633
2021-08-18,9.76624584197998,10.239643286837195,9.76624584197998,10.122915097800956,1234950
2021-08-19,10.122916221618652,10.317462592907773,9.36418417272267,9.597639944676816,794889
2021-08-20,9.857034683227539,10.265582714438878,9.857034683227539,9.993216938940693,298620
2021-08-23,10.3109769821167,10.395280465345804,9.902428943676602,9.967277728311611,827388
2021-08-24,10.635221481323242,10.771405010893933,10.336916929438058,10.408251038825375,676341
2021-08-25,10.881648063659668,10.927042150257329,10.492554087005551,10.628736346798535,566274
2021-08-26,10.680615425109863,10.849222378460828,10.440673739744726,10.771403590133952,402656
2021-08-27,11.42637825012207,11.42637825012207,10.648191568839085,10.726010363374574,697598
2021-08-30,11.543107032775879,11.59498581043106,11.290196569625905,11.41340945660194,468982
2021-08-31,11.42637825012207,11.627409925326765,10.959466746981041,11.536621753059329,426060
2021-09-01,10.927041053771973,11.400438467185603,10.927041053771973,11.257770268704645,180071
2021-09-02,10.667645454406738,11.283711111370023,10.57685728367998,10.933526541902966,420132
2021-09-03,10.732494354248047,10.86219191534829,10.596311472667656,10.700069647955031,266734
2021-09-06,10.635221481323242,10.70655559071056,10.349886939881928,10.453645127324949,405620
2021-09-08,10.213704109191895,10.764920392142153,10.18128003092399,10.764920392142153,622483
2021-09-09,10.408249855041504,10.570372122988967,10.077520630680171,10.220188201192501,442922
2021-09-10,10.051580429077148,10.868677706422444,10.051580429077148,10.77788827733621,428921
2021-09-13,10.700069427490234,10.875162332236167,10.213702635331586,10.213702635331586,599284
2021-09-14,10.86219310760498,10.946497858849014,10.635221402712808,10.700070822416846,506693
2021-09-15,11.27074146270752,11.342075573450831,10.803829926356373,10.998376926532682,649360
2021-09-16,11.316134452819824,11.316134452819824,10.764918278117891,11.270739108865966,1130096
2021-09-17,11.205892562866211,11.296680735575574,10.933526780666208,11.277226668882957,798671
2021-09-20,10.168310165405273,11.024315703646861,9.947823775488017,11.024315703646861,1039345
2021-09-21,10.375824928283691,10.550917201481402,10.051580399274826,10.239642681165817,659478
2021-09-22,11.478257179260254,11.491227821238283,10.505523498575961,10.512008819564977,737965
2021-09-23,11.899774551391602,11.945168633120067,11.089163240372331,11.484741863526962,760653
2021-09-24,12.515839576721191,12.515839576721191,11.31613552950484,11.724682287315598,948696
2021-09-27,13.391301155090332,13.605302211847217,12.515840332973731,12.522325021955467,1874603
2021-09-28,13.144876480102539,13.955486687449698,12.697418998442028,13.332937532465692,2141951
2021-09-29,13.047601699829102,13.456149760094155,12.827115946698743,13.144875830032,870209
2021-09-30,13.034631729125977,13.436695081921794,12.658508396019924,13.294026869735964,1233520
2021-10-01,13.235665321350098,13.358878220585357,12.775238437696677,13.19675591821938,1020336
2021-10-04,12.729842185974121,13.281057162099193,12.541779892055564,13.281057162099193,1002963
2021-10-05,12.807659149169922,13.02814614113712,12.360201740850401,12.755780377442509,1250382
2021-10-06,12.269413948059082,12.587173804703724,12.172139826026227,12.548264408704954,613285
2021-10-07,11.867350578308105,12.574204393007372,11.783047097886632,12.256443273159867,1025957
2021-10-08,11.828442573547363,12.204565935361126,11.808988505349138,11.90626137448428,620439
2021-10-11,12.28886890411377,12.548265317584448,11.89977618001568,12.126746619721578,938783
2021-10-13,11.64037799835205,12.554748099621321,11.484741690797403,12.321291742181709,1167091
2021-10-14,11.478257179260254,11.93868526379018,11.458803112401089,11.834926448325543,1117117
2021-10-15,11.231830596923828,11.627409234980837,11.231830596923828,11.510681050108023,740929
2021-10-18,11.128072738647461,11.594984200873732,10.985404539810233,11.205891526363805,1630556
2021-10-19,10.576858520507812,11.231832386597452,10.576858520507812,11.231832386597452,2265814
2021-10-20,10.641706466674805,10.803828738315318,10.46661418577012,10.680615862431402,4128357
2021-10-21,10.213704109191895,10.54443337333326,9.662488458277625,10.505523973782982,2154521
2021-10-22,9.785700798034668,10.084005967198742,9.11127166496494,10.084005967198742,2865098
2021-10-25,10.486069679260254,10.726010760619062,9.701397648014527,9.882974631310168,938987
2021-10-26,10.246129035949707,10.57685830707787,10.02564264451893,10.37582661583322,515789
2021-10-27,9.71436595916748,10.310975581625195,9.71436595916748,10.246126805798292,950638
2021-10-28,9.240970611572266,9.792186908066784,9.240970611572266,9.785701586625057,612365
2021-10-29,8.793512344360352,9.39012267693571,8.670299464552908,9.331758581442298,2167193
2021-11-01,9.098302841186523,9.286364518572288,8.787028275302912,8.884301142616797,429739
2021-11-03,9.20206069946289,9.20206069946289,8.70272447411955,9.046423106090437,486458
2021-11-04,9.189091682434082,9.299335200332633,8.975090600455076,9.202061693962158,418395
2021-11-05,9.857034683227539,9.941338164964998,9.14369616875625,9.14369616875625,1027081
2021-11-08,9.960793495178223,10.362856863160529,9.701397712734543,9.792186521006021,558814
2021-11-09,10.019157409667969,10.148854982490429,9.844065117525279,10.103460895206165,421052
2021-11-10,10.213704109191895,10.24612881949579,9.85703545602901,10.038612443251639,425651
2021-11-11,10.849223136901855,10.985405393958136,10.11643054898931,10.440674469625177,890852
2021-11-12,10.14236831665039,10.855706092211951,9.973761378436526,10.771402623105018,660500
2021-11-16,9.71436595916748,10.401763741375685,9.71436595916748,10.21370210186691,336126
2021-11-17,9.435516357421875,9.941337864599797,9.273393455547337,9.902428469275655,391926
2021-11-18,9.07884693145752,9.506850271560687,8.968603436206855,9.461456188592017,564537
2021-11-19,8.793512344360352,9.059392802473042,8.475752479574869,9.046422792795857,875318
2021-11-22,9.312305450439453,9.312305450439453,8.799998514441802,8.845392607898996,630147
2021-11-23,9.785700798034668,9.785700798034668,9.046422880025608,9.338243992342488,503321
2021-11-24,9.351214408874512,9.980248893529707,9.351214408874512,9.980248893529707,523147
2021-11-25,9.6819429397583,9.785701125540987,9.27339425369176,9.461457189992577,296474
2021-11-26,9.299333572387695,9.299333572387695,8.884300228541582,9.072362518614254,753193
2021-11-29,9.513336181640625,9.57170028096777,9.247455074027197,9.416062682762053,409197
2021-11-30,8.929697036743164,9.377154560498,8.57302770295084,9.377154560498,1108635
2021-12-01,8.88430118560791,9.429032784603168,8.696239507312114,9.0723634959397,583852
2021-12-02,9.085330963134766,9.279877921846031,8.715692373619222,8.910239332330487,590393
2021-12-03,9.065877914428711,9.643033575444063,8.897270940935586,9.286364297016016,495860
2021-12-06,9.50684928894043,9.532788671950609,9.065875985552326,9.299332328751467,864792
2021-12-07,9.454971313476562,9.882974041702983,9.454971313476562,9.67545768232701,455084
2021-12-08,9.597637176513672,9.688425962558645,9.253937359090964,9.403090861335855,385590
2021-12-09,9.539274215698242,9.681941783110226,9.215029686849562,9.532789527372756,385590
2021-12-10,10.058066368103027,10.168309236977825,9.41606195702268,9.41606195702268,779969
2021-12-13,10.220189094543457,10.291522570016955,9.921883918475089,9.928368607508325,571997
2021-12-14,10.375824928283691,10.563886578138781,10.071035096296795,10.077520416661383,911905
2021-12-15,10.22667407989502,10.375826356232912,9.80515600776586,10.375826356232912,636279
2021-12-16,10.453645706176758,10.524979187478053,10.122916425886347,10.252614009362894,1394480
2021-12-17,10.33691692352295,10.758434362257763,10.019157672171783,10.071036449845613,2448133
2021-12-20,10.161825180053711,10.298007444418811,9.967278185195026,10.129400470231937,919161
2021-12-21,10.408249855041504,10.58334149992178,10.090490007612983,10.375825148637645,358405
2021-12-22,10.615767478942871,10.69358627801231,10.330432303712254,10.609282789699082,477567
2021-12-23,10.583341598510742,10.927041467078444,10.531462826224388,10.700069784208914,1686764
2021-12-27,11.251286506652832,11.348559367027164,10.54443267248345,10.583342069447562,330710
2021-12-28,11.633894920349121,11.63389492034912,11.296680977869183,11.419893861780848,510270
2021-12-29,11.277225494384766,11.724681622432476,11.277225494384766,11.633893459178498,879611
2021-12-30,12.126744270324707,12.126744270324707,11.27073892626232,11.39395178796664,3439140
2022-01-03,11.39395523071289,12.191597360904856,11.39395523071289,12.126747934488304,1136739
2022-01-04,11.562562942504883,11.932201621912853,11.225347710707412,11.316137156232903,1266427
2022-01-05,10.635221481323242,11.750623418416659,10.570373325211838,11.562562375214421,1182830
2022-01-06,10.609281539916992,11.08267896781081,10.401764556165498,10.862191975063624,580480
2022-01-07,11.16698169708252,11.34207333058122,10.531462043536498,10.661159596649306,665099
2022-01-10,11.030800819396973,11.685774618036259,10.576857431284449,11.685774618036259,903525
2022-01-11,11.406923294067383,11.45231737666149,10.855707086434165,11.069709386755845,872764
2022-01-12,12.010019302368164,12.172141598627226,11.40692547266786,11.413410162266695,766070
2022-01-13,12.100808143615723,12.21753507869949,11.737654167599603,12.003534012283271,523454
2022-01-14,12.386143684387207,12.386143684387207,11.873836783707713,12.256444838797043,731323
2022-01-17,12.373170852661133,12.457475593010653,12.061896964894075,12.379655540979142,224425
2022-01-18,12.457477569580078,12.64553861692832,12.243475236700224,12.386143458620127,451098
2022-01-19,13.514514923095703,13.514514923095703,12.548265863806229,12.645538733047019,902503
2022-01-20,13.08651065826416,13.436695239868744,13.034631882346714,13.436695239868744,556770
2022-01-21,13.08651065826416,13.157844765195598,12.502870952995112,13.034631882346714,636484
2022-01-24,12.742810249328613,13.131902910454588,12.450990437466196,12.943841900002147,764128
2022-01-25,13.229178428649902,13.371845373658282,12.65202343170931,12.658508120472616,804291
2022-01-26,13.345906257629395,13.696089553951339,13.086509865610044,13.384814389156857,898415
2022-01-27,13.164326667785645,13.585844003030447,12.95032565635918,13.365358303995855,1002452
2022-01-28,13.015175819396973,13.19675342100452,12.652023144325588,13.080025233700779,837812
2022-01-31,13.229178428649902,13.332935977006564,12.833599773369409,12.976267982449672,710168
2022-02-01,13.5469388961792,13.546938896179197,12.781722763207096,13.294028415074585,835564
2022-02-02,13.572875022888184,13.6312384771318,13.11244828452104,13.306995238785923,538988
2022-02-03,13.261601448059082,13.553422545643846,12.982752255729562,13.553422545643846,450587
2022-02-04,13.851728439331055,13.851728439331055,13.060572339819657,13.456149757539372,757690
2022-02-07,13.319966316223145,13.832271886492435,13.319966316223145,13.773908424791932,742667
2022-02-08,13.028146743774414,13.482088861548684,12.840084449464669,13.294026567238939,876238
2022-02-09,13.624755859375,13.624755859374998,12.943843312102864,13.00869146399589,461726
2022-02-10,13.812817573547363,14.18894214781172,13.618270597905772,13.631239974924599,770771
2022-02-11,14.104639053344727,14.500216439843506,13.618270968953103,13.871181412142127,1638221
2022-02-14,14.163003921508789,14.402945011143823,13.799849942391333,14.130579210787733,1186509
2022-02-15,13.974939346313477,14.27324511972822,13.702573590087082,14.137061609579128,596422
2022-02-16,13.96845531463623,14.422397420303719,13.96845531463623,13.981425955875997,581195
2022-02-17,13.689605712890625,14.266760729952345,13.689605712890627,14.072215003983263,900152
2022-02-18,13.28105640411377,13.968454860906498,13.28105640411377,13.728513806662784,699642
2022-02-21,13.709059715270996,14.039790228818497,13.572877454919851,13.618271541703566,1247418
2022-02-22,13.196754455566406,14.137063452256172,13.164329745872562,13.858212971404235,993765
2022-02-23,13.423725128173828,13.747969702593835,13.09299586451694,13.216208752233662,2030147
2022-02-24,13.164326667785645,13.845240355857113,13.125417278065227,13.618268705142736,1947060
2022-02-25,13.397785186767578,13.637726251751658,13.170813499110682,13.306997017333565,1307919
2022-03-02,14.649367332458496,14.733670801992131,13.747966654713812,13.747966654713812,1307306
2022-03-03,14.539125442504883,15.226523913847355,14.286215006161326,14.856885292097889,1236483
2022-03-04,14.415913581848145,14.649369969069053,14.143547796757085,14.487247688622075,732345
2022-03-07,14.007366180419922,14.986584597100563,13.793363850256565,14.863371708857409,867143
2022-03-08,14.169486999511719,14.578035021550559,13.851727145909987,14.124092915293163,2157996
2022-03-09,13.81930160522461,14.234335554890698,13.488572394389397,14.234335554890698,1687275
2022-03-10,13.942516326904297,14.15003396136246,13.70257524712949,13.734999956518074,454777
2022-03-11,13.391301155090332,14.104639696375854,13.3394211150926,14.026820900451181,816759
2022-03-14,12.554749488830566,13.41723965227953,12.321293105558517,13.29402677178682,947061
2022-03-15,13.008692741394043,13.008692741394043,12.152687192589307,12.152687192589307,1073990
2022-03-16,12.84008502960205,13.294027167886217,12.671478058016955,13.131904885351018,625140
2022-03-17,13.495058059692383,13.572876851884713,12.898449004980343,12.917903070992491,733162
2022-03-18,14.299185752868652,14.29918575286865,13.378330822507776,13.631241283077044,766172
2022-03-21,14.357550621032715,14.636401104877871,14.188943645701217,14.351065931838729,1047827
2022-03-22,15.466465950012207,15.784225819674527,14.357550014726076,14.357550014726076,3234541
2022-03-23,16.27059555053711,16.27059555053711,15.43404398558564,15.693440437016676,1454470
2022-03-24,16.919082641601562,17.3470860370518,16.16034998170304,16.277078180462194,1982727
2022-03-25,17.10066032409668,17.314661390575054,16.653201595167012,16.919082703999887,1408277
2022-03-28,16.95150375366211,17.178476694746102,16.620774534754837,17.178476694746102,914767
2022-03-29,16.795869827270508,17.15902380364587,16.607807517765984,16.808839205832204,802452
2022-03-30,16.27059555053711,17.178481234437523,16.23817083609921,16.906114138788045,889830
2022-03-31,15.654528617858887,16.21222831106484,15.466466314384634,15.842589657261195,850178
2022-04-01,15.78422737121582,16.27707894645546,15.738833280240806,15.8166520830757,645988
2022-04-04,15.421072959899902,16.030652722811688,15.395132938303144,15.745317541535362,594583
2022-04-05,15.492403984069824,16.056590854921634,15.466465229597459,15.531314643922085,514460
2022-04-06,15.284890174865723,15.492406565582566,14.999554979621058,15.492406565582566,454777
2022-04-07,15.62858772277832,15.816650015726907,15.012523334252773,15.34325257103639,479304
2022-04-08,15.265432357788086,15.74531444653126,15.14870417965555,15.74531444653126,1404700
2022-04-11,14.830947875976562,15.297860699517008,14.830947875976562,15.096829000060215,414511
2022-04-12,15.421072959899902,15.628589340457957,15.064403667286497,15.064403667286497,519263
2022-04-13,16.218713760375977,16.40029010506471,15.498890542348711,15.498890542348711,1154521
2022-04-14,16.20574188232422,16.264106605858956,15.913922056865964,16.21222657070101,442820
2022-04-18,16.134410858154297,16.52350358110682,15.8296203576398,16.205743702382158,752171
2022-04-19,16.134410858154297,16.374350675402113,15.907439155044695,16.017682662046955,455595
2022-04-20,16.277076721191406,16.4845930790239,15.790709902001286,16.225197947751248,386816
2022-04-22,15.959318161010742,16.33544151115135,15.61561952093287,16.089015737189712,443127
2022-04-25,15.55076789855957,15.797193637623215,14.6753071712054,15.70640547356225,887276
2022-04-26,15.972286224365234,16.186287253708468,15.362705313018985,15.596161670887112,608686
2022-04-27,15.537800788879395,16.387321622982927,15.42755727982328,15.978773561031883,418599
2022-04-28,16.25164031982422,16.25164031982422,15.500760277132724,15.650936540220005,512212
2022-04-29,16.512815475463867,16.87193191267405,16.121053130753157,16.454051569217988,1619416
2022-05-02,15.637877464294434,16.58463799667001,15.259172233148321,16.58463799667001,1168727
2022-05-03,16.08187484741211,16.08187484741211,15.455053134380929,15.70316963820751,831680
2022-05-04,16.715225219726562,16.715225219726562,16.016581214628886,16.649930864102735,1375778
2022-05-05,16.571578979492188,16.826225961030147,15.481172604072194,16.617285794373416,1331425
2022-05-06,16.74787139892578,17.028635074975618,16.21246204206729,16.669518685947,1686355
2022-05-09,15.768464088439941,16.551989961831012,15.435464414959807,16.454049704936423,1458456
2022-05-10,16.160228729248047,16.277757818190157,15.507290194732974,16.003524550070207,684721
2022-05-11,16.59769630432129,16.832754459554366,16.160227171983877,16.160227171983877,864179
2022-05-12,17.08087158203125,17.191871482503185,16.38222754540417,16.4475206312298,773837
2022-05-13,17.62934112548828,17.805634116737338,17.100459606251253,17.10698878774271,1233417
2022-05-16,17.296342849731445,17.81869264688762,17.296342849731445,17.65545801709008,1116708
2022-05-17,17.6881046295166,17.910103158903638,17.51181164227557,17.629340724684557,1508021
2022-05-18,16.845813751220703,17.903574235389453,16.80663738985353,17.786045151287933,1259069
2022-05-19,17.955808639526367,18.021102998222606,16.689108008229578,16.780520364953286,1978435
2022-05-20,18.517337799072266,18.517337799072266,17.883988060025025,18.138633792031285,1785691
2022-05-23,18.301868438720703,19.091924908291457,18.301868438720703,18.713219628354643,1613489
2022-05-24,18.347570419311523,18.647921639368896,17.962337305047832,18.04069001858363,983852
2022-05-25,19.1441593170166,19.287805135521406,18.23657376944966,18.262691769516444,1486969
2022-05-26,18.974393844604492,19.901565584103906,18.974393844604492,19.18333400869217,1231476
2022-05-27,19.58815574645996,19.673037647359802,18.876452087844516,18.99398116741619,1154010
2022-05-30,19.35962677001953,20.17579987315497,19.30086286660152,19.686096011273705,717424
2022-05-31,18.758922576904297,19.82321217701615,18.314924266313948,19.54244848328645,4563820
2022-06-01,18.549985885620117,19.091925831220728,18.47163315306931,18.798102447782654,1067960
2022-06-02,18.354101181030273,18.967864580846047,18.354101181030273,18.569570525442163,722125
2022-06-03,17.903575897216797,18.536926919316862,17.7011648901559,18.536926919316862,1293918
2022-06-06,17.429479598999023,18.597228003219346,17.429479598999023,17.683047263907746,1819900
2022-06-07,17.17591094970703,17.622991825738517,16.9757260147206,17.342732153110646,1083600
2022-06-08,17.669702529907227,17.92994448698221,16.95570794374876,17.055800416741516,1349000
2022-06-09,17.876564025878906,18.156822476842645,17.4695198081068,17.4695198081068,910200
2022-06-10,17.696393966674805,17.903251907251093,17.18925734401616,17.5896284958777,974100
2022-06-13,16.568683624267578,17.382770724827555,16.33513366024167,17.316043254601503,1022900
2022-06-14,15.908073425292969,17.02911235306956,15.694542443382199,16.802235366603107,2273200
2022-06-15,17.042455673217773,17.469517569771536,16.021509394930984,16.021509394930984,4278100
2022-06-17,16.615394592285156,16.63541359848159,15.92141892316045,16.63541359848159,4176000
2022-06-20,16.315114974975586,16.588701659700366,15.31418770713033,16.521972920628382,2975400
2022-06-21,16.84894371032715,17.095839683119916,16.174985809184673,16.461918519573988,2019600
2022-06-22,16.054874420166016,16.52864736342895,15.634485491012663,15.954781939200451,2442400
2022-06-23,15.501028060913086,16.415208942140385,15.29417009642178,16.08823949092995,2267000
2022-06-24,16.48860740661621,16.48860740661621,15.114001024169722,15.634483645598493,2418500
2022-06-27,16.348482131958008,16.815582130540566,15.94143788384307,16.508630375623287,2135300
2022-06-28,16.875635147094727,16.94903561808448,16.455244961926123,16.588702446399147,1302800
2022-06-29,17.22929573059082,17.51622843816955,16.842270543628683,16.94903602467031,1223500
2022-06-30,17.10918426513672,17.26266075795545,16.622066598252953,16.982401051725283,2602200
2022-07-01,17.215951919555664,17.322717414192823,16.515303201906164,17.102513422410546,1992300
2022-07-04,17.92994499206543,18.223549418082317,17.149221644337345,17.149221644337345,1162300
2022-07-05,16.915672302246094,17.7697961512417,16.148294929384758,17.716413410679472,2124200
2022-07-06,16.074892044067383,17.04245557999219,15.547736404740737,16.949034836073448,1998400
2022-07-07,16.388519287109375,16.888983038437082,16.235044042161043,16.515303793814365,2130900
2022-07-08,17.02911376953125,17.31604652761997,16.408538506268698,16.421884511934486,1758400
2022-07-11,16.01483726501465,16.782214629414284,16.01483726501465,16.682122151056923,963000
2022-07-12,15.19407844543457,15.667850143668597,14.660249727813879,15.614467399181029,3223100
2022-07-13,15.160710334777832,15.394260271436735,14.873778937291208,15.06061786842252,999300
2022-07-14,15.067293167114258,15.2140953886411,14.126421548942096,14.813725462159722,2177700
2022-07-15,15.414281845092773,15.761270307568138,14.933835890051508,15.347553098809824,1511900
2022-07-18,15.914745330810547,16.348480267019205,15.294170161933481,15.294170161933481,835500
2022-07-19,16.208351135253906,16.428555105465186,15.747924189268517,15.908072415536267,921400
2022-07-20,16.42855453491211,16.742177974701395,15.908071863059218,16.14162182886801,1062600
2022-07-21,16.08156394958496,16.21502014606289,15.574427348381425,16.1482926841963,1173200
2022-07-22,15.674522399902344,16.068220599042192,15.347552946382716,16.068220599042192,1582300
2022-07-25,15.928092002868652,16.054875224495746,15.614467267987395,15.85469025253559,825000
2022-07-26,15.641157150268555,16.31511499761564,15.507699671939392,15.941434567391916,1356400
2022-07-27,15.747922897338867,15.747922897338867,15.320859722915348,15.701213160935872,1050000
2022-07-28,16.02151107788086,16.088239824412994,15.474337647258324,15.747924362569591,1448400
2022-07-29,16.36182403564453,16.521972239164935,16.001489623165032,16.101582091272185,2268400
2022-08-01,15.841344833374023,16.361827561535314,15.6545045859647,16.361827561535314,1013500
2022-08-02,16.24838638305664,16.461917331824957,15.694540007409499,15.834669215259389,761100
2022-08-03,16.335132598876953,16.722157755667922,15.981472447776047,16.23504012729641,893100
2022-08-04,15.627809524536133,16.8089038850042,15.621136524038354,16.415205764848174,988600
2022-08-05,15.934760093688965,16.168310022810513,15.180728847219372,15.627809703739578,645900
2022-08-08,16.348482131958008,16.78221711764461,15.794635645336175,16.028185644627452,1510900
2022-08-09,16.635414123535156,17.01576634405723,16.34848138938832,16.45524688031574,1109600
2022-08-10,17.049129486083984,17.349408214275208,16.57535779576561,16.802234774233423,1213700
2022-08-11,16.83559799194336,17.482865169896098,16.55533827853222,17.296024936707013,1856500
2022-08-12,17.302698135375977,17.382771612835796,16.708814965359892,16.8823079241045,1302300
2022-08-15,16.882305145263672,17.06914534982417,16.41520654297958,16.949033880659904,1360400
2022-08-16,16.67544937133789,17.075820562839272,16.461918408602468,16.935690073078568,1225800
2022-08-17,16.81557846069336,17.202603616606,16.582028512372236,16.615392245241758,1273000
2022-08-18,16.6821231842041,17.316044374301853,16.615394436918287,16.895654157322713,1169500
2022-08-19,16.048202514648438,16.62206797807745,15.747925051239912,16.62206797807745,1994300
2022-08-22,16.348482131958008,16.51530337820248,15.68119714698013,15.994820631731496,2273700
2022-08-23,16.6220645904541,16.915670264550478,16.288422183945197,16.348477918936382,19890100
2022-08-24,16.935688018798828,17.035781759091616,16.421879679320437,16.682120349494216,2409900
2022-08-25,17.329389572143555,17.56961255974231,16.915673618773504,16.949037356942206,1586500
2022-08-26,17.669702529907227,17.849869744941095,17.229294630543222,17.342733106000306,1440100
2022-08-29,17.94329071044922,18.623921619853046,17.56961151955386,17.60964825753498,2165000
2022-08-30,17.436155319213867,17.84319954916068,17.23597034175366,17.749780062711924,1259400
2022-08-31,18.203533172607422,18.27693364873123,17.23596952436324,17.422809761145185,1589700
2022-09-01,18.163494110107422,18.40371707596722,17.896580410677043,18.110111370221347,2003200
2022-09-02,18.48379135131836,18.79741478106679,17.71641273497973,18.330314864403704,2990100
2022-09-05,19.39797019958496,20.05858204201182,18.764050361819308,18.85079683147856,3621000
2022-09-06,18.74403190612793,19.29787829158609,18.510481949496082,19.251168554808697,1834000
2022-09-08,18.363679885864258,18.977582015770167,17.936616704574355,18.884161268717282,1939300
2022-09-09,18.770723342895508,19.11103878856769,18.51048264380587,18.750705610808563,1889700
2022-09-12,18.870819091796875,19.431338558971195,18.6372691016834,19.03764033148578,1883700
2022-09-13,18.210205078125,18.79074221392103,17.9699821128329,18.563865251755136,1769500
2022-09-14,18.603900909423828,18.750704389808178,18.003344803768766,18.20353102081701,2283300
2022-09-15,18.156818389892578,18.630591249094884,18.09009092958483,18.39704131978359,2074400
2022-09-16,17.869892120361328,18.143478858776632,17.509557622305017,18.11678684881168,6216300
2022-09-19,18.33698844909668,18.457099932787543,17.70306856802647,17.70306856802647,2752500
2022-09-20,18.263587951660156,18.570538389341795,18.036710987832457,18.39704416566503,1480900
2022-09-21,18.643939971923828,18.937544403823953,18.27025952137745,18.27025952137745,1701900
2022-09-22,18.750707626342773,18.87749212508295,18.310299654661172,18.82410810645967,1550500
2022-09-23,17.44949722290039,18.377023958105045,17.316041026872675,18.377023958105045,4326600
2022-09-26,16.475265502929688,17.396118158890058,16.328462001769253,17.32271640830984,3398700
2022-09-27,16.315114974975586,16.708813135480973,16.221694231176873,16.702140134299288,2257100
2022-09-28,16.67544937133789,16.855616598425254,16.168312698468796,16.18833170350459,3349800
2022-09-29,16.521974563598633,16.615394043942285,16.081566623771472,16.50862855990812,2490300
2022-09-30,16.722158432006836,16.875634918898946,16.368498266601907,16.521973480749136,1754700
2022-10-03,17.462846755981445,17.89658170809261,17.17591403101321,17.34940826640668,2655300
2022-10-04,18.570539474487305,18.677304961027875,17.849871803965957,17.849871803965957,3051600
2022-10-05,19.217805862426758,19.464701851513187,18.570539925462917,18.5905589319548,2485100
2022-10-06,19.371280670166016,19.43800814047156,19.131057704282338,19.28453292237695,1055300
2022-10-07,19.28453254699707,19.85172494276799,19.0576555886887,19.337915285849338,1698800
2022-10-10,19.217805862426758,19.498065589587963,18.82410764396828,19.32457135156007,1505400
2022-10-11,18.970909118652344,19.191113075549595,18.41706272568381,19.157748068295533,2166100
2022-10-13,19.41798973083496,19.671557418283875,18.643939393050022,18.717339862373596,2076000
2022-10-14,19.27118682861328,19.65821200919241,19.06432887159984,19.43133632027939,1447700
2022-10-17,19.71159553527832,20.11863843771499,19.244495620389827,19.297878358713238,1415700
2022-10-18,20.018545150756836,20.172020358120548,19.47804478805495,19.764977472188306,1748700
2022-10-19,20.485647201538086,20.88601712847124,19.9785105183118,20.011874254641246,2764200
2022-10-20,19.951818466186523,20.785924599996534,19.498064525754682,20.605757369634784,4266700
2022-10-21,20.525684356689453,20.685832585265334,19.79834368977504,19.94514591445002,2439500
2022-10-24,20.759235382080078,20.91938361874162,20.15200617412567,20.2787893993504,1612300
2022-10-25,20.545705795288086,21.29306428380105,20.33884652856554,20.52568678706635,1634700
2022-10-26,20.172021865844727,20.886016492615553,19.971836908472596,20.292133349365972,2114500
2022-10-27,20.352190017700195,21.032820940144372,20.08527630480394,20.285461271289886,1847700
2022-10-28,20.6925048828125,20.719195616960732,20.01187397997594,20.152004470675205,2005100
2022-10-31,20.92605209350586,21.686756371249835,20.11196380901306,20.125309810700266,3232800
2022-11-01,21.086200714111328,21.680085073533817,20.65913756085626,21.419841853701378,2515700
2022-11-03,22.147186279296875,22.3874092653774,20.752561923287757,21.172950876183663,3826700
2022-11-04,24.095659255981445,24.462665458785597,23.04802211837269,24.335882238323073,5450300
2022-11-07,23.408353805541992,24.04894665187528,23.188148582776968,23.98221663945117,2425700
2022-11-08,23.33495330810547,23.488428526624848,22.84783564615531,23.174803815243166,1360600
2022-11-09,22.941255569458008,23.728651954916007,22.761088341040683,23.161458262752596,2481700
2022-11-10,22.220584869384766,22.68101304237663,21.72679550867048,22.68101304237663,2761000
2022-11-11,22.721052169799805,23.20816988065804,22.047095486417888,23.08805838532422,3814000
2022-11-14,22.173877716064453,22.881200651785253,22.120496245806457,22.787781169716272,2524800
2022-11-16,21.052837371826172,22.21391417846,20.59241172281937,22.107148699900897,2371700
2022-11-17,20.579065322875977,20.752559540374317,19.831705714632722,20.45895384362752,3497700
2022-11-18,21.086200714111328,21.386478121565812,20.599083097561202,20.899360505015686,2871400
2022-11-21,21.152931213378906,21.386479903274413,19.991854401708853,21.19964095135801,2623400
2022-11-22,20.198715209960938,21.96034702428431,19.998528966586463,21.33977183348994,4490200
2022-11-23,19.684906005859375,20.04524048942662,19.03764006317696,20.04524048942662,3676000
2022-11-24,19.7182674407959,19.95849040177855,19.39797100798228,19.811688188258533,2116300
2022-11-25,19.050983428955078,19.97851030751774,18.844125465856184,19.858398821607114,1324500
2022-11-28,19.317899703979492,19.53810368534295,18.73068823851358,18.844126730291425,1216600
2022-11-29,20.192039489746094,20.605755379419772,19.491389641371253,19.51808164599269,1596600
2022-11-30,20.505664825439453,20.639122315539048,19.738287439229154,20.5590475669303,3519500
2022-12-01,20.785921096801758,21.219655958733643,20.205384038249083,20.505661432165894,1545400
2022-12-02,20.251537322998047,21.020754808013887,20.210694249926043,20.66677934409338,2423300
2022-12-05,20.455753326416016,21.007140637789536,20.081355688856274,20.292379741023883,2561100
2022-12-06,19.604846954345703,20.67358452184773,19.475510353760928,20.401293934899744,2853700
2022-12-07,19.141956329345703,19.87713807750676,18.910510103222983,19.42105301995643,2613300
2022-12-08,18.958158493041992,19.570809666401647,18.801592327321412,19.14195423456318,1656100
2022-12-09,18.896894454956055,19.21002680643249,18.68587042250986,18.95135231166403,1010700
2022-12-12,19.26448631286621,19.407439010452563,18.59056979150211,18.89689607320299,1248400
2022-12-13,19.38701820373535,19.781838051340287,19.155571951858878,19.332560338492527,1227500
2022-12-14,19.516353607177734,19.570811465407235,18.83562973012009,19.128341204995316,2069400
2022-12-15,19.543581008911133,19.78864200912093,19.175990806974138,19.39382223010387,1774400
2022-12-16,19.189605712890625,19.482317176403257,19.03984563478963,19.46870238777995,5268700
2022-12-19,18.699485778808594,19.50954761425127,18.58376265945964,19.264486585423406,1304200
2022-12-20,19.43466567993164,19.931595084403664,18.65183350075692,18.665448289564967,1733100
2022-12-21,20.060932159423828,20.18346266485111,19.06026852906396,19.652498872503234,1243400
2022-12-22,19.706958770751953,20.49659844483077,19.523162993584155,20.28557308658127,1441800
2022-12-23,20.6463565826416,20.789309281974184,19.870331724023686,19.965632657993506,2123800
2022-12-26,20.918643951416016,21.36792159611715,20.612318992780367,20.625932483242728,1067000
2022-12-27,21.068405151367188,21.109248221679916,20.63954836876124,21.047982967021927,1489100
2022-12-28,22.4979248046875,22.4979248046875,21.23177920943883,21.544911586188963,3326300
2022-12-29,22.552383422851562,22.82467142345514,22.055455289913343,22.586419098332563,4563700
2023-01-02,22.286903381347656,22.504734838738777,21.551720265085777,22.225638121659166,1876100
2023-01-03,21.122861862182617,22.88593546665821,20.93225871379549,22.565997017964637,2282800
2023-01-04,21.184127807617188,21.68786332516934,20.455752162260257,21.054789906317463,2418100
2023-01-05,21.156898498535156,21.844429784841616,20.31960842349594,21.32027207671029,4674500
2023-01-06,21.531295776367188,21.69467065031606,21.01394676958089,21.18412773976468,1500900
2023-01-09,21.8035888671875,21.987384658614026,21.25220279128591,21.701480526965426,2144100
2023-01-10,21.919309616088867,22.048646219405324,21.340694054170235,21.980574869608358,1336800
2023-01-11,22.035032272338867,22.43665948370566,21.817200828555755,22.089491431662463,2706500
2023-01-12,22.715755462646484,23.151418336390417,21.86485060087925,21.939730644195656,2636000
2023-01-13,22.443466186523438,22.715754168725717,22.157560818942322,22.477501859704297,1747100
2023-01-16,22.300514221191406,22.52515435866104,22.075876680477414,22.266478544932394,785900
2023-01-17,22.722566604614258,22.8723241106314,22.35497504149285,22.368589832359106,1403700
2023-01-18,22.974430084228516,23.614309572483222,22.926779622164624,23.03569533499001,1324100
2023-01-19,23.049312591552734,23.23991446021584,22.62726448376056,22.722565418092113,809800
2023-01-20,22.89274787902832,23.178650700495506,22.43666146800169,23.158229812320954,2796700
2023-01-23,22.668106079101562,23.682385865268493,22.620455612310735,23.02208283008748,13243200
2023-01-24,22.947202682495117,23.28075854532276,21.919310707546643,22.695335559598124,2868300
2023-01-25,22.885934829711914,23.226296750544805,22.545572908879027,22.94039398348776,1320200
2023-01-26,23.137807846069336,23.498590703040808,22.79063718274274,23.00846863564126,1120300
2023-01-27,22.450275421142578,23.00846884896481,22.239250063109967,22.804252184573514,2981000
2023-01-30,21.987380981445312,22.742984909801866,21.728706476251574,22.613648306393884,1367900
2023-01-31,21.49726104736328,22.157562773307603,21.39515272043673,21.91931044327159,1856200
2023-02-01,20.830150604248047,21.58575321424254,20.026896232893375,21.49045228827766,3736800
2023-02-02,19.747800827026367,20.99352553304832,19.64569249998414,20.884609811086232,4018000
2023-02-03,19.407440185546875,20.094971538477406,19.25768138230199,19.74099476894087,2828000
2023-02-06,19.795448303222656,20.04050928981274,19.114724494585868,19.46870118668763,2800900
2023-02-07,20.11539077758789,20.319608727141873,19.761415335441036,20.020089846822714,1581500
2023-02-08,20.442138671875,20.469366952035855,19.84990832243762,20.333222954476042,2729500
2023-02-09,20.081356048583984,20.442140200940678,20.054126468008597,20.442140200940678,1477300
2023-02-10,20.571475982666016,20.966295796417455,20.101777422112313,20.183463563783477,1641000
2023-02-13,20.775691986083984,21.020751686503353,20.265149104175237,20.57147405429387,1870700
2023-02-14,20.29237937927246,20.959489797370093,20.10858491046896,20.77569403018877,1977500
2023-02-15,20.714427947998047,20.911837198726417,19.84310091115945,19.94520923383811,2064100
2023-02-16,20.285572052001953,20.639548797743622,20.006475352038127,20.489790004565755,1251300
2023-02-17,20.081356048583984,20.271959217478102,19.938404645696796,20.18346437898596,2204900
2023-02-22,19.952016830444336,19.958824225142195,19.495931772710065,19.94520943574648,2907500
2023-02-23,20.523826599121094,20.8437676829398,19.911175310772887,19.965633174217665,3211100
2023-02-24,20.455753326416016,20.932260590926454,20.210693597516734,20.55786295336671,1616900
2023-02-27,20.49659538269043,20.83695730509511,20.135811277525505,20.605511093989712,1763800
2023-02-28,19.26448631286621,20.809729914552275,19.26448631286621,20.530633212726066,3634800
2023-03-01,18.365928649902344,19.27809868736883,17.86900056485233,19.26448389913735,8896700
2023-03-02,19.26448631286621,19.468704266792738,18.38635313595341,18.38635313595341,4629300
2023-03-03,19.50274085998535,19.659307056490608,18.999005294026333,19.352982058768742,1926900
2023-03-06,19.352981567382812,19.666113952442675,18.92412476373213,19.50274036479694,2438000
2023-03-07,19.162378311157227,19.50274027511518,18.890088999666435,19.346174083305208,2081100
2023-03-08,19.591236114501953,20.292380965141838,19.15557189546407,19.30533199822437,3053900
2023-03-09,19.32575225830078,19.890753077067984,19.23045132209697,19.475512356195768,1772400
2023-03-10,19.216833114624023,19.393821463515454,18.753940709581453,19.34617100388654,3183800
2023-03-13,18.434003829956055,19.046655102544225,18.18213540651693,18.781173187377515,3652100
2023-03-14,18.726715087890625,18.99219699969119,18.434003596224446,18.434003596224446,2451400
2023-03-15,15.118876457214355,18.26382129286854,14.83297367962353,18.26382129286854,22857400
2023-03-16,14.111406326293945,15.220987025396354,13.696165624573311,15.146106979902452,12665300
2023-03-17,14.499418258666992,14.941889823458967,13.83911655637982,14.022912317289306,7116600
2023-03-20,13.852731704711914,14.547070398334238,13.764236870109054,14.49941863442157,3649000
2023-03-21,14.056946754455566,14.295200353353659,13.641706103278768,14.029718476557942,4963300
2023-03-22,14.206709861755371,14.444962213166303,13.839118293787756,14.056949757008,3810000
2023-03-23,13.546405792236328,14.839780984753352,13.369417416657262,14.744480051125333,3600600
2023-03-24,13.927610397338867,14.0569483021313,13.199236030690292,13.471526629911795,3781600
2023-03-27,14.356466293334961,14.499417680535068,14.070562220557026,14.193092722944387,1956600
2023-03-28,14.29520034790039,14.553874830528608,14.125019391377766,14.404116056204657,1818500
2023-03-29,14.465381622314453,14.499417295015881,14.125019701789407,14.29520066205193,1930800
2023-03-30,14.499418258666992,14.96231070908595,14.404117330067011,14.68321401957648,2912500
2023-03-31,13.839115142822266,14.62875466639517,13.798272077362327,14.62875466639517,2662200
2023-04-03,14.029720306396484,14.642371570341686,13.900382398975196,14.261166541412335,5449500
2023-04-04,14.111406326293945,14.465383070693353,13.907189672882343,14.199901161582707,2583300
2023-04-05,14.097790718078613,14.28839386900807,13.702970925592961,14.090984621954115,2079500
2023-04-06,14.043333053588867,14.267971881741433,13.852731198415634,14.022912168179026,2144500
2023-04-10,14.302010536193848,14.43815454898422,13.92761157967002,14.172672620421768,2112500
2023-04-11,14.6219482421875,14.70363567690274,14.302008494506408,14.376888534797235,2245500
2023-04-12,14.9691162109375,15.24140547134825,14.6423690984446,14.73767001499396,3594500
2023-04-13,15.139301300048828,15.295867505292724,14.72405925291001,15.098458224415197,3145300
2023-04-14,15.009963035583496,15.295867155231655,14.935084281698504,15.166530535622154,1352500
2023-04-17,14.655984878540039,15.043997263198154,14.533454378463222,15.037189868929698,1872400
2023-04-18,14.097790718078613,14.785321982271817,14.002489791802754,14.764901097142845,3034400
2023-04-19,13.784659385681152,14.056948694117805,13.648514082273907,13.886767714047668,3410400
2023-04-20,13.750622749328613,13.94122460274278,13.512369134183157,13.68935749690899,1782400
2023-04-24,13.702972412109375,13.764237670897916,13.51917793412163,13.65532194380226,1450800
2023-04-25,13.451104164123535,13.723393459272236,13.19242835994894,13.614477741212756,1633400
2023-04-26,13.049478530883789,13.478334059844638,12.981405874343578,13.457913171747126,2130100
2023-04-27,13.275359153747559,13.400795835883686,12.89208158426286,13.13598609628615,1833100
2023-04-28,13.714385986328125,13.714385986328125,13.073266273010429,13.254452423423311,2584300
2023-05-02,12.850269317626953,13.749229957240365,12.836331613652144,13.735292253265555,3422200
2023-05-03,12.90601921081543,13.003580483366465,12.620302916196556,12.801489086057513,2297000
2023-05-04,12.843299865722656,13.2753580353792,12.780581529938232,13.066297802212814,1531900
2023-05-05,13.540169715881348,13.700449324092435,13.038423006110833,13.108110196820359,2127200
2023-05-08,13.756197929382324,13.979195862025895,13.602887182983002,13.74226022629897,2501300
2023-05-09,13.637730598449707,13.958291134949745,13.533200479937385,13.728324342553606,1622400
2023-05-10,13.609856605529785,13.693480169193311,13.345045552525937,13.595918901861673,1005600
2023-05-11,13.435639381408691,13.874666416325406,13.247484368227562,13.512294093718621,2910100
2023-05-12,13.233548164367676,13.56107626470794,13.101142622028956,13.338078296036038,3508300
2023-05-15,12.034933090209961,13.282328441915851,11.916465256434748,13.17082946061832,9841000
2023-05-16,12.020994186401367,12.285803908280364,11.888588660875582,11.944338145964455,3769500
2023-05-17,12.536675453186035,12.536675453186035,12.146429113675337,12.16036681523667,2299900
2023-05-18,12.327617645263672,12.501834961163834,12.069775432895476,12.439116621105965,4009800
2023-05-19,12.230053901672363,12.508802644402769,12.125523787734716,12.439115458720167,3669900
2023-05-22,12.278836250305176,12.369428664136164,12.209149062419193,12.271867398599321,1384600
2023-05-23,12.29277229309082,12.529707928011065,12.153399250249366,12.230053958601784,1761700
2023-05-24,12.341554641723633,12.717864701016895,12.285805150995673,12.348523494211216,2317300
2023-05-25,12.29277229309082,12.592426262500101,12.29277229309082,12.47395844503998,1642700
2023-05-26,12.264898300170898,12.494865085147804,12.146430481899612,12.494865085147804,2684400
2023-05-29,12.397305488586426,12.432148421927415,12.146432115178643,12.313680587726262,796200
2023-05-30,12.069774627685547,12.453053494599828,11.721340019130317,12.34852204869522,3596200
2023-05-31,12.00705623626709,12.076743423490273,11.797996003770086,11.923432674937306,2875300
2023-06-01,12.132493019104004,12.223086762079744,11.58196702623606,12.041900605300818,3565200
2023-06-02,12.432146072387695,12.634237440083243,12.264897631448203,12.334584814132771,2413300
2023-06-05,12.52273941040039,12.669082637834421,12.327616879385088,12.63423837931558,1886600
2023-06-06,12.383367538452148,12.51577174586513,12.278837411325648,12.473959960849067,1361800
2023-06-07,12.710894584655762,12.717863436450415,12.404271751553843,12.473958940327812,2079200
2023-06-09,12.864205360412598,12.947830252930537,12.508803222435933,12.787550648874774,3190900
2023-06-12,12.620301246643066,12.843299171072019,12.501833433143624,12.815423765932163,1974200
2023-06-13,12.885111808776855,13.010548481925264,12.599395532904397,12.703925650803884,3257900
2023-06-14,13.358983993530273,13.533201311479717,12.878143823821464,12.954799869054469,3674900
2023-06-15,13.505326271057129,13.575013465972642,13.296266015483278,13.365953210398791,1954700
2023-06-16,13.303234100341797,13.49835796901273,13.07326730080977,13.449576004965538,2285000
2023-06-19,13.526230812072754,13.588949145230695,13.261421105873385,13.303232884921181,1160600
2023-06-20,13.477452278137207,13.526232916143115,13.177798268474982,13.470483425683122,1340300
2023-06-21,14.007072448730469,14.111602572320539,13.296265481641779,13.498358205865532,2983400
2023-06-22,13.80497932434082,13.9234471487549,13.658637421391273,13.818917028194852,1571500
2023-06-23,13.512293815612793,13.832854349528068,13.324140135476773,13.832854349528068,2179100
2023-06-26,13.693480491638184,14.062821672504729,13.51229432720399,13.547138587194764,2106500
2023-06-27,13.261423110961914,13.874667503349501,13.20567362074486,13.71438788512206,1638600
2023-06-28,13.087203979492188,13.358982540599271,13.087203979492188,13.261421278493653,1252800
2023-06-29,13.226576805114746,13.303232840758307,13.122046693256017,13.191733877552664,877000
2023-06-30,13.358983993530273,13.728325186085248,13.352015141311576,13.372921697967664,1921700
2023-07-03,13.609856605529785,13.867697477526999,13.414732741693928,13.442608149030155,1444200
2023-07-04,13.714385986328125,13.902540988199869,13.526230984456381,13.630761097994291,905000
2023-07-05,13.770134925842285,13.965258771478764,13.595917633758003,13.721354296726279,2063900
2023-07-06,13.421703338623047,13.75620029511373,13.184767662148957,13.707419655105433,1944000
2023-07-07,14.299757957458496,14.425194640638905,13.456545436730568,13.498358550572483,3946100
2023-07-10,14.432161331176758,14.585473414740482,13.972227738830771,14.216132238813666,2124700
2023-07-11,14.334600448608398,14.501848911310224,13.89557340016269,14.432161719557973,3947000
2023-07-12,13.665607452392578,14.703942553999216,13.5750136986975,14.52275637578177,3035000
2023-07-13,14.52972412109375,14.52972412109375,13.512294325431021,13.83982372343827,7442100
2023-07-14,14.223100662231445,14.613347052943901,14.069789912458974,14.585472975336431,2305600
2023-07-17,14.341569900512695,14.467006585078398,13.993135256351383,14.111603088533137,2114000
2023-07-18,14.369443893432617,14.508816939853398,14.244007221233126,14.376411415956985,851700
2023-07-19,14.355506896972656,14.66909726374152,14.29278855778436,14.467005871269047,2333900
2023-07-20,14.320661544799805,14.571534882423515,14.132507870754539,14.48094247115524,1553000
2023-07-21,15.533217430114746,15.568060363659011,14.467006916084031,14.467006916084031,5227200
2023-07-24,16.19524383544922,16.264931037578748,15.575030527759331,15.575030527759331,4903700
2023-07-25,16.097681045532227,16.67608250955792,16.048900407352292,16.37642849882665,2831300
2023-07-26,16.062833786010742,16.17433274652418,15.749243458006369,16.083740339546683,2119700
2023-07-27,16.034961700439453,16.696986694500062,15.958305657133625,16.44611466679733,4233700
2023-07-28,16.139490127563477,16.50186242072837,15.944366278357963,16.12555242494041,3354000
2023-07-31,16.021024703979492,16.446115393200042,16.021024703979492,16.3415852662759,2902900
2023-08-01,15.972246170043945,16.08374516400245,15.707436391685704,16.027995667023198,1673200
2023-08-02,15.749246597290039,15.937401629100915,15.463530287876212,15.88861966112672,2769100
2023-08-03,15.895588874816895,16.30674188144538,15.818934153175698,15.888620022090832,2989500
2023-08-04,16.05586814880371,16.257959540018167,15.846806576419926,15.888618359227639,1888700
2023-08-07,15.860743522644043,16.132522091668488,15.728337999377432,16.097679162522166,1057700
2023-08-08,16.313709259033203,16.32067811112912,15.3380925615395,15.679558339203664,1645200
2023-08-09,16.780611038208008,16.80848644546562,16.118584736738057,16.36248923355186,2701000
2023-08-10,16.571552276611328,16.87817380872255,16.390366100815047,16.759705975670084,2779700
2023-08-11,16.167367935180664,16.794550025516834,15.825900816037988,16.613363852011243,5235700
2023-08-14,16.153430938720703,16.35552234895534,15.832870362564496,16.06283718340956,2221700
2023-08-15,15.63774585723877,16.27189674873982,15.561089816780655,16.174334152927877,2774800
2023-08-16,15.526246070861816,16.08374089259891,15.526246070861816,15.818931184566916,3363700
2023-08-17,15.707435607910156,15.965276520133541,15.526249419475267,15.679560196225042,1871600
2023-08-18,15.902554512023926,16.23705140020272,15.60986940257436,15.679556586571396,2527200
2023-08-21,15.860743522644043,16.36248887988284,15.686526218567336,15.92346185844546,3233000
2023-08-22,16.02799415588379,16.19524263105315,15.728340139432238,15.958306958936705,1940600
2023-08-23,16.522768020629883,16.571549980918185,15.742275264432173,15.986179749183648,2009300
2023-08-24,16.292802810668945,16.662143999163295,16.285835287699506,16.453083751591482,1347200
2023-08-25,16.209178924560547,16.508832914914137,16.021023907942347,16.40430279318379,2200700
2023-08-28,15.874682426452637,16.383396673825384,15.874682426452637,16.188272800001627,2201500
2023-08-29,16.209178924560547,16.230085480575664,15.846806595334224,15.846806595334224,1829200
2023-08-30,16.167367935180664,16.411271121464463,16.125554821098287,16.292803289909756,2775500
2023-08-31,16.139490127563477,16.362488052842647,15.979210534915634,16.306738571522857,3370000
2023-09-01,16.41823959350586,16.41823959350586,16.027993175318617,16.341584877809126,7409900
2023-09-04,16.641237258911133,16.641237258911133,16.230085620451337,16.432177013648687,2300600
2023-09-05,15.728339195251465,16.669112974630114,15.68652741126229,16.51580221388804,7881700
2023-09-06,15.156904220581055,15.721367867661998,15.122061294271683,15.721367867661998,4076900
2023-09-08,15.379902839660645,15.47049657886823,14.738783130483688,15.038437095416857,1803600
2023-09-11,15.310218811035156,15.581998755515318,15.129032624439308,15.379906010367835,2481400
2023-09-12,15.372934341430664,15.616838829829069,15.254466523018438,15.352029115881319,2931000
2023-09-13,15.038436889648438,15.449589813232517,15.038436889648438,15.310215445207497,3052200
2023-09-14,15.498372077941895,15.51927863410246,15.10115681509952,15.122063371260085,3170600
2023-09-15,15.64471435546875,15.825899181083683,15.463528200681278,15.498371129644333,4350100
2023-09-18,15.60290241241455,16.083742577260306,15.547152924401466,15.707433865465145,2311000
2023-09-19,15.540184020996094,15.874682277143945,15.456560453838607,15.602902360950527,2848500
2023-09-20,15.170844078063965,15.5959334219541,15.149937521804729,15.54018393443543,3241900
2023-09-21,14.62728500366211,15.122062848993146,14.50881718118898,15.094187441741786,3392600
2023-09-22,14.250975608825684,14.78756388028835,14.167350720358542,14.773627506520917,3974100
2023-09-25,13.91647720336914,14.264911797306828,13.909508351989688,14.18128823909838,3684300
2023-09-26,13.442608833312988,13.902542444392587,13.393826867991391,13.853760479070989,4421500
2023-09-27,14.062821388244629,14.146444952186934,13.49835767953003,13.581981243472335,4241700
2023-09-28,14.153414726257324,14.397319240464531,14.041915747620774,14.05585345224351,3898300
2023-09-29,14.592440605163574,14.919968632368647,14.299755504343475,14.390347910447877,4037800
2023-10-02,14.453065872192383,14.808469294767491,14.446097021258861,14.634252008946698,2361300
2023-10-03,13.853759765625,14.46003658310183,13.79104275750092,14.36944416765809,2226200
2023-10-04,13.470480918884277,13.89557153526712,13.40776258764181,13.818915501710228,2559300
2023-10-05,13.226576805114746,13.644698581722146,13.163858472165012,13.456543582872943,1937500
2023-10-06,13.449575424194336,13.484419682723422,13.052360181170643,13.163859150118608,2139600
2023-10-09,14.620314598083496,14.634252300227955,13.818915333191214,13.839821886407902,3863100
2023-10-10,14.975719451904297,15.073280717848588,14.467005237805402,14.634253691926714,2364100
2023-10-11,15.136000633239746,15.289312729056832,14.79453483764132,14.871190885549863,2505000
2023-10-13,15.129030227661133,15.52624680217753,14.878158210649142,15.358998347778682,5502700
2023-10-16,15.46352767944336,15.66561905312764,15.09418653069089,15.2684038279788,3048500
2023-10-17,15.09418773651123,15.56109018370889,15.038438250092373,15.379904020554452,3270500
2023-10-18,15.184781074523926,15.484433725238066,15.087218479033853,15.198717448874595,4074800
2023-10-19,15.191749572753906,15.352030515219491,14.961782766541932,15.094188300170842,1338900
2023-10-20,15.073281288146973,15.386872982222043,14.822409262059528,15.122063252137348,2722900
2023-10-23,15.059344291687012,15.428684128159864,14.885126986430743,15.052375439976053,1732000
2023-10-24,14.878159523010254,15.254468246307669,14.703942201497657,15.191749904229319,1666200
2023-10-25,14.878159523010254,15.094188629517522,14.731816281769879,14.913002455643701,1706900
2023-10-26,14.954812049865723,15.010562860588434,14.731814123664826,14.87118849212663,2517300
2023-10-27,14.522754669189453,15.205686186637106,14.49487926235197,15.031468881420508,1986900
2023-10-30,14.048884391784668,14.773629071357144,14.027977835160312,14.773629071357144,2491100
2023-10-31,14.453065872192383,14.57850253065094,14.083724747750232,14.083724747750232,2013500
2023-11-01,14.710909843444824,14.843314039895848,14.36944408087667,14.557597762457746,3255500
2023-11-03,15.010562896728516,15.289310305150762,14.780594789461112,15.059343527055848,3199100
2023-11-06,14.181289672851562,15.149937516595127,14.181289672851562,15.094188029095626,2546100
2023-11-07,14.766658782958984,14.801501711438137,14.041914173874423,14.146444288484401,2853400
2023-11-08,14.132508277893066,14.857251576435692,14.04888338655187,14.738783755719655,3478700
2023-11-09,13.358983993530273,14.306726628510496,13.324141061609446,14.285820071854408,3678000
2023-11-10,13.1777982711792,13.575013556934751,13.080236995147365,13.519264066463318,4509800
2023-11-13,13.003580093383789,13.42170190904846,12.97570601456487,13.184766257810901,3619900
2023-11-14,13.407764434814453,13.533201114580658,12.975706236922678,13.073267508219665,4098800
2023-11-16,13.254453659057617,13.63773122081816,13.156891058710876,13.358983782340253,4944200
2023-11-17,13.70044994354248,13.923447900557479,13.275359257249722,13.352015303413378,3789800
2023-11-20,13.874666213989258,14.007071739390192,13.742260688588322,13.923446847249453,2451700
2023-11-21,13.80497932434082,14.048883825095995,13.66560627331829,13.867697662511368,1509700
2023-11-22,13.70044994354248,14.007072799024437,13.630762749682127,13.679543386632574,2887100
2023-11-23,13.602889060974121,13.811949319396833,13.575013650958983,13.735293271027908,939200
2023-11-24,13.526230812072754,13.714385811546576,13.484419033024956,13.595917996600742,1431500
2023-11-27,13.219609260559082,13.644699930534665,13.163859773445285,13.561075035277662,2099900
2023-11-28,13.379891395568848,13.491390379767527,13.184767508634792,13.240517000734132,3112800
2023-11-29,13.70044994354248,13.811948922049979,13.44260905418364,13.498358543437389,3127300
2023-11-30,13.79801082611084,13.958291766195645,13.616825988054332,13.784074451072161,2036000
2023-12-01,14.571534156799316,14.571534156799316,13.958289875467948,14.007070504427295,4624900
2023-12-04,13.972227096557617,14.571535041108532,13.972227096557617,14.571535041108532,3915200
2023-12-05,14.40428638458252,14.49487879554168,13.937383968471813,13.979195748208925,4149600
2023-12-06,13.835941314697266,14.666240842746856,13.742891093982017,14.666240842746856,3026600
2023-12-07,14.444351196289062,14.444351196289062,13.835941689784773,13.95046567156987,3764500
2023-12-08,14.91676139831543,15.059917043152524,14.372771859261244,14.530241976395319,4714900
2023-12-11,14.601820945739746,14.959708720710001,14.53024311769899,14.895288811996673,1702200
2023-12-12,14.272564888000488,14.737818723716464,14.18667122106463,14.566032755078266,2240300
2023-12-13,14.959709167480469,15.102864827837308,14.365615497896625,14.60897930136312,4347600
2023-12-14,15.24601936340332,15.346228873326922,14.70918767644921,15.06707546775195,5496900
2023-12-15,14.508770942687988,15.353386322730568,14.508770942687988,15.281808493615623,4638900
2023-12-18,15.05276107788086,15.246019448687886,14.62329545286847,14.630453372562595,3074500
2023-12-19,15.496539115905762,15.532328709616134,15.03844323828024,15.045601157022315,2216800
2023-12-20,15.08854866027832,15.60390656892324,14.959708841808707,15.553802498459174,1327300
2023-12-21,15.231704711914062,15.231704711914064,14.952551309590593,15.17444272058194,2762100
2023-12-22,15.339071273803711,15.503699333582748,15.231705207218843,15.339071273803711,1966700
2023-12-26,15.811481475830078,15.854427625117296,15.346227657057062,15.410647563604623,1704900
2023-12-27,15.646855354309082,15.947481166709938,15.575277519883425,15.84011373245463,1465600
2023-12-28,15.546643257141113,15.603905242121558,15.203071347258456,15.546643257141115,2336800
2024-01-02,14.866660118103027,15.5394882253139,14.852344277889944,15.5394882253139,3219700
2024-01-03,15.210230827331543,15.281808657212755,14.723503222419565,14.852343043159035,2200100
2024-01-04,14.80939769744873,15.317597723324612,14.80939769744873,15.29612532885492,5578000
2024-01-05,15.102863311767578,15.274649267811274,14.673397739041626,14.766447953269429,1586400
2024-01-08,14.995498657226562,15.024128969951672,14.637610874144626,14.916762908073801,2600100
2024-01-09,14.802239418029785,15.138653453809155,14.766449819393516,15.095707300679225,2501000
2024-01-10,14.49445629119873,14.88813233573042,14.49445629119873,14.880975780942848,2798800
2024-01-11,14.530241966247559,14.73065959583284,14.372771849223458,14.57318947880874,3535200
2024-01-12,15.031285285949707,15.238860833305807,14.759291200525695,14.759291200525695,2593000
2024-01-15,15.203073501586914,15.38201740066195,14.766449950969076,14.888131856949444,1103700
2024-01-16,14.85234260559082,15.253176529789574,14.752134465849508,15.20307245991892,1828300
2024-01-17,14.737818717956543,14.923920525216904,14.53024315266223,14.673398809088207,1674000
2024-01-18,16.46283721923828,17.34324079504586,16.090633615321206,16.35547116259429,11773400
2024-01-19,16.80640983581543,16.949565494033816,16.126423872361944,16.276736084781067,5316800
2024-01-22,16.820724487304688,17.19292808021171,16.36978651664562,16.806408649446702,3576800
2024-01-23,16.749147415161133,16.963880896970565,16.441363713564396,16.842199000181935,2854400
2024-01-24,16.877988815307617,17.443452202054637,16.777780666864807,16.777780666864807,3178000
2024-01-25,16.93524932861328,17.16429728515928,16.627465625042035,16.963881005798285,2347400
2024-01-26,17.056930541992188,17.171454515671382,16.72051653996374,16.92809073029473,2475700
2024-01-29,16.670413970947266,17.157140220227998,16.541574147665997,17.107036147892746,1534800
2024-01-30,16.369787216186523,16.6990433095899,16.262419792896857,16.656097159414134,1394900
2024-01-31,16.498624801635742,16.763462338505903,16.333996763566052,16.405574586928264,2281700
2024-02-01,16.505783081054688,16.906618354545728,16.262419295447078,16.906618354545728,2020400
2024-02-02,15.71843147277832,16.877988541946795,15.71843147277832,16.877988541946795,3344500
2024-02-05,15.6969575881958,15.976109607965219,15.596749450890568,15.704115507322385,1647500
2024-02-06,16.291053771972656,16.49147144317034,15.732748279857914,15.747064120350682,2197100
2024-02-07,16.291053771972656,16.58452167590595,16.112109861514128,16.248107615728046,2194700
2024-02-08,16.190845489501953,16.34831563796194,15.618224161474064,16.269579881115106,2297500
2024-02-09,15.732746124267578,16.29105153988724,15.654011742812367,16.119265573211997,1829100
2024-02-14,15.539485931396484,15.790007637209092,15.460751552314523,15.732745650043364,1255000
2024-02-15,16.133583068847656,16.27673737316386,15.518015601110399,15.539487995879325,1712700
2024-02-16,16.713359832763672,16.9137761186168,16.133582003321543,16.133582003321543,2278300
2024-02-19,16.491470336914062,16.835042294291373,16.448522818316697,16.713360388732706,1566200
2024-02-20,16.899459838867188,17.056929955957422,16.226630492693616,16.362628218727654,2257600
2024-02-21,17.056930541992188,17.47208028788763,16.978194798125195,17.350398395199303,2177900
2024-02-22,17.278820037841797,17.457763911855018,17.099876163828576,17.099876163828576,2597000
2024-02-23,16.756305694580078,17.41481926219646,16.7062016239843,17.285979443388154,2558000
2024-02-26,16.756305694580078,16.84935728160098,16.427049593388652,16.663255472792706,2917900
2024-02-27,16.77777862548828,17.042614804216605,16.670412570186706,16.856513004584922,1994200
2024-02-28,16.57020378112793,16.67756984104564,16.29105175229518,16.641781609484244,2059500
2024-02-29,16.46283721923828,16.598834952445188,16.319681566890644,16.56304535674154,997900
2024-03-01,16.741989135742188,17.021142519565704,16.505783266496735,16.527257023785765,1562100
2024-03-04,16.405574798583984,16.799250784305006,16.36978656905787,16.734830878971245,1288000
2024-03-05,16.477155685424805,16.7062036735246,16.398419927552865,16.398419927552865,1371800
2024-03-06,15.339071273803711,16.133582623952222,15.324755434196765,16.04053103174069,7559500
2024-03-07,14.830867767333984,15.453593048788214,14.809395376229867,15.281807093788217,4603600
2024-03-08,15.296123504638672,15.54664384513218,14.809395931279631,14.859499999378333,5248500
2024-03-11,15.52517318725586,15.904533382507957,15.203073620311988,15.203073620311988,3519100
2024-03-12,15.890217781066895,15.933163931869005,15.57527615630654,15.682642215928576,2451600
2024-03-13,16.104951858520508,16.49147135843717,15.918850028771786,15.940323789400606,2815000
2024-03-14,15.704115867614746,16.276735758544106,15.260334428219357,16.162211780358234,7621900
2024-03-15,16.355470657348633,16.355470657348633,15.646853067108422,15.646853067108422,5271400
2024-03-18,16.770620346069336,16.770620346069336,16.047686920230728,16.419890511496167,4081600
2024-03-19,16.749147415161133,16.920933381468576,16.58451936810402,16.656097195373828,1795400
2024-03-20,16.55588722229004,16.749146940875946,16.069161014151643,16.656096723723543,1660300
2024-03-21,16.248106002807617,16.570204190518645,16.176528172682872,16.484311886555794,968700
2024-03-22,15.983269691467285,16.226633513792386,15.832957465154898,16.14789775797142,2123000
2024-03-25,16.441362380981445,16.598833861258566,15.918846605159018,16.06916016676596,2449000
2024-03-26,16.162212371826172,16.548731836273586,16.076318702426672,16.491469845085106,1674400
2024-03-27,16.491470336914062,16.57736264364159,16.026215108744488,16.20515900719937,4408200
2024-03-28,16.85651397705078,16.90661941330004,16.384102214283256,16.591677783043842,3926800
2024-04-01,16.577362060546875,17.013985594293676,16.534415908693706,16.96388152292605,3534600
2024-04-02,15.081389427185059,15.711272625894587,15.031285361085452,15.711272625894587,10879400
2024-04-03,15.775691986083984,15.976108243578562,15.210228710476606,15.210228710476606,5909000
2024-04-04,15.73990535736084,16.240948825911413,15.668327523963098,15.825799030484855,3534700
2024-04-05,15.067076683044434,15.90453423685052,15.04560428758382,15.75422200769148,3862500
2024-04-08,15.152969360351562,15.317597419106493,14.809397403323818,15.10286528727255,4477900
2024-04-09,15.603907585144043,15.603907585144043,15.031287649357214,15.288967303078095,3023400
2024-04-10,15.868741989135742,15.96179219815289,15.28180633087882,15.603904468461272,4931300
2024-04-11,15.73990535736084,15.926007178101521,15.675485443826235,15.732747437497705,1960600
2024-04-12,15.403491020202637,16.283894668003466,15.382017261024473,15.739905055925648,3911100
2024-04-15,15.102863311767578,15.489381371557538,14.838025776262658,15.482223452734875,4577800
2024-04-16,14.823712348937988,15.124338162204266,14.744977959553383,15.002656252900449,3262900
2024-04-17,14.594663619995117,14.981183087995301,14.401405251228597,14.82371158685438,6314300
2024-04-18,14.501611709594727,14.744975487399811,14.401403577051486,14.594661923351536,1772400
2024-04-19,15.138652801513672,15.138652801513672,14.472981313131099,14.523086749062928,4788500
2024-04-22,14.709187507629395,15.002655383910776,14.587505605373684,14.995498829572407,4317600
2024-04-23,15.095706939697266,15.095706939697266,14.49445534932154,14.566033179648851,2897800
2024-04-24,15.811481475830078,15.832955233090422,15.0957059499536,15.174441694674723,6536400
2024-04-25,15.839674949645996,15.839674949645996,15.100443137766055,15.430585234545982,3979600
2024-04-26,16.22005844116211,16.291828883825794,15.746375436052077,15.825321690965525,2994700
2024-04-29,16.069337844848633,16.141108276213348,15.610009274365847,16.141108276213348,2399500
2024-04-30,15.63871955871582,16.06933945216203,15.409053881595316,15.983216021035691,2815000
2024-05-02,15.645895957946777,15.897091817825872,15.444940365169348,15.796614021437158,3051900
2024-05-03,15.466471672058105,15.846854080242922,15.380348231390823,15.732021913414941,2709900
2024-05-06,15.444940567016602,15.782259865663733,15.380347305949039,15.502356646975844,2596500
2024-05-07,15.416230201721191,15.696134759524115,15.33728395574714,15.459293283787598,1290400
2024-05-08,15.416230201721191,15.638718685676086,15.129149832481046,15.301398054025134,2277000
2024-05-09,15.322930335998535,15.516710107946045,15.165035098601047,15.322930335998535,2173500
2024-05-10,15.294220924377441,15.660248909712115,15.193743137037124,15.193743137037124,2042700
2024-05-13,15.35881519317627,15.667427124855257,15.322930657872456,15.322930657872456,1196100
2024-05-14,15.24398422241211,15.430586832092345,15.114797695025226,15.430586832092345,1755400
2024-05-15,15.409053802490234,15.638719478431707,15.150682141530355,15.19374385687246,2289000
2024-05-16,14.99278736114502,15.538240791444936,14.906663927833465,15.444940177206202,1759500
2024-05-17,15.021496772766113,15.107620210021707,14.791832448208055,14.992788047742678,1164400
2024-05-20,15.215274810791016,15.258336524468401,14.820538100542194,14.942547430050784,1386400
2024-05-21,15.057379722595215,15.416230534109346,15.014318008507537,15.179389053266307,2246400
2024-05-22,14.389917373657227,14.964079508566467,14.332501297057027,14.956902327878037,3605400
2024-05-23,14.260732650756836,14.519104318663723,14.117191770547342,14.468865421262587,1496500
2024-05-24,14.117191314697266,14.346855620490668,14.009536342470012,14.325324078482321,1262100
2024-05-27,14.339678764343262,14.404272022922877,14.059775556436453,14.174607711931928,829400
2024-05-28,14.404271125793457,14.777476292363353,14.30379333821971,14.504748913367203,1073600
2024-05-29,14.289438247680664,14.44015629025122,14.117190033962258,14.44015629025122,1206500
2024-05-31,14.8851318359375,15.014318350046418,14.576519911990031,14.64111316904449,5972100
2024-06-03,15.078911781311035,15.265514373967864,14.999964162019657,15.143505039111755,4208000
2024-06-04,15.121973037719727,15.179389113031762,14.834892661159548,15.078911323462505,2331300
2024-06-05,14.612405776977539,15.387523490690867,14.612405776977539,15.222451073702837,5193400
2024-06-06,14.827281951904297,14.858108607824978,14.488196086256098,14.68856494005295,2469000
2024-06-07,14.688567161560059,14.935174566639114,14.680860496414327,14.711687156997248,1747000
2024-06-10,14.426546096801758,14.88893570571572,14.426546096801758,14.719393486068888,2083600
2024-06-11,14.665448188781738,14.680860048707121,14.380307466669676,14.426545986237889,2885500
2024-06-12,14.341774940490723,14.958293405519935,14.187644589285437,14.796457859660753,4851500
2024-06-13,14.14140510559082,14.526729487378603,14.141405105590819,14.34177396050797,1759600
2024-06-14,13.925622940063477,14.210763629697643,13.87167776172898,14.149111787330238,1674200
2024-06-17,13.94874382019043,14.179937876312893,13.679016441450246,13.910210497572711,2205300
2024-06-18,13.5634183883667,14.064339785373432,13.478646554910105,13.910209446342506,2951700
2024-06-19,13.817732810974121,13.817732810974121,13.540298780803495,13.56341877328301,1341300
2024-06-20,14.488197326660156,14.642327679667684,13.925624037005855,14.010395878149595,4517800
2024-06-21,14.064340591430664,14.596088674677533,14.064340591430662,14.434251662430254,1413600
2024-06-24,14.326361656188965,14.49590386712816,14.079754269406148,14.095167598554067,1082300
2024-06-25,14.249296188354492,14.395719872467323,14.187644342922132,14.295534704954777,684100
2024-06-26,14.287829399108887,14.372599767232916,14.110579058712979,14.303241257924938,1162500
2024-06-27,14.418837547302246,14.472784195039866,14.118285002243352,14.3494805114313,1739500
2024-06-28,14.287829399108887,14.503610121492885,14.257002741684929,14.472784933964856,1286500
2024-07-01,14.88122844696045,15.066183989166795,14.210764790199445,14.426545521158856,4605200
2024-07-02,15.698119163513184,15.798302876463271,14.919763577114526,14.919763577114526,4838200
2024-07-03,15.682703018188477,16.029494088383327,15.574811189106963,15.698116346613821,2110900
2024-07-04,15.574812889099121,15.913898801988458,15.551694363833617,15.682704729957038,913600
2024-07-05,16.060319900512695,16.060319900512695,15.513158529359096,15.513158529359096,1731300
2024-07-08,15.952430725097656,16.568949176255778,15.852245558099504,16.260689950676717,2551400
2024-07-09,15.92160415649414,15.944724149752641,15.644170116975896,15.80600712999352,1128600
2024-07-10,15.867659568786621,16.014083258440408,15.767474397482875,15.99096326431739,927600
2024-07-11,16.121973037719727,16.206744876522453,15.85995232678034,15.921604172301612,1385800
2024-07-12,16.183624267578125,16.26068943902196,15.99096207391648,16.16050427517621,980600
2024-07-15,16.268396377563477,16.52271041869066,16.160504547763885,16.18362454055578,1395500
2024-07-16,16.23756980895996,16.414818678308954,16.14509277708045,16.18362462871426,1800800
2024-07-17,16.39170265197754,16.530419690821308,16.214453755631006,16.291517470636528,1308600
2024-07-18,16.060319900512695,16.39169909474862,15.921602891772464,16.34545911190466,2112000
2024-07-19,16.183624267578125,16.283807961527987,16.021788730452368,16.05261391709237,2109700
2024-07-22,16.14509391784668,16.28380947546719,15.83683320341171,16.137387252996206,2123500
2024-07-23,15.77518081665039,16.45335260140989,15.759768957370927,16.168211891248195,3894300
2024-07-24,16.368581771850586,16.42252695740058,15.844540306685959,15.913898822363398,2045000
2024-07-25,15.906190872192383,16.31463526819389,15.875365684324011,16.14509306017799,1290500
2024-07-26,16.21445083618164,16.21445083618164,15.798299794579288,15.898483487985848,1789100
2024-07-29,15.798300743103027,16.283808850892942,15.698117043681478,16.214451809690928,1376900
2024-07-30,15.852245330810547,15.95243049637225,15.75206163514476,15.798300150844668,995000
2024-07-31,15.92160415649414,16.068027840672762,15.85995231103408,16.029494518575262,1745300
2024-08-01,15.644169807434082,16.4456452524525,15.543986111754736,16.17591788269069,4030500
2024-08-02,15.312792778015137,15.875366066700618,15.251140930897495,15.644170537587476,2862700
2024-08-05,15.073891639709473,15.158663486642725,14.626915349336471,14.888936085406446,1973700
2024-08-06,15.297378540039062,15.428388891118535,15.104716345504304,15.143248196452898,1781100
2024-08-07,15.328204154968262,15.62875818636681,15.212607128997712,15.62875818636681,1022700
2024-08-08,15.852245330810547,15.929310503574339,15.351323912689777,15.382149099857747,1092000
2024-08-09,16.42252540588379,16.69995944238299,16.01408248536655,16.12967951060924,3151000
2024-08-12,16.753904342651367,16.86179470175411,16.530416960239126,16.607480662514856,1926900
2024-08-13,16.846384048461914,16.915742561388846,16.65372183919733,16.830970718945707,1305100
2024-08-14,16.80014419555664,17.10069824396533,16.76931900617135,16.807850860376966,2020700
2024-08-15,17.031339645385742,17.177763336448354,16.72308040359288,16.908035948668598,1494300
2024-08-16,16.669132232666016,17.000511438637645,16.484176704427497,16.80784924631887,1532900
2024-08-19,16.83867645263672,16.923446820496615,16.592069073597166,16.72307942744892,1444100
2024-08-20,16.73849105834961,16.90032806732612,16.53041700380253,16.854089551859648,1293900
2024-08-21,16.65372085571289,16.931153421140845,16.599775675487898,16.630600862803927,1078800
2024-08-22,16.229862213134766,16.777023588285015,16.206743691439744,16.769316924421396,1121400
2024-08-23,16.576656341552734,16.77702521170794,16.214451924289083,16.330048953637398,1336700
2024-08-26,16.669132232666016,16.90032774538607,16.592068531655208,16.80784924631887,935200
2024-08-27,16.21445083618164,16.65372040016465,16.21445083618164,16.56894856504657,1203400
2024-08-28,16.014081954956055,16.206744147277924,15.836831620899073,16.18362415503678,2563500
2024-08-29,15.829126358032227,16.137385570430506,15.705821203177045,16.014081885471196,2351900
2024-08-30,15.721236228942871,15.806008072717514,15.428390313015242,15.806008072717514,3234900
2024-09-02,15.759769439697266,15.929311656127977,15.56710722879581,15.721236115579362,1325300
2024-09-03,15.428388595581055,15.790592985205699,15.38985527547469,15.56710560817224,2174500
2024-09-04,15.497749328613281,15.674998216882315,15.420684147223591,15.459216002970397,2121600
2024-09-05,15.50545597076416,15.605639677495041,15.39756412902005,15.451509314944069,1482400
2024-09-06,14.858109474182129,15.551693103984976,14.858109474182129,15.45921460072649,3007500
2024-09-09,14.680859565734863,14.912055095762113,14.572969200326407,14.896641766447766,3013900
2024-09-10,14.58838176727295,14.650033611412516,14.272415882320685,14.650033611412516,3368200
2024-09-11,14.511317253112793,14.819576487798678,14.449665406175617,14.634620946987146,2152500
2024-09-12,14.341774940490723,14.611500850256025,14.318654946841141,14.588382326502408,1514600
2024-09-13,14.673154830932617,14.734806680226619,14.42654596386058,14.434252628759333,2263100
2024-09-16,14.43425178527832,14.8812280340143,14.349481416137737,14.765631007080088,1602000
2024-09-17,14.519024848937988,14.549850039435656,14.226177454781773,14.434253002751284,1380500
2024-09-18,14.465078353881836,14.757924251635913,14.403426508570666,14.472785018282725,1718000
2024-09-19,14.272417068481445,14.665448158746413,14.257003738691596,14.65774149385149,1730800
2024-09-20,14.133700370788574,14.310949257830055,14.06434185500781,14.264710737274902,2819600
2024-09-23,14.14140510559082,14.295533976368413,14.06433993525409,14.172230291787992,1663400
2024-09-24,14.29553508758545,14.580675799027079,14.22617657588062,14.426545446372796,1474800
2024-09-25,13.979569435119629,14.449665696133907,13.979569435119629,14.303242005508869,1308800
2024-09-26,13.725255012512207,13.979569063202467,13.655896501424321,13.756081670727252,2879800
2024-09-27,13.756081581115723,13.93333045500968,13.594244566332923,13.65589641246543,1924900
2024-09-30,13.655895233154297,13.887090738607316,13.548004879213718,13.833145561637027,1534000
2024-10-01,13.648189544677734,13.979568763915175,13.486354002201367,13.486354002201367,3408300
2024-10-02,13.910210609436035,14.241589837133496,13.802320245030712,13.987275785395255,2544600
2024-10-03,14.164525032043457,14.257003539595075,13.817733935990914,13.879385784393321,1897700
2024-10-04,14.156819343566895,14.295534895213912,14.025808986542524,14.257003042516846,1452200
2024-10-07,14.29553508758545,14.44195877561742,14.04122103463307,14.272416563614494,1830800
2024-10-08,14.002689361572266,14.06434120944798,13.956450843139482,13.979569367407874,1898700
2024-10-09,13.617364883422852,13.933330786096995,13.58653822467611,13.902505597246245,2125700
2024-10-10,13.94874382019043,14.14911268811468,13.694429770497333,13.694429770497333,3075000
2024-10-11,14.018102645874023,14.018102645874023,13.771495255165298,13.948744133500195,1119000
2024-10-14,13.794612884521484,14.010395072342117,13.7406677050403,13.856264728199394,1413600
2024-10-15,13.509474754333496,13.671310305901828,13.455528100581368,13.555713273367875,2073000
2024-10-16,13.601951599121094,13.771495282997993,13.424702720427971,13.594244934408872,3689800
2024-10-17,13.486353874206543,13.540299054520021,13.30910500463485,13.532592390204393,1274900
2024-10-18,13.178095817565918,13.625072098166584,13.162682487570295,13.524886923091096,2073500
2024-10-21,13.255160331726074,13.363050696483052,13.162681826294396,13.3322240380405,2000000
2024-10-22,13.101029396057129,13.247453077348624,13.000845700370894,13.224333084545995,2295000
2024-10-23,13.016257286071777,13.093322457235313,12.93148692069818,12.98543209954389,1782200
2024-10-24,13.154974937438965,13.232040112335685,12.939194211603292,13.03937791004186,1430200
2024-10-25,13.07020378112793,13.278279323254573,13.008551931967743,13.139562295170144,1358800
2024-10-28,12.985432624816895,13.054791134680107,12.831302276255105,12.877540792865265,1236000
2024-10-29,12.862129211425781,13.10873659852844,12.854422546841828,13.00084623414502,1115300
2024-10-30,13.093323707580566,13.309105913465388,12.916074825905191,12.916074825905191,1078100
2024-10-31,13.085617065429688,13.185802238651945,13.00084669181396,13.00084669181396,1692600
2024-11-01,12.715704917907715,13.224332997032352,12.715704917907715,13.139561160546279,1929600
2024-11-04,13.262866020202637,13.332224534384544,12.808184550415522,12.946900108883302,1988200
2024-11-05,13.270572662353516,13.355344506185215,13.108737109470487,13.23974747271219,997700
2024-11-06,13.316811561584473,13.432408585595065,12.754236830246683,12.869835324153184,2178900
2024-11-07,13.239747047424316,13.517181094764648,13.154975206315664,13.339930747910557,1150500
2024-11-08,13.586538314819336,14.203058264780696,13.563419790501886,14.072047904029807,7752600
2024-11-11,14.226176261901855,14.249296255258521,13.717548167222768,13.717548167222768,4882200
2024-11-12,14.025810241699219,14.403428017527785,13.917918398679562,14.403428017527785,4160500
2024-11-13,13.903923988342285,14.06984098404126,13.671638295583525,13.879035726944865,3277500
2024-11-14,13.820963859558105,14.12791273554176,13.771188922104473,13.862442710383345,1850200
2024-11-18,13.895627975463867,14.069841059226258,13.679934455817452,13.887331888287061,3078200
2024-11-19,14.020066261291504,14.13620990063298,13.854149263015877,13.887332029744261,2313200
2024-11-21,13.779485702514648,14.061546332814558,13.68823032732444,13.97858704467044,2096100
2024-11-22,14.028362274169922,14.028362274169922,13.729709463613753,13.837557015122078,2474100
2024-11-25,14.044954299926758,14.111321414645927,13.94540283668959,14.028362125667758,1410400
2024-11-26,14.277237892150879,14.434860377257445,13.970290591082943,14.136209163017936,2149500
2024-11-27,13.820963859558105,14.385085091755046,13.804371686301318,14.268943043590994,2076400
2024-11-28,13.439353942871094,13.92051591166285,13.397873507956493,13.85414879811629,1502900
2024-11-29,13.721414566040039,13.721414566040039,13.231955719284716,13.472536703593224,2240300
2024-12-02,13.613567352294922,13.820964784940875,13.538904149957032,13.696526641816671,1474600
2024-12-03,13.779485702514648,13.84585281656658,13.547200012174486,13.704822501416626,1530500
2024-12-04,13.414464950561523,13.978586176109614,13.38957669096968,13.829259783191976,2904600
2024-12-05,13.455944061279297,13.729708592820252,13.406169123449144,13.547199432565197,2467200
2024-12-06,13.173885345458984,13.480833458498083,13.007967553432236,13.447649108934293,2881000
2024-12-09,12.966487884521484,13.298324259141882,12.933304326175287,13.148997851004781,2639700
2024-12-10,13.115813255310059,13.331505971921667,12.958190772263388,12.983078241265039,2968400
2024-12-11,13.67993450164795,13.804372645083241,13.15729287513457,13.231956077659111,2706300
2024-12-12,13.26513957977295,13.613567329322873,13.19047637756105,13.57208847579041,1900000
2024-12-13,13.323210716247559,13.364691152434979,13.198772572318996,13.273435775139504,2010200
2024-12-16,13.157292366027832,13.480832634062349,13.157292366027832,13.223659478779775,2011800
2024-12-17,13.613567352294922,13.646751701030357,13.140701459032847,13.207068574186877,2506300
2024-12-18,12.900120735168457,13.646751982805196,12.900120735168457,13.59697545867427,3787300
2024-12-19,13.024558067321777,13.431057619590762,12.966487041779803,13.057741623511248,6104600
2024-12-20,13.16558837890625,13.26513904747458,12.958190954932633,12.958190954932633,3201000
2024-12-23,12.667835235595703,13.124108942597722,12.601467331013069,13.074334003108744,2692600
2024-12-26,12.725906372070312,12.891824157065292,12.584876057034977,12.692722815071315,1544000
2024-12-27,13.090925216674805,13.0992213035352,12.734202184420074,12.833752853269655,2341500
2024-12-30,13.447649002075195,13.472537264050267,13.090925949841921,13.090925949841921,2391800
2025-01-02,13.68822956085205,13.729708411443095,13.372986182336636,13.44764779693717,1976600
2025-01-03,13.630159378051758,13.688230405388776,13.43935412185389,13.646751552238568,2437200
2025-01-06,13.35639476776123,13.845852827655007,13.298323740708886,13.779485713549926,2419400
2025-01-07,13.572088241577148,13.721414643424025,13.323210377726749,13.572088241577148,1601900
2025-01-08,13.439353942871094,13.596974848596172,13.314914220444095,13.563792082981292,1565300
2025-01-09,13.605271339416504,13.613567426645671,13.314914615663016,13.439354341783687,1684600
2025-01-10,13.572088241577148,13.90392381106087,13.49742504065371,13.837556697164127,2108600
2025-01-13,13.663342475891113,13.937107027353951,13.605271447143974,13.605271447143974,3114600
2025-01-14,13.738004684448242,13.796075708990413,13.58867828858738,13.663341486517812,1203600
2025-01-15,14.18598461151123,14.18598461151123,13.77118974908293,13.8707396299683,2259800
2025-01-16,13.771188735961914,14.111320371544915,13.696525539632308,14.0947281985124,1262100
2025-01-17,13.84585189819336,13.887330748355787,13.62186230975616,13.854147984689186,1459700
2025-01-20,13.696526527404785,13.887331784089156,13.64675158703426,13.713118701633903,1128000
2025-01-21,13.854148864746094,13.862443369452105,13.58867882696631,13.646751436126042,1621500
2025-01-22,13.812667846679688,14.01176917987401,13.804371760006998,13.90392321776253,1641200
2025-01-23,13.115813255310059,13.928811557228313,13.074333612868388,13.928811557228313,2653500
2025-01-24,13.007966995239258,13.265139364055425,12.983078734134411,13.124109049094919,1644100
2025-01-27,13.406169891357422,13.406169891357422,12.900120441586266,12.991375026940876,1393700
2025-01-28,13.115813255310059,13.439353516965033,13.107517168590048,13.439353516965033,1437200
2025-01-29,12.900120735168457,13.248548492500582,12.900120735168457,13.148997817714037,1180900
2025-01-30,13.26513957977295,13.27343566694281,12.966487562083767,12.974783649253627,1708200
2025-01-31,13.16558837890625,13.397873272232353,13.16558837890625,13.22365940444818,1749600
2025-02-03,13.198772430419922,13.389577687880173,13.115813932412236,13.132405315550406,1989800
2025-02-04,13.140700340270996,13.248547091004136,12.93330292528227,13.165587808545304,1472300
2025-02-05,12.99967098236084,13.314914379903144,12.966487425190154,13.124109123961306,1649100
2025-02-06,13.04115104675293,13.140701721472151,12.933304284684166,12.999671401163646,1838700
2025-02-07,12.759089469909668,13.099221114698707,12.759089469909668,13.041150089829861,2591200
2025-02-10,13.124109268188477,13.248548202314872,12.858640807905635,12.941600097323231,3544300
2025-02-11,13.331506729125977,13.331506729125977,13.148997557869855,13.173885028285067,1741400
2025-02-12,12.94159984588623,13.215364388023657,12.908416288995586,13.190476126986871,1985700
2025-02-13,12.94159984588623,12.94159984588623,12.71761024350557,12.900120201983324,1824800
2025-02-14,12.925007820129395,13.074334223429481,12.825457148315476,13.032854579050746,3610400
2025-02-17,13.207069396972656,13.422762930239934,12.883529097071738,12.883529097071738,2719700
2025-02-18,13.24854850769043,13.35639526995578,13.140701745425082,13.207068862025537,1272400
2025-02-19,13.090925216674805,13.348098371238345,13.090925216674805,13.182180589822378,1777600
2025-02-20,14.061546325683594,14.103025178576212,13.13240514711094,13.13240514711094,6146000
2025-02-21,13.38957691192627,14.219166590877176,13.364690234240456,14.061545691144556,3090300
2025-02-24,13.099221229553223,13.439353668482935,13.099221229553223,13.397873234415233,1934000
2025-02-25,12.99967098236084,13.240251969637908,12.949895251025607,13.099221653872895,1523400
2025-02-26,12.83375358581543,13.173885254922347,12.817161411147564,12.999671376701922,1922000
2025-02-27,13.563793182373047,13.729710188529186,12.891825114300826,12.983079705034243,3714800
2025-02-28,13.182181358337402,13.646751964544748,13.182181358337402,13.422762353205911,2557800
2025-03-05,12.767385482788086,13.132404594529426,12.70931366709682,12.999670372078029,2928100
2025-03-06,12.80886459350586,13.140700947517358,12.725906098371777,12.82545676722771,3595200
2025-03-07,13.140700340270996,13.256842386323337,12.775680446842161,12.842047556345886,2373700
2025-03-10,13.05774211883545,13.265139550676514,12.916711801890852,13.11581393773867,2404500
2025-03-11,13.082630157470703,13.182180828119884,12.833753085268548,13.074334070460337,2578100
2025-03-12,12.916711807250977,13.157292796640112,12.833753309175176,13.041150741102305,2159200
2025-03-13,12.908416748046875,13.066038451093211,12.792273899220122,12.858641015361572,2250700
2025-03-14,13.563793182373047,13.563793182373047,12.941600849074439,12.941600849074439,1612600
2025-03-17,13.630159378051758,13.771189694006011,13.51401732337772,13.522311828154304,1790000
2025-03-18,13.82926082611084,13.82926082611084,13.613567306998702,13.613567306998702,1702800
2025-03-19,13.638456344604492,13.854149875991311,13.58867981883428,13.854149875991311,1786500
2025-03-20,13.298323631286621,13.605270938128168,13.09922149945124,13.464240624025706,4373900
2025-03-21,13.555497169494629,13.804373471260192,13.281732604625736,13.290028692326846,6295200
2025-03-24,13.738004684448242,13.845852229155197,13.47253623950304,13.58867828858738,1788900
2025-03-25,13.613567352294922,13.84585304649245,13.547200237140892,13.738005495419126,2045800
2025-03-26,13.995179176330566,14.069840794885412,13.596974910909488,13.630159258993247,1980500
2025-03-27,13.870739936828613,14.053250693017493,13.820964995284765,13.995179664163526,1966700
2025-03-28,13.903923988342285,13.99517936448266,13.729709323194008,13.738005410326481,962800
2025-03-31,13.67993450164795,13.98688339895072,13.646751735146399,13.787782052990886,2471800
2025-04-01,13.505721092224121,13.804372312817025,13.372986864779097,13.54719994493189,5435200
2025-04-02,13.787781715393066,13.953698708471983,13.190476109821923,13.4393539729155,3144700
2025-04-03,13.024558067321777,13.240251578132524,12.833752817021924,13.190475848269125,4543900
2025-04-04,11.904613494873047,12.626356498555385,11.904613494873047,12.452142615517685,5682300
2025-04-07,11.639143943786621,12.00416387598266,11.54788935631683,11.647440031145267,4783700
2025-04-08,11.406858444213867,11.962683609879141,11.249236748367151,11.664031600884018,3294400
2025-04-09,11.846540451049805,11.937795822516033,10.983767212424633,11.124797521819376,5896400
2025-04-10,11.099910736083984,11.871429441890315,11.033543620655312,11.680623391664069,5071200
2025-04-11,11.21605396270752,11.31560463921482,10.909105054528613,11.124798582540324,5275600
2025-04-14,11.199461936950684,11.688920029669438,11.075023787447948,11.605960735895309,3394500
2025-04-15,11.224348068237305,11.299011265486246,11.124797402291504,11.174573130843587,2451300
2025-04-16,11.481522560119629,11.655736443719883,11.249237645705442,11.33219614813128,5241900
2025-04-17,11.647439956665039,11.829949921595988,11.57277675323154,11.780174188920846,2638700
2025-04-22,11.805061340332031,11.946091656078321,11.506409325835516,11.647439641581807,3895600
2025-04-23,11.498113632202148,12.070531001855725,11.498113632202148,12.045643530919007,3113500
2025-04-24,11.614255905151367,11.688919105412683,11.42345065217991,11.58107234849727,2110200
2025-04-25,11.249237060546875,11.614256192781742,11.174573858436503,11.365379116133306,5962400
2025-04-28,10.892513275146484,11.299012053912916,10.7929626022542,11.216053555415224,5915400
2025-04-29,10.892513275146484,11.099910708128348,10.801258689451496,10.801258689451496,4369800
2025-04-30,10.651931762695312,10.917400210736092,10.635339589113572,10.82614562951167,3972300
2025-05-02,10.96717643737793,11.041839639562886,10.676819715804974,10.759779005156796,3508100
2025-05-05,10.510902404785156,11.116502554570497,10.477718845771692,10.817850523449316,4160300
2025-05-06,10.958880424499512,10.992063982233502,10.701707258692267,10.784666548606456,2767700
2025-05-07,10.875921249389648,11.083318685205947,10.809554133221107,11.033543743658758,2322500
2025-05-08,11.174574851989746,11.332196566225107,11.000360961961986,11.108207731137123,2298800
2025-05-09,11.788469314575195,12.087121312788048,11.713806117232389,11.746989672589374,10926300
2025-05-12,12.17008113861084,12.460437854280837,12.09541793794379,12.277927896112313,4396400
2025-05-13,12.825456619262695,12.916711200204915,12.28622363805783,12.28622363805783,4928900
2025-05-14,12.60146713256836,12.999670598001364,12.435549351620603,12.999670598001364,5282200
2025-05-15,12.510212898254395,12.701018945011928,12.377478669810063,12.443845784032229,6870800
2025-05-16,12.580916404724121,12.633851064838668,12.36035335769059,12.413288017805137,4571200
2025-05-19,12.457401275634766,12.580916889631467,12.360353834096754,12.545626834401164,2867400
2025-05-20,12.439756393432617,12.527981108865418,12.289773451677462,12.422110945517296,1935100
2025-05-21,12.589739799499512,12.739721905404767,12.369176740711207,12.422111403646873,3279700
2025-05-22,12.625029563903809,12.704431556474956,12.38682106204653,12.572094060808432,3359900
2025-05-23,12.325063705444336,12.554448642384182,12.228015423103171,12.554448642384182,2235000
2025-05-26,12.510336875915527,12.625029766646273,12.395643985184783,12.43093404068799,997600
2025-05-27,12.704431533813477,12.775011643560564,12.52798125944576,12.52798125944576,1748400
2025-05-28,13.136734962463379,13.172025015200518,12.722076211766087,12.766188988032816,3129000
2025-05-29,12.898527145385742,13.154380251364003,12.898527145385742,12.969107254525865,1874500
2025-05-30,12.766189575195312,13.013219955717087,12.651496688179174,12.9338171230612,2216800
2025-06-02,12.598560333251953,13.172024729519414,12.554447557941963,13.101444625575912,3348400
2025-06-03,13.066155433654785,13.119090094406113,12.492690999640304,12.580916556067535,2013500
2025-06-04,12.810301780700684,13.251427861170301,12.801479057159797,13.154379584983001,3153300
2025-06-05,12.722076416015625,13.004396842445308,12.572093479129544,12.801479246294283,1637600
2025-06-06,12.792656898498535,12.924994391930497,12.651496681136104,12.880882455040686,3362900
2025-06-09,12.64267349243164,12.77501098099857,12.422110450565937,12.77501098099857,1740500
2025-06-10,13.083800315856934,13.12791309500024,12.633851483081502,12.722077041368117,3894000
2025-06-11,13.436699867248535,13.516102695526786,12.977929185858168,13.119089395516742,3792500
2025-06-12,13.366120338439941,13.445523170140104,13.057332576849726,13.154380014827007,1895600
2025-06-13,13.72784423828125,13.983697335843308,13.551393129853974,13.93958455873649,4505200
2025-06-16,13.674909591674805,13.895472649605043,13.551393976336605,13.763135151399418,2957000
2025-06-17,13.842536926269531,14.230727531871201,13.551393761722958,13.807246871214835,4919100
2025-06-18,13.745489120483398,14.018987670936088,13.674909012246818,13.842536558963381,2934200
2025-06-20,13.930761337280273,14.142502491551053,13.692553695624811,13.701375577625967,4710400
2025-06-23,13.604328155517578,14.177791713733875,13.586682708738634,14.107211609380522,2844400
2025-06-24,12.969107627868652,13.58668402131358,12.92499484804088,13.46316924745337,3435800
2025-06-25,12.64267349243164,13.057332246725908,12.56327066273899,12.986752140639382,2062900
2025-06-26,12.819124221801758,12.977929886937082,12.642673950196544,12.642673950196544,1730500
2025-06-27,12.64267349243164,12.872059257903468,12.580916109951238,12.810301875423065,1570400
2025-06-30,12.64267349243164,12.704430874912042,12.536803333301851,12.64267349243164,1541700
2025-07-01,12.969107627868652,12.977930352110466,12.554448843697665,12.775011901455231,4169700
2025-07-02,12.916172981262207,13.0573332037818,12.836770145749613,12.995574975393508,2265500
2025-07-03,12.97792911529541,13.039686496339948,12.801478854181576,12.93381633967165,1990200
2025-07-04,12.960284233093262,12.969106956878608,12.792656688077921,12.93381690311847,803300
2025-07-07,12.77501106262207,13.101445107084485,12.660319020534587,13.057332330153248,1904200
2025-07-08,12.995573997497559,12.995573997497559,12.730899020880333,12.730899020880333,2148200
2025-07-09,12.298595428466797,12.951462702853378,12.298595428466797,12.933817254802886,5062900
2025-07-10,12.333885192871094,12.351530640506246,11.919227270020029,12.042742037941089,2690400
2025-07-11,12.766189575195312,12.810302353490945,12.307418027130755,12.360353529361767,4717200
2025-07-14,12.651496887207031,12.792657106868717,12.572094053302013,12.792657106868717,1838900
2025-07-15,12.430932998657227,12.74854347156219,12.37799749914912,12.651496037408755,1691800
2025-07-16,12.342708587646484,12.3956440920483,12.04274269259256,12.386821367751114,2970000
2025-07-17,12.280950546264648,12.3162406001926,12.148613054380144,12.280950546264648,2132300
2025-07-18,12.12214469909668,12.245660306662337,12.04274186861742,12.245660306662337,2230200
2025-07-21,11.963340759277344,12.14861376355978,11.90158253026233,12.060388202899077,1320800
2025-07-22,11.733954429626465,11.980984810068136,11.6721962034801,11.866291923089188,2495900
2025-07-23,11.954517364501953,12.042742078833538,11.698664262592226,11.698664262592226,1461500
2025-07-24,11.831002235412598,11.831002235412598,11.628084626963332,11.7427775174969,2779400
2025-07-25,11.778066635131836,12.06038705619287,11.778066635131836,11.831001293390168,1716000
2025-07-28,11.760421752929688,12.01627485714913,11.70748709212912,11.892759246312368,1876800
2025-07-29,11.963340759277344,12.130968314875117,11.725132250322226,11.795712362298268,1752800
2025-07-30,12.12214469909668,12.263304912668149,11.883937049040137,11.90158165504595,1757500
2025-07-31,11.839824676513672,12.086855058704629,11.751599119326267,12.042742280110925,2090100
2025-08-01,11.769244194030762,12.033920015816975,11.7074868107871,12.033920015816975,2203900
2025-08-04,11.628084182739258,11.804534453211069,11.58397140477599,11.769244399116706,1077900
2025-08-05,11.725131034851074,11.769243810608529,11.531035326346998,11.636905483336163,1115400
2025-08-06,11.610438346862793,11.883936887986945,11.610438346862793,11.769244005669155,1404400
2025-08-07,11.733954429626465,11.901581977437997,11.654551596996326,11.707487099210173,1576900
2025-08-08,11.716309547424316,11.963340781173908,11.513391935467121,11.681019491371703,2687300
2025-08-11,11.478100776672363,11.822178579783227,11.478100776672363,11.760421197969732,1803400
2025-08-12,11.433987617492676,11.751598080813151,11.38987484279731,11.522213166883406,2094700
2025-08-13,11.239892959594727,11.478101460287572,11.231070235558413,11.451633288178629,1983100
2025-08-14,11.169312477111816,11.310472691454265,11.08108776383841,11.231069860541327,1447300
2025-08-15,11.186957359313965,11.231069293031053,11.028151705512599,11.169311912722167,1688800
2025-08-18,11.275182723999023,11.53985854860358,11.05461967705877,11.160489838624342,2323300
2025-08-19,10.895814895629883,11.204602657657572,10.781122009831739,11.1604898798304,4220500
2025-08-20,10.878170013427734,11.019330236707628,10.860525406208398,10.975217456587336,2184700
2025-08-21,10.966395378112793,11.072265543684809,10.869347095302482,10.895815267731448,2242000
2025-08-22,11.26636028289795,11.328117663736812,11.010506353408468,11.010506353408468,1776100
2025-08-25,11.557503700256348,11.601615635409775,11.301650606012808,11.301650606012808,3424700
2025-08-26,11.319295883178711,11.548681661659494,11.301651276347032,11.486924275676698,1718600
2025-08-27,11.38105297088623,11.425165748881236,11.222248148037968,11.345762916766477,2129000
2025-08-28,11.425166130065918,11.495746240660232,11.319295964174447,11.451633461193465,2472000
2025-08-29,11.40752124786377,11.460455908841638,11.301651084526767,11.460455908841638,4429500
2025-09-01,11.583971977233887,11.681019420443967,11.451633636804177,11.478101809718897,1647200
2025-09-02,11.610438346862793,11.786888611435845,11.531035517459612,11.566325570374222,2061200
2025-09-03,11.469279289245605,11.68984235250033,11.469279289245605,11.575149458642116,1983800
2025-09-04,11.416342735290527,11.504568289041618,11.301650693347842,11.478100959468785,1380900
2025-09-05,11.336941719055176,11.55750478097157,11.275183489579296,11.407521831557919,2311200
2025-09-08,11.31047248840332,11.531035529699055,11.231069658915859,11.42516537084285,2268600
2025-09-09,11.663373947143555,11.839824213232767,11.363408074101278,11.469278233754805,3480900
2025-09-10,11.531035423278809,11.742776580418285,11.504568094154333,11.61043825203346,1573700
2025-09-11,11.469279289245605,11.56632673418041,11.425166508318398,11.513392070172813,1642800
2025-09-12,11.38105297088623,11.654551521350264,11.372231088392235,11.557504082866256,1625900
2025-09-15,11.52221393585205,11.548681265883166,11.34576282529461,11.407521050542215,1463500
2025-09-16,11.610438346862793,11.672195729118053,11.557503688181493,11.583971017522142,1288800
2025-09-17,11.751599311828613,11.804534815284443,11.57514903594465,11.636906422158717,1742200
2025-09-18,11.707487106323242,11.786889097620358,11.645728880139353,11.751599043250108,765800
2025-09-19,11.425166130065918,11.778067524418773,11.425166130065918,11.778067524418773,2041000
2025-09-22,11.433987617492676,11.486923115403352,11.310472016621892,11.425164894277364,1770500
2025-09-23,11.610438346862793,11.733953952754543,11.469278135204352,11.504568188118961,1484500
2025-09-24,11.575148582458496,11.7692442990173,11.486923868663586,11.672196020047274,2286000
2025-09-25,11.504569053649902,11.58397188902685,11.43398894251068,11.566326440551398,2446900
2025-09-26,11.469279289245605,11.628084964031027,11.451633840322197,11.55750485110002,2398400
2025-09-29,11.31047248840332,11.522213647496962,11.292827882617901,11.495745476746988,2687700
2025-09-30,11.125200271606445,11.319295996994223,11.125200271606445,11.284005941594744,2231100
2025-10-01,11.169312477111816,11.222247978180858,11.072265040096696,11.17813520085353,1809700
2025-10-02,10.93110466003418,11.204602360831025,10.93110466003418,11.169312307780425,1782800
2025-10-03,10.90463638305664,11.045797435266111,10.878169053871652,10.957571882807846,1729100
2025-10-06,10.895814895629883,11.098732495701114,10.895814895629883,11.001685057586341,2108400
2025-10-07,10.992862701416016,10.992862701416016,10.816412425586963,10.842879756616,1730100
2025-10-08,10.816411972045898,11.072265071615213,10.816411972045898,11.072265071615213,2011100
2025-10-09,10.745832443237305,10.922282721167866,10.745832443237305,10.81641255440953,1864200
2025-10-10,10.41939926147461,10.816412598792768,10.32235097717861,10.754654370227687,5100300
2025-10-13,10.72818660736084,10.957572381078139,10.498800833643541,10.551736335801865,3120100
2025-10-14,10.59584903717041,10.772299307449344,10.569380865592628,10.631139091226197,2168700
2025-10-15,10.78994369506836,10.825234589790037,10.587026098706154,10.595848822386573,3368600
2025-10-16,10.737009048461914,10.869346538299945,10.631138888315242,10.71936360108018,2956900
2025-10-17,10.878170013427734,11.054620292527602,10.684074285727231,10.781122570268131,2862700
2025-10-20,10.807588577270508,10.913458731755577,10.798765854051453,10.878168680260554,1588200
2025-10-21,10.816411972045898,10.966394910557005,10.798766524512239,10.842879301965137,1499200
2025-10-22,10.984039306640625,10.984039306640625,10.798766317986777,10.966394700825665,2107600
2025-10-23,11.125200271606445,11.345763328198508,10.975217325813338,11.328118721189414,2771100
2025-10-24,11.010507583618164,11.248716092979581,11.010507583618164,11.125200476120183,1639800
2025-10-27,11.06344223022461,11.151667784192414,10.975216676256803,11.089909559862456,1503700
2025-10-28,11.089910507202148,11.178136068706495,11.028153118977892,11.063443175303368,1723100
2025-10-29,10.939926147460938,11.169311904702385,10.913458818973448,11.134021852925331,1492400
2025-10-30,10.922282218933105,11.098732488750027,10.860524834842497,10.860524834842497,1373200
2025-10-31,10.957571983337402,11.063442142429887,10.922281930306575,11.010506642193029,1874200
2025-11-03,11.142845153808594,11.178135207414922,10.975216768142607,10.975216768142607,2115700
2025-11-04,11.275182723999023,11.275182723999023,11.072265124676992,11.072265124676992,2042300
2025-11-05,11.160490036010742,11.31047297789324,11.142845429461707,11.275182923413903,4179200
2025-11-06,11.045798301696777,11.292828690023232,11.001685522007445,11.1516684681224,3567500
2025-11-07,10.339996337890625,10.719364223429732,10.339996337890625,10.71054234060792,11226700
2025-11-10,10.375286102294922,10.525269044015438,10.190013106133183,10.437043487221747,5059400
2025-11-11,10.59584903717041,10.59584903717041,10.304705880864855,10.419398766891476,5340300
2025-11-12,10.057674407958984,10.631138823658993,9.916514195288594,10.631138823658993,10505900
2025-11-13,9.934159278869629,10.128254143494912,9.934159278869629,10.040029434496475,5340400
2025-11-14,9.775354385375977,10.040030215728578,9.7135970001335,10.022384767727146,6465900
2025-11-17,9.748887062072754,9.828289895376262,9.70477428341733,9.828289895376262,2831800
2025-11-18,9.934159278869629,9.98709393599245,9.634193417236295,9.71359624430173,4722400
2025-11-19,9.722418785095215,9.854756266799077,9.704773338798066,9.837110820501927,2924800
2025-11-21,9.590081214904785,9.731241430839377,9.528323830778715,9.731241430839377,3061700
2025-11-24,9.493033409118652,9.660660948703253,9.493033409118652,9.572436237851809,3962400
2025-11-25,9.246002197265625,9.466565236414684,9.237180315149391,9.44009790730354,4770600
2025-11-26,9.46656608581543,9.46656608581543,9.25482575116513,9.25482575116513,3048900
2025-11-27,9.369518280029297,9.519501221611847,9.307760895159282,9.484211167203085,2682800
2025-11-28,9.44009780883789,9.484210584483826,9.29011487647044,9.36951770435688,2592400
2025-12-01,9.26364803314209,9.581258519952566,9.26364803314209,9.537146583375943,4454400
2025-12-02,9.39598560333252,9.41363105121409,9.210712607482353,9.307760888068461,5014600
2025-12-03,9.422453880310059,9.501856713900736,9.395985708192317,9.44009848700728,4117700
2025-12-04,9.757709503173828,9.828289610423662,9.43127545541679,9.466565509041706,8153700
2025-12-05,9.572436332702637,9.960626915334164,9.528323556149202,9.784176650501651,4971100
2025-12-08,9.554791450500488,9.925337449249643,9.554791450500488,9.572436898717724,4925800
2025-12-09,9.554791450500488,9.651838891551446,9.440098561232293,9.554791450500488,3642200
2025-12-10,9.581258773803711,9.62537155293034,9.37834116775501,9.554791442880246,3480100
2025-12-11,9.378340721130371,9.563613711533934,9.360695273767536,9.501856328526493,2281000
2025-12-12,9.448921203613281,9.572436815921757,9.413631148865328,9.413631148865328,1779600
2025-12-15,9.493033409118652,9.545968067353275,9.431275186003298,9.466565238620118,2201200
2025-12-16,9.184245109558105,9.431275485726413,9.17542238577821,9.431275485726413,3865900
2025-12-17,9.32540512084961,9.360695173817223,9.193067632566365,9.263647738501593,3845900
2025-12-18,9.519500732421875,9.687128271904095,9.343050469445531,9.351873192939653,3420300
2025-12-19,9.457743644714355,9.91651434271349,9.457743644714355,9.704774020560043,6340200
2025-12-22,9.695951461791992,9.792999742133105,9.46656568819824,9.63419407712493,3567900
2025-12-23,9.8018217086792,9.828289880661588,9.69595154489345,9.748887047476959,2386300
2025-12-26,9.810644149780273,9.845934203357922,9.6959512653076,9.784176819942347,2042200
2025-12-29,9.91651439666748,10.040030005952975,9.837111565082608,9.854757012715359,2020900
2025-12-30,9.987093925476074,10.057674029152984,9.942981991713909,9.978272043552364,2227000
2026-01-02,9.713597297668457,10.075320578964993,9.704774573397493,10.075320578964993,4043000
2026-01-05,9.775354385375977,9.784177109376692,9.528324003024807,9.748887054755096,4399600
2026-01-06,9.775354385375977,9.98709471310555,9.748887054755096,9.810644439997573,8714700
2026-01-07,9.704773902893066,9.810644062686151,9.510678189248459,9.78417673308319,6328600
2026-01-08,9.713597297668457,9.775354684802608,9.590081682018859,9.69595184912653,6200200
2026-01-09,9.941182136535645,10.038453418266494,9.795273822454561,9.83418252067821,6247300
2026-01-12,10.155179023742676,10.155179023742676,9.814728162600074,9.970362947997435,5883000
2026-01-13,10.057908058166504,10.262178952240435,10.038453245561119,10.262178952240435,7282300
2026-01-14,10.291359901428223,10.388632105908973,9.921726823120457,10.116270304425468,5760200
2026-01-15,10.281632423400879,10.339995931211648,10.057907653381978,10.125997639447473,3484000
2026-01-16,10.04818058013916,10.359450158351276,10.04818058013916,10.291360170031504,4043700
2026-01-19,10.174633979797363,10.20381527055839,10.018999192196537,10.067635295235922,2293700
2026-01-20,10.31081485748291,10.330268742057036,10.057907864423719,10.194087839412125,2466900
2026-01-21,10.680447578430176,10.690174985060194,10.359450580891993,10.38863280078205,4892400
2026-01-22,10.573448181152344,10.73881037217444,10.476176904328842,10.670720385632338,4720600
2026-01-23,10.806900978088379,10.9041731881433,10.573448787144425,10.602630079098283,4764100
2026-01-26,10.787446975708008,10.855536965414256,10.641538662207644,10.806900860914133,3062000
2026-01-27,10.894445419311523,11.050080208098521,10.80690061870471,10.865264128328091,3410300
2026-01-28,11.1668062210083,11.234897136365236,10.894445342550089,10.972262736395292,3908700
2026-01-29,10.991717338562012,11.322441719910099,10.96253604834203,11.234896921593664,3969500
2026-01-30,10.991717338562012,10.991717338562012,10.77771904575034,10.952808642383207,2902300
2026-02-02,10.641538619995117,10.845809515960102,10.42754124529392,10.748538235002249,7667200
2026-02-03,10.855536460876465,10.943081259376516,10.738810372095228,10.75826518405368,2953700
2026-02-04,10.524812698364258,10.88471839187258,10.476177520918265,10.865264506425492,2914400
2026-02-05,10.388632774353027,10.612357560334967,10.320541855772676,10.524812756200625,3203700
2026-02-06,10.466449737548828,10.466449737548828,10.252451439396038,10.408086227995698,2591900
2026-02-09,10.641538619995117,10.651266026387862,10.378905140986726,10.505358641122816,2299100
2026-02-10,10.719356536865234,10.767991711671026,10.631811737964414,10.651265622355432,2636600
2026-02-11,10.699901580810547,10.836082480340833,10.622084188980807,10.787446378533126,3736900
2026-02-12,10.339996337890625,10.709629428146124,10.339996337890625,10.69990202185233,3402200
2026-02-13,10.553994178771973,10.651265454507202,10.223269800427932,10.310814597949177,3649000
2026-02-18,10.933354377746582,11.166806566505116,10.612357386289464,10.612357386289464,3936500
2026-02-19,11.059807777404785,11.26407867261412,10.952809090450002,10.991717788220516,4548600
2026-02-20,11.371077537536621,11.409986235916092,10.991717960250911,11.030626658630382,5439000
2026-02-23,11.264078140258789,11.575347707711893,11.16680593660145,11.380804228053703,3103300
2026-02-24,11.662893295288086,11.662893295288086,11.264078903066801,11.264078903066801,4251700
2026-02-25,11.643439292907715,11.760165387435185,11.419713582654328,11.672620584625449,4501100
2026-02-26,11.925527572631836,11.964436270762098,11.516985778435822,11.604530581143045,5243800
2026-02-27,11.98388957977295,12.061706972291748,11.857436085015777,11.925526999212096,2934800
2026-03-02,12.38270378112793,12.567520781606648,12.042252925369809,12.53833949172029,10057700
2026-03-03,11.964435577392578,12.64533821904038,11.964435577392578,12.548066015523629,8231500
2026-03-04,12.158979415893555,12.188160706747876,11.81852762118593,12.1006159065284,5423200
2026-03-05,12.499431610107422,12.509158088932066,12.19788850278649,12.236797201054689,7456000
2026-03-06,12.518885612487793,12.69397522016036,12.421614329735906,12.5383404256321,6800800
2026-03-09,12.50915813446045,12.907973452731673,12.33406945544458,12.8398825347721,8232300
2026-03-10,12.538339614868164,12.538339614868164,12.16870653793678,12.314613916458107,4773500
2026-03-11,12.538339614868164,12.839881777853973,12.47997610686574,12.51888480298186,3923400
2026-03-12,12.50915813446045,12.703702554166039,12.353523340821212,12.65506644923964,4043800
2026-03-13,12.489704132080078,12.655066330686788,12.363250631518682,12.450795434034767,3355800
2026-03-16,12.7717924118042,12.830154994984408,12.353523212501043,12.548066702529301,2901900
2026-03-17,13.277605056762695,13.404058553108383,12.791245883582283,12.791245883582283,3758000
2026-03-18,13.365150451660156,13.569421350600663,13.112243447703998,13.27760564816329,4469400
2026-03-19,13.063608169555664,13.423513859644256,12.79124635463197,13.267879066920166,7130600
2026-03-20,12.372978210449219,13.024699607536947,12.178434717510317,12.946882210361387,7345300
2026-03-23,12.723155975341797,12.830154660150818,12.022798501861038,12.110343302003198,3841800
2026-03-24,12.73288345336914,12.937154345634932,12.60642995552303,12.74261085958573,2887500
2026-03-25,12.907973289489746,13.102516779078478,12.528612789049317,12.548066674179925,3058700
2026-03-26,12.937154769897461,13.21924306583377,12.839882559854647,12.878791258340463,2003600
2026-03-27,13.209515571594238,13.316514259805686,12.95660856928732,12.95660856928732,4322900
2026-03-30,13.56942081451416,13.870963911572924,13.316513820549586,13.326241226699725,4813100
2026-03-31,13.647238731384277,13.841782223559713,13.355423029292853,13.695874836342272,5068600
2026-04-01,13.22896957397461,13.63751134415941,12.888517789601782,13.43324045906701,4034300
2026-04-02,13.326241493225098,13.802873272236482,13.258151504125335,13.618057189970047,8311600
2026-04-06,13.51105785369873,13.734782622933393,13.228969576857885,13.297059562684698,6196400
2026-04-07,13.71532917022705,13.763964345829374,13.365149968888641,13.579148266633613,3805200
2026-04-08,13.394331932067871,13.4137858164066,12.645338368068685,12.70370187639786,4471700
2026-04-09,13.608329772949219,13.74451067869843,13.29706019141562,13.66669328331503,2912800
2026-04-10,13.909873008728027,14.0363265093486,13.501331215232803,13.608329902993349,3268600
2026-04-13,13.472149848937988,14.240597327176243,13.452695036185776,14.05578031665636,3836500
2026-04-14,13.297060012817383,13.569420893001091,13.190061327516483,13.36515000094918,5138200
2026-04-15,13.141425132751465,13.306787326484294,13.063607738954428,13.306787326484294,1806500
2026-04-16,13.209515571594238,13.384605177446188,13.092789476911785,13.238696863350716,1520300
2026-04-17,12.664793014526367,13.131697364431027,12.411886027833104,13.034425161039314,4298900
2026-04-20,12.742610931396484,12.94688182481344,12.60643002656634,12.800973513711888,2635000
2026-04-22,13.22896957397461,13.365149545598555,12.810700397914816,12.839881687883308,3771700
2026-04-23,13.267878532409668,13.433240724931357,13.131697630434012,13.190061139182578,1886400
2026-04-24,13.102516174316406,13.219242262682016,12.956607868117027,13.190060972504735,1722200
2026-04-27,12.742610931396484,13.219242706817209,12.616157432837747,13.044153104557955,4114000
2026-04-28,12.596702575683594,12.898245675433667,12.55779387839228,12.75233736484885,1577200
2026-04-29,12.45079517364502,12.849609552182995,12.402159070191397,12.75233734527575,3855900
2026-04-30,12.606430053710938,12.62588393863912,12.139524755899743,12.15897956848445,2166800
2026-05-04,12.441067695617676,12.674519877659844,12.392431592444764,12.62588377448693,1741300
2026-05-05,12.548066139221191,12.7134283302359,12.178433988589305,12.197887872890538,2307600
2026-05-06,12.304886817932129,12.441067721569048,12.246524236128101,12.363250327392668,2030400
2026-05-07,11.789346694946289,12.372978096022027,11.760165403189465,12.207615896639119,2723000
2026-05-08,12.090889930725098,12.44106821850607,11.964436428223388,12.158979921435039,2673200
2026-05-11,11.847709655761719,12.227069213947894,11.672620058041025,12.07143442826572,2755200
2026-05-12,11.886618614196777,11.9936172997977,11.692075127805774,11.886618614196777,2204500
2026-05-13,11.633711814880371,11.983890096308524,11.614257002083875,11.983890096308524,2435700
2026-05-14,11.701801300048828,11.808800910505191,11.672620009768226,11.692074821726289,1566700
2026-05-15,11.828254699707031,11.935254309303113,11.604529929927015,11.692074727721451,2253700
2026-05-18,12.149251937866211,12.178434156204444,11.799073666715959,11.92552716321212,2659100
2026-05-19,11.829999923706055,12.180000305175781,11.819999694824219,11.949999809265137,2669500
2026-05-20,12.1899995803833,12.239999771118164,11.739999771118164,11.789999961853027,2676300
2026-05-21,12.220000267028809,12.369999885559082,11.970000267028809,12.220000267028809,2660000
2026-05-22,12.3100004196167,12.350000381469727,12.069999694824219,12.1899995803833,1249400
2026-05-25,12.350000381469727,12.550000190734863,12.1899995803833,12.199999809265137,2435700
2026-05-26,11.899999618530273,12.40999984741211,11.720000267028809,12.3100004196167,3190100
2026-05-27,11.8100004196167,12.020000457763672,11.729999542236328,11.899999618530273,1581100
2026-05-28,11.579999923706055,12.010000228881836,11.529999732971191,11.930000305175781,2028200
2026-05-29,11.369999885559082,11.630000114440918,11.050000190734863,11.539999961853027,2583400
2026-06-01,11.220000267028809,11.489999771118164,10.949999809265137,11.399999618530273,3586400
2026-06-02,11.100000381469727,11.34000015258789,11.050000190734863,11.300000190734863,1667700
2026-06-03,10.869999885559082,11.140000343322754,10.869999885559082,11.09000015258789,2095600
2026-06-05,10.779999732971191,11.029999732971191,10.720000267028809,10.979999542236328,1512400
2026-06-08,10.819999694824219,10.890000343322754,10.760000228881836,10.829999923706055,1317500
2026-06-09,10.739999771118164,10.949999809265137,10.640000343322754,10.880000114440918,2187000
2026-06-10,10.489999771118164,10.829999923706055,10.489999771118164,10.720000267028809,2300700
2026-06-11,11.109999656677246,11.460000038146973,10.8100004196167,10.930000305175781,7113200
2026-06-12,10.930000305175781,11.170000076293945,10.739999771118164,10.989999771118164,3266600
2026-06-15,10.220000267028809,10.90999984741211,10.210000038146973,10.880000114440918,4042900
2026-06-16,10.0,10.180000305175781,9.930000305175781,10.149999618530273,2690200
2026-06-17,9.90999984741211,10.149999618530273,9.899999618530273,10.039999961853027,2797800
2026-06-18,10.0,10.029999732971191,9.789999961853027,9.899999618530273,1900400
2026-06-19,10.180000305175781,10.289999961853027,9.970000267028809,10.050000190734863,2343600
2026-06-22,10.119999885559082,10.260000228881836,10.010000228881836,10.210000038146973,1943300
2026-06-23,10.109999656677246,10.15999984741211,9.989999771118164,10.010000228881836,1521300
2026-06-24,9.989999771118164,10.079999923706055,9.899999618530273,10.050000190734863,2218600
2026-06-25,9.979999542236328,10.109999656677246,9.979999542236328,10.0,1762200
2026-06-26,10.020000457763672,10.100000381469727,9.899999618530273,9.90999984741211,1604700
2026-06-29,10.0600004196167,10.199999809265137,10.0,10.0,1452100
2026-06-30,9.979999542236328,10.109999656677246,9.920000076293945,9.979999542236328,2054800
2026-07-01,9.850000381469727,9.930000305175781,9.75,9.899999618530273,2859300
2026-07-02,9.609999656677246,9.920000076293945,9.5600004196167,9.869999885559082,4564000
2026-07-03,9.640000343322754,9.680000305175781,9.5600004196167,9.680000305175781,1892400
2026-07-06,9.470000267028809,9.609999656677246,9.390000343322754,9.59000015258789,3322300
2026-07-07,9.600000381469727,9.6899995803833,9.5,9.5,2182600
2026-07-08,10.180000305175781,10.199999809265137,9.739999771118164,9.8100004196167,4410600
2026-07-09,10.010000228881836,10.34000015258789,9.970000267028809,10.199999809265137,2283600
2026-07-10,10.220000267028809,10.289999961853027,10.079999923706055,10.229999542236328,1667900
2026-07-13,10.300000190734863,10.390000343322754,10.239999771118164,10.319999694824219,2126200
2026-07-14,10.430000305175781,10.4399995803833,10.130000114440918,10.399999618530273,1784300
2026-07-15,10.289999961853027,10.5,10.270000457763672,10.5,3208800
2026-07-16,10.289999961853027,10.489999771118164,10.15999984741211,10.229999542236328,1526800
2026-07-17,10.289999961853027,10.479999542236328,10.279999732971191,10.319999694824219,1912000
2026-07-20,10.15999984741211,10.329999923706055,10.130000114440918,10.289999961853027,1462400
2026-07-21,10.34000015258789,10.380000114440918,10.180000305175781,10.180000305175781,1241700
2026-07-22,10.800000190734863,10.800000190734863,10.390000343322754,10.420000076293945,1612500
2026-07-23,10.890000343322754,11.039999961853027,10.779999732971191,10.899999618530273,2194200
2026-07-24,10.59000015258789,10.829999923706055,10.529999732971191,10.770000457763672,1459500
2026-07-27,10.239999771118164,10.390000343322754,10.109999656677246,10.390000343322754,1769300
2026-07-28,10.199999809265137,10.420000076293945,10.109999656677246,10.369999885559082,1471300
2026-07-29,10.319999694824219,10.430000305175781,10.279999732971191,10.300000190734863,1237400
2026-07-30,10.550000190734863,10.600000381469727,10.270000457763672,10.350000381469727,1408700
2026-07-31,10.670000076293945,10.949999809265137,10.579999923706055,10.600000381469727,1181000
2026-08-03,10.329999923706055,10.609999656677246,10.210000038146973,10.449999809265137,2250000
2026-08-04,10.25,10.40999984741211,10.170000076293945,10.380000114440918,1193500
2026-08-05,10.109999656677246,10.369999885559082,10.069999694824219,10.329999923706055,1530600
2026-08-06,10.069999694824219,10.170000076293945,10.010000228881836,10.079999923706055,1202800
2026-08-07,10.229999542236328,10.369999885559082,10.130000114440918,10.199999809265137,1960900
