Date,Close,High,Low,Open,Volume
2000-01-03,1.4514458179473877,1.4831964947997913,1.443886264296794,1.4816840325497616,571500
2000-01-04,1.3985283374786377,1.436326589170065,1.3985283374786377,1.436326589170065,1121400
2000-01-05,1.5315775871276855,1.5346010510449535,1.398528142539165,1.4060875322849946,1602450
2000-01-06,1.6706743240356445,1.6706743240356445,1.5119227404367628,1.5119227404367628,3084300
2000-01-07,1.737199306488037,1.7538300649064333,1.6631149348684375,1.6706744884853362,2871000
2000-01-10,1.9171174764633179,1.965498904609533,1.7689495656684087,1.7689495656684087,4137750
2000-01-11,1.8143072128295898,1.9503803186765065,1.768949889374687,1.8899032385563266,3211650
2000-01-12,1.725103497505188,1.8052356016192201,1.693352986067345,1.8052356016192201,4891050
2000-01-13,1.6631145477294922,1.7840685129264318,1.6026376462368725,1.7538296566508718,1505250
2000-01-14,1.6933529376983643,1.6933529376983645,1.6101973716701685,1.663114727009985,2822400
2000-01-17,1.7039366960525513,1.7160323378512445,1.6404363203854706,1.6631148174229227,2023650
2000-01-18,1.6328765153884888,1.7235916250252026,1.6177567627080818,1.6631145608439906,1807650
2000-01-19,1.6101974248886108,1.6646265952347477,1.5875187661227765,1.6328767325013365,2295000
2000-01-20,1.7084728479385376,1.7084728479385376,1.6101975187429742,1.6101975187429742,1899000
2000-01-21,1.6933529376983643,1.7235917972336139,1.632876678533323,1.7235917972336139,883800
2000-01-24,1.6782337427139282,1.7069601386605435,1.647995533640676,1.6933528472505546,909450
2000-01-25,1.6782337427139282,1.6782337427139282,1.6782337427139282,1.6782337427139282,0
2000-01-26,1.6918413639068604,1.6918413639068604,1.6479958548770135,1.6631149623607384,777150
2000-01-27,1.6479955911636353,1.6933529063567019,1.6479955911636353,1.6918410931772951,1012050
2000-01-28,1.6026380062103271,1.6479958141765236,1.5270418218117359,1.6479958141765236,668700
2000-01-31,1.587518572807312,1.5875185728073122,1.496803462155376,1.5723994688045078,786150
2000-02-01,1.617756962776184,1.617756962776184,1.5119227362173433,1.617756962776184,707400
2000-02-02,1.617756962776184,1.632876717326452,1.5270416797090043,1.617756962776184,468900
2000-02-03,1.617756962776184,1.6631147665214956,1.5950783042211105,1.6631147665214956,668250
2000-02-04,1.6857937574386597,1.7054487933822042,1.6177572817245667,1.6177572817245667,2007000
2000-02-07,1.6706743240356445,1.7069602751520607,1.664626584410381,1.7069602751520607,2585700
2000-02-08,1.7084728479385376,1.7840688681994554,1.67823398564132,1.67823398564132,3021300
2000-02-09,1.6782337427139282,1.6782337427139282,1.647995533640676,1.6782337427139282,1592100
2000-02-10,1.6631145477294922,1.6767218383994542,1.6479954440151123,1.6616028968967742,2188800
2000-02-11,1.5723997354507446,1.6782339680527663,1.5723997354507446,1.6479957549193862,1073700
2000-02-14,1.5119225978851318,1.65101913624598,1.4968034935650603,1.65101913624598,1162350
2000-02-15,1.4968032836914062,1.511922385891559,1.4363262260440601,1.511922385891559,2307600
2000-02-16,1.5346013307571411,1.572399746281137,1.4968037262918041,1.5119228329626317,1794600
2000-02-17,1.5784473419189453,1.5950782604088287,1.5572798483417025,1.5572798483417025,1239300
2000-02-18,1.5119225978851318,1.5270415399934967,1.4907557545100079,1.5270415399934967,1042650
2000-02-21,1.5346013307571411,1.572399746281137,1.504363279627218,1.504363279627218,904050
2000-02-22,1.504362940788269,1.5723993921178279,1.49680338915555,1.5648398404851085,828000
2000-02-23,1.4968032836914062,1.5194819369916353,1.4892430837445947,1.5194819369916353,1288800
2000-02-24,1.5104109048843384,1.5723996268339187,1.4363265416511306,1.5119227181095372,1448550
2000-02-25,1.4363263845443726,1.5119225527339977,1.4363263845443726,1.5119225527339977,881100
2000-02-28,1.4287670850753784,1.4438861916155108,1.4212068829583906,1.4438861916155108,451800
2000-02-29,1.4363263845443726,1.5088982777675204,1.4227190937356442,1.4514454884129362,380250
2000-03-01,1.4196950197219849,1.428766871598763,1.3758495199796583,1.4212066706113688,593550
2000-03-02,1.338051199913025,1.400039920919325,1.3153726230805252,1.400039920919325,8419950
2000-03-03,1.3909690380096436,1.421207093354636,1.322932399659946,1.360730820452897,3476700
2000-03-06,1.3909690380096436,1.3909690380096436,1.3909690380096436,1.3909690380096436,0
2000-03-07,1.3909690380096436,1.3909690380096436,1.3909690380096436,1.3909690380096436,0
2000-03-08,1.3909690380096436,1.4514459597584,1.386432948510272,1.386432948510272,1197900
2000-03-09,1.4484212398529053,1.4741241710908235,1.4136471056671929,1.4212066577392943,2456100
2000-03-10,1.3985283374786377,1.451445695192566,1.3909687844673873,1.4484214197952363,1199700
2000-03-13,1.3456108570098877,1.390968825254307,1.330491750544054,1.390968825254307,2297250
2000-03-14,1.3304916620254517,1.392480383719365,1.2926939794814403,1.3607305217922234,622350
2000-03-15,1.338051199913025,1.338051199913025,1.292693965142167,1.3304916472669055,421650
2000-03-16,1.3607306480407715,1.37584975490347,1.330491785468439,1.37584975490347,2746800
2000-03-17,1.3002536296844482,1.4136473346638747,1.3002536296844482,1.3607306237988928,1628550
2000-03-20,1.3304916620254517,1.3531703202153742,1.3093248170544929,1.3093248170544929,1206450
2000-03-21,1.3909690380096436,1.4650532549859887,1.3002538175982634,1.3002538175982634,1740600
2000-03-22,1.466564655303955,1.5270415600121796,1.3909686460774557,1.4136471406431592,1399950
2000-03-23,1.4151597023010254,1.4968036186247031,1.4060876874312032,1.474124311402888,1741500
2000-03-24,1.4136472940444946,1.4514457082886947,1.3834092439383847,1.4242311225485706,524700
2000-03-27,1.4816838502883911,1.4816838502883911,1.4212067796759507,1.4212067796759507,547200
2000-03-28,1.4212068319320679,1.4968036596123815,1.4212068319320679,1.4968036596123815,1654650
2000-03-29,1.3864328861236572,1.4590054484953567,1.3864328861236572,1.4363267863482896,1064250
2000-03-30,1.3259556293487549,1.3622423090406062,1.3259556293487549,1.3622423090406062,2602800
2000-03-31,1.3078129291534424,1.3607303597007014,1.3078129291534424,1.3456106071949576,4669200
2000-04-03,1.3985283374786377,1.4060877282781634,1.3002535805913438,1.322932158519233,3285000
2000-04-04,1.3909690380096436,1.4060879845762626,1.3002538175982634,1.3909690380096436,982350
2000-04-05,1.3229320049285889,1.3894568098780866,1.300253429633652,1.375849518710589,2787750
2000-04-06,1.3183963298797607,1.3682902269569719,1.3183963298797607,1.3607306733848235,1641600
2000-04-07,1.3456108570098877,1.3743379054689278,1.324444010630683,1.3743379054689278,1089000
2000-04-10,1.3168842792510986,1.345610674977145,1.3153725472419233,1.3304915705566072,365850
2000-04-11,1.3002536296844482,1.3229322084686026,1.285133874244178,1.3078131829811215,959400
2000-04-12,1.3304916620254517,1.3516585069964107,1.3002535322114146,1.3214203771823734,1667250
2000-04-13,1.2488477230072021,1.3440988418321704,1.2246573347277088,1.3440988418321704,1836450
2000-04-14,1.1415013074874878,1.254895742445169,1.1339417541891168,1.224657529251685,1759050
2000-04-17,1.1218459606170654,1.1944185007396895,1.0522976953797687,1.1944185007396895,1876500
2000-04-18,1.1792994737625122,1.2246573548338477,1.135453324702643,1.1581326302146537,1901250
2000-04-19,1.1475489139556885,1.1868590569481798,1.133941622274556,1.1792995045292325,1961550
2000-04-20,1.185347318649292,1.2019782376942363,1.1324298806337896,1.133941693886027,371250
2000-04-21,1.185347318649292,1.185347318649292,1.185347318649292,1.185347318649292,0
2000-04-24,1.1641803979873657,1.1944186076188965,1.1505731063261497,1.1944186076188965,1261800
2000-04-25,1.1792994737625122,1.201978130427691,1.1717399215407858,1.201978130427691,1678050
2000-04-26,1.1641803979873657,1.2019781600267792,1.143013553918267,1.2019781600267792,1319850
2000-04-27,1.1339417695999146,1.1445255174484532,1.1157991171972,1.1369659640473444,2937600
2000-04-28,1.1415013074874878,1.183835649459366,1.135453486415887,1.179299641720401,1425150
2000-05-01,1.1415013074874878,1.1415013074874878,1.1415013074874878,1.1415013074874878,0
2000-05-02,1.1641803979873657,1.2246573849914189,1.1641803979873657,1.1777877707544377,1858500
2000-05-03,1.2095378637313843,1.2095378637313843,1.1641806216749297,1.1641806216749297,811800
2000-05-04,1.270014762878418,1.2851338694149503,1.1944187435605642,1.2246575243746853,1013400
2000-05-05,1.3456108570098877,1.390968825254307,1.2685030247259852,1.270014756939666,2445750
2000-05-08,1.3304916620254517,1.3607305217922234,1.3047888096565865,1.3456107674854,1642050
2000-05-09,1.292694091796875,1.3304917776249299,1.2397766503483203,1.3229322242381456,1068750
2000-05-10,1.295717477798462,1.3078130374874557,1.2397764976453753,1.2926939325761033,749250
2000-05-11,1.3002536296844482,1.3304917617652758,1.2700147676508315,1.3002536296844482,966150
2000-05-12,1.1989545822143555,1.3002534414469287,1.194418575133086,1.3002534414469287,696150
2000-05-15,1.2246575355529785,1.2397766422275136,1.1944187544628473,1.1989547622251517,1846800
2000-05-16,1.3002536296844482,1.315372736277795,1.2518721966046236,1.2518721966046236,1368900
2000-05-17,1.2624553442001343,1.3002536798838542,1.2624553442001343,1.2851339238598496,504900
2000-05-18,1.2397764921188354,1.2715264338582597,1.2397764921188354,1.2700146207008913,604800
2000-05-19,1.1944185495376587,1.2246573254397537,1.1641803413765275,1.2246573254397537,971550
2000-05-22,1.1566210985183716,1.19441878506733,1.0961441025295737,1.19441878506733,1819350
2000-05-23,1.1354533433914185,1.1792994931729648,1.1339416113550698,1.164180388480662,1042650
2000-05-24,1.1944185495376587,1.1944185495376587,1.1188224613938669,1.1263820134341498,1033200
2000-05-25,1.183835506439209,1.211050089679605,1.1717399468631475,1.1944186040184328,5045850
2000-05-26,1.2095378637313843,1.2095378637313843,1.1656924351199613,1.179299729395705,1044450
2000-05-29,1.201978087425232,1.23221686297128,1.201978087425232,1.2231449302158168,949050
2000-05-30,1.2246575355529785,1.2246575355529785,1.2004664944597003,1.2246575355529785,1721700
2000-05-31,1.2095378637313843,1.2397767280199072,1.1944188371164806,1.2261694337441635,2227050
2000-06-01,1.2231448888778687,1.2397763730225195,1.2095375173925862,1.2246572696309461,1143000
2000-06-02,1.2548954486846924,1.3153724286555657,1.2246572425697184,1.2397763456272053,2288250
2000-06-05,1.2775743007659912,1.3304917407478392,1.2775743007659912,1.2775743007659912,1048950
2000-06-06,1.2775743007659912,1.2775743007659912,1.2775743007659912,1.2775743007659912,0
2000-06-07,1.2685027122497559,1.2775739954617817,1.2322167683432044,1.2775739954617817,2117700
2000-06-08,1.203490138053894,1.3002537425669363,1.1944188517432597,1.2700148779081102,2006100
2000-06-09,1.183835506439209,1.2095376276827674,1.1732517600131396,1.2095376276827674,2006100
2000-06-12,1.1777876615524292,1.2019780485818887,1.1551083575847112,1.2019780485818887,1544850
2000-06-13,1.186859369277954,1.1944189236862475,1.1792998148696607,1.1792998148696607,775350
2000-06-14,1.1808114051818848,1.2095377227236217,1.171740038934004,1.1944186978712918,1866150
2000-06-15,1.1566210985183716,1.2019783385982952,1.1384777969570623,1.1974429795667088,3670200
2000-06-16,1.1188228130340576,1.1581329664124465,1.0900964089254013,1.1581329664124465,8717850
2000-06-19,1.1520848274230957,1.177787676643042,1.1339415300069844,1.1354532619348825,3622050
2000-06-20,1.1944185495376587,1.1944185495376587,1.1641803413765275,1.1717398934168104,2733300
2000-06-21,1.2624553442001343,1.2624553442001343,1.211050282471102,1.211050282471102,6060600
2000-06-22,1.2624553442001343,1.2624553442001343,1.2624553442001343,1.2624553442001343,0
2000-06-23,1.2322168350219727,1.2594314971891614,1.2322168350219727,1.2594314971891614,2656800
2000-06-26,1.2231448888778687,1.2503594696367368,1.2095375173925862,1.2427999179409501,2823750
2000-06-27,1.241288423538208,1.2518721710242668,1.2216333096085412,1.2216333096085412,1320300
2000-06-28,1.257919192314148,1.2669911259961073,1.2412883547557505,1.2458242810438005,2079000
2000-06-29,1.2624553442001343,1.2851339238598496,1.2367524889121437,1.2473362370230785,2381400
2000-06-30,1.2609436511993408,1.2851340465593217,1.254895910424062,1.2700149379387538,2700000
2000-07-03,1.3229320049285889,1.3229320049285889,1.2700145722524416,1.2700145722524416,2523600
2000-07-04,1.371313452720642,1.3758495409398415,1.3229320263028665,1.3289798465403335,3919950
2000-07-05,1.3834092617034912,1.401552481308287,1.3713136197552322,1.3758497085269559,4651200
2000-07-06,1.4514458179473877,1.4816840325497616,1.381897535053755,1.3834093484568304,2288250
2000-07-07,1.4363263845443726,1.4816836961500637,1.4363263845443726,1.4514454884129362,2444400
2000-07-10,1.4363263845443726,1.4665645922814998,1.4045758771123047,1.4514454884129362,1063350
2000-07-11,1.4060875177383423,1.4499336648122483,1.3909685761913932,1.4499336648122483,1662750
2000-07-12,1.4060875177383423,1.4438859259817682,1.387944950093704,1.4242308964414832,4445100
2000-07-13,1.3682901859283447,1.4060877904439764,1.3456108770449984,1.4060877904439764,2619000
2000-07-14,1.3486350774765015,1.3818974854317039,1.3304917762795796,1.3607306386430715,1836900
2000-07-17,1.4136472940444946,1.4212068471239536,1.3773615041477818,1.3773615041477818,2884500
2000-07-18,1.4151597023010254,1.4287669946530184,1.4060876874312032,1.4060876874312032,2913750
2000-07-19,1.4151597023010254,1.4151597023010254,1.3849208422875654,1.4151597023010254,3310200
2000-07-20,1.4484212398529053,1.4499337017871214,1.4060875535950912,1.4212066577392943,2980350
2000-07-21,1.4756360054016113,1.480171931364156,1.4363264313883348,1.4499337226408477,1233900
2000-07-24,1.504362940788269,1.5436723497396967,1.4665645337778919,1.4665645337778919,2391300
2000-07-25,1.5119225978851318,1.5497201964736038,1.504363045725096,1.5482083833686204,3206700
2000-07-26,1.5346013307571411,1.542160884092555,1.4892435241094635,1.4892435241094635,2014200
2000-07-27,1.5346013307571411,1.5497204374279687,1.5346013307571411,1.5346013307571411,2506500
2000-07-28,1.4816838502883911,1.5346012059684173,1.4816838502883911,1.5346012059684173,1339200
2000-07-31,1.4816838502883911,1.5119227100180486,1.4741242975676954,1.4968036045766568,756900
2000-08-01,1.4453977346420288,1.481683680879635,1.413647065325486,1.481683680879635,2431800
2000-08-02,1.4075995683670044,1.4423743563821574,1.4075995683670044,1.4363266165309174,1887300
2000-08-03,1.4816838502883911,1.4952911425126747,1.413647226955255,1.413647226955255,1129950
2000-08-04,1.504362940788269,1.5104106794214616,1.4665645337778919,1.4665645337778919,1898550
2000-08-07,1.5482088327407837,1.5497206462845752,1.5104112231814444,1.511923036725236,2424600
2000-08-08,1.5920547246932983,1.6026379043437589,1.5406491798233577,1.542160830899529,1746900
2000-08-09,1.6253166198730469,1.6646268526662735,1.5875190116297144,1.5875190116297144,3019050
2000-08-10,1.6540435552597046,1.6812581400584572,1.6328767100423596,1.6479956534665765,2259450
2000-08-11,1.7719732522964478,1.7719732522964478,1.6328767024742512,1.655555198611326,3549150
2000-08-14,1.779532790184021,1.779532790184021,1.7235918080774788,1.7387109135167893,2848050
2000-08-15,1.7235918045043945,1.7734850470047507,1.6933529448415858,1.7734850470047507,2815200
2000-08-16,1.6857937574386597,1.7220803644547693,1.6026381730403816,1.6933533117807522,3820500
2000-08-17,1.776509404182434,1.7961646007794467,1.6857936237870965,1.6857936237870965,3173850
2000-08-18,1.6857937574386597,1.7765095450260437,1.6857937574386597,1.7689499906839512,1287000
2000-08-21,1.658578872680664,1.6873059202543381,1.6253163852881354,1.6873059202543381,3417300
2000-08-22,1.619269609451294,1.6631149561044638,1.6101975934752681,1.6404364571759282,1615050
2000-08-23,1.6691625118255615,1.6933529837064858,1.60263786254148,1.6101974154189669,1695150
2000-08-24,1.6449713706970215,1.6495072965740352,1.6101972366668815,1.632876541628542,1696050
2000-08-25,1.6782337427139282,1.7009130483657031,1.663114638177302,1.663114638177302,2085750
2000-08-28,1.6857937574386597,1.7235921779961358,1.663115094412382,1.6782342030965671,1418400
2000-08-29,1.6631145477294922,1.708472507719432,1.6328765025124325,1.708472507719432,1255500
2000-08-30,1.6555553674697876,1.6631149210237561,1.6177571130647348,1.6479958139158188,2228850
2000-08-31,1.6026380062103271,1.6646267346708439,1.6026380062103271,1.6631149212868528,5283900
2000-09-01,1.6631145477294922,1.697888680926606,1.5875185425224925,1.6177567499512524,2385900
2000-09-04,1.7130080461502075,1.7160323215475322,1.66311480162197,1.66311480162197,621450
2000-09-05,1.7175437211990356,1.7235914594786272,1.6933526058689836,1.716031908287902,859050
2000-09-06,1.7235918045043945,1.7659254943007667,1.7099845123101924,1.7235918045043945,1576350
2000-09-07,1.7235918045043945,1.7235918045043945,1.7235918045043945,1.7235918045043945,0
2000-09-08,1.6918413639068604,1.7084729336588758,1.685793623586326,1.7084729336588758,867150
2000-09-11,1.6706743240356445,1.7084727372464725,1.6706743240356445,1.6782338769084326,1053000
2000-09-12,1.6706743240356445,1.6857934297812207,1.6479956654172803,1.6706743240356445,954900
2000-09-13,1.7311513423919678,1.7387108950312518,1.6706742724308283,1.6706742724308283,1843650
2000-09-14,1.7084728479385376,1.7538300059022378,1.6479957721910317,1.7402227125225687,1826100
2000-09-15,1.6404361724853516,1.7099844438872382,1.6404361724853516,1.663114667478133,686250
2000-09-18,1.6056619882583618,1.6464840283095643,1.6041496883628787,1.6404362886331412,1013400
2000-09-19,1.6222928762435913,1.6600912890484252,1.5875187387482101,1.6374119818267727,1675350
2000-09-20,1.587518572807312,1.6222927066678061,1.57995902080591,1.6162449677396624,1381500
2000-09-21,1.5814710855484009,1.6253164292492321,1.5663519791396,1.5890306387528013,2504250
2000-09-22,1.6283406019210815,1.6464839826590296,1.5270416545494387,1.5421607600037184,3108600
2000-09-25,1.6328765153884888,1.6631145608439906,1.6253161524131812,1.647995457010389,951750
2000-09-26,1.6011260747909546,1.631364286782445,1.595078335065622,1.631364286782445,1822500
2000-09-27,1.5436725616455078,1.6404362308480103,1.527041643097553,1.6404362308480103,1619550
2000-09-28,1.5784473419189453,1.617756918340984,1.5497202956976508,1.6026378130528804,1367100
2000-09-29,1.587518572807312,1.6464838245920839,1.5723994688045078,1.6101972288115187,1328400
2000-10-02,1.5270419120788574,1.5950785469440933,1.5270419120788574,1.5875189929420654,508500
2000-10-03,1.5421603918075562,1.5875183461879006,1.5270412899630146,1.5875183461879006,693450
2000-10-04,1.5330896377563477,1.572399703335,1.5119227916682692,1.54972039510126,694800
2000-10-05,1.5330896377563477,1.5330896377563477,1.5330896377563477,1.5330896377563477,0
2000-10-06,1.587518572807312,1.617756780812921,1.5723994688045078,1.6101972288115187,1567800
2000-10-09,1.552744746208191,1.5875188869498869,1.542160917119102,1.572399779955272,273150
2000-10-10,1.5346013307571411,1.5754233729612244,1.5346013307571411,1.5572799907633825,472950
2000-10-11,1.504362940788269,1.54216053674017,1.4816836370433304,1.54216053674017,531450
2000-10-12,1.504362940788269,1.504362940788269,1.504362940788269,1.504362940788269,0
2000-10-13,1.504362940788269,1.5119224924209882,1.4514454305124536,1.483196098889638,1165500
2000-10-16,1.5058752298355103,1.5724000585735296,1.4968040235701636,1.5270420807056293,1529100
2000-10-17,1.460517168045044,1.5497204840486916,1.4590053546595199,1.5270418233602012,1016100
2000-10-18,1.403064250946045,1.4514456817511052,1.3834092186447438,1.400039975576722,3393900
2000-10-19,1.4877314567565918,1.4877314567565918,1.4136471005446123,1.4212066525893206,401850
2000-10-20,1.4075995683670044,1.4665648291519329,1.3909688109642104,1.4665648291519329,1325700
2000-10-23,1.3607306480407715,1.4363266689894658,1.3607306480407715,1.3924805129136644,788850
2000-10-24,1.3607306480407715,1.3607306480407715,1.3607306480407715,1.3607306480407715,0
2000-10-25,1.2624553442001343,1.3304918131320973,1.2624553442001343,1.283622191575055,2373300
2000-10-26,1.3304916620254517,1.3607305217922234,1.254895648090554,1.2866462399704297,1395000
2000-10-27,1.466564655303955,1.4801719466974275,1.3758495415591812,1.3894568329526535,965700
2000-10-30,1.4968032836914062,1.5088981112588138,1.4514453282442128,1.4968032836914062,574650
2000-10-31,1.4816838502883911,1.5119227100180486,1.4816838502883911,1.5104108968009404,1411200
2000-11-01,1.4816838502883911,1.4968036045766568,1.4272545191795383,1.4968036045766568,1433700
2000-11-02,1.4816838502883911,1.4816838502883911,1.4816838502883911,1.4816838502883911,0
2000-11-03,1.4212068319320679,1.4665647987708763,1.40759953920746,1.4665647987708763,2274300
2000-11-06,1.459005355834961,1.4937794969060791,1.4363266951281994,1.4363266951281994,1239300
2000-11-07,1.466564655303955,1.5270415600121796,1.4393500725170103,1.4393500725170103,1489950
2000-11-08,1.466564655303955,1.5104108045808113,1.466564655303955,1.4816837598222297,435150
2000-11-09,1.4635409116744995,1.5270414375394183,1.4378381440737869,1.5270414375394183,679950
2000-11-10,1.401552677154541,1.4665650382113344,1.3652660706627044,1.4665650382113344,1289250
2000-11-13,1.3834092617034912,1.4212068653744394,1.3758497085269559,1.4060877590213687,1414350
2000-11-14,1.3834092617034912,1.3834092617034912,1.3834092617034912,1.3834092617034912,0
2000-11-15,1.3834092617034912,1.3834092617034912,1.3834092617034912,1.3834092617034912,0
2000-11-16,1.3622424602508545,1.4060878052310004,1.3622424602508545,1.377361567100799,535950
2000-11-17,1.3607306480407715,1.3909688617661686,1.3002536528489088,1.3834093083348193,1037250
2000-11-20,1.3667776584625244,1.4212068292585665,1.3471232748958315,1.360730567594842,1305900
2000-11-21,1.4378384351730347,1.4469098016659807,1.390968816128306,1.390968816128306,2817000
2000-11-22,1.4212068319320679,1.4438861397749212,1.4060877259347644,1.4363265867762696,1161450
2000-11-23,1.403064250946045,1.4438861288098617,1.3758496657035002,1.3909687715859873,1395000
2000-11-24,1.4212068319320679,1.4438861397749212,1.3758496761518821,1.4030642616010978,1900800
2000-11-27,1.3607306480407715,1.4287671155581165,1.3607306480407715,1.4136473598484827,1159200
2000-11-28,1.3183963298797607,1.3607306733848235,1.3123485085891313,1.3531704709657277,1145250
2000-11-29,1.3002536296844482,1.390968836985586,1.3002536296844482,1.3304917617652758,1475550
2000-11-30,1.2095378637313843,1.3153728343648847,1.2095378637313843,1.3017655400891412,1037700
2000-12-01,1.2276809215545654,1.2548955857913235,1.2246573763726014,1.2548955857913235,748350
2000-12-04,1.203490138053894,1.232217189249175,1.2019784056962213,1.232217189249175,808650
2000-12-05,1.280598521232605,1.280598521232605,1.1944186778849675,1.2322170098889982,3001950
2000-12-06,1.285133957862854,1.3153728218639962,1.2775744040743098,1.2836222255380607,1730250
2000-12-07,1.3456108570098877,1.3456108570098877,1.2987411565517877,1.3002536187182516,1594350
2000-12-08,1.3758493661880493,1.3909684687791841,1.3531700634545951,1.3607302635969145,2755350
2000-12-11,1.4136472940444946,1.4181833827579677,1.3758496908589257,1.3834092439383847,1220850
2000-12-12,1.4136472940444946,1.4136472940444944,1.4136472940444944,1.4136472940444944,0
2000-12-13,1.3939921855926514,1.4272545093149098,1.3607305107172625,1.3743378028474977,3496500
2000-12-14,1.3773612976074219,1.4136470820629488,1.3773612976074219,1.3939920523496274,878400
2000-12-15,1.3304916620254517,1.3894569194931565,1.3304916620254517,1.37887309147838,1105650
2000-12-18,1.3637540340423584,1.4287670333104745,1.3456108148704222,1.3894569684221993,720450
2000-12-19,1.3788729906082153,1.4196950265565904,1.363753886254291,1.363753886254291,1156050
2000-12-20,1.3410755395889282,1.3758496780856713,1.3153726862704198,1.3758496780856713,1408950
2000-12-21,1.2881578207015991,1.3607303618816973,1.2881578207015991,1.353170161193309,1161450
2000-12-22,1.280598521232605,1.3304916836079779,1.2775742458987447,1.3304916836079779,913500
2000-12-25,1.280598521232605,1.280598521232605,1.280598521232605,1.280598521232605,0
2000-12-26,1.2881578207015991,1.328979773733092,1.270014523194875,1.2911813656783455,775800
2000-12-27,1.374337911605835,1.3834092781988043,1.2911816090844557,1.2911816090844557,805050
2000-12-28,1.3274680376052856,1.3834090975611821,1.3274680376052856,1.3652657178973808,1266750
2000-12-29,1.3274680376052856,1.3274680376052856,1.3274680376052856,1.3274680376052856,0
2001-01-01,1.3274680376052856,1.3274680376052856,1.3274680376052856,1.3274680376052856,0
2001-01-02,1.3561943769454956,1.3682899358475045,1.3153725043597937,1.3153725043597937,711900
2001-01-03,1.5421603918075562,1.6026374480324421,1.3546824583381532,1.3577060029472054,2014200
2001-01-04,1.5421603918075562,1.5875183461879006,1.4907555104207868,1.4907555104207868,2462400
2001-01-05,1.4968032836914062,1.6026374857275267,1.4590048793442891,1.549719979180257,1060650
2001-01-08,1.4968032836914062,1.5043628347914826,1.4695887050771108,1.5043628347914826,1875600
2001-01-09,1.5376256704330444,1.542160948430653,1.4968037887376269,1.4968037887376269,2417400
2001-01-10,1.5406490564346313,1.5875186710519702,1.5119226597245286,1.5119226597245286,2592000
2001-01-11,1.5270419120788574,1.5875189929420654,1.5119229662865474,1.5451852958766135,1179000
2001-01-12,1.5376256704330444,1.5648402582299896,1.534601394779859,1.534601394779859,513900
2001-01-15,1.5648401975631714,1.5723997509208916,1.5346013352853622,1.5376256108213004,770400
2001-01-16,1.5723997354507446,1.5950783953007797,1.552744702259971,1.5648401821673996,519750
2001-01-17,1.595078468322754,1.6479958303638937,1.5814711744627588,1.6026380219521719,1773000
2001-01-18,1.619269609451294,1.7069604649693737,1.6177571471886933,1.6328769034625032,1848600
2001-01-19,1.6374119520187378,1.6842815677814968,1.6177569204643452,1.626828772957235,1299150
2001-01-22,1.6479955911636353,1.6540434927281207,1.6328766483109942,1.6404362008431719,1406250
2001-01-23,1.6933529376983643,1.6963772129600114,1.6479956216657954,1.6479956216657954,5241150
2001-01-24,1.7235918045043945,1.7371990966985966,1.6631147340256498,1.6782338394336178,1866600
2001-01-25,1.7235918045043945,1.7235918045043945,1.7235918045043945,1.7235918045043945,0
2001-01-26,1.753830075263977,1.753830075263977,1.7084729155064593,1.723592022829545,3449700
2001-01-29,1.725103497505188,1.7840687562057136,1.708472740690286,1.7840687562057136,1742400
2001-01-30,1.7235918045043945,1.7251034555064422,1.7084726990964265,1.7235918045043945,1544400
2001-01-31,1.7991877794265747,1.8143068845088912,1.7235917673798473,1.7235917673798473,3061800
2001-02-01,1.7462706565856934,1.7810449629826002,1.7387112645515632,1.7417353782310683,6571800
2001-02-02,1.6933529376983643,1.7538298457102757,1.6857933850262696,1.7538298457102757,4432050
2001-02-05,1.667650818824768,1.6978888673620953,1.6616030793479284,1.6933529410956771,1983600
2001-02-06,1.7523176670074463,1.7523176670074463,1.670673776561825,1.6903288022442586,2557800
2001-02-07,1.7084728479385376,1.7235919546636818,1.6873060011962964,1.7235919546636818,1610550
2001-02-08,1.7689496278762817,1.7840687334595715,1.7235918244912518,1.7387109300745418,951750
2001-02-09,1.6933529376983643,1.7538298457102757,1.6933529376983645,1.7387109025778036,2197800
2001-02-12,1.6933529376983643,1.716032244561519,1.6857933850262696,1.7024249524247177,1558800
2001-02-13,1.7160325050354004,1.7311516126744957,1.700913397396305,1.700913397396305,1192500
2001-02-14,1.7387109994888306,1.7840688046846729,1.7084727871150553,1.7084727871150553,1620450
2001-02-15,1.737199306488037,1.7538300649064333,1.70847290541678,1.70847290541678,990450
2001-02-16,1.6933529376983643,1.7084726918894242,1.587518713653884,1.7084726918894242,1607850
2001-02-19,1.6782337427139282,1.6963771223506645,1.6706741904456153,1.6933528472505546,1490850
2001-02-20,1.617756962776184,1.6933529779282603,1.5875187513694193,1.678233872224878,1145250
2001-02-21,1.6026380062103271,1.6328768692779312,1.5723997919896688,1.604149819594318,724500
2001-02-22,1.6646264791488647,1.7235917340019051,1.579959103019389,1.6026377602036839,928800
2001-02-23,1.6933529376983643,1.6933529376983645,1.6101973716701685,1.6101973716701685,1062900
2001-02-26,1.6933529376983643,1.6933529376983645,1.6933529376983645,1.6933529376983645,0
2001-02-27,1.6933529376983643,1.6933529376983645,1.6933529376983645,1.6933529376983645,0
2001-02-28,1.5723997354507446,1.6631148614860762,1.5723997354507446,1.6631148614860762,1004850
2001-03-01,1.6782337427139282,1.6782337427139282,1.5739113374490554,1.5739113374490554,1987200
2001-03-02,1.6464840173721313,1.693352985729795,1.6328767248493634,1.6328767248493634,1010700
2001-03-05,1.658578872680664,1.6933530111344202,1.634388400407917,1.6933530111344202,1626300
2001-03-06,1.6495076417922974,1.7084729062053148,1.6192695895224847,1.693353150117588,2460600
2001-03-07,1.7160325050354004,1.737199353057179,1.647995871812503,1.6631149794515983,2261700
2001-03-08,1.6873053312301636,1.7235912702897533,1.6631142185554333,1.6873053312301636,1614600
2001-03-09,1.6631145477294922,1.678233651443872,1.6555549958723021,1.678233651443872,5397750
2001-03-12,1.617756962776184,1.6631147665214956,1.6026378570728017,1.632876717326452,3941550
2001-03-13,1.6101974248886108,1.6857934407432267,1.6101974248886106,1.6101974248886106,955800
2001-03-14,1.6101974248886108,1.6857934407432267,1.6101974248886106,1.6101974248886106,955800
2001-03-15,1.5663520097732544,1.5875188564865799,1.557279994230671,1.5663520097732542,5987700
2001-03-16,1.5270419120788574,1.6026381009461212,1.4968038582824916,1.6026381009461212,2283750
2001-03-19,1.5119225978851318,1.5572797486336394,1.4816837403981626,1.5572797486336394,744750
2001-03-20,1.4968032836914062,1.564839730227145,1.4968032836914062,1.511922385891559,1425150
2001-03-21,1.504362940788269,1.54216053674017,1.483196098889638,1.5119224924209882,1543500
2001-03-22,1.3456108570098877,1.4816839506844977,1.3259557428443638,1.3456108570098877,6120000
2001-03-23,1.3259556293487549,1.383409153608028,1.263966908836631,1.3259556293487549,5622750
2001-03-26,1.3577065467834473,1.3909689572517299,1.3471234470130098,1.3577065467834473,2963250
2001-03-27,1.3531701564788818,1.4363263619285496,1.3380510528483776,1.3531701564788818,5365800
2001-03-28,1.3909690380096436,1.4060879845762626,1.330491954049133,1.3909690380096436,1102950
2001-03-29,1.3289802074432373,1.4136475239022863,1.3289802074432373,1.3289802074432373,999000
2001-03-30,1.2987409830093384,1.360730430496937,1.2851336916813056,1.2987409830093384,3389850
2001-04-02,1.2760623693466187,1.3531701890248378,1.2760623693466187,1.2760623693466187,476550
2001-04-03,1.2488477230072021,1.3456106549246705,1.2397764389229395,1.2488477230072021,1473300
2001-04-04,1.285133957862854,1.3229322945466695,1.2624553776030925,1.285133957862854,546300
2001-04-05,1.3758493661880493,1.3758493661880493,1.3002532854914675,1.3758493661880493,931950
2001-04-06,1.4196950197219849,1.428766871598763,1.3682899678390887,1.4196950197219849,1993950
2001-04-09,1.4196950197219849,1.4212066706113688,1.345610662570556,1.4196950197219849,1822500
2001-04-10,1.3985283374786377,1.4317906627092447,1.3955047109282073,1.3985283374786377,1134900
2001-04-11,1.3834092617034912,1.4635412066640245,1.3682901553504205,1.3834092617034912,4862250
2001-04-12,1.374337911605835,1.3909688314654771,1.3607306183987855,1.374337911605835,1638450
2001-04-13,1.374337911605835,1.374337911605835,1.374337911605835,1.374337911605835,0
2001-04-16,1.3229320049285889,1.375849518710589,1.3153725339008453,1.3229320049285889,1260450
2001-04-17,1.338051199913025,1.3682900593443705,1.322932094620786,1.338051199913025,1271250
2001-04-18,1.4060875177383423,1.4287668222231187,1.3380510641893177,1.4060875177383423,2034000
2001-04-19,1.3607306480407715,1.4060878064171334,1.353170445762487,1.3607306480407715,891000
2001-04-20,1.292694091796875,1.3531704377852825,1.2851338895631594,1.292694091796875,2329650
2001-04-23,1.270014762878418,1.3153727313349368,1.2322170776429517,1.3153727313349368,3084750
2001-04-24,1.2624553442001343,1.3078132334723822,1.2488479693078731,1.2926941262953262,2295900
2001-04-25,1.270014762878418,1.2851338694149503,1.239776630911218,1.2548957374477505,2191500
2001-04-26,1.3063013553619385,1.3183962674173537,1.2821103146631392,1.2851338601887976,2674800
2001-04-27,1.339563012123108,1.3456107515625546,1.3017653300263632,1.3456107515625546,1554750
2001-04-30,1.2881578207015991,1.368289913723287,1.285133626878054,1.3456106093517193,1134900
2001-05-01,1.2881578207015991,1.2881578207015991,1.2881578207015991,1.2881578207015991,0
2001-05-02,1.2881578207015991,1.2881578207015991,1.2881578207015991,1.2881578207015991,0
2001-05-03,1.3410755395889282,1.3410755395889282,1.3002535802518662,1.3002535802518662,1362600
2001-05-04,1.3304916620254517,1.3546827822812129,1.324443922514441,1.3456107674854,1823400
2001-05-07,1.270014762878418,1.3471233254756732,1.241288444237833,1.3471233254756732,3050550
2001-05-08,1.230704665184021,1.2972294828060094,1.2246575738450174,1.2851339213282387,4420350
2001-05-09,1.230704665184021,1.230704665184021,1.230704665184021,1.230704665184021,0
2001-05-10,1.1339417695999146,1.2095377902462023,1.1339417695999146,1.1944187645498512,7437150
2001-05-11,1.058345913887024,1.1475493298258033,1.044738617274628,1.1475493298258033,5850000
2001-05-14,0.9978687167167664,1.065905268055469,0.9948451709834977,1.065905268055469,1064250
2001-05-15,0.9903091192245483,1.0205479816676057,0.9872855736248822,0.9978686726235796,2693700
2001-05-16,1.0507861375808716,1.0734647982834937,1.0069407106679613,1.0069407106679613,4155750
2001-05-17,1.074976921081543,1.0961437617140446,1.0522976186932038,1.0598571698737362,3212100
2001-05-18,1.0507861375808716,1.0961441078330632,1.0386906572187222,1.0916080999325861,2617200
2001-05-21,0.9903091192245483,1.050786114157864,0.9751900935323524,1.050786114157864,3491100
2001-05-22,0.9887973070144653,1.026594989847089,0.9887973070144653,1.0054281447145061,3438450
2001-05-23,0.944951057434082,1.0054280412534429,0.9222724825105341,0.9887972052647568,7232850
2001-05-24,0.9358800053596497,0.9676306020823224,0.8920344955111806,0.964606326336239,7020450
2001-05-25,0.8995938897132874,0.9389040333412833,0.887498329887519,0.9373915713132215,2155950
2001-05-28,0.892034113407135,0.9343677916723597,0.8844745627622751,0.9041290213520607,1350000
2001-05-29,0.8995938897132874,0.9177365400521522,0.887498329887519,0.892034337172129,3813300
2001-05-30,0.8995938897132874,0.8995938897132874,0.8995938897132874,0.8995938897132874,0
2001-05-31,0.9827495217323303,0.9948450823880332,0.9525113905987713,0.9525113905987713,2648700
2001-06-01,0.9903091192245483,0.9903091192245483,0.94948723888866,0.9827495658255171,1667700
2001-06-04,1.0024045705795288,1.0281074224067046,0.991820823893665,1.0084523099630829,4832550
2001-06-05,0.9993805289268494,1.0129878229569478,0.9903091617851905,1.0129878229569478,5934150
2001-06-06,0.9857731461524963,1.019035555367005,0.9676305742214986,1.0129878151076872,5973300
2001-06-07,1.011475682258606,1.0250829718858285,0.9676302686256495,0.9933331160573721,4838400
2001-06-08,1.0386908054351807,1.06590539681581,1.0281077046904157,1.0281077046904157,6999750
2001-06-11,1.034155011177063,1.0553218526192136,1.0205477212046037,1.0492741141164457,1397250
2001-06-12,1.0281075239181519,1.0492743705329524,1.005428215120053,1.0492743705329524,1427850
2001-06-13,1.0265949964523315,1.0492743038082233,1.0145001661070132,1.0356670113757862,3004650
2001-06-14,1.0265949964523315,1.0265949964523315,1.0265949964523315,1.0265949964523315,0
2001-06-15,0.9827495217323303,1.0507860670120703,0.9676304967184823,1.0507860670120703,1401300
2001-06-18,0.9525112509727478,0.9797259137588384,0.9252966692925082,0.9797259137588384,3271050
2001-06-19,0.9585583806037903,0.9736781339785029,0.9222725135157135,0.9736781339785029,1768950
2001-06-20,0.9585583806037903,0.9751899471042654,0.934367991792066,0.9600708425763879,1342800
2001-06-21,1.0054281949996948,1.011475934859354,0.9373916487666444,0.9509989417920817,2259450
2001-06-22,1.0311310291290283,1.0507860616382052,1.0160119230866387,1.034155223424474,3025800
2001-06-25,1.0296193361282349,1.0356671576845728,1.0145003094255574,1.0311311495820434,2247300
2001-06-26,0.9978687167167664,1.0281075804959994,0.9963569844030671,1.0281075804959994,1253250
2001-06-27,0.9857731461524963,1.0205480176199855,0.9721658522278357,1.0129878151076872,1050750
2001-06-28,0.9797257781028748,1.011475632365195,0.9751897718000183,0.9857727862013257,1199250
2001-06-29,0.9887973070144653,1.0099641521470482,0.9751900146695792,0.99182085236962,1053900
2001-07-02,0.9797257781028748,1.011475632365195,0.9615824828440073,0.9827492415991803,968850
2001-07-03,0.996356725692749,1.0039161963570824,0.9751898834092187,0.9751898834092187,1594350
2001-07-04,0.996356725692749,0.9963567256927489,0.9963567256927489,0.9963567256927489,0
2001-07-05,0.9646061658859253,0.9827494652742312,0.9555348811681346,0.9751899937545238,1607850
2001-07-06,0.966118574142456,0.9751899394610589,0.9494870888781872,0.9676303872563694,1378800
2001-07-09,0.966118574142456,0.966118574142456,0.966118574142456,0.966118574142456,0
2001-07-10,0.9222725629806519,0.9751899994073644,0.9116894650034312,0.9751899994073644,2591550
2001-07-11,0.9147130846977234,0.9283203779362232,0.8920344248452877,0.9147130846977234,2967750
2001-07-12,0.8995938897132874,0.9419275785978315,0.8995938897132874,0.9419275785978315,2440800
2001-07-13,0.9207607507705688,0.9237842960816767,0.8995939059463438,0.9237842960816767,1611000
2001-07-16,0.9071536064147949,0.9268086412326789,0.8965698578549729,0.9222727142330958,580050
2001-07-17,0.9827495217323303,0.9827495217323303,0.9147130575584533,0.9147130575584533,2400750
2001-07-18,0.944951057434082,0.9857729302680674,0.9373915054242822,0.9782134593641193,663300
2001-07-19,0.966118574142456,0.9751899394610589,0.9464635437562141,0.9751899394610589,2144700
2001-07-20,0.9812379479408264,0.982749680363917,0.952511544349437,0.9736783936607374,612000
2001-07-23,0.9827495217323303,0.9978686278520413,0.9676304967184823,0.9827495217323303,1168200
2001-07-24,0.9615829586982727,0.9827497279281503,0.9615829586982726,0.9691424322383576,1000350
2001-07-25,0.9812379479408264,0.9812379479408264,0.9449513412223398,0.9540233578784035,673650
2001-07-26,0.9358800053596497,0.9676306020823224,0.9222727110431964,0.9676306020823224,1696050
2001-07-27,0.944951057434082,0.9676303623102951,0.9343679603802578,0.944951057434082,1423800
2001-07-30,0.9373916387557983,0.9661186866529144,0.9373916387557983,0.9525113937727958,1016100
2001-07-31,0.9509987831115723,0.9600707969166553,0.9328562154067158,0.9525112450122392,671400
2001-08-01,0.9328562617301941,0.9479752851839516,0.9313437997544219,0.9419275460330814,1144350
2001-08-02,0.9479754567146301,0.9540232780656733,0.9404159841728359,0.9540232780656733,772650
2001-08-03,0.957046627998352,0.967630374027146,0.9509988078844066,0.9509988078844066,679500
2001-08-06,0.9767017960548401,0.9812378037161588,0.9676305106849796,0.9751900638539476,2076750
2001-08-07,0.9676303863525391,0.9903089618395707,0.9600708341549107,0.9751899385501676,1911150
2001-08-08,0.9676303863525391,0.9797259456286471,0.9540230950697836,0.9736781254376663,886050
2001-08-09,0.9555351138114929,0.9751902311832976,0.944951364471936,0.9751902311832976,645750
2001-08-10,0.966118574142456,0.9736781263471456,0.9525112828469903,0.9736781263471456,538200
2001-08-13,0.9389041066169739,0.9676305058423231,0.9328563667850295,0.9676305058423231,586350
2001-08-14,0.9676303863525391,0.9676303863525392,0.9373915287151959,0.9449510809128244,1185300
2001-08-15,0.9555351138114929,0.9782137772097461,0.944951364471936,0.9676306767172133,1719000
2001-08-16,0.944951057434082,0.9646060873136058,0.9222724825105341,0.9646060873136058,893250
2001-08-17,0.9026175141334534,0.9373916535266877,0.8950579609292881,0.9313439136363183,2291400
2001-08-20,0.8995938897132874,0.9207607341555594,0.8980821576379419,0.9041292481510385,729900
2001-08-21,0.8844748139381409,0.9071534723130756,0.8769146122996155,0.9071534723130756,1841400
2001-08-22,0.9071536064147949,0.9373917409455247,0.8784272042329767,0.9056417929600112,4405050
2001-08-23,0.9207607507705688,0.9343680429172245,0.8995939059463438,0.9101770039350211,1880100
2001-08-24,0.9237843155860901,0.9283203230483231,0.9071534777771897,0.9071534777771897,1683900
2001-08-27,0.9056413769721985,0.9071531897325619,0.8859863511824477,0.9071531897325619,1367100
2001-08-28,0.892034113407135,0.9162244970378456,0.8784268249193826,0.907153214696855,1312650
2001-08-29,0.8950579762458801,0.9101770829129346,0.8769146751584317,0.8859866906785523,833400
2001-08-30,0.8844748139381409,0.8980821873959939,0.8844748139381409,0.8980821873959939,1408950
2001-08-31,0.8617956042289734,0.9162247746731628,0.8617956042289734,0.8950579291265524,3994200
2001-09-03,0.8844748139381409,0.8844748139381409,0.857260229234155,0.8738910669428818,2106900
2001-09-04,0.8844748139381409,0.9026174648781645,0.8844748139381409,0.8890101725261716,2310300
2001-09-05,0.8844748139381409,0.8920343667297858,0.8723793348174449,0.8844748139381409,2318400
2001-09-06,0.8799391984939575,0.8920346818880202,0.8678436339940062,0.884475126425564,899550
2001-09-07,0.8799391984939575,0.8799391984939575,0.8799391984939575,0.8799391984939575,0
2001-09-10,0.8648197054862976,0.875402802698036,0.8602836984528386,0.8723792576088963,1158300
2001-09-11,0.7559612989425659,0.8995938443593368,0.7559612989425659,0.8995938443593368,92700
2001-09-12,0.7892236709594727,0.8164383362379775,0.7559613473445547,0.7559613473445547,3220650
2001-09-13,0.7453775405883789,0.8239978311440825,0.7438658084495857,0.748401815924573,4501350
2001-09-14,0.7393297553062439,0.7453774945464559,0.6712932565948488,0.7030438065001062,2137500
2001-09-17,0.6803653240203857,0.7408416703653131,0.6652455683107519,0.6728051217421012,3270150
2001-09-18,0.665245532989502,0.7030438658804121,0.6501264674824845,0.7030438658804121,4409100
2001-09-19,0.6576859354972839,0.6879247944198125,0.6425668710123766,0.6788527798772825,3045150
2001-09-20,0.6259360313415527,0.663733712675571,0.6259360313415527,0.6350073158942378,2556450
2001-09-21,0.5881377458572388,0.6198883413228938,0.574530411526569,0.5820899651102875,2958300
2001-09-24,0.5881377458572388,0.5881377458572388,0.5881377458572388,0.5881377458572388,0
2001-09-25,0.5820899605751038,0.6123287829683948,0.5730186342252948,0.6123287829683948,2830950
2001-09-26,0.5820899605751038,0.5972090270718107,0.5684826669033856,0.5820899605751038,3299850
2001-09-27,0.5820899605751038,0.5972090270718107,0.5684826669033856,0.5820899605751038,3299850
2001-09-28,0.6002331376075745,0.6168639734793214,0.5866258467585919,0.604768455141721,3434400
2001-10-01,0.5972089767456055,0.6002332115406107,0.5745303586351828,0.5851141463179724,1068750
2001-10-02,0.576042115688324,0.6017449678957005,0.5745303430317884,0.5987214225826294,1635750
2001-10-03,0.5941852927207947,0.5956970650656755,0.5684824863650301,0.5760419969361713,2085750
2001-10-04,0.5881377458572388,0.5956972588880229,0.5624348905856008,0.5836017379470546,2477700
2001-10-05,0.568482518196106,0.5896493598556872,0.5594111942192317,0.5699942906256356,3186450
2001-10-08,0.553363561630249,0.5669708958985858,0.5518517888004071,0.5594113423494964,786600
2001-10-09,0.5518516302108765,0.566970732964171,0.5442921193871516,0.556386947397056,2182500
2001-10-10,0.5594114065170288,0.5715069287900117,0.5442923382375447,0.5654591879299896,3557250
2001-10-11,0.5790663957595825,0.5805781685345356,0.5594113220385628,0.5669708753131822,6304050
2001-10-12,0.5790663957595825,0.5790663957595825,0.5790663957595825,0.5790663957595825,0
2001-10-15,0.6334955096244812,0.6486146137972845,0.5639465517217482,0.5775538428042941,4791150
2001-10-16,0.6229117512702942,0.6486146009415428,0.6168639718410925,0.6350072695757721,6614550
2001-10-17,0.6108162999153137,0.6350073391778067,0.6062809818961036,0.6334955665047366,6107850
2001-10-18,0.5866260528564453,0.6123288710731347,0.5805782712864305,0.5820900443289401,3450600
2001-10-19,0.6123287677764893,0.6123287677764893,0.5836017189209064,0.5896494994706925,3149550
2001-10-22,0.6395434737205505,0.6425670196676888,0.6047686400346668,0.6153523890966027,3686400
2001-10-23,0.6153523325920105,0.6334956342557322,0.6108163652408103,0.6334956342557322,5009850
2001-10-24,0.6183759570121765,0.6229119654939752,0.597209106983338,0.6017451154651366,1873800
2001-10-25,0.6259360313415527,0.6304713491944681,0.6047684976484118,0.6047684976484118,1754550
2001-10-26,0.6274477243423462,0.6334954628923567,0.6198881728136026,0.6274477243423462,1671750
2001-10-29,0.5987213850021362,0.6259360081578431,0.5896494113856804,0.6259360081578431,1677600
2001-10-30,0.592673659324646,0.6047685303189196,0.5745303592864364,0.59116123777845,2429100
2001-10-31,0.592673659324646,0.6047685303189196,0.5745303592864364,0.603256757619613,2233350
2001-11-01,0.592673659324646,0.5956972047232595,0.5805781394834831,0.59116123777845,1896750
2001-11-02,0.592673659324646,0.592673659324646,0.592673659324646,0.592673659324646,0
2001-11-05,0.6198882460594177,0.6319831162947165,0.6032567197641727,0.604768492368613,3495150
2001-11-06,0.6667580604553223,0.671293379077853,0.6198883566624108,0.6229119024107647,8234550
2001-11-07,0.7257225513458252,0.7363062990594106,0.651638263891501,0.6622220116050863,6875550
2001-11-08,0.7196746468544006,0.7484016890191673,0.7181628338661026,0.7242105724543767,4075200
2001-11-09,0.7468894124031067,0.7559614280644966,0.7106034585100919,0.7121152718733003,2789100
2001-11-12,0.7196746468544006,0.7484016890191673,0.6969959921246842,0.740841488595819,2591100
2001-11-13,0.7438657283782959,0.751425280423004,0.7257224303840767,0.739329721391574,3137850
2001-11-14,0.7529372572898865,0.7559615332841787,0.722699120382033,0.73177040735322,3658050
2001-11-15,0.7529372572898865,0.7529372572898865,0.7529372572898865,0.7529372572898865,0
2001-11-16,0.7967832088470459,0.7982950220208272,0.7529370581496818,0.7529370581496818,1351800
2001-11-19,0.8799391984939575,0.8920346818880202,0.8164386406281273,0.8255099287501195,10745100
2001-11-20,0.8617956042289734,0.9041292953221941,0.8572602455545989,0.8829624497755837,5762700
2001-11-21,0.9011057615280151,0.9026174937017267,0.8466765092760774,0.8708675493958293,5413050
2001-11-22,0.9298320412635803,0.9343680486579109,0.8995939114733804,0.8995939114733804,3555000
2001-11-23,0.9827495217323303,1.0281074889383668,0.9343680901681486,0.9343680901681486,5498100
2001-11-26,0.9298320412635803,1.017523696363089,0.91471301692141,0.9948450381910444,4915800
2001-11-27,0.8995938897132874,0.9419275785978315,0.8844747846309706,0.931343831953266,4630500
2001-11-28,0.8345809578895569,0.8829624709228796,0.8345809578895569,0.8512125262659869,4679550
2001-11-29,0.8164382576942444,0.8602836750328593,0.7952706850475252,0.8481881162060857,2893950
2001-11-30,0.8693549633026123,0.8754027832995509,0.8164382618287346,0.8164382618287346,4527450
2001-12-03,0.9011057615280151,0.9071535012814875,0.8617956153421703,0.8617956153421703,5380650
2001-12-04,0.9041293263435364,0.944951205577307,0.8874984066417125,0.9177366194214599,4743900
2001-12-05,0.9237843155860901,0.9237843155860901,0.8995939249400109,0.9147130306143686,1791900
2001-12-06,0.9373916387557983,0.950998931635917,0.9071535075214777,0.9071535075214777,2704500
2001-12-07,0.908665120601654,0.9494870749971059,0.908665120601654,0.9328562388228027,2058750
2001-12-10,0.9283205270767212,0.9283205270767212,0.8920345681562194,0.9071536771534894,2160450
2001-12-11,0.9041293263435364,0.9434394733712214,0.9041293263435364,0.9222726270983609,1648350
2001-12-12,0.9646061658859253,0.9827494652742312,0.9116894597186812,0.9116894597186812,4534200
2001-12-13,0.9434394240379333,0.9812377557771598,0.9071534732726239,0.9600709106111325,2132100
2001-12-14,0.9147130846977234,0.9147130846977234,0.8784271316067879,0.9086652636375036,716400
2001-12-17,0.9147130846977234,0.9373916634442938,0.9147130846977234,0.9358799312203685,710550
2001-12-18,0.9404157400131226,0.952511217363127,0.9162246231014172,0.9162246231014172,1744200
2001-12-19,0.9237843155860901,0.9525113625412867,0.9222725834515475,0.9525113625412867,3852900
2001-12-20,0.8874984383583069,0.9207608466917061,0.876914690420187,0.9101770987535863,2870550
2001-12-21,0.9298320412635803,0.960070901006514,0.9071534641973953,0.9192490243157406,1773900
2001-12-24,0.9298320412635803,0.9298320412635803,0.9298320412635803,0.9298320412635803,0
2001-12-25,0.9298320412635803,0.9298320412635803,0.9298320412635803,0.9298320412635803,0
2001-12-26,0.9494870901107788,0.9494870901107788,0.9192489623586203,0.9298319785931677,1295100
2001-12-27,0.9827495217323303,0.9887973426131133,0.9449511886920123,0.9449511886920123,2837250
2001-12-28,0.9842612147331238,1.012987610177028,0.9525112741947112,0.9797259376442878,1677150
2001-12-31,0.9842612147331238,0.9842612147331238,0.9842612147331238,0.9842612147331238,0
2002-01-01,0.9842612147331238,0.9842612147331238,0.9842612147331238,0.9842612147331238,0
2002-01-02,1.0054281949996948,1.0220596823784178,0.9676305102766689,0.9827495355023608,1755450
2002-01-03,1.043226718902588,1.0507862734475795,1.0220598688495572,1.0281076909184839,2905200
2002-01-04,1.0507861375808716,1.0568339588678146,1.0356671115516585,1.0462501296803945,1476000
2002-01-07,1.0568339824676514,1.0734648222547087,1.0432266073093055,1.0492744287313005,1649250
2002-01-08,1.034155011177063,1.0553218526192136,1.0311308175022955,1.0492741141164457,1540350
2002-01-09,1.0417149066925049,1.0492744606588795,1.0129878554462521,1.0356671661923578,2289600
2002-01-10,1.0084524154663086,1.0386906289124227,1.0084524154663086,1.0175237821731034,1954800
2002-01-11,1.0160118341445923,1.0583455220114473,1.0129876401138858,1.0175236472894515,2520450
2002-01-14,0.9918211698532104,1.020548225815948,0.9540234749214823,0.990309356138769,2080350
2002-01-15,1.043226718902588,1.0492745409715145,0.9978688238914871,0.9978688238914871,1597500
2002-01-16,1.023571491241455,1.0507860771741975,1.020547945748206,1.0386905975073826,1710000
2002-01-17,1.058345913887024,1.073465024204061,1.035667329517354,1.0507863587285056,2643300
2002-01-18,1.0492743253707886,1.0568338783624731,1.0311310251037797,1.0568338783624731,1704600
2002-01-21,1.043226718902588,1.0507862734475795,1.0341554318815316,1.0507862734475795,687600
2002-01-22,1.0326428413391113,1.0583456966903348,1.0311311090505975,1.0583456966903348,1885500
2002-01-23,1.0885841846466064,1.1021914737749898,1.0296189406669147,1.0507857807960619,3946500
2002-01-24,1.0734645128250122,1.0885842647863568,1.0734645128250122,1.0885842647863568,1280700
2002-01-25,1.0734645128250122,1.0734645128250122,1.0734645128250122,1.0734645128250122,0
2002-01-28,1.043226718902588,1.0734649370825537,1.0417149864265232,1.0734649370825537,2582550
2002-01-29,1.0356669425964355,1.0885843766775272,1.0281073902621347,1.0402022198042271,1983150
2002-01-30,1.0598574876785278,1.0719529678483064,1.0281075416327294,1.0568339420595516,2182500
2002-01-31,1.0840485095977783,1.0976558028848802,1.0583456552528994,1.0734647618751918,1860750
2002-02-01,1.058345913887024,1.0795127656579384,1.0522981724331466,1.073465024204061,1170000
2002-02-04,1.074976921081543,1.079512197597143,1.0432262546035764,1.0598571698737362,1466100
2002-02-05,1.0734645128250122,1.0749769746562274,1.055321864847407,1.0734645128250122,1926000
2002-02-06,1.0734645128250122,1.0976555482222359,1.0659049612677272,1.0659049612677272,1825200
2002-02-07,1.090096116065979,1.0916079292160126,1.073464630404351,1.076488824445408,1212300
2002-02-08,1.091607928276062,1.091607928276062,1.0749770914755998,1.088584383084454,637650
2002-02-11,1.091607928276062,1.091607928276062,1.091607928276062,1.091607928276062,0
2002-02-12,1.091607928276062,1.091607928276062,1.091607928276062,1.091607928276062,0
2002-02-13,1.1021918058395386,1.103703538062291,1.0432265440949962,1.103703538062291,2775600
2002-02-14,1.117310881614685,1.11882261379579,1.0840484750196384,1.1006793133407782,1498500
2002-02-15,1.1112631559371948,1.1339418170903222,1.1006794076454003,1.1112631559371948,753750
2002-02-18,1.1188228130340576,1.1248705538940797,1.1097515261675344,1.1097515261675344,162900
2002-02-19,1.0885841846466064,1.1248700456714398,1.0825363654131457,1.1203341204169637,1336950
2002-02-20,1.1369656324386597,1.1490604601599899,1.0810240127583983,1.0885842128014231,2252700
2002-02-21,1.1415013074874878,1.179299641720401,1.1294063952970754,1.1415013074874878,6726600
2002-02-22,1.1430137157440186,1.16418056280988,1.1339417811562074,1.1535968148534796,5449500
2002-02-25,1.1883705854415894,1.203489687689714,1.1641802002774428,1.1641802002774428,2183400
2002-02-26,1.1989545822143555,1.2216331577153354,1.1596444403485588,1.2004663142219327,2758500
2002-02-27,1.2397764921188354,1.2624551493847693,1.2110500955882917,1.2110500955882917,5021100
2002-02-28,1.2397764921188354,1.2397764921188354,1.2397764921188354,1.2397764921188354,0
2002-03-01,1.2095378637313843,1.2095378637313843,1.1399895789076342,1.179299729395705,8255700
2002-03-04,1.162668228149414,1.1868592706599703,1.130918280705665,1.1641806093194955,6277950
2002-03-05,1.1294063329696655,1.162668089886972,1.126382138730229,1.1490607162679365,3254400
2002-03-06,1.0840485095977783,1.1142866417364976,1.0462500941951223,1.0643933952288551,6412050
2002-03-07,1.076488733291626,1.0961438435889865,1.074977001375457,1.094631381720178,3230550
2002-03-08,1.1309181451797485,1.1430136244326046,1.0976557394461166,1.1037034790725444,2470950
2002-03-11,1.0885841846466064,1.133941409545347,1.0885841846466064,1.1248700456714398,1657800
2002-03-12,1.1505731344223022,1.153596679699378,1.081024212416492,1.0885844138558367,3338550
2002-03-13,1.149060606956482,1.1717399122894303,1.149060606956482,1.149060606956482,2721600
2002-03-14,1.1883705854415894,1.1883705854415894,1.1596442749489841,1.1687155578650064,3910950
2002-03-15,1.200466275215149,1.2170971110868958,1.1868589843661663,1.2050022821490296,4368600
2002-03-18,1.2276809215545654,1.2337287418711915,1.217097175171078,1.2246573763726014,6582150
2002-03-19,1.2065142393112183,1.2412884605625145,1.2065142393112183,1.209537784898347,3137850
2002-03-20,1.2065142393112183,1.209537784898347,1.1838356603140296,1.2034900448771597,2697750
2002-03-21,1.1641803979873657,1.2019781600267792,1.1475489122760594,1.2019781600267792,1923750
2002-03-22,1.117310881614685,1.1641804999569358,1.076488921949621,1.1641804999569358,4668750
2002-03-25,1.081024169921875,1.1112629468441322,1.0583455130359194,1.0961439233593497,2549250
2002-03-26,1.146036982536316,1.146036982536316,1.0885842765328153,1.0885842765328153,3457350
2002-03-27,1.1354533433914185,1.1490606349415173,1.1248702458667146,1.1490606349415173,1701000
2002-03-28,1.1354533433914185,1.1399893505590173,1.1037034019704646,1.118822506662767,1408500
2002-03-29,1.1354533433914185,1.1354533433914185,1.1354533433914185,1.1354533433914185,0
2002-04-01,1.1535968780517578,1.1535968780517578,1.108238986956913,1.1354535756232504,5280750
2002-04-02,1.1384778022766113,1.155108641689533,1.1203345006305272,1.1460372747370304,1901700
2002-04-03,1.1188228130340576,1.1309183758599792,1.0961442308913008,1.1309183758599792,2932650
2002-04-04,1.149060606956482,1.149060606956482,1.1067269201950063,1.1067269201950063,799650
2002-04-05,1.1339417695999146,1.164180550945416,1.1339417695999146,1.1490607952962657,924300
2002-04-08,1.1188228130340576,1.1324301083102912,1.0916082224815906,1.1218463590405587,1218600
2002-04-09,1.146036982536316,1.1551083471759271,1.1384775120033064,1.146036982536316,701550
2002-04-10,1.146036982536316,1.1641802795564722,1.146036982536316,1.1551083471759271,1025550
2002-04-11,1.1974427700042725,1.2019781282421336,1.1415011428373105,1.1415011428373105,3857850
2002-04-12,1.2216333150863647,1.2231451283945478,1.1808114359543087,1.215585575218447,5172750
2002-04-15,1.1792994737625122,1.2261691679511684,1.1792994737625122,1.201978130427691,5035050
2002-04-16,1.2155853509902954,1.2352403802766445,1.1929066956453211,1.1944185086746337,10097100
2002-04-17,1.2594316005706787,1.263966877818089,1.224657383769213,1.224657383769213,22351500
2002-04-18,1.2352403402328491,1.2609431885441627,1.229192601676558,1.2609431885441627,4108950
2002-04-19,1.2322168350219727,1.2412881998307208,1.2095375308357612,1.2397763868017786,3372300
2002-04-22,1.229193091392517,1.2322172862989016,1.1944189458159802,1.2322172862989016,3195900
2002-04-23,1.2246575355529785,1.244312001142891,1.2246575355529785,1.2307046267029045,4408650
2002-04-24,1.2352403402328491,1.2548954499878715,1.2352403402328491,1.2397763469146839,1568250
2002-04-25,1.2110499143600464,1.2246572040103636,1.2019779823972818,1.2095374525821627,1898550
2002-04-26,1.1792994737625122,1.21709715376529,1.1792994737625122,1.2140736086365027,1978650
2002-04-29,1.1883705854415894,1.2065138812262128,1.1792993025255674,1.1868588536496296,653850
2002-04-30,1.2095378637313843,1.224657620299132,1.1944188371164806,1.2019783909768682,3546450
2002-05-01,1.2095378637313843,1.2095378637313843,1.2095378637313843,1.2095378637313843,0
2002-05-02,1.2095378637313843,1.2170974175917721,1.179299729395705,1.2095378637313843,11709450
2002-05-03,1.1641803979873657,1.2216331909413285,1.1641803979873657,1.182323048006374,4328100
2002-05-06,1.171740174293518,1.171740174293518,1.1339418372905372,1.171740174293518,2619900
2002-05-07,1.097656011581421,1.173252126806977,1.0885847243162325,1.1067272988466093,3755250
2002-05-08,1.1263819932937622,1.1263819932937622,1.100679143729464,1.1112628894835352,1311300
2002-05-09,1.061369776725769,1.1248703121566825,1.0583455825221548,1.1248703121566825,3201750
2002-05-10,1.0885841846466064,1.0885841846466064,1.044738042668442,1.0689290762847623,2210400
2002-05-13,1.0492743253707886,1.124870341922807,1.0492743253707886,1.0795124562316645,2100150
2002-05-14,1.0961440801620483,1.0961440801620483,1.0643934044599848,1.0719529578366926,3231900
2002-05-15,1.1142866611480713,1.133941775859399,1.0507861202471074,1.1112631155308839,1297350
2002-05-16,1.1278938055038452,1.1792995082905173,1.1248702602865335,1.1641804034044014,1759950
2002-05-17,1.1415013074874878,1.1596446084905592,1.130918208629711,1.1596446084905592,749250
2002-05-20,1.1415013074874878,1.1596446084905592,1.1188226475923748,1.1596446084905592,703800
2002-05-21,1.1430137157440186,1.159644636068908,1.1339417811562074,1.1490608070066404,560250
2002-05-22,1.0825364589691162,1.1596443562546719,1.0810240782243823,1.1596443562546719,1880100
2002-05-23,1.108238697052002,1.130918001643153,1.082536496301635,1.0946314062783735,1047150
2002-05-24,1.1097513437271118,1.124870368968126,1.0961440506878841,1.1188226291023378,439650
2002-05-27,1.106727123260498,1.1339417917971717,1.0734647956633794,1.1188226846989928,486900
2002-05-28,1.1354533433914185,1.164180388480662,1.118822506662767,1.1415011637012211,1680750
2002-05-29,1.2095378637313843,1.215585685252612,1.1475491327680218,1.2095378637313843,2087550
2002-05-30,1.2095378637313843,1.2095378637313843,1.2095378637313843,1.2095378637313843,0
2002-05-31,1.1566210985183716,1.2110502732494879,1.1490608150345947,1.2110502732494879,1405350
2002-06-03,1.117310881614685,1.1566210279927813,1.117310881614685,1.1566210279927813,1016100
2002-06-04,1.1127749681472778,1.1263822621514459,1.1037036010229055,1.1188227084419324,857250
2002-06-05,1.171740174293518,1.1868592819982704,1.1203345430292144,1.1263822834381612,1520100
2002-06-06,1.1112631559371948,1.1490608434198704,1.109751423626567,1.1339418170903222,1040850
2002-06-07,1.1384778022766113,1.1384778022766113,1.1021918478313901,1.1052153934979525,2533500
2002-06-10,1.1354533433914185,1.1520849100727673,1.1142864994951684,1.1399893505590173,1644300
2002-06-11,1.1309181451797485,1.1354534227114734,1.111263031946788,1.1354534227114734,1407600
2002-06-12,1.1430137157440186,1.1566210904375973,1.1203344875684962,1.1339417811562074,1568700
2002-06-13,1.1354533433914185,1.1626680075974714,1.132429798212866,1.1520849100727673,3802500
2002-06-14,1.1052154302597046,1.1324300186576366,1.103703616823203,1.1324300186576366,3751650
2002-06-17,1.1339417695999146,1.1475490630489504,1.1112631093965881,1.1112631093965881,1846350
2002-06-18,1.1248699426651,1.1792991753002933,1.1248699426651,1.1369654989185691,1408500
2002-06-19,1.108238697052002,1.1339415466491738,1.1052151520459812,1.1339415466491738,3563550
2002-06-20,1.043226718902588,1.1112632775486633,1.0281076909184839,1.1112632775486633,2140200
2002-06-21,0.9237843155860901,1.0583455888969537,0.9222725834515475,1.0583455888969537,2155950
2002-06-24,0.966118574142456,0.9827494105598947,0.9373915295907812,0.9630943801736529,3386250
2002-06-25,0.9585583806037903,0.9751899471042654,0.9525112903124492,0.9676303948403266,2581200
2002-06-26,0.9600707292556763,0.982749302264802,0.9373914262939472,0.9373914262939472,909000
2002-06-27,0.996356725692749,0.9963567256927489,0.9691420635602047,0.9827493540735522,3667950
2002-06-28,1.0281075239181519,1.0538096483303392,1.005428215120053,1.012987768437111,1633950
2002-07-01,0.9887973070144653,1.035667004712173,0.9887973070144653,1.0281074519244764,1905300
2002-07-02,1.0281075239181519,1.0583456560805171,0.9751900829576878,0.9887973762554306,2227500
2002-07-03,0.9978687167167664,1.0265951182294688,0.9842614226701998,1.0235715724962,2228400
2002-07-04,0.9993805289268494,1.0205480255278274,0.9903091617851905,0.9903091617851905,392850
2002-07-05,0.9948451519012451,1.0205480071876691,0.9600710107420514,0.9676305643301186,1310400
2002-07-08,0.9767017960548401,0.9903090890860192,0.9751900638539476,0.9857730814247005,529650
2002-07-09,0.9767017960548401,0.9767017960548401,0.9767017960548401,0.9767017960548401,0
2002-07-10,0.957046627998352,1.0129876055293159,0.938903978715042,0.9827493971239676,860400
2002-07-11,0.9555351138114929,0.96611886315105,0.9298322555397671,0.9494873729115718,3276450
2002-07-12,0.9509987831115723,0.9585583350159885,0.9298319404521864,0.9525112450122392,2704050
2002-07-15,0.9192491769790649,0.9525115064698294,0.9086653472149339,0.9525115064698294,1308150
2002-07-16,0.9071536064147949,0.9373917409455247,0.9041294117641233,0.935880008596613,1615050
2002-07-17,0.9313437938690186,0.9540230994119566,0.9132011442720377,0.9132011442720377,4737150
2002-07-18,0.9706541299819946,0.9797261459942888,0.9222726940415207,0.9509990144885534,3238200
2002-07-19,0.9676303863525391,0.9827494096419424,0.9479752748788027,0.9676303863525392,2782800
2002-07-22,0.9071536064147949,0.9676306054291028,0.892034498596494,0.9056417929600112,2727000
2002-07-23,0.8784270882606506,0.9222725924721674,0.8497000410244787,0.911689494156531,1509750
2002-07-24,0.8965697288513184,0.9147130287097276,0.8164383553958695,0.8512124930285498,2326950
2002-07-25,0.8874984383583069,0.9313439457828878,0.876914690420187,0.9071535531274978,1568700
2002-07-26,0.8617956042289734,0.905641676323304,0.8391169454222843,0.9041292953221941,3998250
2002-07-29,0.8255097270011902,0.8844749102659475,0.8103906197712845,0.8466765744501009,3089700
2002-07-30,0.774104118347168,0.8466766861238222,0.7635210176503139,0.816438548781574,3541950
2002-07-31,0.7937589287757874,0.8149257708212857,0.7786398254054441,0.7861993770906157,7718850
2002-08-01,0.7861994504928589,0.8043427493180922,0.7710803457109447,0.7937590028838158,2866950
2002-08-02,0.8088780641555786,0.8088780641555787,0.7816634796291775,0.7861994870344896,3195000
2002-08-05,0.7786400318145752,0.8164384491071743,0.7786400318145753,0.8119024411337404,1588500
2002-08-06,0.8194618821144104,0.8436529210064395,0.8013185826689241,0.8088780542124561,2018250
2002-08-07,0.8421404361724854,0.8723792947987986,0.8239977860647193,0.8451646302373708,3522600
2002-08-08,0.9147130846977234,0.9192490924281527,0.8784271316067879,0.8799389449365785,8350650
2002-08-09,0.8905218839645386,0.9147130038556842,0.8754028598383279,0.9026174439101114,4500450
2002-08-12,0.8466764688491821,0.893546165830151,0.8466764688491822,0.8920343526227625,1759050
2002-08-13,0.8663315773010254,0.9177366373583287,0.8587721050642054,0.8602838372998376,2457000
2002-08-14,0.8376050591468811,0.8995937711205733,0.7892235561746181,0.8799387424506104,4362750
2002-08-15,0.7998067736625671,0.8481882028536086,0.7786399288061836,0.8013185868733473,3439350
2002-08-16,0.7937589287757874,0.8239977032574111,0.7907353838616025,0.801318480460959,3331350
2002-08-19,0.7650325894355774,0.7937589852085681,0.7514252981078319,0.7710803285407002,6473250
2002-08-20,0.7544488310813904,0.7786398682179726,0.7347944498120226,0.7786398682179726,2057400
2002-08-21,0.7363063097000122,0.7635208966443575,0.7347945774501264,0.7559614243362617,3040200
2002-08-22,0.7484016418457031,0.7514251865258712,0.7272340714859019,0.7484016418457031,3343950
2002-08-23,0.7544488310813904,0.7741038611975792,0.7468892789805662,0.7544488310813904,6527250
2002-08-26,0.8179500699043274,0.8179500699043274,0.7574730808947915,0.7574730808947915,4517100
2002-08-27,0.8224852681159973,0.8829622453390013,0.8179499104917164,0.8421402958517039,8120250
2002-08-28,0.8466764688491821,0.8557477536228068,0.8043427792313901,0.8376051840755576,2719800
2002-08-29,0.8542361855506897,0.8617957396743611,0.8239979690560041,0.8315575231796755,3368700
2002-08-30,0.8648197054862976,0.8890100938457371,0.8512124143385965,0.861795511550335,4144050
2002-09-02,0.8648197054862976,0.8859865487565974,0.8648197054862976,0.8769145346896795,1307250
2002-09-03,0.8663315773010254,0.8784271384092671,0.8345809828477221,0.8738911306437114,3020850
2002-09-04,0.8738909959793091,0.8890101003348649,0.8572601596210752,0.8769145410905185,2874600
2002-09-05,0.8209737539291382,0.8633074506243622,0.8164384757604736,0.861795718270098,4261500
2002-09-06,0.8043428659439087,0.8451647467551323,0.7922473046046702,0.8451647467551323,1972350
2002-09-09,0.8073662519454956,0.8224853559302422,0.793758961032202,0.8119022589008146,1954800
2002-09-10,0.8058544993400574,0.8179500591953207,0.7816634607353882,0.8179500591953207,900900
2002-09-11,0.8164382576942444,0.8345808254288234,0.8088779758247875,0.8103904377279322,810000
2002-09-12,0.8315572738647461,0.8315572738647461,0.7982949537120503,0.8164382512562163,1216800
2002-09-13,0.8345809578895569,0.8436529731493696,0.8119023796455686,0.8224854782488967,1204650
2002-09-16,0.7952708601951599,0.839117017142953,0.7952708601951599,0.839117017142953,928350
2002-09-17,0.8073662519454956,0.8224853559302422,0.8043427069084413,0.8164382658561335,1745550
2002-09-18,0.8194618821144104,0.8360927195101808,0.7952707621165229,0.8209736142113998,2016450
2002-09-19,0.8013185858726501,0.8315573643321185,0.793759033193036,0.8239978116525043,1903950
2002-09-20,0.8043428659439087,0.8239978996643355,0.7877112967524872,0.8013186714620959,1785600
2002-09-23,0.7529372572898865,0.7892238650804462,0.7408417754302855,0.7892238650804462,2616750
2002-09-24,0.7332820296287537,0.7635208074949633,0.7302584843761474,0.7544488740434286,1956600
2002-09-25,0.7484016418457031,0.763520662940014,0.7408414418988916,0.7559611929457795,2214000
2002-09-26,0.7332820296287537,0.7635208074949633,0.7257224770974514,0.7635208074949633,2250000
2002-09-27,0.6969960927963257,0.7332820429319021,0.6969960927963257,0.7000196381037848,2051100
2002-09-30,0.6743175387382507,0.6924601505353086,0.6637337909204691,0.6803653193215358,3204900
2002-10-01,0.698508083820343,0.7090918333373962,0.6728052251175639,0.6803654285574618,2348550
2002-10-02,0.6879246830940247,0.7393296481250518,0.6788526700196046,0.7393296481250518,4423950
2002-10-03,0.7000197172164917,0.7030439117126,0.6788528700256388,0.695484439295678,3112650
2002-10-04,0.7332820296287537,0.7453775083328946,0.7060673647561508,0.7060673647561508,3832650
2002-10-07,0.6818770170211792,0.7378180822798782,0.6818770170211792,0.7378180822798782,1041750
2002-10-08,0.668269693851471,0.7030437880403512,0.665245459334421,0.7030437880403512,4580550
2002-10-09,0.665245532989502,0.6712933132934479,0.645590459904567,0.665245532989502,2689650
2002-10-10,0.6576859354972839,0.677341007253456,0.6546623902496309,0.6591977081211103,2403000
2002-10-11,0.665245532989502,0.6743175075924056,0.6501264674824845,0.6697815405674195,3042900
2002-10-14,0.6274477243423462,0.6652454008802171,0.6244234900910316,0.6652454008802171,1221300
2002-10-15,0.636519193649292,0.6501265282552028,0.6319832262002913,0.6425669745185741,1590300
2002-10-16,0.6214000582695007,0.6350073508233648,0.6047685309142264,0.6350073508233648,3344850
2002-10-17,0.642566978931427,0.6531507273223941,0.6183758958411002,0.6350074251428829,3686400
2002-10-18,0.6501264572143555,0.6561741968698518,0.6350073513931985,0.6471029118100525,3200400
2002-10-21,0.6773409247398376,0.6803651590188642,0.6440785651746028,0.6728049585740723,2418300
2002-10-22,0.7181628346443176,0.722698841355056,0.6531505369142393,0.6728049573948051,4786650
2002-10-23,0.7514253258705139,0.7710803570295707,0.7106033692731872,0.7181629217751103,6003450
2002-10-24,0.7514253258705139,0.7877111941009163,0.7347944887991683,0.7514253258705139,5037750
2002-10-25,0.7967832088470459,0.8239977925156764,0.7559613333441001,0.7710803572463397,7077150
2002-10-28,0.8209737539291382,0.8497001562126664,0.8013187190416626,0.8149260134533585,2074950
2002-10-29,0.7831760048866272,0.7892237448954625,0.7453775892784731,0.7786399971153355,4051800
2002-10-30,0.8119024038314819,0.8315574371742668,0.7967832971478614,0.7967832971478614,3479400
2002-10-31,0.8073662519454956,0.8285330948511626,0.8043427069084413,0.8239977367426553,2769300
2002-11-01,0.8285332918167114,0.8285332918167114,0.7922473363001109,0.8088781762040749,2891700
2002-11-04,0.8103905320167542,0.8617955883589915,0.8013185982471411,0.8315573771735767,2954700
2002-11-05,0.8043428659439087,0.8285332586695783,0.8013186714620959,0.808878143843284,1449450
2002-11-06,0.7937589287757874,0.8028308612119127,0.7846875640805991,0.7967831225367575,2378700
2002-11-07,0.8073662519454956,0.8164382658561335,0.7877111410054302,0.8013185130245752,1312650
2002-11-08,0.7982951402664185,0.830045735900374,0.7982951402664185,0.8194619877400715,1155150
2002-11-11,0.7998067736625671,0.8179500732032493,0.798295041557646,0.8013185868733473,827100
2002-11-12,0.7650325894355774,0.8058544634188138,0.7559613052013089,0.7998067243136909,1875600
2002-11-13,0.7801518440246582,0.7892237788516941,0.7438658890456448,0.7725922903471645,1886400
2002-11-14,0.8164382576942444,0.8179499896447331,0.7710802973466341,0.7861994011802357,1831500
2002-11-15,0.8164382576942444,0.8164382576942443,0.8164382576942443,0.8164382576942443,0
2002-11-18,0.8179500699043274,0.8315573620167761,0.80887805519421,0.8164383378055032,2957400
2002-11-19,0.8164382576942444,0.8345808254288234,0.8058544308179595,0.8088779758247875,2155950
2002-11-20,0.8360927700996399,0.8376052322408706,0.8164383862148047,0.8300456791340742,4482900
2002-11-21,0.8723794221878052,0.8738911544646447,0.837605281209482,0.8391170134863215,4268700
2002-11-22,0.8965697288513184,0.9147130287097276,0.8557477705285947,0.8557477705285947,4688100
2002-11-25,0.9237843155860901,0.9373916080200446,0.892034372102832,0.9071534777771897,5329350
2002-11-26,0.9222725629806519,0.957046699913888,0.9192490176728171,0.929832034544179,4778550
2002-11-27,0.9268082976341248,0.9404156680588108,0.9132010083152806,0.937391393423466,961650
2002-11-28,0.9071536064147949,0.9252969088837674,0.9026175983093396,0.9252969088837674,949950
2002-11-29,0.9237843155860901,0.9298320551828657,0.9071534777771897,0.9086652099117323,2434050
2002-12-02,0.9404157400131226,0.952511217363127,0.9298319134613999,0.9298319134613999,1987200
2002-12-03,0.9298320412635803,0.9525113482824993,0.9192490243157406,0.9192490243157406,2867400
2002-12-04,0.9313437938690186,0.9358798009681434,0.9222725096234551,0.9298319807496364,2050650
2002-12-05,0.8844748139381409,0.9373916023737954,0.8799388876090898,0.9373916023737954,3871350
2002-12-06,0.9071536064147949,0.9192491684294005,0.892034498596494,0.892034498596494,760050
2002-12-09,0.8738909959793091,0.9222725030040139,0.8738909959793091,0.908665130651136,1442250
2002-12-10,0.8905218839645386,0.8995938986236154,0.8784270539716892,0.8905218839645386,1026000
2002-12-11,0.9222725629806519,0.929832034544179,0.8905218902493915,0.898082172871506,3240450
2002-12-12,0.9071536064147949,0.9389042032472846,0.9026175983093396,0.9298321870363743,2980350
2002-12-13,0.9147130846977234,0.9358799312203685,0.9132012713679328,0.9268085646064326,2854350
2002-12-16,0.8905218839645386,0.9479753273473251,0.8905218839645386,0.9298320279818949,4519350
2002-12-17,0.9252968430519104,0.9252968430519105,0.8935462484783722,0.9056417285265518,4142250
2002-12-18,0.9132012128829956,0.9237843110430742,0.9041292791090041,0.9222725789159661,5133150
2002-12-19,0.9162248373031616,0.9343681386756902,0.8890102502207707,0.9162248373031616,4225950
2002-12-20,0.9509987831115723,0.9600707969166553,0.9328562154067158,0.9328562154067158,5471550
2002-12-23,0.9782134890556335,0.9918207804133147,0.9479752800986198,0.9525112872020758,3102750
2002-12-24,0.9782134890556335,0.9782134890556335,0.9782134890556335,0.9782134890556335,0
2002-12-25,0.9782134890556335,0.9782134890556335,0.9782134890556335,0.9782134890556335,0
2002-12-26,0.9827495217323303,1.0054281809118968,0.9706540421824905,0.9827495217323303,1629450
2002-12-27,0.9993805289268494,1.0205480255278274,0.9751901354432223,0.9827496080612714,1690650
2002-12-30,0.9918211698532104,1.0099644754383406,0.9918211698532104,0.9993807250607333,1320750
2002-12-31,0.9918211698532104,0.9918211698532104,0.9918211698532104,0.9918211698532104,0
2003-01-01,0.9918211698532104,0.9918211698532104,0.9918211698532104,0.9918211698532104,0
2003-01-02,1.0447382926940918,1.0583455850789578,0.9933333173655475,0.9933333173655475,3957300
2003-01-03,1.0356669425964355,1.0674168028617625,1.0281073902621347,1.0432264138248812,1115550
2003-01-06,1.094631552696228,1.0961440148012755,1.0447383087309075,1.049274316246405,4106250
2003-01-07,1.0991674661636353,1.1324297881728804,1.0674167950714815,1.0795123544779937,1885500
2003-01-08,1.081024169921875,1.1006792005437545,1.0780006247636535,1.0885843710640313,1287450
2003-01-09,1.0780006647109985,1.1006792413314967,1.074977119440734,1.0931196887560448,2050650
2003-01-10,1.0840485095977783,1.1112630961719823,1.0825366962625877,1.088584517344409,2114550
2003-01-13,1.091607928276062,1.1188225114937704,1.084048375897269,1.084048375897269,3083850
2003-01-14,1.0719525814056396,1.0976554269475194,1.0628812989720033,1.0976554269475194,2808450
2003-01-15,1.0825364589691162,1.0991673752810796,1.0538094165098038,1.07044098166855,3655350
2003-01-16,1.0885841846466064,1.1263818585445835,1.0885841846466064,1.091607729287053,3254400
2003-01-17,1.0507861375808716,1.0764889927975045,1.0507861375808716,1.0734647982834937,1764000
2003-01-20,1.0371787548065186,1.0628816078169596,1.0371787548065186,1.0583456003058287,635850
2003-01-21,1.058345913887024,1.073465024204061,1.035667329517354,1.035667329517354,6559650
2003-01-22,1.1021918058395386,1.1157990990674804,1.0356670719225818,1.0583456506515556,4378050
2003-01-23,1.1520848274230957,1.1520848274230957,1.112774687629227,1.1142864195571254,4085100
2003-01-24,1.1188228130340576,1.1520852255524243,1.0916082224815906,1.1520852255524243,2898000
2003-01-27,1.081024169921875,1.1052152076808517,1.070441072468335,1.1021916625226302,4232250
2003-01-28,1.091607928276062,1.1263820638725635,1.073464629480023,1.073464629480023,2772450
2003-01-29,1.132429838180542,1.132429838180542,1.0674168422081944,1.0885844168042245,2002500
2003-01-30,1.103703260421753,1.1445252109425348,1.0885842387743032,1.1309179211375557,1529100
2003-01-31,1.1188228130340576,1.1309183758599792,1.0916082224815906,1.1112632586178461,844200
2003-02-03,1.091607928276062,1.1339416162513563,1.081024181858816,1.1339416162513563,972000
2003-02-04,1.074976921081543,1.087071748777675,1.0674166399484257,1.087071748777675,1376550
2003-02-05,1.076488733291626,1.1067268591665071,1.065904987761466,1.079512278229813,1771650
2003-02-06,1.1006792783737183,1.103703472592621,1.0628815953302744,1.0749771556179772,1486800
2003-02-07,1.081024169921875,1.1112629468441322,1.079512356789837,1.1052152076808517,1372950
2003-02-10,1.0991674661636353,1.10672693733691,1.0764888093262475,1.0885843687327597,3844800
2003-02-11,1.1505731344223022,1.1611562322918594,1.1037034379349415,1.1037034379349415,7512300
2003-02-12,1.1535968780517578,1.1641806265879748,1.129406484029347,1.150573332254806,4878450
2003-02-13,1.0885841846466064,1.1490604304410335,1.0885841846466064,1.1490604304410335,3375900
2003-02-14,1.0855600833892822,1.0961439106730215,1.062881507871654,1.0900960904738815,1820250
2003-02-17,1.1127749681472778,1.1188227084419324,1.0931198527425854,1.1037036010229055,1541250
2003-02-18,1.132429838180542,1.1415012039890595,1.1157990008649263,1.1157990008649263,3487950
2003-02-19,1.1188228130340576,1.1415014762826918,1.105215517757824,1.1324301083102912,1818000
2003-02-20,1.1339417695999146,1.1339417695999146,1.1067271015959765,1.1067271015959765,1901250
2003-02-21,1.132429838180542,1.1339416513761034,1.118822546150191,1.1339416513761034,2128950
2003-02-24,1.1566210985183716,1.1566210985183716,1.1294064300469455,1.130918243426097,1488600
2003-02-25,1.171740174293518,1.171740174293518,1.1233587376571734,1.1520851396232485,1336050
2003-02-26,1.159644603729248,1.1853473768192937,1.14150130280067,1.1490607749621373,4060800
2003-02-27,1.146036982536316,1.1702280993004228,1.13394150526011,1.1641802795564722,2860200
2003-02-28,1.1445250511169434,1.170227895295193,1.1339413075807028,1.1596441517589524,1576800
2003-03-03,1.1445250511169434,1.1445250511169434,1.1445250511169434,1.1445250511169434,0
2003-03-04,1.1445250511169434,1.1445250511169434,1.1445250511169434,1.1445250511169434,0
2003-03-05,1.149060606956482,1.149060606956482,1.1278937635757442,1.133941583738254,753750
2003-03-06,1.1777876615524292,1.1792993934609581,1.1415010671851349,1.1490605377862633,1550700
2003-03-07,1.183835506439209,1.201978156403528,1.1581326552429494,1.1687157528221732,1841400
2003-03-10,1.1294063329696655,1.1656922841264084,1.1203343990982442,1.1430136254828398,1717200
2003-03-11,1.1142866611480713,1.133941775859399,1.0961440897510741,1.133941775859399,2075400
2003-03-12,1.1309181451797485,1.1309181451797485,1.1006792848358868,1.1127748451946038,1640700
2003-03-13,1.162668228149414,1.1702284307765376,1.1263822726776098,1.1263822726776098,2327850
2003-03-14,1.1702288389205933,1.1793001281876871,1.1535972632836824,1.1611568197004087,1982700
2003-03-17,1.1641803979873657,1.1702282183465549,1.1490606443247529,1.1535966515293927,1973250
2003-03-18,1.162668228149414,1.1853474572309834,1.1415013802379264,1.1762755222807437,4163400
2003-03-19,1.1505731344223022,1.1566209549291748,1.1369658424288063,1.1384776556202731,2299950
2003-03-20,1.1702288389205933,1.1702288389205933,1.1339422219460367,1.1354539547964042,3698100
2003-03-21,1.201978087425232,1.2050022812926557,1.1641803276688683,1.171739879620141,2481300
2003-03-24,1.1792994737625122,1.1792994737625122,1.1626679884607614,1.1702281895293192,1357650
2003-03-25,1.1792994737625122,1.1929067650886442,1.1566208982031871,1.1792994737625122,2205900
2003-03-26,1.1929068565368652,1.1929068565368652,1.1656922717983313,1.1823231095281703,1713600
2003-03-27,1.2609436511993408,1.262455464734346,1.1717402452698034,1.1762756047689427,5638950
2003-03-28,1.3577065467834473,1.3592182791405856,1.2397767427637463,1.2548958506643233,10055250
2003-03-31,1.3849209547042847,1.4166716305263056,1.313860941819507,1.313860941819507,5238000
2003-04-01,1.3834092617034912,1.413647312197904,1.3834092617034912,1.3985283680565619,3471750
2003-04-02,1.4196950197219849,1.4333023109020335,1.3924802751501812,1.3924802751501812,4720950
2003-04-03,1.4317903518676758,1.4680762957710378,1.4136469743867708,1.4212065257568434,4854600
2003-04-04,1.4816838502883911,1.4892434030090869,1.4212067796759507,1.4287669812435206,4793850
2003-04-07,1.4695889949798584,1.5421607322990032,1.4590051671591873,1.4907558395626217,2490750
2003-04-08,1.443886160850525,1.4544693405490445,1.4060877464586456,1.4529575272542818,6409800
2003-04-09,1.3758493661880493,1.4816835709610567,1.3456105121590278,1.4514453657787871,7594200
2003-04-10,1.374337911605835,1.4196952312058724,1.3652658961659445,1.3773615382584277,2972250
2003-04-11,1.4968032836914062,1.4968032836914062,1.383408881708474,1.3985279839086269,10084050
2003-04-14,1.5572800636291504,1.5633278039074967,1.5043633500169915,1.5346014025617656,4534200
2003-04-15,1.5119225978851318,1.563327487688692,1.4968034935650603,1.5618158367954154,3441150
2003-04-16,1.5723997354507446,1.5875188420174347,1.5255301157858523,1.5406492223525423,9548550
2003-04-17,1.6646264791488647,1.70091307681761,1.55879225898702,1.593566394656993,9755100
2003-04-18,1.6646264791488647,1.6646264791488647,1.6646264791488647,1.6646264791488647,0
2003-04-21,1.6646264791488647,1.6646264791488647,1.6646264791488647,1.6646264791488647,0
2003-04-22,1.7069602012634277,1.7235917683834907,1.6192693592925862,1.6616030482017814,6996150
2003-04-23,1.6721861362457275,1.6933529816034352,1.6404362737384701,1.6933529816034352,2452050
2003-04-24,1.6253166198730469,1.6616033878957126,1.5950785657207305,1.6616033878957126,4247100
2003-04-25,1.6101974248886108,1.6328767325013365,1.5950783190447213,1.6207810909604345,2063250
2003-04-28,1.6555553674697876,1.6782340281316934,1.595078452402829,1.5996143791892938,4073400
2003-04-29,1.6706743240356445,1.7371991354901004,1.6495074786648047,1.6616031201270538,3010500
2003-04-30,1.6207810640335083,1.706960257893037,1.6101973981375166,1.6752103956871036,4349250
2003-05-01,1.6207810640335083,1.6207810640335083,1.6207810640335083,1.6207810640335083,0
2003-05-02,1.6706743240356445,1.6994007222792724,1.6117090654539767,1.6238047069162258,5587650
2003-05-05,1.617756962776184,1.678233872224878,1.617756962776184,1.6631147665214956,2991150
2003-05-06,1.595078468322754,1.6071739487839083,1.5603043269733456,1.6071739487839083,3738150
2003-05-07,1.6479955911636353,1.6631146962279908,1.5875186842710693,1.6328766483109942,4378050
2003-05-08,1.6328765153884888,1.66462637390033,1.626828614316326,1.6555550089271898,1768500
2003-05-09,1.6631145477294922,1.6646263607739102,1.6328765025124325,1.6616028968967742,2394000
2003-05-12,1.6404361724853516,1.663114667478133,1.6147332401274668,1.663114667478133,1390050
2003-05-13,1.6479955911636353,1.6933529063567019,1.6253162847202438,1.6253162847202438,3294900
2003-05-14,1.6328765153884888,1.6782336646775924,1.60263765887448,1.6631145608439906,2087100
2003-05-15,1.5572800636291504,1.6313644359566093,1.5209941085942909,1.6313644359566093,3640050
2003-05-16,1.5406490564346313,1.586006857885152,1.4892433534699852,1.5723995661135097,2847150
2003-05-19,1.5164581537246704,1.5421609277742248,1.5043633222382715,1.5315779096706916,1658250
2003-05-20,1.4968032836914062,1.5164576623588901,1.4665644304443655,1.5164576623588901,2659050
2003-05-21,1.5421603918075562,1.549719942729827,1.4907555104207868,1.4907555104207868,1385100
2003-05-22,1.5164581537246704,1.5451852033869016,1.4892435662922503,1.5451852033869016,2446650
2003-05-23,1.5572800636291504,1.5648402661652363,1.5043633500169915,1.5043633500169915,1633500
2003-05-26,1.5436725616455078,1.5844944380470174,1.5436725616455078,1.5572798537793444,1703700
2003-05-27,1.5648401975631714,1.5723997509208916,1.5194823907816541,1.5497204420008024,3659850
2003-05-28,1.5905418395996094,1.6026374781683848,1.570886812178097,1.5799588249751237,2280150
2003-05-29,1.6328765153884888,1.647995457010389,1.60263765887448,1.60263765887448,1934100
2003-05-30,1.6464840173721313,1.6540435702586505,1.6132215304786248,1.6177569702294365,1981350
2003-06-02,1.6479955911636353,1.6721860619395754,1.6222928205731446,1.651019217522449,2502900
2003-06-03,1.6479955911636353,1.6479955911636353,1.6177568943997804,1.6359001124580932,1282500
2003-06-04,1.7130080461502075,1.72661533889747,1.647995695599495,1.6495075088747075,6309000
2003-06-05,1.7311513423919678,1.7492945607073396,1.6933529303486803,1.713007961864879,3659400
2003-06-06,1.7447588443756104,1.7659256916391457,1.7084728900145794,1.7508065845416503,3526650
2003-06-09,1.7689496278762817,1.7689496278762817,1.709984532139259,1.709984532139259,1067400
2003-06-10,1.7886041402816772,1.7991879691481483,1.7462704469331107,1.7462704469331107,2826900
2003-06-11,1.776509404182434,1.784068957925197,1.7538300941071836,1.784068957925197,1916100
2003-06-12,1.8657125234603882,1.874783726657421,1.770461321233945,1.770461321233945,3647250
2003-06-13,1.8702480792999268,1.9201419752816569,1.7855806918426709,1.8611767125395635,3754350
2003-06-16,1.9564276933670044,1.973059260377711,1.8521052849620414,1.8521052849620414,3547350
2003-06-17,1.8899030685424805,1.9896902093216742,1.8747839620842797,1.9745711028634734,4713750
2003-06-18,1.8823431730270386,1.9125820292917075,1.8445455759664025,1.9125820292917075,4589100
2003-06-19,1.8823431730270386,1.8823431730270386,1.8823431730270386,1.8823431730270386,0
2003-06-20,1.8747837543487549,1.9473563008077066,1.8173311237312881,1.867224201957291,2557350
2003-06-23,1.811282753944397,1.8899023704683908,1.799187278591472,1.8899023704683908,2092500
2003-06-24,1.7870922088623047,1.8218663434185371,1.7613892773505206,1.8143067912658883,3794850
2003-06-25,1.8067471981048584,1.8445456068570045,1.7765089901805904,1.7991876461237915,4933350
2003-06-26,1.821866750717163,1.844546061092148,1.8067476430318203,1.8143071968744917,2012850
2003-06-27,1.9352607727050781,1.9352607727050783,1.8505933987835421,1.8581529509811705,2989350
2003-06-30,1.9881786108016968,1.9881786108016968,1.9050230296624429,1.927701691799901,2232900
2003-07-01,1.9654990434646606,2.004809270895777,1.9050227811975426,2.004809270895777,3183300
2003-07-02,1.980618953704834,2.003297450593231,1.921653693870579,1.9806189537048338,1815750
2003-07-03,1.979106068611145,2.009344760917317,1.9534037884447384,1.9534037884447384,2143800
2003-07-04,2.016904830932617,2.016904830932617,1.9730594863204447,1.9730594863204447,1498500
2003-07-07,2.122739553451538,2.14693002505777,2.0153930278668915,2.0184164921177654,6157350
2003-07-08,2.1620492935180664,2.1620492935180664,2.1015722177820133,2.1166919733512235,3217050
2003-07-09,2.1620492935180664,2.1620492935180664,2.1620492935180664,2.1620492935180664,0
2003-07-10,2.2300851345062256,2.254276249992269,2.1272745563603306,2.1333222946789197,3328200
2003-07-11,2.313242197036743,2.3570875426316475,2.2497408443368307,2.251252657715982,7752150
2003-07-14,2.341968059539795,2.3434797103597957,2.2300852979739805,2.26788370578875,4598100
2003-07-15,2.3888378143310547,2.4417545178723974,2.343479851981605,2.3797658001107225,8962200
2003-07-16,2.2981224060058594,2.403957289304059,2.276955559115606,2.403957289304059,4732650
2003-07-17,2.263347625732422,2.290562204987779,2.2225255946376987,2.2814908407810144,2951550
2003-07-18,2.3601109981536865,2.366158737866711,2.283003168424181,2.305681665159918,5780250
2003-07-21,2.403956890106201,2.4719933461822583,2.3510393761386457,2.366158480458854,6149700
2003-07-22,2.419076681137085,2.4629226800745303,2.4039575725249693,2.408493499762707,3676050
2003-07-23,2.378253936767578,2.4644337714306515,2.343479802495826,2.4417544663114144,6367950
2003-07-24,2.3812782764434814,2.4341949803039955,2.3449916792486647,2.390349641871694,2918250
2003-07-25,2.403956890106201,2.4190759944264095,2.3691827555156744,2.403956890106201,2824650
2003-07-28,2.3661584854125977,2.4039568951390784,2.3434798288848055,2.4039568951390784,1413450
2003-07-29,2.313242197036743,2.3933734969073224,2.2830033340659384,2.3737184630727293,2841750
2003-07-30,2.308706045150757,2.335920631774843,2.2678841652146278,2.3132421340115674,3161700
2003-07-31,2.2981224060058594,2.343480213133659,2.276955559115606,2.3162656261840193,2261700
2003-08-01,2.207406520843506,2.30568117537499,2.140881884766926,2.30568117537499,3484350
2003-08-04,2.156001329421997,2.2210143250718044,2.0879647073960674,2.2210143250718044,27850500
2003-08-05,2.1907761096954346,2.192287922879994,2.1408822193121018,2.1771688177641106,37485000
2003-08-06,2.177168369293213,2.2512519042160233,2.174144094700199,2.19228747129474,4317750
2003-08-07,2.373718738555908,2.387326033817889,2.1801928155672097,2.1801928155672097,4878900
2003-08-08,2.3585989475250244,2.4493147096676955,2.3208013486281005,2.388837805258761,2422800
2003-08-11,2.400932550430298,2.4190759293190123,2.283002858617484,2.3585988648190424,4536900
2003-08-12,2.479552984237671,2.5249109476163873,2.411516525804732,2.434195020858954,4823100
2003-08-13,2.6307451725006104,2.6761029737424664,2.502231645632919,2.5249109517831285,9464850
2003-08-14,2.5702686309814453,2.623186157715465,2.532471023273879,2.623186157715465,2452500
2003-08-15,2.532470703125,2.6156262730703963,2.4795531830806863,2.559685288680597,2654550
2003-08-18,2.508279800415039,2.576316270230794,2.48560113935486,2.576316270230794,3840300
2003-08-19,2.5113039016723633,2.555149245125618,2.471993673711571,2.5294464723946772,4422150
2003-08-20,2.612602710723877,2.612602710723877,2.509791456877363,2.509791456877363,4087800
2003-08-21,2.7365803718566895,2.762283145212414,2.5944595361526384,2.5944595361526384,6969150
2003-08-22,2.729020595550537,2.812176491558318,2.6761032366749906,2.73658031093946,4178250
2003-08-25,2.689711093902588,2.7970579719021345,2.6473773925764994,2.7365808849522653,4010850
2003-08-26,2.7139010429382324,2.7819376713921415,2.6609843321223074,2.706341489648567,4354200
2003-08-27,2.62016224861145,2.7380921215609457,2.600507215715958,2.70634144672801,3195450
2003-08-28,2.5022318363189697,2.6458643167895675,2.4810649905624245,2.6458643167895675,5953500
2003-08-29,2.5702686309814453,2.5929479417800154,2.484089423584271,2.520375380033858,7701750
2003-09-01,2.6156258583068848,2.6156258583068848,2.5717803603689218,2.586899464027868,1529100
2003-09-02,2.676103353500366,2.6866865337563732,2.5838757625573336,2.6156264388075035,2232000
2003-09-03,2.7668185234069824,2.7668185234069824,2.6458643748885904,2.6912223427947155,4318200
2003-09-04,2.7668185234069824,2.8121764913131075,2.692734156102986,2.744139701665648,3987450
2003-09-05,2.7970571517944336,2.7970571517944336,2.7063412235443574,2.7804255846726043,4828050
2003-09-08,2.70634126663208,2.781937442146139,2.6761030559652044,2.7758901893208856,4276350
2003-09-09,2.623185634613037,2.707853660503399,2.595971051044032,2.707853660503399,7619850
2003-09-10,2.6065545082092285,2.6428404545233417,2.5778274649206248,2.6231854250012927,4285800
2003-09-11,2.6080663204193115,2.69878142949302,2.6080663204193115,2.615625872289195,5588100
2003-09-12,2.7380917072296143,2.750187185125028,2.598995009125988,2.632256681174005,2700000
2003-09-15,2.698781728744507,2.80461660214017,2.66854351791204,2.736580141131964,3733650
2003-09-16,2.7441391944885254,2.7622825729517553,2.706340948956609,2.706340948956609,3137850
2003-09-17,2.759258270263672,2.772865560656532,2.706340921705863,2.7441391668571806,2706300
2003-09-18,2.7970571517944336,2.7970571517944336,2.730532181000835,2.7365800825766695,4799700
2003-09-19,2.842414379119873,2.8802129560548626,2.797057384491712,2.797057384491712,2639250
2003-09-22,2.759258270263672,2.809151668370825,2.7441391668571806,2.8000801414422516,2610450
2003-09-23,2.7516987323760986,2.766817834967233,2.6851739348013406,2.766817834967233,5772150
2003-09-24,2.674591064453125,2.7819370879618197,2.653424222354153,2.7516988811447427,3309300
2003-09-25,2.6367931365966797,2.6987818611526637,2.5778278764064995,2.6987818611526637,2869200
2003-09-26,2.6564478874206543,2.683662470271816,2.5702680506352236,2.6458640600401035,2156850
2003-09-29,2.7668185234069824,2.7668185234069824,2.656448203528579,2.66854368326511,2751750
2003-09-30,2.948249101638794,2.981511586196732,2.7819373276959465,2.7819373276959465,8869950
2003-10-01,3.1070005893707275,3.1584061252614783,2.9815113489616847,2.9815113489616847,12343050
2003-10-02,3.146311044692993,3.2052763019878423,3.1130485585858025,3.116072833861739,6744150
2003-10-03,3.220395565032959,3.265753532346861,3.116072986384926,3.1977167435877347,6399000
2003-10-06,3.4774222373962402,3.5076601217776875,3.117584438153598,3.175037229536885,5519700
2003-10-07,3.7510807514190674,3.779807153812567,3.33076611208408,3.4607914784347713,8895600
2003-10-08,3.5983755588531494,3.9990352499805493,3.5908161685237054,3.779806441958096,13094100
2003-10-09,3.398801803588867,3.6437333720918743,3.333789621984148,3.6437333720918743,5471100
2003-10-10,3.3715879917144775,3.519756741608429,3.265753911901061,3.4048504833156263,1899000
2003-10-13,3.5227794647216797,3.551506511205377,3.373099250404894,3.373099250404894,4432950
2003-10-14,3.497077226638794,3.6286143803219737,3.4864935612095875,3.554530020011232,4315500
2003-10-15,3.3262290954589844,3.5530179221384834,3.2975027010746425,3.5530179221384834,4283550
2003-10-16,3.4774222373962402,3.4925413417986713,3.3277417087914887,3.4396236653316254,3430350
2003-10-17,3.575698137283325,3.575698137283325,3.3791480900687962,3.4350890876544713,2944350
2003-10-20,3.7268896102905273,3.7631760515400123,3.5258041543542147,3.553018741973722,2663550
2003-10-21,3.8478431701660156,3.9294872516974926,3.749568493633102,3.7631757864844397,6684750
2003-10-22,3.8145809173583984,3.853890981702964,3.6452455051229182,3.7873663322944937,4491000
2003-10-23,3.689091682434082,3.764687536273041,3.67397257655098,3.749568430389939,5296950
2003-10-24,3.7268896102905273,3.7359614639205048,3.575697564989978,3.6437340340387463,1929150
2003-10-27,3.779806613922119,3.893201042680428,3.7238656305914004,3.7798066139221187,2206350
2003-10-28,3.779806613922119,3.8554027916198437,3.734448647764729,3.776783311845596,1990800
2003-10-29,3.5923285484313965,3.825164318608925,3.5772087948478575,3.7873660701320544,2385900
2003-10-30,3.553018808364868,3.6437341021249847,3.4774229465137587,3.6437341021249847,4248000
2003-10-31,3.4683494567871094,3.5756962797096508,3.4486945920457663,3.5756962797096508,2385900
2003-11-03,3.672459840774536,3.7026986991342627,3.477422318819155,3.553018167024782,3179700
2003-11-04,3.628614902496338,3.7646878396811485,3.5983760394461943,3.704211086851279,2670300
2003-11-05,3.5424349308013916,3.663389081197513,3.522779735371464,3.6286147791798014,4397850
2003-11-06,3.4940521717071533,3.598374718588429,3.484980970314744,3.598374718588429,2785050
2003-11-07,3.480445384979248,3.575696744206522,3.4804453849792485,3.553017926396076,2159100
2003-11-10,3.4774222373962402,3.4925413417986713,3.4048496927636926,3.491029528685453,2673000
2003-11-11,3.5772085189819336,3.6255897801776773,3.4320640865479093,3.460790480659344,4101300
2003-11-12,3.752591848373413,3.800973438703504,3.5756970541200723,3.5756970541200723,5431050
2003-11-13,3.810045003890991,3.9007602761584566,3.7510797524937343,3.810045003890991,5436900
2003-11-14,4.051951885223389,4.082190738867791,3.794924873479691,3.794924873479691,6144750
2003-11-17,3.9945006370544434,4.042882237522692,3.9400714581864746,4.036834334699476,1557000
2003-11-18,4.068584442138672,4.15627545210299,4.002059791389376,4.002059791389376,2851200
2003-11-19,4.006595611572266,4.082192453003439,3.9929883163725277,4.068585157803701,1692450
2003-11-20,4.203144550323486,4.231871595619484,3.9944997361437298,4.080678925491185,3438900
2003-11-21,4.142667770385742,4.271181295550828,4.12754866571714,4.188025408814967,3588300
2003-11-24,4.097311496734619,4.172907688119214,4.044394130323052,4.171395874595513,2189700
2003-11-25,4.08370304107666,4.127548540613701,4.023225975388435,4.127548540613701,1221750
2003-11-26,4.020201206207275,4.126036220364577,4.0186893932990895,4.11242893092079,2072250
2003-11-27,4.051951885223389,4.059511598634489,3.946117844008213,4.051951885223389,1979100
2003-11-28,4.218264579772949,4.227336108131426,4.051952793969619,4.067071899759265,2196000
2003-12-01,4.384576320648193,4.414814209731559,4.25303915106543,4.25303915106543,4000050
2003-12-02,4.384576320648193,4.535768361452743,4.324099244787601,4.383064507299891,1893600
2003-12-03,4.313516139984131,4.414814120747938,4.292348482570295,4.386087721168408,1465650
2003-12-04,4.181978225708008,4.377016413746592,4.153251826805069,4.310491762977024,10977300
2003-12-05,4.339217662811279,4.369456520365466,4.263621492196054,4.308979454103921,2529900
2003-12-08,4.505528926849365,4.505528926849365,4.331657461978986,4.331657461978986,3491550
2003-12-09,4.596245765686035,4.683937434621869,4.520649577671158,4.522161391127469,2985300
2003-12-10,4.463196277618408,4.747437290096724,4.429933789885396,4.683936914477911,2472750
2003-12-11,4.51309061050415,4.6038055904625095,4.505530893664488,4.528209395336439,2125350
2003-12-12,4.414813041687012,4.566006015760235,4.384575160603801,4.566006015760235,1730700
2003-12-15,4.339217662811279,4.543327031491314,4.316538844069053,4.504017619710479,2405250
2003-12-16,4.271180629730225,4.437492377276142,4.188024755957266,4.383063219645858,4933800
2003-12-17,4.410279273986816,4.452612969277071,4.275717823372324,4.275717823372324,3923100
2003-12-18,4.634043216705322,4.686959922716432,4.414813758035016,4.445052617294924,4289850
2003-12-19,4.717198848724365,4.747437059565278,4.53576796156171,4.653698476189076,1670850
2003-12-22,4.913748264312744,5.040749318893718,4.702079191164325,4.702079191164325,3972600
2003-12-23,4.777675628662109,5.163215551033384,4.703591270433979,4.9545704165736355,5829300
2003-12-24,4.777675628662109,4.777675628662109,4.777675628662109,4.777675628662109,0
2003-12-25,4.777675628662109,4.777675628662109,4.777675628662109,4.777675628662109,0
2003-12-26,4.9742255210876465,5.004463729553207,4.785234933849133,4.785234933849133,1024200
2003-12-29,5.1707763671875,5.1707763671875,5.004464570560918,5.034703432954987,1296450
2003-12-30,5.132977485656738,5.178335449275343,5.064941026863972,5.064941026863972,2349000
2003-12-31,5.132977485656738,5.132977485656738,5.132977485656738,5.132977485656738,0
2004-01-01,5.132977485656738,5.132977485656738,5.132977485656738,5.132977485656738,0
2004-01-02,5.125418186187744,5.216133471926849,5.080060543318192,5.137513990184227,1184400
2004-01-05,5.631910800933838,5.631910800933838,5.155655325497682,5.155655325497682,3410100
2004-01-06,5.684829235076904,5.781592421178204,5.441409780984829,5.684829235076904,4800600
2004-01-07,5.518517017364502,5.745305183509952,5.427801426482938,5.745305183509952,3491100
2004-01-08,5.684829235076904,5.730187526026455,5.412683382460962,5.556316023927192,3986550
2004-01-09,5.956976413726807,5.987215277797384,5.62586526431336,5.715068745397022,3457800
2004-01-12,6.047690391540527,6.2291209410750366,5.881379270749502,5.923712633076337,3807450
2004-01-13,5.767984867095947,6.121775128206072,5.730187588585791,6.074905672329445,3355650
2004-01-14,5.517005443572998,5.866260248923485,5.3612783014083805,5.866260248923485,6034500
2004-01-15,5.39756441116333,5.518518234594375,5.34464705258285,5.4278026237035,4593600
2004-01-16,5.50188684463501,5.5033986578948735,5.337087195642385,5.420243088980352,2508750
2004-01-19,5.6092329025268555,5.730187037043639,5.533637055088994,5.5759704182077146,1911600
2004-01-20,5.5487565994262695,5.742282981766251,5.442922528207487,5.6848295328620715,3320550
2004-01-21,5.337087154388428,5.518518045530934,5.232764902948412,5.518518045530934,3174750
2004-01-22,5.140538215637207,5.329528860769875,5.1178597145525595,5.1178597145525595,3015000
2004-01-23,5.216132640838623,5.2252044923905645,5.019582670104636,5.216132640838623,5316300
2004-01-26,5.306848526000977,5.3733725171329105,5.2236919960749155,5.312895453725556,3688650
2004-01-27,5.382444858551025,5.577482383858929,5.275098336991863,5.367325104687844,4237200
2004-01-28,5.140538215637207,5.504912210597646,5.140538215637207,5.368838933125185,4320000
2004-01-29,4.838153839111328,5.1254188390694875,4.777676757965983,5.0951799740733215,5649750
2004-01-30,4.6506757736206055,4.835130349589874,4.505531274346046,4.76255842437614,8959500
2004-02-02,4.520649433135986,4.61892411754743,4.361897670476831,4.552400110091296,4499100
2004-02-03,4.762556552886963,4.762556552886963,4.603804170341489,4.640090929748014,3749850
2004-02-04,4.437492847442627,4.928867455505421,4.3422418114974795,4.8532716115137635,4885650
2004-02-05,4.159300327301025,4.535768815894462,4.142668756686049,4.446565330937984,5845050
2004-02-06,4.475291728973389,4.497971202409102,4.112430535553895,4.1577885091548294,10873350
2004-02-09,4.732317924499512,4.807914099975097,4.550887038473419,4.609852295417717,6896700
2004-02-10,4.838153839111328,4.853272947185917,4.6869608118244726,4.702080568746049,3422250
2004-02-11,5.1707763671875,5.1707763671875,4.838153422781268,4.868391311904939,4081500
2004-02-12,5.110299110412598,5.269050861399587,4.996904678141294,5.201014396690877,2828700
2004-02-13,5.019582748413086,5.125417449512747,4.764068171780806,5.06342889611626,4906800
2004-02-16,4.989344120025635,5.004463222727231,4.913747957670898,4.987832307082489,443250
2004-02-17,5.337087154388428,5.337087154388428,4.913748949094988,5.027142728870958,6591600
2004-02-18,5.095179080963135,5.470136658800912,5.083084250816401,5.329527648217605,5833350
2004-02-19,4.770115375518799,5.063428500215003,4.688471636471832,4.943986193125843,5053500
2004-02-20,4.762556552886963,4.821521158123037,4.505529503857945,4.550886817634137,4203900
2004-02-23,4.762556552886963,4.762556552886963,4.762556552886963,4.762556552886963,0
2004-02-24,4.762556552886963,4.762556552886963,4.762556552886963,4.762556552886963,0
2004-02-25,4.862342834472656,4.9122365588836105,4.74743660609785,4.82303277482618,1170900
2004-02-26,4.836641311645508,4.836641311645508,4.688473211008931,4.807914909363618,1556100
2004-02-27,5.0271430015563965,5.064941579045568,4.838153358345152,4.838153358345152,4180950
2004-03-01,5.321968078613281,5.352205964021092,5.108786201242684,5.178335446432917,5005350
2004-03-02,5.441410064697266,5.441410064697266,5.095179504555615,5.104251682296058,4244850
2004-03-03,5.565386772155762,5.594113163303478,5.367324037753087,5.488277827110369,5820750
2004-03-04,5.698436737060547,5.775544402654553,5.442922133183093,5.5215416120088445,6282000
2004-03-05,5.941856861114502,5.941856861114502,5.5185186123398475,5.701461659944116,7452900
2004-03-08,6.034083366394043,6.153525697231843,5.761937515460239,5.987214560165704,6718050
2004-03-09,6.032571315765381,6.076417791456327,5.789151872756201,6.029547689378501,3973500
2004-03-10,5.74530553817749,6.062809639227958,5.74530553817749,5.899522149523218,4177350
2004-03-11,5.353716850280762,5.71355427501422,5.340109560885548,5.624351474128989,8019900
2004-03-12,5.7755446434021,5.894986977545061,5.380932824205094,5.533637646220466,3890250
2004-03-15,5.654592037200928,5.745306678415931,5.563876098292054,5.745306678415931,3043800
2004-03-16,5.594114303588867,5.730187222693693,5.458040735637183,5.715067793177536,2084850
2004-03-17,5.817878723144531,5.843580844262293,5.458040592486914,5.669710004774119,3569850
2004-03-18,5.8209028244018555,5.843581321084945,5.6545916859028855,5.775544533341887,2758950
2004-03-19,5.653079986572266,5.851142474615727,5.609234151708932,5.8209036098288855,1688400
2004-03-22,5.442922592163086,5.619817732131651,5.382445515865356,5.619817732131651,1428750
2004-03-23,5.291728496551514,5.541196126732477,5.291728496551514,5.5033975585519626,2776050
2004-03-24,5.201014518737793,5.382445419975261,5.080060692720635,5.338599264680594,3209400
2004-03-25,5.34464693069458,5.473160466541557,5.064941362324423,5.201014288922319,2929950
2004-03-26,5.647032260894775,5.662151043178071,5.321968709100005,5.321968709100005,2375100
2004-03-29,5.722626686096191,5.7906634603011184,5.601672565031159,5.61679199237598,1391850
2004-03-30,5.85114049911499,5.85114049911499,5.730186378498923,5.745305156940859,3641850
2004-03-31,5.972094535827637,5.972094535827637,5.813343112418135,5.890450779799263,4022100
2004-04-01,6.062809467315674,6.100607388127017,5.972093548982948,6.017451832572705,3675150
2004-04-02,6.292622089385986,6.319836673788176,6.047690829766272,6.047690829766272,5082300
2004-04-05,6.282039165496826,6.4256718119721095,6.170156545177208,6.350075955446978,2570850
2004-04-06,6.123286724090576,6.257847170722623,6.055249945395291,6.242728391226744,4353300
2004-04-07,5.866260051727295,6.047690607748024,5.805782983438102,6.047690607748024,2576250
2004-04-08,5.805783748626709,6.002333759836276,5.690877498386925,5.926737901146566,3009150
2004-04-09,5.805783748626709,5.805783748626709,5.805783748626709,5.805783748626709,0
2004-04-12,5.866260051727295,5.926737120016488,5.76042534443292,5.851141271290134,1989900
2004-04-13,5.894986152648926,6.04769030444922,5.820902120797005,5.896497965732138,2916900
2004-04-14,5.758913993835449,5.881379953409451,5.669710521819208,5.881379953409451,4947300
2004-04-15,5.427803039550781,5.728676294514796,5.296265864095394,5.728676294514796,9784800
2004-04-16,5.442922592163086,5.488279588327714,5.338599359789555,5.442922592163086,3750750
2004-04-19,5.276609897613525,5.517005050887865,5.155655765578409,5.517005050887865,3156300
2004-04-20,5.125418186187744,5.334063992234589,5.110299080039044,5.334063992234589,4001400
2004-04-21,5.125418186187744,5.125418186187744,5.125418186187744,5.125418186187744,0
2004-04-22,4.9470109939575195,5.063429038675498,4.853271768053212,5.063429038675498,6982650
2004-04-23,4.9470109939575195,4.9470109939575195,4.9470109939575195,4.9470109939575195,0
2004-04-26,5.291728496551514,5.442921147156665,5.22369172267335,5.344645843157471,3996450
2004-04-27,5.291728496551514,5.439896872394166,5.184382314805112,5.412682292612253,3598650
2004-04-28,4.943987846374512,5.261492031020426,4.921309346812363,5.2463729231711635,7526250
2004-04-29,4.528208255767822,5.09517908989423,4.4148138294037915,4.960618629630454,9044100
2004-04-30,4.384576320648193,4.671841295503878,4.340730813736249,4.671841295503878,7226100
2004-05-03,4.407254219055176,4.4601715721290685,4.159299344795415,4.384575724221703,4558050
2004-05-04,4.582638263702393,4.609852851224033,4.443541374895074,4.443541374895074,8937000
2004-05-05,4.6703290939331055,4.75499647402239,4.55088708991234,4.686960012652373,9321300
2004-05-06,4.414813041687012,4.581125118513529,4.384575160603801,4.517624432756961,8321400
2004-05-07,4.1048712730407715,4.307469227663374,4.089752163117927,4.307469227663374,8446500
2004-05-10,3.581745147705078,3.9612382103318167,3.581745147705078,3.929487533643755,11005650
2004-05-11,3.9309990406036377,3.9627493903931716,3.7571281856116268,3.779806682466415,7469550
2004-05-12,4.067071437835693,4.074630827660226,3.7828304645021396,3.9793797907144968,7092000
2004-05-13,3.938558340072632,4.156275343717966,3.8554027721220847,4.005082989087135,5153850
2004-05-14,3.915879964828491,4.147203943654624,3.9007608586672804,4.065560186421871,3976200
2004-05-17,3.9400699138641357,3.9778675073651257,3.719329009077222,3.779805742640872,2913300
2004-05-18,4.203144550323486,4.231871595619484,3.9536778611996297,4.064048007536982,3683700
2004-05-19,4.1668596267700195,4.429934310879599,4.135108948591311,4.30898047414713,5620050
2004-05-20,4.098821640014648,4.233382721496334,3.9914748129874584,4.082190724760421,6234300
2004-05-21,4.080678939819336,4.127548716387192,3.8735459380653756,4.097310506678783,6243750
2004-05-24,4.203144550323486,4.256062228185958,4.071607722149253,4.150227845731284,1956150
2004-05-25,4.231871604919434,4.256062237539068,4.145691766535743,4.157787569480696,3102300
2004-05-26,4.262109756469727,4.262109756469727,4.021714273437557,4.233383360349161,5152500
2004-05-27,4.454124927520752,4.520649586074444,4.21826515787633,4.233384265738015,6666750
2004-05-28,4.475291728973389,4.670329944859864,4.354338538539387,4.48889902372662,5433750
2004-05-31,4.482850074768066,4.581125383838111,4.401206006786241,4.504017403810708,1166850
2004-06-01,4.50704288482666,4.532745663555309,4.399696328937807,4.399696328937807,3487500
2004-06-02,4.564495086669922,4.612877334766155,4.513090184932223,4.575078754132143,5958450
2004-06-03,4.490411281585693,4.581126575809541,4.429934202487474,4.581126575809541,2990700
2004-06-04,4.528208255767822,4.573566220967497,4.490410654352208,4.5508870761559415,4352400
2004-06-07,4.634043216705322,4.634043216705322,4.507041500161497,4.575077960225993,5276700
2004-06-08,4.535768985748291,4.6113651787672305,4.5070425816359085,4.596246069932846,3811050
2004-06-09,4.475291728973389,4.556935497492774,4.387600057614679,4.556935497492774,4232250
2004-06-10,4.475291728973389,4.475291728973389,4.475291728973389,4.475291728973389,0
2004-06-11,4.5372796058654785,4.5962448609840365,4.445052514714232,4.4752907244294535,1795500
2004-06-14,4.535768985748291,4.535768985748291,4.446565497451353,4.511578671152084,4179150
2004-06-15,4.671841144561768,4.671841144561768,4.603804679734385,4.611364395078579,4918500
2004-06-16,4.693008899688721,4.7459262666721225,4.567519616430905,4.6718418880106585,7623000
2004-06-17,4.535768985748291,4.74592631799083,4.510066208748679,4.68696104736266,6936300
2004-06-18,4.519137382507324,4.581126270909061,4.437493623139726,4.490410982722842,3546000
2004-06-21,4.550886631011963,4.656721332086611,4.49796992932145,4.535767527039901,1940850
2004-06-22,4.399695873260498,4.535768821101071,4.354338548403805,4.520649712815507,2165850
2004-06-23,4.550886631011963,4.569030009971205,4.408766469712454,4.460171358332782,5666400
2004-06-24,4.644625186920166,4.685447053760555,4.582636642444777,4.582636642444777,8122950
2004-06-25,4.815472602844238,4.9213076183107995,4.63252993733237,4.6491615016450165,7839000
2004-06-28,4.682424068450928,4.912236183201366,4.656720977252484,4.871414313606292,4457250
2004-06-29,4.875949382781982,4.886533045934591,4.688471289219375,4.770115022219385,4078800
2004-06-30,4.868391036987305,4.913749003593581,4.750461491735397,4.86990285025225,9061200
2004-07-01,4.989344120025635,5.002951409784085,4.771627159467057,4.8850215652108515,6065550
2004-07-02,5.18589448928833,5.21462088403072,5.008999708373993,5.008999708373993,6770250
2004-07-05,5.352206707000732,5.352206707000732,5.185895556571765,5.231252877615007,4347000
2004-07-06,5.238812446594238,5.320456525514968,5.202526009060891,5.2902176653587905,4949100
2004-07-07,5.353716850280762,5.359764750738659,5.238811283507893,5.3068480549073325,3805200
2004-07-08,5.326502799987793,5.349182266743487,5.26149062121351,5.349182266743487,4490100
2004-07-09,5.326502799987793,5.326502799987793,5.326502799987793,5.326502799987793,0
2004-07-12,5.554803371429443,5.556315184463307,5.352205501415375,5.356741589363762,7066350
2004-07-13,5.767984867095947,5.820902873781489,5.556316084588285,5.568411888512312,6680700
2004-07-14,5.881380081176758,6.002333581250993,5.671222458301504,5.69994885779503,8083800
2004-07-15,5.8995232582092285,5.999309427379052,5.8178794980137045,5.92673784494107,8392950
2004-07-16,5.926738262176514,6.0023341254711795,5.816367445288295,5.972095261075733,7017300
2004-07-19,5.752865791320801,5.964535211852838,5.746817889668013,5.911617207872961,2542500
2004-07-20,5.920689582824707,5.920689582824707,5.684829196638773,5.746818081901081,3104550
2004-07-21,5.790664196014404,5.985701719077946,5.761937150640074,5.950927421074788,4115250
2004-07-22,5.8828911781311035,5.926737656795235,5.684829361729071,5.790664727455699,4652100
2004-07-23,5.956976413726807,6.176204934003658,5.823927747665348,5.858701403191364,6006600
2004-07-26,5.852651596069336,6.0628084952074905,5.630398248194615,6.047689069768481,3690450
2004-07-27,6.077928066253662,6.077928066253661,5.866258700423357,5.8964969031791,3931650
2004-07-28,6.274478912353516,6.31983589861359,6.002332452865512,6.10514352500561,5611950
2004-07-29,6.3500752449035645,6.380313454360721,6.162596789036768,6.289598177142407,4001400
2004-07-30,6.5239458084106445,6.57686315935423,6.248776362120185,6.334956196250437,3740400
2004-08-02,6.690258502960205,6.697818218263972,6.353099482801805,6.455909923931072,4530600
2004-08-03,6.7068891525268555,6.849009984621507,6.678162753216575,6.728056485318834,4950900
2004-08-04,6.486147403717041,6.818770264311919,6.427182155983692,6.649434883652328,6975900
2004-08-05,6.214001655578613,6.502778698232616,6.124798201174345,6.501266885250641,8850600
2004-08-06,6.455909729003906,6.493708304381464,6.094560409400179,6.292622219221653,5332500
2004-08-09,6.27296781539917,6.561744900018646,6.244240769179895,6.504292105273833,7670700
2004-08-10,6.386362075805664,6.4105530354068465,6.274480104238166,6.365194742837036,8495100
2004-08-11,6.380314350128174,6.501268502631908,6.289599060173841,6.378802536770091,5296950
2004-08-12,6.558720588684082,6.650947023976735,6.330419949054343,6.4256706592813835,4648500
2004-08-13,6.591982364654541,6.697817722222175,6.531506593243977,6.576863584013614,4486050
2004-08-16,6.847497940063477,6.876224338403606,6.5919826838137405,6.622221544253362,5471550
2004-08-17,6.818770885467529,6.951820171594953,6.762829907423776,6.879247951679418,4255200
2004-08-18,7.05311918258667,7.0606788973929175,6.72805598784608,6.779461529451071,6560100
2004-08-19,6.992641448974609,7.2118712109975185,6.904949803704167,7.075797655100099,4207950
2004-08-20,7.05311918258667,7.1362747477616635,6.986594860216048,6.986594860216048,4199850
2004-08-23,6.8656415939331055,7.103013142823389,6.842962448774176,7.068238842887828,2794050
2004-08-24,6.83389139175415,7.030441401298348,6.76585460043234,7.030441401298348,3010950
2004-08-25,6.864130020141602,6.951821687949414,6.655484842374058,6.879249452204181,3023550
2004-08-26,6.818770885467529,6.879247951679418,6.729568072527041,6.8202826985746325,2456100
2004-08-27,6.939724445343018,7.000200857718591,6.84900852908611,6.947284159101657,3510450
2004-08-30,6.901928424835205,6.909487491827357,6.655484673176378,6.728056907076658,3184650
2004-08-31,7.0002007484436035,7.090916663284411,6.833889643736775,6.9563555772521175,3299850
2004-09-01,6.941237926483154,7.096966380335076,6.826331677199803,6.956357357634022,2441250
2004-09-02,6.939724445343018,6.992641143959951,6.818770322898322,6.880759197103043,5669100
2004-09-03,6.849009037017822,6.992641662543652,6.826330542906807,6.954844388640902,3118500
2004-09-06,6.871689796447754,6.9367016617463495,6.817260624300783,6.880760676292003,549900
2004-09-07,6.871689796447754,6.871689796447754,6.871689796447754,6.871689796447754,0
2004-09-08,6.705376148223877,6.9548441155781155,6.705376148223877,6.924605259488246,3818250
2004-09-09,6.539064884185791,6.773412769239213,6.4060156074630035,6.728055134998124,4776750
2004-09-10,6.4029927253723145,6.5315065780253265,6.350075371135226,6.520922588100423,3416400
2004-09-13,6.501270294189453,6.620712017402771,6.381828570976136,6.401482798894275,3155850
2004-09-14,6.687232971191406,6.712935738856636,6.410551725443602,6.507314246381574,2525400
2004-09-15,6.697816848754883,6.77341268864158,6.653971028035761,6.693280760961359,2583000
2004-09-16,6.764341831207275,6.796091853516394,6.614661949605875,6.741662687689187,4239000
2004-09-17,6.788532257080078,6.856569039970837,6.73410309030621,6.787021092768794,3861900
2004-09-20,6.743175983428955,6.932165625213159,6.743175983428955,6.898904434506455,3871350
2004-09-21,6.773413181304932,6.826330532613266,6.685721533488445,6.803652038536448,3779100
2004-09-22,6.591982364654541,6.833890641071663,6.539065659141011,6.797604529378466,3855600
2004-09-23,6.607104778289795,6.682700654754587,6.546627687809709,6.638854812820056,3472650
2004-09-24,6.380314350128174,6.599543508223591,6.365194918853474,6.578376174669623,5949000
2004-09-27,6.229121685028076,6.4090410917924645,6.20644318805115,6.365194613430345,4084650
2004-09-28,6.644899368286133,6.650946620094087,6.126309892641939,6.274478592331748,6052950
2004-09-29,6.629781246185303,6.788532667790212,6.53906596274053,6.638852774529781,2402550
2004-09-30,6.697816848754883,6.791555742122129,6.595005779800589,6.629780073779437,4149000
2004-10-01,6.712936878204346,6.794580634078995,6.6615319829960145,6.773413950690088,4231350
2004-10-04,6.864130020141602,6.879249452204181,6.75829594224445,6.75829594224445,4229100
2004-10-05,6.917048931121826,6.954847519735265,6.767368336984532,6.864131555910128,5528250
2004-10-06,7.0606794357299805,7.071263426573814,6.811212721184567,6.886808577317072,6183450
2004-10-07,7.208847999572754,7.2390868603874425,6.954845202271997,6.954845202271997,4084650
2004-10-08,6.939724445343018,7.347943797535396,6.880759197103043,7.246644541555101,5025600
2004-10-11,6.932164192199707,7.030439823767073,6.879247492747194,6.95333216967428,1120500
2004-10-12,6.932164192199707,6.932164192199707,6.932164192199707,6.932164192199707,0
2004-10-13,6.750734806060791,6.941236884816095,6.6252445844959125,6.939725071697271,7034400
2004-10-14,6.607104778289795,6.743177745234672,6.44079294168133,6.743177745234672,5321250
2004-10-15,6.637340068817139,6.818770611311362,6.576863005036797,6.743174768221036,5462100
2004-10-18,6.516387939453125,6.6978191864285455,6.365195558063774,6.486149722714054,5499450
2004-10-19,6.224584102630615,6.61466103480539,6.198881985250263,6.4725402385183335,8816400
2004-10-20,6.244241237640381,6.30471831217257,6.049203694207966,6.244241237640381,5320800
2004-10-21,6.221562385559082,6.342515878881572,6.1686443806189635,6.197370778508953,2747250
2004-10-22,6.038618564605713,6.377289339506496,5.979653314507701,6.322860177345312,5442750
2004-10-25,5.888937950134277,6.0476899949909475,5.775543539687115,6.0476899949909475,6665400
2004-10-26,6.031061172485352,6.031061172485352,5.867773623138316,5.926738895937157,4657500
2004-10-27,6.3500752449035645,6.365194025208721,6.056762082666454,6.077929413248623,8572500
2004-10-28,6.2895989418029785,6.380314230050041,6.102120463143409,6.148989920596571,7161300
2004-10-29,6.505803108215332,6.569303803038214,6.334956541421382,6.334956541421382,5157900
2004-11-01,6.652458190917969,6.652458190917969,6.439277648971173,6.607101208622118,2097450
2004-11-03,6.729570388793945,6.803654447315752,6.656997495052546,6.656997495052546,5455800
2004-11-04,6.900415897369385,6.900415897369386,6.644900642914199,6.7507353560157926,4923450
2004-11-05,6.7477126121521,6.901929277079692,6.6524612189729435,6.894369560307119,5161050
2004-11-08,6.743175983428955,6.743175983428955,6.5556975061166005,6.696306526312596,4288950
2004-11-09,6.924605369567871,6.98508243386221,6.74317482553166,6.74317482553166,5979150
2004-11-10,6.932164192199707,7.015321044857834,6.856568351113159,7.001713430108056,3938400
2004-11-11,6.939724445343018,6.994153605789098,6.821793948863069,6.924605017825737,3039300
2004-11-12,7.287468910217285,7.287468910217285,6.950309858393679,6.950309858393679,4579650
2004-11-15,7.287468910217285,7.287468910217285,7.287468910217285,7.287468910217285,0
2004-11-16,7.438660621643066,7.480993989395769,7.196752326129234,7.2572294000076925,5504850
2004-11-17,7.381206035614014,7.55205388895337,7.317705344934728,7.393301188984942,5233500
2004-11-18,7.255716800689697,7.4462188814803,7.107548083065781,7.381206374748457,4159800
2004-11-19,7.106037616729736,7.304099449580484,6.962404960135059,7.106037616729736,4119300
2004-11-22,7.137787342071533,7.25722902145241,6.9246061057417005,7.053119313288807,3833550
2004-11-23,7.36155366897583,7.385743983935751,7.0909195729031165,7.187682130436858,7360650
2004-11-24,7.506694316864014,7.604969286587867,7.363061718717359,7.363061718717359,6420600
2004-11-25,7.63521146774292,7.673008750923804,7.54449552249027,7.589853170693104,2118600
2004-11-26,7.748604774475098,7.803033948881107,7.5293756146340005,7.574733908819281,3217050
2004-11-29,7.8166399002075195,7.824200263767525,7.56717320775467,7.771282909622324,4489650
2004-11-30,8.308015823364258,8.308015823364258,7.76977138302068,7.76977138302068,7189200
2004-12-01,8.119026184082031,8.436529696849808,8.035870610307816,8.209740824597324,10104300
2004-12-02,7.874094486236572,8.177991687835135,7.839320182814085,8.149263989136948,2995200
2004-12-03,8.041915893554688,8.1417026874069,7.920962420319114,8.013188851588561,2717550
2004-12-06,7.998071193695068,8.085762847165567,7.952712904923268,8.085762847165567,2701800
2004-12-07,7.627650260925293,7.9980710903330055,7.568685005361473,7.9980710903330055,4817700
2004-12-08,7.695688247680664,7.725925813505415,7.506697297229889,7.665449384162001,5333400
2004-12-09,7.4764556884765625,7.860484701994983,7.408419568235255,7.754649367387657,4484250
2004-12-10,7.514255523681641,7.620090227325167,7.438659677563023,7.514255523681641,3109950
2004-12-13,7.8242011070251465,7.839319889234028,7.550542778919052,7.574733738838958,2684700
2004-12-14,8.02830982208252,8.046452228684084,7.907355686528573,7.907355686528573,4387050
2004-12-15,8.035871505737305,8.156824373235356,7.786403458922813,8.050990289751061,8001000
2004-12-16,8.255099296569824,8.282313883966768,7.998072205256274,8.058549282420687,6210450
2004-12-17,8.27021598815918,8.27021598815918,8.08878545138633,8.238465319800541,3493350
2004-12-20,8.120538711547852,8.270218627734858,8.058549816891228,8.255099844076232,2436300
2004-12-21,8.117513656616211,8.161358835245007,8.058548399294619,8.073667180293667,3369150
2004-12-22,7.9829535484313965,8.187063298139073,7.969346577835955,8.12658621510587,2056950
2004-12-23,7.904330730438232,7.981439033874575,7.863509183619477,7.904330730438232,2100150
2004-12-24,7.904330730438232,7.904330730438232,7.904330730438232,7.904330730438232,0
2004-12-27,8.011677742004395,8.01318955511497,7.90735550005957,7.90735550005957,1371150
2004-12-28,8.1265869140625,8.137170907360055,8.005633386440056,8.01319245472822,2602350
2004-12-29,8.202180862426758,8.208228115159443,8.126584363646465,8.126584363646465,2738250
2004-12-30,8.15682315826416,8.184037744051668,8.125073132602186,8.15682315826416,1711350
2004-12-31,8.15682315826416,8.15682315826416,8.15682315826416,8.15682315826416,0
2005-01-03,7.831760883331299,8.255099116556876,7.786402589811875,8.194622040711241,4843800
2005-01-04,7.515769004821777,7.937595451061412,7.487042602875102,7.863511401607623,6246000
2005-01-05,7.529373645782471,7.589850706701794,7.411444447586962,7.5732201151322425,5421600
2005-01-06,7.332824230194092,7.561124876396523,7.290490868361889,7.561124876396523,4427550
2005-01-07,7.302587032318115,7.514256466153708,7.19675231540032,7.39330231857711,4783950
2005-01-10,7.317707538604736,7.4235422710791505,7.1589554398931154,7.393303405316745,6381000
2005-01-11,7.452268123626709,7.512745201834235,7.295028498903489,7.343409772161336,3497400
2005-01-12,7.650328159332275,7.650328159332275,7.3343365217831105,7.502159449820433,3746700
2005-01-13,8.09634780883789,8.11146724145467,7.697199848761442,7.697199848761442,7976700
2005-01-14,8.209742546081543,8.209742546081543,7.925500813913223,7.99656189580237,5235300
2005-01-17,8.164381980895996,8.224858394218398,8.103904918726812,8.164381980895996,1914750
2005-01-18,7.998071193695068,8.135655926659567,7.939105937369218,8.073667043954343,3933900
2005-01-19,8.058550834655762,8.10390848905411,7.982954311427134,8.014704993929513,1919700
2005-01-20,7.861998081207275,7.934570303308288,7.786401583954156,7.934570303308288,3242250
2005-01-21,7.8242011070251465,7.969345568850733,7.728949729528643,7.9360830800667275,3141000
2005-01-24,7.833272457122803,7.907356499681089,7.75616413911422,7.816640564263438,2918700
2005-01-26,7.907354354858398,8.164381362989724,7.883163402052215,7.951199524102423,4277700
2005-01-27,7.7637224197387695,7.875604369551334,7.65486409597083,7.680566215043712,6599700
2005-01-28,7.937593936920166,7.937593936920166,7.665448103790856,7.801521020355511,3944700
2005-01-31,8.088786125183105,8.103905554122553,7.998070849240089,8.004118750585235,1512000
2005-02-01,8.088786125183105,8.217299324627906,8.046452113460752,8.073666696243658,5483250
2005-02-02,8.383611679077148,8.383611679077148,8.088786687348774,8.088786687348774,5794650
2005-02-03,8.481887817382812,8.512126681431305,8.285337796455481,8.388148247218242,4225950
2005-02-04,8.617959976196289,8.617959976196289,8.46676761622919,8.481887046879972,2638800
2005-02-09,8.767641067504883,8.767641067504883,8.519685503894456,8.542364651279437,2104650
2005-02-10,8.766127586364746,8.766127586364746,8.481885960092711,8.643661641248215,3687300
2005-02-11,9.01105785369873,9.07153491316872,8.710185666980852,8.73135234581431,7615350
2005-02-14,8.920343399047852,9.1471315815984,8.796365642971281,8.91883093712517,2867400
2005-02-15,8.965700149536133,9.056416062438302,8.69808979614927,8.76915019446714,2171250
2005-02-16,9.17737102508545,9.346706440467539,8.874986957260985,8.950582812005376,7677450
2005-02-17,9.509993553161621,9.509993553161621,9.103287248881196,9.34670604662443,6315300
2005-02-18,9.562910079956055,9.652112885519232,9.404158037596629,9.50848091952084,5201550
2005-02-21,9.735270500183105,9.887974663918484,9.405671214949782,9.493362869098068,3842550
2005-02-22,9.643043518066406,9.824474081268855,9.298324799134878,9.464636581301706,10480950
2005-02-23,9.903093338012695,10.021022544884083,9.691423933646243,9.757948900205673,4014900
2005-02-24,10.409588813781738,10.462505521657397,10.061845813121074,10.175240241647513,6185700
2005-02-25,10.326433181762695,10.734651979660516,10.281075537551827,10.454946398885669,8028900
2005-02-28,10.417146682739258,10.538099507218044,10.084523171188733,10.37934811403117,3141000
2005-03-01,10.243277549743652,10.659056060751931,10.213039336726531,10.291658820340428,5376150
2005-03-02,10.114762306213379,10.205478230597052,9.632458883903483,9.751901204066016,4520700
2005-03-03,9.971131324768066,10.364231349562191,9.887975749937597,10.222110511473828,4765500
2005-03-04,10.069404602050781,10.253858766258096,9.782138718126493,9.895533128916428,5575050
2005-03-07,10.356671333312988,10.402028325565354,10.099644267852682,10.099644267852682,3898800
2005-03-08,10.190359115600586,10.326432690608067,10.129882692093807,10.281075048554538,3794850
2005-03-09,9.850176811218262,10.069406611495383,9.751902457461343,10.069406611495383,5800500
2005-03-10,9.612804412841797,9.763997410112344,9.33612313544646,9.721662747983606,9256500
2005-03-11,9.373922348022461,9.812380703223667,9.373922348022461,9.698986256268391,5182650
2005-03-14,9.2302885055542,9.449517655149446,9.020131533449565,9.449517655149446,4897350
2005-03-15,9.283205032348633,9.389039732594142,9.04129677530358,9.239359209422728,4578300
2005-03-16,9.237848281860352,9.298325356166439,9.044322552466552,9.192491287189428,6480900
2005-03-17,9.222726821899414,9.26657263937622,8.936973426288306,9.071534504459635,7415550
2005-03-18,8.920343399047852,9.364848885693739,8.809972609500907,9.221216261937256,5513850
2005-03-21,8.805438995361328,8.980822325449692,8.693556369548798,8.920345247952296,3606300
2005-03-22,8.62098217010498,9.207607762243988,8.48339681186594,8.87498491016667,6915600
2005-03-23,8.746472358703613,8.920343848117788,8.516660538432092,8.654245916811455,5040000
2005-03-24,9.09421443939209,9.116893582590585,8.5196839311922,8.980820669940108,3835800
2005-03-28,8.708673477172852,9.116892151024354,8.648196420320016,9.09421301138702,2683800
2005-03-29,8.3911714553833,8.927904086642794,8.294408270663146,8.85986730003648,6768000
2005-03-30,8.565040588378906,8.595279442515727,8.270215653625431,8.481885037196157,4208400
2005-03-31,8.69355583190918,8.74647319034094,8.497005828833187,8.634591220294526,4511250
2005-04-01,8.73740005493164,8.96721248657312,8.545386190159755,8.806947990508865,5301450
2005-04-04,8.617959976196289,8.692044018460688,8.406290542472968,8.692044018460688,3395700
2005-04-05,8.283824920654297,8.752520764827846,8.197645077554077,8.66331729524933,5732100
2005-04-06,7.907354354858398,8.391169517901638,7.9073543548583975,8.360930664682225,7070850
2005-04-07,8.149263381958008,8.149263381958008,7.73499669623354,8.043429315030084,10623600
2005-04-08,7.952714443206787,8.149264470515561,7.887702570393886,7.952714443206787,4904100
2005-04-11,7.778842449188232,7.982951497613342,7.665448028737851,7.982951497613342,5733000
2005-04-12,7.75616455078125,7.861999273680044,7.493090205763143,7.769772168912555,7097400
2005-04-13,7.7108073234558105,7.91038097533235,7.577758005922457,7.861999700250667,8465850
2005-04-14,7.257229804992676,7.741045125325521,7.199777003352516,7.642770118106445,9180450
2005-04-15,7.393302917480469,7.408422349364038,7.106037604774413,7.198265360647834,5693400
2005-04-18,7.408422470092773,7.556590569117264,6.9699647779467355,7.276884967794871,5192100
2005-04-19,7.890724182128906,7.890724182128907,7.485529074291107,7.487040887387117,5305500
2005-04-20,7.822689533233643,7.998072877088429,7.744070040047565,7.967834660389706,5142150
2005-04-22,7.884676456451416,7.884676456451416,7.710805618449335,7.936081995941255,3139650
2005-04-25,8.02830982208252,8.058548031547584,7.725924483197652,7.937593895993637,2717550
2005-04-26,8.04343032836914,8.314065053869285,7.892238599753909,7.9375955992608915,4782150
2005-04-27,8.02830982208252,8.103905670168603,7.831759838442489,7.990511249192633,3750750
2005-04-28,7.529373645782471,7.952711774524192,7.485528474126239,7.937592995929439,4968900
2005-04-29,7.559613227844238,7.771282636999511,7.287467400799029,7.694174328246619,4059000
2005-05-02,7.559613227844238,7.854438198233297,7.409933347392789,7.589851436789205,3452400
2005-05-03,7.728948593139648,7.854438165450081,7.476456986558039,7.6730069659970415,3133350
2005-05-04,8.035871505737305,8.088788223055952,7.795474988869867,7.825713854591383,3294900
2005-05-05,8.08122730255127,8.209740516178687,7.960273804227859,8.088787017855278,7222950
2005-05-06,8.02830982208252,8.179501518254687,7.9149154011065495,8.02830982208252,3452850
2005-05-09,7.653351306915283,8.058547026524808,7.653351306915284,8.058547026524808,4262400
2005-05-10,7.299563407897949,7.733485656191372,7.257230036432808,7.718366873031093,7107750
2005-05-11,7.151397228240967,7.422030697046646,7.0606812689430765,7.347947283833413,8158050
2005-05-12,6.803652763366699,7.30258682352587,6.682698619248367,7.21338400196073,8456850
2005-05-13,6.5073161125183105,6.8641300384486605,6.434743876579524,6.8641300384486605,11879100
2005-05-16,6.501270294189453,6.60710504458341,6.351589700093799,6.516389080783509,7085700
2005-05-17,6.466495513916016,6.539067760625218,6.283552434630678,6.446840638573451,5913450
2005-05-18,6.614661693572998,6.7461985148072845,6.472540883131842,6.508826343431979,16546500
2005-05-19,6.464980602264404,6.6040771255203286,6.360657723187393,6.560231954849794,5993100
2005-05-20,6.395432472229004,6.501267171793197,6.359146363675201,6.471028964280628,4434750
2005-05-23,6.109678268432617,6.45590806885149,6.109678268432617,6.45590806885149,6777450
2005-05-24,6.372756004333496,6.395435156120497,5.8965003052772165,6.031061455774948,10363050
2005-05-25,6.168642997741699,6.425670005596515,6.138404793401553,6.396943614146365,10412550
2005-05-27,6.5239458084106445,6.57686315935423,6.200394450421974,6.244240274027995,7400250
2005-05-30,6.765854835510254,6.864129843696893,6.531507537646055,6.57686453497394,3632400
2005-05-31,6.818770885467529,6.992641720874028,6.728055610573111,6.7552701930414365,7110450
2005-06-01,6.818770885467529,6.909486160361949,6.6675791932080495,6.880759764786521,8477550
2005-06-02,6.9548444747924805,7.034976409414536,6.759806308557021,6.8474973087451705,8434350
2005-06-03,6.652458190917969,6.9472837666148965,6.637339413101597,6.864127568814538,6052050
2005-06-06,6.214001655578613,6.483123182926619,6.1762030867953674,6.483123182926619,8455500
2005-06-07,6.047690391540527,6.266919512933748,6.0023327541569,6.167132061842941,9069750
2005-06-08,5.8209028244018555,6.212491009547134,5.805783394048533,5.99628549134344,8248050
2005-06-09,5.722626686096191,5.811830139506454,5.595625313170644,5.745305178266657,8226900
2005-06-10,5.866260051727295,5.934296834658492,5.767984410228076,5.822414225881144,3811950
2005-06-13,5.941856861114502,6.032572153791431,5.896499214776037,5.929761705039897,3150450
2005-06-14,6.183764934539795,6.289599665962397,5.662151642639252,5.956976687810645,7596450
2005-06-15,6.123286724090576,6.123286724090576,5.9055700704205565,6.093047867405201,5071050
2005-06-16,6.168642997741699,6.331931117949346,6.13991660629155,6.274478335049047,7081650
2005-06-17,6.244241237640381,6.350075955859983,6.198883593952969,6.198883593952969,5974200
2005-06-20,6.229121685028076,6.325884872618658,6.017452901573514,6.236681400302687,6403500
2005-06-21,6.079440116882324,6.176202629024577,6.009891534092116,6.168642915828243,7349400
2005-06-22,6.008380889892578,6.1384059058507505,5.919177424749262,6.093048266697103,5506650
2005-06-23,5.728675842285156,6.076418205498978,5.716580038219709,5.97209465303385,4686300
2005-06-24,5.789151668548584,5.817878713598079,5.671221808610906,5.775544052593893,3008700
2005-06-27,5.766473770141602,5.834509910411064,5.6394717205345835,5.707508509650953,3772350
2005-06-28,5.836021900177002,5.9342975535820415,5.7740330112189975,5.7740330112189975,3403350
2005-06-29,5.911616802215576,6.000820912297225,5.851141034071904,5.896498022391364,4483350
2005-06-30,5.760424613952637,5.994773142749631,5.721114232568534,5.956974574332847,4062600
2005-07-01,5.926738262176514,5.970583447625356,5.767985521794372,5.820903534486401,3263400
2005-07-04,5.767984867095947,5.881379946860922,5.7574021741445005,5.8496292726189765,1765800
2005-07-05,5.541198253631592,5.787641379219873,5.518519104018258,5.761938602530234,5853600
2005-07-06,5.473160743713379,5.56387603270598,5.367325699182904,5.48827952598086,6174000
2005-07-07,5.368838310241699,5.50339910969625,5.367325848010777,5.367325848010777,4756950
2005-07-08,5.321968078613281,5.501886497706445,5.232764613437254,5.418730934035405,8554500
2005-07-11,5.669710636138916,5.693900946807857,5.338599189282767,5.338599189282767,4497300
2005-07-12,6.12026309967041,6.1474776842719505,5.598649254870568,5.693900625399398,11241000
2005-07-13,6.4029927253723145,6.5617447880835815,6.102119842578222,6.102119842578222,16776450
2005-07-14,6.274478912353516,6.5919817092548,6.214001849262093,6.448349089941918,7821900
2005-07-15,5.972094535827637,6.152013940359692,5.972094535827637,6.100608396207676,6930450
2005-07-18,5.925225734710693,6.07793057076483,5.8360222536497846,5.9720951953917725,5030550
2005-07-19,6.028036117553711,6.028036117553711,5.829973657804568,5.851141638747773,6761250
2005-07-20,6.3500752449035645,6.410552312664722,6.000821103189634,6.334956464598408,14203350
2005-07-21,6.501270294189453,6.652462053212689,6.351589700093799,6.468007795757727,11263500
2005-07-22,6.127822399139404,6.591982119118172,6.056761991579256,6.486148063186333,11388600
2005-07-25,5.662151336669922,6.002334012804474,5.662151336669922,6.002334012804474,9957600
2005-07-26,5.893475532531738,5.928249835871947,5.60923385225313,5.699949144076739,8743950
2005-07-27,6.251799583435059,6.269943287665121,6.01896413858162,6.121774569470924,16021800
2005-07-28,6.395432472229004,6.410551900408689,6.236680422882714,6.324372068170006,12511350
2005-07-29,6.466495513916016,6.531508692298898,6.3576371438522115,6.395435080872077,4999050
2005-08-01,6.529995918273926,6.576865383896539,6.28506394846775,6.350077123749187,3691350
2005-08-02,6.803652763366699,6.8323791617195635,6.531506912370787,6.561745123976925,8350650
2005-08-03,6.9336771965026855,7.090917440695879,6.838426481189526,6.8792480309389274,10800450
2005-08-04,6.917048931121826,7.062194083933777,6.776440517329448,6.788535027530366,5302350
2005-08-05,6.894367218017578,7.044047742490413,6.8520332077819335,6.956356095876154,5132700
2005-08-08,6.959380626678467,7.103013930927872,6.942750030332957,7.027417420857293,6903450
2005-08-09,7.257229804992676,7.302587450720946,7.0304415763513255,7.0697519685471235,7240950
2005-08-10,7.1226677894592285,7.391790003369503,7.075798336215723,7.373646947349639,9851400
2005-08-11,6.998690128326416,7.347944935199867,6.838426896986527,7.030440801259229,9740250
2005-08-12,6.939724445343018,6.9775223652894445,6.644899501836694,6.743174483005468,9677700
2005-08-15,7.196752071380615,7.196752071380615,7.0319527484057645,7.075798576752086,6206400
2005-08-16,7.095452785491943,7.428075675785781,7.037999994444949,7.196751400799782,6210900
2005-08-17,7.287468910217285,7.302587693397833,7.1075494858613615,7.143836252496792,9427950
2005-08-18,7.106037616729736,7.279909137142428,7.034977843990114,7.204312626444357,5400000
2005-08-19,6.9548444747924805,7.163488959046908,6.667579220182386,7.075797958858759,8059050
2005-08-22,7.233036994934082,7.24966758525125,7.030439148092235,7.106034981913489,4236300
2005-08-23,7.069751262664795,7.158954082984778,6.932165228140311,7.0682388005857435,4783500
2005-08-24,6.965428352355957,6.982060245973209,6.87924915061017,6.948797756432586,5736150
2005-08-25,7.196752071380615,7.226990931672912,6.92460622183126,7.0606791466059375,4961250
2005-08-26,7.180120468139648,7.249668409578366,7.08335729672243,7.226989916392008,4483800
2005-08-29,7.2799072265625,7.316193334543416,7.104523938756881,7.181632242639722,4252500
2005-08-30,7.363064765930176,7.453780060318408,7.31770711873606,7.370624481937023,6911550
2005-08-31,7.387255668640137,7.480995246227337,7.363065354102229,7.422029975741274,8535600
2005-09-01,7.0002007484436035,7.060677808721888,6.894366704015059,7.060677808721888,5071500
2005-09-02,7.148370742797852,7.151395018109617,7.003226290933303,7.016833258872164,5930550
2005-09-05,7.242110252380371,7.242110252380371,7.1377873538728105,7.151394970568091,2402550
2005-09-06,7.347945690155029,7.347945690155029,7.152907490563619,7.236063065633599,5526900
2005-09-08,7.400862693786621,7.400862693786621,7.2829328111349945,7.302587683435771,4360500
2005-09-09,7.54298210144043,7.5747327728391,7.378182789567179,7.402373746402032,4489650
2005-09-12,7.462850093841553,7.52937441344258,7.408420928118848,7.52937441344258,2294100
2005-09-13,7.438660621643066,7.514256477355957,7.363064117083266,7.458315492220666,4482000
2005-09-14,7.530886173248291,7.574732646757987,7.381206292994094,7.408420875662751,6902550
2005-09-15,7.922475814819336,7.922475814819335,7.6049716676065655,7.6049716676065655,7088850
2005-09-16,8.345815658569336,8.345815658569336,7.937596146398151,7.976906543579236,9460350
2005-09-19,8.164381980895996,8.46676599404835,8.090297952825647,8.330693090802773,7252200
2005-09-20,8.067620277404785,8.256611227336363,7.937595240942,8.239979982216179,8531550
2005-09-21,8.315572738647461,8.376049789374811,7.786399355841476,7.9360798455165025,8122500
2005-09-22,8.179503440856934,8.391172903406083,8.043430493009764,8.376054119543285,3514050
2005-09-23,8.100883483886719,8.255100143810642,8.04343067643452,8.164384843177164,4482900
2005-09-26,7.89223575592041,8.155309372732308,7.860485089089957,8.155309372732308,4409550
2005-09-27,7.595898628234863,7.942129105435213,7.588338914493414,7.9375930176516345,7677900
2005-09-28,7.748604774475098,7.824201282603626,7.6654491994959635,7.710806844834304,6742800
2005-09-29,7.606483459472656,7.825711938028281,7.568684886577856,7.825711938028281,5232150
2005-09-30,7.846877574920654,7.846877574920654,7.583802657067442,7.629160938501519,3196800
2005-10-03,7.9753923416137695,8.050988188493509,7.816639635703281,7.846878493532643,5057100
2005-10-04,7.497624397277832,8.08727364205713,7.497624397277833,7.992022285784778,8229150
2005-10-05,7.098478317260742,7.423541550735039,7.065215827688526,7.234551253446708,10095300
2005-10-06,6.932164192199707,7.181632154786953,6.682697527306029,7.053118316554324,9336600
2005-10-07,7.257229804992676,7.384231861878778,6.894368639166515,7.0455603590294515,6253650
2005-10-10,7.393302917480469,7.46738761463239,7.257229977069225,7.332825838793151,3066300
2005-10-11,7.332824230194092,7.499135997888719,7.257228385053599,7.499135997888719,4651200
2005-10-13,7.030440807342529,7.128715154965144,6.8943678850417465,7.030440807342529,5646600
2005-10-14,6.83389139175415,7.181633766243648,6.743176102556356,7.136275472797822,4619250
2005-10-17,6.8656415939331055,6.969963844892904,6.729568669520183,6.8943679920569085,5617800
2005-10-18,6.425671577453613,7.060679214707053,6.425671577453613,6.909486858327959,8032050
2005-10-19,6.2759928703308105,6.486149876676932,6.139919269657492,6.348565111304839,13624650
2005-10-20,6.070369720458984,6.539065537384689,5.9766301677657365,6.471029403650196,13141800
2005-10-21,6.427183151245117,6.427183151245117,6.108167206821242,6.124799098600249,6215850
2005-10-24,6.57686185836792,6.57686185836792,6.350073719790411,6.410550773026643,5544450
2005-10-25,6.440791130065918,6.726544604699201,6.427183512775331,6.493708488245926,8103150
2005-10-26,6.652458190917969,6.7129352487236655,6.3198353462567445,6.348562386685997,4746150
2005-10-27,6.440791130065918,6.796092557899952,6.410552917754587,6.622221701627715,4579650
2005-10-28,6.607104778289795,6.660021502506897,6.4710318113449175,6.4710318113449175,3778650
2005-10-31,6.877735614776611,6.89285569266303,6.622221027319364,6.622221027319364,3892050
2005-11-01,7.098478317260742,7.136275598102079,6.883784597260298,6.94728594966069,5134050
2005-11-03,6.969964027404785,7.255717500577957,6.969964027404785,7.180121645762448,5538150
2005-11-04,6.803652763366699,6.969963900470793,6.737127789447549,6.833890974972837,5898150
2005-11-07,6.75829553604126,6.947285830076485,6.75829553604126,6.803653180655837,3649500
2005-11-08,7.045559883117676,7.045559883117676,6.729568846594335,6.83237928701815,6340950
2005-11-09,7.05311918258667,7.163489331756036,6.864128907817942,7.0924295698097835,4871700
2005-11-10,6.985084533691406,7.090919265810428,6.835403965441733,7.0002033176748375,4806000
2005-11-11,6.9714741706848145,7.022879702999548,6.849008240419347,6.954843579732868,2718000
2005-11-14,6.824820041656494,6.954845725478185,6.6615325168220485,6.938213831701387,1621350
2005-11-16,6.879249095916748,6.909487309628853,6.7461997876590045,6.827843548643928,3592350
2005-11-17,7.363064765930176,7.40539878626034,6.909487645142048,6.909487645142048,8532450
2005-11-18,7.558101654052734,7.558101654052734,7.196752321982752,7.361552299543081,5176800
2005-11-21,7.434124946594238,7.703247194155551,7.364576340206114,7.5520554743162505,3996900
2005-11-22,7.484018325805664,7.542982938018792,7.1665141719925245,7.317706533496841,6475500
2005-11-23,7.63521146774292,7.71080733179865,7.408422577881766,7.524841298590519,5760000
2005-11-24,7.589852333068848,7.650329406947306,7.476457900652602,7.589852333068848,3345300
2005-11-25,7.558101654052734,7.620091190041138,7.438660617357206,7.559614116197524,3456450
2005-11-28,7.414466857910156,7.665446609097515,7.363061976462676,7.604969552801204,4674150
2005-11-29,7.574733257293701,7.595899940348671,7.363063831356474,7.476457610525517,4030650
2005-11-30,7.8166399002075195,7.8166399002075195,7.453778784751116,7.500648237356426,5352300
2005-12-01,8.013191223144531,8.15833634236934,7.77884392105277,7.831761284019187,7864650
2005-12-02,7.907354354858398,8.08878487878793,7.861996723876016,8.0509869611104,3767850
2005-12-05,7.7637224197387695,7.907355038407045,7.636721042009507,7.7637224197387695,2871450
2005-12-06,8.103904724121094,8.149261708600307,7.8015200693833675,8.103904724121094,5845050
2005-12-07,7.967833042144775,8.0872747200205,7.877117112778765,7.967833042144775,4132800
2005-12-08,7.831760883331299,8.011678999826412,7.803033834332944,7.831760883331299,3408750
2005-12-09,7.905844211578369,7.914915739690635,7.727436626907986,7.905844211578369,3443400
2005-12-12,7.80908203125,8.01167996783047,7.74104588044432,7.809082031250001,2429100
2005-12-13,8.10239315032959,8.10239315032959,7.810592452092113,8.10239315032959,3691800
2005-12-14,8.202180862426758,8.285336427122907,8.014702401929487,8.202180862426758,5445450
2005-12-15,8.103904724121094,8.236953349312795,8.035868598555505,8.103904724121094,3522150
2005-12-16,8.134143829345703,8.270216744367513,8.091810466125699,8.134143829345703,1741950
2005-12-19,8.134143829345703,8.285336173429993,8.088786191005099,8.134143829345703,3760200
2005-12-20,8.217300415039062,8.217300415039062,8.034358025752544,8.217300415039062,3632850
2005-12-21,8.459208488464355,8.459208488464355,8.247539056274565,8.459208488464355,5789700
2005-12-22,8.362443923950195,8.565041145377705,8.362443923950195,8.362443923950195,1344600
2005-12-23,8.421408653259277,8.616446812468318,8.345812809547112,8.421408653259277,1101150
2005-12-26,8.506077766418457,8.527244449655468,8.407802118805058,8.506077766418457,454500
2005-12-27,8.602842330932617,8.625520831057989,8.497006951241907,8.602842330932617,2438550
2005-12-28,8.406290054321289,8.617959475753006,8.332206016358937,8.406290054321289,2693700
2005-12-29,8.406290054321289,8.406290054321289,8.317087235433007,8.406290054321289,1881000
2006-01-02,8.011677742004395,8.217299248519721,7.937593708811566,8.011677742004395,2871450
2006-01-03,8.164381980895996,8.239977821972388,7.982950794388444,8.164381980895996,4754700
2006-01-04,8.353372573852539,8.466766997756457,8.19613297218855,8.353372573852539,4914450
2006-01-05,8.088786125183105,8.338253458449818,8.088786125183105,8.088786125183105,4313700
2006-01-06,8.088786125183105,8.209739610158183,7.998070849240089,8.088786125183105,3757050
2006-01-09,8.103904724121094,8.17194149853345,7.8922359848821,8.088785296730176,3451950
2006-01-10,7.952714443206787,8.044942202932711,7.860487981174839,7.952714443206787,5240250
2006-01-11,8.239980697631836,8.239980697631836,7.982953580348354,8.02831187943986,5954400
2006-01-12,8.255099296569824,8.40477985167649,8.171943720998096,8.2112528154422,5337000
2006-01-13,8.202180862426758,8.292895493038762,8.058548228475749,8.179501718138612,2876850
2006-01-16,8.300457000732422,8.306504254298622,8.171943778593366,8.209741059922969,1355400
2006-01-17,8.354884147644043,8.419896649626644,8.135655037916493,8.209739066893103,6601050
2006-01-18,8.187061309814453,8.308015446505715,8.149262736569153,8.164382814714124,2645100
2006-01-19,8.34732437133789,8.465254221379327,8.300454923693323,8.309526450619586,3697650
2006-01-20,8.617959976196289,8.617959976196289,8.33220650020857,8.345814117563656,4084200
2006-01-23,8.85986614227295,8.897664063738596,8.587720329104139,8.587720329104139,6307200
2006-01-24,9.290766716003418,9.296814618788032,8.98082289090253,8.985358331355748,5959350
2006-01-25,9.290766716003418,9.290766716003418,9.290766716003418,9.290766716003418,0
2006-01-26,9.720151901245117,9.79726022072728,9.298325486206403,9.361826836866376,6169950
2006-01-27,9.918212890625,10.566828120890566,9.827497609926361,10.566828120890566,10900800
2006-01-30,10.613697052001953,10.642423446245237,9.767019461992575,9.872854809590544,7609050
2006-01-31,10.932713508605957,11.289527399424504,10.175240546109512,11.188229420382841,9584550
2006-02-01,10.885845184326172,11.067275764372425,10.739188258083004,10.884332722120007,8863200
2006-02-02,10.253859519958496,10.855604615072187,10.253859519958496,10.795127548282458,5962500
2006-02-03,10.1162748336792,10.477624797071856,9.851688702821136,10.38690951512927,8360550
2006-02-06,9.98171329498291,10.41563478822668,9.9197244175414,10.131393818448686,4241250
2006-02-07,9.608268737792969,10.008928418852841,9.608268737792969,10.008928418852841,5345550
2006-02-08,9.783652305603027,9.809354427430844,9.464636365216384,9.559887733146441,3733200
2006-02-09,9.903093338012695,10.084523885271473,9.705031549114059,9.984737084279146,7523550
2006-02-10,10.054286003112793,10.265955428004512,9.841105413835336,10.175240145578599,6186150
2006-02-13,9.526625633239746,10.208502719342016,9.526625633239746,9.903094382948636,3627900
2006-02-14,9.571982383728027,9.85622402979595,9.411719153359872,9.591637901963239,5744250
2006-02-15,10.099645614624023,10.129883829773444,9.494876120859894,9.646068494300927,6562800
2006-02-16,10.74976921081543,10.808733808240355,10.175238121651487,10.175238121651487,6346350
2006-02-17,10.976557731628418,11.109606357852751,10.780007769408087,10.780007769408087,4053600
2006-02-20,11.307670593261719,11.309182406398616,10.73918667874368,11.021917147289221,1225800
2006-02-21,10.946321487426758,11.489101408040309,10.946321487426758,11.362101301144522,5254200
2006-02-22,10.870725631713867,11.185206833030968,10.825368633348212,10.840488065368074,3745350
2006-02-23,10.734650611877441,10.92968878155635,10.507862419719897,10.885843605111592,3693600
2006-02-24,10.606138229370117,10.855605584412707,10.600090976343944,10.73465144003277,3019950
2006-02-27,10.606138229370117,10.606138229370117,10.606138229370117,10.606138229370117,0
2006-02-28,10.606138229370117,10.606138229370117,10.606138229370117,10.606138229370117,0
2006-03-01,11.112634658813477,11.171600580671557,10.324923314413507,10.584974073184364,3026700
2006-03-02,11.324302673339844,11.415017967129463,11.052156791970987,11.112633221932757,2968650
2006-03-03,11.339421272277832,11.56621013893929,11.173110128829471,11.445255990206924,2633400
2006-03-06,10.810247421264648,11.492125128299467,10.810247421264648,11.387802232465228,4580550
2006-03-07,10.462504386901855,10.734650207232308,10.311312048213775,10.382373102732457,10140750
2006-03-08,10.855607032775879,10.991680625570071,10.143490986181657,10.28258820589235,6382350
2006-03-09,10.411100387573242,11.067274687455154,10.285610158264168,11.037035827825257,4459050
2006-03-10,10.861655235290527,11.029478861881666,10.282588489741952,10.43226905663929,6164550
2006-03-13,10.870725631713867,11.037037437391458,10.597067935005542,10.870725631713867,4521600
2006-03-14,11.34092903137207,11.36058389508185,10.675683397700409,10.78756532887712,5232150
2006-03-15,11.415019035339355,11.51329470312947,10.959930710382398,11.086932133572573,6146550
2006-03-16,11.114142417907715,11.640292295669983,11.074832682805544,11.498171485920894,6260400
2006-03-17,11.037034034729004,11.203345140286745,10.825365295942172,10.97806943595457,5266800
2006-03-20,11.14286994934082,11.30313382059078,11.038547057061079,11.111120575872196,3028500
2006-03-21,10.961441040039062,11.336398004595834,10.855606318758968,11.188229913881248,4277250
2006-03-22,11.082396507263184,11.127753508795823,10.885846472669014,10.961442340352766,3339900
2006-03-23,10.855607032775879,11.233587648911579,10.734652872258149,11.186718836317901,3796650
2006-03-24,10.928177833557129,11.127751458455224,10.780009752566599,10.885844466900917,2131650
2006-03-27,11.458861351013184,11.458861351013184,10.76488856789997,10.848044123247654,6449400
2006-03-28,11.112634658813477,11.535973616366025,10.82990539808633,11.188231828157926,6455700
2006-03-29,11.505732536315918,11.516315228409859,10.841997897196634,11.115654895041397,4835700
2006-03-30,11.762760162353516,11.879177573640924,11.490613002857465,11.558649792731478,5153850
2006-03-31,12.133179664611816,12.169465777385314,11.762759470754757,11.791486517406174,5488650
2006-04-03,12.503599166870117,12.541397086854474,12.093868001284216,12.095379814268105,3748950
2006-04-04,12.412887573242188,12.683521642862027,12.13318132534034,12.550472977046093,3734100
2006-04-05,12.216337203979492,12.397767787503735,12.095383049065363,12.396255974115524,3497400
2006-04-06,12.428003311157227,12.520230391525445,11.861031916723046,12.22389298626802,4337100
2006-04-07,12.186098098754883,12.452195389171958,12.065143959123837,12.452195389171958,4318650
2006-04-10,11.853476524353027,12.169467596279036,11.802070973958347,12.13318147808208,2309850
2006-04-11,11.59644889831543,12.019787813673277,11.5223648476666,11.997109313977383,3544650
2006-04-12,11.868596076965332,11.868596076965332,11.384780730199322,11.641807187086465,10181700
2006-04-13,11.59644889831543,11.836845407251394,11.552603712390436,11.687164194792974,3763350
2006-04-14,11.59644889831543,11.59644889831543,11.59644889831543,11.59644889831543,0
2006-04-17,11.507245063781738,11.747640240570334,11.346979882330974,11.746128427320212,1977750
2006-04-18,12.095380783081055,12.139227256206524,11.581327991964494,11.581327991964494,3608100
2006-04-19,11.97442626953125,12.367524873275427,11.97442626953125,12.172488033143079,3518100
2006-04-20,11.643317222595215,12.140740112289196,11.439208161257856,12.004666539601779,4877550
2006-04-21,11.643317222595215,11.643317222595215,11.643317222595215,11.643317222595215,0
2006-04-24,11.566211700439453,11.883714599397482,11.490614536217063,11.68262912726213,2464650
2006-04-25,11.641805648803711,11.789973730417453,11.569233421262794,11.641805648803711,4075650
2006-04-26,11.926047325134277,11.98954867318187,11.682627221210225,11.702283389086894,3330450
2006-04-27,11.611567497253418,11.743105640975138,11.505734073704147,11.581329932393857,4391550
2006-04-28,12.01978588104248,12.01978588104248,11.558649107771828,11.569233098031587,5361300
2006-05-01,12.01978588104248,12.01978588104248,12.01978588104248,12.01978588104248,0
2006-05-02,12.276813507080078,12.276813507080078,11.959310638005526,12.004667634575942,4805100
2006-05-03,12.57768440246582,12.594315644580288,12.140739263489548,12.245062155563836,5147100
2006-05-04,12.881582260131836,13.093251692851869,12.47336282527089,12.821105835509174,7133850
2006-05-05,13.15372371673584,13.274677823208302,12.926936227005019,13.001020244132556,4217850
2006-05-08,13.259562492370605,13.667781916718972,12.851343068022238,13.137096535296719,7364250
2006-05-09,12.866463661193848,13.229324791173783,12.700151228541575,13.108370648615884,635711040
2006-05-10,12.518721580505371,12.745510452201225,12.4280062913658,12.700152158784512,455349528
2006-05-11,12.095380783081055,12.745508432888974,12.019784937057285,12.700150146658519,599736960
2006-05-12,11.92907428741455,12.078754224390812,11.717404798324866,12.078754224390812,487132704
2006-05-15,11.777877807617188,11.942677113027731,11.522361930998324,11.779389620701297,535580784
2006-05-16,12.261693000793457,12.299490923186442,11.975939565532103,12.09538058503197,409749912
2006-05-17,11.777877807617188,12.4143965353041,11.732519522013027,12.246573603725338,718784064
2006-05-18,11.6569242477417,12.077238152655523,11.339420126048871,11.944189510884632,6444000
2006-05-19,11.49061107635498,12.07270192828084,11.340931201882372,12.065142862981661,7216650
2006-05-22,10.61521053314209,11.188229290403708,10.515423070858022,11.188229290403708,9303750
2006-05-23,10.71953010559082,11.157987639060273,10.628814843334622,11.073319628389998,796448880
2006-05-24,10.477624893188477,10.870724235596827,10.296194327638949,10.780009601668946,707939424
2006-05-25,11.535971641540527,11.535971641540527,10.637889621794233,10.766402841138676,584562528
2006-05-26,12.075729370117188,12.087825176111544,11.641807740186163,11.823238341631399,562082940
2006-05-29,12.133179664611816,12.325194218743974,11.673556002045428,12.057583812615988,3105450
2006-05-30,11.233586311340332,12.080262738763674,11.233586311340332,11.824748127027812,622827360
2006-05-31,11.415019035339355,11.64180793988312,10.96900288945729,11.566212070933213,583479684
2006-06-01,11.73252010345459,11.785437457101777,11.289526405515987,11.418040905583227,496231056
2006-06-02,11.913952827453613,12.201218143042295,11.646342384202624,12.08026398445392,563393484
2006-06-05,11.401410102844238,11.898833043388587,11.354541292384795,11.817189929584966,267595848
2006-06-06,11.49061107635498,11.672042918164971,11.067273572647968,11.232072875412545,506652408
2006-06-07,11.148920059204102,11.634248534427957,11.148920059204102,11.611568736245939,553879008
2006-06-08,11.14286994934082,11.259287346677683,10.739186644951637,11.035523430796799,637312464
2006-06-09,11.218465805053711,11.490611634446218,11.195787310361089,11.371170610756373,241156062
2006-06-12,10.61521053314209,11.336397372861448,10.584971672263197,11.188229290403708,324577296
2006-06-13,10.583457946777344,10.854091939433475,10.311311492273019,10.507861457085728,480838176
2006-06-14,10.31131649017334,10.734654831559643,9.94845524008425,10.587998517789819,733541184
2006-06-15,10.31131649017334,10.31131649017334,10.31131649017334,10.31131649017334,0
2006-06-16,11.188228607177734,11.233585598032484,10.618232862425995,10.7800092010164,430488324
2006-06-19,10.976557731628418,11.369657656069078,10.767911967862767,11.18671530837554,352867824
2006-06-20,10.659056663513184,11.067276130986862,10.613699665846061,11.035525454003528,410007852
2006-06-21,10.911547660827637,10.931202532825006,10.382375334918775,10.568341361036769,611615592
2006-06-22,10.69080638885498,10.931201569557363,10.65905571469793,10.931201569557363,186414048
2006-06-23,10.734650611877441,10.991678311067393,10.584970729476883,10.72709154617789,240478614
2006-06-26,10.840486526489258,10.931201159189992,10.72104419841251,10.81024766674214,3129300
2006-06-27,10.71953010559082,10.929687021676559,10.71953010559082,10.840484221163576,141116040
2006-06-28,11.111119270324707,11.111119270324707,10.659053456896533,10.961438108587144,282339504
2006-06-29,11.505732536315918,11.77939018300753,11.111120753266261,11.505732536315918,532284912
2006-06-30,11.740078926086426,12.050023975754739,11.681114321024403,11.792996278637576,355961520
2006-07-03,11.94116497039795,12.065142723728822,11.747638626342907,11.761246241417982,230822424
2006-07-04,12.01978588104248,12.140740022795951,11.913951169219912,11.974428888943525,145226826
2006-07-05,11.94419002532959,12.118061522939724,11.662972002706892,11.836843500317029,301183038
2006-07-06,12.261693000793457,12.382647131067184,11.989547180947794,11.989547180947794,430629300
2006-07-07,11.951749801635742,12.397767171338366,11.811142079663037,12.397767171338366,376713360
2006-07-10,12.01978588104248,12.18609831258866,11.883712309358106,12.050024740904286,131794713
2006-07-11,12.072702407836914,12.095380902328902,11.656923952913385,12.00466562666729,364643316
2006-07-12,11.73252010345459,12.136202766177286,11.73252010345459,12.068167280939786,259559892
2006-07-13,11.263823509216309,11.578302685452861,11.203345796240873,11.490611039793366,400305060
2006-07-14,11.20486068725586,11.411994705017026,11.05820439908328,11.366637705519551,432218988
2006-07-17,10.961441040039062,11.29860007523778,10.88735699468177,11.037036898755169,3654450
2006-07-18,11.026453971862793,11.233586672268604,10.90852344851439,11.171598432787695,261630612
2006-07-19,11.60400390625,11.611562970094267,10.991675613289981,11.11262842095844,387937296
2006-07-20,11.157989501953125,11.777878312275844,11.157989501953125,11.70984152980118,3448800
2006-07-21,10.95388126373291,11.324301466526268,10.810247973551338,11.25626467901115,335521944
2006-07-24,10.870725631713867,11.142872163836564,10.737676965788154,10.870725631713867,412568892
2006-07-25,10.988656044006348,11.021918532586069,10.772450517085085,10.84804637420599,6906150
2006-07-26,10.976557731628418,11.109606357852751,10.85711542223733,10.990165346155209,3281400
2006-07-27,11.339421272277832,11.387803191309544,10.99319136788878,11.067275410900379,4738950
2006-07-28,11.41350269317627,11.534456814120901,11.256262465717603,11.339418667184573,324367488
2006-07-31,11.339421272277832,11.415017128600375,11.203347692742192,11.353028889770162,107082972
2006-08-01,10.991678237915039,11.309182353669375,10.978070622052728,11.18671640629592,412002720
2006-08-02,11.097514152526855,11.170085083749084,10.946321143822553,11.07483435772023,515381760
2006-08-03,11.216955184936523,11.304646844460901,10.94632113989311,10.984119067632163,245747232
2006-08-04,11.324302673339844,11.411994340285462,11.115656848776759,11.377220036191614,350048592
2006-08-07,11.180668830871582,11.292550798396872,11.138335464157631,11.230562561587602,206448840
2006-08-08,11.233586311340332,11.430136312143413,11.157990456653103,11.239634862147096,364846896
2006-08-09,11.086930274963379,11.392338624385449,10.976560117167885,11.362101060490929,347480244
2006-08-10,10.95388126373291,11.120192401674698,10.885844476217791,11.059714680464023,382119912
2006-08-11,10.810247421264648,11.111120954451296,10.778497397867397,10.916081481435677,3875400
2006-08-14,10.810247421264648,10.991678629086827,10.780009211051048,10.885843920068938,334161144
2006-08-15,11.097514152526855,11.126239902818064,10.810248214604972,10.923642646709743,316953900
2006-08-16,11.218465805053711,11.218465805053711,10.962951217820777,11.218465805053711,557923752
2006-08-17,11.186716079711914,11.384777868570293,11.083905003721624,11.21846545220552,305015904
2006-08-18,10.938763618469238,11.157992149398222,10.90852475292938,11.157992149398222,256381110
2006-08-21,10.814783096313477,10.938761512775455,10.787568511874566,10.938761512775455,209625300
2006-08-22,10.522981643676758,10.881307304723867,10.522981643676758,10.840485755354708,451149192
2006-08-23,9.980201721191406,10.538101018964452,9.980201721191406,10.538101018964452,730238472
2006-08-24,10.069404602050781,10.172215024074186,9.812377573722095,10.129881015548415,439892388
2006-08-25,10.167680740356445,10.172216829039385,9.956011957862504,10.061846024686025,352224828
2006-08-28,10.175238609313965,10.188846224046806,9.963569865227022,10.137440688817737,400759596
2006-08-29,10.099645614624023,10.341553282360282,10.067894937197211,10.281076203214477,449165844
2006-08-30,10.098130226135254,10.167678161241442,9.962057332866534,10.116272629724348,498282660
2006-08-31,10.163146018981934,10.24932587593,9.99381058089694,10.24932587593,471964176
2006-09-01,10.349109649658203,10.349109649658203,9.963569449230732,9.978688227489918,339183612
2006-09-04,10.734650611877441,10.745234601550495,10.364229789878978,10.364229789878978,384730272
2006-09-05,10.659056663513184,10.734652524754331,10.583460802272036,10.643937880573128,272614752
2006-09-06,10.462504386901855,10.583458517391046,10.388420355064145,10.553220309192156,209705508
2006-09-07,10.462504386901855,10.462504386901855,10.462504386901855,10.462504386901855,0
2006-09-08,10.37178897857666,10.38690840690289,10.250834849660437,10.38690840690289,137676168
2006-09-11,10.030097007751465,10.23571855780454,9.845642792268846,10.208503969511353,6156900
2006-09-12,10.341552734375,10.341552734375,9.981715203122265,10.12232357740573,7533900
2006-09-13,10.250836372375488,10.402028731556298,10.14651411819897,10.358183550821483,3455100
2006-09-14,10.03765869140625,10.228160846802176,9.992300386512508,10.228160846802176,3110850
2006-09-15,9.916701316833496,10.188847814346532,9.894022820534758,10.123835303084098,3249900
2006-09-18,9.872857093811035,10.04823977476871,9.863784915796503,9.97415572804125,6297750
2006-09-19,9.714103698730469,9.931821032776355,9.538721678560494,9.86680851964281,5336550
2006-09-20,9.526625633239746,9.825986067804077,9.389040895192238,9.751902027997486,3869100
2006-09-21,9.525113105773926,9.71712699934447,9.254479089708443,9.57802980963444,3889350
2006-09-22,9.402647972106934,9.520577841633957,9.343682712919975,9.449517427495756,4958100
2006-09-25,9.281692504882812,9.402645975248802,9.077582834240529,9.402645975248802,4813200
2006-09-26,9.70654582977295,9.70654582977295,9.227265921935096,9.547793736140564,4825350
2006-09-27,9.751898765563965,9.892507731909639,9.596170374127215,9.736779989319558,7092000
2006-09-28,9.874367713928223,9.874367713928223,9.64606705009389,9.72771080273591,4759200
2006-09-29,9.827496528625488,10.069404782334308,9.736781906754878,9.977177049732612,2938500
2006-10-02,10.054286003112793,10.114763074345696,9.903094298300857,9.903094298300857,5529150
2006-10-03,9.8123779296875,10.024046682301531,9.738293249868121,10.024046682301531,4193550
2006-10-04,10.21303939819336,10.22211027819086,9.691425516368541,9.751902591613682,4925700
2006-10-05,10.476112365722656,10.477624827798532,10.161633153297368,10.281074833397568,7758450
2006-10-06,10.44738483428955,10.470063976804457,10.250834861214264,10.32643135408381,3155850
2006-10-09,10.727091789245605,10.727091789245605,10.326432099982934,10.39144460840009,5270850
2006-10-10,10.855607032775879,10.917595277646019,10.643938225140316,10.6590570085698,4779000
2006-10-11,10.674174308776855,10.840486743014141,10.587995114008745,10.734651380632172,2803050
2006-10-12,10.674174308776855,10.674174308776855,10.674174308776855,10.674174308776855,0
2006-10-13,10.887354850769043,11.015868044818676,10.840485401640604,10.840485401640604,5388300
2006-10-16,11.126239776611328,11.12775158988878,10.81024809198258,10.855605734540609,2488950
2006-10-17,11.2139310836792,11.26231300012253,10.97807134977032,11.050643575588435,3902850
2006-10-18,10.938763618469238,11.460376911714818,10.88886987963667,11.2487074483238,7843050
2006-10-19,10.734650611877441,11.080881774790502,10.57589920179058,11.080881774790502,9945450
2006-10-20,10.702901840209961,10.804201118584528,10.52751916739404,10.749771946105769,3875400
2006-10-23,10.916082382202148,10.928178186363189,10.532054550297705,10.899452435809726,4292550
2006-10-24,11.112634658813477,11.142873526551258,10.828393584468852,10.885847043862405,4531500
2006-10-25,11.14286994934082,11.23358522573762,10.982606078090859,11.082393530974178,4284900
2006-10-26,11.159502029418945,11.309183219983,11.08088254986966,11.144382599268596,3708450
2006-10-27,10.999237060546875,11.15798911491657,10.866188424204061,11.120191192118115,2885400
2006-10-30,10.71953010559082,10.997723792792076,10.674171825615984,10.926663395883597,3140550
2006-10-31,11.006794929504395,11.006794929504395,10.76186371564178,10.807221996685312,3711150
2006-11-01,11.24719524383545,11.278945921779169,11.04308615277174,11.067276465746314,5308650
2006-11-02,11.24719524383545,11.24719524383545,11.24719524383545,11.24719524383545,0
2006-11-03,11.407456398010254,11.407456398010254,11.188227927576776,11.188227927576776,3731850
2006-11-06,11.602497100830078,11.61307979477928,11.433161020703617,11.49061382379534,4742550
2006-11-07,11.430136680603027,11.699258918212227,11.31674289491684,11.576792954870347,4192650
2006-11-08,11.534459114074707,11.594935537759165,11.218466783185352,11.337909114982981,4647600
2006-11-09,11.14438247680664,11.626685934603396,11.040059577840003,11.604007438473966,5308200
2006-11-10,11.041573524475098,11.156480435940635,10.96144221707806,11.142872816556267,5314950
2006-11-13,11.002264022827148,11.059716830993795,10.870726510849384,10.961442461457958,3442950
2006-11-14,11.148920059204102,11.256266605259755,10.890381779636373,11.059716573077655,3984750
2006-11-15,11.148920059204102,11.148920059204102,11.148920059204102,11.148920059204102,0
2006-11-16,11.188228607177734,11.44525501587123,11.173109177661578,11.195787673088953,5015700
2006-11-17,11.005285263061523,11.124727591848236,10.878283868139974,11.115655414792675,5108400
2006-11-20,11.005285263061523,11.005285263061523,11.005285263061523,11.005285263061523,0
2006-11-21,11.357563972473145,11.357563972473145,11.035524388882157,11.052155632473273,6306300
2006-11-22,11.477005958557129,11.483053211428617,11.188228870843652,11.339420574180814,4334400
2006-11-23,11.483053207397461,11.558649059039503,11.384778859801555,11.490612273484166,2318850
2006-11-24,11.354537963867188,11.46944353394167,11.271381763357024,11.36965739102299,2765700
2006-11-27,11.006794929504395,11.407455203461666,10.885842108775316,11.362098220111637,4766400
2006-11-28,11.097514152526855,11.105073218999854,10.810248214604972,10.984119071575176,7600950
2006-11-29,11.127753257751465,11.26382685466759,11.053669205277219,11.15799212322038,3966300
2006-11-30,11.059714317321777,11.239634364091517,10.91910530712573,11.239634364091517,3268800
2006-12-01,10.923641204833984,11.126238434200303,10.870723204579603,11.038546786219385,4134600
2006-12-04,11.260801315307617,11.260801315307617,10.893403444643374,10.96144023154717,3744000
2006-12-05,11.29406452178955,11.337909704142728,11.13531244146299,11.23661042395593,4132800
2006-12-06,11.324302673339844,11.44525683095731,11.188230381502377,11.233587379550224,4525650
2006-12-07,11.324302673339844,11.45432771148931,11.173110949588454,11.44525683095731,3941550
2006-12-08,11.188228607177734,11.366635539619681,11.127750889113111,11.3243008774357,4959450
2006-12-11,11.24870491027832,11.294063198353918,11.150429268294712,11.294063198353918,2546100
2006-12-12,11.037034034729004,11.254750674228635,10.961438195629443,11.226024930171441,5318100
2006-12-13,11.089950561523438,11.1126290520375,10.893400615783541,11.109605426328082,7600950
2006-12-14,11.337909698486328,11.33942151182921,11.127752071499396,11.141359689279193,2852100
2006-12-15,11.594935417175293,11.67204438136127,11.362100604449337,11.399897233376983,5596650
2006-12-18,11.83835506439209,11.942677960762607,11.650875954024698,11.656924504484115,4918950
2006-12-19,11.868596076965332,11.874643330828196,11.551091890673712,11.761249534735743,3601350
2006-12-20,11.717399597167969,11.989546703878409,11.717399597167969,11.944188420195475,3624300
2006-12-21,11.868596076965332,11.868596076965332,11.676581492185852,11.734034296964936,2912400
2006-12-22,11.92907428741455,11.957801342934552,11.67507141958459,11.89883541820341,2725650
2006-12-26,11.94419002532959,11.989548315108049,11.903368472914602,11.929070595403436,2120850
2006-12-27,12.140739440917969,12.142251254069226,11.959308885830193,11.981987380792742,2418750
2006-12-28,12.170980453491211,12.231458187468565,12.05002758092462,12.19970750689986,2149650
2007-01-02,12.216337203979492,12.344850425834673,11.888250340247643,12.048512940949145,2535750
2007-01-03,11.792996406555176,12.140739383575722,11.672043568863728,12.096894207008969,6224850
2007-01-04,11.649367332458496,11.79148817710776,11.49212705574319,11.79148817710776,4378500
2007-01-05,11.052155494689941,11.611566623678963,11.052155494689941,11.564697817710487,4972500
2007-01-08,11.157989501953125,11.384778344304108,10.96446314426503,11.233585350172222,5725800
2007-01-09,10.991678237915039,11.330349035180928,10.781520640541999,11.192763658815315,7182450
2007-01-10,11.337909698486328,11.337909698486328,10.666615910726922,11.000750666840277,5530500
2007-01-11,11.351518630981445,11.407459624228663,11.157992226046147,11.216956846329321,4939650
2007-01-12,11.377219200134277,11.460375420703144,11.204859505752928,11.346980338528539,3041550
2007-01-15,11.29406452178955,11.486077793369976,11.24870622839888,11.452815304422256,1827000
2007-01-16,11.112634658813477,11.216957584584135,11.044599152944611,11.188231828157926,2707650
2007-01-17,11.339421272277832,11.445255990206924,10.976560123774561,11.097514272506928,3965400
2007-01-18,11.339421272277832,11.59644770285201,11.339421272277832,11.384779564687655,5317650
2007-01-19,11.430136680603027,11.452815178201496,11.157990816339877,11.263825535391186,3741750
2007-01-22,11.339421272277832,11.517828219907578,11.188229559632745,11.431648372714594,3684600
2007-01-23,11.641805648803711,11.70077025925726,11.221491713911531,11.346980001148392,5323500
2007-01-24,12.033395767211914,12.05456245402965,11.715891571863875,11.717403385372712,7433100
2007-01-26,12.23145580291748,12.23145580291748,11.71135439965514,11.71135439965514,7137900
2007-01-29,11.888249397277832,12.246575095739477,11.886737584009536,12.246575095739477,3325950
2007-01-30,12.01978588104248,12.170977584964003,11.808116457397345,11.974428888943525,3335850
2007-01-31,12.125618934631348,12.216334204117285,11.974427251385977,12.095380078904842,7290900
2007-02-01,12.450682640075684,12.520231232693328,12.155858325686099,12.155858325686099,5562000
2007-02-02,12.926939964294434,12.957177526384456,12.397766406547145,12.397766406547145,7154100
2007-02-05,13.607305526733398,13.643591640199519,12.775747245825368,13.516590243068094,10541250
2007-02-06,14.13798999786377,14.189394240548209,13.44401714929948,13.607304649368661,8077500
2007-02-07,13.531709671020508,14.059371477740523,13.471233242018693,14.059371477740523,7639650
2007-02-08,13.456111907958984,13.456111907958986,12.987416080799532,13.454600094774719,6589350
2007-02-09,13.093250274658203,13.590673128133226,13.026725306393251,13.471230807420001,4189050
2007-02-12,13.131051063537598,13.304922587764986,12.970787158096254,13.002537836032378,4306500
2007-02-13,14.212075233459473,14.212075233459473,13.229326434007202,13.259564000131292,10035000
2007-02-14,14.529581069946289,14.78509703277351,14.257435157583108,14.484224066732796,10070100
2007-02-15,14.756366729736328,14.862201444188386,14.290694505224794,14.423744453767396,6382800
2007-02-16,14.794161796569824,14.9680332649407,14.518992370807963,14.618778515229941,4792500
2007-02-21,14.59005355834961,14.884877866309672,14.470611243498844,14.741245244956081,2837700
2007-02-22,14.301278114318848,14.883367730586492,14.212073348120006,14.711009344153883,5020650
2007-02-23,14.014013290405273,14.333029278325471,13.815951459112044,14.333029278325471,6143400
2007-02-26,14.136478424072266,14.280111071039572,13.887012356223533,14.166717285863436,3852450
2007-02-27,12.760628700256348,13.463673819519764,12.703175899567583,13.409243347853295,3867300
2007-02-28,13.366910934448242,13.36691093444824,12.89821501988048,13.055455299611861,7719750
2007-03-01,13.323066711425781,13.546831990618179,12.645724917240765,12.8513458381394,5028750
2007-03-02,12.579197883605957,13.138610341772328,12.579197883605957,13.138610341772328,9552600
2007-03-05,11.997108459472656,12.299493192091504,11.839868190879837,12.0953828162845,8959050
2007-03-06,12.926939964294434,12.926939964294434,12.322170554781462,12.52628091178131,6055650
2007-03-07,12.564078330993652,13.087204668797256,12.48848247446852,12.988929017159519,5344200
2007-03-08,12.923914909362793,12.957176094216052,12.662351785839585,12.923914909362791,3543750
2007-03-09,13.501469612121582,13.521124480359958,13.078130794202906,13.351788434115022,3550050
2007-03-12,13.834097862243652,13.834097862243654,13.30492540782089,13.471236602331562,5032350
2007-03-13,13.014632225036621,13.66627183273875,13.014632225036621,13.516591920538486,8017650
2007-03-14,13.208161354064941,13.208161354064941,12.669916779758468,12.783310586319873,6160050
2007-03-15,13.200596809387207,13.728257223719327,13.078130862269422,13.363884306313029,7119000
2007-03-16,12.972294807434082,13.365394728731692,12.805983701560027,13.304918316875728,7402500
2007-03-19,13.146167755126953,13.208157284621239,12.825640011066389,13.078130973074664,4812750
2007-03-20,13.542291641235352,13.543803454407707,13.032774266727579,13.199085394930103,4788900
2007-03-21,14.360240936279297,14.370824925202845,13.486349416305428,13.60730354278865,7969500
2007-03-22,14.28767204284668,14.484222057458933,14.091122028234427,14.378387334383573,7433550
2007-03-23,14.272547721862793,14.461537307115398,14.100188078142184,14.16520122217741,3618900
2007-03-26,14.28767204284668,14.340589404384358,13.918762325467382,14.274064424692673,4143600
2007-03-27,14.393506050109863,14.423744911682965,14.181836614485807,14.271040088202012,4292550
2007-03-28,14.242307662963867,14.348142340819566,13.995865316573413,14.316391677924189,4526550
2007-03-29,14.756366729736328,14.84557020062056,14.295229945008622,14.364778545802476,5877900
2007-03-30,15.08596420288086,15.104108555988972,14.60668439869506,14.816841997951224,9175500
2007-04-02,15.073869705200195,15.104108563470449,14.718567662452614,14.81684200529041,5588550
2007-04-03,14.662628173828125,15.338456732640273,14.591567758053701,14.983155951461965,8640000
2007-04-04,14.650533676147461,14.786607266638649,14.43886422324736,14.605175380085754,4496850
2007-04-05,14.506898880004883,14.647507890066635,14.393505103107096,14.647507890066635,3698550
2007-04-09,14.437348365783691,14.757876082216475,14.408621323221919,14.733685776375847,2983500
2007-04-10,14.136478424072266,14.499340872484806,14.136478424072266,14.499340872484806,5538600
2007-04-11,13.743379592895508,14.27859913682715,13.626960884370865,14.212074160527353,6441300
2007-04-12,13.698019981384277,13.909689396357523,13.592185273897655,13.758496400936476,6617250
2007-04-13,14.348146438598633,14.378385297391608,13.8038547664873,13.83409232758657,7992000
2007-04-16,14.635415077209473,14.794167175921094,14.438865045141847,14.438865045141847,5626350
2007-04-17,14.272547721862793,14.718564959829767,14.272547721862793,14.695886469138143,4756500
2007-04-18,14.36326789855957,14.659604084927043,14.038204662508198,14.212074880913931,7629300
2007-04-19,14.46910285949707,14.559818152498394,13.985287530925378,14.098681322753553,4936950
2007-04-20,14.998273849487305,15.058751571229344,14.574936285762012,14.922677995003552,6227100
2007-04-23,14.724615097045898,15.04363103289013,14.62936437931896,14.907558764379317,3173400
2007-04-24,14.470611572265625,14.72763796441361,14.363265057074203,14.72763796441361,6226650
2007-04-25,14.490263938903809,14.66564720341851,14.378382003769518,14.615753487147247,9525150
2007-04-26,14.302794456481934,14.561332766843199,14.287675021791106,14.559820953143532,7043850
2007-04-27,14.500852584838867,14.514458904625704,13.992845679675979,14.287671335852501,7491150
2007-04-30,14.59005355834961,14.692863334256824,14.348145302546927,14.411646641445552,4752000
2007-05-02,15.179705619812012,15.19331323688621,14.620293185749487,14.665651476765554,9129600
2007-05-03,15.293103218078613,15.42010464785275,14.998277497118071,15.255305281644153,9175050
2007-05-04,15.451852798461914,15.680152193311468,15.179706922099136,15.26135003616102,4792050
2007-05-07,15.686199188232422,15.723997114724757,15.317289505080453,15.383814478599971,3933900
2007-05-08,15.504773139953613,15.631774573329274,15.285543285645035,15.45336758159063,3772350
2007-05-09,15.875187873840332,15.949273206855864,15.392884439977683,15.436730914525393,3789900
2007-05-10,15.420100212097168,15.946248841237775,15.271932136265148,15.782961335642414,5068800
2007-05-11,15.421614646911621,15.648403536527397,15.315779918270524,15.557688240219878,5695200
2007-05-14,15.27042293548584,15.495698714187434,15.157027841708281,15.33089936719163,3821850
2007-05-15,15.57280445098877,15.678639166555001,15.181217560626267,15.346016887084383,3966750
2007-05-16,16.417972564697266,16.55555667523511,15.648403702536237,15.728535007752148,8802000
2007-05-17,16.58579444885254,16.69918823855492,16.298529143451397,16.298529143451397,6619950
2007-05-18,16.74454689025879,16.74757051708433,16.313648922964852,16.570675370850875,4725900
2007-05-21,16.85793685913086,16.99401041697122,16.78234101486116,16.78234101486116,3568500
2007-05-22,16.251659393310547,16.827703127867313,16.191182963676827,16.827703127867313,5272200
2007-05-23,15.798079490661621,16.37563361531736,15.60304132807021,16.330276627380922,7811550
2007-05-24,15.497209548950195,15.844952577955711,15.285540104806646,15.802617910510673,6627600
2007-05-25,15.905428886413574,15.949275366899505,15.603044153863848,15.603044153863848,4186350
2007-05-28,16.160940170288086,16.21839295912388,15.923568652020398,15.923568652020398,2019150
2007-05-29,15.965907096862793,16.312138348564346,15.727023689479207,16.218398123688825,4425750
2007-05-30,16.440649032592773,16.46484064067074,15.436732335090129,15.451851765715404,5719500
2007-05-31,16.17757225036621,16.676506916899637,16.17757225036621,16.434599946949483,5729400
2007-06-01,16.555551528930664,16.555551528930664,16.256191789843204,16.32876400509999,4248000
2007-06-04,16.668947219848633,16.67650628518518,16.242584790220445,16.268288207751947,3289950
2007-06-05,16.525312423706055,16.63265892352991,16.328762476173736,16.63265892352991,3326400
2007-06-06,16.16245460510254,16.389243468835154,15.95229828296317,16.16245460510254,4329000
2007-06-08,16.17757225036621,16.17757225036621,15.696781936715057,15.799591717654696,5054400
2007-06-11,16.328763961791992,16.35900151960641,15.964389775770846,16.250143197009947,3983400
2007-06-12,16.026382446289062,16.312135923630798,15.952298403673625,16.256194938343505,3989250
2007-06-13,16.3000431060791,16.525320199501213,16.043016629785843,16.103493066062477,8473500
2007-06-14,16.58579444885254,16.631152743349826,16.404363866251174,16.425530551272352,2724300
2007-06-15,16.776296615600586,16.904809832253083,16.59788966607533,16.903298018926076,5142600
2007-06-18,16.5706729888916,16.879104941557916,16.479957708695625,16.782342408580117,2460600
2007-06-19,16.6765079498291,16.76722323139095,16.466351637865507,16.555553808515388,3459150
2007-06-20,16.253173828125,16.79746697339072,16.253173828125,16.67651279692121,5153850
2007-06-21,16.419485092163086,16.585796261440766,16.262244804159845,16.328769790948527,3293100
2007-06-22,16.132219314575195,16.41948464352113,16.00068115813768,16.41948464352113,4913550
2007-06-25,16.17757225036621,16.402849275946007,15.905426422537161,16.17303681099248,4259700
2007-06-26,16.17757225036621,16.343884671006464,16.120119458551244,16.328765242067018,2723400
2007-06-27,16.3907527923584,16.3907527923584,16.01126046228701,16.027891703660146,3482550
2007-06-28,16.47844696044922,16.73093794812017,16.32876706287596,16.513221261579503,3512700
2007-06-29,16.631145477294922,16.782337130843306,16.4255233750526,16.61602605240142,4307850
2007-07-02,17.235919952392578,17.257087933919962,16.57067408761487,16.631151810217997,5559750
2007-07-03,17.220802307128906,17.536793355673243,17.101359969529554,17.30093360484541,3541950
2007-07-04,17.167884826660156,17.251039750469833,16.97889388604082,17.213241821884736,2817000
2007-07-05,16.97888946533203,17.1300811403074,16.80653111158333,17.1300811403074,4762350
2007-07-06,17.130081176757812,17.222309552105763,16.933531220255496,16.986448566148177,3545550
2007-07-10,16.6765079498291,17.11345441223794,16.661388519953167,17.11345441223794,4660650
2007-07-11,17.001569747924805,17.157298175800385,16.67650657433195,16.70674543158968,4078800
2007-07-12,17.235919952392578,17.50806710871903,17.01971507878217,17.01971507878217,5002200
2007-07-13,17.340238571166992,17.48538429093255,17.16031985649904,17.16031985649904,5132700
2007-07-16,17.09984588623047,17.308491671574057,16.995522993558676,17.281276439705902,3723750
2007-07-17,17.019710540771484,17.14520139240487,16.918412588500072,17.130080668091953,3235050
2007-07-18,17.042388916015625,17.069604143284344,16.836768089391754,16.93353060232767,3357900
2007-07-19,17.674379348754883,17.674379348754883,17.14520702925826,17.14520702925826,4563900
2007-07-20,17.887561798095703,18.12795701304921,17.464222876201852,17.592736106721347,5515650
2007-07-23,18.037240982055664,18.29426743264793,17.991883983807114,18.037240982055664,3940200
2007-07-24,17.160322189331055,18.090154742904893,17.08472634217402,17.990368588011833,5084100
2007-07-25,17.98885726928711,17.991880895625506,17.099846241113642,17.524695588613394,7448400
2007-07-26,16.97888946533203,17.53830047951181,16.631147834272575,17.275226861239183,10097100
2007-07-27,16.631145477294922,17.30999870092927,16.631145477294922,16.860957880750856,6314850
2007-07-30,17.387113571166992,17.506555909573915,16.706748251870483,16.93504893754934,4123350
2007-07-31,17.494457244873047,17.825568970294533,17.264644783418134,17.539815531000865,6128550
2007-08-01,17.600292205810547,17.600292205810547,16.93504641671898,17.169394320909404,5319450
2007-08-02,17.7197322845459,17.89360376144275,17.402229484695752,17.68949472598954,3371850
2007-08-03,17.08472442626953,17.644135449269626,16.933531451216773,17.598778465139265,3596400
2007-08-06,16.661386489868164,17.234406453647775,16.411920469239256,17.167881489376818,10234350
2007-08-07,17.3115177154541,17.3115177154541,16.48298300861741,17.3115177154541,5981850
2007-08-08,17.7197322845459,17.836150972722713,17.432468340945707,17.538301742433358,5595750
2007-08-09,17.010643005371094,17.50806588017797,16.9486547715158,17.176954135472016,4903200
2007-08-10,16.381683349609375,16.782342395351296,16.328765994728958,16.706746544863197,7821450
2007-08-13,16.374122619628906,17.054487854188416,16.254681593791787,16.873057297998376,5433300
2007-08-14,15.875187873840332,16.67499542853402,15.875187873840332,16.55555310551045,6478650
2007-08-15,15.120741844177246,15.935669002579568,15.120741844177246,15.565247448969968,12216600
2007-08-16,14.28918170928955,14.515969255210138,13.54682824360967,14.515969255210138,17139600
2007-08-17,14.952913284301758,15.19482022040793,13.927830160713059,15.119224383980594,10548900
2007-08-20,15.209941864013672,15.421611275014879,14.87731961617778,15.293098074819483,5536350
2007-08-21,15.347527503967285,15.572803237033433,15.119226846888754,15.300657402946626,3806550
2007-08-22,16.17757225036621,16.17757225036621,15.497207031946752,15.619672978893242,3955500
2007-08-23,16.15489387512207,16.442159134012275,15.87669949504633,16.10197652229,3988350
2007-08-24,16.63417625427246,16.78234434608277,15.950787298668391,16.027894971313533,5661450
2007-08-27,16.631145477294922,16.850373894017405,16.33178449794487,16.767217705949804,3201300
2007-08-28,16.033945083618164,16.464844413241643,15.920551274487524,16.41948611097292,5760000
2007-08-29,16.495079040527344,16.653831123600742,16.147337309290766,16.147337309290766,4065300
2007-08-30,16.95621109008789,16.99249719614669,16.328763298782174,16.555550812802917,5702850
2007-08-31,17.669841766357422,17.669841766357422,17.19660919503826,17.23591893379089,8258850
2007-09-03,17.644136428833008,17.72124408475158,17.387110043975365,17.66983984593493,2178450
2007-09-04,17.79835319519043,17.901164269116826,17.41886086672832,17.58366016900546,2182050
2007-09-05,17.371992111206055,17.65925737701894,17.3357059996864,17.337217812858576,5382000
2007-09-06,17.235919952392578,17.644139389188435,17.235919952392578,17.42642270228233,3656250
2007-09-10,16.811071395874023,17.06356371356718,16.619058106119855,16.857941507044508,3681900
2007-09-11,17.25103759765625,17.28127645582826,16.904807732592097,17.160322320833902,5803650
2007-09-12,17.009132385253906,17.49294767759682,17.009132385253906,17.08624005410762,5814000
2007-09-13,17.114967346191406,17.31151735206167,17.025763872006486,17.176955585278765,4698450
2007-09-14,16.963775634765625,17.41735340471727,16.836774222533467,17.160325655692954,4119300
2007-09-17,16.774782180786133,16.93353293686376,16.705233587837178,16.77629399387688,4346550
2007-09-18,17.61239242553711,17.665309795117672,16.84433530865885,17.007624155937343,6204600
2007-09-19,18.18842887878418,18.29275046443625,17.765090093390974,17.765090093390974,6228900
2007-09-20,17.916284561157227,18.294265122164948,17.81347477252109,18.294265122164948,8014950
2007-09-21,18.037240982055664,18.29426743264793,18.022121550074836,18.188434004170002,5135400
2007-09-24,18.596649169921875,18.6223525894382,18.09015541784027,18.24890748140922,3841200
2007-09-25,18.76296043395996,18.8793778280774,18.286704272776973,18.286704272776973,5802750
2007-09-26,19.156063079833984,19.24677836647568,19.032085305141365,19.17118121286275,5839650
2007-09-27,19.715471267700195,19.760828255358195,19.2029290019256,19.231656045750995,5691600
2007-09-28,19.352615356445312,19.744203597139162,19.322376491449145,19.579402950834634,5229000
2007-10-01,20.524354934692383,20.61053479062536,19.526486675108863,19.57184367442477,4585950
2007-10-02,20.373159408569336,20.80254549702603,20.214407345171704,20.560637220126676,4542750
2007-10-03,19.44483757019043,20.40944440323851,19.428206328400385,20.40944440323851,4555800
2007-10-04,19.55219078063965,20.108578420316285,19.08500663285311,19.50532066542163,3841200
2007-10-05,20.864532470703125,21.166917149721275,19.974009675344764,20.107059608913445,3678750
2007-10-08,20.713342666625977,21.009678822576454,20.413981586524084,20.711830853397146,3623850
2007-10-09,20.577268600463867,21.0096783181777,20.516792179681374,20.93861790735375,3635550
2007-10-10,20.58483123779297,20.743583329795158,20.410961011242527,20.577272170518842,7122150
2007-10-11,20.43363380432129,21.088296862111008,19.883293631944277,21.008164282913903,4725900
2007-10-15,20.41095542907715,20.94012762666789,20.15392904433538,20.94012762666789,4386150
2007-10-16,19.854572296142578,20.18417096894031,19.842476491501618,20.004252201163716,4390650
2007-10-17,20.33536148071289,20.33536148071289,19.503804483523933,20.258253812724995,7789950
2007-10-18,20.078330993652344,20.33535736674315,19.806185193139687,19.83642404798338,7814700
2007-10-19,19.50379753112793,20.176603512674145,19.50379753112793,20.10856674861097,5528700
2007-10-22,19.594520568847656,19.76839207993386,19.09105039106173,19.33598231992283,4225950
2007-10-23,19.95737648010254,20.153927735033694,19.747220206376586,19.899923695182448,4243050
2007-10-24,19.57940101623535,20.032978755584885,19.27701628923361,19.730594028583145,3436650
2007-10-25,19.348073959350586,19.86515167826556,19.18629957434963,19.65499408276609,4666500
2007-10-26,20.486555099487305,20.560639143129748,19.503805065844382,19.503805065844382,3788100
2007-10-29,20.486555099487305,20.852439877728067,20.262791155236155,20.593901631641423,5395950
2007-10-30,20.380718231201172,20.634721010527915,20.276395336697117,20.46689807003903,5408100
2007-10-31,20.56215476989746,20.667989508355806,20.380724160452893,20.667989508355806,3719250
2007-11-01,20.486555099487305,20.637746813419827,20.259766230894677,20.33536208786094,5193450
2007-11-05,20.56215476989746,20.56215476989746,20.03298237529982,20.108578246286044,5425200
2007-11-06,20.7889404296875,20.81917929243103,20.36711335542137,20.804059861059265,5435100
2007-11-07,20.486555099487305,20.787428011722373,20.33536208786094,20.637746813419827,5960700
2007-11-08,19.836427688598633,20.77381938385904,19.806188828205144,20.65286523997886,4529700
2007-11-09,19.836427688598633,20.261278356582675,19.57939997064153,20.261278356582675,5380650
2007-11-12,18.824951171875,19.783510874315407,18.808319927971848,19.68977196175735,4835250
2007-11-13,18.959510803222656,19.497755205343992,18.820413614480508,19.080463639117543,4605750
2007-11-14,19.05022621154785,19.730591433388845,18.86879565874941,19.112214443048288,6134850
2007-11-16,19.42820930480957,19.53253091313733,19.05022872041805,19.05022872041805,4300200
2007-11-19,19.352615356445312,19.64743974822902,19.050230599565573,19.576379323873812,3862800
2007-11-21,18.899038314819336,19.110707782721015,18.5512965444766,18.97463418258593,5645700
2007-11-22,18.96706771850586,19.103141265577822,18.75237470724606,18.93078161231247,1818450
2007-11-23,19.201419830322266,19.38285040130028,18.989751695977112,19.05173993368885,2028150
2007-11-26,18.267053604125977,19.473568970731634,18.143075818363318,18.965562022484118,5412600
2007-11-27,18.89752197265625,18.89752197265625,17.804401885994732,18.521053239886463,5177250
2007-11-28,19.95965003967285,20.025418461732723,19.163622570706156,19.401750690048885,3724800
2007-11-29,20.181903839111328,20.51981813330056,19.7079146629178,19.95738203569098,5403900
2007-11-30,20.615060806274414,20.68309757183735,19.93469574603178,20.45630878585868,5647800
2007-12-03,20.23859977722168,20.751142132956137,20.016347643762494,20.683105341833905,3002100
2007-12-04,19.878005981445312,20.16149239895744,19.846256603128356,20.13881390081851,3017100
2007-12-05,20.406423568725586,20.542495850166922,20.16149164535982,20.263546180864278,5662800
2007-12-06,20.53342056274414,20.59238516212193,20.059432804014982,20.567438301378967,5799600
2007-12-07,20.342920303344727,20.76247895219136,20.297562015339878,20.567440779388537,5818200
2007-12-10,20.45631980895996,20.737537899387604,20.297567702999,20.45178436819669,7338300
2007-12-11,20.093456268310547,20.67857088295245,20.093456268310547,20.54703403218389,8262900
2007-12-12,19.277013778686523,20.558368194968416,19.277013778686523,20.229526128653532,7097100
2007-12-13,18.485523223876953,19.38814055308931,18.485523223876953,19.163620080641156,5596200
2007-12-14,18.79395866394043,19.000336119435666,18.437901298179547,18.82344097219776,4873500
2007-12-17,17.90041160583496,18.676028970398153,17.90041160583496,18.551294633507542,3877200
2007-12-18,17.78021240234375,18.585310704093136,17.485388055950587,18.369862392823855,7687200
2007-12-19,17.349313735961914,17.868658548468375,17.303955447401677,17.764336950397894,6718800
2007-12-20,16.9864501953125,17.83237125541189,16.893467851118164,17.580636858313657,9213600
2007-12-21,17.57610321044922,17.796088273784914,17.13613438147169,17.399209369465606,6942000
2007-12-26,18.30182456970215,18.34264612046518,17.920820401295238,18.02967873512578,3773400
2007-12-27,18.710044860839844,18.766741101349577,18.46738131791565,18.664686570738294,3340200
2007-12-28,18.71016502380371,18.89382291453524,18.609153840713798,18.8593875526324,3341100
2008-01-02,18.71016502380371,18.71016502380371,18.71016502380371,18.71016502380371,0
2008-01-03,18.572423934936523,18.64129598344001,18.285458598734575,18.285458598734575,5104800
2008-01-04,18.021453857421875,18.77904391854796,17.941103336683106,18.710171855968255,4223400
2008-01-07,17.14907455444336,18.228065174334503,17.14907455444336,17.931917596197945,4983600
2008-01-08,17.14907455444336,17.14907455444336,17.14907455444336,17.14907455444336,0
2008-01-09,18.303829193115234,18.303829193115234,17.401608930517757,17.651842748321418,4721700
2008-01-10,17.906665802001953,18.3658106411013,17.745964779910885,18.3658106411013,6642600
2008-01-11,17.463590621948242,18.572425577801035,17.463590621948242,17.65183967845969,8294700
2008-01-14,18.457637786865234,18.49666558694547,17.605924030210186,17.67709098063586,6347400
2008-01-15,18.138532638549805,18.54717250481679,18.00767587504295,18.25102360965,5793600
2008-01-16,18.23954200744629,18.24872424525322,17.612808957065305,17.69086323292369,6481500
2008-01-17,17.355690002441406,18.480594400676008,17.355690002441406,18.273979575209452,5266200
2008-01-18,18.549468994140625,18.549468994140625,17.47047826957144,17.7230082651648,7598100
2008-01-21,17.034290313720703,17.66331842827844,16.784056535284876,17.217948253272247,8823300
2008-01-22,17.44751739501953,17.768919397675816,16.772574240341342,16.908022114578632,9714900
2008-01-23,16.322614669799805,17.28681946201527,16.09992762276981,17.28681946201527,6693300
2008-01-24,17.44751739501953,17.626584187538747,16.758799568541786,17.12152558659674,6160800
2008-01-28,17.79187774658203,17.892890263111447,16.91950193766931,16.986079085541032,4733100
2008-01-29,18.515031814575195,18.746899776686856,17.908959358899565,18.000788319816316,7211100
2008-01-30,18.939741134643555,18.939741134643555,18.205108138214168,18.36580914723388,5025600
2008-01-31,18.939741134643555,18.939741134643555,18.202813235221072,18.703280740725248,5701800
2008-02-01,20.1909122467041,20.213870473187022,19.14635694817323,19.14635694817323,9470700
2008-02-06,20.40900421142578,21.285971042323,19.43331977807453,19.513670276275516,7805400
2008-02-07,21.304338455200195,21.568346879785313,20.057759500380914,20.16795425254035,10569000
2008-02-08,21.10919952392578,21.78643884394385,20.80845955169105,21.306632092719177,6319800
2008-02-11,21.189552307128906,21.373210224999735,20.464102874726606,21.23546612978409,7024200
2008-02-12,21.465036392211914,21.579822247545977,21.143635734551566,21.442079483870078,7329300
2008-02-13,21.522432327270508,21.67165356141457,21.17807341003418,21.467334953057694,8086200
2008-02-14,21.21251106262207,21.648698983892697,21.05410625889027,21.568348473635595,6264300
2008-02-15,21.44208335876465,21.44208335876465,20.89340448031635,21.074767504416464,2971500
2008-02-18,21.361732482910156,22.15375645916948,21.361732482910156,21.809398836877428,3424800
2008-02-19,21.41912841796875,21.809401220733193,21.37321327513604,21.67165710586031,4584600
2008-02-20,22.50959587097168,22.521074326709165,21.17807398742259,21.350253450734968,5146200
2008-02-21,23.756174087524414,23.967381356432952,22.902165399774887,22.95726146321832,10447200
2008-02-22,24.038549423217773,24.334698331294852,23.359013760922668,23.8755521874873,8641800
2008-02-25,24.219907760620117,24.219907760620117,23.5679241631299,23.86407302990359,5794500
2008-02-26,24.07069206237793,24.219912002871585,23.52201183608822,23.81816075473403,5777700
2008-02-27,23.347537994384766,24.05462037795388,23.003179042415965,23.80438529540978,7533600
2008-02-28,23.113372802734375,23.29932694402852,22.773603671736968,23.29932694402852,5724600
2008-02-29,22.498119354248047,22.954971968874087,22.498119354248047,22.847070784891734,3852000
2008-03-03,23.64598274230957,23.69189920025718,22.452204753432245,22.606019764418157,5949000
2008-03-04,23.909988403320312,24.08675767194458,23.209792096840822,23.62072553982135,5319300
2008-03-05,23.760765075683594,24.21990854303737,23.746990403847978,23.946719204589378,5323200
2008-03-06,23.464614868164062,23.90998626566573,23.4324757205376,23.645976553752416,4365000
2008-03-07,23.026140213012695,23.393456146061144,22.79656578441932,23.393456146061144,4985400
2008-03-10,21.866792678833008,23.244228438129575,21.866792678833008,23.083527424394962,3745200
2008-03-11,23.049091339111328,23.049091339111328,22.612902136181372,22.72768932163665,4054200
2008-03-12,23.531192779541016,23.714853335298155,22.989403860883375,23.209793375091646,3609000
2008-03-13,23.78372573852539,23.78372573852539,22.58994780602119,22.957263688753184,5013300
2008-03-14,23.78372573852539,23.78372573852539,23.78372573852539,23.78372573852539,0
2008-03-17,23.14092445373535,23.347541961827343,22.8792134973868,23.278668583379762,5842200
2008-03-18,23.14092445373535,23.14092445373535,23.14092445373535,23.14092445373535,0
2008-03-19,23.41411018371582,24.357652882448964,23.22127003055139,23.921466321291323,7032900
2008-03-20,22.9802188873291,23.297031111376576,21.949439589385523,23.072049164781326,5258100
2008-03-24,22.61290168762207,23.393449804184442,22.337416126144234,23.175356520670725,5011800
2008-03-25,23.49675750732422,23.53119287645166,22.89986989403117,23.36819827046506,4381800
2008-03-26,23.290145874023438,23.625322626325485,23.005475387633382,23.625322626325485,2883300
2008-03-27,23.147422790527344,23.75223510394466,22.85312756035536,23.75223510394466,3622800
2008-03-28,23.12656593322754,23.196083608257485,22.948133521282973,23.168278129403095,2903400
2008-03-31,22.802143096923828,23.172909306378966,22.66774067748748,23.12656419317935,3379200
2008-04-01,23.69430160522461,23.71052345686185,22.867029602594492,23.10339341076443,3416400
2008-04-02,23.73833465576172,24.09982979551565,23.462576401934726,23.696622454130267,6736200
2008-04-03,24.29680061340332,24.33155945366551,23.26560577404791,23.636372040703638,5511000
2008-04-04,24.29680061340332,24.29680061340332,24.29680061340332,24.29680061340332,0
2008-04-07,24.29680061340332,24.29680061340332,24.29680061340332,24.29680061340332,0
2008-04-08,25.212121963500977,25.28163962186635,24.424241909050004,24.6791452935804,4689900
2008-04-09,24.77647590637207,25.42068254642604,24.702322662220954,25.14260655489476,2301300
2008-04-10,24.77647590637207,24.77647590637207,24.77647590637207,24.77647590637207,0
2008-04-11,24.331552505493164,24.630483219857812,24.241177425075563,24.33387029123468,2058900
2008-04-14,23.935298919677734,24.36631430257077,23.798578715498476,24.176295627562403,2725800
2008-04-15,23.935298919677734,23.935298919677734,23.935298919677734,23.935298919677734,0
2008-04-16,26.069522857666016,26.069522857666016,25.147240293335635,25.37433558146159,8674800
2008-04-17,25.24688720703125,25.951345720036212,25.212128369017563,25.72193261567304,7610700
2008-04-18,24.98040008544922,25.814622803996325,24.681469305595744,25.745105128093847,5327700
2008-04-22,25.721933364868164,25.791451042920357,24.991987137602383,25.29555084741229,6165300
2008-04-23,25.721933364868164,25.721933364868164,25.721933364868164,25.721933364868164,0
2008-04-24,25.953662872314453,25.955980658748114,25.362754624349293,25.765961950131157,3615600
2008-04-25,26.405534744262695,26.405534744262695,25.768278747863786,25.77523210689798,4572000
2008-04-28,26.74154281616211,26.741542816162106,26.405535390053732,26.405535390053732,3624900
2008-04-29,25.571306228637695,26.739221122934577,25.462394151049768,26.739221122934577,5606100
2008-04-30,28.21070671081543,28.210706710815426,25.94787092144594,26.069528189276657,8226000
2008-05-02,28.21070671081543,28.210706710815426,28.210706710815426,28.210706710815426,0
2008-05-05,28.016050338745117,28.613911898226334,27.75883175568785,28.15508834242692,7104800
2008-05-06,28.76338005065918,28.780760797262236,27.911776505701535,28.050811870807564,4473800
2008-05-07,28.693859100341797,29.49332296637394,28.645196197710682,28.853751873548227,5707800
2008-05-08,29.180490493774414,29.50722942531352,28.829422760875495,28.829422760875495,3378000
2008-05-09,29.858293533325195,29.875671623776054,28.829416700349448,28.98930945291369,5816800
2008-05-12,29.858293533325195,29.8582935333252,29.8582935333252,29.8582935333252,0
2008-05-13,30.3623046875,30.3623046875,29.587172335878677,30.077278001606167,3895400
2008-05-14,30.244129180908203,30.588246208210304,30.244129180908207,30.344931674144078,4855600
2008-05-15,30.244129180908203,30.244129180908207,30.244129180908207,30.244129180908207,0
2008-05-16,32.395729064941406,32.44439196670981,31.56150637638061,31.624073343215592,3626800
2008-05-19,32.88235855102539,33.29947251953689,32.190647934453395,32.46524723444297,5386000
2008-05-20,32.88235855102539,32.88235855102539,32.88235855102539,32.88235855102539,0
2008-05-21,30.866323471069336,32.079424814249066,30.7307621320974,32.0759481345004,6511000
2008-05-23,30.831554412841797,31.453747338714404,30.59171660762145,30.723801234437424,3997000
2008-05-26,30.831554412841797,30.831554412841797,30.831554412841797,30.831554412841797,0
2008-05-27,30.414445877075195,30.657760383320106,29.945194956786164,30.553483874327668,5018400
2008-05-28,30.414445877075195,30.41444587707519,30.41444587707519,30.41444587707519,0
2008-05-29,31.109634399414062,31.109634399414062,30.14680107144311,30.762040718973683,6413200
2008-05-30,31.109634399414062,31.109634399414062,31.109634399414062,31.109634399414062,0
2008-06-02,30.414445877075195,30.974071893367714,29.566316480571402,30.897600862282392,4843800
2008-06-03,30.24065399169922,30.53610812674943,29.8930602676567,30.06685712967796,2761000
2008-06-04,29.893051147460938,30.536098810363573,29.434227677786367,30.327543169953103,3603000
2008-06-05,28.728614807128906,29.719256148354937,28.679951909800543,29.719256148354937,5335200
2008-06-06,29.87566566467285,30.136360836797145,29.197859277921054,29.197859277921054,4599000
2008-06-09,29.92781639099121,30.685570746645645,29.507228341338113,30.379689251969598,2780400
2008-06-10,29.92781639099121,29.92781639099121,29.92781639099121,29.92781639099121,0
2008-06-11,28.98931312561035,29.71925931524813,28.5409169650786,29.44118331351503,3186400
2008-06-12,28.98931312561035,28.98931312561035,28.98931312561035,28.98931312561035,0
2008-06-13,28.964984893798828,29.538515053665176,28.655626699748602,29.23263088737401,1853600
2008-06-16,28.745994567871094,29.392518986425376,28.68342760311006,29.058829391676255,1909200
2008-06-17,30.205894470214844,30.310170993924157,29.110973733724652,29.110973733724652,4524600
2008-06-18,29.37166404724121,30.379686183982066,29.37166404724121,30.066851361968816,3912400
2008-06-19,29.64974021911621,29.82353704888376,29.36471352437459,29.545461060484012,3292600
2008-06-20,28.07514190673828,29.781828242080092,28.07514190673828,29.545464420637813,3448400
2008-06-23,27.22701644897461,28.832897721914605,27.112309886070435,28.502684752022766,3175800
2008-06-24,26.768192291259766,27.352149828863357,26.583968049670283,27.112309320868984,4406600
2008-06-25,28.18984603881836,28.328884036869827,26.938509360213637,27.042788521734547,5161400
2008-06-26,27.494659423828125,27.77273542724677,27.268723002541645,27.633697425537445,3485400
2008-06-27,27.703218460083008,27.8422564786539,27.35910141936551,27.53289827959672,3151800
2008-06-30,27.45989990234375,28.085569568485305,27.407760321510413,27.737975898835384,3674600
2008-07-01,26.20856475830078,27.094927076707904,26.03824459272857,26.74385935917142,4088000
2008-07-02,24.991985321044922,26.677814084604787,24.547065849219475,26.59091566739109,4471200
2008-07-03,23.70588493347168,25.304817781899313,23.577276985282918,24.957224145620085,6035600
2008-07-04,23.288772583007812,23.636366203649718,22.941178962365903,23.49732822500718,2691400
2008-07-07,23.288772583007812,23.288772583007812,23.288772583007812,23.288772583007812,0
2008-07-08,24.21337127685547,24.460162412870222,23.149733065102602,24.150804323222946,5023800
2008-07-10,24.21337127685547,24.21337127685547,24.21337127685547,24.21337127685547,0
2008-07-11,25.683698654174805,26.26070547748812,25.026746763779943,25.20054361630619,2699200
2008-07-14,25.683698654174805,25.683698654174805,25.683698654174805,25.683698654174805,0
2008-07-15,25.683698654174805,25.683698654174805,25.683698654174805,25.683698654174805,0
2008-07-16,26.104290008544922,26.27808688297189,25.32915743368135,25.374343666337616,5003000
2008-07-17,24.953746795654297,26.417115646805055,24.613103874412563,26.417115646805055,5547200
2008-07-18,24.672199249267578,25.478616437515733,24.43583545347437,25.113642032329583,3745800
2008-07-21,25.4438533782959,25.4438533782959,24.887704084876948,24.96069843101984,3047600
2008-07-22,24.5574951171875,25.35348499810517,24.157761836981063,25.096263754048838,3879200
2008-07-23,24.23771095275879,24.922468344788616,23.81016951577254,24.68263048436522,5050800
2008-07-24,22.610971450805664,24.237710087633936,22.610971450805664,24.123003529130717,6592800
2008-07-25,22.610971450805664,22.610971450805664,22.610971450805664,22.610971450805664,0
2008-07-28,21.881023406982422,22.37808117188851,21.748937431361547,22.141718678727333,3309200
2008-07-29,22.69786834716797,22.781290087763058,22.197332599738786,22.332893922679304,5244600
2008-07-30,24.60962677001953,24.67914442594089,23.327005598420385,23.327005598420385,7846000
2008-07-31,23.98396110534668,24.85642188229869,23.57032382607197,24.49840085822317,4932600
2008-08-01,22.68048858642578,23.966584196455162,22.666584520401802,23.72326967085915,4625800
2008-08-04,21.16845703125,22.451075991290793,21.14064889856247,22.451075991290793,4659400
2008-08-05,21.377012252807617,21.86364395642815,20.855621710056212,21.55428445391862,3539400
2008-08-06,21.27273178100586,22.138239232491433,21.203212785369114,22.106955750753126,3880800
2008-08-07,21.255355834960938,21.724606811707922,20.859097892904977,21.237975088739756,3451600
2008-08-08,20.886905670166016,21.30749373264215,20.62968574647402,20.959900029577955,3827600
2008-08-11,20.03877830505371,21.1997413722708,19.84760070003092,21.137174397166035,4510800
2008-08-12,20.03877830505371,20.03877830505371,20.03877830505371,20.03877830505371,0
2008-08-13,19.5729923248291,19.79197529597252,19.121119671059656,19.29144108569086,10587400
2008-08-14,19.46524429321289,20.22647390518952,19.225405153375895,19.95187593092903,4990600
2008-08-15,18.73529624938965,19.39572331774621,18.460696977206187,19.343585071435232,5240600
2008-08-18,18.31818389892578,19.187167942271742,18.113103611657557,18.804814167620865,3689800
2008-08-19,18.31818389892578,18.31818389892578,18.31818389892578,18.31818389892578,0
2008-08-20,19.50347900390625,19.562569285186978,18.70401391139055,18.898665497693635,5058800
2008-08-21,20.163936614990234,20.213593885246933,19.419095150429253,19.756047756977228,4047000
2008-08-22,19.862457275390625,20.504440756558324,19.511316810370772,20.05753471016942,2439800
2008-08-25,19.50777244567871,19.897927353383224,19.316241264213883,19.862459217418326,2158800
2008-08-26,19.206289291381836,19.787975382382665,18.975742347816126,19.468756745602864,4077400
2008-08-27,19.685117721557617,19.812805188127044,19.216931246151585,19.578711950424026,3526200
2008-08-28,20.0362548828125,20.305816214522523,19.791520162065474,20.181676394594728,3526800
2008-08-29,20.288084030151367,20.625036740818306,20.036256741777542,20.23488047209033,4817000
2008-09-01,20.181676864624023,20.341284821670566,19.86245824448575,20.217144998851566,1755400
2008-09-02,18.904804229736328,19.901474522564772,18.869336094584515,19.543240133627368,5227200
2008-09-03,18.152870178222656,19.153086826474507,17.893948981634896,18.997025124606232,5784400
2008-09-04,17.11363410949707,18.19542832664317,16.954024816109705,18.071288516798806,6788000
2008-09-05,17.024965286254883,17.18102698095739,16.411357324758836,16.56387274702335,6148600
2008-09-08,16.776681900024414,17.805273948523553,16.581604470970436,17.720148538797233,4738000
2008-09-09,15.322467803955078,16.776682931420527,15.251530183659128,16.446824147113535,8390800
2008-09-10,15.322467803955078,15.322467803955078,15.322467803955078,15.322467803955078,0
2008-09-11,15.822575569152832,16.16307451227236,15.038718204360217,15.074186336885052,10697600
2008-09-12,16.31559181213379,16.421997575086646,15.606218255084494,15.85804554311155,9738600
2008-09-15,15.14867115020752,15.808388738345908,15.006797258439413,15.428874014506746,4722400
2008-09-16,14.935864448547363,15.00325446737434,14.120084910703946,14.542161802769193,12197600
2008-09-17,13.474550247192383,14.737234213072366,13.474550247192383,14.737234213072366,10297400
2008-09-18,14.116534233093262,14.364815261300539,12.825474510042731,13.655441668149894,12942600
2008-09-19,16.67028045654297,16.705748597156266,15.27636115267957,15.960906820094332,13954600
2008-09-22,16.634811401367188,17.358371442466957,16.351060879969737,16.836982768398077,10729000
2008-09-23,15.659419059753418,16.833431224314683,15.499809766876108,16.31558894344381,8216000
2008-09-24,15.379217147827148,16.09213689456367,15.326013596016164,15.999918938183495,5817800
2008-09-25,16.351058959960938,16.351058959960938,15.609763583552718,15.662967138323049,5103600
2008-09-26,16.19854164123535,16.20918316275154,15.365028401338298,15.765824768546207,7089600
2008-09-29,13.807957649230957,15.652329335534041,13.229817768925226,15.464344405801567,5278600
2008-09-30,14.368362426757812,14.464128030146563,13.797317785327074,14.187472744594283,7204200
2008-10-01,14.01722240447998,14.506690564048059,13.729925611316006,14.439299206564854,6618800
2008-10-02,12.733254432678223,13.953376324048444,12.247332627546212,13.921454463514388,6911000
2008-10-03,12.165757179260254,13.371692861272296,12.073539204999468,13.009912156668683,6116200
2008-10-06,10.817944526672363,10.817944526672363,9.583634952877025,10.67606997965759,9621400
2008-10-07,10.243353843688965,11.119430617693075,9.931229776935968,10.640603332431393,6892200
2008-10-08,9.399197578430176,10.10857098057585,9.399197578430176,9.470135189249222,10624200
2008-10-09,9.470136642456055,10.058916602465247,9.25732445385376,9.93122915400161,8070200
2008-10-10,9.576542854309082,9.61201166684953,8.299670338432271,8.693372872259715,8677400
2008-10-13,10.817944526672363,10.817944526672363,9.824822021057743,10.385226989149503,7146200
2008-10-14,11.137164115905762,11.8642723789774,10.786024305090432,11.527319686759897,13403200
2008-10-15,9.519792556762695,10.704446372389695,9.470136627554439,10.480993337929943,6929600
2008-10-16,9.665215492248535,10.246901639335075,8.654357956839528,9.594277860232978,9111000
2008-10-17,9.753886222839355,10.459712817419826,9.363730638623515,9.551714871189589,8562800
2008-10-20,10.640604019165039,10.640604019165039,9.878027533093821,9.878027533093821,4485400
2008-10-21,10.505824089050293,10.888885834261817,10.15468353580425,10.392323736403807,5558000
2008-10-22,9.150918006896973,10.175963188706797,9.150918006896973,9.842557449638232,7913000
2008-10-23,8.980668067932129,9.487870209820404,8.640169125314447,8.920371295613005,6586800
2008-10-24,8.477010726928711,8.618885250408601,7.75345031892573,8.388339065189895,8316200
2008-10-27,8.069124221801758,8.349327101921638,7.944983713856385,8.157795916546831,4661000
2008-10-28,9.388559341430664,9.388559341430664,8.164890288774481,8.512483190003563,9153800
2008-10-29,9.931228637695312,10.175962675690243,9.484323267817672,9.612010709643073,10794800
2008-10-30,10.640604019165039,10.729275719324747,10.204339416742004,10.339120103319752,7127200
2008-10-31,9.931228637695312,10.456164846182219,9.757432217716996,10.427789934277826,7453400
2008-11-03,9.814183235168457,10.108573235673223,9.66876170940775,10.069557473367697,5170600
2008-11-04,10.179510116577148,10.445525182238454,9.853198275638828,10.037634873682082,10018600
2008-11-05,10.179510116577148,10.179510116577148,10.179510116577148,10.179510116577148,0
2008-11-06,8.689825057983398,9.062245861292467,8.44154407143651,8.867168426513672,6345000
2008-11-07,8.516027450561523,9.026776470134898,8.516027450561523,8.966479706181714,6353800
2008-11-10,8.594060897827148,9.179293975455675,8.459280213120213,9.118997193123562,5707800
2008-11-11,8.601150512695312,8.654353370255139,8.175526299194635,8.29966675117492,8926400
2008-11-12,7.803107738494873,8.45927829726146,7.732170124813159,8.33513781157407,9536600
2008-11-13,8.11168384552002,8.11168384552002,7.377481924209162,7.803106167591304,9779000
2008-11-14,7.732170104980469,8.26420017669503,7.6257643612420445,8.157794432956607,9586000
2008-11-17,7.675421237945557,7.8279366523520855,7.281719396013151,7.412953117820185,5498800
2008-11-18,7.5725626945495605,7.9520774311974245,7.41295337702881,7.430688121481853,6951600
2008-11-19,7.139842987060547,7.686060830835957,7.026343351084149,7.572561194859558,8272000
2008-11-21,6.792250633239746,7.019250596759131,6.614907271136822,6.934125187619838,5131400
2008-11-24,6.792250633239746,6.792250633239746,6.792250633239746,6.792250633239746,0
2008-11-25,7.962717533111572,8.246466652707763,7.5193591109229825,7.63995265587918,5991800
2008-11-26,8.33159065246582,8.388340471371043,7.785373476375247,7.8385763470349925,5934200
2008-11-27,8.264202117919922,8.459280262611662,8.157796349187247,8.246468048634936,1970800
2008-11-28,8.289029121398926,8.452184691364057,8.051388986854446,8.19326354258744,5998800
2008-12-01,8.015920639038086,8.274841802681003,7.877592347308776,7.948529967503872,6528200
2008-12-02,7.902421474456787,8.250014346487896,7.8740465599340705,8.101045876115803,6224200
2008-12-03,7.962717533111572,7.962717533111572,7.664780619279939,7.856311105879552,6697400
2008-12-04,8.015920639038086,8.182623167031892,7.874046075159177,8.118779444158562,3997000
2008-12-05,7.87404727935791,7.874047279357911,7.597391330100855,7.8705003301545835,5286600
2008-12-08,9.087074279785156,9.087074279785156,8.292575412794475,8.292575412794475,7745400
2008-12-09,9.292792320251465,9.59427549057683,8.938105600799291,9.079980153277914,6464200
2008-12-10,9.682947158813477,10.207884017120932,9.569447516966857,9.572994465338468,9083200
2008-12-11,9.718416213989258,10.097930904789134,9.523338784151774,9.789353830209023,6192200
2008-12-12,9.750338554382324,9.924134978527496,9.062246078564348,9.062246078564348,5300400
2008-12-15,9.50560474395752,9.991525894978833,9.50560474395752,9.860291498232224,4025400
2008-12-16,10.10147762298584,10.108571519748358,9.629744312458032,9.665213119759395,4901600
2008-12-17,10.108573913574219,10.31074528360388,9.789355925289943,10.062464926721173,5855200
2008-12-18,10.144042015075684,10.530650658320821,10.05537032032242,10.144042015075684,5651800
2008-12-19,10.12630558013916,10.12630558013916,9.870931385415762,10.002165769412583,3833600
2008-12-22,9.569448471069336,10.179510121586718,9.310527302727621,10.051822673522839,5028400
2008-12-23,8.920371055603027,9.633291458602255,8.888449196027596,9.477229109179172,3197400
2008-12-26,9.009045600891113,9.069342390752865,8.746577420466853,9.048061369775617,1922800
2008-12-29,9.55526065826416,9.55526065826416,9.193480032715943,9.20412087811839,3331000
2008-12-30,9.692909240722656,9.703873623831177,9.404168402030376,9.612500046593125,4283800
2009-01-02,10.493341445922852,10.632229675971773,9.80621244066135,9.91586045627885,3467600
2009-01-05,11.184126853942871,11.286464822164001,10.219221330017817,10.38003903352618,6191800
2009-01-06,11.392459869384766,11.469213354678523,11.147578606536497,11.436319501784919,6520600
2009-01-07,10.983105659484863,11.286465962009773,10.745534455817799,11.074479252981826,4549000
2009-01-08,11.436318397521973,11.509416848297077,10.60299103938478,10.78573821201025,5455000
2009-01-09,11.224331855773926,11.622720777956493,11.184127948804946,11.399769684559738,7224600
2009-01-12,10.763810157775879,11.037930952655143,10.70533111063832,10.96483179517058,7908600
2009-01-13,10.719949722290039,10.93559145390742,10.489688578544031,10.562787033437523,6234400
2009-01-14,10.24846076965332,10.665124059267233,10.098607461452191,10.606645025536336,6001200
2009-01-15,10.617610931396484,10.69436510987926,9.90855237143751,10.339835829899773,6271800
2009-01-16,10.942901611328125,11.001380654642322,10.496998034650893,10.78208389365149,4664200
2009-01-19,10.873457908630371,11.111029118469522,10.635886698791222,11.111029118469522,2809800
2009-01-20,10.343489646911621,10.96848533708639,10.25942611517836,10.610301047603263,4217200
2009-01-21,10.745532989501953,10.800356998693907,10.259425566316452,10.504306791357275,5963400
2009-01-22,10.78939437866211,10.975796598082363,10.526237976127533,10.891732359980923,7758000
2009-01-23,10.343489646911621,10.672435113911572,10.266736169361725,10.526236818744866,7859400
2009-01-26,10.043784141540527,10.475067567652731,9.945100503947032,10.420243556920274,10417600
2009-01-27,10.083989143371582,10.259426263558783,9.999925610422524,10.007234967586465,5611600
2009-01-28,10.62857437133789,10.672433994713455,10.343488562209393,10.387348185584957,7328000
2009-01-29,10.672435760498047,10.855182943402978,10.38003984957505,10.595681581172883,6204200
2009-01-30,10.548168182373047,10.855183521781528,10.464103943942588,10.581062732818614,4934000
2009-02-02,10.274046897888184,10.67243581440316,10.193637690843763,10.34714535314426,3123200
2009-02-03,10.274046897888184,10.274046897888184,10.274046897888184,10.274046897888184,0
2009-02-04,10.891733169555664,11.059860961130154,10.4604503501369,10.4604503501369,10316800
2009-02-05,11.290121078491211,11.407079167550169,10.64685089154174,10.814978667407892,7412200
2009-02-06,11.69947338104248,11.969939810068347,11.483832358643706,11.545966425237465,6100000
2009-02-09,11.69947338104248,11.69947338104248,11.69947338104248,11.69947338104248,0
2009-02-10,10.782084465026855,11.242607478374554,10.683400812782658,11.242607478374554,8872400
2009-02-11,10.478721618652344,10.946554574053435,10.270389978998164,10.763807423883094,7159600
2009-02-12,10.306941986083984,10.453139601371479,10.142469233182293,10.299631931038306,5738600
2009-02-13,10.635884284973145,10.76380742958516,10.391003075730161,10.58106027931801,6627400
2009-02-16,10.504307746887207,10.635885938617058,10.34349003445352,10.581061924438007,3975600
2009-02-17,10.032820701599121,10.266736874532155,9.996271125297039,10.157088842751092,5527200
2009-02-18,10.16074275970459,10.2521163481808,9.776973966954566,10.197292334520105,6503200
2009-02-19,10.146121978759766,10.526235693016584,10.124192515680061,10.45313725037588,5504800
2009-02-20,9.868348121643066,10.0510953090809,9.703875374098937,9.758700088030444,4402200
2009-02-25,9.579605102539062,9.948754422803402,9.320104488651529,9.429752497903296,4084000
2009-02-26,9.572297096252441,9.795248172785621,9.455339017325173,9.795248172785621,5628800
2009-02-27,9.47726821899414,9.641740251484759,9.265281532558923,9.35665511631764,5631400
2009-03-02,8.954611778259277,9.301831697490826,8.852273106971255,9.276246506824947,7544800
2009-03-03,8.991161346435547,9.151979059154359,8.68049100270324,9.067914826997265,7208600
2009-03-04,9.722149848937988,9.798903327814072,9.195837789769312,9.210457898388652,7313200
2009-03-05,9.722149848937988,9.722149848937988,9.722149848937988,9.722149848937988,0
2009-03-06,9.050527572631836,9.34848776369924,8.901547832293852,9.311242651016883,4764800
2009-03-09,8.66690444946289,8.994659863813434,8.66690444946289,8.897822859248377,6017600
2009-03-10,9.206960678100586,9.218134430120553,8.774918878813144,8.856858306176056,8606000
2009-03-11,9.162264823913574,9.326142927701571,8.91644802342737,9.296346263020494,7102000
2009-03-12,9.132468223571777,9.180886379470142,8.901549061370291,9.087773940103524,7480200
2009-03-13,9.125019073486328,9.30379478688107,8.916447407859128,9.273998834648614,4556800
2009-03-16,8.789814949035645,9.206958304766879,8.789814949035645,9.162264728991463,7906400
2009-03-17,8.678080558776855,8.856857013035379,8.517927732224242,8.78981593148739,7945800
2009-03-18,8.678080558776855,8.678080558776855,8.678080558776855,8.678080558776855,0
2009-03-19,8.678080558776855,8.678080558776855,8.678080558776855,8.678080558776855,0
2009-03-20,9.594305038452148,9.787979066697138,9.277722628896198,9.333589945784547,9586800
2009-03-23,10.182778358459473,10.216298899824329,9.802879363252206,9.86992044598192,6060400
2009-03-24,10.056145668029785,10.335483047697279,9.907165874285461,10.018900541995782,8007400
2009-03-25,10.354104042053223,10.465839407060237,10.149256938461109,10.149256938461109,7757600
2009-03-26,11.072931289672852,11.080380455430978,10.402522000055495,10.544052597502164,10876800
2009-03-27,11.15487003326416,11.2628800888102,10.726552262564523,10.856909814064782,7487800
2009-03-30,10.484460830688477,10.9351254195254,10.443491839260798,10.789869526889728,7842200
2009-03-31,10.484460830688477,10.484460830688477,10.484460830688477,10.484460830688477,0
2009-04-01,11.169768333435059,11.169768333435059,10.622267436276296,10.745175829940164,6769400
2009-04-02,11.86252498626709,11.966811174704208,11.475176895264822,11.531044217130889,11048000
2009-04-03,11.847626686096191,11.966811206220305,11.65767722293808,11.843902103243106,7468800
2009-04-06,11.694923400878906,11.765689060717277,11.37089247760353,11.732168522393396,5034800
2009-04-07,11.504974365234375,11.776863265525948,11.378341373425048,11.504974365234375,6791000
2009-04-08,11.620430946350098,11.65767534810809,11.490073409022846,11.545940722051261,4127600
2009-04-09,11.806657791137695,11.951912971626994,11.739616720022159,11.892321066277972,4418200
2009-04-13,11.732168197631836,11.94446446087871,11.65767795666484,11.795484689336305,5037400
2009-04-14,11.471452713012695,12.045025703859112,11.471452713012695,11.747066169907443,9110400
2009-04-15,11.657678604125977,11.657678604125977,11.363443627787026,11.471453701757245,6467400
2009-04-16,12.402576446533203,12.477066681024287,11.743340925970672,11.892320684561314,8789200
2009-04-17,12.927729606628418,12.991046798650611,12.3690550194367,12.477065780615007,10999400
2009-04-20,12.298293113708496,12.775028424270275,12.179109286068051,12.667017636476341,6744000
2009-04-22,12.480790138244629,12.786200231577437,12.197728961533711,12.469617100716684,8902800
2009-04-23,12.644669532775879,12.77502637939687,12.283392813879031,12.681913940158141,6234400
2009-04-24,12.573904991149902,12.79365043641766,12.573904991149902,12.644671364523946,4218800
2009-04-27,11.873699188232422,12.495690376194633,11.825281027307096,12.331812977376902,9316400
2009-04-28,11.676301956176758,11.87369990540081,11.508699253635909,11.657679039010189,10308400
2009-04-29,11.86252498626709,11.944463677644551,11.743341176848404,11.881147190091932,7831800
2009-04-30,11.86252498626709,11.86252498626709,11.86252498626709,11.86252498626709,0
2009-05-04,12.734055519104004,12.78247438091785,12.290840860173544,12.365331088937245,8339400
2009-05-05,12.704262733459473,12.931457335711256,12.588802785539475,12.734057978249115,10438200
2009-05-06,12.890487670898438,13.110233107438178,12.562731452497099,12.793649928269687,16039000
2009-05-07,12.64094352722168,13.110230990177964,12.439821749594833,13.035740758828064,8924200
2009-05-08,13.035740852355957,13.035740852355957,12.588800881832867,12.93145538018767,7114600
2009-05-11,13.370946884155273,13.408191291652189,12.719159807477737,12.849516654500015,6014000
2009-05-12,12.942625999450684,13.51247353844509,12.81226918359665,13.40818808576186,7537800
2009-05-13,12.443546295166016,12.707985281023877,12.290841951987792,12.644669504459205,6479600
2009-05-14,11.95563793182373,12.14186283057976,11.840179403896256,11.95563793182373,13220400
2009-05-15,11.899770736694336,12.067373421590935,11.851351867550173,11.985434015467453,6224800
2009-05-18,12.588801383972168,12.588801383972168,12.030126753729768,12.059923415985228,6928800
2009-05-19,13.110231399536133,13.467782816240373,12.484515709912193,12.663291418264315,12940200
2009-05-20,13.303908348083496,13.62049013445711,13.128856473782394,13.266662512709143,8338200
2009-05-21,12.916559219360352,13.054365247985917,12.681915446783561,12.994773336624869,6633200
2009-05-22,12.905385971069336,13.173548857461551,12.87931459906986,13.128855279860051,3236200
2009-05-25,13.16982364654541,13.180996684614753,12.890486328547246,12.916557697897762,1995400
2009-05-26,13.318803787231445,13.423090693953087,12.812273269256677,12.942630126679745,5648600
2009-05-27,13.344877243041992,13.780642834480687,13.192171458491766,13.318804449477783,9453600
2009-05-28,13.836509704589844,13.836509704589842,13.300181119481413,13.516202670879672,7358000
2009-05-29,14.71176528930664,14.71176528930664,13.892375545998773,14.086049588655765,12940200
2009-06-01,15.181051254272461,15.285338150881794,14.916612271551216,14.916612271551216,8581200
2009-06-02,15.337486267089844,15.680139476836738,14.82723032614782,14.897995292304188,10378000
2009-06-03,14.65589714050293,15.121459329474217,14.402631196039904,15.121459329474217,10622800
2009-06-04,14.786253929138184,14.857018863312422,14.246201559711494,14.834672789774718,5948800
2009-06-05,15.028348922729492,15.289064067945123,14.79370657074034,15.207126077744903,6208600
2009-06-08,15.438041687011719,15.493908294383386,14.62982502916487,14.894265418876147,5993200
2009-06-09,15.233193397521973,15.605643099947617,14.97247832166745,15.493907052593634,7673200
2009-06-10,15.2778902053833,15.587022785175717,15.091665314660613,15.587022785175717,7874600
2009-06-12,15.531158447265625,15.568402862556855,14.879371234185513,14.897993441831128,4706200
2009-06-15,14.991101264953613,15.344928783935192,14.715487846366498,15.344928783935192,7709000
2009-06-16,14.465950012207031,15.158706854285146,14.465950012207031,15.158706854285146,7469200
2009-06-17,14.443603515625,14.454777976319491,14.052531490117158,14.357940227811534,8294800
2009-06-18,14.469675064086914,14.711768017498315,14.302073780261058,14.637277768696089,4205000
2009-06-19,14.57768440246582,14.786256794190052,14.521817787013688,14.618654106267293,3268600
2009-06-22,13.914724349975586,14.35421521483544,13.724774161870412,14.33559300953457,5993200
2009-06-23,14.208958625793457,14.324417139764096,13.672630072907205,13.892375483707422,5795200
2009-06-24,14.451051712036133,14.786257094694095,14.335593185285333,14.339317058077883,5173800
2009-06-25,15.270440101623535,15.270440101623535,14.059978386250938,14.059978386250938,7723800
2009-06-26,15.400798797607422,15.598198159482182,15.046972621111294,15.084217033126704,6805200
2009-06-29,15.978093147277832,16.033959751377903,15.404520252173258,15.5981942721092,5659600
2009-06-30,15.497637748718262,16.179220202993083,15.497637748718262,16.123353580620297,6918400
2009-07-01,15.903607368469238,16.048862568846065,15.56840196699711,15.601922507144323,5314600
2009-07-02,15.382173538208008,15.683858330467487,15.24064224323385,15.568398402885546,7791000
2009-07-03,15.16988468170166,15.47156962063967,15.121465795525118,15.382181016989412,2844200
2009-07-06,15.266718864440918,15.266718864440918,14.75273771106587,14.991105370375076,5593000
2009-07-07,14.808602333068848,15.333756455590665,14.808602333068848,15.166155194551273,4637600
2009-07-08,14.58141040802002,15.218299232444515,14.488297956936323,14.86819550706854,6072600
2009-07-09,14.58141040802002,14.58141040802002,14.58141040802002,14.58141040802002,0
2009-07-10,14.000387191772461,14.659623468380985,14.000387191772461,14.488296911734652,7562000
2009-07-13,13.225693702697754,14.153094465165129,13.12885736571239,14.059982001578517,18940600
2009-07-14,13.16982364654541,13.478956206322849,13.043190672221586,13.329977155860336,9004600
2009-07-15,13.795538902282715,13.873753007781612,13.486404931811327,13.564619037310225,10324400
2009-07-16,14.153092384338379,14.488297772280738,13.687530134853564,13.773193418264782,7589200
2009-07-17,14.339316368103027,14.52554125600047,14.007836294970883,14.194061182868325,6875200
2009-07-20,14.722941398620605,14.823503023715752,14.529267315561436,14.603757566089325,5401200
2009-07-21,15.259270668029785,15.259270668029787,14.637278685474717,14.860749445878067,7286200
2009-07-22,15.4603910446167,15.665239577494074,14.827227501922813,14.968757407277556,8636000
2009-07-23,16.015338897705078,16.16431936274112,15.21457138450662,15.359827977269116,11264600
2009-07-24,15.598196983337402,16.164320812140538,15.538605076136184,15.884983480737992,6622800
2009-07-27,15.583298683166504,15.750901366506948,15.385900756556172,15.661512795130998,4956000
2009-07-28,16.015338897705078,16.015338897705078,15.363551849542661,15.382174052476415,5962800
2009-07-29,15.791871070861816,15.881258221464098,15.549778148146283,15.810493275505364,5239800
2009-07-30,16.361719131469727,16.376617463823777,15.840288865343346,16.02278988472253,6596600
2009-07-31,16.492076873779297,16.566567118768962,16.130801529871775,16.309577265377026,3830600
2009-08-03,16.965087890625,17.110343083456982,16.741618581773213,16.76024078738033,3939400
2009-08-04,16.793392181396484,17.174888908982325,16.643784558479815,16.830793373743635,6049800
2009-08-05,16.83078956604004,17.100082655661065,16.49791417846055,16.827050018356953,6259600
2009-08-06,16.92429542541504,17.16366644734864,16.598900531646787,16.94673699375775,7129000
2009-08-07,17.328237533569336,17.354418653605002,16.928037355672668,17.19359095809218,5395600
2009-08-10,17.563865661621094,17.631188941876516,17.085123603594887,17.09260412659703,5614800
2009-08-11,17.548906326293945,17.765837234211038,17.39181960822765,17.548906326293945,8885800
2009-08-12,18.143596649169922,18.379228182130728,17.541429395458824,17.548908493349728,9004800
2009-08-13,18.738283157348633,18.738283157348633,18.274502083626185,18.364265518066112,7156000
2009-08-14,18.18099594116211,18.74950286990469,18.177254966137923,18.693399658653306,7331000
2009-08-17,17.5339412689209,17.687288390955842,17.41051480576997,17.57508342330454,4115800
2009-08-18,17.242210388183594,17.747134992495727,17.204809199759236,17.593787837133647,5028600
2009-08-19,17.09260368347168,17.33571425430128,16.931776010004725,17.05520106943062,5561400
2009-08-20,17.522722244262695,17.691030432854205,17.167406701058564,17.230989001879927,5708000
2009-08-21,18.065048217773438,18.102450830566962,17.911701072229462,17.911701072229462,4100600
2009-08-24,17.713478088378906,18.32686687383308,17.698517038303375,18.177259226606285,5868600
2009-08-25,17.44792366027832,17.990248102572956,17.373119846138483,17.79949973194225,5412600
2009-08-26,17.230987548828125,17.55638240148935,17.111302052981152,17.485319584193853,6498000
2009-08-27,17.204811096191406,17.328237599771693,16.961699064343957,17.305796028185085,5550200
2009-08-28,17.025287628173828,17.447928072183846,16.965444847082853,17.298320406074183,4570600
2009-08-31,16.568981170654297,16.830793804070428,16.53157997735088,16.830793804070428,5670000
2009-09-01,16.32586669921875,17.00657852903857,16.273503043509454,16.51287547503219,6477400
2009-09-02,16.08275604248047,16.32586804173513,16.08275604248047,16.269764833672102,6592200
2009-09-03,16.183744430541992,16.348311688436947,16.01169664818397,16.269768321721003,4389200
2009-09-04,16.45677375793457,16.557758677206287,16.194961162796474,16.25106437131316,5033600
2009-09-08,17.141225814819336,17.20106856858875,16.696143996068262,16.718585563768215,5727000
2009-09-09,16.92429542541504,17.294573455868715,16.75224768174574,17.23847024839385,4787600
2009-09-10,16.905597686767578,17.10382658026391,16.759731034816383,16.793392679633126,4640600
2009-09-11,16.75598907470703,17.12252617074666,16.75598907470703,16.987879599392514,4191800
2009-09-14,16.808351516723633,16.808351516723633,16.475476059491427,16.625083679866446,4512400
2009-09-15,16.920557022094727,16.976658806601083,16.69240605551598,16.83453171767657,5098800
2009-09-16,17.57508659362793,17.646149419714423,16.980398588361922,16.980398588361922,11998000
2009-09-17,17.48906135559082,17.915442593872235,17.429218600057894,17.541425015100486,6936000
2009-09-18,17.578824996948242,17.683549455259282,17.429217404992123,17.46662001636302,3684600
2009-09-21,17.601268768310547,17.784536593308964,17.230990716562285,17.46288122905094,5994000
2009-09-22,17.810718536376953,18.02764943925821,17.7546167498402,17.893002868747633,4956600
2009-09-23,17.541427612304688,17.87804262698057,17.504024992831337,17.829419935047238,6261800
2009-09-24,17.432958602905273,17.765834001171335,17.429217628338378,17.65362901914827,5870800
2009-09-25,17.541427612304688,17.649891641867292,17.22351176721941,17.384339464044707,2332600
2009-09-28,17.638669967651367,17.848120337389943,17.5077643782922,17.61622839800526,2331000
2009-09-29,17.548906326293945,17.80323842610377,17.53020573034758,17.653632231768825,4066200
2009-09-30,17.47036361694336,17.762098346258878,17.432962423659763,17.72843670159801,4800400
2009-10-01,17.14496612548828,17.616227654043037,17.03650068359198,17.616227654043037,4851600
2009-10-02,17.317014694213867,17.698512819619015,16.8756738095352,16.939257543818023,5558800
2009-10-05,17.578824996948242,17.66858983747466,17.32823392120004,17.35815458353302,3926800
2009-10-06,17.504024505615234,17.780798174957987,17.354418312178186,17.705994364857457,4540600
2009-10-07,17.76583480834961,17.83689763394803,17.507763195294874,17.578826020893295,5944200
2009-10-08,18.28946304321289,18.29320259181145,17.78827935192638,17.952846598780138,9301600
2009-10-09,18.58493423461914,18.592414757913026,18.2370977486552,18.308162006565123,4384800
2009-10-13,18.798124313354492,18.805604836711463,18.454028799517538,18.641037603149954,5561400
2009-10-14,19.748126983642578,19.748126983642578,18.925288062081687,18.925288062081687,8174800
2009-10-15,19.897735595703125,19.93513678309975,19.448914213124407,19.594780841440627,5610400
2009-10-16,19.59852409362793,19.628444761669304,19.318010875265493,19.59852409362793,5675400
2009-10-19,20.271757125854492,20.421363331349536,19.61722623155785,19.61722623155785,7180400
2009-10-20,20.271757125854492,20.271757125854492,20.271757125854492,20.271757125854492,0
2009-10-21,19.527456283569336,20.24931028179712,19.2619041608623,19.41151175417644,5166200
2009-10-22,19.527456283569336,19.527456283569336,19.527456283569336,19.527456283569336,0
2009-10-23,19.078641891479492,19.879040952953197,18.98139791907921,19.635928881806077,4124800
2009-10-26,19.11229705810547,19.336708453836668,18.77568210465435,19.00757259615585,3451400
2009-10-27,19.11229705810547,19.11229705810547,19.11229705810547,19.11229705810547,0
2009-10-28,17.09260368347168,18.154813667252466,16.886894299919295,18.065048820317767,11012000
2009-10-29,17.601268768310547,17.80323718795477,17.37311780404549,17.571346675466117,9482800
2009-10-30,17.204811096191406,18.102453984959183,16.83453301221459,17.73965642484457,8934600
2009-11-03,17.1711483001709,17.50402374250389,16.602641365661317,16.901855166254794,7940000
2009-11-04,17.354415893554688,17.8219378580711,17.130004494528524,17.444179311754105,5922800
2009-11-05,17.541427612304688,17.634932020841998,17.21229169475943,17.350677819900714,4570400
2009-11-06,17.878040313720703,17.95284411622441,17.474102063022862,17.762095775265625,7973400
2009-11-09,18.468990325927734,18.513872040471327,18.214658232240748,18.345563827477882,6609000
2009-11-10,18.644777297973633,18.700880510209846,18.2370980457805,18.442808872803973,4962200
2009-11-11,18.644777297973633,18.644777297973633,18.644777297973633,18.644777297973633,0
2009-11-12,17.95284652709961,18.73080389478734,17.69103389655993,18.513872981071472,8363400
2009-11-13,18.326862335205078,18.476469945381705,17.803237126350798,18.027648541615736,4071200
2009-11-16,18.326862335205078,18.326862335205078,18.326862335205078,18.326862335205078,0
2009-11-17,18.775686264038086,18.88415172466503,18.47647243020867,18.850490079186464,4611400
2009-11-18,18.689661026000977,19.03749752856667,18.47647109562381,18.962693718821487,3613000
2009-11-19,18.48395538330078,18.51013793681376,18.203442088053702,18.43907365555528,3737600
2009-11-23,18.439067840576172,18.831786044720854,18.28572067793819,18.70088045226061,3499400
2009-11-24,18.80560302734375,18.80560302734375,18.065048407422985,18.439065978701986,7487400
2009-11-25,19.26190948486328,19.29931068014765,18.68218239737071,18.985135788760864,6942200
2009-11-26,18.88789176940918,19.112301793983633,18.756986159534772,18.88789176940918,2678600
2009-11-27,18.86918830871582,18.981393303977683,18.55127249091597,18.663478912941756,3245200
2009-11-30,19.149700164794922,19.29930633904477,18.775682589024566,18.8504863895314,4699800
2009-12-01,19.284353256225586,19.52372435756428,19.228250030139943,19.34045505554692,5941000
2009-12-02,19.31800651550293,19.44891208382319,19.15717885913022,19.336707107153867,3645600
2009-12-03,19.224506378173828,19.53494026310866,19.08237928204882,19.433955333764363,3555400
2009-12-04,19.131004333496094,19.710731434894484,19.018797891423223,19.07490111245966,4421000
2009-12-07,19.43769645690918,19.56112153142664,19.1085605469226,19.131002118091235,4281400
2009-12-08,18.813085556030273,19.280607569981143,18.727061676674985,19.2619069747759,4757200
2009-12-09,18.513872146606445,18.962693574907277,18.345563932648133,18.929031932115613,6565600
2009-12-10,18.573715209960938,18.678439688450194,18.32686363440482,18.626077449205564,6768800
2009-12-11,18.89537239074707,18.921553512856285,18.700883035961375,18.700883035961375,4170200
2009-12-14,18.850486755371094,19.16840113024027,18.816825115827925,19.074896734483,4665400
2009-12-15,18.835527420043945,18.97017399044362,18.498910994044756,18.756984062898795,3735400
2009-12-16,18.468990325927734,18.9514719674903,18.424107184620162,18.932771371994136,4941600
2009-12-17,18.28946304321289,18.412888121662192,17.765837780042844,18.382967452581536,3727400
2009-12-18,17.896739959716797,18.435326167805037,17.78453497528634,18.252056932716393,5301800
2009-12-21,17.46662139892578,18.248318203905704,17.46662139892578,18.124891716757578,5258200
2009-12-22,17.97154426574707,18.136112912538437,17.496541772373146,17.7097316768403,4783600
2009-12-23,18.06879234313965,18.195958395284347,17.821940762713357,18.195958395284347,2398400
2009-12-24,18.06879234313965,18.06879234313965,18.06879234313965,18.06879234313965,0
2009-12-28,18.252059936523438,18.319383223614103,18.109932838580477,18.109932838580477,1291200
2009-12-29,18.611114501953125,18.693398827660257,18.289460575604245,18.289460575604245,3454800
2009-12-30,18.718862533569336,18.718862533569336,18.392921383480346,18.555891958524843,3701000
2010-01-04,19.329051971435547,19.473072763490453,18.722650919268798,18.760550442863913,3895000
2010-01-05,19.38590431213379,19.514764727139738,19.16229363449918,19.423803838875546,4049000
2010-01-06,19.366947174072266,19.495807549629436,19.166077141440784,19.31767809354587,3879600
2010-01-07,19.548871994018555,19.548871994018555,18.995529443154492,19.211559894398864,4672400
2010-01-08,19.272201538085938,19.55645230676434,19.21535225181476,19.54887355854752,3605200
2010-01-11,19.32526206970215,19.6322519614529,19.20398041680629,19.469281412050407,2811600
2010-01-12,18.79844856262207,19.09785969229607,18.6847485545535,19.00690026415083,4579600
2010-01-13,18.836353302001953,19.17745339452855,18.514201527879003,19.059963989160487,5845600
2010-01-14,18.94247055053711,18.980371519490248,18.68474974475232,18.78329081825634,3081200
2010-01-15,19.063749313354492,19.154710186167076,18.571048320535894,18.571048320535894,3317000
2010-01-18,18.98794937133789,19.294940699385705,18.953839223777024,19.131970155014233,1125800
2010-01-19,19.17745018005371,19.363161307727868,18.81740038369976,18.81740038369976,2690600
2010-01-20,18.45355987548828,19.116811686803587,18.35880961672895,18.953841126075606,5632200
2010-01-21,17.547744750976562,18.608947185631006,17.384774217015366,18.533148147692383,8859400
2010-01-22,17.623544692993164,18.036655798466327,17.39993406808982,17.50984469380606,6349400
2010-01-26,17.638704299926758,18.021494617642517,17.47194295909014,17.47952315147125,7080400
2010-01-27,18.002546310424805,18.154147278716923,17.71829557920757,17.73724533880059,5392000
2010-01-28,18.438398361206055,18.53314860675023,18.044236992756524,18.53314860675023,6728800
2010-01-29,18.79844856262207,19.04479978491567,18.646849033788662,18.680959180786637,6946000
2010-02-01,19.105436325073242,19.2494570795329,18.49524461236726,18.874245532480415,4063800
2010-02-02,19.173664093017578,19.29115494460739,18.768133065812364,19.2570447906474,4835600
2010-02-03,19.025848388671875,19.192608289782655,18.893197185852323,19.0713280988341,3769600
2010-02-04,18.28679847717285,18.919729461064055,18.13898831666049,18.866669551728755,3994800
2010-02-05,18.078351974487305,18.616532819156518,17.69935089093736,17.968441313271967,5813600
2010-02-08,17.813045501708984,18.298166278256797,17.434044533587517,18.19204646983045,4424600
2010-02-09,17.945695877075195,18.286797338380495,17.8357866913426,18.10108622149783,5793600
2010-02-10,17.813045501708984,18.116245987051368,17.642494776899532,18.032866757190934,5418000
2010-02-11,17.794097900390625,17.98359840743254,17.623547154898077,17.81304766193999,6848800
2010-02-12,17.490894317626953,17.752404451105647,17.403722827360173,17.752404451105647,7225400
2010-02-17,18.309537887573242,18.32848764744255,17.88884656791417,18.002546572904027,8170000
2010-02-18,18.68474769592285,18.68474769592285,18.040445752110205,18.26784720357148,4968000
2010-02-19,18.760549545288086,18.840139408494437,18.42323888579767,18.495248555492832,4330200
2010-02-22,18.646848678588867,18.900778643579145,18.476297946847776,18.87424869039431,4782400
2010-02-23,18.324697494506836,18.53314919797301,18.055607135562937,18.53314919797301,3651600
2010-02-24,17.926746368408203,18.449768134481527,17.850945881969835,18.381547841264396,3454800
2010-02-25,18.85529899597168,18.942469048992837,17.62733516893768,17.718296041440723,7434800
2010-02-26,19.450328826904297,19.450328826904297,18.946258310319877,18.950047683716104,7786600
2010-03-01,19.708051681518555,19.96956184681389,19.4882304110993,19.518551184580875,4766000
2010-03-02,19.708051681518555,19.88618261128767,19.708051681518555,19.802801929987393,4160200
2010-03-03,19.518550872802734,20.10600211477112,19.427589999585024,19.70805136671344,5937400
2010-03-04,19.89755630493164,19.89755630493164,19.257045012927847,19.61709487515951,5022000
2010-03-05,20.557016372680664,20.557016372680664,20.026414355743483,20.170435151044863,6056400
2010-03-08,20.72377586364746,20.8374758803521,20.522905785943465,20.598704833230453,6612600
2010-03-09,21.45145606994629,21.603057048596952,20.318243887030565,20.56080429625236,8804400
2010-03-10,21.603057861328125,21.8380380858802,21.349127875175327,21.595477667533007,9035200
2010-03-11,21.45145606994629,21.747077833737674,21.273326582671952,21.45145606994629,4076400
2010-03-12,21.072452545166016,21.71296508518566,21.04213322053179,21.67885494136347,4417600
2010-03-15,21.08382225036621,21.197522240802762,20.503949841324307,20.920851733956756,2569400
2010-03-16,21.08382225036621,21.08382225036621,21.08382225036621,21.08382225036621,0
2010-03-17,21.44766616821289,21.940367168040172,21.148255037922617,21.82287778596291,4136600
2010-03-18,21.261953353881836,21.595474604693695,20.871582826330613,21.470405039247954,3692400
2010-03-19,20.996654510498047,21.36428447167179,20.901904267121743,21.299855000147417,4641400
2010-03-22,20.769250869750977,20.99286147838037,20.587330595136635,20.761670677586984,3708000
2010-03-23,21.205108642578125,21.368079206711414,20.79199744792443,20.95875738634662,4481800
2010-03-24,21.413557052612305,21.504517931100295,20.947385984074877,21.03834541678875,4804600
2010-03-25,21.413557052612305,21.834248404792792,21.405976858923797,21.59547736381417,4337400
2010-03-26,21.58599090576172,21.757006971023547,21.361770164578143,21.536585942526372,4653600
2010-03-29,22.82109832763672,22.840099785084888,21.745600179112998,21.745600179112998,6551000
2010-03-30,22.916109085083008,23.486161557098594,22.460066817526855,22.99211637129543,6297400
2010-03-31,23.151731491088867,23.349349864943722,22.67288802923483,22.67288802923483,5034200
2010-04-01,23.904207229614258,23.942210157913905,23.410160463406083,23.48616776972417,4151200
2010-04-05,23.965011596679688,24.493258652620085,23.870002830921756,24.18923234185716,4910800
2010-04-06,23.16313362121582,23.98020800425159,23.16313362121582,23.6381773728826,8654400
2010-04-07,22.783100128173828,23.29614683405138,22.65008699907028,23.071926110432013,8418200
2010-04-08,22.783100128173828,22.783100128173828,22.783100128173828,22.783100128173828,0
2010-04-09,23.25814437866211,23.448161895726802,23.189737956541332,23.372154598957206,4402200
2010-04-12,23.011117935180664,23.25814125406606,22.75269403071294,23.25814125406606,4211800
2010-04-13,23.49756622314453,23.748389280924908,22.68809121633209,23.049124778973777,6748400
2010-04-14,23.372156143188477,23.858600555104204,23.125132774795752,23.6191795115812,6155600
2010-04-15,22.832509994506836,23.280950088401898,22.80210648998845,23.258148909731997,4565000
2010-04-16,22.836301803588867,22.916108800748415,22.46006653885067,22.61208110938938,4043000
2010-04-19,22.258655548095703,22.980722813346723,22.235852920343337,22.61208830480376,6875200
2010-04-20,22.1750431060791,22.570279879605476,22.15604164479234,22.418266739592802,5528600
2010-04-22,22.270051956176758,22.300455454138692,21.760804963063,21.96222451276436,5446800
2010-04-23,22.205446243286133,22.562678638718793,22.04963194371546,22.23204857859928,4552400
2010-04-26,22.137039184570312,22.47527010925514,22.049631306820633,22.270050857294063,3000600
2010-04-27,21.357967376708984,22.02302862941075,21.357967376708984,21.950821051297588,5001800
2010-04-28,21.50998306274414,21.623994736525944,21.015937791991384,21.51378422505348,4778000
2010-04-29,22.053430557250977,22.125638134976377,21.665794683791667,21.85201247142428,5035000
2010-04-30,21.323766708374023,21.985026877978182,21.274361746367706,21.928022490788116,7226600
2010-05-03,21.323766708374023,21.323766708374023,21.323766708374023,21.323766708374023,0
2010-05-04,20.3698787689209,20.85252347223391,20.202663863329416,20.605501551454587,7035200
2010-05-05,20.149457931518555,20.65490377927831,19.91383661337937,20.084851221067666,4993600
2010-05-06,19.55280303955078,20.65110406991581,18.8117344238202,20.141857059847894,8354600
2010-05-07,19.11956214904785,19.834026934291263,18.819334138912104,19.647810588564507,8092200
2010-05-10,20.217864990234375,20.282470252998163,19.8758328646653,20.141857690139172,4388200
2010-05-11,20.02784538269043,20.673905191754994,19.853029625448993,20.08484976454645,4919600
2010-05-12,20.149457931518555,20.293871652186468,19.99364362359639,20.255867278474582,3782000
2010-05-13,19.49579620361328,20.255866242348446,19.427389784149632,20.255866242348446,4312200
2010-05-14,19.058759689331055,19.37418804935243,18.92194682967117,19.313382495027902,3376400
2010-05-17,18.302486419677734,19.058756743819597,18.070664826606144,19.058756743819597,6464400
2010-05-18,17.5310115814209,18.629312288056806,17.489207507512706,18.500100354939747,7415000
2010-05-19,17.101577758789062,17.59182333580684,17.006568993462455,17.42460698101204,6245600
2010-05-20,16.39851188659668,16.801348084735352,16.19329262544005,16.801348084735352,7006400
2010-05-21,17.253589630126953,17.344797218550188,16.212293089218743,16.345304759718662,5852600
2010-05-24,17.18138313293457,17.629824578428163,17.074973789840694,17.25359071550705,5077400
2010-05-25,16.596128463745117,16.675936918943574,16.45551591365404,16.675936918943574,6998000
2010-05-26,16.721538543701172,16.90775631535937,16.39090852841731,16.892554568750878,11302200
2010-05-27,17.39800262451172,17.493011378817208,16.949561188212314,17.063572853153737,7124800
2010-05-28,17.215587615966797,17.443609517664367,16.97996628895945,17.272593453820857,6666800
2010-05-31,17.4436092376709,17.47021157498414,16.98756689131453,17.348600475918264,3131200
2010-06-01,17.13958168029785,17.709634305359447,16.987568516779366,17.063575823398004,4473000
2010-06-02,17.3866024017334,17.48161115802702,17.105375845228096,17.19658488914615,4400800
2010-06-04,16.683534622192383,17.063569566208447,16.520119480288017,17.063569566208447,6700600
2010-06-07,15.927267074584961,16.744342918968506,15.904464452281758,16.702538836271884,6789400
2010-06-08,16.235097885131836,16.318704610762016,15.775254370431822,16.07548240944027,5603800
2010-06-09,16.299701690673828,16.732941379255042,16.299701690673828,16.440314241417887,5611200
2010-06-10,17.253589630126953,17.348598380403605,16.493519627913756,16.56572575622536,8243800
2010-06-11,17.48541259765625,17.63362748987895,17.03317139492374,17.03317139492374,5320200
2010-06-14,17.671628952026367,17.994658148681346,17.59942281799205,17.721033912007,7125800
2010-06-15,17.956653594970703,18.089665263934954,17.751434348810037,17.75903522271063,4505400
2010-06-16,17.899648666381836,18.040262666041595,17.80084020013846,17.842644283836304,6415400
2010-06-17,17.759037017822266,18.199877600588383,17.49681336547885,17.975656871870875,7411600
2010-06-18,17.827442169189453,18.127670173473863,17.671627873881604,17.865445090106096,8910
2010-06-21,17.89204978942871,18.19987723386427,17.89204978942871,18.08966672796381,3283000
2010-06-22,18.051666259765625,18.507708644692933,17.94145573887876,17.975658953991278,5288400
2010-06-23,18.743328094482422,18.788931893452833,18.05166443627019,18.207478744994514,8793400
2010-06-24,19.104360580444336,19.286777215610982,18.538107764218218,18.621715932314054,9837600
2010-06-25,19.404590606689453,19.594608135917724,18.819336268733903,19.03595613607663,5698200
2010-06-28,19.590808868408203,19.780826416015884,19.457797164970362,19.457797164970362,4480400
2010-06-29,18.887739181518555,19.187967169779835,18.697721687639532,19.119560756005914,9166400
2010-06-30,18.283485412597656,19.628809758440635,18.279684250478667,19.36278494913608,17134000
2010-07-01,18.747127532958984,18.747127532958984,17.899648194228398,18.393694861569024,11239400
2010-07-02,18.937143325805664,19.11575877660308,18.640715062225674,18.747125840054704,5134800
2010-07-05,18.906742095947266,19.13476252626223,18.80033275509609,18.93714559317248,3941000
2010-07-06,19.41979217529297,19.533803860049492,19.077761470179773,19.294381351667102,7615200
2010-07-07,19.837827682495117,19.868229729243108,19.17276641933487,19.491995883640527,7310600
2010-07-08,20.111454010009766,20.22166452167436,19.86823181165939,19.951839985986826,6739600
2010-07-12,19.769424438476562,20.305273827103722,19.6174098311803,20.10005454216939,12180000
2010-07-13,19.153766632080078,20.024045773538386,19.081559046523715,19.97844197457343,20222800
2010-07-14,18.56471061706543,18.963748557941642,18.45070039812305,18.963748557941642,20769600
2010-07-15,18.355690002441406,18.54190778821129,18.173273378470874,18.54190778821129,12115200
2010-07-16,17.97185707092285,18.401295614712243,17.90345064895809,18.39369618979936,9763200
2010-07-19,18.511505126953125,18.56851095876484,17.97945697882407,17.97945697882407,7848400
2010-07-20,19.184167861938477,19.29817807933968,18.29868700874661,18.393695764867374,14958000
2010-07-21,19.68961524963379,19.879632762929823,19.518599197723642,19.518599197723642,16736800
2010-07-22,19.951841354370117,20.20646415769422,19.90243638890471,19.90243638890471,10843200
2010-07-23,20.236867904663086,20.461088658684723,19.697218789737082,19.951841596146703,7886400
2010-07-26,20.240663528442383,20.426881316928654,20.10385214575764,20.244464690297182,5800400
2010-07-27,20.445884704589844,20.521892001948192,20.221663974727964,20.373678569444653,12625200
2010-07-28,20.134252548217773,20.44208139599349,20.00884176189917,20.32807119487157,6882400
2010-07-29,19.72381591796875,20.696704532836616,19.53379842916257,20.31666955522426,18047200
2010-07-30,18.804128646850586,19.320976396920116,18.75472369875676,19.191764459402734,32324800
2010-08-02,18.9637508392334,19.180370716198325,18.902945285168133,19.10056224859117,14165600
2010-08-03,19.081562042236328,19.438795964415263,18.815537182025313,18.88774477891792,13324800
2010-08-04,19.704816818237305,19.78462528074878,19.127164816359077,19.19177007917649,13482000
2010-08-05,19.49959945678711,19.837830428341192,19.138565859726942,19.68581582440469,10230400
2010-08-06,19.191768646240234,19.415989367620693,18.944745301599223,19.24117360511215,4518400
2010-08-09,19.051156997680664,19.442592625721872,19.005551748995735,19.39318766450585,5367200
2010-08-10,18.811731338500977,18.96374590900248,18.663517929607124,18.811731338500977,9760400
2010-08-11,18.298683166503906,18.564706468009287,18.12766715145169,18.522903841857204,11420800
2010-08-12,18.62931251525879,18.62931251525879,18.055458956877384,18.055458956877384,10983200
2010-08-13,18.222679138183594,18.76232816003509,18.222679138183594,18.693921741811867,14028800
2010-08-16,18.165674209594727,18.355691725280273,18.09726778797044,18.31388763987448,10680000
2010-08-17,18.351892471313477,18.61031641507931,18.264484585880712,18.35569218384593,10236400
2010-08-18,18.19607925415039,18.500107015137797,17.960456470881276,18.43170058770079,16587200
2010-08-19,17.884449005126953,18.370893378839874,17.846444632356516,18.127671191983413,12503600
2010-08-20,17.557619094848633,17.823643912139403,17.519614721110738,17.823643912139403,11769600
2010-08-23,17.62982177734375,17.86164333772447,17.557615655962188,17.724830518501857,7492000
2010-08-24,17.62982177734375,17.766634596566362,17.18898127635886,17.413201963480727,13655600
2010-08-25,17.436006546020508,17.808440679318835,17.249788754512096,17.500611801415804,8072800
2010-08-26,16.68733787536621,17.340998581712284,16.660735539616645,17.32199712042239,19391200
2010-08-27,17.116775512695312,17.116775512695312,16.573325385936073,16.84695103009971,6016800
2010-08-30,16.721538543701172,17.08257205220203,16.68733533869123,17.08257205220203,7109200
2010-08-31,16.732940673828125,16.9685634188609,16.54292317283178,16.717740375534465,9056400
2010-09-01,17.234588623046875,17.386603220159774,16.892557954120818,16.896357666675254,11923200
2010-09-02,17.044570922851562,17.310595740151303,16.854553403311552,17.215586980381296,11465200
2010-09-03,16.91156005859375,17.39800446827927,16.744345155194026,17.363801255115842,12594400
2010-09-06,16.949560165405273,17.052169787829538,16.835549957062245,17.006565994436016,2571600
2010-09-08,17.162382125854492,17.31819643224519,16.839352925930893,16.839352925930893,15437200
2010-09-09,17.20038414001465,17.356198438166764,17.1015756739966,17.147179469872736,7193200
2010-09-10,16.95716667175293,17.24979388852084,16.926764615965048,17.21559066968514,6904800
2010-09-13,17.105375289916992,17.253590162686983,17.105375289916992,17.17758287017588,11064000
2010-09-14,16.797550201416016,17.078775338317634,16.7367446488655,17.02557066105077,18729600
2010-09-15,16.664541244506836,16.782352666418532,16.599935962945615,16.668342407962847,13329600
2010-09-16,16.85455322265625,16.949561981407903,16.580928983260137,16.683538616678156,19444000
2010-09-17,16.607528686523438,16.998964246606167,16.607528686523438,16.896354629457434,10446400
2010-09-20,16.949560165405273,16.97616249902803,16.653133333769702,16.66453391968847,10174400
2010-09-21,17.234588623046875,17.283993584566364,16.81655065556437,16.91155941633027,13914400
2010-09-22,17.249788284301758,17.428405196826795,17.101574867405862,17.17758215676025,14153200
2010-09-23,17.158580780029297,17.44360702920109,17.029368822416014,17.139577870309733,14962800
2010-09-24,16.85455322265625,17.405604313359575,16.839352923042128,17.28779438032743,17914800
2010-09-27,17.101577758789062,17.169984185801717,16.694940359168687,17.025570456584035,7274800
2010-09-28,17.557619094848633,17.671629316625072,17.268791653315127,17.36760157531503,5401000
2010-09-29,17.13958168029785,17.808444238879314,17.13958168029785,17.580422319023402,5769400
2010-09-30,17.253589630126953,17.443607130680252,17.109175923785273,17.375200714503585,4825500
2010-10-01,17.169984817504883,17.550019892793227,16.896359099387272,17.481613463263823,6511700
2010-10-04,17.02556610107422,17.21558358311683,16.94195939478394,17.21558358311683,4741800
2010-10-05,17.17758560180664,17.360002263010614,17.071174795481923,17.238391155541297,4366100
2010-10-06,16.797550201416016,17.23078994455329,16.653136470464016,17.162383516719117,4810700
2010-10-07,16.364309310913086,16.919160120248637,16.20469384058504,16.873556321462893,6644200
2010-10-08,16.390819549560547,16.606084127152155,16.160180082860226,16.43694714962662,5937100
2010-10-11,16.252437591552734,16.475390378552778,16.18324544844032,16.42926277193456,3390800
2010-10-13,16.09099006652832,16.429262599713017,16.006421566639606,16.37544534845737,7537500
2010-10-14,16.198623657226562,16.298568527085934,15.80653529023975,16.098680253737538,7441100
2010-10-15,16.59839630126953,16.59839630126953,16.237060738080693,16.452323853865533,5600800
2010-10-18,16.360069274902344,16.782908811044877,16.360069274902344,16.490765371479682,4035700
2010-10-19,15.975668907165527,16.275500520117504,15.760404320263834,16.152492603707973,4473100
2010-10-20,15.399069786071777,16.021797588125416,15.33756582372537,15.998733052356714,8880600
2010-10-21,15.368315696716309,15.683523658836378,15.045419556694531,15.506699966207071,4848300
2010-10-22,15.829595565795898,16.252435071363873,15.698899478668897,15.99104289710987,10596400
2010-10-25,15.475947380065918,16.09098841985886,15.452884312543814,16.029484462516567,4085700
2010-10-26,15.42213249206543,15.475948274554163,15.106924509171344,15.28374821345435,6069300
2010-10-27,15.414443969726562,15.821908618059961,15.306812407150597,15.36062818843858,5084700
2010-10-28,16.114049911499023,16.29087505463917,15.683522252206648,15.952602589153082,10727100
2010-10-29,16.32162857055664,16.5676444101341,16.1448048691566,16.275500967228385,6447800
2010-11-01,16.521514892578125,16.75984252625924,16.337003034273074,16.45232276241749,2920100
2010-11-03,16.498449325561523,16.690649349203404,16.33700200955985,16.68296263866316,4975700
2010-11-04,17.167308807373047,17.182685163660146,16.621461356511467,16.706028383350418,7001200
2010-11-05,17.12887191772461,17.29031928351969,16.875167866925004,17.082742842037216,5923200
2010-11-08,17.63627815246582,17.65165304303054,17.051989786273403,17.067366143208226,5458000
2010-11-09,17.267250061035156,17.759283136952565,17.19037122182075,17.682402831368293,4404700
2010-11-10,17.451765060424805,17.628588753826033,16.928980691786386,17.144243808493968,3118000
2010-11-11,17.336444854736328,17.4440778856498,17.151932972789066,17.30569360759683,2634400
2010-11-12,17.044300079345703,17.205747413573146,16.77521972259666,17.036611901567735,2919300
2010-11-16,16.444637298583984,16.936670468291947,16.29856630313691,16.836725612070115,4391700
2010-11-17,16.406200408935547,16.83672821593903,16.25243974467769,16.498455634393967,2878300
2010-11-18,16.621461868286133,16.89822895812533,16.55226972923381,16.759844680020688,4144000
2010-11-19,16.60608673095703,16.729094661333956,16.406198477501977,16.46001426374561,2594200
2010-11-22,15.906478881835938,16.644526478239328,15.852663094561134,16.613775228240968,5848200
2010-11-23,15.260683059692383,15.706587081869964,15.237618527618235,15.598955531597067,6282200
2010-11-24,15.545138359069824,15.606642311837236,15.337563434960998,15.468259517887986,5710700
2010-11-25,15.360626220703125,15.56820260739719,15.306810446309079,15.56820260739719,3152100
2010-11-26,14.876283645629883,15.160738888564602,14.853219112539247,15.137675821843924,5618300
2010-11-29,14.814780235290527,15.137676378585283,14.553388049462868,14.80709205731089,5237500
2010-11-30,14.376565933227539,14.807093682758357,14.376565933227539,14.699462111968195,7477900
2010-12-01,14.576451301574707,14.76096464268201,14.461131563160167,14.614892191959576,6982700
2010-12-02,14.53032398223877,14.74558857347292,14.499572735702497,14.691772792256899,6940300
2010-12-03,14.438070297241211,14.599517657896982,14.238182041402958,14.576453120787495,5796300
2010-12-06,14.953166007995605,14.983917256632628,14.468821011223588,14.545701332371387,6839600
2010-12-07,14.91472339630127,15.429819582379544,14.91472339630127,15.191491934006011,6921600
2010-12-08,14.53032398223877,14.945476808253906,14.53032398223877,14.830157067595277,5044300
2010-12-09,14.491884231567383,14.760964597966199,14.415003917400574,14.614892147686264,4558200
2010-12-10,14.737898826599121,14.73789882659912,14.530322435685212,14.645642164069637,4152700
2010-12-13,15.306811332702637,15.360627110213068,14.860907290854819,14.91472306836525,6026900
2010-12-14,15.04542064666748,15.32218920569964,14.93010090252745,15.276061601317648,4833400
2010-12-15,14.70715045928955,14.976230882546492,14.614895235891384,14.914726911490934,5204500
2010-12-16,14.676398277282715,14.883974716335342,14.507262734186266,14.737902244442356,3863400
2010-12-17,14.71483325958252,14.97622540760261,14.530321413868892,14.607201716175354,3351300
2010-12-20,14.53032398223877,14.899347738894406,14.399627885126973,14.807092532915528,5019000
2010-12-21,14.983914375305176,14.999290729851976,14.576449778034243,14.653330084398366,4258800
2010-12-22,14.684083938598633,14.983915543793564,14.661019404979793,14.876283986312306,3424200
2010-12-23,14.584136962890625,14.74558574190605,14.553385722259453,14.714833034905102,3163000
2010-12-27,14.376565933227539,14.561077825883604,14.353501396756716,14.453444788723269,2972500
2010-12-28,14.076732635498047,14.49188548817517,14.069044456777712,14.461132773293834,5301200
2010-12-29,14.468818664550781,14.46881866455078,14.18436342872044,14.245867382389426,3169800
2010-12-30,14.730210304260254,14.730210304260254,14.338122063838634,14.453441789522671,4607800
2011-01-03,14.745586395263672,15.014666727965459,14.684082444906391,14.87628247306912,4978300
2011-01-04,15.329878807067871,15.329878807067871,14.737902208133354,14.807094354313765,8482300
2011-01-05,15.683523178100586,15.76040348839112,15.091546695144425,15.145363938806764,8466600
2011-01-06,15.568204879760742,15.798844365505458,15.429820601765877,15.683524622633099,8275700
2011-01-07,15.837285041809082,15.868036288517104,15.55282831131703,15.568204667856074,8020900
2011-01-10,15.60664176940918,15.79884179842343,15.552825995904366,15.56820235015427,4974200
2011-01-11,15.906478881835938,15.914167060928083,15.468262938175144,15.760406411825597,6604100
2011-01-12,16.06792640686035,16.14480673219246,15.960294831217546,16.04486333571989,6593000
2011-01-13,15.598958969116211,16.06023798129136,15.54514171575024,16.044863089557012,6238300
2011-01-14,15.645085334777832,15.745028721781155,15.314500993630526,15.537452302962599,6335700
2011-01-17,15.522078514099121,15.652774624145591,15.452886369582156,15.522078514099121,2302600
2011-01-18,15.322192192077637,15.691216031798518,15.306815832163336,15.652776598383157,5650300
2011-01-19,14.96085262298584,15.406758189466304,14.953165910654242,15.360629117255817,5134000
2011-01-20,15.222244262695312,15.23762061952236,14.768652000888048,14.922412636418343,6396500
2011-01-21,15.183804512023926,15.552828269754427,15.1146123741532,15.337565144263333,4725700
2011-01-24,14.991605758666992,15.29143740460187,14.953166330449257,15.183805832496057,3470600
2011-01-26,14.53801155090332,15.053107739526533,14.46113123823105,14.991603782662716,6942100
2011-01-27,14.53032398223877,14.899347738894406,14.53032398223877,14.661020079350564,7457600
2011-01-28,14.376565933227539,14.822470040405571,14.045981575663275,14.6302699689259,8795800
2011-01-31,14.937789916992188,15.1838057759581,14.430381841282442,14.430381841282442,8596400
2011-02-01,15.483636856079102,15.668148743574278,15.068485475807485,15.14536579552301,7122700
2011-02-02,14.837846755981445,15.48363919286231,14.784030963969766,15.48363919286231,6277300
2011-02-03,14.945475578308105,15.053107131882555,14.645642517626516,14.983914999907569,5214
2011-02-04,14.568763732910156,15.191491456814875,14.522634667161698,15.030042659435164,5648500
2011-02-07,14.630270957946777,14.722526177326266,14.384253618070833,14.71483799798293,3254700
2011-02-08,14.837846755981445,14.953167986144022,14.530326897078737,14.530326897078737,2850
2011-02-09,14.438070297241211,14.830158629881218,14.330437257100481,14.76865319758925,4178600
2011-02-10,14.684083938598633,14.799403673952838,14.299683843171286,14.438068112144329,5726600
2011-02-11,14.64564323425293,14.96085119917579,14.64564323425293,14.822468394824543,6718600
2011-02-14,14.561076164245605,14.837843238461327,14.45344313936782,14.684084078645927,5461600
2011-02-15,14.453442573547363,14.730211103298211,14.430379506981426,14.53032288363037,4877100
2011-02-16,15.099237442016602,15.137678336887744,14.53032539525553,14.614893897601839,7435900
2011-02-17,15.60664176940918,15.668145720038945,15.014666794486374,15.260682597005438,9555300
2011-02-18,16.167869567871094,16.33700509270231,15.460573288732236,15.52207724924996,13812100
2011-02-21,15.698901176452637,16.075613123295323,15.698901176452637,16.067924944824643,4353600
2011-02-22,15.437508583068848,15.791157451915591,15.383692801506752,15.452884939620896,6720400
2011-02-23,14.637955665588379,15.222242493403192,14.637955665588379,15.06848334211453,16031500
2011-02-24,14.637955665588379,14.637955665588379,14.637955665588379,14.637955665588379,0
2011-02-25,14.299684524536133,14.67639646004046,14.299684524536133,14.53032400623427,7225600
2011-02-28,14.607200622558594,14.607200622558594,14.391936085490956,14.391936085490956,5294400
2011-03-01,14.069043159484863,14.814780296521887,14.030603735797808,14.707147270732099,6755900
2011-03-02,14.568763732910156,14.645642576417693,14.076730629516229,14.099795162390457,7747200
2011-03-03,15.414443969726562,15.491324285725137,14.645643742480948,14.699460990138993,14848500
2011-03-04,15.991043090820312,15.991043090820314,15.145364069440078,15.4144429582229,13217600
2011-03-09,15.991043090820312,15.991043090820314,15.991043090820314,15.991043090820314,0
2011-03-10,15.483636856079102,15.706589636617107,15.168428864978573,15.660462031335847,4960200
2011-03-11,16.20630645751953,16.313938004992014,15.276059016947702,15.368314210104154,12860200
2011-03-14,16.544578552246094,16.75984164239807,15.944913944601677,16.07561002063816,9580400
2011-03-15,16.32931900024414,16.529207264052935,15.837287253250356,16.029487337716088,12342300
2011-03-16,16.183242797851562,16.667587720309545,16.06792306700869,16.50613892403357,11216300
2011-03-17,16.06792640686035,16.506142354972052,15.883414505885439,16.40619895849948,5301000
2011-03-18,16.20630645751953,16.452322261096548,16.11404979799322,16.267810408413787,5206500
2011-03-21,16.529205322265625,16.529205322265625,16.529205322265625,16.529205322265625,20000
2011-03-22,15.856095314025879,16.204496444301157,15.67802428153584,15.925775540080934,6084400
2011-03-23,15.84835147857666,16.02642397178024,15.763187914050272,15.794156080228817,4144900
2011-03-24,15.84835147857666,15.84835147857666,15.84835147857666,15.84835147857666,0
2011-03-25,15.84835147857666,15.84835147857666,15.84835147857666,15.84835147857666,0
2011-03-28,15.84835147857666,15.84835147857666,15.84835147857666,15.84835147857666,0
2011-03-29,15.84835147857666,15.84835147857666,15.84835147857666,15.84835147857666,0
2011-03-30,15.84835147857666,15.84835147857666,15.84835147857666,15.84835147857666,0
2011-03-31,15.84835147857666,15.84835147857666,15.84835147857666,15.84835147857666,0
2011-04-01,15.84835147857666,15.84835147857666,15.84835147857666,15.84835147857666,0
2011-04-04,15.84835147857666,15.84835147857666,15.84835147857666,15.84835147857666,0
2011-04-05,15.40704345703125,15.484466082787943,15.043159035702688,15.40704345703125,2141100
2011-04-06,15.283169746398926,15.407045372323449,15.112841129931194,15.407045372323449,4466100
2011-04-07,15.306394577026367,15.306394577026367,15.035416134090541,15.213487133811848,4818300
2011-04-08,15.267683982849121,15.368333845654751,15.066385733951716,15.306396036510462,4677900
2011-04-11,14.733468055725098,15.236712841342465,14.7257256465047,15.221228022901668,6439800
2011-04-12,14.323134422302246,14.71024616344555,14.222486019359192,14.702503751416991,9503900
2011-04-13,13.796661376953125,14.493462173187462,13.788918965396586,14.400556187937022,12422800
2011-04-14,13.55665111541748,13.959247614196034,13.471486073868288,13.819887174102393,7330400
2011-04-15,13.649558067321777,13.719238292352646,13.394064401113248,13.595362664900872,6552900
2011-04-18,13.27793025970459,13.548908729640166,13.223734861060247,13.525681497343793,4719900
2011-04-19,13.355351448059082,13.510196693214812,13.200506202903352,13.432774070636947,4596000
2011-04-20,13.47148609161377,13.6031041211296,13.355352883620709,13.6031041211296,6259500
2011-04-25,13.510197639465332,13.680526239695444,13.432775011464807,13.618588432637784,2776800
2011-04-26,13.47148609161377,13.618588942652371,13.448260336043472,13.548908722513762,3007700
2011-04-27,12.929530143737793,13.386322024527644,12.929530143737793,13.200507126652278,8487300
2011-04-28,12.54241943359375,12.844366081337531,12.441769566536546,12.844366081337531,7138900
2011-04-29,12.503706932067871,12.73597482541651,12.341119997409368,12.54241898598291,7815800
2011-05-02,12.062400817871094,12.681778962843508,12.062400817871094,12.565645745250427,6837100
2011-05-03,11.636577606201172,12.170792170774186,11.636577606201172,12.015947636969319,9156100
2011-05-04,11.613349914550781,11.837874650031154,11.497216710748035,11.744967939317576,7490800
2011-05-05,11.706256866455078,12.116595031817038,11.497216947631784,11.535927524125674,8217100
2011-05-06,11.923039436340332,12.201760318200842,11.822391049398407,12.000462067603126,6296600
2011-05-09,11.706256866455078,12.077884455323149,11.652061468678097,12.000461825621533,4910
2011-05-10,11.706256866455078,11.706256866455078,11.706256866455078,11.706256866455078,0
2011-05-11,11.768196105957031,11.822392248681506,11.597866742914553,11.729484786398695,5805800
2011-05-12,11.78368091583252,11.892071724445202,11.613351552982154,11.62109396455649,3968500
2011-05-13,11.667546272277832,11.892071026252518,11.644319777275475,11.884329353489708,4826300
2011-05-16,11.667546272277832,11.667546272277832,11.667546272277832,11.667546272277832,0
2011-05-17,11.768196105957031,11.95400955380864,11.396569210253814,11.528187253737956,4976200
2011-05-18,11.706256866455078,12.077884455323149,11.706256866455078,11.806905989724411,5675300
2011-05-19,11.59786605834961,11.923039942075015,11.443021527612979,11.822391550863928,5635200
2011-05-20,11.419795036315918,11.65980461280369,11.381083719029895,11.636577379417897,5699700
2011-05-23,11.226239204406738,11.334630745292277,11.148816569723216,11.226239204406738,4409900
2011-05-24,11.195270538330078,11.396568802139273,11.156559220158003,11.3578574839672,5272500
2011-05-25,11.187527656555176,11.295919195207397,11.079136856259908,11.187527656555176,4714100
2011-05-26,11.535928726196289,11.559155960541258,11.172044248409073,11.22623965183334,5755000
2011-05-27,11.551414489746094,11.721743863694451,11.551414489746094,11.613352309662396,3537300
2011-05-30,11.458505630493164,11.68303037055472,11.396567822087006,11.65206146635164,2026700
2011-05-31,11.729483604431152,11.752710836839775,11.435279377491254,11.644319300670332,4402000
2011-06-01,11.450762748718262,11.814647911900293,11.450762748718262,11.652060986934439,3739000
2011-06-02,11.837875366210938,11.837875366210938,11.342372140737496,11.458506089923135,4044700
2011-06-03,11.667546272277832,11.907555848492066,11.652062188395249,11.752711317881413,5087100
2011-06-06,11.187527656555176,11.721742200479106,11.16430116197147,11.721742200479106,4009400
2011-06-07,11.040426254272461,11.396569060486314,11.040426254272461,11.30366233778144,4058800
2011-06-08,10.916549682617188,11.055909385478401,10.88558077771948,11.040425302208016,5430100
2011-06-09,11.079136848449707,11.102363343017041,10.885581004222372,10.908807498789706,4312300
2011-06-10,10.854610443115234,11.08687683007678,10.854610443115234,11.079135158639744,4115900
2011-06-13,10.676539421081543,10.908806561877267,10.661055338818834,10.908806561877267,2883400
2011-06-14,10.76170539855957,10.84687044854181,10.69976758313085,10.73073649084521,3788500
2011-06-15,10.529438018798828,10.75396276425001,10.4907267030265,10.645571227758877,6146200
2011-06-16,10.29716968536377,10.800414517802988,10.29716968536377,10.498467913682198,4382400
2011-06-17,10.235231399536133,10.43652887999819,10.181035270865317,10.390075899259568,5063300
2011-06-20,10.119097709655762,10.258458131872366,10.080387137579446,10.142324938929752,5741700
2011-06-21,10.304913520812988,10.304913520812988,10.033935042256264,10.173295487040518,5389000
2011-06-22,10.1887788772583,10.490726240954643,10.181036466773469,10.250716684423155,4986700
2011-06-24,10.01070785522461,10.250716673134892,9.995223034271996,10.227490180062876,3696100
2011-06-27,10.049420356750488,10.111358914073865,9.948771954697982,10.072647592630647,4190900
2011-06-28,10.204265594482422,10.312656407984687,10.080389957132954,10.080389957132954,3643300
2011-06-29,10.692026138305664,10.808159360125368,10.188780454253902,10.266203094371717,7669900
2011-06-30,10.606858253479004,10.854610192668803,10.444271343343155,10.761702753999616,6486500
2011-07-01,10.76944637298584,10.901064397797807,10.467499747652306,10.606859444592052,6692600
2011-07-04,11.009455680847168,11.009455680847168,10.684281831404142,10.761703719431551,2113600
2011-07-05,10.82364273071289,11.024940991046769,10.746220834062377,10.986229673543027,3780000
2011-07-06,10.684283256530762,10.769447566227647,10.575891712806282,10.74622107055704,3561700
2011-07-07,10.413302421569824,10.839125350883021,10.374591111931021,10.808156450843342,4062400
2011-07-08,10.405563354492188,10.444274676566014,10.297172538713939,10.39007926867689,3110100
2011-07-11,9.971997261047363,10.28168631888609,9.971997261047363,10.219748507318345,4293500
2011-07-12,9.5693998336792,10.033934114433977,9.561658161740231,9.933284995658545,6830600
2011-07-13,9.646824836730957,9.755216392508004,9.56166051756425,9.61585592627424,3854900
2011-07-14,9.484237670898438,9.600370898056415,9.298424212102855,9.600370898056415,5445200
2011-07-15,9.259712219238281,9.615855025299638,9.251969807760274,9.507463479678531,4380800
2011-07-18,9.0584135055542,9.213258035715723,8.950022703619613,9.205516362975368,4497300
2011-07-19,9.01970100402832,9.11260844828232,8.826145182153404,9.081638807959743,7310500
2011-07-20,8.965507507324219,9.13583687335662,8.919054513724396,9.01970291264302,4163500
2011-07-21,9.321649551391602,9.383587363292651,8.950022679985299,9.027444575683132,6248700
2011-07-22,9.004218101501465,9.445525196899826,9.004218101501465,9.368103301024075,5854300
2011-07-25,8.89582633972168,9.0661556877779,8.85711502356932,9.011960288178761,3221
2011-07-26,8.555167198181152,8.903567518630092,8.539682378520077,8.857113798003708,6577600
2011-07-27,8.53968334197998,8.632590055357783,8.253220791142525,8.43903421789813,9805100
2011-07-28,8.702271461486816,8.779694102369595,8.547426918078283,8.555169329837966,6576600
2011-07-29,8.516456604003906,8.686785942823917,8.516456604003906,8.686785942823917,3899
2011-08-01,8.377096176147461,8.787435071773997,8.377096176147461,8.74872375768662,6437000
2011-08-02,8.470003128051758,8.686786197769298,8.291932111880483,8.369354742259166,8008800
2011-08-03,8.299674034118652,8.454518547405835,8.020953171844843,8.423549644748398,8034300
2011-08-04,7.827399730682373,8.144832002589908,7.74223540701378,8.059666940564208,9476600
2011-08-05,8.284192085266113,8.284192085266113,7.633844165664716,7.780947058047341,9912700
2011-08-08,7.78094482421875,8.098376279950738,7.672553289284224,7.804171318005818,12095000
2011-08-09,8.129345893859863,8.191283708268331,7.719007688814513,7.8970787206496125,12771000
2011-08-10,8.415807723999023,8.415807723999023,7.881593937496559,7.93578933571012,13198500
2011-08-11,9.52294635772705,9.762955157671383,8.408064436728502,8.508713550315653,12762600
2011-08-12,10.413302421569824,10.428787240768074,9.352616672264805,9.484234682022644,18657900
2011-08-15,9.979740142822266,11.024941316097332,9.91005991693253,10.552665296026998,15391600
2011-08-16,9.739729881286621,10.026192437988353,9.422298419491648,9.755214703011713,10571500
2011-08-17,9.87134838104248,9.97199751196183,9.569400988284436,9.87134838104248,10320100
2011-08-18,9.445525169372559,9.600369699029756,9.135836110058163,9.561659120383176,9197300
2011-08-19,9.491979598999023,9.871348909287528,9.213258686658886,9.267454829812253,7431500
2011-08-22,9.832635879516602,10.033934117121378,9.685533775640426,9.755213991607993,7688300
2011-08-23,10.45201587677002,10.45201587677002,9.879090739249039,10.010708776025071,8732300
2011-08-24,10.250718116760254,10.622345750033968,10.111358400344992,10.482985295261699,8112500
2011-08-25,9.840378761291504,10.297170653758805,9.7629561313165,10.142326132165715,8341400
2011-08-26,9.484237670898438,9.824895678690341,9.42229985129991,9.755216185409784,7568100
2011-08-29,9.306166648864746,9.855864614672747,9.306166648864746,9.639082245501996,7455600
2011-08-30,9.213257789611816,9.546174074333976,9.197773706187753,9.306165243583955,11299100
2011-08-31,9.290680885314941,9.414556512315357,9.159062847037756,9.313907380788276,8537300
2011-09-01,9.36810302734375,9.592627774030984,9.344875794738321,9.45326733182617,7937400
2011-09-02,8.980990409851074,9.251968116843674,8.841629982144852,9.251968116843674,8633900
2011-09-05,8.694528579711914,8.82614661908332,8.655817999720194,8.795177712075752,3897500
2011-09-06,9.073898315429688,9.073898315429688,8.524199680334853,8.593879903402177,5938600
2011-09-08,9.251969337463379,9.631338620317628,9.205516347670633,9.530690229647693,12779700
2011-09-09,9.251969337463379,9.577143219440437,9.174547441689816,9.259711748547822,9997900
2011-09-12,9.0584135055542,9.174547456943063,8.833888752230749,9.09712482268382,6472000
2011-09-13,9.0584135055542,9.213258035715723,8.965506787457285,9.213258035715723,3864200
2011-09-14,9.37584400177002,9.50746202330664,9.066154973658488,9.151319271799938,8519500
2011-09-15,9.399070739746094,9.623595457941796,9.375843510088133,9.538430425909631,5515700
2011-09-16,9.515204429626465,9.623595958598695,9.445524213741239,9.476493116539462,4041400
2011-09-19,9.701019287109375,9.755215428822574,9.251969760668548,9.36810371717655,6470600
2011-09-20,9.344876289367676,9.848121947101601,9.344876289367676,9.778441722310983,8032300
2011-09-21,9.507461547851562,9.90231559271532,9.375843532896976,9.44552374532668,12965800
2011-09-22,9.128094673156738,9.45326858931862,9.05841444278533,9.174548406190024,9965300
2011-09-23,8.980990409851074,9.259710526906655,8.919052606060944,9.104866017431332,6481500
2011-09-26,8.888083457946777,9.16680432879214,8.717754857271172,9.16680432879214,6448400
2011-09-27,8.880342483520508,9.112609648021383,8.864857661320533,9.097124825821409,5618300
2011-09-28,8.671300888061523,9.058412541442458,8.671300888061523,8.9500217510442,4438600
2011-09-29,8.439033508300781,8.826145150669749,8.408064606445537,8.787434577118342,6901500
2011-09-30,8.144829750061035,8.477745278408891,8.137087339589552,8.36161207476425,7223300
2011-10-03,7.9435319900512695,8.276447538604375,7.9435319900512695,8.09837651709422,6173500
2011-10-04,7.912563800811768,7.966759205592809,7.749976848111627,7.84288357274642,5846500
2011-10-05,8.02869701385498,8.113861326761052,7.749976840233918,7.98224402076331,7093100
2011-10-06,8.191283226013184,8.322901258471521,8.082891688001334,8.168056731566697,6506500
2011-10-07,8.051921844482422,8.307415468696787,7.92804623739144,8.284188976956443,6763700
2011-10-10,8.516456604003906,8.516456604003906,8.051922312079114,8.051922312079114,5047900
2011-10-11,8.369355201721191,8.578395133848456,8.3461279683183,8.42355060294734,6024800
2011-10-13,8.377096176147461,8.516456611519258,8.144829768337004,8.508714201030402,9894000
2011-10-14,8.624850273132324,8.624850273132324,8.377098244806813,8.408067156052866,5858000
2011-10-17,8.222250938415527,8.59387848742406,8.222250938415527,8.547424766914178,5087900
2011-10-18,8.470003128051758,8.53194167536886,8.067407369810615,8.214509481501802,5087900
2011-10-19,8.25322151184082,8.500972769149412,8.24547910046068,8.470003861985838,5830100
2011-10-20,8.307415008544922,8.307415008544922,8.090632708143383,8.206766637126108,5813800
2011-10-21,8.710012435913086,8.710012435913086,8.346127265183895,8.361612086147943,6859500
2011-10-24,9.097124099731445,9.135835413784662,8.802919146626664,8.833888050197857,7263300
2011-10-25,9.097124099731445,9.097124099731445,9.097124099731445,9.097124099731445,0
2011-10-26,9.097124099731445,9.097124099731445,9.097124099731445,9.097124099731445,0
2011-10-27,9.097124099731445,9.097124099731445,9.097124099731445,9.097124099731445,0
2011-10-28,9.561660766601562,9.793927231897886,9.461011620406515,9.608113764317993,9375600
2011-10-31,9.135835647583008,9.422298197536728,9.135835647583008,9.329391484445543,3826900
2011-11-01,8.903568267822266,9.15906190687383,8.748723749966302,8.756466160448326,6884600
2011-11-03,8.980990409851074,9.166803821221462,8.911310195997963,9.135834919326397,4948300
2011-11-04,9.190032958984375,9.221001869795794,8.7564682076245,9.01970358034303,4935600
2011-11-07,9.174548149108887,9.352619187639814,9.151320914064579,9.197774645796176,4833300
2011-11-08,9.31390380859375,9.368099928388135,9.073895057921096,9.205513045718368,7312400
2011-11-09,9.174548149108887,9.251970050852195,8.95002337884636,9.135836829058723,7804300
2011-11-10,9.174548149108887,9.174548149108887,9.174548149108887,9.174548149108887,0
2011-11-11,9.600371360778809,9.67779400818714,9.368104895267987,9.368104895267987,4111700
2011-11-14,9.329391479492188,9.561658631275293,9.313906658140084,9.54617380992319,3574500
2011-11-16,9.282938003540039,9.46875143462286,9.182288877114274,9.290680414424392,4748700
2011-11-17,9.228742599487305,9.608111872349188,9.058413251900706,9.368103041908789,7783400
2011-11-18,9.275195121765137,9.437782050297498,9.24422621815692,9.375844243081065,5601200
2011-11-21,9.190032958984375,9.306166928295005,9.07389972803082,9.159064048172954,5923400
2011-11-22,8.911309242248535,9.267451945103375,8.911309242248535,9.220998228054142,4487800
2011-11-23,8.431293487548828,8.802920382580563,8.346128437002967,8.787436297799411,6854400
2011-11-24,8.13708782196045,8.516457097269516,8.098376505665108,8.5009722754086,7548700
2011-11-25,8.206768035888672,8.315158835385173,7.982243287615562,8.044181098286975,4568800
2011-11-28,8.439033508300781,8.795176248814506,8.439033508300781,8.555167444025589,11304600
2011-11-29,7.904820919036865,8.47000364487399,7.873852012667118,8.439034738504244,12685700
2011-11-30,8.020954132080078,8.31515911172516,8.020954132080078,8.082891944809887,8448900
2011-12-01,8.245478630065918,8.322901262736478,8.13708783035547,8.19902564114914,6596000
2011-12-02,8.222250938415527,8.470002145516656,8.183539627716767,8.423549163363614,4486500
2011-12-05,8.439033508300781,8.47774482020905,8.284188999024565,8.353869212788078,5183200
2011-12-06,8.601619720458984,8.69452641838651,8.299673136783728,8.369353344818572,4752000
2011-12-07,8.299674034118652,8.58613656828916,8.245477900700477,8.58613656828916,5507600
2011-12-08,8.082891464233398,8.43129256307025,8.059664970429916,8.353869932582745,4853100
2011-12-09,8.121603965759277,8.229995516602614,8.082892644861156,8.199026607555522,4447400
2011-12-12,8.121603965759277,8.121603965759277,8.121603965759277,8.121603965759277,0
2011-12-13,7.881594657897949,8.090634597512079,7.8661098350747585,8.0132126984671,7744200
2011-12-14,7.881594657897949,7.9590165569429265,7.80417202049598,7.897078742364148,9619700
2011-12-15,7.850625038146973,8.051922548081311,7.835140216729064,7.94353175158365,4254800
2011-12-16,7.7422332763671875,7.959015601365536,7.7422332763671875,7.897077794223151,4916500
2011-12-19,7.5951313972473145,7.835140222547741,7.517708766814124,7.742233509042067,5235700
2011-12-20,7.7886881828308105,7.83514117605836,7.60287399484957,7.6106164065065,4707000
2011-12-21,7.9512739181518555,7.966758000737407,7.726748444627695,7.7654597586269265,4513800
2011-12-22,8.02869701385498,8.090634830215217,7.928047877680344,7.959016785860462,2963200
2011-12-23,8.113860130310059,8.113860130310059,7.997726926348602,8.036438240454723,2753200
2011-12-26,8.098374366760254,8.152569752245732,8.0751478784603,8.098374366760254,879400
2011-12-27,8.206768035888672,8.206768035888672,8.0828916761889,8.090634087112063,2438500
2011-12-28,8.013213157653809,8.222253109246699,7.951275339525765,8.214510697391436,3729900
2011-12-29,7.858366966247559,8.121603032063557,7.858366966247558,8.044181137525113,4881600
2012-01-02,8.152571678161621,8.152571678161621,7.80417131793123,7.858366716219512,4216900
2012-01-03,8.377096176147461,8.40032340761403,8.129344947359291,8.160313850957813,5198100
2012-01-04,8.199024200439453,8.361611109792753,8.160312890906416,8.291930900304651,4924100
2012-01-05,8.044181823730469,8.199026364373251,7.989985680737736,8.175799867866088,4931400
2012-01-06,8.051921844482422,8.183539861605805,7.935788647423841,8.051921844482422,6424600
2012-01-09,8.199024200439453,8.245477181193644,8.082890271840343,8.098375090996285,4050400
2012-01-10,8.470003128051758,8.500972032531847,8.28418970117123,8.361612331549912,5869400
2012-01-11,8.570652961730957,8.617106691475268,8.384839519467686,8.439034922205227,5476800
2012-01-12,8.771953582763672,8.802922498125527,8.531944673298595,8.671304423248348,6676900
2012-01-13,8.48548698425293,8.826144894784333,8.45451808329553,8.764207092869533,4814100
2012-01-16,8.617107391357422,8.655818712895654,8.408066698065202,8.470004517183552,2629700
2012-01-17,8.617107391357422,8.617107391357422,8.617107391357422,8.617107391357422,0
2012-01-18,8.64033317565918,8.671302082661803,8.45451973364343,8.562911277331109,5469300
2012-01-19,8.53968334197998,8.802919399062217,8.53968334197998,8.694527864276319,5624800
2012-01-20,8.888083457946777,8.888083457946777,8.446776396917492,8.555167928730345,6672800
2012-01-23,9.035187721252441,9.251970080528883,8.919054499086458,8.93453858414198,8003400
2012-01-24,9.01970100402832,9.058412316074676,8.76420737822198,8.96550561017754,6330200
2012-01-26,8.980990409851074,9.197772723116525,8.980990409851074,9.143577329389379,4836900
2012-01-27,9.066155433654785,9.097124338037231,8.903568501057716,8.996475214205052,3445900
2012-01-30,9.035187721252441,9.097125538188568,8.84163185873779,8.957765080903773,2901600
2012-01-31,9.073898315429688,9.151320211226857,8.988733270188753,9.097124810333142,3862300
2012-02-01,9.128094673156738,9.275196807440905,9.081640940123453,9.166805994291636,4401200
2012-02-02,9.066155433654785,9.182288640499726,8.965506309822606,9.104866748722074,3788000
2012-02-03,9.290680885314941,9.461010241619004,8.980991817813901,8.980991817813901,8417500
2012-02-06,9.259712219238281,9.360361353381382,9.166805496573188,9.32939244582635,3124600
2012-02-07,9.422298431396484,9.461009747401183,9.19003127372523,9.197773684597557,4093500
2012-02-08,9.414555549621582,9.515204670856699,9.360360152939943,9.484235767273349,4534600
2012-02-09,9.600371360778809,9.62359859801556,9.37584656932315,9.37584656932315,7372000
2012-02-10,9.174548149108887,9.546175049533613,9.174548149108887,9.414557004377267,7591000
2012-02-13,9.437782287597656,9.437782287597656,9.251968861276334,9.329391491422012,4650000
2012-02-14,9.282938003540039,9.507462750687683,9.213257782294745,9.484236256391567,3732800
2012-02-15,9.259712219238281,9.430041579969451,9.050671539474074,9.383587849458406,7036800
2012-02-16,9.205516815185547,9.251969807337472,9.104867681047047,9.120351765645355,5157800
2012-02-17,9.275195121765137,9.360360160455409,9.190030821431767,9.220999725039984,4588600
2012-02-23,9.190032958984375,9.3293934268143,9.174548872757203,9.259713192899337,4143900
2012-02-24,9.182289123535156,9.251969346650426,9.151320217523587,9.22874285173099,2486700
2012-02-27,9.050670623779297,9.166804569128647,8.988732814935746,9.097124349590421,2977100
2012-02-28,9.097124099731445,9.174546727837878,8.996474978535844,9.03518629258906,4187600
2012-02-29,9.01970100402832,9.244225727868947,8.996474512143251,9.166803842133099,5575000
2012-03-01,9.221001625061035,9.290681857126614,9.019703340950933,9.019703340950933,5627600
2012-03-02,9.430039405822754,9.49197720665272,9.251967674668979,9.290678984776914,6410600
2012-03-05,9.693277359008789,9.832637069452208,9.491979097043105,9.491979097043105,11597900
2012-03-06,9.406813621520996,9.65456560124951,9.306165233481499,9.58488538002452,6817900
2012-03-07,9.197772979736328,9.507462007327362,9.066154958420917,9.468750694289263,9735600
2012-03-08,9.298423767089844,9.38358808037268,9.097125493850031,9.29068135542131,6953300
2012-03-09,9.298423767089844,9.430041812026873,9.25197003543565,9.352619172055556,4068100
2012-03-12,9.422298431396484,9.476493830788899,9.174547190337513,9.205516095469886,5039500
2012-03-13,9.848119735717773,9.871346225980172,9.453265709472932,9.491977018814804,6938700
2012-03-14,10.366851806640625,10.366851806640625,9.87134855456381,9.894575050305178,10712500
2012-03-15,10.475241661071777,10.59137560594637,10.227490426710386,10.266201741668583,7590300
2012-03-16,10.537179946899414,10.568148852597195,10.304913523344538,10.529438274242684,4641800
2012-03-19,10.537179946899414,10.537179946899414,10.537179946899414,10.537179946899414,0
2012-03-20,10.628067970275879,10.628067970275879,10.316393984752796,10.378728633239888,6342500
2012-03-21,10.207310676574707,10.674820629775768,10.207310676574707,10.596902675786142,6998000
2012-03-22,10.074848175048828,10.183933446666565,9.88005219791695,10.028096813578598,6998000
2012-03-23,10.207310676574707,10.394314657855132,10.05147328241992,10.199518658249414,5783200
2012-03-26,10.090433120727539,10.425482494100068,10.059265789001337,10.355355811944161,6269500
2012-03-27,9.506044387817383,10.129391719151977,9.498252369692361,10.090432371614613,11712400
2012-03-28,9.357999801635742,9.490461138015327,9.163203806146678,9.428126478905845,9487500
2012-03-29,9.365793228149414,9.490462565115154,9.209955813854377,9.241123148095813,4021000
2012-03-30,9.357999801635742,9.537211760803562,9.319040453920378,9.529419742642938,5281900
2012-04-02,9.615128517150879,9.755381843406191,9.319038574549442,9.404748527767909,5741200
2012-04-03,9.420333862304688,9.693047792812175,9.202162569281157,9.615129845419052,4364600
2012-04-04,9.40475082397461,9.50604483510282,9.280081500459207,9.311248831338057,3426500
2012-04-05,9.389166831970215,9.568378785426788,9.280080810461175,9.342415467584132,4516100
2012-04-09,9.264497756958008,9.311248379463587,9.100869092012989,9.241121702617471,3505600
2012-04-10,9.04632568359375,9.272289006654095,8.921656366469112,9.272289006654095,6303300
2012-04-11,8.913863182067871,9.155410509708096,8.859320548734253,9.116451167432235,4110500
2012-04-12,8.867112159729004,8.898279483504826,8.648940893298247,8.7969854954615,8008100
2012-04-13,8.758028030395508,8.945032013095082,8.625566690211368,8.804779397614288,4438200
2012-04-16,8.781404495239258,8.921657117263443,8.664526443283329,8.773612476491301,3719600
2012-04-17,9.11645221710205,9.194370910625345,8.781403618362441,8.843738275945984,5658800
2012-04-18,9.326831817626953,9.498251746605792,9.038533853703234,9.116451800578789,8545100
2012-04-19,9.132036209106445,9.404750148950452,9.04632549802564,9.311248163024986,4971900
2012-04-20,9.077491760253906,9.280079744169802,9.046324435273588,9.194369786245835,2369200
2012-04-23,8.85152816772461,8.898279525150958,8.672316240946778,8.85152816772461,4045100
2012-04-24,8.76581859588623,8.76581859588623,8.532063284711734,8.648941311842808,6161800
2012-04-25,8.781404495239258,9.093077814279454,8.648943148875222,8.859322453455404,4936900
2012-04-26,8.687899589538574,8.765818271408364,8.609981650756406,8.61777366756091,4086800
2012-04-27,8.586606979370117,8.758026903239129,8.563230927225334,8.719067559418834,3321200
2012-04-30,8.508687973022461,8.648941308287027,8.44635332247991,8.571022623565014,2817300
2012-05-02,8.563231468200684,8.578815503948382,8.345060169346986,8.500896811385342,2817300
2012-05-03,8.415185928344727,8.6333572034583,8.376226586302534,8.563230536399882,3650700
2012-05-04,7.986634254455566,8.407393492771671,7.986634254455566,8.329474812566332,8656500
2012-05-07,7.9476752281188965,8.041177202204103,7.807422638534905,7.869757287925043,7728100
2012-05-08,7.932093143463135,7.932093143463135,7.745088423769293,7.92430112533261,8487100
2012-05-09,7.932093143463135,8.048970443070006,7.807423825725739,7.869758484594437,5168700
2012-05-10,8.072345733642578,8.235974398524618,7.971051727469148,8.010011074933967,5177300
2012-05-11,8.064555168151855,8.212599809838066,7.916509783377833,7.978844447570744,3778600
2012-05-14,7.823007106781006,8.010011083097424,7.7918397773949355,7.947676424325285,3440400
2012-05-15,7.752879619598389,7.971050902498711,7.67496167582068,7.823006289159696,5284800
2012-05-16,7.830798625946045,7.93209262576858,7.752879935901726,7.830798625946045,6003000
2012-05-17,7.410040855407715,7.932094253827891,7.402248836186433,7.932094253827891,7453200
2012-05-18,7.316537857055664,7.441207175257156,7.0905745320435205,7.402247827547252,7166800
2012-05-21,7.316537857055664,7.316537857055664,7.316537857055664,7.316537857055664,0
2012-05-22,7.4178314208984375,7.776255317779986,7.332120712437453,7.667170042411761,6931300
2012-05-23,7.32432746887207,7.511332146795836,7.129531517645818,7.363286807734838,6068600
2012-05-24,7.168491363525391,7.433413994824694,7.036030047875739,7.39445465320639,6431700
2012-05-25,7.184075355529785,7.4334139514932485,7.051614040652288,7.098364655851621,4164200
2012-05-28,7.223034381866455,7.324327624742677,7.1840750421745865,7.2853690281384065,1395900
2012-05-29,7.082782745361328,7.300954059344148,7.059407433206541,7.285370765603549,4214500
2012-05-30,6.934737205505371,7.074990561326407,6.810067886147898,7.0204479198794525,5448700
2012-05-31,6.623063564300537,6.981488210445016,6.623063564300537,6.981488210445016,14273000
2012-06-01,6.51397705078125,6.607479028380483,6.3581404214491934,6.389307747315605,7076000
2012-06-04,6.35814094543457,6.654230937110596,6.35814094543457,6.607479572914287,4877200
2012-06-05,6.062049865722656,6.443850104439462,5.999714852317472,6.412682040421211,9632400
2012-06-06,5.851670742034912,6.1945113002994425,5.851670742034912,6.124385008244508,18084200
2012-06-08,5.99192476272583,6.077635103298486,5.742585759034409,6.038675756253496,10091200
2012-06-11,6.18671989440918,6.319180838542859,6.062050595674507,6.101009565757184,9398100
2012-06-12,6.085426330566406,6.26463864584876,5.952965005591122,6.241263336467147,8959500
2012-06-13,6.155552387237549,6.155552387237549,5.929589104207971,6.038674737366849,10862600
2012-06-14,6.062049865722656,6.210094454371622,6.030882173248177,6.077633526188009,5128600
2012-06-15,5.804920673370361,6.0776353716384595,5.656876039768216,6.0776353716384595,13841200
2012-06-18,5.804920673370361,5.804920673370361,5.804920673370361,5.804920673370361,0
2012-06-19,5.610124588012695,5.641291917937131,5.17378159752672,5.5088309515302205,19321100
2012-06-20,5.48545503616333,5.765961365155734,5.48545503616333,5.641291679190297,15529300
2012-06-21,5.197157382965088,5.454288045671134,5.197157382965088,5.454288045671134,9840800
2012-06-22,5.056904315948486,5.290659680018572,5.049112668636235,5.220532996488765,8440600
2012-06-25,4.8387322425842285,4.986777234100817,4.815356561168408,4.940026242813029,5001600
2012-06-26,5.041319847106934,5.049111864722458,4.76860554680903,4.869899546547747,10289200
2012-06-27,4.7686052322387695,5.095862519625634,4.721854244261192,5.056903177205741,10047600
2012-06-28,4.7140631675720215,4.947818135668236,4.690687484990465,4.7296468321117695,9574500
2012-06-29,4.924443244934082,5.002361574283186,4.862108209910898,4.940026910803903,6331500
2012-07-02,4.869899749755859,5.010152728793036,4.869899749755859,4.924442760708916,5348100
2012-07-03,5.275075435638428,5.3997447513204655,4.791981465826665,4.893275470590255,15481000
2012-07-04,5.44649600982666,5.633500363996613,5.2049490131627145,5.236116343600392,10206000
2012-07-05,5.3452019691467285,5.555581619530003,5.267283648920304,5.524414291439434,9109100
2012-07-06,5.127029895782471,5.329617883904612,5.088070924520094,5.29845055827718,7188800
2012-07-10,4.8075642585754395,5.212739832619163,4.8075642585754395,5.204947816029956,7847400
2012-07-11,4.753022193908691,4.908859212514277,4.721854864496349,4.869899864976912,6894600
2012-07-12,4.955609321594238,5.00236030736334,4.534850078128518,4.714062376015311,13152900
2012-07-13,4.940025806427002,5.165989096795699,4.940025806427002,5.0257357637780125,6331900
2012-07-16,4.940025806427002,4.940025806427002,4.940025806427002,4.940025806427002,0
2012-07-17,4.636144161224365,4.760813840693458,4.604976834243053,4.698479186730833,7196400
2012-07-18,4.8075642585754395,4.823147920210052,4.612768302370884,4.628351964005496,7931700
2012-07-19,4.791980743408203,4.924442057123002,4.760813419186346,4.854315391851918,6031300
2012-07-20,4.636144161224365,4.776397504184113,4.620560497733709,4.745230177202802,5409200
2012-07-23,4.449141025543213,4.519267710045632,4.340055360851383,4.519267710045632,7469200
2012-07-24,4.379014015197754,4.511475355381895,4.355638703132251,4.472516006547541,4412200
2012-07-25,4.425764083862305,4.488099103249499,4.371221452771246,4.441347745823151,4273000
2012-07-26,4.65172815322876,4.737438494252315,4.433556848951911,4.488099860793058,7868000
2012-07-27,5.165989398956299,5.282867059459315,4.706270774364893,4.760813781677991,14528200
2012-07-30,5.462079048156738,5.532205343050938,5.158197074621206,5.181572753948484,16156900
2012-07-31,5.750378131866455,5.836088106183654,5.524414796768582,5.532206443732012,16780300
2012-08-01,5.656876087188721,5.84388007112361,5.54779005834948,5.84388007112361,7757100
2012-08-02,5.64129114151001,5.7503771527755925,5.4932465305166875,5.524413856151474,7342200
2012-08-03,6.155552387237549,6.155552387237549,5.765960468697752,5.804919437625448,11743800
2012-08-06,6.638647079467773,6.724357039597815,6.1165934437508245,6.155552786750902,16293700
2012-08-07,6.077633857727051,6.926944328278679,6.077633857727051,6.755523682264911,19299200
2012-08-08,6.428267478942871,6.482810116733714,5.906214181812009,5.9841325011873945,15515200
2012-08-09,6.249055862426758,6.4282678207472905,6.069843161018477,6.381516455092338,12935700
2012-08-10,6.249055862426758,6.4282678207472905,6.069843161018477,6.381516455092338,12935700
2012-08-13,6.35814094543457,6.3815162559888625,6.139969646389819,6.163344956944111,5837300
2012-08-14,6.264638900756836,6.552936871819858,6.233471572617258,6.389308213315146,10911600
2012-08-15,6.1088032722473145,6.365933957775616,5.960758253282309,6.23347260546251,15430100
2012-08-16,6.264638900756836,6.389308213315146,6.163344898531279,6.2256795548104344,9831700
2012-08-17,6.202303886413574,6.4204751707954095,6.124385570562919,6.350348500757901,5505300
2012-08-20,6.202303886413574,6.202303886413574,6.202303886413574,6.202303886413574,0
2012-08-21,6.34255838394165,6.498395044081583,6.311391051913664,6.35034965963279,9464600
2012-08-22,6.732149600982666,6.810067550193356,6.280222969062412,6.295806261669461,14568800
2012-08-23,6.778900146484375,6.97369613197581,6.591896178753649,6.700982198140429,11648200
2012-08-24,6.5529375076293945,6.662023538246027,6.490602845302116,6.584104838793034,10887200
2012-08-27,6.397099494934082,6.576311425340744,6.365932170381288,6.475018177859885,5639500
2012-08-28,6.381516456604004,6.615271798758646,6.3191817977744655,6.397100492855262,5916100
2012-08-29,6.124385833740234,6.451642774375884,6.108802169900442,6.4048921544003585,8832600
2012-08-30,6.139969348907471,6.225679312179033,6.0464673681327605,6.147760994866775,5317400
2012-08-31,6.350348949432373,6.350348949432373,6.155553331814658,6.210095970991827,10635100
2012-09-03,6.389307975769043,6.44385135530124,6.311390029860846,6.44385135530124,5260100
2012-09-04,6.288013935089111,6.459434603876461,6.194511954774471,6.350348588632205,6372300
2012-09-05,7.4178314208984375,7.519124678572445,6.794484124027423,6.856818779405753,41327600
2012-09-06,7.503540992736816,7.900924957248034,7.285369710354991,7.402246997287623,27905200
2012-09-10,7.573668479919434,7.869758480952602,7.495749784825746,7.7918397858589135,14224300
2012-09-11,7.752879619598389,7.784046945727006,7.526916319393994,7.597042988955301,10626400
2012-09-12,8.376229286193848,8.493106606905586,7.838592570596818,7.846383847046487,19314400
2012-09-13,9.506044387817383,9.506044387817383,8.2281831388236,8.360643731510244,27018200
2012-09-14,9.280081748962402,10.098225135300304,8.890489731000335,9.435918407529668,24491300
2012-09-17,8.921656608581543,9.209954598027926,8.804779306377359,9.132036644254391,11545800
2012-09-18,8.960615158081055,9.022949812777211,8.734651849035563,8.88269646816701,6436300
2012-09-19,8.937240600585938,9.29566526680115,8.890489234084926,9.061909920471619,7815200
2012-09-20,9.007368087768555,9.030743401574577,8.734653368709594,8.82815536702151,4945300
2012-09-21,9.007368087768555,9.202164103357005,8.991784049839321,9.038535420539192,5138300
2012-09-24,8.711276054382324,9.06970067047733,8.532063374790992,9.030741327688983,10198400
2012-09-25,7.97105073928833,8.57881470098367,7.885340779961494,8.532063341204163,20439300
2012-09-26,8.119096755981445,8.306100724201647,7.659378110124329,7.81521475030783,16207500
2012-09-27,8.080138206481934,8.41518757321222,8.02559556281432,8.29051824877894,11099300
2012-09-28,7.885340690612793,8.18922266801718,7.877548673556557,8.033386042330692,6816900
2012-10-01,7.869757175445557,8.181430417941616,7.830797834361643,7.924299807110461,7913600
2012-10-02,7.900925159454346,8.048969776230392,7.760671817075585,7.924300468821576,5625000
2012-10-03,7.9476752281188965,8.119095885485592,7.893132595674436,7.971050535868289,6592600
2012-10-04,8.041177749633789,8.15805578251288,7.91650844236624,7.9788430960000145,5564700
2012-10-05,7.916510581970215,8.298310624438521,7.869759950653382,8.158057987400138,7730100
2012-10-08,8.025596618652344,8.03338863822648,7.768465917408941,7.776257193895191,5475400
2012-10-09,7.986634254455566,8.142470871778642,7.87754825078561,8.087928241487466,4878200
2012-10-10,7.410040855407715,7.994428921422433,7.363289483167882,7.9476775491826,17456400
2012-10-11,7.448998928070068,7.573668241830618,7.293161542781657,7.47237423862824,9534100
2012-10-15,7.854174613952637,7.869758650542302,7.28537065400959,7.495749946355729,10712200
2012-10-16,8.041177749633789,8.142471747560593,7.869757823684751,7.924300459842383,9816800
2012-10-17,8.220392227172852,8.29051891356169,7.971052815224992,8.103514168828834,9248800
2012-10-18,8.103511810302734,8.204805800817473,7.955467204527429,8.18143049318719,6984200
2012-10-19,7.791839122772217,8.150263752143246,7.7528797785408194,8.07234506368045,7024300
2012-10-22,8.010009765625,8.103511738404169,7.6749612156048865,7.84638112748955,6412200
2012-10-23,7.869757175445557,7.994426472443981,7.807422526946345,7.869757175445557,4649800
2012-10-24,7.752879619598389,8.017802263235472,7.682752950037082,7.932092302153691,4582300
2012-10-25,7.869757175445557,8.010009763024971,7.838589851195951,7.87754844919224,4440100
2012-10-26,7.558084487915039,7.924301168059024,7.503541846882782,7.776255795131822,6329200
2012-10-29,7.713922023773193,7.745089356962844,7.425624005996958,7.526918024635284,3601400
2012-10-30,7.830798625946045,7.854173935724261,7.7139205908795665,7.784047263301914,2433200
2012-10-31,7.643794536590576,7.9009251692106925,7.604835192205291,7.861965824825408,4998700
2012-11-01,8.017804145812988,8.103514127019443,7.339914086031464,7.519126067578005,14385400
2012-11-05,8.002219200134277,8.126888508207369,7.854173839481712,7.885341166499986,5938100
2012-11-06,8.547647476196289,8.68010879686321,8.010010176292274,8.064553553858907,13673000
2012-11-07,8.415185928344727,8.711275887542682,8.306099919244119,8.532063211383658,11355600
2012-11-08,8.493103981018066,8.711276002088045,8.422978056125201,8.47752068984887,9711400
2012-11-09,8.306100845336914,8.672317512424794,8.220390877757932,8.446354195091363,8390900
2012-11-12,8.415185928344727,8.594397861416107,8.337267244260342,8.415185928344727,10874800
2012-11-13,8.38401985168457,8.485313858841593,8.243766496684422,8.415187181341519,8103800
2012-11-14,8.376229286193848,8.563233296567782,8.228184630419788,8.306102596531652,10013800
2012-11-16,8.33726978302002,8.430771786540738,8.18143311048549,8.329477763621325,7240900
2012-11-19,8.87490463256836,8.87490463256836,8.37622668343816,8.430769317077152,7700200
2012-11-21,8.804779052734375,9.093077033875636,8.68010973581791,8.859321693113392,7751200
2012-11-22,8.828156471252441,8.999577194476274,8.695695104636926,8.983993154597778,3504100
2012-11-23,9.19437026977539,9.264496940440962,8.734651644823469,8.789194280635499,6844400
2012-11-26,9.155410766601562,9.256704762125972,8.999574136213113,9.139826732018884,6512000
2012-11-27,9.077491760253906,9.38916575314474,8.96061447734962,9.186577769228844,6553200
2012-11-28,9.365793228149414,9.3813765237262,8.913865767016816,8.99957649349666,6217600
2012-11-29,9.934596061706543,10.043682089895704,9.33462402129782,9.435918031097518,12034400
2012-11-30,9.739799499511719,10.113807443610858,9.583962856137077,9.911220178767689,11508200
2012-12-03,10.168351173400879,10.168351173400879,9.786551198320957,9.83330182138622,6127900
2012-12-04,10.121599197387695,10.386521855754228,10.067056559402012,10.137183232862297,5800800
2012-12-05,9.560586929321289,10.293019477528222,9.521627585216226,10.238476841633743,10838500
2012-12-06,9.264497756958008,9.76317502681883,9.233330427591707,9.506044373774907,9068800
2012-12-07,9.685256004333496,9.755382673427771,9.280080024272204,9.311247350193252,6182600
2012-12-10,9.708633422851562,9.950180808547742,9.513837407740647,9.685258109102845,5538200
2012-12-11,9.85667610168457,9.903427462946325,9.70863148668309,9.778758157031884,4038300
2012-12-12,9.467084884643555,9.841093574530802,9.428126280834407,9.841093574530802,8472100
2012-12-13,9.428126335144043,9.716424314901309,9.38916698802274,9.428126335144043,4151700
2012-12-14,8.929448127746582,9.451501435507339,8.890488781493683,9.389166778737792,13048500
2012-12-17,8.929448127746582,9.069701477021926,8.734652139569812,8.874905488845158,4375100
2012-12-18,9.599544525146484,9.622920575014367,9.04632397742919,9.093075334077351,10246300
2012-12-19,9.848886489868164,10.098225143785296,9.506045097644304,9.63071442460287,8939000
2012-12-20,9.926803588867188,10.028097594029637,9.677464956521305,9.880052966846204,7284400
2012-12-21,9.864469528198242,9.919012171555211,9.630714174673285,9.770967535405816,4793100
2012-12-26,10.035889625549316,10.067056954634436,9.817718321953475,9.817718321953475,1850000
2012-12-27,9.895635604858398,10.074848292311199,9.677464315995923,10.012513638350491,3821900
2012-12-28,9.973554611206055,10.207309942540517,9.880052627289814,9.895635919731998,4136900
2013-01-02,10.324185371398926,10.628067321540309,10.207308098391705,10.230683404375633,7467900
2013-01-03,10.308605194091797,10.472233883351405,10.25406254536788,10.285229879365527,4657300
2013-01-04,9.77875804901123,10.394313297479837,9.755382740182407,10.3086025932947,13359900
2013-01-07,9.591753959655762,9.872259890988314,9.545002599556506,9.872259890988314,5390800
2013-01-08,9.280081748962402,9.708633117338238,9.24891441724895,9.654090472611644,10082600
2013-01-09,9.27228832244873,9.451501009907041,9.11645168754217,9.350207011445855,6585300
2013-01-10,9.381375312805176,9.506044633678956,9.272289285496734,9.435917954915512,5134500
2013-01-11,9.420333862304688,9.482668517454268,9.334623154158237,9.443709172213854,4345300
2013-01-14,9.732007026672363,9.732007026672363,9.428125772067926,9.474876391351211,5398000
2013-01-15,9.599544525146484,9.809924515431808,9.428124617974301,9.474875231534858,5119100
2013-01-16,9.506044387817383,9.646297741716797,9.396959106418059,9.583963082892113,3297600
2013-01-17,9.708633422851562,9.739800755545797,9.474878056100899,9.521629426686163,3270100
2013-01-18,9.583961486816406,9.809924773196778,9.56058617942192,9.802132756369407,4572600
2013-01-21,9.373579978942871,9.669669882831808,9.357996690889507,9.607335244443348,4333000
2013-01-22,8.820362091064453,9.311248069561577,8.750235416552332,9.27228872337843,11456900
2013-01-23,8.571022987365723,9.311247551293407,8.469728990162697,9.272288207278754,12339500
2013-01-24,8.235974311828613,8.695692972281199,8.18143167180466,8.609983003231022,9166500
2013-01-28,8.064555168151855,8.352853175816023,7.908717764581766,8.298309787331366,8049000
2013-01-29,8.274931907653809,8.37622589132405,7.971049956643081,8.048968634262524,9607200
2013-01-30,7.986634254455566,8.321683539015883,7.916507590888281,8.321683539015883,6241600
2013-01-31,8.056761741638184,8.158055739025025,7.908716382731384,8.033386432422045,7076700
2013-02-01,8.017804145812988,8.235975479939862,7.963261498053231,8.158057517867043,4806000
2013-02-04,7.745086193084717,7.963258179376565,7.674960279370409,7.963258179376565,8049700
2013-02-05,7.815215110778809,7.900925824148863,7.643795170214196,7.752880451830268,6930700
2013-02-06,8.002219200134277,8.080137146136115,7.721712513882129,7.869757874534694,6374900
2013-02-07,7.994427680969238,8.111304978801808,7.8307990181510005,8.041178302867172,6810500
2013-02-08,8.072345733642578,8.103513062996884,7.893133775627258,7.947676416225356,4574200
2013-02-13,8.072345733642578,8.22039110539134,8.033387129265506,8.13468039235119,4107400
2013-02-14,8.103511810302734,8.12688786102065,7.955467204527429,8.033385887411884,3762500
2013-02-15,7.900925159454346,8.158055791756947,7.869757832602142,8.087929120567567,6158300
2013-02-18,7.636003017425537,7.916508977747715,7.5269169946452665,7.908716959744609,5643400
2013-02-19,7.612627029418945,7.830798312487081,7.519124307873502,7.558083651336158,9464100
2013-02-20,7.378871440887451,7.861965350064369,7.269785431813577,7.7139199989578495,10128100
2013-02-21,7.308747291564941,7.480168009707033,7.1373265734228495,7.3866652593837845,8452000
2013-02-22,7.19965934753418,7.363288002845762,7.152908727780987,7.363288002845762,6348100
2013-02-25,7.690545558929443,7.823006890937454,7.012655606170187,7.277578270186207,11289900
2013-02-26,7.7762556076049805,7.95546830581281,7.332120985709325,7.597043652484886,16062600
2013-02-27,7.5347089767456055,7.8931336292154795,7.441206990417081,7.784047606955002,9925600
2013-02-28,7.636003017425537,7.784047644045864,7.410039696949626,7.550292305566847,6179000
2013-03-01,7.550291061401367,7.651585049486926,7.464581106754024,7.550291061401367,6101100
2013-03-04,7.674962520599365,7.77625578435091,7.410039847802396,7.464582488759036,6115500
2013-03-05,7.511333465576172,7.900925436430144,7.495749430059911,7.745088053618385,7591000
2013-03-06,8.056761741638184,8.228182409761121,7.565875789573192,7.6671697869600335,7847200
2013-03-07,8.235974311828613,8.469729651069152,8.142472324749946,8.173639653776169,8300400
2013-03-08,8.041177749633789,8.2437657454874,7.986635113476158,8.181431091853625,4089500
2013-03-11,8.119096755981445,8.228182775653753,7.98663542605354,7.98663542605354,4655900
2013-03-12,8.321685791015625,8.399603749219379,8.064555117076406,8.064555117076406,6687400
2013-03-13,8.274931907653809,8.493103164665634,8.197013973121948,8.32947453613487,11101300
2013-03-14,8.33726978302002,8.438563805939433,8.2048084255937,8.391813175723007,8175400
2013-03-15,7.900925159454346,8.415186424059549,7.854173797632196,8.384019097207347,12886300
2013-03-18,8.197014808654785,8.228182134261974,7.791838832673679,7.947675460709621,6436100
2013-03-19,8.087929725646973,8.228183078518457,7.791839726855919,7.947676372775489,6850800
2013-03-20,8.025596618652344,8.1736412751215,7.947677909086755,8.08793128906966,6192200
2013-03-21,8.025596618652344,8.150265959486978,7.713922523477874,8.017804599078207,7184800
2013-03-22,7.95546817779541,8.173639476240165,7.92430084944616,7.947676159936167,4892600
2013-03-25,7.807422637939453,8.048969218535905,7.752879262411516,7.939883210567666,3581100
2013-03-26,8.158055305480957,8.235973246423178,7.846381312449139,7.846381312449139,5425000
2013-03-27,8.38401985168457,8.407395163155343,7.99442785942883,8.080137830213502,5739700
2013-03-28,8.38401985168457,8.38401985168457,8.38401985168457,8.38401985168457,0
2013-04-01,8.867112159729004,8.898279483504826,8.430768883779878,8.430768883779878,11444700
2013-04-02,8.493103981018066,9.015157239220088,8.430769330165973,8.430769330165973,9677600
2013-04-03,8.656731605529785,8.765817603214646,8.313891066229251,8.454144385668707,5998300
2013-04-04,8.578815460205078,8.71906806578059,8.422978818961331,8.641150116702576,5714700
2013-04-05,8.656731605529785,8.719066249038972,8.345058387983846,8.47751969121276,7370600
2013-04-08,8.695693016052246,8.78919500360157,8.54764838820442,8.711277052187672,4241600
2013-04-09,8.664525985717773,8.94503195804069,8.625566637123205,8.750235958155612,5609000
2013-04-10,8.726859092712402,8.898279750160206,8.617773827771865,8.758026417422217,6162400
2013-04-11,8.547647476196289,8.750234722727173,8.454145498623344,8.711276122720859,3506100
2013-04-12,8.555439949035645,8.773612003694627,8.422979352897517,8.485314013346436,4199100
2013-04-15,8.017804145812988,8.438563518887308,8.010012126679353,8.430771499753673,8306300
2013-04-16,8.181431770324707,8.29051779477396,7.971051739548524,8.111305093399313,5892100
2013-04-17,7.9476752281188965,8.26714049201526,7.861965270979367,8.002218603650993,8389400
2013-04-18,8.080138206481934,8.228183586562299,7.815215520517315,8.02559556281432,5537300
2013-04-19,8.134679794311523,8.235973793038092,8.04117781312262,8.158055846924517,2809500
2013-04-22,8.041177749633789,8.181431091853625,7.893133133025496,8.150263765036737,3170900
2013-04-23,8.181431770324707,8.298309069808532,8.04897043459624,8.064554470840882,4297200
2013-04-24,8.103511810302734,8.267140449889984,8.072344485766479,8.111303827208706,4077700
2013-04-25,8.282726287841797,8.415187631745463,8.072346244081459,8.142472925334905,6074600
2013-04-26,8.282726287841797,8.282726287841797,8.282726287841797,8.282726287841797,0
2013-04-29,7.511333465576172,7.947676056803503,7.480166137631363,7.9087167111005625,10851100
2013-04-30,7.674962520599365,7.830799168395302,7.363288481919739,7.550292459274863,10127600
2013-05-02,7.402246475219727,7.745087037639774,7.363287134627363,7.628209758950298,5599700
2013-05-03,7.3321213722229,7.565876722470113,7.308746060124512,7.50354206148256,11278300
2013-05-06,7.12174129486084,7.386663203413213,7.098365242242464,7.386663203413213,10895600
2013-05-07,7.32432746887207,7.34770351804228,7.0594055993979365,7.10615621156319,8409700
2013-05-08,7.19965934753418,7.402247348031891,7.137324692471454,7.3477047106239315,6151400
2013-05-09,6.98148775100708,7.254202412354788,6.934736390200624,7.176283725373251,7162200
2013-05-10,6.786693096160889,6.965905070739426,6.6620237672214175,6.934737738504558,7493100
2013-05-13,6.7243571281433105,6.8100670894019695,6.654230458437284,6.739940419695944,4280100
2013-05-14,6.576312065124512,6.887986084061642,6.513977409954626,6.763316773721871,7280900
2013-05-15,6.350348949432373,6.7087735992131865,6.202304324628173,6.529561645866643,10032600
2013-05-16,6.389307975769043,6.498393991745749,6.210095659857422,6.3503486312711,6549800
2013-05-17,6.771108150482178,6.771108150482178,6.3971002138188755,6.428267541874151,7179900
2013-05-20,6.934737205505371,6.934737205505371,6.39710058000433,6.428267909843698,6814600
2013-05-21,6.973695278167725,7.0438219432528815,6.8178586574716125,6.89577733936348,5460300
2013-05-22,7.098365783691406,7.347705162359348,6.911361807006262,7.012655813482652,10973000
2013-05-23,7.254202842712402,7.254202842712402,6.825651525065365,6.903569473581735,5100600
2013-05-24,7.269784927368164,7.355494879422512,7.145115635984533,7.145115635984533,5908800
2013-05-27,7.32432746887207,7.33211948526214,7.207450195371353,7.324327468872071,1453200
2013-05-28,7.441206932067871,7.487957553321678,7.34770494647253,7.363288239194556,5632400
2013-05-29,7.168491363525391,7.363287328529275,7.098364697229971,7.347704037734534,5608600
2013-05-31,6.934737205505371,7.191867862452098,6.85681925245083,7.074990561326407,9790300
2013-06-03,7.036030292510986,7.05940634414731,6.817859012185592,7.020447001174432,3693600
2013-06-04,7.137324810028076,7.230826794162207,7.036030808110839,7.129532792244969,5466300
2013-06-05,6.739941120147705,7.1373251277217395,6.700982515673495,7.051615157555628,7967100
2013-06-06,6.638647079467773,6.864610377163029,6.443851107555048,6.786691691162874,6691900
2013-06-07,6.420475959777832,6.786692646594333,6.32697396926702,6.451643289948102,7279400
2013-06-10,6.295806884765625,6.576312867243691,6.2646395533791726,6.311390922002748,5402400
2013-06-11,6.085426330566406,6.249055353956914,6.0152996593338806,6.21788765554169,6143200
2013-06-12,6.054258346557617,6.280221999164482,5.851670743882784,6.249054675676047,10222200
2013-06-13,6.584104061126709,6.732149423983799,5.968548786033891,5.999716113516272,8445400
2013-06-14,6.498394012451172,6.67760595738996,6.256846670264444,6.67760595738996,8333600
2013-06-17,6.389307975769043,6.6074792646347635,6.365932666305353,6.584103955171074,5335400
2013-06-18,6.529561519622803,6.607479467928317,6.311390224044565,6.373724879924062,4444600
2013-06-19,6.295806884765625,6.677606880021608,6.132178209214804,6.5685215917129245,7037700
2013-06-20,6.2802228927612305,6.381516151195699,5.804920213073481,6.108802217640023,12830100
2013-06-21,6.311390399932861,6.365933039575507,6.10880239113484,6.1555533843473365,5971200
2013-06-24,5.812713146209717,6.171137845314417,5.758170127982857,6.14776215991893,9329300
2013-06-25,6.420475959777832,6.420475959777832,5.914006658738996,5.921798305509622,8765900
2013-06-26,6.233470916748047,6.521768857477127,6.202303591887812,6.513976840490159,5705000
2013-06-27,6.202303886413574,6.436059205509378,6.155552896903181,6.202303886413574,5201200
2013-06-28,5.8282952308654785,6.334764809238736,5.765960582119935,6.155552508323393,12856800
2013-07-01,5.804920673370361,6.334766033165399,5.719210700557306,6.155553697624822,7764000
2013-07-02,5.415328502655029,5.781545180661773,5.360785861941083,5.7659615159515205,9332800
2013-07-03,5.610124588012695,5.734794279254317,5.384161260288598,5.3997449252508165,6792300
2013-07-04,5.711418151855469,5.820503798107276,5.602332505603662,5.734793833252781,5570900
2013-07-05,5.17378044128418,5.586748027808287,5.064694810927241,5.547788688337482,18526100
2013-07-08,5.134822845458984,5.259492170609003,5.072488182883975,5.142614492508913,6342300
2013-07-10,5.259491920471191,5.329618598304848,5.1893652426375345,5.2205325724427425,6097800
2013-07-11,5.329617500305176,5.4153274538397245,5.228323513534743,5.376368485381421,6847200
2013-07-12,5.1036553382873535,5.321826649781182,5.088071673180651,5.290659319567778,7664200
2013-07-15,5.882838726043701,5.898422389532745,5.251699425877807,5.251699425877807,15691400
2013-07-16,5.672459125518799,6.030883388442714,5.563373108737238,5.929589760779618,8594100
2013-07-17,5.960757732391357,6.147761715872489,5.610124706048402,5.703627069332856,9569400
2013-07-18,5.851670742034912,6.1555523317231025,5.781544078436175,5.882838065513506,6329400
2013-07-19,5.89063024520874,5.906213908362314,5.734793613672995,5.781544603133718,4089900
2013-07-22,6.101010322570801,6.21788799040482,5.867255358446628,5.937381661911949,4178600
2013-07-23,5.999716281890869,6.373724965263244,5.968548953533816,6.217887951934111,9020900
2013-07-24,5.945173263549805,6.0620509232002355,5.820503586535554,6.038675242652614,5303900
2013-07-25,6.085426330566406,6.139969338363242,5.843879361541294,5.88283870590244,6116900
2013-07-26,6.085426330566406,6.085426330566406,6.085426330566406,6.085426330566406,0
2013-07-29,7.34770393371582,7.706128533972389,7.098364596741062,7.098364596741062,15082800
2013-07-30,7.02044677734375,7.464581341046443,6.94252809388225,7.448998050206726,10513500
2013-07-31,6.786693096160889,7.145117788405779,6.6931910994562855,6.895779130526835,10747400
2013-08-01,6.802276134490967,6.989280863943475,6.552937486004672,6.646439479187032,15398000
2013-08-02,6.739941120147705,7.082782486987646,6.700982515673495,6.755525156407588,8232200
2013-08-05,6.919153690338135,6.981488348018752,6.662023041633654,6.778900339012878,6631800
2013-08-06,6.708774089813232,7.0438234534607505,6.607480078871244,6.934737424041428,10212300
2013-08-07,6.810067176818848,6.919153191438237,6.700981905287139,6.72435721445998,7150400
2013-08-08,7.067198753356934,7.3399134548809934,6.8256521256873075,6.895778805684225,10424200
2013-08-09,7.363288879394531,7.386664192053798,7.11395022946158,7.137325542120847,6739500
2013-08-12,7.5347089767456055,7.83079897166313,7.402247643674929,7.480166337159233,14126600
2013-08-13,7.293161392211914,7.737296742174205,7.25420278978185,7.6204187056208825,9450300
2013-08-14,7.636003017425537,7.7450882971180715,7.199659669392191,7.2464110343230885,16534000
2013-08-15,7.682753086090088,7.7840470835738165,7.448998507529758,7.50354114344881,9528900
2013-08-16,8.041177749633789,8.095721128879106,7.674961845307284,7.682753119695742,14492900
2013-08-19,8.539855003356934,8.828152937931343,8.048969089972088,8.048969089972088,16524900
2013-08-20,7.986634254455566,8.469728139700901,7.986634254455566,8.415185509409728,15612400
2013-08-21,7.9476752281188965,8.189222551821407,7.791838604643553,7.9476752281188965,12244100
2013-08-22,7.89313268661499,8.220389971227519,7.89313268661499,8.158055321119193,6916100
2013-08-23,7.9476752281188965,7.9788425528139655,7.729503955253415,7.893132595674436,7948200
2013-08-26,7.9476752281188965,8.064553253041131,7.869757287925043,7.994426586705318,4527100
2013-08-27,7.900925159454346,8.111304429934798,7.729504490223381,7.861965815117169,6360900
2013-08-28,8.025596618652344,8.150265959486978,7.877551219095301,8.025596618652344,9037500
2013-08-29,7.97105073928833,8.17363872652011,7.963259465231457,8.080136750048748,4663200
2013-08-30,8.095722198486328,8.173640154279227,7.854174826426435,8.080138161475077,10788500
2013-09-02,8.220392227172852,8.376228895210359,8.15026554078401,8.181432874391513,7205100
2013-09-03,8.134679794311523,8.274933137638724,8.056761848197949,8.251557828113421,5971400
2013-09-04,8.072345733642578,8.173639739816007,7.885341757516745,8.103513062996884,7894600
2013-09-05,7.9476752281188965,8.072344526899172,7.815213912392945,8.056761236095456,8785400
2013-09-06,7.9476752281188965,8.064553253041131,7.861965270979367,8.033385928346062,8077400
2013-09-09,8.017804145812988,8.158057517867043,7.963261498053231,7.963261498053231,6584700
2013-09-10,8.158055305480957,8.212597938449276,8.041177279436159,8.103511929424993,7096600
2013-09-11,8.181431770324707,8.282725776651638,8.15026444092317,8.15026444092317,7981000
2013-09-12,8.220392227172852,8.329477523255182,8.11909820717651,8.181432874391513,6008200
2013-09-13,8.259349822998047,8.290517149975532,8.150263807033005,8.251557805481752,3200500
2013-09-16,8.134679794311523,8.407394463428261,8.00221921160968,8.33726779176466,4151400
2013-09-17,8.064555168151855,8.142473126849088,7.9476771154742885,8.1190978135487,4973600
2013-09-18,8.298308372497559,8.337267716747643,8.080137085019844,8.103512394334821,6681300
2013-09-19,8.298308372497559,8.376227060997728,8.189223100302543,8.368435043530175,5768200
2013-09-20,8.103511810302734,8.399601764940977,8.087928519578423,8.274932466795955,4929800
2013-09-23,8.158055305480957,8.399601888415782,8.048969296456674,8.274932588438112,3173800
2013-09-24,8.064555168151855,8.3996038024168,8.002220503958945,8.274934474030978,5433200
2013-09-25,8.095722198486328,8.173640154279227,8.025595518111269,8.025595518111269,2843100
2013-09-26,8.197014808654785,8.25155744269545,8.06455348905232,8.103512088745562,5054700
2013-09-27,8.274931907653809,8.31389124646353,8.142470601553306,8.181429940363026,4552400
2013-09-30,8.197014808654785,8.352851436690727,8.142471431526463,8.181430774307362,8363700
2013-10-01,8.500895500183105,8.563230147383775,8.181430247507771,8.298307525237124,8564900
2013-10-02,8.680110931396484,8.734653579288082,8.430771520132373,8.571024892525445,5311500
2013-10-03,8.578815460205078,8.906072778360805,8.493104750205227,8.789194740112205,8031800
2013-10-04,8.687899589538574,8.734650947277972,8.48531235423484,8.571022309821512,5171000
2013-10-07,8.87490463256836,9.015157225224,8.656732611837093,8.687899937214752,6306700
2013-10-08,8.890488624572754,8.952823280242068,8.812570676529965,8.913863934676819,4810700
2013-10-09,8.843737602233887,8.976198925280002,8.703484261811488,8.937239581486262,5868400
2013-10-10,8.789196014404297,8.968408735133357,8.726861348869274,8.945032678241853,8178800
2013-10-11,9.061909675598145,9.124244333856561,8.773611695381037,8.874905700822897,6828000
2013-10-14,9.428126335144043,9.506044286298911,8.99957500298518,9.093076990223665,7735000
2013-10-15,9.451498985290527,9.583960282358339,9.373580312984451,9.467082273899225,7345500
2013-10-16,9.428126335144043,9.724215589855378,9.295665000784254,9.459293664223539,9929200
2013-10-17,8.85152816772461,9.264496138546564,8.750234179207203,9.264496138546564,17219700
2013-10-18,8.758028030395508,8.999575398698287,8.508689386796078,8.906073407348499,8786300
2013-10-21,8.726859092712402,8.851528391551664,8.641149135532318,8.812569792980122,3970700
2013-10-22,8.960615158081055,9.030741830386155,8.687900486469596,8.750235141165753,5658100
2013-10-23,8.828156471252441,8.921658481259644,8.789197114644127,8.874907847800003,4883800
2013-10-24,8.804779052734375,8.898281040421724,8.672317717738695,8.828154363884275,4342800
2013-10-25,8.76581859588623,8.890487897022588,8.734651270602141,8.81256995535619,2846400
2013-10-28,8.867112159729004,8.929446807280648,8.742442864625714,8.781402205117395,4485900
2013-10-29,8.812570571899414,8.960615191584393,8.742443899332113,8.874905226828638,3753200
2013-10-30,9.100869178771973,9.217746479237862,9.03853451944513,9.116452472059805,9351400
2013-10-31,9.256704330444336,9.373581612013245,9.054116348843102,9.054116348843102,7846900
2013-11-01,9.27228832244873,9.412541665408478,9.085284360560859,9.311247666947292,6850300
2013-11-04,9.256704330444336,9.365790338172916,9.1943696811959,9.23332902274808,5245700
2013-11-05,9.19437026977539,9.287872249633592,9.061908945871016,9.272288214780051,6470600
2013-11-06,9.202163696289062,9.256706340452968,9.139828290417432,9.233331027680979,6465800
2013-11-07,9.506044387817383,9.661881034879094,8.929448422145176,9.147619728031572,14275900
2013-11-08,9.802133560180664,9.8878435230474,9.435916913227002,9.482668274937385,11970200
2013-11-11,9.80992603302002,9.848885379072536,9.693047994862471,9.802134015191973,4455600
2013-11-12,9.82551097869873,9.880054369584089,9.700841644825644,9.817719702647546,8584500
2013-11-13,9.755383491516113,9.817718148585607,9.661880762824147,9.72421541989364,6483800
2013-11-14,9.926803588867188,9.950179642965418,9.74759163264052,9.786550979716498,5612000
2013-11-18,10.207310676574707,10.215101951812233,9.903428649678192,9.942387998216889,5861200
2013-11-19,9.957969665527344,10.355353618166646,9.848884399139205,10.137182342302726,5607400
2013-11-21,9.607337951660156,9.880052628772575,9.513835967729882,9.85667657547422,11238900
2013-11-22,9.521628379821777,9.693048319249222,9.43591766702031,9.568379002179173,4723700
2013-11-25,9.661882400512695,9.724217068147912,9.396960434606955,9.56838039905987,3847900
2013-11-26,9.420333862304688,9.802133810867792,9.28008051667428,9.646297172993842,5015200
2013-11-27,9.646297454833984,9.763174750882376,9.435917430241606,9.435917430241606,5608500
2013-11-28,9.70083999633789,9.763174652681752,9.545003355478238,9.739799342324734,3171600
2013-11-29,9.70083999633789,9.802133998668594,9.6073380118221,9.732007324509821,3430200
2013-12-02,9.646297454833984,9.69304807601825,9.521628140892306,9.630713419047412,4165400
2013-12-03,9.583961486816406,9.65408815208749,9.42033284887975,9.513834821545322,5379800
2013-12-04,9.77875804901123,9.77875804901123,9.498251370714664,9.646296727168446,4867700
2013-12-05,10.456648826599121,10.55015081284277,9.498252167198189,9.646297536066431,15341500
2013-12-06,10.363144874572754,10.511189472270717,10.222891550268036,10.441062810118359,7208300
2013-12-09,10.324185371398926,10.596899999199211,10.293018049057828,10.464438693477653,3504000
2013-12-10,10.40989875793457,10.581319458933155,10.40989875793457,10.573527440004169,4123100
2013-12-11,10.331978797912598,10.534566792323671,10.285227436476319,10.441064069451114,5160000
2013-12-12,10.113808631896973,10.378731328303882,10.074850023791807,10.324188682486396,3988400
2013-12-13,10.183932304382324,10.355352953095473,10.12938967469125,10.168349014365274,3105700
2013-12-16,10.28522777557373,10.331979138551372,10.13718315513866,10.246268430273647,3205200
2013-12-17,10.324185371398926,10.39431203243829,10.230683404375633,10.308601338684587,3672000
2013-12-18,10.838447570800781,10.892990204204585,10.363145675069068,10.370937692151799,9238200
2013-12-19,11.228038787841797,11.570880086619274,10.846238892324351,10.88519823215192,10949600
2013-12-20,11.017660140991211,11.586464006914529,11.00986812398435,11.235831415569834,8985400
2013-12-23,11.29816722869873,11.368293902805378,11.041036585699501,11.041036585699501,2929500
2013-12-26,11.228038787841797,11.415042727309002,11.134536818108193,11.415042727309002,2180900
2013-12-27,11.103371620178223,11.274792302378875,10.994285596398218,11.251416248155326,2361400
2013-12-30,11.07220458984375,11.30595993677489,11.025453223222417,11.087787883325687,2700000
2014-01-02,10.456648826599121,11.173498130888161,10.386522151144451,11.103371455433491,7429100
2014-01-03,10.752738952636719,10.760530970690834,10.386522278058456,10.45664895437001,18385800
2014-01-06,10.97091007232666,11.103371404671513,10.643652750426165,10.737154736242346,5677900
2014-01-07,10.877409934997559,11.173499978609659,10.776115914044377,11.10337329155839,5058700
2014-01-08,10.89299201965332,11.157914699917468,10.830657358777964,10.908576056416045,4664100
2014-01-09,10.635860443115234,11.041036447048775,10.55015047755439,10.916367136019288,8281200
2014-01-10,10.705986022949219,10.88519869656707,10.61248404922637,10.635859356885174,6106200
2014-01-13,10.64365291595459,10.838448908539666,10.604693568820025,10.682612263089153,4815900
2014-01-14,10.612485885620117,10.705987875522633,10.456649235782594,10.620277903883935,4492500
2014-01-15,10.799489974975586,11.009870011706168,10.573526644647057,10.596902699675633,4737100
2014-01-16,10.838447570800781,11.05661884750364,10.807280245557516,10.84623958788351,4749000
2014-01-17,10.861824035644531,10.955326764419146,10.776114067870148,10.869616053557037,2499800
2014-01-20,10.620277404785156,10.892991343412719,10.542358711984294,10.86182401490992,4248000
2014-01-21,9.934596061706543,10.705988048156808,9.864469382376923,10.667028699297267,10526200
2014-01-22,9.996930122375488,10.176142819133343,9.545003486151654,9.973554811698456,9867100
2014-01-23,9.708633422851562,10.028098768739413,9.630714719572067,9.887845400071448,6763500
2014-01-24,9.70083999633789,9.989137967700175,9.381374696803674,9.591754719279994,10069600
2014-01-27,9.521628379821777,9.887844312943109,9.389167044662914,9.802134343229387,6206400
2014-01-28,9.5294189453125,9.693047597555948,9.451500999488951,9.685256323134976,3496300
2014-01-29,9.599544525146484,9.716422545223088,9.46708321491223,9.529417861718043,5585600
2014-01-30,9.474876403808594,9.677464402536375,9.326831785099952,9.61512974801824,5439400
2014-01-31,9.27228832244873,9.42812570044298,9.10865967002492,9.381374338427166,9587900
2014-02-03,9.054119110107422,9.37358447070596,8.937241792894055,9.241123114883953,3866300
2014-02-04,9.342414855957031,9.451500870324454,8.991782246823597,9.170994931635242,5295200
2014-02-05,9.29566478729248,9.389166772383524,9.155411438112054,9.34241540829414,3286600
2014-02-06,9.622923851013184,9.755385206342176,9.30345774851582,9.342417101804557,6525000
2014-02-07,9.591753959655762,9.80992523958108,9.428125313939859,9.693047210876772,3584600
2014-02-10,9.108659744262695,9.591754431041904,9.054117107372786,9.498251706248208,6413000
2014-02-11,9.233330726623535,9.287873369009052,8.999575377261971,9.186579359516115,7331200
2014-02-12,9.435916900634766,9.443708918090712,9.15541096000986,9.311247593690362,6299200
2014-02-13,9.373579978942871,9.443706632901765,9.15540874458326,9.350204675319075,4451800
2014-02-14,8.991781234741211,9.420332483484865,8.81256931318869,9.303454464870635,11494500
2014-02-17,8.508687973022461,9.015157194452607,8.45414533956964,8.945030526820323,7543400
2014-02-18,7.838591575622559,8.664526221479855,7.830799557074069,8.493105528852047,16097400
2014-02-19,8.025596618652344,8.165849255547364,7.6827551882692156,7.838592607400393,15208500
2014-02-20,8.306100845336914,8.368435502319397,7.854174210670053,7.885341539161295,8547300
2014-02-21,8.111302375793457,8.399600261938458,8.048967737874943,8.345057639531634,4740800
2014-02-24,7.939884662628174,8.103513332961422,7.854174689820384,8.103513332961422,5117500
2014-02-25,7.791839122772217,7.900925138002595,7.690545125005656,7.893133120538779,3816000
2014-02-26,7.752879619598389,7.88534094141693,7.597042988955301,7.854173615288313,3335600
2014-02-27,7.885340690612793,7.986634683080922,7.760671390063601,7.823006040338197,4070400
2014-02-28,7.612627029418945,7.947675599787379,7.612627029418945,7.916508273634789,6393900
2014-03-05,7.472374439239502,7.737297109636925,7.3554963971353615,7.628211085623944,5342500
2014-03-06,7.503540992736816,7.628210296955002,7.37887168851863,7.464581649396716,5089500
2014-03-07,7.082782745361328,7.526917391741155,6.997072028980817,7.480166767431582,9354900
2014-03-10,6.794482707977295,6.965902602997929,6.662021407132909,6.965902602997929,11796800
2014-03-11,6.833443641662598,6.950320937671187,6.7243576204569155,6.887986280721576,4829700
2014-03-12,6.638647079467773,6.958112354510618,6.599687736467696,6.755524365380344,10483200
2014-03-13,6.685398578643799,6.802275879976717,6.576312552468719,6.700982615134993,10525300
2014-03-14,7.036030292510986,7.2308262642877175,6.763316377876159,7.012654983962324,15121900
2014-03-17,6.942529201507568,7.215243894044642,6.864611248702516,7.1139498866190936,6394300
2014-03-18,7.230827808380127,7.2853711974245785,6.864611838260144,6.973697130173408,7629000
2014-03-19,7.511333465576172,7.620418741839148,7.1295327693926165,7.184076150611818,7708800
2014-03-20,7.402246475219727,7.667169099542662,7.347703844242987,7.464581122932462,19253700
2014-03-21,7.441206932067871,7.589251556821895,7.28537028940897,7.363288239194556,6842900
2014-03-24,7.558084487915039,7.6671705130673065,7.441207187677986,7.495749828710244,4885600
2014-03-25,7.752879619598389,7.854173615288313,7.534708336698066,7.5892509716512295,4905600
2014-03-26,7.690545558929443,7.947676205041999,7.581459537544103,7.846382201560124,6559600
2014-03-27,8.103511810302734,8.18143049318719,7.737295932773641,7.737295932773641,10458700
2014-03-28,8.041177749633789,8.337267725938062,7.900925150501639,8.15805578251288,6061000
2014-03-31,7.97105073928833,8.165846709375582,7.791838803490131,8.165846709375582,6889600
2014-04-01,7.745086193084717,8.010008788519436,7.682751552169198,8.010008788519436,7695800
2014-04-02,7.978844165802002,8.072346158789394,7.737297536356518,7.745088811789628,8712400
2014-04-03,7.838591575622559,8.095722243020376,7.807424244516392,8.087930224471886,4346200
2014-04-04,7.924300193786621,8.173638799950258,7.830798216475257,7.9476755023425465,10207300
2014-04-07,7.95546817779541,8.197015529817897,7.916508831586917,8.080137491192414,7990500
2014-04-08,7.472374439239502,8.173639719513362,7.417831798776883,8.15805642641879,13420300
2014-04-09,7.004863262176514,7.386663204620073,6.654230646808189,7.386663204620073,22009300
2014-04-10,7.090573787689209,7.223035110144707,6.8568184690567024,6.8568184690567024,9113800
2014-04-11,7.246411323547363,7.316538002198791,7.028240012366739,7.098365947930401,6352700
2014-04-14,7.308747291564941,7.394457279092038,7.199661244913083,7.285371975528078,3919700
2014-04-15,7.02044677734375,7.261993358516653,6.965903401685645,7.23082603374958,5637100
2014-04-16,7.036030292510986,7.184075647190393,7.012654983962324,7.129532269793298,5729200
2014-04-17,7.277578353881836,7.3477050296440645,6.981488357934502,7.074990344588229,6132000
2014-04-22,7.300952911376953,7.441206248428456,7.176283608703466,7.27757760289759,9865900
2014-04-23,7.402246475219727,7.441205815812091,7.16849117475316,7.230825822465896,5248100
2014-04-24,6.9892802238464355,7.597043495415081,6.934736842169447,7.5736681850322105,23187500
2014-04-25,7.012655735015869,7.028239771109131,6.856819089521953,6.973696387870455,5086900
2014-04-28,7.0282392501831055,7.082781886291396,6.887985908090148,7.012655215244917,3886200
2014-04-29,7.0282392501831055,7.191867158507976,6.965903853518036,7.082781886291396,4381400
2014-04-30,6.817859172821045,7.004863131791665,6.794483863721637,7.004863131791665,5134000
2014-05-02,7.004863262176514,7.0126552797172454,6.755524645574629,6.8100672821843675,9747400
2014-05-05,6.856818199157715,7.137324124622808,6.849026182122885,7.012654824416099,8855500
2014-05-06,6.856818199157715,6.950320174312746,6.786691532019531,6.856818199157715,5591300
2014-05-07,6.810067176818848,6.8957778822653975,6.72435721445998,6.833443229079369,6141200
2014-05-08,6.84123420715332,6.864610258401545,6.739940214340624,6.810066881910003,3575900
2014-05-09,6.716566562652588,6.864611951385763,6.677607210718182,6.856819932381316,4680500
2014-05-12,6.786693096160889,6.825652447226428,6.74773374509535,6.74773374509535,4080600
2014-05-13,6.771108150482178,6.825651531894696,6.739940822426902,6.8100674963232,3429300
2014-05-14,6.880193710327148,6.911361036299108,6.747732389174404,6.771107697881456,6078400
2014-05-15,6.856818199157715,6.887985524209392,6.755524206967854,6.8646102161925455,3464700
2014-05-16,6.763317584991455,6.919154241608997,6.739941529182978,6.864611597564806,3713400
2014-05-19,6.6464385986328125,6.755524614437186,6.607479254196416,6.708773252495972,4141400
2014-05-20,6.35814094543457,6.716565593980525,6.326973616999606,6.646438919229924,8957000
2014-05-21,6.467226982116699,6.475019000016187,6.319181614377351,6.381516271397794,6305100
2014-05-22,6.521770000457764,6.560729349132834,6.451643321460191,6.451643321460191,2894000
2014-05-23,6.467226982116699,6.560728967647365,6.404892325096256,6.521769621237656,4089700
2014-05-26,6.4828104972839355,6.552937174610245,6.428267856291362,6.4750192222048195,2033900
2014-05-27,6.475019931793213,6.5529378927375594,6.451643874730859,6.529562578763039,2899400
2014-05-28,6.35814094543457,6.498394294935774,6.334765634880278,6.467226966500809,5506300
2014-05-29,6.295806884765625,6.38930887892498,6.2646395533791726,6.36593356615709,4647000
2014-05-30,6.139969348907471,6.256846639103936,6.124385685445019,6.2412633471853285,6949100
2014-06-02,6.194512367248535,6.256847024942307,6.11659404513132,6.210096031671978,4028600
2014-06-03,6.178929328918457,6.249056383245527,6.108803017679198,6.163345662915966,7538300
2014-06-04,6.147761821746826,6.186721171414949,6.108802843622598,6.163345487305296,3362700
2014-06-05,6.147761821746826,6.295806830324239,6.108802843622598,6.186721171414949,5362900
2014-06-06,6.34255838394165,6.365933697190688,6.241264369078742,6.249056387857691,7834900
2014-06-09,6.451642990112305,6.529561683460644,6.3191816572727655,6.334765693177526,6660700
2014-06-10,6.326972961425781,6.490601604526778,6.288013619146945,6.451642262247941,7487900
2014-06-11,6.381516456604004,6.404892510980892,6.326973815900095,6.365933163440493,4692500
2014-06-13,6.210095405578613,6.350348371249487,6.210095405578613,6.342557097139072,4424000
2014-06-16,6.155552387237549,6.2100950180450845,6.10880140159803,6.202303372877068,3806900
2014-06-17,6.264638900756836,6.264638900756836,6.132177570391701,6.163344898531279,3217500
2014-06-18,6.397099494934082,6.475018177859885,6.249054889080216,6.272430196722904,5839900
2014-06-20,6.3191819190979,6.404892633949905,6.311390643910432,6.350349249111058,3309500
2014-06-23,6.365931510925293,6.389306816146499,6.288012836071197,6.365931510925293,2545400
2014-06-24,6.256845951080322,6.428266601861149,6.202303320731352,6.37372397151218,4809900
2014-06-25,6.256845951080322,6.295805291224275,6.155552335484892,6.210094965833861,4325700
2014-06-26,6.163344860076904,6.272430879428674,6.155553213862553,6.256846843912259,4229100
2014-06-27,5.906213760375977,6.1867200616557785,5.882838452003226,6.1867200616557785,7519300
2014-06-30,5.906213760375977,5.921797423139086,5.828295446560428,5.921797423139086,3144300
2014-07-01,6.0386762619018555,6.132178256786574,5.945174267017137,5.968549579966366,7414200
2014-07-02,6.3191819190979,6.358141267386288,5.999716600691092,6.015300265697671,9167700
2014-07-03,6.498394012451172,6.529561339531296,6.326973341966646,6.358140669046769,7779900
2014-07-04,6.576312065124512,6.576312065124512,6.467226790121065,6.475018807789227,1209400
2014-07-07,6.584104061126709,6.646438716091472,6.490602078679563,6.545144716001806,4985600
2014-07-08,6.545145034790039,6.638647764879036,6.537353759855738,6.576312363790459,3222900
2014-07-10,6.475019931793213,6.69319126276035,6.397101227761033,6.685399243739565,4650400
2014-07-11,6.537353038787842,6.545144312862768,6.404891719374564,6.48280966173742,4639600
2014-07-14,6.69318962097168,6.755524271672074,6.584103610702166,6.584103610702166,4386800
2014-07-15,6.973695278167725,7.004862602306948,6.700981377721434,6.7165646682472335,6889200
2014-07-16,7.012655735015869,7.160700362463154,6.887986418620737,6.997071698922608,7685100
2014-07-17,6.685398578643799,6.981488584186651,6.6698152852403645,6.973696565941054,9625800
2014-07-18,6.51397705078125,6.95032035599867,6.51397705078125,6.895777721504366,11226300
2014-07-21,6.4828104972839355,6.552937174610245,6.303598537972479,6.545145156443377,7165200
2014-07-22,6.326972961425781,6.537352963878912,6.3191809443524845,6.482809587453481,7060700
2014-07-23,6.256845951080322,6.358139938219556,6.2412626608753055,6.3191805980756035,6222900
2014-07-24,6.116594314575195,6.272431337218315,6.054259654135501,6.272431337218315,14237400
2014-07-25,6.155552387237549,6.311389377579752,6.101009384886207,6.1399687253577095,7069400
2014-07-28,6.334765911102295,6.35034920445541,6.1789288905884705,6.217888238602896,7356400
2014-07-29,6.34255838394165,6.397101029218675,6.288014995576816,6.358141678411739,5479500
2014-07-30,6.210095405578613,6.412683022658764,6.202303759924368,6.342557097139072,4638700
2014-07-31,6.272431373596191,6.342558052769499,6.155553698821974,6.19451267605079,5544500
2014-08-01,6.311390399932861,6.373725057549524,6.202304377559834,6.249055742316198,4631600
2014-08-04,6.288013935089111,6.404891967798175,6.241263316475633,6.342557314255082,3136400
2014-08-05,6.272431373596191,6.303598703996799,6.2178883596231875,6.272431373596191,4856400
2014-08-06,6.288013935089111,6.319181261860658,6.217887635625052,6.288013935089111,5451200
2014-08-07,6.2412638664245605,6.334765854978128,6.2256798301217575,6.311390543611673,5797300
2014-08-08,6.381516456604004,6.412683786018773,6.210096144822774,6.233471827655788,8705100
2014-08-11,6.576312065124512,6.607479392709454,6.428267444867961,6.443851480204284,8946000
2014-08-12,6.5529375076293945,6.65423151968317,6.506186882427831,6.584104838793034,5610300
2014-08-13,6.428267478942871,6.576312099984176,6.358140805733098,6.576312099984176,6026200
2014-08-14,6.350348949432373,6.428267642332095,6.2958063102552035,6.41268360651706,4001900
2014-08-15,6.389307975769043,6.44385135530124,6.311390029860846,6.389307975769043,3820400
2014-08-18,6.311390399932861,6.451643008026486,6.28022307112453,6.436059715166187,6202400
2014-08-19,6.295806884765625,6.311390922002748,6.233472221992721,6.295806884765625,6446000
2014-08-20,6.326972961425781,6.428266954115698,6.256846293941405,6.2958056362202415,5904800
2014-08-21,6.303597927093506,6.350348545388629,6.288013892270012,6.295805909681759,3169900
2014-08-22,6.2802228927612305,6.319181495349389,6.25684683950308,6.311390220684386,5454300
2014-08-25,6.436058521270752,6.436058521270752,6.295805196106529,6.311389229163707,8163200
2014-08-26,6.397099494934082,6.475018177859885,6.358140153471181,6.436058836396984,6396200
2014-08-27,6.529561519622803,6.599688193259165,6.381516154593214,6.420475500289828,7889000
2014-08-28,6.326972961425781,6.498393621600075,6.288013619146945,6.459434279321238,7128600
2014-08-29,6.303597927093506,6.358140562800376,6.241263273974889,6.358140562800376,5413100
2014-09-01,6.311390399932861,6.389308350409823,6.272431053150513,6.303598381958845,4296600
2014-09-02,6.545145034790039,6.568521088856158,6.3113904388307605,6.3113904388307605,7535500
2014-09-03,6.887986183166504,6.895778200946777,6.529561539238771,6.529561539238771,16064700
2014-09-04,6.86461067199707,7.043822617171828,6.7788999650981046,6.8022752746670525,6240500
2014-09-05,6.51397705078125,6.926945047370777,6.490601742153357,6.911361012893741,8111000
2014-09-08,6.350348949432373,6.6074795956786385,6.2958063102552035,6.5451449385939515,7326500
2014-09-09,6.365931510925293,6.4204741374706265,6.3035968682770385,6.3035968682770385,3473300
2014-09-10,6.155552387237549,6.3269726679157845,6.116593046766047,6.319180651203961,10157700
2014-09-11,6.1088032722473145,6.2568479196684,6.093219605595415,6.163345919757003,5406300
2014-09-12,6.233470916748047,6.303597583455485,6.023091288169553,6.10100960032014,7258500
2014-09-15,6.326972961425781,6.350348269558024,6.178927980927555,6.2490550199557555,4834200
2014-09-16,6.233470916748047,6.3737242501629225,6.233470916748047,6.303597583455485,6792400
2014-09-17,6.272431373596191,6.334766034397405,6.210096341251093,6.272431373596191,4178200
2014-09-18,6.389307975769043,6.529561318726565,6.2724306853629015,6.2724306853629015,8639100
2014-09-19,6.365931510925293,6.475017507103515,6.3113888843799595,6.365931510925293,4019500
2014-09-22,6.147761821746826,6.311390867426605,6.101010825071416,6.311390867426605,6157000
2014-09-23,6.124385833740234,6.225679462926961,6.085426488368826,6.171136825259613,4151000
2014-09-24,6.062049865722656,6.171135488980126,6.03867418925274,6.124384507584067,5588800
2014-09-25,5.89063024520874,6.038675230939617,5.843879255748017,6.023091567786042,1004000
2014-09-26,5.547789573669434,5.8828389062638475,5.477663271592347,5.8828389062638475,20161500
2014-09-29,5.150404930114746,5.337408860436332,5.142612913912789,5.337408860436332,13480100
2014-09-30,4.963401794433594,5.150406140236876,4.893275489858249,5.150406140236876,14908700
2014-10-01,5.0724873542785645,5.1581973155462855,4.760813720772408,4.932234014851685,17857700
2014-10-02,5.017944812774658,5.197157140786034,4.963401801103763,5.119238818073233,9879300
2014-10-03,5.329617500305176,5.3997437921476426,5.20494783522472,5.3997437921476426,8737300
2014-10-06,5.337409019470215,5.6023316335299,5.267282729282022,5.4464946487414645,7641900
2014-10-07,5.267283916473389,5.3997448818147715,5.243908233446159,5.376369570331418,4595800
2014-10-08,5.064696311950684,5.360786339358338,5.041320627031592,5.29065965614497,7757500
2014-10-09,5.049111843109131,5.165989506034738,4.994568834665488,5.119238515173265,7706500
2014-10-10,4.799772262573242,4.799772262573242,4.799772262573242,4.799772262573242,6367400
2014-10-13,4.885483741760254,4.963402068673518,4.838732745612296,4.893275760223526,5517800
2014-10-14,4.955609321594238,5.04131927639902,4.846523316589194,4.885482657168683,3892700
2014-10-15,4.776398181915283,4.908859526152944,4.776398181915283,4.846524491801652,5950400
2014-10-16,4.581602573394775,4.71406392915441,4.573810554094124,4.71406392915441,7251600
2014-10-17,4.581602573394775,4.667312556438361,4.558226887036751,4.6361452223236155,5630300
2014-10-20,4.581602573394775,4.581602573394775,4.581602573394775,4.581602573394775,4025700
2014-10-21,4.480307579040527,4.480307579040527,4.480307579040527,4.480307579040527,6055000
2014-10-22,4.597185134887695,4.636144107390026,4.4803074742930225,4.488099491719793,3936800
2014-10-23,4.7218546867370605,4.877691699475995,4.527058699471288,4.5504343814224795,7900200
2014-10-24,4.846523761749268,4.947817759324888,4.70627079155953,4.745230135717489,6993200
2014-10-27,4.854316711425781,4.854316711425781,4.854316711425781,4.854316711425781,10036100
2014-10-28,4.636144161224365,4.994568793053297,4.5971851882696475,4.854315821637393,7078300
2014-10-29,4.262135982513428,4.519266994459919,4.246552318596415,4.488099666625893,14670500
2014-10-30,4.145259380340576,4.316679712020774,4.043965362212138,4.2855123789880105,11499400
2014-10-31,4.441347599029541,4.456931260475323,4.145258031559689,4.176425354451252,7585400
2014-11-03,4.363429546356201,4.433556212725195,4.293303251531024,4.433556212725195,3841000
2014-11-04,4.534850597381592,4.581601588503812,4.379013588763673,4.39459725247108,5342300
2014-11-05,4.527059555053711,4.612769909681586,4.488100573163899,4.511475887989,3773400
2014-11-06,4.2543439865112305,4.503682960225262,4.238760323875593,4.488099297589624,5916600
2014-11-07,4.4569315910339355,4.503682950382499,4.168633647132794,4.308886982090837,7729000
2014-11-10,4.316679000854492,4.542642313886872,4.293303690702925,4.519267003735305,4695400
2014-11-11,4.18421745300293,4.301095112288609,4.168633789867761,4.285511449153441,7261500
2014-11-12,4.277719974517822,4.308887676286165,4.145259006835812,4.199801648956674,2995300
2014-11-13,4.106299877166748,4.379014216939557,4.0907162112238415,4.28551222128212,6325800
2014-11-14,4.269927501678467,4.269927501678467,4.05954787759122,4.106298863883518,7273900
2014-11-17,3.9738376140594482,4.3166785572490225,3.9738376140594482,4.262135553260744,6099400
2014-11-18,3.9037113189697266,4.051755925488103,3.856959960386871,4.005004938449066,8107500
2014-11-19,3.911503553390503,3.9738382121626423,3.8725442058859785,3.8959198886974677,5922200
2014-11-21,4.207592964172363,4.2543439516967005,3.9582539924987445,3.973837655006857,8391600
2014-11-24,4.293303489685059,4.371221805781809,4.15305014916707,4.254344145864764,7862600
2014-11-25,4.293303489685059,4.417972795439859,4.238760482645414,4.293303489685059,10204200
2014-11-26,3.989422082901001,4.347846760896564,3.989422082901001,4.324471448421662,7759500
2014-11-27,3.9738376140594482,4.090715267437865,3.958253951711914,4.0439642803952625,4590600
2014-11-28,4.0907158851623535,4.129675232686211,3.973838214134654,3.9894218788354228,4759600
2014-12-01,3.8180015087127686,3.934879177952277,3.79462582624732,3.9115034954868277,46892233
2014-12-02,3.794625997543335,3.8959200068930877,3.763458667211701,3.8647526765614537,26540595
2014-12-03,3.802417755126953,3.8881277218889823,3.802417755126953,3.810209401403565,3831700
2014-12-04,3.8569610118865967,3.9426713639300974,3.7556673647921888,3.8413773452917708,6419500
2014-12-05,3.981630325317383,4.0673402974029225,3.895919981687961,3.9348793301223934,7072900
2014-12-08,3.8257925510406494,4.012796866602762,3.810208889039124,3.9972132046012367,5413600
2014-12-09,3.8180015087127686,3.9115034954868277,3.7634584973226333,3.810209490709663,5038900
2014-12-10,3.646580696105957,3.8725440084037963,3.6232053860303766,3.833585034429877,7363800
2014-12-11,3.5920376777648926,3.6933312966031417,3.5920376777648926,3.6543723267557584,5901100
2014-12-12,3.366074800491333,3.59203811645146,3.366074800491333,3.57645445230055,5873900
2014-12-15,3.568662405014038,3.638789078886565,3.3037397450901436,3.397242100768132,9575300
2014-12-16,3.8569610118865967,3.89592036414562,3.436201642282383,3.4907446611362327,9795100
2014-12-17,4.16863489151001,4.254345247175969,3.934879882708214,3.934879882708214,14843700
2014-12-18,3.9348785877227783,4.386805160885877,3.9348785877227783,4.355637836636271,10387200
2014-12-19,4.075130939483643,4.075130939483643,3.825792011104753,3.9582533051952957,8604900
2014-12-22,4.106299877166748,4.1140918959101525,3.997214215566405,4.1140918959101525,4566300
2014-12-23,4.153050422668457,4.2231770975456815,4.036172755054371,4.059548437194733,4821900
2014-12-26,4.012798309326172,4.24655332339111,4.012798309326172,4.1764270049436005,3923600
2014-12-29,4.051755905151367,4.082923229687623,3.942670269274473,4.028380597521084,2997500
2014-12-30,3.9348785877227783,4.090715208970808,3.9348785877227783,4.075131546846005,2596000
2015-01-02,3.7322909832000732,3.9816299737691256,3.724499337127461,3.9348789827019,3820600
2015-01-05,3.5063278675079346,3.708915878193895,3.5063278675079346,3.7011238601472645,4975200
2015-01-06,3.677748680114746,3.8257936993362187,3.5141203657582984,3.5141203657582984,9749100
2015-01-07,3.8959195613861084,3.966046232385088,3.771250254315783,3.779041900235757,7605300
2015-01-08,3.7011232376098633,4.020588492909538,3.6855395756816796,3.9738375071249865,9486800
2015-01-09,3.5530786514282227,3.6855399780511795,3.5530786514282227,3.654372650792113,6824200
2015-01-12,3.4128258228302,3.623205476481713,3.397242158542824,3.529703490757455,6627000
2015-01-13,3.288156032562256,3.5842460161630623,3.288156032562256,3.436201024362659,10534600
2015-01-14,3.1868622303009033,3.26478054502409,3.1556949044116287,3.2258212018905805,10869300
2015-01-15,3.1868622303009033,3.334907214046874,3.1323192242227567,3.2491968820794526,8631600
2015-01-16,3.3037400245666504,3.366075057473097,3.1634870365008965,3.2258216978634535,7802400
2015-01-19,3.1946539878845215,3.3037396323173818,3.140111351440014,3.2647806593632827,5308500
2015-01-20,3.1167354583740234,3.2725720826751967,3.1089436271589648,3.2336131123718133,8367200
2015-01-21,3.179070472717285,3.2336134832504047,3.0699848231949094,3.1323194800648384,8704200
2015-01-22,3.171279191970825,3.2491975220407916,3.1479035071778827,3.2336138560267984,9856900
2015-01-23,3.1089439392089844,3.2491971009293996,3.0855684432175696,3.2336134369351233,5336400
2015-01-26,3.101151943206787,3.101151943206787,3.0466091221113283,3.0777764484515906,4485100
2015-01-27,3.031024932861328,3.054400423559357,2.96869010522803,3.054400423559357,6084500
2015-01-28,2.9219396114349365,2.9998579267644345,2.8907722853031372,2.984274263698535,5900900
2015-01-29,2.7661025524139404,2.9219393551778037,2.7583107215643423,2.8985638626290093,6956600
2015-01-30,2.6102659702301025,2.7349354601307447,2.6102659702301025,2.727143628622699,9069700
2015-02-02,2.7115602493286133,2.7816867402386523,2.625849907999963,2.6648092553885876,7670400
2015-02-03,2.7661025524139404,2.8284373849826263,2.742727059865146,2.7894780449627348,6979100
2015-02-04,2.7271437644958496,2.844021428711585,2.68818460501458,2.7738947558733735,5338900
2015-02-05,2.742727518081665,2.7816866788384065,2.6803928608708785,2.6803928608708785,7906900
2015-02-06,2.7583110332489014,2.805062023629274,2.6881845476783424,2.7115600428685287,5824100
2015-02-09,2.9998581409454346,3.0544011513422102,2.7349356641385425,2.766102992495597,12975400
2015-02-10,3.0232338905334473,3.179070535800586,2.960899046654657,2.9998582079714415,14323900
2015-02-11,3.085568904876709,3.116736237528481,2.9297320558458937,3.0076503874753233,8082800
2015-02-12,2.851813316345215,3.1556951377822013,2.8128539703305764,3.1245278095880344,17857600
2015-02-13,2.8050622940063477,2.953107296919356,2.7193521367141504,2.7193521367141504,19047300
2015-02-18,2.9219396114349365,2.976482432165585,2.8206456157346715,2.859604959171338,8515700
2015-02-19,2.937523365020752,2.99206618743214,2.8440213837440864,2.921939701474641,7357400
2015-02-20,3.171279191970825,3.3660752029176937,2.953107496231014,2.953107496231014,22465200
2015-02-23,3.0232338905334473,3.288156187487583,3.0232338905334473,3.2102378648540135,14181500
2015-02-24,3.0388169288635254,3.179069880702595,3.023233267548073,3.0388169288635254,8338200
2015-02-25,3.1634864807128906,3.1634864807128906,2.9686905124063543,3.062192673794886,9019100
2015-02-26,3.1401114463806152,3.2336134301500796,3.124527782419038,3.194654084474208,8698700
2015-02-27,3.218029260635376,3.2258209056201674,3.1323189365398836,3.1556946145818534,9300000
2015-03-02,3.2336134910583496,3.2881561301793063,3.1712788340379063,3.2258214731588626,10729500
2015-03-03,3.3426992893218994,3.3426992893219,3.218029969743385,3.264780964585328,7244200
2015-03-04,3.4595768451690674,3.537495167269839,3.303739829423657,3.311531847405668,14456200
2015-03-05,3.4673686027526855,3.5764546287343535,3.405033943073949,3.5063279508238354,20674900
2015-03-06,3.443993091583252,3.5374950756833927,3.272572415855802,3.4673684018363584,11137700
2015-03-09,3.5374948978424072,3.5530785610756577,3.389449911354608,3.389449911354608,8998700
2015-03-10,3.5374948978424072,3.6076215681639536,3.490743908142656,3.514119588764451,12807300
2015-03-11,3.6076221466064453,3.6076221466064453,3.5452874836787664,3.5686627965046966,6398000
2015-03-12,3.6232056617736816,3.685540322111003,3.5920383316050213,3.6465809736282355,5702600
2015-03-13,3.786834239959717,3.8180015693796427,3.5452872511833555,3.592038245313244,8637700
2015-03-16,3.810209274291992,3.888127592177993,3.7556666375437153,3.8413766014463926,8289700
2015-03-17,3.9738376140594482,3.9816296310051245,3.8335846529316386,3.8569599606810314,9155000
2015-03-18,3.950462579727173,4.043964560283784,3.9426705622422,4.005005215946607,6779900
2015-03-19,4.0050048828125,4.012796899649337,3.8959192479034703,3.9504622511298915,6950200
2015-03-20,3.9582552909851074,4.043965648668501,3.942671623364849,3.9972146458077256,5159200
2015-03-23,3.8959195613861084,3.9504625690012976,3.8180012444671547,3.9504625690012976,6131800
2015-03-24,3.7790422439575195,3.9192955987121847,3.7790422439575195,3.888127897565911,6674800
2015-03-25,4.028380870819092,4.145258531531305,3.818001230154644,3.818001230154644,15558500
2015-03-26,4.043964862823486,4.137466850375229,3.9738381863877446,4.05175650934753,8253700
2015-03-27,4.0050048828125,4.090715210298644,3.9426702342930544,4.028380561779199,7184900
2015-03-30,3.989422082901001,4.082924075888394,3.9816304359239982,4.036173079394697,3342300
2015-03-31,3.8725430965423584,4.005004394259718,3.8725430965423584,3.973837073801959,6938200
2015-04-01,3.8257925510406494,3.950462218596661,3.8257925510406494,3.903711232592085,9969300
2015-04-02,3.8959195613861084,3.9348789056175066,3.8024175810833643,3.8413765537709197,4263400
2015-04-06,3.9348785877227783,3.9816295740971874,3.9037112634731725,3.9348785877227783,3956600
2015-04-07,3.7400832176208496,3.997213869167807,3.7400832176208496,3.973838186507233,8643600
2015-04-08,3.5842456817626953,3.818000988384883,3.5842456817626953,3.7868336637077666,10049700
2015-04-09,3.6076221466064453,3.662164790896215,3.5297038179468467,3.576454815142606,7802800
2015-04-10,3.7790422439575195,3.7790422439575195,3.599829912971796,3.623205595945532,5397300
2015-04-13,3.763458013534546,3.8180010179132426,3.724499043158752,3.7556663680769153,4032700
2015-04-14,3.8257925510406494,3.8413762130421745,3.7556662578056903,3.786833581808741,3904900
2015-04-15,4.106299877166748,4.192010225624683,3.8647528692797515,3.8647528692797515,14363000
2015-04-16,4.269927501678467,4.425764122652793,4.106298863883518,4.121882525980951,11461400
2015-04-17,4.0907158851623535,4.301095544394663,4.0907158851623535,4.301095544394663,7525800
2015-04-20,4.2153849601745605,4.262135951586362,4.036172640657395,4.082923632069197,5687300
2015-04-22,4.379014015197754,4.410181345647683,4.246552675013613,4.246552675013613,7058700
2015-04-23,4.675103664398193,4.745230338258201,4.464724014362029,4.464724014362029,9885400
2015-04-24,4.659520149230957,4.908859153053329,4.6283528201961435,4.7997731298876145,8957200
2015-04-27,4.862107753753662,4.932234429360604,4.604977105253364,4.643936452044747,8697100
2015-04-28,4.620560646057129,5.002360971150041,4.597185335842703,4.908858987204622,12238400
2015-04-29,4.661825180053711,4.810690235407616,4.473785346092108,4.544300470628679,8926400
2015-04-30,4.677495956420898,4.787186251697893,4.606981193573691,4.661825967610185,7616300
2015-05-04,5.014400959014893,5.053575741762256,4.7793507681227965,4.7793507681227965,6945300
2015-05-05,5.210275650024414,5.2651204169749946,4.975225474630068,5.0065654482023865,7822000
2015-05-06,5.460996627807617,5.508006972005178,5.265121563525246,5.2729567454255175,18474100
2015-05-07,4.912546634674072,5.555016984910342,4.912546634674072,5.515841822314677,15593400
2015-05-08,4.653991222381592,5.069246118232002,4.638321233360859,5.06141131052264,17083000
2015-05-11,4.75584602355957,4.873370746648235,4.693165698016436,4.75584602355957,8331200
2015-05-12,4.622651100158691,4.7950209740104945,4.559971146030763,4.748011008414548,7379800
2015-05-13,4.395436763763428,4.622651819642626,4.387601581476947,4.622651819642626,8283500
2015-05-14,4.301415920257568,4.481620981268115,4.199561178157527,4.426776206353172,11206200
2015-05-15,4.270075798034668,4.418940875898162,4.2073958439030905,4.285745786567562,5948500
2015-05-18,4.270075798034668,4.356260921766585,4.2073958439030905,4.324920944700796,7287700
2015-05-19,4.113376140594482,4.1917260875996885,4.011521022686706,4.183891279700176,8832700
2015-05-20,4.199561595916748,4.277911549019253,4.019356516979965,4.066366488841467,7736500
2015-05-21,4.230900764465332,4.332755870734776,4.2152307768548,4.2152307768548,6432900
2015-05-22,4.152551174163818,4.3249210523146076,4.097706026133019,4.29358107446901,6051500
2015-05-25,4.152551174163818,4.270075904283808,4.066366048287421,4.113376015055818,3650700
2015-05-26,4.27791166305542,4.324921636170066,4.1603865434677765,4.199561707864343,7253400
2015-05-27,4.238736152648926,4.426776403359757,4.215231354811338,4.324921283124808,6770500
2015-05-28,4.027191162109375,4.270076193674517,3.95667639397887,4.238736213704953,13027200
2015-05-29,3.9958503246307373,4.066365451230734,3.9096652114087354,4.035025477986724,11193900
2015-06-01,3.956676483154297,3.995851272198157,3.917501320508397,3.964511291522253,6440900
2015-06-02,4.042860984802246,4.105540942147704,3.9645110381204223,3.988016208925977,7301600
2015-06-03,3.948841094970703,4.1133761717279835,3.9410062870118905,4.105540990167151,10401700
2015-06-05,3.8469855785369873,3.9410058795357465,3.7843056269391355,3.9410058795357465,7111000
2015-06-08,3.737295627593994,3.878325517344002,3.6902856643439916,3.878325517344002,10135600
2015-06-09,3.768636465072632,3.846986421743173,3.7137913086022216,3.7372964824044153,3566400
2015-06-10,3.745131015777588,3.893995720849799,3.7059558574310074,3.8078109702505185,7005700
2015-06-11,3.7764713764190674,3.8156461651408575,3.7216262238861177,3.7529662043043643,5035900
2015-06-12,3.68245005607605,3.7608003593302954,3.6511100842151247,3.7608003593302954,9332000
2015-06-15,3.6589462757110596,3.6746162659744073,3.5962663146576683,3.6589462757110596,3267500
2015-06-16,3.6041007041931152,3.666780657963118,3.5492559314453596,3.6511106695206172,6667700
2015-06-17,3.4865760803222656,3.6276063691708003,3.4787412718318165,3.6197711870783063,6746900
2015-06-18,3.6432762145996094,3.6589462045582346,3.4552359614940786,3.4630711432744063,7446500
2015-06-19,3.6432762145996094,3.6432762145996094,3.5805962547651093,3.619771042860657,3395700
2015-06-22,3.588430881500244,3.721625976214779,3.588430881500244,3.698120805664327,4106200
2015-06-23,3.5492563247680664,3.643276265842205,3.5492563247680664,3.643276265842205,3168600
2015-06-24,3.4474005699157715,3.5727604683702467,3.423895402154574,3.557090481063437,5055700
2015-06-25,3.3220410346984863,3.447401334560238,3.2280210900037103,3.4395661523679815,10874500
2015-06-26,3.4082257747650146,3.502245708534614,3.298535852033816,3.306370659713613,6321500
2015-06-29,3.384721279144287,3.408226077876086,3.306370953766184,3.3690512887890742,4400600
2015-06-30,3.228020668029785,3.4395657027404263,3.228020668029785,3.384720928972261,11158500
2015-07-01,3.2045156955718994,3.2985356228077447,3.1888457076992585,3.2515256591898223,6011600
2015-07-02,3.2201859951019287,3.26719596326959,3.141836048155827,3.1731760269342675,6165700
2015-07-03,3.157505989074707,3.2515259239667453,3.141835999926034,3.220185945669399,3494900
2015-07-06,3.2750303745269775,3.3377106980947135,3.1026605121211244,3.134000487104007,7249400
2015-07-07,3.2671961784362793,3.298536159278667,3.1496710634763043,3.282866168857473,9112400
2015-07-08,3.157505989074707,3.2750307208887492,3.157505989074707,3.212350764294057,6244500
2015-07-10,3.212350606918335,3.2907005488232715,3.1966806185373478,3.2515257646717997,4331700
2015-07-13,3.3925557136535645,3.3925557136535645,3.157505884228397,3.23585582737012,8531200
2015-07-14,3.345546245574951,3.369051418815961,3.2593611084939886,3.3612162365349394,6605200
2015-07-15,3.369050979614258,3.4395657429406175,3.3063706503434855,3.3298758205202756,6449600
2015-07-16,3.25152587890625,3.408225768221392,3.25152587890625,3.3925557792898777,4694300
2015-07-17,3.1340010166168213,3.2907009180068485,3.102661036338816,3.251526129460359,8110100
2015-07-20,3.094825506210327,3.1966804245043257,3.071320525065558,3.134000474784942,4267500
2015-07-21,3.008640766143799,3.1418360496160953,3.008640766143799,3.071320910530821,5303700
2015-07-22,2.930290460586548,2.9851354167630246,2.8676105106705743,2.9773004230235283,8208400
2015-07-23,3.0321455001831055,3.079155651296784,2.883280613192935,2.922455583453506,8069700
2015-07-24,3.008640766143799,3.134000868116835,2.9616307979542884,3.008640766143799,6363100
2015-07-27,2.930290460586548,2.9929704105025214,2.9146204731075547,2.9616304355445346,4625700
2015-07-28,3.1731760501861572,3.228020826649303,2.9616308182795383,2.9616308182795383,12546800
2015-07-29,3.079155921936035,3.251525993033832,3.063485932454509,3.1496708746029025,6374500
2015-07-30,3.0164759159088135,3.149671019427209,2.985135935504725,3.1183310390231203,4885900
2015-07-31,3.079155921936035,3.1340008851213765,2.9773008035051056,3.016475777208921,3837600
2015-08-03,3.1261661052703857,3.1731762637474086,3.047816152477052,3.0869911288737186,3867300
2015-08-04,3.2671961784362793,3.2907009772670492,3.1418362550667283,3.1496710634763043,5305800
2015-08-05,3.2671961784362793,3.4865760443329936,3.2358561975938915,3.3533813125538665,10896300
2015-08-06,3.1888461112976074,3.4003911611535846,3.1653409397127086,3.2201860910094537,9816900
2015-08-07,3.094825506210327,3.243690386793863,3.0791555187804813,3.1888456175903874,5483700
2015-08-10,3.0713210105895996,3.1731761317861595,3.063486015636096,3.110495985357117,4995400
2015-08-11,2.969465732574463,3.0713208483920167,2.9146207707963208,3.047815864772813,7695000
2015-08-12,2.8676109313964844,2.985135854731783,2.8441059467294245,2.977300859842763,7995100
2015-08-13,2.7892608642578125,2.906785977282576,2.7735908740946464,2.8989509822009927,5883800
2015-08-14,2.718745708465576,2.8127656425261476,2.718745708465576,2.8049306480211,5022600
2015-08-17,2.742250680923462,2.8519407903528418,2.7030757085561845,2.7187456975030955,3932900
2015-08-18,2.632560968399048,2.750086090020867,2.624725972744329,2.7265811030567093,4737000
2015-08-19,2.5307059288024902,2.679571027391113,2.483695956659038,2.6325608684466366,9631700
2015-08-20,2.4680256843566895,2.5542106234531343,2.4366855197024337,2.5072006566732554,8873500
2015-08-21,2.4053452014923096,2.4601903417759052,2.3896752147829896,2.436685174910949,4972500
2015-08-24,2.154625654220581,2.2956557493465755,2.154625654220581,2.232975603290015,11255600
2015-08-25,2.099780797958374,2.2721508815849067,2.084110807337873,2.2408107135428823,8411800
2015-08-26,2.2643160820007324,2.279986073975738,2.0762759914996303,2.1311209634121484,10848200
2015-08-27,2.3975107669830322,2.4915308959554556,2.311325819992579,2.326995810354479,10919500
2015-08-28,2.326995611190796,2.4993656772198554,2.295655633149331,2.381840572763359,10504300
2015-08-31,2.3348302841186523,2.413180218430965,2.2016352089867426,2.24864516957413,9159000
2015-09-01,2.4288506507873535,2.4288506507873535,2.2486455820152775,2.2486455820152775,9384900
2015-09-02,2.5463759899139404,2.5777159722093317,2.4523560430277658,2.4680260341754616,8574900
2015-09-03,2.5072004795074463,2.6325603820621755,2.5072004795074463,2.5855504186041522,7500600
2015-09-04,2.7109110355377197,2.7109110355377197,2.428850826295087,2.428850826295087,11353400
2015-09-08,2.9224560260772705,2.9929709832262184,2.7422509487844935,2.7814259249783535,10337200
2015-09-09,2.945960760116577,3.1183308274447974,2.875445808991807,3.0243107058107657,11563700
2015-09-10,3.3220410346984863,3.3220410346984863,2.7109110205803923,2.7422510021453173,18081800
2015-09-11,3.6432762145996094,3.6902861844754846,3.3298760418250786,3.3612160217423286,20185400
2015-09-14,3.353381395339966,3.82348149318335,3.3377114045319214,3.690286384513947,18388600
2015-09-15,3.329875946044922,3.4474010541551467,3.1104959061333775,3.290700785474174,13024900
2015-09-16,3.4709060192108154,3.6197711135248736,3.3455460970945716,3.3768860776236327,12531300
2015-09-17,3.41606068611145,3.5805957440077756,3.408225505448779,3.43956548089551,14012900
2015-09-18,3.439565658569336,3.5100807937679908,3.3377109199070523,3.3690508969726776,8822300
2015-09-21,3.3377110958099365,3.564926128311325,3.3377110958099365,3.4865758079160742,6328600
2015-09-22,3.063486337661743,3.2828664062215127,3.0086411804210256,3.251526423113122,9926600
2015-09-23,2.593385934829712,3.071321219980219,2.585550939342049,3.0634862244925563,11114500
2015-09-24,2.773590326309204,2.883280422588537,2.4523554046073355,2.5307053399490154,15124800
2015-09-25,2.6717355251312256,2.9459604974076057,2.6168903812351587,2.8911155403125273,8479100
2015-09-28,2.6795706748962402,2.757920618161803,2.601220544829678,2.6403955164624593,6108800
2015-09-29,2.687405586242676,2.812765491596787,2.6795705921580435,2.7187455625812036,5722500
2015-09-30,2.624725580215454,2.820600629091264,2.601220596766477,2.781425656676303,10136300
2015-10-01,2.4445204734802246,2.703075660068287,2.4445204734802246,2.632560524271088,12683800
2015-10-02,2.475860834121704,2.4993658189860257,2.3583357229990827,2.428850677592047,15131900
2015-10-05,2.585550546646118,2.6247255181344986,2.5228705922647086,2.5620455637530894,11456600
2015-10-06,2.6012206077575684,2.6952407287517475,2.5777156242092745,2.5855506187253723,9954200
2015-10-07,2.6560659408569336,2.7657558717094344,2.616890778751452,2.703075911222291,13273200
2015-10-08,2.8754451274871826,2.8754451274871826,2.648230152024886,2.6795701228747255,10776900
2015-10-09,2.9224560260772705,3.0399811414598714,2.8832810498834105,2.9773009927486744,12175300
2015-10-13,2.585550546646118,2.804930573782049,2.585550546646118,2.804930573782049,11877400
2015-10-14,2.585550546646118,2.750085613698316,2.5777155523484416,2.6012205352414703,16412500
2015-10-15,2.632560968399048,2.6874061247831134,2.5228710292329795,2.632560968399048,9868400
2015-10-16,2.609055757522583,2.695240889129013,2.6012207625402723,2.6482309192351505,9431700
2015-10-19,2.515035629272461,2.6717357039774776,2.4993656404820594,2.624725550805272,10894800
2015-10-20,2.43668532371521,2.5620454118462743,2.405345348382691,2.530705436513755,13044500
2015-10-21,2.3583357334136963,2.4915308350340664,2.3583357334136963,2.4210156933286866,11696800
2015-10-22,2.4053452014923096,2.444520168265609,2.35833524136435,2.3975102081376494,10080400
2015-10-23,2.4053452014923096,2.4915303151945447,2.4053452014923096,2.475860328485225,7422800
2015-10-26,2.381840705871582,2.4523558472065923,2.3661707159751386,2.4288506755609123,4158400
2015-10-27,2.381840705871582,2.421015680612691,2.350500726078695,2.3975106957680254,6764300
2015-10-28,2.2799854278564453,2.405345328131063,2.2799854278564453,2.381840346829572,823000
2015-10-29,2.2016353607177734,2.319160457086747,2.1938003667465744,2.2486453245449662,11638500
2015-10-30,2.1781303882598877,2.248645334306797,2.1624604002494636,2.201635370275524,9488600
2015-11-03,2.2956557273864746,2.3426656963784405,2.178130618105548,2.2094705974335254,9622800
2015-11-04,2.2799854278564453,2.405345328131063,2.2643154403221177,2.3269953904594267,9660800
2015-11-05,2.272150754928589,2.3269957190431234,2.2408105886335563,2.2956557395491037,6554900
2015-11-06,2.170295476913452,2.279985583965117,2.1311205053953572,2.279985583965117,10745300
2015-11-09,2.1311209201812744,2.240810861781195,2.1311209201812744,2.1546259076669716,6049300
2015-11-10,2.115450382232666,2.162460345064262,2.084110407011602,2.138955363648464,7975800
2015-11-11,2.1859657764434814,2.2173057581156277,2.1154508176811526,2.138955803935262,8274900
2015-11-12,2.1781303882598877,2.240810340301585,2.1624604002494636,2.193800376270312,6839300
2015-11-13,2.06060528755188,2.1467902136361108,2.0135951410685973,2.1389552203557263,12016500
2015-11-16,1.9979251623153687,2.1076152554703778,1.9979251623153684,2.052770115492385,8374100
2015-11-17,1.9274108409881592,2.0449357783648545,1.927410840988159,2.0214307908895153,8326100
2015-11-18,2.209470510482788,2.2956556370440375,2.1311205652462015,2.1702955378644946,26549500
2015-11-19,2.0684406757354736,2.326995690152029,2.0684406757354736,2.2799857214946573,15083500
2015-11-23,1.9744205474853516,2.0997806504435204,1.9744205474853516,2.0841106609238755,11349900
2015-11-24,2.0527706146240234,2.0684407918572107,1.9665856672471076,1.9744206624631908,11450700
2015-11-25,2.029265880584717,2.115451025448761,2.013595888209626,2.0449358729598077,11151000
2015-11-26,2.005760669708252,2.091945805019737,1.9979256743891192,2.0371006509847835,7339600
2015-11-27,1.9587503671646118,2.0214303191375618,1.9430803791713742,1.9979253371477055,9738500
2015-11-30,1.7237002849578857,1.9587502813610103,1.7237002849578857,1.9587502813610103,60223700
2015-12-01,1.5905053615570068,1.7785454144248845,1.5591653838791941,1.7628754255859782,19432100
2015-12-02,1.6061753034591675,1.6766904379746066,1.5199903673637374,1.5983403092686739,17624400
2015-12-03,1.6218453645706177,1.7001954967901045,1.6061753754869212,1.67669051316456,11538400
2015-12-04,1.5513304471969604,1.6218453995964555,1.5356604577748505,1.6218453995964555,8931300
2015-12-07,1.4886503219604492,1.6061753301730242,1.4729803333188392,1.567000358568999,10408300
2015-12-08,1.4103004932403564,1.488650541398268,1.4103004932403564,1.4729805504467886,8401400
2015-12-09,1.4338054656982422,1.4886504299213814,1.402465392741656,1.4338054656982422,10168900
2015-12-10,1.4494755268096924,1.4494755268096924,1.386795471212337,1.4259705409858758,6733600
2015-12-11,1.4103004932403564,1.4494755640195691,1.4024654977646167,1.4494755640195691,6399200
2015-12-14,1.3632904291152954,1.4024654038712778,1.3554554341640987,1.4024654038712778,6746400
2015-12-15,1.316280484199524,1.3867955384925121,1.316280484199524,1.3711255471830737,7368300
2015-12-16,1.2536002397537231,1.3006102032117466,1.2536002397537231,1.2927752093020761,8647300
2015-12-17,1.190920352935791,1.284940385714959,1.190920352935791,1.2692703958185156,8072500
2015-12-18,1.1360753774642944,1.1752503518318191,1.1125702994432731,1.167415356958314,12456800
2015-12-21,1.1987553834915161,1.2536004431586782,1.1517454124058142,1.1517454124058142,14054800
2015-12-22,1.1830854415893555,1.2379305035029973,1.17525044608748,1.230095508001122,7315000
2015-12-23,1.2144253253936768,1.2379304033991043,1.1987553356570624,1.1987553356570624,9877700
2015-12-28,1.237930417060852,1.2457654120156259,1.198755348886476,1.2222603337507971,4390000
2015-12-29,1.2144253253936768,1.2771053777406398,1.2065903305253696,1.2536003931357185,4792600
2015-12-30,1.2144253253936768,1.2222603202619837,1.1830853459204482,1.2144253253936768,4930800
2016-01-04,1.14391028881073,1.1830852603177415,1.1360752945093278,1.1830852603177415,7663800
2016-01-05,1.049890398979187,1.1517454314129543,1.049890398979187,1.143910436102704,16041700
2016-01-06,0.9558703303337097,1.034220374252958,0.9558703303337098,1.0107152956968277,20639800
2016-01-07,0.9010251760482788,0.9637052232187803,0.8775201933845277,0.9088601702695291,17833100
2016-01-08,0.9245302081108093,0.9637052747107314,0.9010252241911583,0.9323652961511967,12119400
2016-01-11,0.9402002692222595,0.955870258142547,0.916695192441327,0.916695192441327,8363200
2016-01-12,0.9010251760482788,0.9715402174400306,0.9010251760482788,0.9558702289975298,8489000
2016-01-13,0.8070051670074463,0.9323652636808265,0.8070051670074463,0.9245301759133024,15020700
2016-01-14,0.8148401975631714,0.8305101869931548,0.7756652239882129,0.8070052028481797,16511500
2016-01-15,0.7521601915359497,0.7835002170292088,0.7443251968376979,0.7835002170292088,14342100
2016-01-18,0.7991701364517212,0.7991701364517212,0.752160125678076,0.7678301604027897,8694800
2016-01-19,0.7913352847099304,0.8461803460563917,0.7913352847099304,0.8305102618141793,12973800
2016-01-20,0.7991701364517212,0.8226751184884198,0.7443251316658431,0.7599951663905569,17194400
2016-01-21,0.7678302526473999,0.8305102122754278,0.7678302526473999,0.7991702324614138,8112600
2016-01-22,0.7835002541542053,0.799170244293208,0.7599952689457012,0.7913352492237067,13704900
2016-01-26,0.7599952220916748,0.7835002058510867,0.7599952220916748,0.7756652112646161,5434400
2016-01-27,0.7051502466201782,0.7913352902538298,0.7051502466201782,0.7599953083508705,14360300
2016-01-28,0.6738101840019226,0.7286551924625091,0.6738101840019226,0.7129852033881275,17266700
2016-01-29,0.6659751534461975,0.6973151298999724,0.6581401126325052,0.6738101475596412,21757200
2016-02-01,0.7521601915359497,0.775665222330957,0.642470172359921,0.6581401617564244,31611100
2016-02-02,0.7364901900291443,0.8070051878541654,0.7286551954597253,0.7364901900291443,20346100
2016-02-03,0.7521601915359497,0.775665222330957,0.7364902021394462,0.7521601915359497,10406200
2016-02-04,0.7991701364517212,0.8305101125006527,0.7678301604027897,0.7756651544150226,19483300
2016-02-05,0.7913352847099304,0.8305102618141793,0.7913352847099304,0.8148402709724798,10404600
2016-02-10,0.7599952220916748,0.7913352004375573,0.7599952220916748,0.7678302166781454,12240800
2016-02-11,0.6659751534461975,0.7599951762080195,0.6659751534461975,0.7599951762080195,20192500
2016-02-12,0.6659751534461975,0.6973151298999724,0.6424701244056177,0.6738101475596412,27379600
2016-02-15,0.7051502466201782,0.7129852887961748,0.6738102647172189,0.6894802556686985,12531600
2016-02-16,0.7678302526473999,0.8148402223684208,0.7129852412726219,0.7129852412726219,31485700
2016-02-17,0.7835002541542053,0.8070052393627094,0.7521602271759456,0.7678302640152026,33277800
2016-02-18,0.6816452145576477,0.7678302524213166,0.6816452145576477,0.75216021581867,32862800
2016-02-19,0.6894800662994385,0.7364900729425932,0.6659750863279832,0.6738100796518016,27750100
2016-02-22,0.7129851579666138,0.736490140080775,0.7051501172283118,0.7286551460427213,16811000
2016-02-23,0.728655219078064,0.7364902139014432,0.7051501879076734,0.7129852294313055,14351800
2016-02-24,0.7129851579666138,0.7286551460427213,0.7051501172283118,0.7129851579666138,11263300
2016-02-25,0.7208202481269836,0.7756652604072616,0.7051502112610082,0.7129852530441231,27567900
2016-02-26,0.6973152160644531,0.7443252332542057,0.681645225901287,0.7364902381726227,18381700
2016-02-29,0.7051502466201782,0.7129852887961748,0.6973152511444384,0.7129852887961748,9733700
2016-03-01,0.7129851579666138,0.7286551460427213,0.7051501172283118,0.7129851579666138,10272600
2016-03-02,0.7364901900291443,0.7443251845985631,0.7129852063208876,0.7129852063208876,16179800
2016-03-03,0.9950453042984009,0.9950453042984009,0.9950453042984009,0.9950453042984009,57007400
2016-03-04,1.0655604600906372,1.269270538434382,1.0107153958901591,1.2300955592915535,48262700
2016-03-07,1.14391028881073,1.1674152717149369,1.0655602523962076,1.1360752945093278,30914600
2016-03-08,1.2144253253936768,1.2144253253936768,1.0733953243636425,1.1204052935734852,39900500
2016-03-09,1.5043203830718994,1.5434954499636624,1.386795369197619,1.4103003532923741,59611700
2016-03-10,1.653185486793518,1.708030640166565,1.5434955536494666,1.5591655440986167,65276400
2016-03-11,1.5826705694198608,1.786380637162981,1.3162804449094299,1.6845256966919337,56300300
2016-03-14,1.4494755268096924,1.739370632171631,1.3946304664869424,1.668855674700181,36170600
2016-03-15,1.2222602367401123,1.347620332867688,1.2065902480742903,1.3319503442018659,27871700
2016-03-16,1.3554555177688599,1.3946304949411628,1.1439104542373986,1.2144254131475436,33286500
2016-03-17,1.4964852333068848,1.5356602961393024,1.3789602316106204,1.5199903083665331,33529800
2016-03-18,1.4964852333068848,1.567000271684841,1.4729802516477308,1.5513302839120717,28890600
2016-03-21,1.5278252363204956,1.5513302169653056,1.4808151816303852,1.5121551558234652,15100000
2016-03-22,1.5043203830718994,1.5278254605671588,1.4729804042788923,1.4964853883736475,14759400
2016-03-23,1.378960132598877,1.4729801458851863,1.378960132598877,1.433805179266094,23504800
2016-03-24,1.4338054656982422,1.441640460587262,1.2771053811168307,1.3084453606729105,19045900
2016-03-28,1.457310438156128,1.5043204070964034,1.425970458862611,1.4808154226262658,12769600
2016-03-29,1.4259703159332275,1.4964852622757112,1.4103002344566236,1.4651452861234961,12804600
2016-03-30,1.4338054656982422,1.4964854248104014,1.4259704708092222,1.4494754554762819,15430800
2016-03-31,1.418135404586792,1.4494754780310497,1.3946304195539796,1.4338054880091748,187800
2016-04-01,1.4024654626846313,1.42597054192443,1.378960476845344,1.394630467404869,499600
2016-04-04,1.292775273323059,1.418135275486377,1.2614352961323543,1.3946302925933485,405800
2016-04-05,1.2536002397537231,1.3084451971214173,1.2536002397537231,1.277105221482735,587600
2016-04-06,1.1360753774642944,1.26143538884088,1.1125702994432731,1.2379304042203652,311700
2016-04-07,1.1517454385757446,1.1517454385757446,1.1517454385757446,1.1517454385757446,194800
2016-04-08,1.316280484199524,1.316280484199524,1.1830854646687823,1.1987554559782208,20889200
2016-04-11,1.4024654626846313,1.42597054192443,1.3632904862858193,1.3867954721251066,252300
2016-04-12,1.5591654777526855,1.5670004726438644,1.4181353829104542,1.449475455875676,632600
2016-04-13,1.7393707036972046,1.8020506684715445,1.6296805785410797,1.6375155741378722,792200
2016-04-14,1.5670005083084106,1.849060517611477,1.457310483934883,1.8098855422639701,60920500
2016-04-15,1.6453502178192139,1.6688553863832223,1.5513302907671398,1.6140102421351892,34731600
2016-04-18,1.6218453645706177,1.7237004804156493,1.5905053864032248,1.715865485873801,26779600
2016-04-19,1.794215440750122,1.794215440750122,1.6453503568692895,1.684525516586039,1006800
2016-04-20,1.966585636138916,2.013595606691794,1.7315355965735073,1.7785455671263855,47952700
2016-04-22,2.037100315093994,2.1154504421674507,1.8804004345490657,1.8960704226035585,38644300
2016-04-25,1.8255558013916016,2.0371008862395104,1.762875831599938,2.0292658900155525,45414000
2016-04-26,1.880400538444519,1.8960705273648064,1.7863804181217917,1.8647305495242317,31845800
2016-04-27,2.021430492401123,2.0606056525430425,1.888235583042023,1.8960705777102054,40171900
2016-04-28,1.9274108409881592,2.099780935941681,1.90390585351282,2.0292657867146286,44509100
2016-04-29,1.9587503671646118,2.013595325140943,1.919575397181518,1.982255349154468,29993300
2016-05-02,1.9509153366088867,2.0135952874072482,1.911740367359911,1.9900903058578627,20462200
2016-05-03,1.8020503520965576,1.9274104464375605,1.7785453694328064,1.8882354753313086,36554900
2016-05-04,1.9039055109024048,1.9039055109024048,1.6923604748911376,1.7550404302126978,50733100
2016-05-05,1.8490604162216187,1.9744205172607652,1.7942154537424329,1.9587505279809978,36993300
2016-05-06,1.8255558013916016,1.8882359579843098,1.7863808202718119,1.7863808202718119,24951100
2016-05-09,1.6610205173492432,1.778545635018738,1.5826705634369298,1.7550406488450443,36280300
2016-05-10,1.8255558013916016,1.8255558013916016,1.7158658542561904,1.7393708429280643,28851000
2016-05-11,1.8647304773330688,1.9274104305876272,1.8177203255911545,1.8804004656467084,36015200
2016-05-12,1.817720651626587,1.9195757807354834,1.7863806693780124,1.888235798486909,23839900
2016-05-13,1.7158656120300293,1.8333905387985816,1.692360626676319,1.7942155632090642,20275300
2016-05-16,1.708030343055725,1.7942152755342349,1.7001953491940425,1.739370318502456,19453900
2016-05-17,1.6923606395721436,1.731535615460175,1.6296804913502732,1.731535615460175,21160200
2016-05-18,1.5905053615570068,1.6923604758108997,1.5826703671375535,1.653185316912632,24259100
2016-05-19,1.4729803800582886,1.55133041915298,1.4103003301024348,1.543495424583561,29596800
2016-05-20,1.4338054656982422,1.5356604926560076,1.4338054656982422,1.5278254977669876,22136200
2016-05-23,1.3632904291152954,1.4024654038712778,1.3476204392129023,1.386795413968885,21754700
2016-05-24,1.331950306892395,1.4338053237676607,1.3162802252650103,1.418135242140276,25878300
2016-05-25,1.3632904291152954,1.386795413968885,1.3397854442617059,1.3711254240664918,20760400
2016-05-27,1.331950306892395,1.3789602715730573,1.3162802252650103,1.3711252774596137,11574700
2016-05-30,1.3006103038787842,1.3319503753436779,1.2927753093626861,1.308445298394882,6259100
2016-05-31,1.3084455728530884,1.3319506547322861,1.2457656035766185,1.292775580533971,30833400
2016-06-01,1.3006103038787842,1.3476203643758737,1.2692703258143925,1.32411538082758,17197300
2016-06-02,1.3476203680038452,1.3632903570782267,1.2927753128430075,1.308445301917389,17033000
2016-06-03,1.4259703159332275,1.4259703159332275,1.3554552761902474,1.371125264266355,20616600
2016-06-06,1.5043203830718994,1.5278254605671588,1.4416404254858854,1.4573104148823888,21623200
2016-06-07,1.4729803800582886,1.543495424583561,1.4573103909194507,1.4886503691971262,18197500
2016-06-08,1.6453502178192139,1.6453502178192139,1.4886502459985955,1.4964852399196018,31505900
2016-06-09,1.5591654777526855,1.629680431773295,1.5356604930791493,1.621845436882116,26262900
2016-06-10,1.4024654626846313,1.5278255739618527,1.378960476845344,1.5278255739618527,22993500
2016-06-13,1.386795163154602,1.4259702242259324,1.347620195483762,1.3711251760862662,16118800
2016-06-14,1.3084455728530884,1.44164069436663,1.3006105766935296,1.3711256355300798,27496200
2016-06-15,1.6061753034591675,1.637515280221142,1.3789602851338554,1.3867952793243492,59221300
2016-06-16,1.5748354196548462,1.7628754781271119,1.5670004250018772,1.684525531597421,67129700
2016-06-17,1.6140103340148926,1.6688554813850593,1.5513303790787027,1.6375153171159638,35136200
2016-06-20,1.6296803951263428,1.700195534362277,1.6061754109813677,1.6845255449322936,23784500
2016-06-21,1.653185486793518,1.653185486793518,1.5670005393231918,1.6061755154460675,20298900
2016-06-22,1.676690697669983,1.7393706609021606,1.6453505292528687,1.6610205200609132,39786400
2016-06-23,1.7315354347229004,1.7550404178022745,1.6923604629239435,1.7472054234424832,28314500
2016-06-24,1.6061753034591675,1.668855443784113,1.59050531507818,1.6061753034591675,28391900
2016-06-27,1.5826705694198608,1.653185528207509,1.5591655831573115,1.6296805419449596,21791000
2016-06-28,1.6061753034591675,1.668855443784113,1.5983403092686739,1.637515280221142,21317300
2016-06-29,1.5826705694198608,1.653185528207509,1.5826705694198608,1.645350532786659,16943100
2016-06-30,1.543495535850525,1.5983405017901016,1.5043204667788892,1.582670511521651,30479200
2016-07-01,1.6296803951263428,1.6375153898413344,1.512155381000963,1.5434954532614342,28420300
2016-07-04,1.6610205173492432,1.6845256903239623,1.6296805357843178,1.6531855219580118,19670000
2016-07-05,1.5905053615570068,1.6375153280737258,1.5905053615570068,1.6296803336542725,20026300
2016-07-06,1.6218453645706177,1.629680359112466,1.5278254300684393,1.5748353973195284,29149600
2016-07-07,1.5826705694198608,1.6610205236283586,1.5748355739990112,1.6296805419449596,22600200
2016-07-08,1.5983402729034424,1.6296802489523738,1.5905052788912095,1.6140102609279081,10630100
2016-07-11,1.6218453645706177,1.637515353654314,1.6061753754869212,1.6218453645706177,10762200
2016-07-12,1.6688555479049683,1.7001955266222621,1.6453503770659899,1.6453503770659899,31382700
2016-07-13,1.684525489807129,1.7158654676415122,1.6218453473373595,1.6688555008899373,28291000
2016-07-14,1.700195550918579,1.7393705248750186,1.684525561336003,1.7237005352924428,21949600
2016-07-15,1.841225028038025,1.8804001796651477,1.6766901757681707,1.700195154663864,37445300
2016-07-18,1.9822555780410767,1.9979255678436927,1.8333904881152099,1.849060477917826,40027600
2016-07-19,1.8960705995559692,2.0292655104496875,1.8725656152806074,1.9509155628651473,36426900
2016-07-20,1.9509153366088867,1.997925299707658,1.809885260511585,1.8960703796603204,44402100
2016-07-21,2.1467907428741455,2.162460733297962,1.9822556566230471,1.997925647046864,51772500
2016-07-22,2.2016353607177734,2.2564805053171564,2.15462539689058,2.209470354688972,36300000
2016-07-25,2.248645544052124,2.2878207045332903,2.123285628275621,2.2251405598440295,38674900
2016-07-26,2.381840705871582,2.4053456907162474,2.225140620106133,2.295655761441143,38920000
2016-07-27,2.593385934829712,2.6168909212927,2.413180851812442,2.444520833763093,49492000
2016-07-28,2.6560659408569336,2.6874059211005052,2.366170750001862,2.6247257738123446,72648200
2016-07-29,2.9381253719329834,2.9459603654527657,2.562045309381483,2.5855502899408296,58635700
2016-08-01,3.008640766143799,3.3690510826664046,2.9851357820490434,3.008640766143799,89921500
2016-08-02,2.8284356594085693,3.188845970595372,2.7892606864972884,2.9224557811966494,76774100
2016-08-03,3.102660894393921,3.118330883816031,2.718745779950208,2.851940876839152,62377800
2016-08-04,3.102660894393921,3.2671959701270845,3.032145755193417,3.228020809770801,54754000
2016-08-05,3.024311065673828,3.1888463448117035,3.0008060791687106,3.165341171505559,34929200
2016-08-08,2.8832809925079346,3.1183310317947677,2.8676110023422132,3.079156056380465,37871500
2016-08-09,2.9773006439208984,3.0164756155249237,2.867610723429628,2.9067856950336535,40848900
2016-08-10,2.8754451274871826,3.0478151539622607,2.8754451274871826,3.02430998902392,26267600
2016-08-11,2.9616305828094482,2.9773005710676204,2.8049305134267324,2.914620618034932,31523700
2016-08-12,2.914620876312256,3.0008058193694276,2.883280897018739,2.953795850429152,26282900
2016-08-15,3.08699107170105,3.1496710327748514,2.9224559870813005,2.9381259773497512,32995500
2016-08-16,3.0321455001831055,3.1653405858700405,3.0164755120788773,3.079155651296784,26637200
2016-08-17,3.063486337661743,3.071321333438841,2.938126218427146,3.016476176198123,23941900
2016-08-18,3.039980888366699,3.1104958396449347,3.0321457069792226,3.0556508775396405,19690500
2016-08-19,3.008640766143799,3.047815926436066,2.96946579265254,3.0164757608420505,13765200
2016-08-22,2.8284356594085693,3.0008057270192117,2.781425691915032,2.985135737854699,18032200
2016-08-23,2.9224560260772705,2.985135987987446,2.8754460546446383,2.8911160451221827,23374100
2016-08-24,2.687405586242676,2.93029058966726,2.6717355980734117,2.8832806251594683,28165200
2016-08-25,2.632560968399048,2.7892610682944627,2.6012209857801714,2.6482311465095174,28086600
2016-08-26,2.8049309253692627,2.8049309253692627,2.6403958376932293,2.6717360056133015,36357700
2016-08-29,2.687405586242676,2.8597756429055727,2.656065609904148,2.820600485681419,36508900
2016-08-30,2.648230791091919,2.734415731726996,2.624725620481346,2.7265807371238076,22639200
2016-08-31,2.718745708465576,2.7579206809908143,2.616890593098953,2.663900746930243,23188700
2016-09-01,2.6952407360076904,2.7579206923052166,2.6795707469333085,2.7422507032308348,15274700
2016-09-02,2.969465732574463,2.9773007271141974,2.710910725962218,2.7422507041211563,32231600
2016-09-05,3.0164759159088135,3.0869910586190312,2.9929709306057473,3.024310911009836,18410500
2016-09-06,3.055650472640991,3.1104954274788814,2.9459603761642303,3.0634854661892614,23224400
2016-09-08,3.1653411388397217,3.2045163027449965,3.0478162075269752,3.0634861983686745,30746900
2016-09-09,3.0164759159088135,3.1731761915312937,3.0164759159088135,3.1340010292251645,22722600
2016-09-12,3.0478155612945557,3.1104955113712403,2.90678548682103,3.03998056753497,26141800
2016-09-13,2.8127660751342773,3.0164761503974695,2.789261088004028,3.0008061589773036,25745700
2016-09-14,2.797095775604248,2.9224558799577567,2.765755796216124,2.8754459108755706,21551800
2016-09-15,2.7814254760742188,2.867610596592009,2.7657554881257096,2.8284354399197453,15500100
2016-09-16,2.6795706748962402,2.765755612488359,2.648230697590015,2.765755612488359,20218000
2016-09-19,2.6403956413269043,2.8049307167664574,2.6325606466298304,2.742250759189869,18167200
2016-09-20,2.66390061378479,2.7030755843520087,2.530705527055252,2.6795706020116774,23875900
2016-09-21,2.8597757816314697,2.8597757816314697,2.6639007332129037,2.7109107000011186,24968500
2016-09-22,2.8284356594085693,2.9694657486901868,2.812765670244057,2.938125770361162,20504000
2016-09-23,2.797095775604248,2.844105931487446,2.7344158168279997,2.844105931487446,17481800
2016-09-26,2.7657556533813477,2.797095631150949,2.7109106922845454,2.726580681169346,11944300
2016-09-27,2.687405586242676,2.797095503427523,2.6717355980734117,2.789260509342891,14639900
2016-09-28,2.8597757816314697,2.867610776096172,2.718745694465821,2.718745694465821,19318000
2016-09-29,2.8597757816314697,2.938125726278495,2.7970956391128468,2.89111575949028,22009600
2016-09-30,2.7657556533813477,2.875445762375955,2.7657556533813477,2.8441057846063535,15102100
2016-10-03,2.797095775604248,2.8127657652983102,2.742250811675031,2.789260780757217,14143600
2016-10-04,2.8049309253692627,2.8206009159287877,2.757920953690688,2.8049309253692627,11174600
2016-10-05,2.914620876312256,2.922455871135635,2.8206007516306935,2.8284357464540726,15748800
2016-10-06,2.8597757816314697,2.9146207428843875,2.820600622506954,2.8597757816314697,20183400
2016-10-07,2.9381253719329834,2.969465346012112,2.891115410814291,2.898950404334073,25114500
2016-10-10,2.9616305828094482,3.0164755417130507,2.945960594551276,2.9773005710676204,17201900
2016-10-11,2.9067862033843994,2.9694661689125703,2.8832812163113353,2.922456194766442,13813700
2016-10-13,2.7814254760742188,2.867610596592009,2.7579204941514552,2.867610596592009,34002300
2016-10-14,2.7892608642578125,2.8519410117114945,2.7892608642578125,2.8284358396657274,12870400
2016-10-17,2.8049309253692627,2.8362709064883127,2.7500859584109256,2.7814259395299756,11458400
2016-10-18,2.8597757816314697,2.8989507539549826,2.8284356169716567,2.8441057927020648,17313000
2016-10-19,2.8832809925079346,2.9459609531708186,2.8597760072593528,2.8832809925079346,19641000
2016-10-20,2.914620876312256,2.922455871135635,2.8049307619839348,2.851940917725222,22123100
2016-10-21,3.102660894393921,3.134000873238141,2.875445860972317,2.898950845105482,43237000
2016-10-24,3.1966805458068848,3.2750304859292134,3.1575057625467124,3.181010557782419,37950800
2016-10-25,3.2750303745269775,3.2907003620184185,3.0869905246296834,3.2671955675822426,43495400
2016-10-26,3.2201859951019287,3.2750307711631916,3.1731760269342675,3.2201859951019287,31039900
2016-10-27,3.2593607902526855,3.345545918918603,3.251525982338703,3.251525982338703,30780000
2016-10-28,3.627606153488159,3.627606153488159,3.345545966163281,3.3690511374411973,59447100
2016-10-31,3.533586025238037,3.7843058461529115,3.533586025238037,3.7529658685385523,44355000
2016-11-01,3.345546245574951,3.6511112560957493,3.2828662817349983,3.5884312922557964,51127800
2016-11-03,3.1340010166168213,3.4082260308503862,3.1340010166168213,3.306370908145851,37747200
2016-11-04,3.039980888366699,3.2045159614835885,3.00080572863334,3.1653408017502294,44966400
2016-11-07,3.3142056465148926,3.3220404537349357,3.1340005972300835,3.22802052548251,32244700
2016-11-08,3.3377110958099365,3.3847210638858773,3.2358559781777236,3.2750307647733328,36183200
2016-11-09,3.353381395339966,3.502246121215363,3.063486191789093,3.0713211871931154,54037200
2016-11-10,3.329875946044922,3.596266141281162,3.3142059565370263,3.4944110226788325,55021700
2016-11-11,3.0713210105895996,3.470905940019292,3.063486015636096,3.3533812025177543,42991200
2016-11-14,3.306370973587036,3.345546136510933,2.953796001680135,3.047816131176057,49881500
2016-11-16,3.102660894393921,3.2515259807049746,3.0556509261275906,3.228020809770801,28745900
2016-11-17,3.08699107170105,3.2045161855154474,3.071321081432599,3.1810110133117524,19594600
2016-11-18,3.1261661052703857,3.1340011005497193,2.961631017603362,3.055651147756385,24219800
2016-11-21,3.2045156955718994,3.2671956470624632,3.1575057319539765,3.181010526961948,21326800
2016-11-22,3.2985358238220215,3.3925557567874844,3.25152585733929,3.3220406202623853,29285000
2016-11-23,3.5492563247680664,3.55709113305656,3.22802096569504,3.2828661181226386,40314200
2016-11-24,3.455235719680786,3.6354407783944103,3.423895741956852,3.5414208452226075,25126100
2016-11-25,3.478741407394409,3.5492565545665715,3.3768862778350766,3.400391451426484,22633300
2016-11-28,3.588430881500244,3.6119360520506962,3.5100809356687566,3.5179157434508994,20365900
2016-11-29,3.369050979614258,3.5570908466205577,3.353380990697066,3.5257508687861745,24996700
2016-11-30,3.25152587890625,3.423895757152906,3.2436906976394897,3.3690509826936093,30023700
2016-12-01,3.1496708393096924,3.3455458924349273,3.0713208927800015,3.314205913823051,27845500
2016-12-02,3.1104958057403564,3.134000789243563,3.0008056959243903,3.094825816738219,31716600
2016-12-05,3.1653411388397217,3.2671962661117946,3.1340011571563227,3.1496711479980224,22306000
2016-12-06,3.141836166381836,3.188846136318463,3.102661004633631,3.1496709745702582,19699600
2016-12-07,3.2593607902526855,3.298535950628653,3.2045160140487527,3.2280208113927187,20489300
2016-12-08,3.228020668029785,3.353380951504166,3.188845882995667,3.32204060043407,17255200
2016-12-09,3.1340010166168213,3.298536099877367,3.102661036338816,3.2907009180068485,15571200
2016-12-12,3.0713210105895996,3.126165975264124,3.0164758591140606,3.1026609904036135,19969100
2016-12-13,3.102660894393921,3.118330883816031,2.992970781638142,3.0791559102607557,20570400
2016-12-14,3.0164759159088135,3.0948260537200536,3.0164759159088135,3.063486073315965,17024900
2016-12-15,3.1731760501861572,3.18101085813717,3.0086407867916716,3.03998095260077,21247600
2016-12-16,3.1104958057403564,3.251525893560598,3.1104958057403564,3.2123507342542506,19306400
2016-12-19,3.039980888366699,3.173175983137706,3.024310712392752,3.1183308342314056,17340800
2016-12-20,3.079155921936035,3.1104959008990876,3.0321457666904474,3.071320927195272,12342800
2016-12-21,3.1653411388397217,3.1810111296814214,3.0791561892103743,3.1026611754729236,15594600
2016-12-22,3.102660894393921,3.1966808309265806,3.102660894393921,3.1496708626602508,10090400
2016-12-23,3.094825506210327,3.14183565530085,3.086990512495404,3.118330487355096,5464000
2016-12-26,3.1340010166168213,3.14183619848734,3.063486060991309,3.1183310264778186,4042100
2016-12-27,3.212350606918335,3.2436905836803094,3.157505834385876,3.157505834385876,10287900
2016-12-28,3.1888461112976074,3.2907008585600943,3.1653409397127086,3.235856080865377,11727700
2016-12-29,3.212350606918335,3.228020595299322,3.1496706533943857,3.1966806185373478,9577500
2017-01-02,3.1966805458068848,3.251525690693507,3.173175750571178,3.2123505338313505,4123200
2017-01-03,3.3612163066864014,3.3612163066864014,3.251526367677161,3.251526367677161,16889700
2017-01-04,3.5649261474609375,3.5649261474609375,3.306370761251365,3.353381103181846,33946200
2017-01-05,3.6041007041931152,3.6511106695206172,3.533585943002859,3.5805959083303613,15348100
2017-01-06,3.5022459030151367,3.588431033890819,3.4317311355732394,3.588431033890819,16015800
2017-01-09,3.5257511138916016,3.6276062357351795,3.5257511138916016,3.5570910939046976,14402900
2017-01-10,3.5414211750030518,3.6276063085705132,3.5100811943607093,3.619771126608908,11347700
2017-01-11,3.4709060192108154,3.4787412011440995,3.3298761068300413,3.4709060192108154,39681500
2017-01-12,3.5570907592773438,3.6041007248746046,3.5257507822125036,3.564925940344552,20096900
2017-01-13,3.5649261474609375,3.580596136903759,3.5100809976100553,3.517915805530457,10670700
2017-01-16,3.745131015777588,3.745131015777588,3.564925959866913,3.580595948485146,21879700
2017-01-17,3.6981208324432373,3.7843059602829654,3.635440875324168,3.745131173884554,18154400
2017-01-18,3.627606153488159,3.8469860086059353,3.58059618453435,3.752966070698317,24100900
2017-01-19,3.588430881500244,3.6824508164980294,3.5414209140013515,3.666780827331732,12856700
2017-01-20,3.7764713764190674,3.7764713764190674,3.5727611300984288,3.5805963120040087,18603900
2017-01-23,4.089870929718018,4.089870929718018,3.799975941831146,3.799975941831146,31557600
2017-01-24,4.035027027130127,4.215232129269207,3.9253370786634982,4.144716975596756,28330900
2017-01-26,3.948841094970703,4.144716150767274,3.9175011159314135,4.136881342808461,18842300
2017-01-27,4.066365718841553,4.066365718841553,3.8548206987215634,3.9096654687069834,13145900
2017-01-30,3.9410064220428467,4.01935637232558,3.9018312601004634,3.9958512004397435,12666000
2017-01-31,4.113376140594482,4.152551300898094,3.948841065082542,3.972346235985112,20884900
2017-02-01,4.113376140594482,4.2387360558028115,4.097706151193441,4.1917260875996885,16727100
2017-02-02,4.089870929718018,4.199561228055224,4.042860961974364,4.089870929718018,11239200
2017-02-03,4.066365718841553,4.097705694148072,3.995850587600898,4.066365718841553,12125200
2017-02-06,3.9958503246307373,4.129045397718754,3.98801551812071,4.074200257740761,9271800
2017-02-07,3.9801812171936035,4.089871147777119,3.933171246943526,4.058531167610401,10914300
2017-02-08,3.9958503246307373,4.027190297874746,3.9096652114087354,4.027190297874746,9506600
2017-02-09,3.9801812171936035,4.050696359369737,3.941006428786222,4.0193563792030185,8514200
2017-02-10,4.207396030426025,4.2309012010683995,4.027190967507863,4.042860956735442,21195200
2017-02-13,4.262241840362549,4.403271765276732,4.262241840362549,4.340591798648206,16244900
2017-02-14,4.270075798034668,4.293580967635007,4.168221059371852,4.270075798034668,12708100
2017-02-15,4.324920654296875,4.3876006042197035,4.29358067933546,4.301415486274829,11499300
2017-02-16,4.27791166305542,4.3640968005666325,4.246571680978989,4.309251645131851,13567000
2017-02-17,4.270075798034668,4.309250956167902,4.1995610364376414,4.293580967635007,12928300
2017-02-20,4.270075798034668,4.36409610283403,4.270075798034668,4.317086137235347,8727100
2017-02-21,4.238736152648926,4.332756464805354,4.199561365052271,4.317086475046287,15058500
2017-02-22,4.136881351470947,4.238736096760909,4.12121136191849,4.238736096760909,14741600
2017-02-23,3.9410064220428467,4.215231434833431,3.91750125015701,4.1760562728910475,23461800
2017-02-24,3.8626558780670166,3.941006197487444,3.7843059322486003,3.8704910594498636,18278400
2017-03-01,3.9253358840942383,3.988015835571659,3.909665522622903,3.9410058719635934,9930100
2017-03-02,3.8939952850341797,3.964510412725179,3.8626553113052817,3.917500452131832,13401300
2017-03-03,4.066365718841553,4.066365718841553,3.846985518093946,3.9175006493346007,14783900
2017-03-06,4.011521339416504,4.160386437281052,4.011521339416504,4.113376465366255,20490000
2017-03-07,3.8939952850341797,4.129045461602873,3.878325298169731,4.035025540416179,15471800
2017-03-08,3.7294609546661377,3.948840791057092,3.698120604436867,3.917500814429813,20156200
2017-03-09,3.7921411991119385,3.8156459965862908,3.6354409303408386,3.666780909374655,15178100
2017-03-10,3.635441303253174,3.8704915437195413,3.5805965211191975,3.8626563613563687,18856900
2017-03-13,3.6981208324432373,3.745131173884554,3.6432760567650586,3.7294611846047867,7817300
2017-03-14,3.6432762145996094,3.67461619451686,3.5727610729847816,3.67461619451686,12248300
2017-03-15,3.8313162326812744,3.846986223206681,3.6041011832618604,3.690286317952617,13991500
2017-03-16,3.690286159515381,3.933171189032275,3.682450977788048,3.8626560478943928,19013700
2017-03-17,3.4709060192108154,3.7372962273098707,3.4709060192108154,3.7216262370453403,24434900
2017-03-20,3.5022459030151367,3.53358625628068,3.3220408331489066,3.4474011254049977,13902700
2017-03-21,3.2436907291412354,3.455235768572142,3.235855921400392,3.431730971747602,17820800
2017-03-22,3.2907004356384277,3.3298755920444485,3.118330569376292,3.188845701466337,17601600
2017-03-23,3.2671961784362793,3.329876140121055,3.18884622633031,3.2358561975938915,16823900
2017-03-24,3.1731760501861572,3.306370774169525,3.1418360711780684,3.2907007846654808,11732600
2017-03-27,3.4474005699157715,3.4552353767681927,3.063485507296974,3.0791554946037833,21111000
2017-03-28,3.400391101837158,3.510081028915189,3.3063707907396815,3.455235878575163,23986400
2017-03-29,3.478741407394409,3.502246207383757,3.384721460232899,3.416061442620069,12245500
2017-03-30,3.463070869445801,3.5335860054849237,3.4238957108458434,3.4787408581653834,11988400
2017-03-31,3.478741407394409,3.510081389781579,3.416061442620069,3.431731433813654,10491100
2017-04-03,3.4238955974578857,3.5100807193624286,3.3925556210565952,3.4944107311617834,8538600
2017-04-04,3.3768863677978516,3.44740151684859,3.353381567182318,3.423896342630987,9793400
2017-04-05,3.2201859951019287,3.439565846551014,3.2045160057127084,3.4160610492681918,13739500
2017-04-06,3.08699107170105,3.2671961465892494,3.071321081432599,3.228020984117104,20517300
2017-04-07,3.1496708393096924,3.23585596729336,3.0086407487552416,3.0556509034740635,15013000
2017-04-10,3.1810107231140137,3.2358558708511875,3.1183307677583882,3.212350700791826,13022100
2017-04-11,3.1104958057403564,3.220185915556323,3.0713208332350126,3.2045159265541856,13061600
2017-04-12,2.969465732574463,3.079155842931751,2.9537957434949935,3.047815864772813,22761000
2017-04-13,2.8989510536193848,3.032145973287679,2.859776077246357,2.9851360016400457,14850700
2017-04-17,3.1261661052703857,3.2123510533430535,2.9537960223240285,2.9537960223240285,25649100
2017-04-18,3.102660894393921,3.1653408520823607,3.032145755193417,3.071320915549701,17031200
2017-04-19,3.102660894393921,3.2828659595491945,3.0791559102607557,3.173176033594425,27950500
2017-04-20,3.1653411388397217,3.259361083889919,3.1340011571563227,3.2436910930482195,21724700
2017-04-24,3.157505989074707,3.2515259239667453,3.157505989074707,3.2280207534427303,17145400
2017-04-25,3.1731760501861572,3.2123508371452587,3.1104959053689702,3.1183309001209922,16855400
2017-04-26,3.345546245574951,3.369051418815961,3.1575063540550925,3.1810111536940475,26303800
2017-04-27,3.25152587890625,3.400390960556638,3.2280207087079757,3.376885790358364,19915600
2017-04-28,3.3377110958099365,3.4082258611228395,3.259360775414686,3.2907007541319797,15827000
2017-05-02,3.455235719680786,3.478740889774739,3.3690509677409692,3.4003909454649035,13304600
2017-05-03,3.3220410346984863,3.4630713253427006,3.3220410346984863,3.447401334560238,19275100
2017-05-04,3.1496708393096924,3.290700743063136,3.110495866044847,3.275030753757198,22704900
2017-05-05,3.2750303745269775,3.3377106980947135,3.118330499612566,3.149670474595448,16942200
2017-05-08,3.212350606918335,3.3063705372042587,3.1888458111478504,3.2436905836803094,10387300
2017-05-09,3.2828660011291504,3.329875969990897,3.259360829897266,3.2750308195178484,13207000
2017-05-10,3.369050979614258,3.3925557761890426,3.290700661426294,3.353380990697066,12977600
2017-05-11,3.353381395339966,3.376886194751007,3.2828662499027406,3.376886194751007,10235200
2017-05-12,3.2436907291412354,3.408225801321053,3.235855921400392,3.3925558122373562,13821800
2017-05-15,3.439565658569336,3.4474008396367406,3.2750305921738057,3.3063705692394305,23062900
2017-05-16,3.5257511138916016,3.5570910939046976,3.431731173852313,3.494411133878505,20167900
2017-05-17,3.4474005699157715,3.580595648824635,3.423895402154574,3.4944105318361998,21551300
2017-05-18,2.891116142272949,3.1418363719406988,2.8206009959534453,2.828435991455498,39975900
2017-05-19,3.055650472640991,3.1104954274788814,2.9851353439055806,3.071320459737531,20751000
2017-05-22,3.0478155612945557,3.094825523852069,2.914620480580615,3.0164753994552274,23901600
2017-05-23,3.141836166381836,3.165340964549134,3.0164758729487997,3.063486029686442,17707800
2017-05-24,3.1731760501861572,3.2201860186982905,3.1104959053689702,3.1653408686331255,17097100
2017-05-25,3.1888461112976074,3.2515260707213,3.1496709498567856,3.157506131585761,10235300
2017-05-26,3.1810107231140137,3.2358558708511875,3.1496707454362007,3.1888459043344684,11879600
2017-05-29,3.1810107231140137,3.1810107231140137,3.1810107231140137,3.1810107231140137,0
2017-05-30,3.2045156955718994,3.2593604663251523,3.2045156955718994,3.2201856834445404,8767700
2017-05-31,3.1104958057403564,3.228020723256388,3.0869908222371505,3.196680745252113,17432900
2017-06-01,3.055650472640991,3.1731755626660223,3.0243103116469303,3.134000408123691,8466700
2017-06-02,3.102660894393921,3.1261658785270856,3.032145755193417,3.1104958891049757,8930300
2017-06-05,3.079155921936035,3.102660906158324,3.0399809482322198,3.0478159429729828,5099800
2017-06-06,3.118330955505371,3.141836126979921,3.0713209861582986,3.0713209861582986,7585300
2017-06-07,3.102660894393921,3.1888460230165347,3.0791559102607557,3.1575060441723144,9596100
2017-06-08,3.141836166381836,3.165340964549134,3.0399810447181284,3.0869910146547554,9277000
2017-06-09,3.094825506210327,3.1731756301605416,3.086990512495404,3.1496704622147877,12662900
2017-06-12,3.08699107170105,3.1575062147100956,3.047816096029923,3.134001042506401,7557100
2017-06-13,3.08699107170105,3.1104960571037252,3.063486086298374,3.094826066835275,7381500
2017-06-14,3.102660894393921,3.134000873238141,3.086990904971811,3.1261658785270856,6591300
2017-06-15,3.102660894393921,3.102660894393921,3.102660894393921,3.102660894393921,0
2017-06-16,3.1261661052703857,3.1261661052703857,3.024310979838029,3.094826124153052,7576700
2017-06-19,3.118330955505371,3.181010914634802,3.1026609657230138,3.134000945287729,7893600
2017-06-20,3.055650472640991,3.1104954274788814,3.0321453051952005,3.102660433930611,8720800
2017-06-21,3.08699107170105,3.1026610619695,3.032145918960454,3.063486086298374,8812800
2017-06-22,3.157505989074707,3.1653407968480383,3.086990851104673,3.1104958348276823,7944300
2017-06-23,3.2907004356384277,3.314205604202436,3.1418357379403004,3.165340532902329,19050000
2017-06-26,3.4317312240600586,3.4474012142958657,3.306370928571566,3.314206110490488,16416200
2017-06-27,3.4238955974578857,3.5100807193624286,3.37688563285595,3.463070754760493,18046100
2017-06-28,3.5257511138916016,3.5414211038981493,3.463071153865409,3.4709059620676674,15903900
2017-06-29,3.5414211750030518,3.6041011362877367,3.502246012399104,3.564926347285828,13559400
2017-06-30,3.6041007041931152,3.619770692635616,3.5100807735381108,3.541420750423112,11437200
2017-07-03,3.68245005607605,3.737295193633635,3.6197701123542005,3.6354400982846626,12581000
2017-07-04,3.6589462757110596,3.6746162659744073,3.611936304921016,3.6667810840417143,3959000
2017-07-05,3.7137904167175293,3.7372955848748437,3.6432756594495332,3.6667804540048743,10847100
2017-07-06,3.7921411991119385,3.8156459965862908,3.666780909374655,3.6902860804510267,11941200
2017-07-07,3.799976110458374,3.86265607023139,3.7608013224012544,3.846986080288136,10887300
2017-07-10,3.8548216819763184,3.854821681976318,3.7686365410990397,3.80781170702564,9333500
2017-07-11,3.9175007343292236,3.933170722322461,3.8469856015586625,3.8626555895519004,15839700
2017-07-12,3.972346067428589,4.003686044900838,3.925336101220215,3.9801808749956504,14765600
2017-07-13,3.933171272277832,4.0036864149081675,3.870491311540661,3.9880164247238747,13624200
2017-07-14,3.9175007343292236,3.9801806863021736,3.8861607583427484,3.933170722322461,7325200
2017-07-17,3.9175007343292236,3.964510698308936,3.8783255775451377,3.956675891113309,6874000
2017-07-18,3.8626558780670166,3.9331710161045965,3.8391510811224974,3.917501026940913,7600900
2017-07-19,3.9175007343292236,3.956675891113309,3.839150794363036,3.8783255775451377,17716400
2017-07-20,3.8548216819763184,3.9175016485772223,3.84698649935017,3.9175016485772223,7241800
2017-07-21,3.878325939178467,3.941006270598009,3.854821141797905,3.8626559497240858,9937700
2017-07-24,3.956676483154297,3.964511291522253,3.8939961482004493,3.917501320508397,7415900
2017-07-25,3.9958503246307373,4.050695464608729,3.9645103513867275,3.98801551812071,10129300
2017-07-26,3.8939952850341797,4.019355553551729,3.8861604784029335,4.011520373318526,11175600
2017-07-27,3.933171272277832,3.964511252646418,3.870491311540661,3.9175012820935393,7848000
2017-07-28,4.027191162109375,4.035026343902782,3.9410064039940877,4.003686363933217,22656800
2017-07-31,4.050695896148682,4.136881018552396,4.050695896148682,4.089870680076195,12606400
2017-08-01,4.136881351470947,4.136881351470947,4.050696222131422,4.089871009211555,14865600
2017-08-02,4.309251308441162,4.309251308441162,4.074201087630833,4.08987107744472,31173800
2017-08-03,4.324920654296875,4.379765797280336,4.246570716893339,4.29358067933546,18987700
2017-08-04,4.317086696624756,4.411106640004819,4.301416332459367,4.340591495668749,14278400
2017-08-07,4.544301509857178,4.56780630767668,4.340591269544023,4.348426451218541,15714900
2017-08-08,4.591311454772949,4.653991413428904,4.4816211535230055,4.520796314483989,14850900
2017-08-09,4.559970855712891,4.685330755987508,4.5286308806442355,4.5443008681785635,16424400
2017-08-10,4.614815711975098,4.653990868347839,4.505125797174193,4.583475736317697,12760700
2017-08-11,4.599145889282227,4.638321047061582,4.520795947325509,4.591311081887551,10794100
2017-08-14,4.55213737487793,4.63832252529859,4.536467381492547,4.6069825385278245,10926200
2017-08-15,4.465950012207031,4.567805105558198,4.418940055337706,4.559970299547607,13795600
2017-08-16,4.630486011505127,4.646156000388654,4.481620930310624,4.481620930310624,15705800
2017-08-17,4.677495956420898,4.724506296455041,4.58347602355662,4.622651182384404,18872700
2017-08-18,4.724506378173828,4.849866290827857,4.708836389092075,4.779351153158961,16877500
2017-08-21,4.708837032318115,4.795021797239574,4.70100184990595,4.795021797239574,11530400
2017-08-22,4.889040946960449,4.89687612809436,4.763681037633874,4.771516218767784,15905400
2017-08-23,5.077081680297852,5.139761641081448,4.865536625852193,4.865536625852193,14943100
2017-08-24,5.2886271476745605,5.2886271476745605,5.053576902781532,5.077082076711661,14662100
2017-08-25,5.186771869659424,5.429656916577995,5.163267069997463,5.343472153014733,19763500
2017-08-28,5.092751979827881,5.24161708253202,5.0300720152370975,5.186771926714055,12991800
2017-08-29,5.124091148376465,5.194606284143755,4.9908960579724715,5.022236035290823,12586000
2017-08-30,5.139761447906494,5.194606598331837,5.077081489478687,5.131926639904029,8461700
2017-08-31,5.398316383361816,5.398316383361816,5.24945129749701,5.265121286872146,24210300
2017-09-01,5.954601287841797,6.236661456992777,5.4531612777082765,5.4531612777082765,39784100
2017-09-04,6.42470121383667,6.42470121383667,5.844911270138147,5.923261212043084,30985300
2017-09-05,6.32284688949585,6.816452145333663,6.150476995851967,6.698927404650218,35883000
2017-09-06,6.526556491851807,6.5422268542351265,6.119136409935547,6.424701377972241,24865600
2017-09-07,6.526556491851807,6.526556491851807,6.526556491851807,6.526556491851807,0
2017-09-08,6.369857311248779,6.581401996482206,6.3071773491644985,6.487382053355784,14903400
2017-09-11,6.683256149291992,6.753771283178254,6.432536337433266,6.448205952072447,19862200
2017-09-12,6.659751892089844,6.926142087326084,6.60490711561322,6.6675870736448015,25709300
2017-09-13,6.628411293029785,6.7224312212822115,6.534391364777359,6.628411293029785,15105800
2017-09-14,6.60490608215332,6.651915669719466,6.4482054643890425,6.471711005376037,12743700
2017-09-15,6.800782203674316,6.871297343596918,6.612741581479363,6.636247126256259,15597600
2017-09-18,7.286552429199219,7.2943876109795465,6.80861680145608,6.855627144933985,29060500
2017-09-19,7.2082014083862305,7.364901292811237,6.98882157019122,7.357066858992979,28131500
2017-09-20,7.325727462768555,7.482427359614097,7.2708819384695795,7.310057099481977,25985800
2017-09-21,7.458921909332275,7.458921909332275,7.17686137248278,7.270881302364618,21149700
2017-09-22,7.3649001121521,7.545105510755317,7.317890527962646,7.404075263779222,15172800
2017-09-25,6.448206424713135,7.435416877073397,6.448206424713135,7.357067303726667,46346700
2017-09-26,6.550060749053955,6.824286090557132,6.503051160181602,6.68325582953219,34773700
2017-09-27,6.244495868682861,6.730266232984477,6.095631172824888,6.722431052359334,40578100
2017-09-28,5.946767807006836,6.181817689069072,5.9389326241370535,6.150477704794107,38939100
2017-09-29,6.095631122589111,6.236661010261651,6.064290773948797,6.134805904586053,33030400
2017-10-02,6.181817531585693,6.197487523323979,6.0251176142028395,6.142642739041016,12225700
2017-10-03,6.785111427307129,6.7929466084223,6.236661451713074,6.268001428969763,27116500
2017-10-04,7.067172050476074,7.106346462091019,6.683256390695166,6.918306596404864,31057500
2017-10-05,7.0201616287231445,7.458922057420089,6.949646493110778,7.223871854446869,34518100
2017-10-06,7.325727462768555,7.325727462768555,6.761607086920556,6.816451864015484,35780800
2017-10-09,7.192533493041992,7.482428534527445,7.027998388717366,7.404078200199845,29805300
2017-10-10,7.404077053070068,7.427581850845033,7.208201994802585,7.333561912541127,21152700
2017-10-11,7.599952220916748,7.733147322235422,7.310057220165535,7.333562018279401,32629400
2017-10-12,7.599952220916748,7.599952220916748,7.599952220916748,7.599952220916748,0
2017-10-13,8.085721969604492,8.124897129746412,7.8585069374261955,7.905517279037306,21381500
2017-10-16,8.05438232421875,8.289432547592517,7.9290224043404915,8.171907809507664,18589700
2017-10-17,7.795827388763428,8.030877614733013,7.780157772207627,7.999537634417339,14606500
2017-10-18,7.5686116218566895,7.983866508182732,7.474591689888755,7.936856915800765,27261400
2017-10-19,7.905518054962158,7.905518054962157,7.349232818518915,7.411912782016398,20569300
2017-10-20,7.913352966308594,8.15623762974583,7.889847420398606,8.124897649069926,16128100
2017-10-23,7.56077766418457,8.007373347303863,7.490263264201217,7.983867800105293,22021500
2017-10-24,7.850671768188477,7.8741765631915195,7.560776058600457,7.670466347287923,18300600
2017-10-25,7.76448917388916,7.913354674639776,7.58428443290122,7.835004332433742,19349500
2017-10-26,7.662632465362549,7.850673098871513,7.592117321197199,7.835002734744063,14610600
2017-10-27,7.153356552124023,7.654796923633788,6.933976716490243,7.560776246872474,45440800
2017-10-30,6.8321213722229,7.106345970580806,6.7067614704359775,6.9731508881312125,26055000
2017-10-31,6.902637004852295,7.027996915739291,6.761606731502421,6.894801823620856,19854500
2017-11-01,6.651915550231934,7.114180720484313,6.581400422945447,7.082840746935198,22790500
2017-11-02,6.651915550231934,6.651915550231934,6.651915550231934,6.651915550231934,0
2017-11-03,6.542227268218994,6.75377194335206,6.111301989061351,6.706762347635402,32191500
2017-11-06,6.94964599609375,6.957481176646775,6.557895934889791,6.698926196028478,17953800
2017-11-07,6.3463521003723145,6.933977267177009,6.322846555713219,6.886966925062857,32947800
2017-11-08,6.855626583099365,6.855626583099365,6.4247013341494625,6.4247013341494625,20384500
2017-11-09,6.675422191619873,6.738102149054461,6.518721550829372,6.698926988856836,21792900
2017-11-10,6.745936870574951,6.871297537986057,6.550061808450432,6.6205769503679095,22338200
2017-11-13,7.0201616287231445,7.075006402108763,6.706761856228181,6.753771448500427,19880400
2017-11-14,6.487381458282471,7.239541681503918,6.463876661457931,7.09851215335266,31567300
2017-11-15,6.487381458282471,6.487381458282471,6.487381458282471,6.487381458282471,0
2017-11-16,6.738101959228516,6.785111552378085,6.557896526277803,6.628411663206168,17702400
2017-11-17,6.839957237243652,6.91830756586071,6.667587709812701,6.808617255237651,15165800
2017-11-20,6.839957237243652,6.839957237243652,6.839957237243652,6.839957237243652,0
2017-11-21,7.325727462768555,7.325727462768555,6.957482144778496,7.0201621035167125,27965400
2017-11-22,7.33356237411499,7.513767827609298,7.153357667824778,7.443252682642139,21848200
2017-11-23,7.239541530609131,7.333561463151638,7.082841643038285,7.278716689302843,15811500
2017-11-24,7.192533493041992,7.333563048745839,7.1455231430046,7.2787182630390195,10392600
2017-11-27,7.3649001121521,7.364900112152099,7.020160421681928,7.1298506967970985,17242300
2017-11-28,7.263046741485596,7.482426574036743,7.263046741485596,7.380571464979861,17456000
2017-11-29,6.973152160644531,7.325727882765868,6.863462600165973,7.302222336488385,23529900
2017-11-30,6.706762790679932,6.996657807429779,6.659752444653748,6.96531782581369,20873500
2017-12-01,6.957482814788818,6.957482814788818,6.597072643734303,6.675422973304288,19209000
2017-12-04,7.035830497741699,7.137685599803936,6.980985730171232,7.122015986442625,11931600
2017-12-05,6.738101959228516,7.082841715406732,6.6910916188749345,7.0436665563127505,17569100
2017-12-06,6.933977127075195,6.973151539640754,6.612741414727841,6.644081393102702,21087800
2017-12-07,6.8477911949157715,6.941811124119643,6.6519161556067115,6.777276061211873,18018100
2017-12-08,6.785111427307129,6.988821653077605,6.659751518280373,6.965316856936088,20442500
2017-12-11,7.004491806030273,7.027997351180951,6.691092009395114,6.816451928049178,14420800
2017-12-12,6.957482814788818,7.082842744337499,6.832122885240138,6.933978014799471,15165000
2017-12-13,6.808616638183594,7.043666855528431,6.714596700686467,7.012326876362722,15465800
2017-12-14,6.785111427307129,6.8321217667941605,6.636246722138855,6.738101835024094,13021600
2017-12-15,6.792947769165039,6.918307699612632,6.738102986395249,6.785112586711033,9801800
2017-12-18,6.691092491149902,6.918307546870759,6.691092491149902,6.910472364589738,8840700
2017-12-19,6.738101959228516,6.80861634895287,6.651916459780953,6.683256437615336,10785900
2017-12-20,7.043666362762451,7.114181497753157,6.777276184888225,6.808616161861429,20728200
2017-12-21,7.090676307678223,7.208201027993949,6.988821201376084,7.059336332447099,15418500
2017-12-22,7.012326240539551,7.122016531275691,6.973151083333502,7.082841374069643,6906500
2017-12-25,7.012326240539551,7.012326240539551,7.012326240539551,7.012326240539551,0
2017-12-26,7.043666362762451,7.098511882868551,6.910471273825339,6.957481612887139,6293200
2017-12-27,7.129852294921875,7.169026708125901,7.082841952991394,7.098512316036233,5571400
2017-12-28,7.129852294921875,7.208201868533962,7.114181931877036,7.169026708125901,5138200
2017-12-29,7.129852294921875,7.129852294921875,7.129852294921875,7.129852294921875,0
2018-01-02,7.521602153778076,7.521602153778076,7.184696831588888,7.192532012850035,13896700
2018-01-03,7.77232027053833,7.77232027053833,7.474590172800323,7.537270114723709,15895100
2018-01-04,8.211082458496094,8.33644312915751,7.882013033022639,7.882013033022639,32571300
2018-01-05,7.8585076332092285,8.297268120678808,7.803662852477067,8.265928139231274,28696700
2018-01-08,7.944692134857178,7.968196931160364,7.772321885157806,7.913352157384929,19536800
2018-01-09,8.030877113342285,8.171907389559925,7.897682018515408,7.921186815483674,19435900
2018-01-10,8.030877113342285,8.054381910310552,7.858506858765617,7.913352381296934,11068000
2018-01-11,8.461801528930664,8.461801528930664,8.124896234901266,8.13273141550752,24038800
2018-01-12,8.634173393249512,8.916233223389701,8.273763236690558,8.305103217817244,33976900
2018-01-15,8.853551864624023,8.931901431480252,8.63417203134102,8.775201550563821,15175100
2018-01-16,8.587162971496582,8.90839796198585,8.587162971496582,8.79870765541709,19336400
2018-01-17,8.736027717590332,8.80654286149119,8.461803071225322,8.587162994958366,18523500
2018-01-18,8.563657760620117,8.861387937949345,8.422627479989417,8.814377595337763,14887300
2018-01-19,8.955408096313477,8.955408096313477,8.594997951437058,8.720357871880323,22165700
2018-01-22,8.814376831054688,9.096436620655004,8.759532058766732,8.971076714165974,17938900
2018-01-23,8.399123191833496,8.798707765855246,8.399123191833496,8.704687822132241,15286800
2018-01-24,8.853551864624023,8.939736612327067,8.508811379403904,8.54015135558719,19090200
2018-01-25,8.853551864624023,8.853551864624023,8.853551864624023,8.853551864624023,0
2018-01-26,8.939738273620605,8.963243073325032,8.798707980985826,8.939738273620605,12885000
2018-01-29,9.049427032470703,9.135611781410889,8.79870647220147,8.83788162979391,14049400
2018-01-30,9.072932243347168,9.119942584050218,8.877057193625157,8.994581924576757,12379800
2018-01-31,9.29231071472168,9.49602091561604,9.14344602773205,9.14344602773205,19514300
2018-02-01,9.166953086853027,9.456848099532872,9.166953086853027,9.362828156004605,22506000
2018-02-02,9.245302200317383,9.260971815247368,8.994581636601675,9.072931952863582,18483000
2018-02-05,8.900561332702637,9.284476969664889,8.900561332702637,9.19045629520608,12713100
2018-02-06,9.166953086853027,9.166953086853027,8.532318281236206,8.736027785278738,27560000
2018-02-07,9.088603019714355,9.378498016835051,9.057263040220334,9.127777433678842,15980900
2018-02-08,8.877058029174805,9.28447852960281,8.830048431251011,9.213963385513033,17774000
2018-02-09,8.798707962036133,9.323653219930453,8.485308142638377,9.323653219930453,30040800
2018-02-14,9.378496170043945,9.378496170043945,8.869220669546378,8.869220669546378,17285800
2018-02-15,9.503856658935547,9.66055653536897,9.394166371830176,9.402001552452834,17551100
2018-02-16,9.496024131774902,9.676229600430888,9.370664195598994,9.558704099862856,14861600
2018-02-19,9.51169204711914,9.629216770207805,9.402001757620145,9.59787679423723,10117100
2018-02-20,9.480352401733398,9.621381924916776,9.300146973215758,9.40200208547286,12268000
2018-02-21,9.51952838897705,9.613549082939969,9.488188406724117,9.605713900575706,10494600
2018-02-22,9.40983772277832,9.613547957169471,9.370662562748633,9.535197637110096,9113600
2018-02-23,9.55870246887207,9.566537650347195,9.362827415218117,9.472517714257782,12426800
2018-02-26,9.989628791809082,9.989628791809082,9.6605586071261,9.6605586071261,15144000
2018-02-27,9.911275863647461,10.091481273330388,9.75457599470834,10.044470939046695,9903100
2018-02-28,9.652721405029297,9.950451545405715,9.574371840006421,9.950451545405715,10351200
2018-03-01,9.245302200317383,9.7545770144078,9.033756794732628,9.652721902148919,22948200
2018-03-02,8.884893417358398,9.072933307824245,8.446132925733988,9.041593326079937,28319700
2018-03-05,8.728193283081055,8.924068350722159,8.555823014339738,8.736027717911593,15470600
2018-03-06,9.088603019714355,9.1982925743414,8.89272796107572,9.065097474690802,16771100
2018-03-07,8.830047607421875,8.955407519794896,8.681182151075898,8.845717222866494,13365200
2018-03-08,8.642007827758789,8.955408386216362,8.41479277779899,8.908398040926295,15453600
2018-03-09,8.759532928466797,8.837882504199476,8.344277262987784,8.4774723636578,14224100
2018-03-12,8.892727851867676,8.955407810085967,8.79087273296194,8.837882328023639,7784900
2018-03-13,8.806541442871094,9.033756454836851,8.728191876761088,8.994581298179865,8405400
2018-03-14,8.884893417358398,8.978913362591321,8.73602794366986,8.939738198609911,6696800
2018-03-15,8.728193283081055,8.806542861815045,8.547987832305115,8.783038062915256,6772500
2018-03-16,8.736027717590332,8.900562804290972,8.579327812924028,8.775202880557929,9230300
2018-03-19,8.305102348327637,8.602831764258813,8.28159680454043,8.579326967675618,10658200
2018-03-20,8.579327583312988,8.602832381582846,8.281597398813208,8.35994772265149,10851900
2018-03-21,8.790873527526855,8.853553491410489,8.493143325477542,8.657678417473107,8797800
2018-03-22,8.689016342163086,9.151281526759915,8.61850121268846,8.798705879386786,17110900
2018-03-23,8.579327583312988,8.806542625799127,8.469638026584272,8.547987603218488,10124300
2018-03-26,8.634173393249512,8.822213280009638,8.508812721538671,8.73602777150818,8033100
2018-03-27,8.46963882446289,8.736028306759211,8.46180364190014,8.696853888353726,8608700
2018-03-28,8.375616073608398,8.493141541608667,8.187576221452712,8.430461590890104,7982600
2018-03-29,8.55582332611084,8.571492943547,8.42262821548498,8.477472997317706,7509500
2018-04-02,8.563657760620117,8.681182496343002,8.438297843261294,8.57149219505201,7850700
2018-04-03,8.399123191833496,8.665513405984058,8.32860804724022,8.634173424743055,7573000
2018-04-04,8.226752281188965,8.367782559400352,8.085722002977578,8.211081918185906,9669700
2018-04-05,8.28943157196045,8.563656924821988,8.265926776550709,8.493141791388794,9042100
2018-04-06,8.171907424926758,8.320772135975401,8.101392286512757,8.226752200491411,7799300
2018-04-09,7.882012844085693,8.265927787272105,7.8820128440856925,8.265927787272105,7364700
2018-04-10,7.921186923980713,8.093557180918348,7.8663421479022055,8.038712404839842,8207600
2018-04-11,7.999536514282227,8.109226803629737,7.858506249007425,7.889846224934718,7221500
2018-04-12,8.25809097290039,8.265926153180743,7.960360847082254,7.960360847082254,8322300
2018-04-13,8.24242115020752,8.359945862612314,8.195410816923262,8.305101096450597,8384000
2018-04-16,7.8585076332092285,8.242423339946647,7.858507633209228,8.242423339946647,8773000
2018-04-17,8.023042678833008,8.211082566492196,7.968197898400101,7.976033080520257,8562100
2018-04-18,8.665512084960938,8.736026471600482,8.297266801113638,8.305101982030468,21659600
2018-04-19,8.971076965332031,8.971076965332031,8.74386194165826,8.806541896657645,15490100
2018-04-20,8.814376831054688,9.135611778233821,8.712521720231356,8.931901556587157,14762500
2018-04-23,8.610666275024414,8.900561234323611,8.594996660923785,8.845716464165479,9219700
2018-04-24,8.422627449035645,8.798707199729993,8.36778267219373,8.743862422888078,12668700
2018-04-25,8.532318115234375,8.532318115234375,8.132732802610368,8.328607867951067,12375200
2018-04-26,8.664154052734375,8.734978318908825,8.546113358950405,8.577590727196865,7700700
2018-04-27,8.435942649841309,8.813671055568117,8.435942649841309,8.766455380092081,8868800
2018-04-30,8.577589988708496,8.577589988708496,8.451680526562841,8.451680526562841,3748900
2018-05-02,8.522504806518555,8.75071589480976,8.498896969931078,8.61693690334806,8411600
2018-05-03,8.333640098571777,8.530373809112266,8.184122058292461,8.49889644544497,8668300
2018-05-04,8.640544891357422,8.695630844999688,8.365118125064523,8.372987654224792,8467200
2018-05-07,8.467419624328613,8.774323752129781,8.45955009528766,8.64054476035198,7905000
2018-05-08,8.538244247436523,8.695631082543263,8.459550454643338,8.514635659310791,8716300
2018-05-09,8.719239234924316,8.81367133939704,8.577590702975405,8.577590702975405,9562900
2018-05-10,8.758585929870605,8.955319663918518,8.640545239154076,8.821540664727566,9707400
2018-05-11,8.67202377319336,8.971058402873423,8.624807344545118,8.853018456972329,8996400
2018-05-14,8.538244247436523,8.908103122317458,8.467419984018582,8.750716287210716,10376700
2018-05-15,8.168384552001953,8.467419911379245,8.136907185250639,8.45955038207151,14770000
2018-05-16,8.569722175598145,8.569722175598145,8.184123466238322,8.231339895101861,13424200
2018-05-17,8.491028785705566,8.774325121062148,8.388727143651318,8.577591367222372,11899900
2018-05-18,8.40446662902832,8.475290904067508,8.168385962390943,8.420204939881613,9333500
2018-05-21,8.176253318786621,8.601198105538522,8.144775954970909,8.514634792185648,10138200
2018-05-22,8.05034351348877,8.302163187020176,7.987388782725815,8.29429365805491,9987100
2018-05-23,7.751309871673584,7.971651456464643,7.680485603227967,7.869349818763159,11980900
2018-05-24,7.554575443267822,7.7591779496949576,7.460142593557314,7.5467059140453445,11102300
2018-05-25,7.090283393859863,7.696222856505429,7.058806028923464,7.672615020423025,18807400
2018-05-28,6.570906639099121,7.00372022870335,6.5472980520272,6.90928813185445,15718800
2018-05-29,6.73616361618042,6.964374725522346,6.563037714116995,6.932897357008965,15507600
2018-05-30,6.492213249206543,6.838464292286517,6.492213249206543,6.767640778152616,19275800
2018-06-01,6.956504821777344,6.956504821777344,6.468605260810648,6.610253036265739,19354500
2018-06-04,7.42079496383667,7.436533268653486,6.783377483447188,7.0430658920000795,18396700
2018-06-05,7.216192245483398,7.656875317455789,7.0430663776830595,7.373579056902109,18445000
2018-06-06,7.003721237182617,7.397188739282308,6.932897717207623,7.239801888538372,14495900
2018-06-07,6.531559944152832,6.932896930890714,6.122353803390184,6.846333609939632,20888500
2018-06-08,6.688946723937988,6.775509293722172,6.240393690893463,6.531559892294193,17793500
2018-06-11,6.350564956665039,6.87781144568339,6.326957117740542,6.775509809704342,13467100
2018-06-12,6.531559944152832,6.633861573153446,6.366303581994858,6.421388785887643,12539600
2018-06-13,6.476474285125732,6.641730654819858,6.319087445055053,6.578775918791586,12673000
2018-06-14,6.2718706130981445,6.570906322525632,6.2718706130981445,6.52368990113618,9993900
2018-06-15,5.86266565322876,6.256133156807599,5.854796498281906,6.232525316727186,17757600
2018-06-18,5.815449237823486,5.941359086337382,5.665931550690617,5.744625346726738,11130100
2018-06-19,5.917750835418701,6.059398991964955,5.602976778964975,5.665931515207755,14752200
2018-06-20,6.035791397094727,6.067268766486524,5.8469268055041,6.027921867126856,10373600
2018-06-21,5.71314811706543,6.083007391404342,5.68953990263366,5.9807057542664035,12666000
2018-06-22,5.634454250335693,5.870534890812036,5.595107727082858,5.807580153415634,9559400
2018-06-25,5.626585483551025,5.760364497358007,5.532153370948401,5.658062854418567,10673800
2018-06-26,5.595107078552246,5.721016538750846,5.555760184620288,5.6659309622940635,8279100
2018-06-27,5.626585483551025,5.776103182791778,5.524283840611586,5.60297726778044,10552300
2018-06-28,5.846926689147949,5.846926689147949,5.547891685876787,5.658062476555636,13597600
2018-06-29,5.760364055633545,6.035791217223765,5.64232373631207,5.964966950582913,16969300
2018-07-02,5.689539432525635,5.768232848729625,5.626584699562444,5.728886328247533,9361000
2018-07-03,6.098745822906494,6.185308771911672,5.7288865639131705,5.752494402125605,18401700
2018-07-04,6.4686055183410645,6.4686055183410645,6.0593989828958055,6.138092778321325,17055500
2018-07-05,6.36630392074585,6.6181228667745735,6.295479654555357,6.578775968837672,13940700
2018-07-06,6.326956748962402,6.444996687184388,6.22465511894619,6.389911482744744,10357800
2018-07-10,6.201047897338867,6.4686059177297865,6.18530921232998,6.444997327356683,11433000
2018-07-11,5.925620079040527,6.169569857825808,5.909881395739536,6.130222961953423,13175300
2018-07-12,6.476474285125732,6.476474285125732,6.0515298169349,6.083007184949035,21469200
2018-07-13,6.547298431396484,6.696816489597111,6.405650653155451,6.500082755476019,19501900
2018-07-16,6.5551676750183105,6.563037204155093,6.31908705427209,6.492212942883266,15585800
2018-07-17,6.8463335037231445,6.948635131136614,6.476473889302078,6.507952005872012,19092600
2018-07-18,6.6181230545043945,6.9643748655953335,6.5945152152644555,6.893550597395838,17577400
2018-07-19,6.578774929046631,6.6259913492041775,6.389910749375521,6.539428787808136,14315600
2018-07-20,6.948635578155518,7.066675520968083,6.751901839814807,6.7676408991122985,19315800
2018-07-23,6.940765857696533,7.066675326696436,6.86994159376418,6.972243224946509,10706300
2018-07-24,7.098153114318848,7.318494674821458,7.027328853680252,7.129630480104934,19106500
2018-07-25,7.279149532318115,7.287019063279011,7.050938387810576,7.255541689915205,16978500
2018-07-26,7.184715747833252,7.3499721073302995,7.0981531787556,7.2870173751866245,14553400
2018-07-27,7.200453758239746,7.294886603034644,6.948634840065548,6.995851262462997,23776700
2018-07-30,7.2083234786987305,7.326364162590888,7.161107805525543,7.310625104546763,10709700
2018-07-31,6.980111598968506,7.239800023414768,6.940764708799177,7.145367937296082,14747000
2018-08-01,6.917159080505371,7.043068568811311,6.830596494914974,6.885681708428886,16367300
2018-08-02,7.050936698913574,7.10602190148584,6.830595138144912,6.8463334458171605,12742700
2018-08-03,7.121760368347168,7.231930764344704,7.0824134767139615,7.161107259980375,13051800
2018-08-06,6.948635578155518,7.1689771549628105,6.948635578155518,7.1689771549628105,12523800
2018-08-07,6.8699421882629395,7.066675938219789,6.830596038655328,7.019460258498776,11237900
2018-08-08,6.925026893615723,7.011589457737078,6.885680000658902,6.972242564780258,12984300
2018-08-09,6.712554454803467,6.980112439602223,6.70468567620555,6.940765544694242,18659000
2018-08-10,6.2246551513671875,6.681077348906248,5.980705369070097,6.61025308541232,45902000
2018-08-13,6.374173164367676,6.476474043741022,6.177439058752067,6.334826268196592,25562600
2018-08-14,6.500082492828369,6.51582080067271,6.374173028155213,6.421388702167843,11283100
2018-08-15,6.240394115447998,6.413519642034472,6.2167862767152124,6.374173494306383,15615300
2018-08-16,6.2954792976379395,6.413519234276805,6.248263247934432,6.342695722581254,10970100
2018-08-17,6.248263359069824,6.279740726098705,6.098745678062735,6.232524675555384,11422700
2018-08-20,6.58664608001709,6.633862511805764,6.334827111756756,6.374174013167363,19943800
2018-08-21,6.2954792976379395,6.570906817101445,6.2954792976379395,6.56303728786429,14667000
2018-08-22,6.405651092529297,6.468605831727841,6.24039433927335,6.31121898373148,12104100
2018-08-23,6.311218738555908,6.476474359672541,6.240394096849145,6.3977813139712385,14027400
2018-08-24,6.421388626098633,6.507951944895685,6.35056436543908,6.460735520962784,10814300
2018-08-27,6.5079522132873535,6.5630374180811515,6.437127949706968,6.452866258013927,9832300
2018-08-28,6.444997310638428,6.570907540862608,6.366304261037974,6.523691110718579,11025200
2018-08-29,6.5551676750183105,6.594514570222615,6.44499651854218,6.476473884609702,7924700
2018-08-30,6.358434677124023,6.6496005341889965,6.358434677124023,6.531560585547412,12539300
2018-08-31,6.350564956665039,6.452866592644088,6.295479749014655,6.397781384993704,9004400
2018-09-03,6.311218738555908,6.405650843685267,6.279740994939625,6.35056488616673,5507300
2018-09-04,6.303348541259766,6.350564213584044,6.138092187165628,6.334825906302478,14743800
2018-09-05,6.201047897338867,6.326957377409959,6.161700997196726,6.295480007392186,9536600
2018-09-06,6.248263359069824,6.319087247264899,6.153831257983183,6.2954794096131454,9483900
2018-09-10,6.193177700042725,6.3505645331767955,6.193177700042725,6.334826225103198,7090700
2018-09-11,5.8233184814453125,6.106615157634493,5.8154489521323685,6.106615157634493,14029100
2018-09-12,5.744624614715576,5.941358329257345,5.642322993096308,5.902011436253079,18514800
2018-09-13,5.595107078552246,5.815448633899797,5.587237549669939,5.799709951374971,12557600
2018-09-14,5.508544445037842,5.681669962490657,5.47706707822824,5.626584758193758,14303100
2018-09-17,5.988575458526611,6.035791513525105,5.414112893185164,5.469198103063482,22660000
2018-09-18,6.2954792976379395,6.326956664106945,6.012182624177086,6.027921307411589,28320200
2018-09-19,6.570906639099121,6.704685630588295,6.114484087183174,6.185308347439747,38531800
2018-09-20,6.334826469421387,6.7282939426714155,6.334826469421387,6.688947045250483,25001100
2018-09-21,6.673208236694336,6.7125551355928925,6.405650975239438,6.421389284511055,24671300
2018-09-24,6.523690223693848,6.806986514599202,6.437127655759332,6.641730157284512,17656200
2018-09-25,6.610252380371094,6.696815693399661,6.334825635635368,6.3741725278774855,16507400
2018-09-26,6.6181230545043945,6.7440325310903075,6.515821417158421,6.681077792797351,11823200
2018-09-27,6.633861064910889,6.704685321906736,6.531559443747948,6.618122007587563,9661900
2018-09-28,6.547298431396484,6.712554798077388,6.507952284955976,6.547298431396484,10377000
2018-10-01,6.311218738555908,6.594515053943984,6.240394096849145,6.594515053943984,14871900
2018-10-02,6.688946723937988,6.72829361946884,6.476473938359156,6.4922129967633415,16555900
2018-10-03,6.987983226776123,7.247671729250934,6.862073740785879,7.161109145252575,27957400
2018-10-04,7.145368576049805,7.184715469736513,6.806986341015513,6.877810599555674,15709300
2018-10-05,7.098153114318848,7.231931356050019,6.980112429761322,7.208323519330353,14359500
2018-10-08,7.869349002838135,7.9008263688303035,7.468012023578286,7.475881552696229,36177200
2018-10-09,7.877219200134277,7.971651306120903,7.735570665914506,7.853610610777871,19840700
2018-10-10,7.294886589050293,7.830001789144643,7.294886589050293,7.79065489563546,26420300
2018-10-11,7.326364517211914,7.4994896611995765,7.176846460473915,7.468012294067308,16166300
2018-10-15,7.609660625457764,7.704092724422995,7.397187839926285,7.452273793849045,17743000
2018-10-16,7.798526763916016,7.916567479854643,7.75917985860314,7.790657232757481,16803300
2018-10-17,7.774917125701904,7.845741388815891,7.578183395042887,7.767047596360434,14036700
2018-10-18,7.601790904998779,7.853609829237045,7.593921375996436,7.759177732647696,14282500
2018-10-19,7.6332688331604,7.7906556724099625,7.570314097460575,7.751309525457307,11576800
2018-10-22,8.223470687866211,8.31003401909914,7.751310133103576,7.790656283140683,24346100
2018-10-23,8.026735305786133,8.121167397562493,7.932303214009773,8.01886577718488,22980900
2018-10-24,7.6332688331604,8.176254366670948,7.593921935728098,8.129037939656255,26019700
2018-10-25,7.790655612945557,7.861479877687184,7.625399245374971,7.767047774858228,14098100
2018-10-26,7.916565895080566,8.0424753664928,7.735570467065743,8.026736307326448,26914100
2018-10-29,7.892958164215088,8.113300513615112,7.688355626171821,8.034606710189427,28196900
2018-10-30,8.152647018432617,8.302165101330147,7.924435879176175,8.026737527874548,22554300
2018-10-31,8.089691162109375,8.420203904671322,7.955912159144793,8.223470165073955,22624300
2018-11-01,7.963781833648682,8.144777267618707,7.9086966257133,8.136907737776603,18909200
2018-11-05,8.018866539001465,8.081822023312887,7.92443443825377,8.050343905917364,12802200
2018-11-06,7.814263820648193,7.963781121886714,7.814263820648193,7.940173284950022,11008400
2018-11-07,7.719832420349121,7.948043532647981,7.649008152656428,7.908696633876521,10505900
2018-11-08,7.6332688331604,7.885088526439347,7.601791465310488,7.7906556724099625,12668700
2018-11-09,7.885087490081787,7.9086953252464705,7.483750539884428,7.633267829900154,23798200
2018-11-12,7.6332688331604,7.908696364706869,7.609660994892878,7.908696364706869,14991500
2018-11-13,7.405057907104492,7.719832343669921,7.373580538495916,7.69622375435374,13575300
2018-11-14,7.200453758239746,7.460142205226781,7.106021663924421,7.452273426893518,20478000
2018-11-16,7.704091548919678,7.743438438438146,7.279146793175121,7.294885849174307,16966800
2018-11-19,7.349972724914551,7.6175307342466345,7.28701798748108,7.6175307342466345,17901400
2018-11-21,7.247670650482178,7.326364442752887,7.082414287097388,7.161108079368097,12747000
2018-11-22,7.129631042480469,7.318495252094342,7.129631042480469,7.279148354138204,7348000
2018-11-23,6.783379554748535,7.121761842148745,6.720424815299151,7.121761842148745,17649500
2018-11-26,6.712554454803467,6.9328967660963245,6.657469252220052,6.806986552294863,11955600
2018-11-27,6.862071514129639,6.877809819531669,6.586644040038945,6.767639430278984,13969500
2018-11-28,6.838464260101318,7.019459685537362,6.61812268826928,6.940765891786103,26274900
2018-11-29,7.06667423248291,7.1611070700903605,6.767639665150879,6.806985805261214,16931400
2018-11-30,7.357841968536377,7.428665482534657,6.980112808147353,7.082414440117721,22677600
2018-12-03,7.704091548919678,7.790654105476709,7.617528992362646,7.719830604918863,21820400
2018-12-04,7.38145112991333,7.719833453983486,7.342104225873581,7.711963923079582,17655900
2018-12-05,7.468011856079102,7.523097808189582,7.279147664362104,7.4286649618514975,9539900
2018-12-06,7.318495273590088,7.373580480602682,7.121761533711212,7.287017905228654,19601500
2018-12-07,7.082414627075195,7.5230985340820355,7.043067729051068,7.2870178964169305,21515600
2018-12-10,6.8463335037231445,7.129630549015708,6.838463974580661,7.082414124640413,14264600
2018-12-11,6.885680675506592,7.050937041737935,6.744032147171259,6.9958518364873665,15305200
2018-12-12,7.365711212158203,7.397188581636156,7.011590617911309,7.011590617911309,27624300
2018-12-13,7.5939226150512695,7.5939226150512695,7.3657114901046015,7.412927921343094,20763100
2018-12-14,7.38145112991333,7.5781848996323005,7.3657120681055215,7.452275407088923,12516500
2018-12-17,7.704091548919678,7.806393161475895,7.45227265676868,7.460141434288777,23165600
2018-12-18,7.554575443267822,7.845741270182989,7.515228547635046,7.743439641729615,17307000
2018-12-19,7.6332688331604,7.8614799376921765,7.6332688331604,7.711962628025005,16127500
2018-12-20,7.279149532318115,7.774918725657895,7.200455723668711,7.7198335098911794,26460700
2018-12-21,7.247670650482178,7.373580117731614,7.224062812992814,7.287017546617532,15101300
2018-12-26,7.200453758239746,7.208323287052583,6.964373897691222,7.145368557509033,12325700
2018-12-27,7.082414627075195,7.231931938991289,7.019459890428455,7.216193630069433,11581600
2018-12-28,7.255539417266846,7.318494144275185,7.153237798258407,7.216192525266747,14571200
2019-01-02,7.680485725402832,7.790656144311022,7.176847058817835,7.247671328390067,21585400
2019-01-03,7.515228748321533,7.837871950262855,7.342102853201934,7.633268687892386,18658000
2019-01-04,7.9559125900268555,8.042475920444836,7.593922459543593,7.633269359689976,29301300
2019-01-07,7.971649646759033,8.152644291271349,7.885087088576556,7.995257480721615,15089000
2019-01-08,7.748928546905518,8.113769884695637,7.709271649548034,8.089976048838109,18263400
2019-01-09,8.002732276916504,8.066183016451834,7.804448526770475,7.852036203225734,13946900
2019-01-10,8.193082809448242,8.232739702594856,7.891691480483229,7.923416843722055,14498400
2019-01-11,8.074114799499512,8.216878589704839,8.010664057987698,8.16929091176723,17531700
2019-01-14,7.828241348266602,7.955142810855309,7.780653677992026,7.891692079560955,17823400
2019-01-15,7.725133419036865,7.94721172628411,7.629957325813339,7.852034876668233,15990100
2019-01-16,7.923417091369629,7.971005515911414,7.669614177526371,7.756858740061904,18596900
2019-01-17,7.9154863357543945,8.058250866957094,7.852035601084844,7.891692499351419,17116900
2019-01-18,7.883760929107666,8.034456990490726,7.859967092823337,7.98686856152965,13642600
2019-01-21,7.971005439758301,8.02652463753301,7.788584029882008,7.891691651743853,10685600
2019-01-22,7.740997791290283,7.9551438482360854,7.733066259746092,7.931350009995992,19852700
2019-01-23,7.709271430969238,7.915485929875085,7.63788916902813,7.820309832751067,29318000
2019-01-24,7.772722244262695,7.875829872997941,7.740996878220496,7.772722244262695,15716000
2019-01-28,7.709271430969238,7.836172893801262,7.558575376561923,7.614095333845221,21052300
2019-01-29,7.693409442901611,7.82824245506359,7.693409442901611,7.796517084930918,10236600
2019-01-30,7.852035045623779,8.018593401446944,7.748928176373963,7.796515845813514,27060500
2019-01-31,7.7806549072265625,7.963075599419649,7.709272634144919,7.931350228760308,15458600
2019-02-01,7.685476779937744,7.859966668178083,7.653751414475171,7.812378998180412,17225600
2019-02-04,7.756857872009277,7.756857872009277,7.582368766464897,7.685475621381002,13117500
2019-02-05,7.772722244262695,7.828241445738446,7.693408450961003,7.733065347611849,12865000
2019-02-06,7.415812015533447,7.772722588408911,7.415812015533447,7.733065690002209,16846300
2019-02-07,7.487194061279297,7.677547035987377,7.336498744210899,7.431674853368699,21334400
2019-02-08,7.629958152770996,7.645821214890379,7.360292147880957,7.439605945693003,17485100
2019-02-11,7.598232269287109,7.725133732060545,7.5347815379003915,7.693408366367186,7809100
2019-02-12,7.598232269287109,7.677546061716698,7.550644598943262,7.669614531195263,8241700
2019-02-13,7.629958152770996,7.66961505167702,7.542713580291691,7.614095847044047,11018100
2019-02-14,7.669615745544434,7.693409584483695,7.439606618751574,7.622027311273411,12661800
2019-02-15,7.455467700958252,7.677546015878238,7.439605396402468,7.503056127410357,27859800
2019-02-18,7.431674003601074,7.495124735784395,7.376154802038766,7.455467839071721,11167700
2019-02-19,7.312704563140869,7.479262935455537,7.296841500828785,7.471331404299495,12880000
2019-02-20,7.360292434692383,7.415812397881258,7.265116327444621,7.34443012834732,10111400
2019-02-21,7.534781455993652,7.582369882212573,7.336497733467504,7.399948464164482,14960700
2019-02-22,7.867897987365723,7.923417186336278,7.598232009978986,7.6140950704804915,23068500
2019-02-25,8.097907066345215,8.16135779553874,7.883760288022802,7.931348713114124,22657000
2019-02-26,7.978937149047852,8.169289336887092,7.963074088531736,8.058250182451356,10908800
2019-02-27,7.836174011230469,8.082045441430395,7.812380172654587,8.002732394046625,11116300
2019-02-28,7.661683082580566,7.883760644808186,7.614095411727987,7.844104504561832,15324700
2019-03-01,7.693409442901611,7.859967825196262,7.629958702636268,7.772723246429536,10202200
2019-03-06,7.629958152770996,7.748928849489067,7.566507417078332,7.709271950583044,5760600
2019-03-07,7.637889385223389,7.653751690330193,7.534781754655747,7.61409554936698,6480000
2019-03-08,7.669615745544434,7.677547277321689,7.510988891961858,7.598233472334149,7623600
2019-03-11,7.931347846984863,7.9392793763659935,7.693407260296863,7.709270319059123,11202500
2019-03-12,7.947213649749756,8.042389766008775,7.867899841337638,7.939282117630037,12939800
2019-03-13,8.010663986206055,8.026526293245619,7.8282425386998495,7.931350181830749,12895700
2019-03-14,8.280327796936035,8.288259327253487,7.955142617844162,7.994799513039055,23737000
2019-03-15,8.050320625305176,8.42309431848378,8.018595252889499,8.32791820123675,18674800
2019-03-18,8.224808692932129,8.280327893013759,8.097907231949906,8.129632597195462,10737700
2019-03-19,8.661033630371094,8.898974264338031,8.304123057616899,8.304123057616899,35291300
2019-03-20,8.50240707397461,8.732416184580252,8.423093274568892,8.661033916393595,17643400
2019-03-21,8.288259506225586,8.66103311887927,8.208946470515519,8.597582387754267,19858600
2019-03-22,7.963074684143066,8.169289947922632,7.915486255427623,8.129633050058498,14756200
2019-03-25,8.113770484924316,8.21687812312436,7.899624433579968,7.915486739860957,12627400
2019-03-26,8.129632949829102,8.28825978293753,8.058250685832208,8.23274058044768,10527400
2019-03-27,7.526849746704102,8.050318640711595,7.463399017514852,8.050318640711595,30276200
2019-03-28,7.677546977996826,7.717203122552017,7.534782437142224,7.534782437142224,12183100
2019-03-29,7.963074684143066,8.05031925433023,7.796516318227635,7.804447849078944,17280800
2019-04-01,8.105839729309082,8.201015836399355,8.050319766212077,8.169290467369263,16001800
2019-04-02,7.693409442901611,8.256535330050907,7.67754713603152,8.193084589785563,32691000
2019-04-03,7.685476779937744,7.915485868639491,7.574438379014928,7.9075550945681305,18916800
2019-04-04,7.677546977996826,7.748929248424127,7.5744393380898885,7.740997716956099,15861900
2019-04-05,7.645821571350098,7.740997679326347,7.622026977061684,7.733066147896876,8498400
2019-04-08,7.526849746704102,7.629957370734722,7.471330547761597,7.614095066633587,14934500
2019-04-09,7.455467700958252,7.52684996244022,7.376154665394581,7.52684996244022,10651100
2019-04-10,7.4713311195373535,7.526850322728705,7.3444296514471725,7.495124955706159,11472600
2019-04-11,7.344429016113281,7.48719277716867,7.320634425610426,7.455467412890545,8492800
2019-04-12,7.280979633331299,7.582371027877109,7.24925426318924,7.296841940206084,14276000
2019-04-15,7.193734169006348,7.407880980915311,7.177871862416318,7.360292548360272,8945800
2019-04-16,7.0985565185546875,7.2968402244159485,7.0588996261039725,7.21752719590683,15192600
2019-04-17,6.987518310546875,7.209595855143582,6.963723720617265,7.130282068162878,12029100
2019-04-18,7.154077529907227,7.2809789994270355,6.987519162064372,6.987519162064372,15900200
2019-04-22,7.114420413970947,7.201664982499106,7.035106619750876,7.201664982499106,9220300
2019-04-23,7.066833019256592,7.209597567166425,7.066833019256592,7.201666035306432,7861100
2019-04-24,6.866121292114258,7.16186797979641,6.810169442692081,7.129895385514199,11391500
2019-04-25,6.954046249389648,7.033978122141704,6.778196586707227,6.866121799191855,12068400
2019-04-26,6.882108211517334,7.017991947600159,6.802177095301307,6.96204009002025,9237300
2019-04-29,6.882108211517334,6.946053409404912,6.858128952881215,6.922074150768792,5010000
2019-04-30,6.8980937004089355,6.9460522093958,6.77020332672829,6.834148513568613,10229900
2019-05-02,6.75421667098999,6.866121129470339,6.75421667098999,6.850134451564536,10001200
2019-05-03,7.089929103851318,7.129895035312757,6.778195753196183,6.794182430695454,13506900
2019-05-06,7.017991542816162,7.209827887701038,6.898094494264104,6.938060431210404,11853300
2019-05-07,6.762210369110107,7.04197114902678,6.762210369110107,6.978025196293907,15878000
2019-05-08,6.858128070831299,6.938059939053873,6.778196202608725,6.826155475999627,13815000
2019-05-09,6.8021769523620605,6.866122148905909,6.738231755818211,6.834149550633985,7299500
2019-05-10,6.738231658935547,6.89010130797188,6.714251638861236,6.802176854559988,10304100
2019-05-13,6.538402080535889,6.674285798269773,6.466463552054799,6.658299119813182,13102400
2019-05-14,6.51442289352417,6.64231405062432,6.490443635068403,6.594354771425904,6978600
2019-05-15,6.354560375213623,6.482450779590777,6.330581114964641,6.442485599938121,9635000
2019-05-16,6.154731273651123,6.418505416644249,6.154731273651123,6.378539856849101,11091500
2019-05-17,6.306601047515869,6.490443681959869,6.186703610940488,6.194696951245787,13694500
2019-05-20,6.402518272399902,6.466463460749805,6.282620853672141,6.346566042022044,7899600
2019-05-21,6.738231658935547,6.746224236673457,6.434491598576019,6.474457536413011,10775100
2019-05-22,6.75421667098999,6.850134451564536,6.60234704231865,6.818161858039687,11554300
2019-05-23,6.51442289352417,6.674286649327637,6.506430315563502,6.6343207103767705,11008800
2019-05-24,6.554388523101807,6.642313737100938,6.5144225860373695,6.57037520284232,7341000
2019-05-27,6.578367233276367,6.730237629032186,6.578367233276367,6.650305761551567,6260700
2019-05-28,6.602348327636719,6.642314267894874,6.5543890468695505,6.586361646618694,6117900
2019-05-29,6.602348327636719,6.690272786375135,6.498437187880278,6.5543890468695505,9630400
2019-05-30,6.658299446105957,6.842142445932133,6.610340932959526,6.642313529152754,10667500
2019-05-31,6.554388523101807,6.698265591619043,6.5144225860373695,6.626327057360425,8876100
2019-06-03,6.394525527954102,6.6183337079921785,6.338573292372871,6.610341130420238,13205600
2019-06-04,6.618333339691162,6.618333339691162,6.45847036284583,6.45847036284583,11534300
2019-06-05,6.602348327636719,6.690272786375135,6.538403128138433,6.594354987127707,5302600
2019-06-06,6.586361885070801,6.6662937684809584,6.482450741552369,6.634321167574282,6570100
2019-06-07,6.874114036560059,6.874114036560059,6.610339965979859,6.63431921904532,14349500
2019-06-10,6.954046249389648,7.105916655161187,6.818162523083255,6.826155862815827,14707300
2019-06-11,7.201834678649902,7.249793194026983,7.0819368656334865,7.105916885608885,14459000
2019-06-12,7.03397798538208,7.1698617090465255,6.962039453761277,7.145881690315045,15126600
2019-06-13,7.137889385223389,7.185847899941578,7.073944190741239,7.113909365577447,8353600
2019-06-14,6.922073841094971,7.121902766125596,6.842142728454832,7.113909426175526,10011100
2019-06-17,6.874114036560059,6.986017725723349,6.858127359658611,6.906086628076244,9301100
2019-06-18,7.017991542816162,7.097923416708764,6.962039688463447,7.0099989652563774,11198500
2019-06-19,6.922073841094971,7.113909426175526,6.818162708604623,7.073944250998884,13219200
2019-06-21,6.946052551269531,7.00999850354393,6.922073295595879,6.994011824903632,6058800
2019-06-24,6.986019134521484,7.0020058146468,6.92207393859395,6.946053196495059,4751600
2019-06-25,6.770204067230225,7.041971522169976,6.738231470313009,6.930067051816302,11750800
2019-06-26,6.866121292114258,6.930066480678681,6.834148697832046,6.866121292114258,5550300
2019-06-27,6.93006706237793,6.986018916496619,6.8021766745141585,6.842142611293298,7990800
2019-06-28,7.1458821296691895,7.193841407794038,6.986019139731139,6.994012479799759,19631300
2019-07-01,7.097923755645752,7.321731946030647,7.049964476562691,7.25778674877782,13870300
2019-07-02,7.017991542816162,7.177854528314522,6.922073751517146,7.153875271061479,11350700
2019-07-03,7.2098283767700195,7.257786894529307,6.970033501112896,7.02598535926103,11284900
2019-07-04,7.5630269050598145,7.603043073887155,7.362946824168047,7.362946824168047,25680800
2019-07-05,7.747101306915283,7.795120100960973,7.442979479394356,7.523011057218829,19654700
2019-07-08,7.723092079162598,7.827133829817278,7.659066503874342,7.803124429895448,10706500
2019-07-10,7.651063442230225,7.851143544385099,7.571031096070267,7.795120596775122,17327700
2019-07-11,7.571030616760254,7.68307574164179,7.499001662425335,7.659065581366837,12687400
2019-07-12,7.547019958496094,7.675071072249797,7.5070037946368515,7.595038744531311,8415400
2019-07-15,7.458985328674316,7.627052630696783,7.442979318752867,7.611046620775333,9145900
2019-07-16,7.523010730743408,7.651062623546455,7.458985165964353,7.458985165964353,9419000
2019-07-17,7.499001502990723,7.563027069206091,7.450982709951675,7.523010899510247,6377600
2019-07-18,7.50700569152832,7.595040663667707,7.458986130114542,7.474992905000813,5424300
2019-07-19,7.50700569152832,7.595040663667707,7.482996292443949,7.5310150906126925,6603800
2019-07-22,7.35494327545166,7.5550233519282495,7.282915089045821,7.5150079472288684,13451200
2019-07-23,7.282915115356445,7.418969628911637,7.266908342822929,7.386956083844606,7970300
2019-07-24,7.178873538970947,7.266908500075552,7.098841201061351,7.258905113635604,11959000
2019-07-25,6.962786674499512,7.266908489573551,6.890757723133957,7.202882924636379,16838500
2019-07-26,7.058825969696045,7.234896678536809,6.938778210131231,7.202883891769856,16903600
2019-07-29,7.082835674285889,7.186876652118253,7.026812728631932,7.098841685012025,7165600
2019-07-30,7.058825969696045,7.098842143965998,6.994800396162139,7.066829357199044,5810200
2019-07-31,7.002802848815918,7.154863374848147,6.91476788777041,7.050822404178429,10467600
2019-08-01,6.802722930908203,7.082835356890641,6.802722930908203,7.010806403738302,12811300
2019-08-02,6.802722930908203,6.84273910079783,6.666668411230442,6.762706761018575,8802000
2019-08-05,6.578633785247803,6.706684924861727,6.498601441366602,6.706684924861727,10420200
2019-08-06,6.5386176109313965,6.650662739675367,6.474592041147699,6.602643180715095,9710400
2019-08-07,6.386556625366211,6.490597984369853,6.3625468461361425,6.490597984369853,13504700
2019-08-08,6.6426591873168945,6.738697539602214,6.4345757090762135,6.4665884931713205,15358500
2019-08-09,6.482594966888428,6.66666827610688,6.482594966888428,6.602642710879163,10630800
2019-08-12,6.370550155639648,6.426572337124583,6.3065245873011575,6.362546768786092,10140800
2019-08-13,6.5466203689575195,6.562626378243067,6.322530514622932,6.394559082897742,11983400
2019-08-14,6.226492881774902,6.458585385691965,6.202483101853823,6.434575987393392,14314700
2019-08-15,5.954383373260498,6.314527373482423,5.810325849496223,6.282514590423696,16458400
2019-08-16,5.842339038848877,6.082434928486329,5.82633264620638,6.074431922976332,11096200
2019-08-19,5.650261402130127,5.9783926105561465,5.626252006286619,5.914367046143505,11567300
2019-08-20,5.818328857421875,5.842338635539424,5.54621981966121,5.65826494204647,19057500
2019-08-21,5.946379661560059,5.9863958290067805,5.786315755018082,5.890357485081594,11596400
2019-08-22,6.010406017303467,6.074431584303786,5.914367285180505,5.978392852180825,9756800
2019-08-23,5.786316871643066,6.130454527930134,5.770310477900006,5.9223714092703466,13903800
2019-08-26,5.714286804199219,5.89035748295426,5.6822740229023845,5.8423383110090095,7270300
2019-08-27,5.602242469787598,5.826332336492994,5.5542232944126875,5.746299995912328,13396500
2019-08-28,5.610246181488037,5.642258966925764,5.498201050833487,5.586236401598489,12803400
2019-08-29,6.122451305389404,6.186476878097801,5.642259128453915,5.642259128453915,21469300
2019-08-30,6.322531223297119,6.322531223297119,6.066428558440709,6.282515050730569,17021200
2019-09-02,6.258505821228027,6.394559972053026,6.24249942809435,6.35454418003009,9584400
2019-09-03,6.194479465484619,6.298521204919785,6.170470068151882,6.202482852343858,8056600
2019-09-04,6.122451305389404,6.322531410914401,6.098441524812498,6.306525017737302,10926400
2019-09-05,6.162467002868652,6.298521533595527,6.138457604283033,6.194479788731151,11175800
2019-09-06,6.138457775115967,6.186476955246086,6.042419414855728,6.186476955246086,7495100
2019-09-09,6.634654998779297,6.682674550741973,6.146459527886587,6.162465917999999,27484800
2019-09-10,6.658664703369141,6.714687643809885,6.498600794777559,6.642658694132443,16120200
2019-09-11,6.6026434898376465,6.794720208181388,6.538617917056399,6.6986818490095175,10963500
2019-09-12,6.626651763916016,6.722690106784954,6.602642369010007,6.674671316972937,9791700
2019-09-13,6.506604194641113,6.682674876082949,6.442578631070432,6.610645926254701,9751300
2019-09-16,6.490597724914551,6.5706300647338995,6.402562761709234,6.482595101528583,8188500
2019-09-17,6.658664703369141,6.714687643809885,6.418569222104229,6.450582003822546,14021200
2019-09-18,6.738697528839111,6.770710312883087,6.602643005840973,6.642659176707186,9882500
2019-09-19,6.6026434898376465,6.786716820772474,6.6026434898376465,6.746701410217969,8709300
2019-09-20,6.506604194641113,6.666668103567817,6.506604194641113,6.642658708040042,8675800
2019-09-23,6.506604194641113,6.5866357674820035,6.4505820173279975,6.482594799113339,4735100
2019-09-24,6.322531223297119,6.554623726666594,6.26650865802845,6.530614328424668,13067400
2019-09-25,6.44257926940918,6.474592054366386,6.21848939308623,6.314527747957851,12112600
2019-09-26,6.434574604034424,6.538616325287157,6.370549046839642,6.482594153552935,8803100
2019-09-27,6.402562618255615,6.482594956281787,6.322530661851914,6.442578787268701,7618800
2019-09-30,6.250502109527588,6.386556634915585,6.250502109527588,6.386556634915585,12398600
2019-10-01,6.194479465484619,6.258505415491061,6.122450891863919,6.146460289196656,16711400
2019-10-02,5.986396789550781,6.146460721775728,5.970390396328287,6.122451322753244,9671600
2019-10-03,5.986396789550781,6.05042236244076,5.882355042793307,6.002403182773276,12040000
2019-10-04,6.074431896209717,6.17047025164151,6.002402938824621,6.002402938824621,10371200
2019-10-07,5.930373668670654,6.042418792387637,5.866348101759511,6.0104060089320654,7921100
2019-10-08,5.882354259490967,5.930373432764153,5.810325690392422,5.882354259490967,9386500
2019-10-09,5.842339038848877,5.930374007571358,5.802322866431384,5.8903582167763675,10177100
2019-10-10,5.978392601013184,6.146459898139324,5.82633207658712,5.84233846766473,20615900
2019-10-11,6.138457775115967,6.218489741999499,6.050422420732821,6.098441600862941,12709300
2019-10-14,6.074431896209717,6.106444681353648,6.010406325921854,6.082434901684449,8713100
2019-10-15,6.162467002868652,6.2585057420786585,6.034415859418658,6.074432032558036,10358300
2019-10-16,6.106443881988525,6.170469443895111,6.034414934032392,6.130453276892269,7792000
2019-10-17,6.106443881988525,6.1624660578455615,6.058424710558587,6.130453276892269,6240300
2019-10-18,6.0664286613464355,6.250502371354527,6.050422268372797,6.082435054320073,12477000
2019-10-21,6.106443881988525,6.1624660578455615,6.066427714985684,6.114446886415623,6134200
2019-10-22,6.050422191619873,6.114447762702225,5.9383774422257565,6.106444757128185,22674200
2019-10-23,5.986396789550781,6.146460721775728,5.970390396328287,6.05042236244076,13177500
2019-10-24,5.802323341369629,6.0024034565892705,5.754304159511618,6.0024034565892705,19315300
2019-10-25,5.786316871643066,6.03441616547177,5.722291296670824,5.858345834298104,25164700
2019-10-28,5.810325622558594,5.826332013462786,5.698280504606789,5.802322236295267,9894100
2019-10-29,5.898360729217529,5.962386294435349,5.762306212318426,5.778312603622881,13732200
2019-10-30,5.898360729217529,5.906364115680993,5.810325767854262,5.882354337913075,9334900
2019-10-31,5.810325622558594,5.93837674979213,5.7863158453910755,5.866347799912035,8669600
2019-11-01,5.938377380371094,5.994399563673367,5.850342030238591,5.882354815446319,12754400
2019-11-04,6.074431896209717,6.122451073925613,5.930373981439525,5.962386766583456,10761600
2019-11-05,6.074431896209717,6.138457466497579,5.962386766583456,6.082434901684449,12400200
2019-11-06,6.154463768005371,6.154463768005371,6.034415634680664,6.0664284193509195,14529100
2019-11-07,6.6426591873168945,6.6426591873168945,6.250502009718107,6.282514793813214,39519400
2019-11-08,6.4105658531188965,6.602642543945811,6.4105658531188965,6.514607584794706,16883400
2019-11-11,6.322531223297119,6.434575972211953,6.298521443432689,6.330534228836926,10417500
2019-11-12,6.170469284057617,6.378552354863913,6.170469284057617,6.338536570520077,12023700
2019-11-13,6.074431896209717,6.28251499964527,6.066428509112483,6.162466864544276,15586900
2019-11-14,6.074431896209717,6.1944796496882075,6.042419111065785,6.066428509112483,11974700
2019-11-18,6.026412487030029,6.186476406601915,6.010406095072841,6.162466627854888,9099600
2019-11-19,6.114447593688965,6.1384573729924305,6.0104062343672675,6.0424190190235585,9380800
2019-11-21,6.522611141204834,6.538617916020125,6.090438524999907,6.090438524999907,24569400
2019-11-22,6.570629119873047,6.61064528402837,6.418568611976636,6.538616341197758,14888700
2019-11-25,6.714688301086426,6.818730042666454,6.5306142157540705,6.570630387630235,20806500
2019-11-26,6.786716938018799,6.802723713113157,6.618650378998305,6.650663165941977,13207200
2019-11-27,6.722690105438232,6.842738606434034,6.6186491397847345,6.770709658485534,9689500
2019-11-28,6.746701240539551,6.818730198918195,6.6666688949532755,6.6666688949532755,7490500
2019-11-29,6.810727119445801,7.066829415701561,6.698681983211382,6.754704169706068,20597400
2019-12-02,6.946780681610107,6.970790077708108,6.658664875454334,6.72269044054563,17483700
2019-12-03,6.882754325866699,6.938776498074836,6.770709218205573,6.930773112546573,7566700
2019-12-04,7.0508222579956055,7.098841049117616,6.914767744408369,6.922770367432088,11754100
2019-12-05,7.042819499969482,7.090838295374927,6.954783769651182,7.018810102266761,12345800
2019-12-06,7.202883243560791,7.234896027446818,7.002803153461881,7.058825334451184,12817900
2019-12-09,6.962786674499512,7.36294683697931,6.914767882419101,7.290917885613756,20382700
2019-12-10,7.042819499969482,7.042819499969482,6.8267326309100085,6.962787156633754,13399100
2019-12-11,7.1468610763549805,7.186876483855959,7.018809940563913,7.066828734863076,11713700
2019-12-12,7.434975624084473,7.4749917920973665,7.162866597490705,7.162866597490705,25280700
2019-12-13,7.402964115142822,7.499002476939052,7.266909578453566,7.450983677663464,14777700
2019-12-16,7.29892110824585,7.4509823939929065,7.274911712744443,7.442979007744131,14136100
2019-12-17,7.402964115142822,7.402964115142822,7.234896791188156,7.266909578453566,12054400
2019-12-18,7.402964115142822,7.418970890398054,7.306925753346592,7.402964115142822,13883800
2019-12-19,7.458985328674316,7.547021054599627,7.3549435928275555,7.378953752577161,12624300
2019-12-20,7.466989040374756,7.5230112224065,7.362947299997955,7.450983029756395,9007400
2019-12-23,7.627053737640381,7.707086088597892,7.426973623491666,7.5150093621939416,17353500
2019-12-26,7.627053737640381,7.723092100842356,7.579034937661925,7.62705373764038,9495400
2019-12-27,7.547019958496094,7.699080465267405,7.499000409216034,7.659064301408163,9186400
2019-12-30,7.611047744750977,7.643060532566378,7.515009381304774,7.579034956935575,9227000
2020-01-02,7.763108730316162,7.763108730316162,7.619051558711112,7.68307713792338,16086300
2020-01-03,7.683075904846191,7.763107484394493,7.603043562052903,7.61104694898123,11563400
2020-01-06,7.539017200469971,7.683075097053762,7.523010428296258,7.63505554377753,17307100
2020-01-07,7.611047744750977,7.611047744750977,7.531015393589941,7.587037581455626,9681400
2020-01-08,7.51500940322876,7.659066567195797,7.458986451954568,7.61104776695514,13776000
2020-01-09,7.466989040374756,7.6270529627833,7.3949600844796635,7.515008598719812,9427900
2020-01-10,7.314929962158203,7.547022886698757,7.274913782772907,7.4990033187873735,12887400
2020-01-13,7.635056495666504,7.635056495666504,7.378954214917187,7.402963612926185,17012400
2020-01-14,7.6670684814453125,7.723090658707495,7.59503953168255,7.6590650951950225,11799500
2020-01-15,7.51500940322876,7.699082742893056,7.434977051834241,7.635057167075469,17440300
2020-01-16,7.739097595214844,7.915168280227888,7.547020900606942,7.587036306216551,28297400
2020-01-17,7.811126708984375,7.883155661771856,7.699081586509964,7.835136105498551,18477800
2020-01-20,7.8031229972839355,7.8031229972839355,7.683075256469843,7.8031229972839355,10085000
2020-01-21,7.643059253692627,7.771110383528094,7.579033688774893,7.715088205036312,8097500
2020-01-22,8.707486152648926,8.707486152648926,7.923171753938139,7.923171753938139,64889200
2020-01-23,8.891557693481445,9.227692259191334,8.443378781364839,8.60344267854934,52788300
2020-01-24,8.659466743469238,9.147662690587618,8.547422372585702,9.123652528331117,36859100
2020-01-27,8.043219566345215,8.36334739691574,8.011206783288163,8.23529626468753,32710100
2020-01-28,8.035216331481934,8.34734154461512,7.915168583562613,8.20328363651596,28726400
2020-01-29,7.907166481018066,8.20328496878985,7.867150304131049,8.123252615015815,13674900
2020-01-30,7.8191304206848145,7.859145828790603,7.4669890286919856,7.7551040885765845,25291400
2020-01-31,7.707085132598877,7.771110700125028,7.531014440279478,7.65906557533178,23220000
2020-02-03,7.763108730316162,7.915170053379133,7.571031992679355,7.723092552497217,13479400
2020-02-04,7.835135459899902,7.995199362213738,7.819129451290965,7.96318658175097,15197900
2020-02-05,8.219290733337402,8.379354657942148,7.915168894965888,7.923171518762377,30653200
2020-02-06,8.035216331481934,8.379354328276602,7.963187377432354,8.37135094154999,19580000
2020-02-07,7.699081897735596,7.987196957287256,7.699081897735596,7.923171388497998,14258500
2020-02-10,7.434975624084473,7.787116223459106,7.370950060561813,7.691077878175115,18451200
2020-02-11,7.939177513122559,7.96318690864401,7.571030141065648,7.619049695353473,15712000
2020-02-12,7.891157627105713,8.131253861961806,7.875151618512581,8.051222292506369,18991600
2020-02-13,8.283315658569336,8.323331064172764,7.667068642741336,7.739097594019408,22998900
2020-02-14,7.923171043395996,8.13925790108159,7.867148863956746,8.091238344958697,26551800
2020-02-17,7.7871174812316895,8.075233326864957,7.723091907367641,8.003204365456641,16649200
2020-02-18,7.8191304206848145,7.827133044358981,7.603043553337626,7.723091304144963,12316100
2020-02-19,7.779114723205566,7.907165868732402,7.68307636406044,7.811127509587275,16229500
2020-02-20,7.571030616760254,7.843139660583292,7.507005049183653,7.803123490036674,13191100
2020-02-21,7.338938236236572,7.6030439110339385,7.330934848940889,7.474992767283097,16317100
2020-02-26,6.578633785247803,6.978793978163813,6.562627011173564,6.88275562345337,17835200
2020-02-27,6.554623603820801,6.818730032512184,6.314527717788857,6.442579238628391,22185700
2020-02-28,6.5386176109313965,6.578633782857457,6.2585055523164685,6.506604826039548,17293300
2020-03-02,6.778714179992676,6.866749151539842,6.5466212884183,6.714688607368368,18328300
2020-03-03,6.634654998779297,7.026811747369095,6.634654998779297,6.778712891422441,19029100
2020-03-04,7.098840236663818,7.162865792995467,6.762705684300247,6.810725233171401,14057200
2020-03-05,6.722690105438232,6.9867957390861335,6.570629586737433,6.978793116282335,13038800
2020-03-06,6.298521041870117,6.562626695428263,6.146460130083386,6.338537211885434,16269300
2020-03-09,5.282114505767822,5.63425552370201,5.090037795052356,5.5222107757846555,20534200
2020-03-10,5.698281288146973,5.986396745662105,5.346140258211259,5.810326421505504,18721000
2020-03-11,5.20208215713501,5.602242323068472,4.865947556691306,5.4982005883363785,15448700
2020-03-12,4.4817938804626465,4.625851787597764,3.7775118813781288,4.401761921844515,19776800
2020-03-13,5.218088626861572,5.242098405091995,4.497800241041091,5.202082235248782,29669900
2020-03-16,4.705883979797363,5.018008824711958,4.417768532848698,4.417768532848698,16291000
2020-03-17,4.67387056350708,4.94597919956407,4.505803273954774,4.849940857426309,26359500
2020-03-18,3.6814732551574707,4.337736029892686,3.489396568867624,4.3057232488443775,19987900
2020-03-19,3.6014416217803955,3.929572847423414,3.313326185183668,3.5134062752825788,21773800
2020-03-20,3.4573843479156494,4.0656276679913805,3.4413779547984595,3.8415381643507214,27242000
2020-03-23,3.041217803955078,3.4974004268455214,3.0252114095246254,3.489397420441568,25177900
2020-03-24,3.217287302017212,3.361344805705473,3.177271328770473,3.337335412568641,20475500
2020-03-25,3.9055633544921875,3.9695889206932926,3.3293324954372863,3.337335882023663,28363900
2020-03-26,4.113646984100342,4.401762451410617,3.8015221171273508,3.809525504763274,26090400
2020-03-27,3.9135661125183105,4.105643180624445,3.8575439364384634,3.961585284139231,15989200
2020-03-30,3.8255317211151123,4.097640400542436,3.777512160770134,4.009605430362497,13666100
2020-03-31,3.9375760555267334,4.137656136546405,3.8415377082266837,3.865547104240462,20621100
2020-04-01,3.75350284576416,3.809525412998557,3.665467492002256,3.7615058515847783,12790300
2020-04-02,3.7054827213287354,3.9615849482602767,3.681472946742693,3.88155300234417,20488600
2020-04-03,3.2653071880340576,3.625451598892892,3.225291396798081,3.6094452060739997,32839000
2020-04-06,3.2573044300079346,3.47339094029793,3.2092852479015503,3.4653875524689313,20139600
2020-04-07,3.2893168926239014,3.481393602044787,3.273310500172161,3.4573842041784255,25488400
2020-04-08,3.513406276702881,3.553422447387834,3.2733103974606204,3.2733103974606204,23035800
2020-04-09,3.4653871059417725,3.713486372334239,3.4093649248475786,3.5694288445774,19752800
2020-04-13,3.609445095062256,3.6414578797154578,3.3693488285407436,3.4333743978471483,18924300
2020-04-14,3.817528247833252,3.8575444200115827,3.6974801129207595,3.729492898014424,18233100
2020-04-15,3.761505365371704,3.8015215341698476,3.5454188934311586,3.6414576222222097,17427000
2020-04-16,3.6414575576782227,3.8575440257886857,3.6014413895893562,3.8175278576998193,19920700
2020-04-17,3.7054827213287354,3.8255308310141056,3.64946016837625,3.7535018888783993,17606300
2020-04-20,3.7374961376190186,3.793518318511069,3.6174480074435764,3.6494607912740293,17477900
2020-04-22,3.857544183731079,3.921569749996744,3.737496056171719,3.737496056171719,20137800
2020-04-23,3.809525489807129,4.033615000017827,3.7134867466657324,3.889557457739521,30461200
2020-04-24,3.4733903408050537,3.777511774988711,3.361345220272815,3.729492601170239,29094200
2020-04-27,3.4733903408050537,3.6094448574352933,3.4093647757137577,3.5854350797148222,19306700
2020-04-28,3.7695086002349854,3.785514990786245,3.537415746430492,3.577431531997415,25106200
2020-04-29,4.087327480316162,4.13579376840183,3.812684795988227,3.8773068986116024,30792200
2020-04-30,3.8773064613342285,4.046938643091087,3.853073127436488,3.966161120215802,24405800
2020-05-04,3.7803733348846436,3.7965287616722625,3.691518680140618,3.7642179080970246,13196500
2020-05-05,3.723829507827759,3.9419279605322703,3.723829507827759,3.8449954004804328,15759200
2020-05-06,3.707674264907837,3.772295974811767,3.6430525550039072,3.7561405473357845,12923800
2020-05-07,3.8288395404815674,3.941927910962375,3.667285275760056,3.7642178345929627,32822500
2020-05-08,3.8853838443756104,3.9580834583082996,3.796528803477408,3.9096171774117607,17425000
2020-05-11,3.8449957370758057,3.941928305613232,3.7722961180848413,3.8449957370758057,14127500
2020-05-12,3.707674264907837,3.925772728421488,3.6592079824798898,3.8773064459935402,19968200
2020-05-13,3.513808488845825,3.7803732149741935,3.4895755420209253,3.7480623624238305,22084700
2020-05-14,3.6753628253936768,3.6753628253936768,3.336098517181865,3.4734198214748093,27110100
2020-05-15,3.643052339553833,3.772295751718239,3.578430248295879,3.634974433705682,19310000
2020-05-18,3.958082914352417,3.958082914352417,3.7319065827426896,3.788450761939049,28021500
2020-05-19,3.901538848876953,4.063093486214479,3.8773059036405417,3.925772179289084,25499500
2020-05-20,4.079249382019043,4.079249382019043,3.9338501531242227,3.9338501531242227,22385700
2020-05-21,4.014626979827881,4.192337049217871,3.982316128152562,4.095404494191913,20645900
2020-05-22,3.8126840591430664,3.98231622724744,3.7722956861317716,3.9176945222887727,20114400
2020-05-25,3.9419283866882324,3.974239243531923,3.9096175298445415,3.9419283866882324,11698500
2020-05-26,3.958082914352417,4.071170887569426,3.901538735156058,4.030782133118355,17538800
2020-05-27,4.604300498962402,4.677000106213888,3.982316040187822,4.014626891149432,77238700
2020-05-28,4.846632957458496,5.080886852921594,4.5154464952884155,4.596223634210901,60010300
2020-05-29,4.967798709869385,5.1858971710258075,4.79008862437851,4.927409949028067,78550900
2020-06-01,5.000109672546387,5.1131976661003256,4.967798817245261,5.024342621434342,22797800
2020-06-02,5.58978271484375,5.58978271484375,5.056653278689245,5.0808862247822315,43114400
2020-06-03,5.573627948760986,5.912892315624597,5.468617476126863,5.775570987591633,46887100
2020-06-04,5.557472229003906,5.710948976670743,5.355529200785821,5.444383855875232,25949600
2020-06-05,5.573627948760986,5.840192698389314,5.549394614623966,5.775570987591633,27347700
2020-06-08,6.017902374267578,6.017902374267578,5.710949249448364,5.735182198293571,29935100
2020-06-09,5.8967366218566895,5.937124996694974,5.75133739394673,5.815959101828596,19203400
2020-06-10,5.565549850463867,5.985591341344616,5.565549850463867,5.977513820361249,26218500
2020-06-12,5.177819728851318,5.533239546511936,5.113198013854079,5.331296494557662,30381900
2020-06-15,5.137430667877197,5.177819041803412,4.870865936296318,4.927409736828169,29641400
2020-06-16,5.290907859802246,5.484772995433238,5.25051909729123,5.452462139494739,21031400
2020-06-17,5.4686174392700195,5.517083722041632,5.2182081190287954,5.33129611216256,18083100
2020-06-18,5.492850303649902,5.557472008487426,5.323218135863531,5.395917361217873,16153000
2020-06-19,5.638248920440674,5.848269453001551,5.541316366951039,5.614015589480401,37934400
2020-06-22,5.62209415435791,5.710949198067734,5.557472444451047,5.702871291741489,17345700
2020-06-23,6.2036895751953125,6.227922907617403,5.670560113666831,5.719026393335261,55649900
2020-06-24,5.920969486236572,6.179456699295029,5.759415218809885,6.130990419067023,27305300
2020-06-25,5.88865852355957,6.009824414470721,5.775570538457846,5.969435655775087,17396400
2020-06-26,5.7351813316345215,5.920968913801272,5.678637536089675,5.8805805434371985,12338900
2020-06-29,5.775570869445801,5.945203049407588,5.702871253697672,5.815959245280273,17166100
2020-06-30,5.872503280639648,6.001746696223496,5.735181958993929,5.75133738594191,19914000
2020-07-01,5.929047107696533,5.985590905994799,5.751337036878656,5.880580829794131,26375300
2020-07-02,5.937125205993652,6.1713790979113385,5.937125205993652,6.034057771233569,13341000
2020-07-03,6.025979995727539,6.074446276301999,5.848269915112095,5.920969528561663,8789800
2020-07-06,6.147145748138428,6.33293334531504,6.098679468680497,6.147145748138428,18911400
2020-07-07,6.017902374267578,6.1067574187768185,5.993669425422371,6.098679897553675,13031700
2020-07-08,6.219844818115234,6.292544428059354,6.066368462951022,6.090601409481901,17848600
2020-07-09,6.034057140350342,6.284466818802523,6.017901714499466,6.284466818802523,18344900
2020-07-10,6.00174617767334,6.106756636350206,5.953279901016877,6.066368265057685,14436600
2020-07-13,5.969435214996338,6.260233254675634,5.961357694959099,6.058290246460291,25691700
2020-07-14,6.074446678161621,6.114835440566833,5.86442611511156,5.969436204048699,22201100
2020-07-15,6.066368579864502,6.195611990988665,5.9936689685192865,6.17137865881501,17056400
2020-07-16,5.969435214996338,6.090601096960688,5.896735993958305,6.017901490746934,14436000
2020-07-17,6.050213813781738,6.058291720960743,5.977514575049763,5.985592097052954,9400700
2020-07-20,6.025979995727539,6.090601703160152,6.00174666285243,6.034057516568736,9994700
2020-07-21,5.969435214996338,6.130989852674045,5.945202269708901,6.098679002173648,12662900
2020-07-22,6.066368579864502,6.236000364377092,5.977513542128766,5.9936689685192865,23290700
2020-07-23,5.90481424331665,6.203689839948195,5.896736722281733,6.0582909947377654,17446400
2020-07-24,6.098680019378662,6.122912968707938,5.791726503252081,5.904814498865532,19718700
2020-07-27,6.534876346588135,6.696430610894396,6.05829068912104,6.090601541982292,46574400
2020-07-28,6.454098701477051,6.559109163784934,6.316777772123367,6.518720405920136,18605000
2020-07-29,6.583342552185059,6.688353021540412,6.5187208434050765,6.583342552185059,19322800
2020-07-30,6.631808280944824,7.0599272336470715,6.397554427162301,6.446020701892232,36309800
2020-07-31,6.567187309265137,6.761052429674441,6.4702547490604845,6.639886922006504,16608100
2020-08-03,6.785284996032715,6.922606307864339,6.623730738098883,6.744897009312857,27829500
2020-08-04,6.6075758934021,6.793363102946906,6.446021245502285,6.720663492133203,16817500
2020-08-05,6.866063117980957,7.035695296415724,6.7045088457458295,6.7045088457458295,26793400
2020-08-06,6.728741645812988,6.946840486291093,6.688352886055763,6.906451726533867,16164500
2020-08-07,6.704509258270264,6.809519734272212,6.5994987822683155,6.664120495138501,13918000
2020-08-10,7.011462211608887,7.084161825286636,6.728741662940198,6.728741662940198,28482700
2020-08-11,6.849907398223877,7.116472913956446,6.849907398223877,7.08416205907243,17410100
2020-08-12,6.979151725769043,7.043773436811682,6.825674584279105,6.874141252736864,19784800
2020-08-13,7.019538879394531,7.197248948722035,6.922606324402657,6.9629950815704715,21132300
2020-08-14,7.0922393798828125,7.140706048647852,6.930685101251958,6.987228906184866,18236600
2020-08-17,7.148784160614014,7.350727207294052,7.068006633801362,7.068006633801362,27141700
2020-08-18,7.633446216583252,7.73037877646683,7.278026830343464,7.31033768363799,42729700
2020-08-19,7.795001983642578,8.085800489625354,7.576903874507152,7.649603501002845,37659000
2020-08-20,7.8757781982421875,8.013099520762736,7.60921345931442,7.633446407302891,23586300
2020-08-21,7.7303786277771,7.908088702654588,7.649601881270236,7.875777849981544,18298400
2020-08-24,7.827310562133789,7.9565547328795745,7.762688861936613,7.835388467246294,9591700
2020-08-25,7.9807891845703125,7.980789184570313,7.617291859748153,7.770768234103615,18090700
2020-08-26,7.86769962310791,8.150420150221523,7.754612028543635,7.988865893450085,20185200
2020-08-27,7.883856773376465,8.013100200751227,7.835390102935133,7.891934680175286,10742800
2020-08-28,8.118110656738281,8.182732370255769,7.819235039132,7.948478466166977,18818000
2020-08-31,8.19888687133789,8.231197725960198,7.972710888981743,8.021177556090972,22312500
2020-09-01,8.61085033416748,8.683549945338179,8.190809249022271,8.239275142901741,23467100
2020-09-02,8.64316177368164,9.240912974454881,8.570462157575143,8.820871860791796,48918100
2020-09-03,8.392752647399902,8.772404991104306,8.360441793247368,8.610850720341631,20831900
2020-09-04,8.602773666381836,8.659318244513562,8.231198421644734,8.457375193468435,18088200
2020-09-08,8.513917922973633,8.635083430114639,8.311974897504285,8.473529163809461,12249400
2020-09-09,9.055126190185547,9.079359139944833,8.578540479593952,8.578540479593952,31231100
2020-09-10,8.715861320495605,9.111669482426967,8.715861320495605,9.071280721538727,15866800
2020-09-11,8.57853889465332,9.03089157191054,8.57853889465332,8.796637713246474,23228100
2020-09-14,8.764328002929688,8.820871806060994,8.586617916922169,8.715861335708894,11815600
2020-09-15,9.071280479431152,9.135902957338521,8.691628140128419,8.869337450731244,18756600
2020-09-16,8.788561820983887,9.095515356150882,8.707784291073555,9.04704868413436,18824300
2020-09-17,9.240911483764648,9.337844803170956,8.651238284426245,8.67547122910211,36890700
2020-09-18,8.853182792663574,9.402468101042647,8.772405269542574,9.2005250635917,37647500
2020-09-21,8.804715156555176,8.966270185032602,8.546228343553642,8.7077826016796,21907600
2020-09-22,8.691627502441406,8.933959273172212,8.659316651034063,8.885492610885464,19147000
2020-09-23,8.48968505859375,8.756249793190566,8.473529246629571,8.723938939613726,20167200
2020-09-24,8.400829315185547,8.546228535947899,8.344285516156404,8.546228535947899,20479400
2020-09-25,8.295819282531738,8.47352857800604,8.215041769787817,8.303896417524967,20107400
2020-09-28,8.190808296203613,8.53814972977266,8.182730391379554,8.368517580224465,18642700
2020-09-29,7.9565558433532715,8.311975244042612,7.900011270025404,8.158498877241918,17207000
2020-09-30,8.10195255279541,8.44121683802944,7.980787066790986,8.093875418652788,26161500
2020-10-01,8.134264945983887,8.279664173097103,7.956555635458312,8.118109904277707,14306100
2020-10-02,8.093876838684082,8.231197387417343,7.932321801865643,8.053488079479472,13012700
2020-10-05,8.538150787353516,8.59469535777443,8.134264740339987,8.17465349911164,18662700
2020-10-06,8.336207389831543,8.723938378151235,8.295819403223453,8.659316675156532,18410200
2020-10-07,8.55430793762207,8.715862227637976,8.376597833428765,8.392753647606165,16592800
2020-10-08,8.336207389831543,8.66739381026727,8.239274835339486,8.586617066699622,22758900
2020-10-09,8.174654960632324,8.44929764496026,8.077722384460989,8.392753834781557,19391300
2020-10-13,8.19888687133789,8.279664393069428,8.077721359092125,8.190809735445969,14659700
2020-10-14,8.263508796691895,8.271586703146612,8.142343281277377,8.215042898666711,11089400
2020-10-15,8.764328002929688,8.7724051388402,8.085799283947836,8.101954326120405,22689500
2020-10-16,9.143980026245117,9.25706839881778,8.845104438393985,8.861260250340727,37534000
2020-10-19,9.071280479431152,9.394389787561918,8.950114970351816,9.208601800575211,21538400
2020-10-20,9.305535316467285,9.370157025302348,9.006658950165708,9.135903138187365,18071500
2020-10-21,9.483243942260742,9.588254404083573,9.257067977754675,9.281300924221027,17349100
2020-10-22,9.475166320800781,9.580176785772716,9.394389573373408,9.483244226648969,11411900
2020-10-23,9.45901107788086,9.596332392967676,9.329767668470087,9.45901107788086,8781500
2020-10-26,9.394391059875488,9.483245727210784,9.273224764034678,9.418624010903,8361200
2020-10-27,9.49132251739502,9.83866477943771,9.40246786051617,9.418622902516173,21429100
2020-10-28,8.75624942779541,9.313611821325262,8.675471912048367,9.28130096909674,26828600
2020-10-29,9.079358100891113,9.232835229289494,8.635083297605822,8.893570890079015,24959500
2020-10-30,8.804715156555176,9.127824443158561,8.667393844560243,9.047046928919848,18727100
2020-11-03,9.354000091552734,9.467088453632735,8.885492373487853,8.998580735567854,19383300
2020-11-04,9.030892372131348,9.515555172476017,8.901648958706103,9.386311759050772,14385500
2020-11-05,9.1924467086792,9.232835468268997,8.78856065348425,9.127825001476129,18311000
2020-11-06,9.273222923278809,9.378233384022046,9.087435718361023,9.160135327364147,14775900
2020-11-09,9.1924467086792,9.564021910272611,8.933959879866917,9.507478109057804,21778100
2020-11-10,8.837026596069336,9.273223507203443,8.77240488851995,9.216679705685612,21516400
2020-11-11,8.73201847076416,9.014738299592324,8.683551796202718,8.861261909125796,14528800
2020-11-12,8.723938941955566,8.901649021851654,8.60277266324625,8.732016847939823,12302200
2020-11-13,8.82087230682373,8.966271546388912,8.723939737230804,8.732017643951444,14946500
2020-11-16,8.96627140045166,9.006659392694326,8.81279425666387,8.925882637857422,11040300
2020-11-17,9.111669540405273,9.3055354398321,8.91780441132999,8.933960223928704,15039800
2020-11-18,9.055126190185547,9.248991328963001,9.022815333722638,9.143980852870651,9024100
2020-11-19,9.184368133544922,9.200523944344383,8.950114269412959,9.055124728555075,8816100
2020-11-23,9.499402046203613,9.628645485686384,9.127826772514815,9.127826772514815,17222900
2020-11-24,10.080995559692383,10.194083932381472,9.362078875055461,9.555943996506889,22122900
2020-11-25,10.791833877563477,10.864533482402049,9.935595970323794,10.06483936988062,24851200
2020-11-26,11.228033065795898,11.308810592454062,10.711059360308727,10.719137267044863,21109600
2020-11-27,11.114944458007812,11.494596796404721,10.98570104320448,11.308809580212811,19041100
2020-11-30,11.026089668273926,11.494597459123488,11.001856719189034,11.058400523837634,14609800
2020-12-01,11.228033065795898,11.615764115262863,11.066478782831158,11.139178402753188,22332500
2020-12-02,11.163410186767578,11.494596624845984,11.090710574437878,11.219954757663738,16935400
2020-12-03,10.58989143371582,11.316886750231669,10.58989143371582,11.292653033768445,19476500
2020-12-04,11.324965476989746,11.413820132744105,10.727213523523762,10.727213523523762,24365100
2020-12-07,11.68038558959961,11.793473970538207,11.123023132180716,11.324966174345057,17813900
2020-12-08,11.1795654296875,11.825783231528387,11.106865821057074,11.656151068174548,18197800
2020-12-09,10.711058616638184,11.292653994930989,10.597970241238816,11.252266004757637,21230100
2020-12-10,11.042244911193848,11.163410420714897,10.711058466174894,10.856456923529848,20350100
2020-12-11,11.034167289733887,11.13109985392119,10.824146348818957,10.904923870817482,9087100
2020-12-14,10.743369102478027,11.04224468754794,10.670669490097223,11.04224468754794,11004700
2020-12-15,11.163410186767578,11.510752436631032,10.743369094925932,10.743369094925932,21644200
2020-12-16,11.163410186767578,11.357276076430614,10.945312120129984,11.228031893204754,13202800
2020-12-17,11.074555397033691,11.745006170851399,11.009933691389923,11.308809272580222,28885600
2020-12-18,11.623841285705566,11.850017267529452,11.236110260798798,11.244188167023248,42370200
2020-12-21,11.50267505645752,11.72885180967634,10.872613004722899,11.357276595504326,27241300
2020-12-22,11.284576416015625,11.664228747128405,11.187643856772905,11.58345199960189,13069500
2020-12-23,11.8096284866333,11.946949810808812,11.203799387159524,11.252266054072102,21396400
2020-12-28,11.68038558959961,12.02772786863478,11.5269092165094,11.898483674554281,13265200
2020-12-29,12.18120288848877,12.278135445517018,11.648073439657663,11.75308390235947,17996400
2020-12-30,11.80155086517334,12.237747796505065,11.704618299360908,12.205436941234254,19625500
2021-01-04,12.068114280700684,12.47200031214832,12.027726293837096,12.043881334512237,20687900
2021-01-05,12.197360038757324,12.30236974263471,11.761163099072512,12.092349564528371,18302900
2021-01-06,12.787033081054688,13.045519922707603,12.197359780946083,12.294292346565927,23592900
2021-01-07,13.40093994140625,13.40093994140625,12.851654639056383,12.851654639056383,22298600
2021-01-08,13.336318969726562,13.796748869026294,13.00513249687226,13.554417829616911,23237000
2021-01-11,13.497869491577148,13.982533003707465,13.00512961519883,13.174760997057883,38579700
2021-01-12,13.312085151672363,13.812904580995195,13.1343758267917,13.65942743545548,21970300
2021-01-13,12.504311561584473,13.279773567795187,12.447767761895742,13.279773567795187,31890300
2021-01-14,12.730487823486328,12.819342472571362,12.46392310587976,12.633555268934073,20884100
2021-01-15,12.132737159729004,12.657788710008791,11.963104990040666,12.552778245882534,17728000
2021-01-18,12.16504955291748,12.391225551024451,12.116582882433049,12.27813716679517,11844100
2021-01-19,11.591530799865723,12.261981630790338,11.43805365812545,12.237747911346151,22475700
2021-01-20,11.397664070129395,11.753084226039393,11.187643909293312,11.656151666341623,17678700
2021-01-21,11.438053131103516,11.809628338259772,11.268420954568017,11.429975224994319,16668700
2021-01-22,11.438053131103516,11.502674839274036,11.009934121885935,11.203799246397496,10835800
2021-01-26,10.921079635620117,11.534985872789564,10.848380020209536,11.438053309025968,14917000
2021-01-27,10.581815719604492,10.921080092134511,10.347561821462484,10.767602948662965,27750100
2021-01-28,11.236108779907227,11.284575440514612,10.428336752361327,10.428336752361327,18344200
2021-01-29,10.662592887878418,11.171489466413618,10.622204123800715,11.082634801723954,14026800
2021-02-01,10.783758163452148,10.985701194450492,10.646436840745153,10.86453491364057,13291400
2021-02-02,10.557580947875977,10.90492319236757,10.468726295486926,10.840301486929807,20396600
2021-02-03,10.517192840576172,10.719135860368942,10.501037029224037,10.654513385311889,20434100
2021-02-04,10.622201919555664,11.0583987863048,10.573736029001006,10.573736029001006,20660200
2021-02-05,11.090710639953613,11.268420718881382,10.597969932871518,10.727213346509345,21747600
2021-02-08,11.21187686920166,11.583452066968844,11.106866403490118,11.300731523103037,23632700
2021-02-09,11.35727596282959,11.38958681572499,11.082633328042947,11.268420539603618,14588800
2021-02-10,11.155332565307617,11.48651898895976,10.945311643359414,11.389586433526315,20847700
2021-02-11,11.42189884185791,11.46228683436212,11.187644941716238,11.268421697076235,18142800
2021-02-12,11.462285041809082,11.995415241497968,11.413819150242837,11.833860215339934,38199700
2021-02-17,12.124659538269043,12.181203339373942,11.583452163731678,11.583452163731678,25529100
2021-02-18,11.97926139831543,12.46392501569181,11.914639685378791,12.270059106530308,24488400
2021-02-19,12.0923490524292,12.132737813168614,11.769239736865417,11.906561061168507,14984600
2021-02-22,12.108504295349121,12.520468275091337,11.510753091616229,11.631918605492622,25730300
2021-02-23,12.71433162689209,12.746642477429432,12.084269656238167,12.286212664684426,36517500
2021-02-24,13.925992012023926,13.966381544905522,12.770878333915265,12.770878333915265,50112300
2021-02-25,13.320160865783691,14.216788330685004,13.142451570154934,13.925989900835301,25030400
2021-02-26,13.118218421936035,13.651347872602301,12.892042454758238,13.287851360258744,19887500
2021-03-01,13.610960006713867,13.90983481682655,13.11821853943789,13.320161561671915,21799400
2021-03-02,13.917913436889648,14.071390573061034,13.207074640053822,13.417095578840174,20234300
2021-03-03,13.990612983703613,14.402576953080487,13.546338930434096,13.974457171405762,27774200
2021-03-04,13.578649520874023,14.20871235766702,13.392862294627166,13.974457692718545,25979600
2021-03-05,14.370267868041992,14.491433387291785,13.433250718775787,13.570572051446396,22994900
2021-03-08,13.724048614501953,14.580286660288694,13.643271091532691,14.136012595012401,19554400
2021-03-09,13.804825782775879,13.934069199924732,13.207074593286663,13.48979514606343,19040100
2021-03-10,13.360552787780762,13.893682310947755,13.15053183309328,13.77251524965265,19439300
2021-03-11,13.958303451538086,14.19255657630398,13.538261559409372,13.586727457515572,21814200
2021-03-12,13.635193824768066,14.394500111171876,13.619039551978927,13.893682218535558,23147900
2021-03-15,13.796748161315918,13.901757862152618,13.505949696378758,13.643271022520961,14459600
2021-03-16,14.976096153259277,15.226505084227774,13.966380982431218,13.982535254230125,52852500
2021-03-17,14.838774681091309,15.129571599724901,14.69337545142298,14.992250276227375,20069100
2021-03-18,14.507586479187012,15.266892700428018,14.35411088629066,14.83877446454456,18720000
2021-03-19,14.362188339233398,14.685296867641288,14.224867022072171,14.53989764468199,18092500
2021-03-22,13.917913436889648,14.257177793282514,13.740204122856458,14.11985646948771,15160400
2021-03-23,13.449405670166016,14.402577031056994,13.37670605513514,14.095624299251238,24778900
2021-03-24,13.263616561889648,13.8775234788202,13.207072767292585,13.667502569814786,20622300
2021-03-25,13.2151517868042,13.368627373452702,12.803187839094205,13.287851397617903,18936600
2021-03-26,13.392860412597656,13.699813111057848,13.110139889379933,13.409016223227903,18245700
2021-03-29,13.465561866760254,13.76443824160417,13.295928913280433,13.465561866760254,18243400
2021-03-30,13.627116203308105,13.683660004618853,13.207074335423945,13.400939457362089,15468000
2021-03-31,13.81290340423584,13.909835194748075,13.514027045299885,13.627116188501534,18295400
2021-04-01,13.417097091674805,14.055236345471991,13.37670755617926,13.94214872749095,15087600
2021-04-05,13.78059196472168,13.934069099240604,13.505949320089098,13.602882652601854,14344100
2021-04-06,14.257177352905273,14.41065448433604,13.837135488306867,13.853291300184427,20384700
2021-04-07,14.45911979675293,14.53989731218343,14.160244992573926,14.346032199572004,13845400
2021-04-08,15.000327110290527,15.024560827070896,14.572208898757994,14.572208898757994,21496100
2021-04-09,15.509225845336914,15.759634779617508,14.741841689076358,14.798385492878127,27071500
2021-04-12,15.678858757019043,15.913113441702395,15.436527705908144,15.73540256623137,17600700
2021-04-13,16.131208419799805,16.308919269363994,15.509225068434215,15.75963399017109,18764400
2021-04-14,16.80974006652832,16.995528854691216,16.17967869849954,16.220066694659177,23038800
2021-04-15,16.963212966918945,17.63366370350715,16.688570348007833,17.19746759980903,22462700
2021-04-16,17.423643112182617,17.46403263966116,16.842047782818035,17.052068703597648,13998900
2021-04-19,17.310556411743164,17.67405293362811,17.157079280794576,17.560965332246532,16740600
2021-04-20,17.027835845947266,17.722520346586787,16.761271113955846,17.472109885698625,15997300
2021-04-22,17.94062042236328,18.247574731421054,17.229781540503566,17.302481164190763,31467900
2021-04-23,17.89215087890625,18.675690765698135,17.504420658617054,18.425280316979627,33784700
2021-04-26,18.530292510986328,18.651458018536154,17.738674677541237,18.174872353564226,25513000
2021-04-27,18.651456832885742,19.014954873131106,18.166793292792896,18.554523508586005,24513500
2021-04-28,18.514135360717773,19.039186882612455,18.35258033519499,18.699922561576937,18839400
2021-04-29,18.514135360717773,18.74838845295261,17.843684623993166,18.578757062786305,19748400
2021-04-30,18.239463806152344,18.596939919911033,17.995728401729174,18.10134754186583,21517200
2021-05-03,17.654499053955078,18.30445854519588,17.321395415172677,18.2963338772229,17938700
2021-05-04,17.808862686157227,17.93072959309536,17.427012631185264,17.557004205202176,12578500
2021-05-05,18.605064392089844,19.068159641100017,18.011977548607412,18.011977548607412,34609700
2021-05-06,19.149402618408203,19.35251465559899,18.491320051804166,18.743178544026623,19002300
2021-05-07,18.800048828125,18.938165069240412,18.434448107258415,18.783801043586916,84296700
2021-05-10,18.995037078857422,19.791237444143917,18.873170166193958,19.311892911328673,27028400
2021-05-11,19.149402618408203,19.222523075766638,18.531941839393575,18.686307421552698,19556100
2021-05-12,18.16634178161621,19.003162414380064,17.995726858191844,18.824424372831515,25916900
2021-05-13,17.353893280029297,18.190713897244823,17.256398818509425,17.784489815218834,24876400
2021-05-14,16.492694854736328,17.28077045784137,16.43582373897033,17.19140067613956,29175100
2021-05-17,16.752681732177734,17.126407141761668,16.517071022083776,16.73643239707707,21664300
2021-05-18,16.882673263549805,17.06141130026008,16.655187221682457,17.012664844724892,16279000
2021-05-19,16.687685012817383,16.760803917457924,16.27333628853806,16.51707010299799,17890700
2021-05-20,16.47644805908203,16.833924108075063,16.354579604138912,16.655186083578545,11102200
2021-05-21,16.151464462280273,16.53331598812924,16.013348249666674,16.39519977551564,13433000
2021-05-24,16.29770851135254,16.330207179289133,15.655875315822621,15.95648024612721,14121200
2021-05-25,15.793992042541504,16.500821046127932,15.680248250876305,16.37895413684977,16354700
2021-05-26,15.97687816619873,15.976878166198732,15.464903602897788,15.538043047658531,16693400
2021-05-27,15.919990539550781,16.366952386542263,15.919990539550781,16.228800289286408,25742000
2021-05-28,15.928117752075195,16.2938133959858,15.708699435714351,16.15566129494647,19819100
2021-05-31,16.1394100189209,16.683891671070498,16.098776134417673,16.204422684101857,20794700
2021-06-01,16.375080108642578,16.675764649457165,16.212549223087386,16.505105437096404,24197700
2021-06-02,15.919990539550781,16.4888524811982,15.773711665982924,16.4888524811982,25366100
2021-06-04,15.481154441833496,15.887483971015731,15.367382669670198,15.879358744453334,23129600
2021-06-07,15.294242858886719,15.424268181064518,15.05044576730937,15.367382296364744,19741500
2021-06-08,14.936673164367676,15.473029581609165,14.8797872769392,15.343002703170132,14247700
2021-06-09,15.318624496459961,15.578675163027205,14.757889277909195,15.026066721559694,18513000
2021-06-10,15.286116600036621,15.448649033273753,14.993560390243607,15.432395479945209,15422400
2021-06-11,15.375510215759277,15.521789101589606,15.286117218857584,15.367383438766012,13740400
2021-06-14,15.19672679901123,15.643688713678015,15.13171412869562,15.56242248827742,10954900
2021-06-15,15.123586654663086,15.310497879459561,14.928548652698383,15.286117547954877,11471400
2021-06-16,14.733509063720703,15.034193618093239,14.611610506551825,15.001686509501937,23587300
2021-06-17,14.392192840576172,14.757890079053688,14.237788717685062,14.546598513491602,14576400
2021-06-18,14.709131240844727,14.749763579207471,14.327180440127774,14.343433995482613,17147400
2021-06-21,14.757889747619629,14.80664886164682,14.35968695801161,14.473458740749818,11405400
2021-06-22,14.814774513244629,15.026066058005902,14.627863298656486,14.692875962427326,11205500
2021-06-23,15.131714820861816,15.302372506987524,14.82290346021854,14.863537349789707,14941200
2021-06-24,15.52178955078125,15.684320445277438,14.944800767755478,15.294244438457469,20124400
2021-06-25,15.31049633026123,15.724952623758403,15.229230116826159,15.627432857631497,13649600
2021-06-28,15.383636474609375,15.668067459696719,15.091078712802487,15.391763251328918,13340600
2021-06-29,15.562419891357422,15.903736741064503,15.245483370209444,15.277988924930845,24172500
2021-06-30,15.52178955078125,15.708700776962786,15.302371215685918,15.52178955078125,16358700
2021-07-01,15.676194190979004,16.39946026665613,15.554294090563346,15.84685185152226,25527700
2021-07-02,15.871232986450195,16.00938509723944,15.64368787749607,15.765586434069114,10928200
2021-07-05,15.895610809326172,16.212548897335427,15.887484032708072,16.009384131955404,11073700
2021-07-06,15.830597877502441,16.00125708353535,15.513661344900909,15.846851430462552,12789900
2021-07-07,16.06627082824707,16.31006793898459,15.85497927559658,15.976877830965341,18122400
2021-07-08,15.903736114501953,16.050014980045447,15.391761635123723,15.716824919651488,18109300
2021-07-12,16.440092086791992,16.44821886323423,16.074396447035873,16.13128233210744,17763100
2021-07-13,16.65951156616211,16.757031340267375,16.358827016859742,16.44009323694343,15236300
2021-07-14,16.082523345947266,16.94394150507097,15.765585262382858,16.822042957557336,33063600
2021-07-15,16.058141708374023,16.496976753681402,15.911862843263563,16.1637866942738,18807100
2021-07-16,15.708700180053711,16.245055056556485,15.55429451862891,16.18004239122355,18999500
2021-07-19,15.52178955078125,15.52178955078125,15.050447321701053,15.351130329032348,14545800
2021-07-20,15.603055953979492,15.708700959125895,15.156092501377247,15.497409398808806,14565700
2021-07-21,15.993132591247559,16.050018484708453,15.448650889512173,15.513663560613816,14232600
2021-07-22,16.188169479370117,16.293814481308146,15.863106146455905,15.911865258886978,12219800
2021-07-23,16.415714263916016,16.61075225982091,16.188169160348203,16.188169160348203,17767900
2021-07-26,17.00082778930664,17.16336022315288,16.521358814486813,16.521358814486813,19118400
2021-07-27,16.440092086791992,16.927687823157598,16.3344470930911,16.91143427027312,16039500
2021-07-28,16.4075870513916,16.87080247312074,16.204422283964846,16.72452359256961,18642800
2021-07-29,16.935815811157227,17.049587589439383,16.366953819697983,16.47260037098075,22287800
2021-07-30,16.71639633178711,17.203992069496095,16.586371008401265,16.667637223023448,29767200
2021-08-02,16.602624893188477,17.082093864016592,16.505105123687777,17.000827647770034,15122000
2021-08-03,16.618879318237305,16.7570314280964,16.342575098519113,16.594498987077145,10802200
2021-08-04,17.38277816772461,17.472171167379432,16.55386703919761,16.55386703919761,42370300
2021-08-05,17.082094192504883,17.43153784406796,16.91143498010293,17.228373074556792,27692500
2021-08-06,17.54530906677246,17.65908083811017,17.09834720792506,17.22837253231791,12182600
2021-08-09,17.488426208496094,17.488426208496094,17.057716278120218,17.22837551469345,18410200
2021-08-10,17.959766387939453,17.97601994191625,17.407157952922205,17.415284729910603,16105600
2021-08-11,17.90287971496582,18.22794303014405,17.878499385068395,18.041031817669587,12516900
2021-08-12,17.650957107543945,18.041034698060894,17.650957107543945,17.8541219057202,9990100
2021-08-13,17.187740325927734,17.845993788616227,17.082095320814485,17.715968451542558,10864200
2021-08-16,16.277559280395508,16.960192920463573,16.25317895395596,16.960192920463573,25575400
2021-08-17,15.448648452758789,16.21254838022953,15.20484981206433,16.21254838022953,24844700
2021-08-18,14.717256546020508,15.343002864330655,14.660370657994513,15.156091646524043,30031700
2021-08-19,13.880218505859375,14.302801644568227,13.774573496194337,14.018370626205563,28832900
2021-08-20,13.89647102355957,14.481585021911044,13.693306247045612,13.855837138242238,26065300
2021-08-23,13.612039566040039,14.294673316040399,13.612039566040039,13.969609994617414,27050400
2021-08-24,14.57910442352295,14.652243865198043,14.156521327183341,14.221533992002959,28474400
2021-08-25,14.57910442352295,14.733508533704418,14.424698763317286,14.546597316101044,13655000
2021-08-26,14.075254440307617,14.57097695478358,14.059000887368443,14.57097695478358,14780100
2021-08-27,15.03419303894043,15.091078926759577,14.432825503385715,14.489711391204862,26538000
2021-08-30,15.147964477539062,15.318623687223557,15.042319481086114,15.286116580607784,19457500
2021-08-31,15.026066780090332,15.099206224100296,14.757889335395207,15.099206224100296,24223900
2021-09-01,14.685534477233887,14.927414461785755,14.3918236558754,14.789197798519714,28233400
2021-09-02,14.020364761352539,14.953327996082574,13.977172675021672,14.694172182752418,34201500
2021-09-03,14.063558578491211,14.512761881074074,13.933979023387659,14.391822720494744,22083600
2021-09-06,14.288161277770996,14.409100440247615,13.674823423055617,13.743931751281186,11386000
2021-09-08,13.467499732971191,14.175860577294113,13.260174728364923,14.124029738060713,29397100
2021-09-09,13.53660774230957,13.908065651173512,13.07876482885525,13.48477608048629,27066700
2021-09-10,13.22562026977539,14.037643598525174,13.22562026977539,13.804402355600555,22387100
2021-09-13,13.761209487915039,13.830317817359235,13.303365775551898,13.355197434553181,22413100
2021-09-14,13.545245170593262,13.899425549739663,13.407028517642104,13.726654733550715,20735600
2021-09-15,13.42430591583252,13.75257089632342,13.320643420493754,13.389751750719599,40652600
2021-09-16,12.698667526245117,13.268811658109419,12.646836690895421,13.268811658109419,21565500
2021-09-17,12.024861335754395,12.53453590357467,11.938475508591658,12.3876804916998,31966800
2021-09-20,11.852090835571289,11.878006254907826,11.31650083421035,11.32513875809831,31636200
2021-09-21,12.111247062683105,12.180355394306826,11.411524175197577,12.163077899482747,30039500
2021-09-22,13.165148735046387,13.450220791699405,12.84552251467289,12.975101246501874,45874900
2021-09-23,14.383185386657715,14.443654972887956,13.078764965839369,13.208342886000265,60010700
2021-09-24,14.072197914123535,14.331353739828744,13.873510023565483,14.132667496943247,23281100
2021-09-27,13.778486251831055,14.080834989241477,13.553883767695579,13.942618329415422,25857800
2021-09-28,12.77641487121582,13.73529358366977,12.629559461582833,13.432944840888434,26922900
2021-09-29,13.562521934509277,13.605714844815623,12.957823661729165,13.00101657203551,28560300
2021-09-30,13.92534351348877,14.2881626843073,13.847596430622465,13.864872278625118,31526600
2021-10-01,14.573234558105469,14.6855349829995,13.847596227131682,13.959896652025712,29353200
2021-10-04,13.813039779663086,14.616425107641334,13.795763109899852,14.581870120442387,32464000
2021-10-05,13.761209487915039,14.158581970301034,13.605715334747462,13.89078739966384,16736000
2021-10-06,13.631630897521973,13.73529339279239,13.096040926706687,13.450221324839676,30390200
2021-10-07,13.622992515563965,14.141305798305412,13.562522110814504,13.830317499126043,24739400
2021-10-08,14.296798706054688,14.633703255619952,13.882148727160185,13.908064968718298,27037300
2021-10-11,14.279522895812988,15.005161184567308,14.244967906980612,14.650979139725687,21410200
2021-10-13,14.089473724365234,14.435015373634243,13.838956646522409,14.029004141702227,18375800
2021-10-14,14.072197914123535,14.564594971566965,14.02900417805763,14.322714992615563,17988800
2021-10-15,14.32271671295166,14.478210886120587,14.011728366613804,14.106752949699871,12247200
2021-10-18,13.890787124633789,14.124028349767105,13.683462140406121,14.115389602798555,24643900
2021-10-19,13.467499732971191,14.063560151009636,13.216981813112866,13.804402659497296,23663200
2021-10-20,12.966463088989258,13.545245975492426,12.828246427824851,13.545245975492426,36340900
2021-10-21,12.232186317443848,12.620920891530115,11.895283404359358,12.517258393362864,34002600
2021-10-22,12.396320343017578,12.612284106318677,11.89528447806594,12.137163662288986,36461100
2021-10-25,12.681390762329102,12.81096867358514,12.52589660975284,12.53453535685958,15717800
2021-10-26,12.284017562866211,12.77641461846149,12.197631738731195,12.595005046846977,23863600
2021-10-27,12.258101463317871,12.767776019178571,12.128523549450632,12.413595619027586,23509600
2021-10-28,12.37904167175293,12.543174577634082,12.068054178692858,12.197632094842147,18784100
2021-10-29,11.446077346801758,12.128522680185924,11.342414858370315,12.128522680185924,34896700
2021-11-01,11.316500663757324,11.618849415026373,11.15236775481339,11.558379829539827,20695600
2021-11-03,10.68588638305664,11.238753886462854,10.64269346775616,11.152368055861892,35749200
2021-11-04,10.62541675567627,11.022790092029572,10.564946344950195,10.62541675567627,18897400
2021-11-05,10.409452438354492,10.850018665911675,10.236681611029017,10.798187005795887,22705400
2021-11-08,10.884573936462402,10.988236443382304,10.27987474367509,10.435368915973127,24405100
2021-11-09,11.02278995513916,11.22147620893019,10.634055371408126,10.754994543685683,21040400
2021-11-10,10.945042610168457,11.126452188054422,10.720440118721777,10.789548450884402,21052200
2021-11-11,11.627488136291504,11.860728553951693,11.368331475907494,11.394246894795002,26859200
2021-11-12,11.662042617797852,12.145801785172269,11.515187200407565,11.515187200407565,24352900
2021-11-16,11.325138092041016,11.757065566816838,11.03142810121593,11.757065566816838,18759800
2021-11-17,11.065982818603516,11.6534036534111,10.988235737449315,11.48927156729159,18261100
2021-11-18,10.435367584228516,10.970957546881735,10.340343837637809,10.87593380029103,27993300
2021-11-19,10.582222938537598,10.875933747829178,10.495837115627275,10.62541584999276,25978000
2021-11-22,10.893210411071777,11.126451638477201,10.659970007502617,10.936403322499034,30122900
2021-11-23,11.411523818969727,11.903920872376887,11.20419883057053,11.40288507182736,30982000
2021-11-24,11.808897972106934,12.111247553080384,11.446078804473325,11.541102558344479,33807000
2021-11-25,11.9384765625,11.990308228140513,11.627489040166049,11.81753738239943,14005100
2021-11-26,11.15236759185791,11.618849245254784,10.970958014212664,11.549740913183863,26111400
2021-11-29,11.834813117980957,11.964391859904074,11.541102291558797,11.662042285919778,29746700
2021-11-30,11.739789962768555,12.206271644952375,11.471994541590643,11.77434413093638,29584500
2021-12-01,11.601572036743164,12.387679895512768,11.532463707873502,12.059414921463741,22823200
2021-12-02,12.46542739868164,12.46542739868164,11.618849105258844,11.670680765605665,31639700
2021-12-03,12.292655944824219,12.72458343394107,11.990307196744205,12.379041772182111,23542300
2021-12-06,12.767776489257812,12.802330655817032,12.223547748072885,12.551812742303618,20378100
2021-12-07,12.888715744018555,13.398390289376987,12.828246161971373,13.268811554343541,25106000
2021-12-08,13.001017570495605,13.242896733416387,12.785053826214405,13.001017570495605,12410000
2021-12-09,12.90599250793457,12.940546672760028,12.456788365203614,12.785053342963604,14502500
2021-12-10,13.13923454284668,13.536607874587174,13.001017875082391,13.026933294329114,15354300
2021-12-13,13.294727325439453,13.6661843755238,13.156509848191714,13.372473575106243,16274300
2021-12-14,13.22562026977539,13.640270269859624,13.026933193524457,13.407029850771321,17595700
2021-12-15,13.337920188903809,13.424306014237493,12.931908951809838,13.260173934707035,15820500
2021-12-16,13.777897834777832,13.900368338087974,13.41048715910946,13.681671547059754,21533400
2021-12-17,13.594191551208496,13.795393018773328,13.436729605658803,13.672922523983344,13989400
2021-12-20,12.83312702178955,13.349251552236616,12.736900739638845,13.314260101067086,19969800
2021-12-21,13.226781845092773,13.323008132984127,12.990589744173251,13.034328435048014,12064200
2021-12-22,13.03432846069336,13.305512849665538,12.736901524554332,13.13930365493308,15639600
2021-12-23,12.999336242675781,13.034327693943283,12.806883677835527,13.034327693943283,10681800
2021-12-27,13.156797409057617,13.20928499997235,12.868117744681468,12.87686581554425,10504500
2021-12-28,12.90311050415039,13.130555364107456,12.75439662142939,13.130555364107456,13201600
2021-12-29,12.946849822998047,13.086815631744724,12.815631251601518,12.903110299199204,10525500
2021-12-30,13.261772155761719,13.384242648740763,13.016832004065614,13.104310212540376,12815100
2022-01-03,13.095563888549805,13.760401489498424,13.078067745078032,13.349252129056234,15351200
2022-01-04,12.990589141845703,13.253024611974292,12.824379120884782,13.21803316033968,17988500
2022-01-05,12.23827075958252,13.051822991708532,12.21202738139644,13.016831542706443,25366100
2022-01-06,12.255767822265625,12.631925718741787,12.115802015738494,12.378237485845858,25986600
2022-01-07,12.841876029968262,12.850623267702257,12.194532884714976,12.290760008147497,18595700
2022-01-10,13.45422649383545,13.47172180305394,12.430725459561517,12.526951745918316,31966500
2022-01-11,14.267777442932129,14.294021657169356,13.830384717717777,13.944106309031064,40806900
2022-01-12,14.381501197814941,14.792650557206812,14.294022149203629,14.442736031285637,29651600
2022-01-13,14.320265769958496,14.477726048694329,14.040332492316566,14.171551894049097,16064500
2022-01-14,14.390249252319336,14.512718919114269,14.119064035096168,14.215291155305941,12863500
2022-01-17,14.197794914245605,14.33776072348399,13.952854748078432,14.259029747221891,10543100
2022-01-18,14.468979835510254,14.503970452846609,14.101569176596387,14.154055936862932,16794100
2022-01-19,14.652684211730957,14.967608107821215,14.547709023526199,14.783901945593895,19208000
2022-01-20,14.495223045349121,14.845137577360969,14.45148435454418,14.722667908287848,13818200
2022-01-21,13.874123573303223,14.46897992257912,13.795393432429636,14.37275280440804,21170100
2022-01-24,14.20654296875,14.285273944917119,13.419234875602866,13.75165408927402,26739400
2022-01-25,14.13655948638916,14.416491093086135,13.847879808417405,14.154055628938718,19566800
2022-01-26,14.294021606445312,14.617691904935787,13.795393217375548,14.285273535063947,35743200
2022-01-27,14.224038124084473,14.547708409380732,14.040331969612481,14.477725509706627,21143600
2022-01-28,14.005342483520508,14.547709582603897,13.830385220225537,14.433987987158694,22540700
2022-01-31,13.970351219177246,14.1802991036992,13.734158284848704,13.961603147329066,20074700
2022-02-01,14.512718200683594,14.591449173589753,13.865375943418272,14.014089817960574,22618500
2022-02-02,14.547710418701172,14.670181761439476,14.364005907379974,14.512719798293208,13505200
2022-02-03,14.171551704406738,14.713918772683817,14.075324589363651,14.61769165764073,20575800
2022-02-04,14.276525497436523,14.3290122573248,13.961602435320838,14.127811620649725,14148800
2022-02-07,14.74016284942627,14.862632508507563,14.433987033199072,14.477725720435544,21626800
2022-02-08,14.705171585083008,14.810146777667414,14.503970940197314,14.74891194387821,14037400
2022-02-09,14.827642440795898,14.932615961455268,14.433987567013201,14.51271854176974,14784800
2022-02-10,14.678929328918457,15.361262254390487,14.59145027812037,14.958860956653044,25220700
2022-02-11,13.585444450378418,14.705171788934683,13.559201068999535,14.661433098057229,66203500
2022-02-14,13.716663360595703,13.909115941087663,13.392992201482421,13.515461873747837,23686600
2022-02-15,13.637930870056152,13.637930870056152,13.235528775183163,13.384242647262006,28728900
2022-02-16,13.55045223236084,13.900367579466364,13.436729807121194,13.637931277702721,20383200
2022-02-17,12.999336242675781,13.532956917332681,12.920606103020408,13.47172125191805,29080100
2022-02-18,12.90311050415039,13.200538269592395,12.859370979656795,13.14805067334767,15213600
2022-02-21,12.66691780090332,13.113059457112957,12.658170563256467,13.060572694183621,15904900
2022-02-22,12.876866340637207,12.955597313088823,12.701909087556944,12.789387296966082,13328000
2022-02-23,12.474464416503906,12.999336183111405,12.386985371604988,12.946849423581655,17841300
2022-02-24,12.465717315673828,12.535700223336645,11.765887404783586,11.765887404783586,17881200
2022-02-25,12.868118286132812,12.868118286132812,12.238271339963733,12.308254241286743,18574000
2022-03-02,13.445477485656738,13.637930879228557,13.104310219906056,13.559199907573632,22949900
2022-03-03,13.935359001159668,14.092820948735891,13.576696417691162,13.576696417691162,26215000
2022-03-04,13.847880363464355,13.935359411194469,13.489217769442542,13.76914938735966,25216700
2022-03-07,13.392990112304688,14.154054746246135,13.340502522191304,14.03158509308481,19406900
2022-03-08,13.253024101257324,13.6641742678165,13.130554442386662,13.524208466671755,13211600
2022-03-09,13.305511474609375,13.349250995311994,12.894361314823895,13.10431001308211,15325900
2022-03-10,13.471721649169922,13.48046972081026,13.139303269457367,13.261772935373983,10774500
2022-03-11,12.894362449645996,13.620435720719902,12.885614377883169,13.576697030429845,12826800
2022-03-14,12.220776557922363,12.841875459601619,12.177037034146805,12.588187222817812,19675400
2022-03-15,11.695903778076172,12.045819129140115,11.529694591160759,11.932096702613984,28948200
2022-03-16,11.949592590332031,12.238272289246893,11.739643870077959,12.124549857210424,22055200
2022-03-17,12.500707626342773,12.631925357645466,12.072062147541194,12.072062147541194,19023300
2022-03-18,12.771892547607422,12.83312738029927,12.41322912027252,12.465716715624124,19953700
2022-03-21,12.815630912780762,13.095563357135266,12.798135604280983,12.876866578185,10296300
2022-03-22,12.693161010742188,12.955597307377893,12.474464235922765,12.85062212131402,15965800
2022-03-23,12.500707626342773,12.929353105144354,12.439472796303116,12.75439585198677,19424900
2022-03-24,12.579439163208008,12.658170139226698,12.334498997798104,12.553195782622453,15796500
2022-03-25,12.185786247253418,12.710658078941218,12.150794791807565,12.658171312903491,18502700
2022-03-28,12.255767822265625,12.491959912214655,12.12454925294993,12.395733628792756,14577500
2022-03-29,12.456968307495117,12.579438803832284,12.194532006350904,12.334498645419954,21415300
2022-03-30,12.55319595336914,12.684413692343744,12.369490618247475,12.561943190841953,11872900
2022-03-31,12.220776557922363,12.623178674985853,12.185785105754322,12.579439151210295,17809500
2022-04-01,12.045819282531738,12.378237660595584,11.975835544018164,12.29950751900911,20373600
2022-04-04,12.282011985778809,12.421977801233052,12.028323736702475,12.08955857239819,19272700
2022-04-05,11.984583854675293,12.369490669998694,11.923349020799224,12.282011620808273,16313900
2022-04-06,11.862112998962402,11.949591205130059,11.599676711935517,11.940843134234706,15776100
2022-04-07,11.84461784362793,11.91460074809523,11.61717298697819,11.678408654083599,12720400
2022-04-08,11.415971755981445,11.827121924202437,11.389728376726229,11.800877710685235,24661600
2022-04-11,11.328493118286133,11.477206996492233,11.16228393137097,11.319745046800595,24495800
2022-04-12,11.398476600646973,11.617173393322345,11.310998384134058,11.450964197964367,13994700
2022-04-13,11.354737281799316,11.52094731444267,11.328493899794287,11.398476807982414,16308500
2022-04-14,11.302249908447266,11.53844200228277,11.241015075649548,11.310997980064663,14559600
2022-04-18,11.241015434265137,11.319745578547302,11.118544930500567,11.258510743796045,11433200
2022-04-19,11.459712028503418,11.529694933944432,11.039813761595301,11.162284263248093,17113200
2022-04-20,10.733638763427734,11.37223298441446,10.60242018997342,11.354736840915736,50006200
2022-04-22,10.444957733154297,10.654907273730695,10.339983379997097,10.488697255535296,13727300
2022-04-25,10.646159172058105,10.768629667523436,10.103791265160783,10.11253933646445,16968900
2022-04-26,10.208765029907227,10.637410487949266,10.15627743937096,10.611167109812108,15056300
2022-04-27,10.322488784790039,10.646159937952907,10.304992640924018,10.48869798020695,21307900
2022-04-28,10.742385864257812,10.847360221128628,10.366227960702897,10.444958102659486,19765700
2022-04-29,10.428093910217285,11.101171142615307,10.41887345734068,11.073510663296277,17959200
2022-05-02,10.32667064666748,10.630938555915009,10.151486439253453,10.372772031558787,15265200
2022-05-03,10.428093910217285,10.575617638999823,10.280569302123965,10.28978975500057,10895500
2022-05-04,10.61249828338623,10.667819240523995,10.151486203787982,10.381992243587106,13818200
2022-05-05,10.225248336791992,10.612498564248032,10.013182317322835,10.594057658506895,13856700
2022-05-06,10.114605903625488,10.280569664703735,9.865658943041895,10.151486837121855,12141800
2022-05-09,9.930201530456543,10.09616529645365,9.755016431673521,9.948641558095847,13024900
2022-05-10,9.257122993469238,10.022403014137579,8.925194595846726,10.003962987258397,61421300
2022-05-11,9.552169799804688,9.88409905386553,9.413866530153166,9.469188365600221,33273300
2022-05-12,9.38620662689209,9.515289451988952,9.155700577149638,9.38620662689209,19086000
2022-05-13,9.708914756774902,9.837998463679831,9.49684960897839,9.49684960897839,17018200
2022-05-16,9.708914756774902,9.708914756774902,9.708914756774902,9.708914756774902,0
2022-05-17,9.967082023620605,10.179147168290225,9.967082023620605,10.160707141467599,16757500
2022-05-18,9.570611953735352,9.920981279129617,9.533731018394421,9.828778501121862,13484800
2022-05-19,10.059283256530762,10.151486022528392,9.506069298477218,9.524509324090298,18497200
2022-05-20,10.18836784362793,10.400432992923996,10.105385522838748,10.299010644909897,13249800
2022-05-23,10.55717658996582,10.603277974412377,10.326670547043813,10.326670547043813,14558800
2022-05-24,10.547956466674805,10.584837399521854,10.271349909977337,10.381992708518483,17898200
2022-05-25,10.713920593261719,10.806123360638166,10.409652691954507,10.529515937819586,16025900
2022-05-26,10.538737297058105,10.981308508193257,10.400433134095245,10.732362421757442,25075000
2022-05-27,10.391213417053223,10.723141820837995,10.36355205725471,10.594058113044062,15129200
2022-05-30,10.096165657043457,10.538737767234398,9.98552284932344,10.511076405821239,16420800
2022-05-31,10.105384826660156,10.262129004172253,10.050062990174986,10.142265757880017,11135800
2022-06-01,10.381993293762207,10.464975617173566,10.11460629572052,10.1238258699689,12565200
2022-06-02,10.925987243652344,11.008968683957299,10.474194712334379,10.511075645573518,21717700
2022-06-03,10.760022163391113,10.953647274788027,10.64015891544914,10.925986795820117,13260400
2022-06-06,10.529516220092773,10.879885514480838,10.363551586090326,10.80612365032659,14350200
2022-06-07,10.243688583374023,10.538736926397744,10.206807650409909,10.400432768299211,19707200
2022-06-08,9.801116943359375,10.188367161577583,9.755015559417062,10.04084343641079,17295300
2022-06-09,9.33088493347168,9.727355626586837,9.284783546942576,9.718135173418855,26919500
2022-06-10,9.321664810180664,9.42308803999604,9.01739687935622,9.128039683355032,25554400
2022-06-13,8.869873046875,9.026617237376488,8.602486053544963,8.962075822220875,21080300
2022-06-14,8.639366149902344,8.962074953003043,8.54716426280982,8.94363404799809,18890300
2022-06-15,8.602485656738281,8.915974023280985,8.556384271191861,8.740788934066748,20282900
2022-06-17,8.086153030395508,8.381200506674467,7.910967931871746,8.381200506674467,25871500
2022-06-20,8.307438850402832,8.325878878487195,7.763444392595752,7.800325328075341,19352400
2022-06-21,8.35353946685791,8.501063195129973,8.18757483289645,8.418080878149242,17639400
2022-06-22,8.335098266601562,8.454961511414275,7.910967123153022,8.123033134532667,20047600
2022-06-23,8.030830383300781,8.510282484156406,7.938627616557786,8.44574107502276,25829900
2022-06-24,8.270557403564453,8.344319269963021,7.993949964914418,8.141473697711556,14242100
2022-06-27,8.52872371673584,8.676247445741005,8.316658576118613,8.445741399342738,14354900
2022-06-28,8.40886116027832,8.740789577902556,8.335099289695158,8.703908642610973,16475900
2022-06-29,8.307438850402832,8.454962592321188,8.187575590266453,8.408861203143987,15818800
2022-06-30,7.975508689880371,8.169133800051297,7.920187732294831,8.123033295166936,15488400
2022-07-01,7.883306980133057,7.966289297709844,7.680461412646551,7.864866074311198,18759500
2022-07-04,7.846426486968994,7.938628383306516,7.71734277692346,7.800325099144815,9723300
2022-07-05,7.883306980133057,7.9478483918879865,7.588258642158834,7.7726641831342675,20070000
2022-07-06,7.993949890136719,8.030830822991009,7.772664293010982,7.929408477469412,15961500
2022-07-07,8.178354263305664,8.482622168351059,8.169133810592587,8.215235194847203,17296600
2022-07-08,7.938628196716309,8.307438411330356,7.938628196716309,8.178354704318817,14510000
2022-07-11,7.735783576965332,7.892527765816787,7.634360349290376,7.726563123665641,15026300
2022-07-12,7.680461406707764,7.8279851359254105,7.5698186097945275,7.652800927307151,22344900
2022-07-13,7.698902130126953,7.837205403164371,7.5882584565241,7.634359840640162,15597600
2022-07-14,7.422295093536377,7.569818826986756,7.413074640368025,7.551377920650053,19098700
2022-07-15,7.726562976837158,7.791104390086863,7.311651818999294,7.440735085154107,27624800
2022-07-18,7.809545040130615,7.920187836062063,7.698902244199168,7.883306904084914,19931200
2022-07-19,8.06771183013916,8.11381321645926,7.781883938403189,7.8095452977817335,17849700
2022-07-20,8.288997650146484,8.288997650146484,7.910967855009271,7.993950176734187,14950300
2022-07-21,8.344319343566895,8.418081210616105,8.15991467594387,8.178354703050765,11189400
2022-07-22,8.215235710144043,8.574825474712233,8.196795682872015,8.427301739292716,16354300
2022-07-25,8.279776573181152,8.408860272732475,8.242895641782312,8.39042024668844,10856400
2022-07-26,8.104593276977539,8.335099343876003,8.049271434025128,8.325878890165457,10912700
2022-07-27,8.187575340270996,8.23367672804056,8.03083114944098,8.123033924980108,11719500
2022-07-28,8.335098266601562,8.482621989660055,8.224455474307694,8.233675926826537,16729100
2022-07-29,7.938628196716309,8.454962145451649,7.901747263185985,8.390420731601287,25038800
2022-08-01,7.560598373413086,7.957069066522832,7.532937893220325,7.957069066522832,23557400
2022-08-02,7.781883716583252,7.837205554452603,7.440734874436139,7.569818576590769,19644900
2022-08-03,7.781883716583252,7.8003246223099625,7.569818576590769,7.781883716583252,19333200
2022-08-04,8.224455833435059,8.288997245263714,7.652800941966263,7.7726641920129,23022800
2022-08-05,8.076931953430176,8.353539380744234,8.030830568992704,8.20601477468217,13263000
2022-08-08,8.104593276977539,8.242896565392272,8.01239049849381,8.15991511992995,12924800
2022-08-09,8.270557403564453,8.279776977381168,8.030830898113702,8.10459276451227,10354600
2022-08-10,8.399640083312988,8.44574146883412,8.20601496757287,8.353539577102648,13612100
2022-08-11,8.620926856994629,8.823771553426608,8.418081281251828,8.491843148919969,22278000
2022-08-12,8.768450736999512,8.77767119043786,8.574825611348357,8.611706545790918,10410200
2022-08-15,8.556385040283203,8.68546875555372,8.371980360833087,8.60248642997345,20804400
2022-08-16,8.52872371673584,8.777670668915144,8.454961852233257,8.537944169626359,13999700
2022-08-17,8.639366149902344,8.676247080601502,8.371979182505756,8.445741043904073,14535900
2022-08-18,8.47340202331543,8.777670818719887,8.427301516697627,8.65780756702984,15841800
2022-08-19,8.344319343566895,8.371979823882645,8.16913424984191,8.371979823882645,19242400
2022-08-22,8.15991497039795,8.362759672447607,8.15069451685637,8.22445638656731,14092500
2022-08-23,8.952855110168457,8.952855110168457,8.187575086564125,8.224456019774786,26358900
2022-08-24,8.630146026611328,9.008176679836756,8.53794413600161,8.906753457062049,23495700
2022-08-25,8.565605163574219,8.786890770375914,8.510283322218376,8.722349354886463,16225900
2022-08-26,7.993949890136719,8.279776899929763,7.984729437095447,8.11381314174086,54671300
2022-08-29,7.579039096832275,7.957068874482738,7.579039096832275,7.855646530016523,33882600
2022-08-30,7.422295093536377,7.7634439469680805,7.422295093536377,7.551377920650053,23694500
2022-08-31,7.394634246826172,7.560597999076428,7.385413794114833,7.477615683295916,18584600
2022-09-01,7.523717403411865,7.542158309657772,7.265550871144817,7.366973217564884,23439900
2022-09-02,7.62514066696167,7.809545333781308,7.496056960532517,7.569818827260373,32424500
2022-09-05,7.680461406707764,7.910967453438034,7.652800927307151,7.726562791915975,13794500
2022-09-06,7.4868364334106445,7.689682004563993,7.440735047333411,7.615920138564739,11683100
2022-09-08,7.459176063537598,7.579039317382488,7.376193743236457,7.560598410955206,26036400
2022-09-09,7.7450032234191895,7.8095455178100845,7.560598552254129,7.560598552254129,24525700
2022-09-12,7.874086380004883,8.049270585483283,7.763443585074719,7.8372054483614955,18655500
2022-09-13,7.551377773284912,7.837205660750198,7.514496840642049,7.754223342476057,19934300
2022-09-14,7.311652183532715,7.615920556979067,7.311652183532715,7.514497326174858,29841100
2022-09-15,7.173348426818848,7.3854140091448075,7.145687507534854,7.357753089860814,24692100
2022-09-16,7.05348539352417,7.145687727888423,6.988943539641489,7.0995863408785915,35498700
2022-09-19,7.422295093536377,7.459176026898972,6.979723453529835,7.016604386892429,36644700
2022-09-20,7.219449520111084,7.422295093253017,7.1917890399178965,7.3485327868752375,18537400
2022-09-21,7.127247333526611,7.293211537070748,7.1180268801686735,7.21944966882891,22597000
2022-09-22,7.182568550109863,7.394634575337995,7.136467163815851,7.293211349629007,33141300
2022-09-23,7.016604423522949,7.07192582385565,6.942842556412683,7.062705370639162,19835800
2022-09-26,6.6938958168029785,6.970502809446453,6.6938958168029785,6.961282796186034,21414100
2022-09-27,6.638574123382568,6.84141969539985,6.6201336568042155,6.776877842547914,15546100
2022-09-28,6.629354000091553,6.721556331455785,6.5740326012730135,6.6477944663644,13830900
2022-09-29,6.454169273376465,6.62013346784449,6.352746490262754,6.546371603636478,25056000
2022-09-30,6.933621883392334,7.035044667281435,6.398847924140448,6.4726097889123775,27919400
2022-10-03,7.1180267333984375,7.191789039774749,7.0442648666775325,7.173348573094523,16308300
2022-10-04,7.28399133682251,7.47761601617083,7.136467164461567,7.237889950524327,30639500
2022-10-05,7.274770736694336,7.357753054492022,7.016604209676592,7.28399118962981,18953500
2022-10-06,7.26555061340332,7.302431545275996,7.090365967180417,7.274770626543795,20098500
2022-10-07,7.081145763397217,7.32087226865512,7.053485283347706,7.228669935731082,22969400
2022-10-10,7.05348539352417,7.210229581771104,7.01660445977847,7.164128194761273,11646500
2022-10-11,7.136466979980469,7.1917888179703535,6.952062318865493,7.0073837171999855,14841500
2022-10-13,7.081145763397217,7.154908069391851,6.9520624973035625,7.025824363642793,11944900
2022-10-14,6.813758850097656,7.145687691787424,6.7860983697558295,7.099586305010504,11570800
2022-10-17,6.730776786804199,6.8783005170392295,6.657014482031288,6.869080064071842,15180100
2022-10-18,6.915181636810303,6.942842556805924,6.767657902581414,6.822979302917247,13869600
2022-10-19,6.7768778800964355,6.933622066708604,6.693895999861774,6.915181600028078,13472700
2022-10-20,6.9797234535217285,7.127247186971935,6.7307769334968,6.7307769334968,21198600
2022-10-21,7.201009273529053,7.219449740773278,6.850639956233349,6.942842732109896,22152100
2022-10-24,6.998164176940918,7.154908369309856,6.942842774867543,7.108806981087667,10808400
2022-10-25,7.0350446701049805,7.173348386435555,6.933621886175174,6.988943284776324,10068500
2022-10-26,6.869080066680908,7.062705182515628,6.832199134108142,7.035044702913751,17603000
2022-10-27,7.071925640106201,7.164127971598347,6.739996807079081,6.8414195915481395,18818600
2022-10-28,6.7768778800964355,7.348532786848126,6.564812293442691,7.007383933430704,44513400
2022-10-31,6.666234970092773,6.952062418755569,6.546371718818099,6.6109135709634,22409300
2022-11-01,6.924402236938477,7.0350450399575895,6.6293543225654235,6.832199461433798,23511600
2022-11-03,6.869080066680908,6.979723304054602,6.712336323074351,6.850639600394525,12583100
2022-11-04,7.394634246826172,7.514496614830503,7.0442645179368295,7.108806367950049,38162500
2022-11-07,7.025824546813965,7.449955728977525,6.998164066043315,7.403854341485888,24043100
2022-11-08,7.136466979980469,7.247110216304847,6.9428423056374395,6.998163703971932,17178600
2022-11-09,7.007384300231934,7.357753625157388,6.9705033649403525,7.145688027403079,16452800
2022-11-10,6.712336540222168,7.035044930501364,6.620133766152046,6.92440212920371,29191700
2022-11-11,7.422295093536377,7.4499555737306205,6.8506397471053475,6.869080213786646,31986000
2022-11-14,7.219449520111084,7.505277413143389,7.118026733540118,7.468396479782203,16167000
2022-11-16,7.247110366821289,7.330092246218797,7.044264795726489,7.330092246218797,19997500
2022-11-17,7.293210983276367,7.293210983276367,6.887520299096093,7.118026339676564,20552500
2022-11-18,6.988943099975586,7.468396087818716,6.961282621234103,7.440734729766467,17951000
2022-11-21,6.82297945022583,7.053485509762815,6.684675726572556,7.007384121993251,16699300
2022-11-22,7.090365886688232,7.108806352415228,6.813758461127916,6.841419379546101,17443100
2022-11-23,7.071925640106201,7.099586119726147,6.869080071168085,7.04426472083086,13287200
2022-11-24,7.191788673400879,7.256330083666011,7.053484960517134,7.09958590504146,10660700
2022-11-25,7.016604423522949,7.302431878402937,6.952062569973762,7.210229544515103,10239000
2022-11-28,6.712336540222168,6.896741209051591,6.647794686304164,6.896741209051591,18924400
2022-11-29,7.1180267333984375,7.274770920008065,6.8229792665148175,6.8229792665148175,26090900
2022-11-30,7.210229873657227,7.283991744134673,7.044265225427544,7.1272475495423855,25253900
2022-12-01,6.8875203132629395,7.145687272692454,6.878300300241555,7.145687272692454,21932000
2022-12-02,6.924402236938477,7.016604572787737,6.767658046167024,6.9705031850353985,18816900
2022-12-05,6.998164176940918,7.173348836667648,6.915181854003145,6.979723709583126,13513700
2022-12-06,7.237889766693115,7.3300920972922805,6.998163707135284,7.0350446393749495,23600600
2022-12-07,7.247110366821289,7.339312699293743,7.108806648284908,7.145687581273889,13919000
2022-12-08,6.9797234535217285,7.385414160165205,6.961282986840452,7.283991373590484,21214800
2022-12-09,7.210229873657227,7.302432211754034,7.062705693046906,7.136467563524352,18003500
2022-12-12,7.10880708694458,7.191789411118038,6.822979618814857,7.154908475853263,18904600
2022-12-13,6.869080066680908,7.311651697209496,6.859860053365415,7.1549079536029385,24243600
2022-12-14,7.247110366821289,7.311651779724306,6.749217331814638,6.795318278223164,34225400
2022-12-15,6.942842483520508,7.394634574310686,6.924402016936546,7.311651815199752,26561600
2022-12-16,6.7768778800964355,6.97972345323762,6.7768778800964355,6.933622066708604,24412400
2022-12-19,6.361967086791992,6.684675469817625,6.325086153855086,6.6754550167556985,56882700
2022-12-20,6.500270843505859,6.647794576124356,6.325086191193693,6.361967124348317,31215100
2022-12-21,6.48183012008667,6.6662347785527745,6.46338965424006,6.629353846859553,16058200
2022-12-22,6.454169273376465,6.537151590438173,6.343526477064447,6.49105020548047,20043300
2022-12-23,6.380407333374023,6.5187110469487966,6.36196686754108,6.491050128371688,18114300
2022-12-26,6.417288780212402,6.444949261354677,6.371187392101383,6.417288780212402,6882700
2022-12-27,6.472609996795654,6.574032783942189,6.389627676434361,6.472609996795654,16797200
2022-12-28,6.601693153381348,6.638574086332218,6.454169421577868,6.4910503545287375,12377500
2022-12-29,6.601693153381348,6.66623500587307,6.574032673495895,6.638574086332218,12899100
2023-01-02,6.48183012008667,6.620133394108556,6.435728735642451,6.592472915166333,8284700
2023-01-03,6.4080681800842285,6.610913755544238,6.380407699574944,6.509490967814234,13377700
2023-01-04,6.53715181350708,6.546371827020003,6.352746707039159,6.454169493613745,12704900
2023-01-05,6.924402236938477,6.942842704108329,6.500271052376458,6.5648124676432325,26812000
2023-01-06,6.998164176940918,7.164128383161041,6.924402307509752,6.933622321360937,18342600
2023-01-09,7.025824546813965,7.081145948010679,6.804538942027107,6.896741277354964,10693500
2023-01-10,7.28399133682251,7.302431803410703,6.988943431756026,7.0073838983442185,13821300
2023-01-11,7.237889766693115,7.37619348241956,7.136466983206336,7.320872084060061,13903300
2023-01-12,7.26555061340332,7.35775294308501,7.228669681530644,7.26555061340332,11679900
2023-01-13,7.201009273529053,7.283991595955777,7.154908325246199,7.283991595955777,7269200
2023-01-16,7.136466979980469,7.1733483518588566,6.998163703971932,7.127246966752416,6785500
2023-01-17,7.3208723068237305,7.366973253698403,7.154908106695179,7.164128120207951,9528800
2023-01-18,7.49605655670166,7.588258445488933,7.34853239153803,7.376193309898517,18520300
2023-01-19,7.44073486328125,7.625140403028777,7.3208720538250605,7.468396221829847,21796900
2023-01-20,7.643580436706543,7.643580436706543,7.413074391113088,7.440734870377283,18114600
2023-01-23,7.6896820068359375,7.892527578049218,7.6712411006752745,7.6712411006752745,15874600
2023-01-24,7.62514066696167,7.772664400417381,7.3854141604407335,7.717342560716084,28060200
2023-01-25,7.634360313415527,7.689682153642886,7.4960570318133595,7.615920286213621,9593400
2023-01-26,7.920187950134277,7.966289335597393,7.6804614491747065,7.6804614491747065,16643200
2023-01-27,7.809545040130615,7.920187836062063,7.7450027496875204,7.910967383240081,12666000
2023-01-30,7.809545040130615,7.910967383240081,7.698902244199168,7.846425972107764,10994900
2023-01-31,7.864865779876709,7.9939494778648905,7.735782961199282,7.800324370537996,13361800
2023-02-01,7.754223823547363,7.85564705409062,7.634360565194054,7.846426600530171,10545400
2023-02-02,7.293210983276367,7.698902107112023,7.293210983276367,7.698902107112023,20626300
2023-02-03,7.219449520111084,7.4499555734462035,7.201009053430491,7.32087230668205,12943400
2023-02-06,7.071925640106201,7.201008904195205,6.970502855637143,7.201008904195205,17156200
2023-02-07,6.988943099975586,7.136466825677852,6.95206216855002,7.099585894252286,13039700
2023-02-08,7.016604423522949,7.062705370639162,6.9151816364186285,7.035044890300516,11572100
2023-02-09,6.850639820098877,7.099586342776617,6.822979339609911,7.035044928532091,14753700
2023-02-10,6.76765775680542,6.942842407256436,6.620133586098808,6.703115904642815,18734000
2023-02-13,6.730776786804199,6.749217253083578,6.500270738484266,6.730776786804199,12932800
2023-02-14,6.564812183380127,6.850639631963923,6.481830304536701,6.786098219491858,21989600
2023-02-15,6.675455093383789,6.721556479911824,6.481830413070097,6.583252759983124,15999000
2023-02-16,6.730776786804199,6.776877732674948,6.59247306988116,6.693895854245442,15185300
2023-02-17,6.712336540222168,6.721556553835933,6.592473285655338,6.693896073339225,13325400
2023-02-22,6.53715181350708,6.684675546957093,6.500270880144577,6.657014627107513,8925800
2023-02-23,6.454169273376465,6.5924729885941815,6.278984626054742,6.5648120696884815,23897700
2023-02-24,6.297425270080566,6.46338990889437,6.2697647900485345,6.4080680695195,11241200
2023-02-27,6.315865993499756,6.426508797438178,6.269765045019791,6.306645979665931,11700300
2023-02-28,6.297425270080566,6.380407589487468,6.2421038703611,6.315865736653722,15281500
2023-03-01,6.6109137535095215,6.6477946872808245,6.315865843683686,6.389627711226292,22171000
2023-03-02,6.546371936798096,6.610913791092501,6.472610068836154,6.610913791092501,8194900
2023-03-03,6.620133876800537,6.739997133370754,6.518711527076893,6.564812475227072,9622400
2023-03-06,6.564812183380127,6.592473102764868,6.435728918780599,6.574032636393507,10790200
2023-03-07,6.48183012008667,6.638573859955166,6.371186885351621,6.574032449319722,12861000
2023-03-08,6.721556663513184,6.7307771169328126,6.463390122939425,6.481830590123265,12074800
2023-03-09,6.564812183380127,6.721556367364395,6.491050317894683,6.638574048865571,14418200
2023-03-10,6.389627456665039,6.5832525710781065,6.334306058212077,6.509490706474156,13734300
2023-03-13,6.389627456665039,6.472609774172181,6.2789846597591135,6.325086044964279,11091000
2023-03-14,6.463389873504639,6.463389873504639,6.343526621607727,6.408068034432679,15773900
2023-03-15,6.352746486663818,6.408067884788486,6.159121373399785,6.371186952705374,20330600
2023-03-16,6.444949150085449,6.509491004395504,6.2882054004560235,6.30664586745098,24825500
2023-03-17,6.398848056793213,6.518711309360149,6.306645723916879,6.435728989943747,22953800
2023-03-20,6.315865993499756,6.435729250927423,6.269765045019791,6.361967381635142,12244800
2023-03-21,6.260544300079346,6.361967085462342,6.242103833614746,6.325086152533143,9361700
2023-03-22,6.269764423370361,6.38040721633851,6.214442587230909,6.25132395787567,11265600
2023-03-23,6.1222405433654785,6.343526579208056,6.048478677969752,6.2882051801612615,12779000
2023-03-24,6.103800296783447,6.159121697822085,6.0208184150531965,6.122240763796326,13850300
2023-03-27,6.103800296783447,6.232884005529016,6.0945802831047144,6.177562164834964,6529100
2023-03-28,6.297425270080566,6.371187136373188,6.1130206043490105,6.122240617807887,16471600
2023-03-29,6.297425270080566,6.371187136373188,6.223663403787944,6.315865736653722,13886000
2023-03-30,6.739996910095215,6.813758776416329,6.500270844551592,6.69389596347222,36143000
2023-03-31,6.721556663513184,6.94284270937468,6.666235261961664,6.776878065064703,11824700
2023-04-03,6.629354000091553,6.7307767844199065,6.564812148308892,6.703115865182939,11566600
2023-04-04,6.601693153381348,6.703115938823941,6.574032673495895,6.629354072922201,10388700
2023-04-05,6.53715181350708,6.610913680232087,6.444949040445416,6.583252760382506,11120200
2023-04-06,6.463389873504639,6.601693152218337,6.454169420440845,6.472609886913032,8013800
2023-04-10,6.675455093383789,6.786098333119992,6.444949040054425,6.454169493222194,12683300
2023-04-11,7.127247333526611,7.237890135889369,6.767658006019939,6.767658006019939,25203300
2023-04-12,7.062705039978027,7.1825682882481665,7.035044560934387,7.127246890505499,11305800
2023-04-13,7.05348539352417,7.136467274624292,6.998163992905619,7.05348539352417,7903400
2023-04-14,6.942842483520508,7.035044816440319,6.896741097232901,7.016604349856356,6679000
2023-04-17,6.952062606811523,7.044264941187921,6.924402126326309,6.942842593201589,6062200
2023-04-18,7.016604423522949,7.0903662906332166,6.896741169641062,7.025824437084029,8964700
2023-04-19,6.869080066680908,6.95206238479733,6.749217255647117,6.924401905195453,18704000
2023-04-20,6.620133876800537,7.053485515275809,6.601693409609382,6.924402244937723,19513900
2023-04-24,6.564812183380127,6.62013358249421,6.417288452409238,6.417288452409238,15792600
2023-04-25,6.500270843505859,6.546371790121438,6.389627604386583,6.518711310083171,17167700
2023-04-26,6.48183012008667,6.583252462415334,6.444948748738063,6.546371530722114,10068600
2023-04-27,6.564812183380127,6.657014515236932,6.491050317894683,6.500270770908062,15846900
2023-04-28,6.959950923919678,6.959950923919678,6.611953700381237,6.640953238539766,14118200
2023-05-02,6.911617755889893,6.979283647806092,6.7666186917362525,6.901950936507968,10729600
2023-05-03,6.959950923919678,7.0082841021030235,6.824618670321395,6.940617744834208,9090900
2023-05-04,6.863284587860107,7.037283649397699,6.737618701402806,6.979283654925623,15209900
2023-05-05,7.24028205871582,7.31761523394189,6.843951667526642,6.882618024670008,14603800
2023-05-08,7.2886152267456055,7.433614296326458,7.259615689393036,7.4142811177783,5318100
2023-05-09,7.346614837646484,7.404614373885087,7.201615766580306,7.211282586423077,6427700
2023-05-10,7.375614643096924,7.3949478213368645,7.230615575827705,7.375614643096924,9596500
2023-05-11,7.191949367523193,7.288615260714499,7.124283011819611,7.269282082076238,11453200
2023-05-12,7.211282253265381,7.240281789575248,7.114616364000293,7.1726158975593455,7254300
2023-05-15,7.356281757354736,7.433614473389373,7.25961586231144,7.298282220328758,8907000
2023-05-16,7.220948696136475,7.4239472964359114,7.182282339978422,7.365947762198833,7834000
2023-05-17,7.462613582611084,7.626945825211394,7.307948159429296,7.32728133732702,12941900
2023-05-18,7.539947032928467,7.617279747368457,7.3852811431091485,7.491613855933804,8863200
2023-05-19,7.723611831665039,7.7526122903597825,7.4819468738141035,7.597946403896441,12713500
2023-05-22,7.57861328125,7.771945064571957,7.559280102917804,7.684945531607411,9941600
2023-05-23,7.24028205871582,7.549613376802091,7.211282521327963,7.539947017985917,22017000
2023-05-24,7.143616199493408,7.220948914144266,7.046950306179835,7.13394984063172,19410500
2023-05-25,7.037283897399902,7.249948861181244,7.00828389914187,7.220948862923212,11509500
2023-05-26,7.066283226013184,7.2306154690966356,7.017950511596435,7.211282291142072,12475200
2023-05-29,7.037283897399902,7.172616147078938,7.027617077667446,7.133949790027785,6392500
2023-05-30,6.834285259246826,7.095283398545227,6.79561890238331,7.075950220113469,18656300
2023-05-31,6.785952091217041,6.892284803194871,6.766618912761012,6.84395162658513,13710000
2023-06-01,6.921284198760986,6.959950554881715,6.814951949898644,6.892284662140102,11721300
2023-06-02,7.1339497566223145,7.2886151841026905,7.104949758500078,7.249948827232597,14578400
2023-06-05,7.162949085235596,7.211282260385522,7.046950018002956,7.172615904641309,5639600
2023-06-06,7.143616199493408,7.230615733945292,7.13394984063172,7.162949378156123,14242400
2023-06-07,7.095283508300781,7.1919494019548775,7.046950331004063,7.1919494019548775,9641600
2023-06-09,7.085616588592529,7.201615659342416,7.056617051374725,7.1436161239674725,13200700
2023-06-12,7.066283226013184,7.124282759876874,6.979283694747987,7.066283226013184,10067500
2023-06-13,7.046950340270996,7.172616232656246,7.027617161514753,7.124283055295968,10044200
2023-06-14,7.15328311920166,7.230615834932595,7.046950404601953,7.114616761336193,17111600
2023-06-15,7.15328311920166,7.182282657131089,7.104949941400154,7.162949478198355,8952800
2023-06-16,7.143616199493408,7.182282556818837,7.09528348330629,7.1532830192944346,10544800
2023-06-19,7.249948978424072,7.27894897715108,7.066283548991275,7.14361626434417,10058200
2023-06-20,7.143616199493408,7.24028209280698,7.085616663505264,7.24028209280698,11737100
2023-06-21,7.056617259979248,7.13394997609858,7.027617260964825,7.114616797068747,10437900
2023-06-22,6.979283809661865,7.075950161965616,6.930951094449319,7.017950627146963,9172900
2023-06-23,6.988950729370117,7.046950265019492,6.921284373976178,6.959950731075762,6258500
2023-06-26,7.037283897399902,7.0566170759254785,6.95028436356514,6.988950720616293,7133500
2023-06-27,6.979283809661865,7.066283342359509,6.921284274843212,7.046950164086625,20826000
2023-06-28,6.882617950439453,7.0276170186329,6.882617950439453,6.998617020618479,7885800
2023-06-29,6.959950923919678,7.0082841021030235,6.872951848504742,6.911618206675679,10753600
2023-06-30,6.834285259246826,7.00828386513265,6.776285723951552,6.979283867015345,18759000
2023-07-03,7.008284091949463,7.133949986292621,6.863285018548845,6.863285018548845,12941400
2023-07-04,7.0759501457214355,7.133949680406939,6.959950615411099,7.008283791452016,7289200
2023-07-05,7.1339497566223145,7.201615650675313,7.017950686012033,7.056617042882127,10529400
2023-07-06,7.1242828369140625,7.191949190956394,7.056616943811057,7.095283300138296,16547000
2023-07-07,7.278948783874512,7.404614212516525,7.095283359318548,7.095283359318548,13449300
2023-07-10,7.1242828369140625,7.191949190956394,6.979283770217252,7.114616478301916,16496200
2023-07-11,7.095283508300781,7.182282582119798,7.066283509734882,7.1146166870316,8317700
2023-07-12,7.104949951171875,7.220949024927816,7.085616772212552,7.191949486958504,8314200
2023-07-13,7.423947334289551,7.4626136906447575,7.133949661625502,7.182282376599847,16831800
2023-07-14,7.249948978424072,7.549613480886213,7.201615800858842,7.510947123209766,9469200
2023-07-17,7.172616004943848,7.249948717513702,7.114616470516458,7.249948717513702,7378200
2023-07-18,7.172616004943848,7.220948719830344,7.085616472833099,7.162949185402953,7749700
2023-07-19,6.9696173667907715,7.201615503262469,6.911617832672847,7.201615503262469,16142700
2023-07-20,6.921284198760986,7.027616908562653,6.911617840200466,7.017950550002132,11761800
2023-07-21,6.930951118469238,6.959950655509401,6.863284763809974,6.92128429882963,11793200
2023-07-24,7.104949951171875,7.153283129039856,6.911618161578641,6.92128452058863,14075800
2023-07-25,7.259615421295166,7.365947668913514,7.162949071184933,7.1726158905716835,21962600
2023-07-26,7.191949367523193,7.288615260714499,7.153283010246671,7.2112825461614545,11658700
2023-07-27,7.24028205871582,7.278948876798523,7.095283449897862,7.1919493427562795,10484800
2023-07-28,6.853618621826172,7.240282200850468,6.843951801880891,7.240282200850468,31395200
2023-07-31,6.988950729370117,7.037283906214265,6.892284836621158,6.901951195426387,15721100
2023-08-01,6.940617561340332,6.998617097063366,6.882618025617299,6.950284381097172,9550200
2023-08-02,6.872951507568359,6.979283756794096,6.872951507568359,6.911617863821232,10134900
2023-08-03,6.853618621826172,6.979284054539396,6.853618621826172,6.901951338734536,14957700
2023-08-04,6.853618621826172,6.950284516582246,6.853618621826172,6.863284980832106,12977600
2023-08-07,6.834285259246826,6.882617974856555,6.805285261129522,6.882617974856555,8292300
2023-08-08,6.8149518966674805,6.872951430395543,6.698952368272035,6.805285077243143,11967000
2023-08-09,6.766618728637695,6.834285081862228,6.747285550707732,6.7956187260023,7423400
2023-08-10,6.776285648345947,6.8342851829940985,6.747285650552207,6.8342851829940985,6200500
2023-08-11,6.71828556060791,6.805285091856483,6.660286026755303,6.805285091856483,9051900
2023-08-14,6.679619312286377,6.727952488411652,6.650619775362674,6.718285668810865,7239000
2023-08-15,6.6602864265441895,6.7086196047922595,6.631286888346826,6.698952784766906,7166000
2023-08-16,6.63128662109375,6.747285691086924,6.621619801457987,6.727952512754729,10811000
2023-08-17,6.63128662109375,6.76661886941912,6.602286623125791,6.727952512754729,6461700
2023-08-18,6.621619701385498,6.660286057465525,6.544286989225444,6.65061969891518,7780500
2023-08-21,6.650619983673096,6.650619983673096,6.515287270659171,6.602286806033931,10777800
2023-08-22,6.698952674865723,6.747285852320853,6.631286779555751,6.718285853659907,8304800
2023-08-23,6.669952869415283,6.718285583991018,6.631286513378965,6.718285583991018,6777100
2023-08-24,6.611953258514404,6.6602859725284,6.592620080720942,6.6216196169414765,5446200
2023-08-25,6.573287010192871,6.621619724995578,6.5539538320839235,6.621619724995578,4924300
2023-08-28,6.650619983673096,6.669953162540893,6.544287269430539,6.573287268201907,8215300
2023-08-29,6.71828556060791,6.71828556060791,6.640952848804433,6.640952848804433,6497900
2023-08-30,6.727952480316162,6.77628565638328,6.708619302077181,6.766618836794125,6690100
2023-08-31,6.650619983673096,6.698952700372918,6.602286806033931,6.631286804805298,10727600
2023-09-01,6.698952674865723,6.727952673526669,6.660286317277356,6.679619496071539,8517800
2023-09-04,6.756952285766602,6.834285462735538,6.669953210702986,6.689286389710383,7185700
2023-09-05,6.669952869415283,6.776285578984817,6.669952869415283,6.737618762009177,8917300
2023-09-06,6.689286231994629,6.756952126455463,6.640953055146031,6.660286233697604,8074900
2023-09-08,6.6022868156433105,6.650619993352823,6.563620457851439,6.640953173435183,5458900
2023-09-11,6.669952869415283,6.698952405972859,6.5926201573426475,6.650619691397124,10638900
2023-09-12,6.592620372772217,6.679619446227171,6.58295355297759,6.669953087371882,12206000
2023-09-13,6.573287010192871,6.611953366410767,6.5539538320839235,6.6022865468866305,10136500
2023-09-14,6.669952869415283,6.776285578984817,6.5926201573426475,6.611953335360806,19000300
2023-09-15,6.708619594573975,6.7666191318197075,6.621620058235702,6.708619594573975,15652800
2023-09-18,6.573287010192871,6.718285615540319,6.573287010192871,6.708619256955507,10746800
2023-09-19,6.524953842163086,6.592620196094045,6.476620666363925,6.5732870179622465,18725600
2023-09-20,6.534620761871338,6.621619834328426,6.515287122503837,6.553953940299506,8243500
2023-09-21,6.360621929168701,6.486287824046344,6.321955570889326,6.476621004006826,19514800
2023-09-22,6.370288372039795,6.457287442547721,6.341288374577604,6.4282879060248534,9544200
2023-09-25,6.283288955688477,6.331622132031043,6.263955777339317,6.321955312386798,10403300
2023-09-26,6.254289150238037,6.33162232695477,6.23495597129369,6.254289150238037,12392300
2023-09-27,6.302622318267822,6.370288674937486,6.2736223194267255,6.283289139353539,9391500
2023-09-28,6.360621929168701,6.399288287448076,6.29295603264947,6.321955570889326,11033500
2023-09-29,6.418621063232422,6.447621060589227,6.399287885307659,6.399287885307659,8163500
2023-10-02,6.350955486297607,6.428288201836316,6.341288666385597,6.418621381924306,7661500
2023-10-03,6.273622035980225,6.408954743205128,6.24462249938869,6.321955211551879,8285900
2023-10-04,6.20595645904541,6.3026223541674335,6.20595645904541,6.263955996118624,7347300
2023-10-05,6.1286234855651855,6.22528937662755,6.099623487776812,6.205956198415077,9092800
2023-10-06,6.118956565856934,6.1286233852746435,6.051290673690246,6.089957029482444,8485900
2023-10-09,6.051290988922119,6.08029052680729,5.925625095581459,6.031957349079546,11315700
2023-10-10,6.089957237243652,6.157623131718787,6.060957238940497,6.089957237243652,9953700
2023-10-11,6.1286234855651855,6.1286234855651855,6.051290772715293,6.109290307352713,10195200
2023-10-13,6.051290988922119,6.147956883438264,6.051290988922119,6.109290525631805,7920400
2023-10-16,6.060957431793213,6.147956968531568,6.060957431793213,6.080290610964031,7338000
2023-10-17,5.993290901184082,6.0802904354105385,5.954624543958843,6.02229089957268,13122900
2023-10-18,5.973957538604736,6.031957072656511,5.94495800204851,5.954624360587478,14069900
2023-10-19,5.89662504196167,6.0126241143031045,5.8772918632380975,5.964291397963843,9302600
2023-10-20,5.751626014709473,5.886958727740746,5.722626476873731,5.848292370000195,13198700
2023-10-23,5.732292652130127,5.799959006477186,5.712959473879443,5.712959473879443,8850900
2023-10-24,5.77095890045166,5.838625253530275,5.741959364088911,5.799958897753729,10958300
2023-10-25,5.674293041229248,5.809625748107205,5.6452935047120585,5.790292109176649,11505800
2023-10-26,5.780625820159912,5.799958998383618,5.654959931236162,5.683959929041384,10199500
2023-10-27,6.0222907066345215,6.138289774593937,5.7902921097763675,5.799958929242647,27125500
2023-10-30,6.2929558753967285,6.379954948881654,6.031957272123938,6.080290449235049,24008400
2023-10-31,6.389621734619141,6.602286698707852,6.25428902380517,6.283289022105117,26240200
2023-11-01,6.515286922454834,6.602286453179972,6.341288321943875,6.457287388951181,16912200
2023-11-03,6.640953063964844,6.69895259969658,6.582953528233107,6.5926203479913985,12329900
2023-11-06,6.592620372772217,6.660286267577255,6.505620838377924,6.660286267577255,7334300
2023-11-07,6.582953453063965,6.592620272711872,6.505620739638026,6.553953915998903,7346600
2023-11-08,6.582953453063965,6.785952056276718,6.544287096350995,6.582953453063965,12481200
2023-11-09,6.4476213455200195,6.6506199531705255,6.418621346881658,6.611953595612271,12840900
2023-11-10,6.582953453063965,6.592620272711872,6.466954382925057,6.476620741633634,7695100
2023-11-13,6.544287204742432,6.602286740772517,6.515287206257719,6.5926203819038385,5292100
2023-11-14,6.834285259246826,6.834285259246826,6.544287121831121,6.544287121831121,16619300
2023-11-16,7.327281475067139,7.462613722895214,6.824618379337816,6.84395155759897,32588700
2023-11-17,7.346614837646484,7.46261391012369,7.191949407676876,7.298282121250652,15919800
2023-11-20,7.501280784606934,7.665612574707902,7.414281249129276,7.4432807869956,18121600
2023-11-21,7.520613670349121,7.655945917308605,7.365947784313241,7.501280492212052,12611400
2023-11-22,7.626945972442627,7.704278685526358,7.394947833191432,7.539946900693093,18022800
2023-11-23,7.501280784606934,7.713945752404232,7.501280784606934,7.626946216926575,8823000
2023-11-24,7.4432806968688965,7.5109470526365545,7.394947980697145,7.481947054182033,6578900
2023-11-27,7.5496134757995605,7.617279832157425,7.414281224023176,7.4529475816735715,9464600
2023-11-28,7.6076130867004395,7.626946265714774,7.491614012614433,7.520614011605608,7018100
2023-11-29,7.491613864898682,7.713945649649378,7.394947971733018,7.636612935116847,12619700
2023-11-30,7.597946643829346,7.665612539163236,7.481947110083899,7.5302802875561134,12679500
2023-12-01,7.945944309234619,8.110276559224387,7.578613451720946,7.597946630488017,21636700
2023-12-04,8.013609886169434,8.04260942269858,7.82027810617738,7.858944462175791,12060300
2023-12-05,7.984610557556152,8.10060962857195,7.878277384382669,8.013610094840434,7436900
2023-12-06,8.013609886169434,8.158608490693812,7.936277174172612,8.032943525107962,8876900
2023-12-07,8.0909423828125,8.17794191196295,7.994276956328705,8.061942847055223,15879200
2023-12-08,8.197275161743164,8.216608801424753,8.052276551645964,8.100609728971257,8137100
2023-12-11,8.216609001159668,8.28427489793274,8.11994264415925,8.148943104386596,8389700
2023-12-12,8.216609001159668,8.361607614781594,8.100609925886388,8.322941256357167,8503000
2023-12-13,8.303607940673828,8.400273368840864,8.11027616246112,8.216608410008451,11004500
2023-12-14,8.429274559020996,8.516274097241837,8.235942764018414,8.38094137980067,12420700
2023-12-15,8.535606384277344,8.690271812460157,8.448606850454844,8.458273670185937,18951200
2023-12-18,8.554940223693848,8.641938837671093,8.458273867880875,8.554940223693848,10822800
2023-12-19,8.564605712890625,8.60327206899411,8.496939820179186,8.50660663967472,6920600
2023-12-20,8.506607055664062,8.593606591621011,8.467940697669718,8.564606131716232,5003400
2023-12-21,8.825604438781738,8.835271258420521,8.54527312240767,8.564605839806575,16479900
2023-12-22,8.970602989196777,9.038269804362258,8.844937100322204,8.844937100322204,11045200
2023-12-26,9.009269714355469,9.038270174275585,8.893270640311083,9.009269714355469,5271400
2023-12-27,9.028603553771973,9.067269912641027,8.922270375473039,8.980270374715976,4396600
2023-12-28,8.980270385742188,9.009269924459907,8.893270847710317,8.989937205940999,7530100
2024-01-02,8.825604438781738,8.989936685126398,8.757938545067582,8.989936685126398,10367400
2024-01-03,8.777271270751953,8.825604447112829,8.651605380965137,8.806270807817015,9136100
2024-01-04,8.641938209533691,8.748271377574895,8.525939144116705,8.748271377574895,10181100
2024-01-05,8.62260627746582,8.680605354512279,8.487273561226237,8.603272637197863,10458400
2024-01-08,8.564605712890625,8.641938425097596,8.50660663967472,8.612938888489644,6237800
2024-01-09,8.34227466583252,8.554940092225705,8.33260784602404,8.525939632800263,11028500
2024-01-10,8.119942665100098,8.313275379599528,7.97494405110423,8.245608560773245,17215800
2024-01-11,8.235941886901855,8.255274603403848,7.994276938415937,8.11994190037543,11735500
2024-01-12,8.18760871887207,8.293940964408053,8.148942363960929,8.18760871887207,5225700
2024-01-15,8.255274772644043,8.255274772644043,8.081275711165894,8.129608886229672,3936400
2024-01-16,8.0909423828125,8.19727462850826,7.974943317904774,8.168275092750983,9780800
2024-01-17,8.013609886169434,8.148942593103193,8.00394306670017,8.052276242167844,8905300
2024-01-18,8.235941886901855,8.487272732699461,8.032943293298539,8.090942364683134,19477800
2024-01-19,8.216609001159668,8.477607611933577,8.197275361008103,8.303608538084305,13331900
2024-01-22,8.313275337219238,8.409940772097457,8.16827580208386,8.187609442186723,10867600
2024-01-23,8.351941108703613,8.506606531144278,8.322940650587011,8.371273825569379,9488900
2024-01-24,8.670939445495605,8.670939445495605,8.419607653596323,8.467940832327523,15918600
2024-01-25,8.728938102722168,8.738604922379302,8.574272675722675,8.690271745972295,9677700
2024-01-26,9.183268547058105,9.241268543508244,8.87393769100048,9.086602193600763,33917500
2024-01-29,8.989936828613281,9.221934972374981,8.835271399438815,9.221934972374981,10409400
2024-01-30,8.786937713623047,8.951269953076396,8.786937713623047,8.941603133842994,7991600
2024-01-31,8.8836030960083,8.989936263288074,8.72893767655985,8.748271314930214,10581600
2024-02-01,8.922269821166992,8.980269816806615,8.796604854058678,8.873937566992405,10043300
2024-02-02,8.786937713623047,8.989936308131384,8.757938177801462,8.92226949537619,9778400
2024-02-05,8.786937713623047,8.864270423733021,8.709605003513072,8.757938177801462,8194000
2024-02-06,8.912604331970215,8.960937510238818,8.796605257252784,8.806271155403547,10333900
2024-02-07,9.018936157226562,9.07693615276299,8.82560437523623,8.92226980529207,9450700
2024-02-08,9.086602210998535,9.144602207559725,8.96093724189352,9.018936316576038,16579800
2024-02-09,8.970602989196777,9.444267007840521,8.709605313748552,9.347600655820495,31510700
2024-02-14,9.047935485839844,9.047935485839844,8.806270533443579,8.912603702500261,10012000
2024-02-15,9.550599098205566,9.560265917622008,9.038269653556538,9.06726918992722,38116700
2024-02-16,9.772931098937988,9.946930173122812,9.502266589445034,9.569932486348597,20512700
2024-02-19,9.821264266967773,9.869597445509205,9.492599759140484,9.666598833138156,9529400
2024-02-20,9.985595703125,10.275593828745894,9.840597101253866,9.840597101253866,34748900
2024-02-21,10.004929542541504,10.033929079122121,9.647264596573097,9.937262728015202,15380400
2024-02-22,10.294926643371582,10.294926643371582,10.033928973145354,10.05326169003536,17155600
2024-02-23,10.343259811401367,10.343259811401367,10.16926167199474,10.304593455768936,12144400
2024-02-26,10.314260482788086,10.439926371592993,10.188594593983181,10.227260950394024,13929700
2024-02-27,10.478592872619629,10.55592558650859,10.401260158730667,10.43025969596936,8570200
2024-02-28,10.584924697875977,10.633257872581618,10.362593384860103,10.42059245700397,8237600
2024-02-29,10.700923919677734,10.75892391454379,10.47859260342825,10.526925778836855,14622100
2024-03-01,10.739590644836426,10.89425699583684,10.6332583927849,10.652592032364455,11327800
2024-03-04,10.343259811401367,10.720257470226562,10.27559391951427,10.720257470226562,12021100
2024-03-05,10.381926536560059,10.381926536560059,10.217594288803447,10.381926536560059,7822500
2024-03-06,10.391592979431152,10.546258401856988,10.294926629475688,10.381926160059878,8254200
2024-03-07,10.275594711303711,10.449593785996534,10.23692835269183,10.420593325628591,5519500
2024-03-08,10.497925758361816,10.517259398083176,10.03392946759339,10.178928077988854,9929700
2024-03-11,10.004929542541504,10.410926742184726,9.917930010921008,10.391593103211884,15490000
2024-03-12,9.869597434997559,10.178928302327341,9.821264256507604,10.053262407004942,12711700
2024-03-13,9.7535982131958,9.888930004679796,9.618265499833118,9.79226457103104,19986700
2024-03-14,9.550599098205566,9.743930877141178,9.482933206047763,9.695597701937615,8760600
2024-03-15,9.453932762145996,9.511932756854021,9.221934627071176,9.511932756854021,23134800
2024-03-18,9.598932266235352,9.666598158342586,9.434600023793237,9.463599560142246,19389000
2024-03-19,9.830930709838867,9.937262961047084,9.695597999491318,9.695597999491318,16666100
2024-03-20,10.033928871154785,10.033928871154785,9.724598029029801,9.850262992234105,5511100
2024-03-21,9.985595703125,10.091927949705255,9.927596631127997,10.082262052291506,3432900
2024-03-22,9.811596870422363,9.985595934197057,9.811596870422363,9.927596860857925,3701900
2024-03-25,9.637598991394043,9.898596672296206,9.627932171614306,9.763264882894592,5736100
2024-03-26,9.598932266235352,9.70526451410081,9.521599554718902,9.60859816376593,5871000
2024-03-27,9.705265045166016,9.782597760914056,9.502266435857736,9.608598689541619,6835100
2024-03-28,9.676265716552734,9.811597511100036,9.608598897400373,9.705265255115911,5689800
2024-04-01,9.7535982131958,9.86959728670152,9.685932317453803,9.734264573338837,6928200
2024-04-02,9.89859676361084,9.975929478804778,9.714931795494909,9.77293087095102,8852900
2024-04-03,9.830930709838867,10.014595674994634,9.734264356465093,9.859930247099532,10813900
2024-04-04,9.840597152709961,10.12092846050432,9.772930339188127,10.053261646982486,10542400
2024-04-05,9.589265823364258,9.859930324299913,9.550599466087736,9.850263504511114,8750000
2024-04-08,10.149928092956543,10.207928087685755,9.676265003202777,9.68593182263742,14644600
2024-04-09,10.294926643371582,10.372259354688882,10.140261220736981,10.323927101524546,12706800
2024-04-10,10.014595985412598,10.236928236312343,9.946930089080746,10.236928236312343,10022800
2024-04-11,9.927597045898438,10.043596116617458,9.763264798576827,10.043596116617458,6640800
2024-04-12,9.830930709838867,10.275594275976623,9.763264815604426,10.014595674994634,12382500
2024-04-15,9.879263877868652,10.11126201950801,9.72459845010908,9.927597054513186,12315800
2024-04-16,9.71493148803711,9.763264663973345,9.502266067044868,9.724598307600088,16819700
2024-04-17,9.589265823364258,9.898596681576436,9.444267214046969,9.888929861787636,12147700
2024-04-18,9.608598709106445,9.801931420748897,9.550599633116663,9.579599171111555,8771600
2024-04-19,9.985595703125,10.149927943580886,9.540932156340597,9.579598511631474,22939700
2024-04-22,10.217594146728516,10.323927318432867,9.792264225547077,9.985596007902277,17187500
2024-04-23,8.796605110168457,9.74393133212698,8.777271470432806,9.66659861694174,61356100
2024-04-24,8.467940330505371,8.92226978676982,8.255274909818162,8.844937074134227,40653300
2024-04-25,8.206941604614258,8.506606552763614,8.206941604614258,8.429273841346742,15514200
2024-04-26,8.199999809265137,8.399999618530273,8.109999656677246,8.390000343322754,20230400
2024-04-29,8.210000038146973,8.25,8.140000343322754,8.199999809265137,10833200
2024-04-30,7.909999847412109,8.170000076293945,7.900000095367432,8.170000076293945,13824600
2024-05-02,7.980000019073486,8.079999923706055,7.929999828338623,7.989999771118164,10997600
2024-05-03,8.0,8.130000114440918,7.989999771118164,8.029999732971191,13721000
2024-05-06,8.039999961853027,8.199999809265137,8.020000457763672,8.020000457763672,15486100
2024-05-07,8.010000228881836,8.109999656677246,7.960000038146973,8.050000190734863,9339100
2024-05-08,8.0600004196167,8.09000015258789,7.869999885559082,7.980000019073486,9310700
2024-05-09,8.0,8.079999923706055,7.960000038146973,7.960000038146973,9821500
2024-05-10,7.960000038146973,8.09000015258789,7.920000076293945,8.050000190734863,7288500
2024-05-13,7.980000019073486,8.0600004196167,7.940000057220459,8.0,8528100
2024-05-14,7.900000095367432,8.0600004196167,7.880000114440918,7.989999771118164,12524400
2024-05-15,7.929999828338623,7.949999809265137,7.739999771118164,7.869999885559082,10945300
2024-05-16,7.96999979019165,8.029999732971191,7.920000076293945,7.940000057220459,7423200
2024-05-17,7.960000038146973,8.029999732971191,7.920000076293945,7.96999979019165,12491200
2024-05-20,8.149999618530273,8.170000076293945,7.940000057220459,7.960000038146973,11108500
2024-05-21,8.289999961853027,8.380000114440918,8.15999984741211,8.1899995803833,12743200
2024-05-22,8.170000076293945,8.319999694824219,8.140000343322754,8.300000190734863,7384500
2024-05-23,8.029999732971191,8.149999618530273,7.96999979019165,8.130000114440918,5629600
2024-05-24,7.929999828338623,8.0,7.730000019073486,7.989999771118164,16325000
2024-05-27,8.010000228881836,8.029999732971191,7.849999904632568,7.909999847412109,4542200
2024-05-28,7.909999847412109,8.079999923706055,7.909999847412109,8.039999961853027,9109000
2024-05-29,7.769999980926514,7.900000095367432,7.760000228881836,7.889999866485596,9179300
2024-05-31,7.570000171661377,7.800000190734863,7.519999980926514,7.75,12459700
2024-06-03,7.579999923706055,7.639999866485596,7.46999979019165,7.579999923706055,9427700
2024-06-04,7.480000019073486,7.550000190734863,7.420000076293945,7.53000020980835,6079100
2024-06-05,7.289999961853027,7.53000020980835,7.25,7.480000019073486,10966600
2024-06-06,7.320000171661377,7.440000057220459,7.230000019073486,7.309999942779541,13577200
2024-06-07,7.179999828338623,7.28000020980835,7.090000152587891,7.260000228881836,9404000
2024-06-10,7.050000190734863,7.159999847412109,7.019999980926514,7.159999847412109,5101300
2024-06-11,7.130000114440918,7.130000114440918,7.0,7.019999980926514,7853000
2024-06-12,7.050000190734863,7.230000019073486,7.010000228881836,7.159999847412109,6931400
2024-06-13,7.159999847412109,7.179999828338623,7.0,7.039999961853027,6491900
2024-06-14,7.179999828338623,7.260000228881836,7.070000171661377,7.170000076293945,6493200
2024-06-17,7.099999904632568,7.179999828338623,7.070000171661377,7.110000133514404,4801500
2024-06-18,7.230000019073486,7.380000114440918,7.099999904632568,7.110000133514404,14084900
2024-06-19,7.340000152587891,7.340000152587891,7.099999904632568,7.199999809265137,6269200
2024-06-20,7.610000133514404,7.809999942779541,7.360000133514404,7.380000114440918,16758100
2024-06-21,7.539999961853027,7.599999904632568,7.460000038146973,7.559999942779541,8416200
2024-06-24,7.690000057220459,7.71999979019165,7.510000228881836,7.53000020980835,7079800
2024-06-25,7.539999961853027,7.789999961853027,7.539999961853027,7.699999809265137,7583900
2024-06-26,7.789999961853027,7.840000152587891,7.519999980926514,7.599999904632568,11726400
2024-06-27,8.0,8.010000228881836,7.78000020980835,7.849999904632568,9043700
2024-06-28,7.909999847412109,8.140000343322754,7.909999847412109,7.989999771118164,9087500
2024-07-01,7.869999885559082,8.020000457763672,7.809999942779541,7.960000038146973,8641800
2024-07-02,7.96999979019165,8.0,7.860000133514404,7.880000114440918,8034000
2024-07-03,7.989999771118164,8.140000343322754,7.989999771118164,8.069999694824219,6412200
2024-07-04,8.149999618530273,8.15999984741211,8.039999961853027,8.039999961853027,6025500
2024-07-05,7.989999771118164,8.210000038146973,7.889999866485596,8.149999618530273,8730900
2024-07-08,7.869999885559082,7.980000019073486,7.809999942779541,7.96999979019165,6611300
2024-07-09,8.020000457763672,8.020000457763672,7.840000152587891,7.849999904632568,5059900
2024-07-10,7.920000076293945,8.050000190734863,7.869999885559082,8.010000228881836,7950100
2024-07-11,8.0,8.020000457763672,7.940000057220459,7.960000038146973,8336800
2024-07-12,8.0600004196167,8.069999694824219,7.929999828338623,8.0,5539500
2024-07-15,8.170000076293945,8.1899995803833,7.949999809265137,8.050000190734863,8722400
2024-07-16,8.140000343322754,8.199999809265137,8.029999732971191,8.119999885559082,7939000
2024-07-17,8.550000190734863,8.550000190734863,8.039999961853027,8.039999961853027,15980700
2024-07-18,8.399999618530273,8.699999809265137,8.369999885559082,8.550000190734863,12097900
2024-07-19,8.529999732971191,8.529999732971191,8.279999732971191,8.329999923706055,11468500
2024-07-22,8.5600004196167,8.609999656677246,8.399999618530273,8.59000015258789,5545300
2024-07-23,8.289999961853027,8.529999732971191,8.210000038146973,8.489999771118164,11073200
2024-07-24,8.109999656677246,8.359999656677246,8.0600004196167,8.289999961853027,10082400
2024-07-25,8.279999732971191,8.350000381469727,8.0600004196167,8.069999694824219,11250000
2024-07-26,6.329999923706055,7.349999904632568,6.300000190734863,7.300000190734863,112126500
2024-07-29,6.050000190734863,6.5,5.980000019073486,6.369999885559082,65303000
2024-07-30,6.329999923706055,6.369999885559082,5.909999847412109,5.989999771118164,48880200
2024-07-31,6.21999979019165,6.380000114440918,6.199999809265137,6.349999904632568,20686400
2024-08-01,6.130000114440918,6.269999980926514,6.070000171661377,6.25,18984400
2024-08-02,5.940000057220459,6.199999809265137,5.929999828338623,6.119999885559082,21857000
2024-08-05,5.809999942779541,5.869999885559082,5.650000095367432,5.699999809265137,21005800
2024-08-06,5.769999980926514,5.909999847412109,5.699999809265137,5.849999904632568,18582100
2024-08-07,5.730000019073486,5.849999904632568,5.710000038146973,5.829999923706055,12582400
2024-08-08,5.829999923706055,5.869999885559082,5.730000019073486,5.730000019073486,11844800
2024-08-09,5.949999809265137,5.960000038146973,5.809999942779541,5.860000133514404,12777000
2024-08-12,6.059999942779541,6.150000095367432,5.949999809265137,5.989999771118164,17681200
2024-08-13,6.25,6.300000190734863,6.099999904632568,6.150000095367432,19206700
2024-08-14,6.090000152587891,6.269999980926514,6.079999923706055,6.230000019073486,13279000
2024-08-15,6.179999828338623,6.199999809265137,6.059999942779541,6.099999904632568,11036800
2024-08-16,6.079999923706055,6.21999979019165,6.079999923706055,6.179999828338623,10330400
2024-08-19,6.5,6.539999961853027,6.099999904632568,6.119999885559082,26616200
2024-08-20,6.449999809265137,6.53000020980835,6.380000114440918,6.53000020980835,15604500
2024-08-21,6.639999866485596,6.739999771118164,6.539999961853027,6.559999942779541,24864600
2024-08-22,6.409999847412109,6.699999809265137,6.380000114440918,6.650000095367432,15307100
2024-08-23,6.579999923706055,6.639999866485596,6.360000133514404,6.429999828338623,14395000
2024-08-26,6.599999904632568,6.690000057220459,6.460000038146973,6.659999847412109,12625300
2024-08-27,6.460000038146973,6.659999847412109,6.460000038146973,6.619999885559082,11763900
2024-08-28,6.239999771118164,6.429999828338623,6.190000057220459,6.429999828338623,17732500
2024-08-29,6.230000019073486,6.28000020980835,6.190000057220459,6.21999979019165,9967700
2024-08-30,6.230000019073486,6.289999961853027,6.170000076293945,6.199999809265137,12015600
2024-09-02,6.159999847412109,6.210000038146973,6.150000095367432,6.190000057220459,6460300
2024-09-03,5.960000038146973,6.159999847412109,5.940000057220459,6.130000114440918,22110700
2024-09-04,6.079999923706055,6.130000114440918,5.960000038146973,5.989999771118164,12012500
2024-09-05,6.079999923706055,6.21999979019165,6.019999980926514,6.059999942779541,10259500
2024-09-06,5.989999771118164,6.099999904632568,5.940000057220459,6.079999923706055,11583600
2024-09-09,5.840000152587891,6.039999961853027,5.829999923706055,6.03000020980835,10573900
2024-09-10,5.769999980926514,5.860000133514404,5.760000228881836,5.829999923706055,10307400
2024-09-11,5.909999847412109,5.960000038146973,5.809999942779541,5.809999942779541,11493700
2024-09-12,5.909999847412109,5.980000019073486,5.860000133514404,5.929999828338623,11024900
2024-09-13,6.170000076293945,6.179999828338623,5.909999847412109,5.929999828338623,15106700
2024-09-16,6.050000190734863,6.179999828338623,6.03000020980835,6.179999828338623,10527900
2024-09-17,6.090000152587891,6.119999885559082,6.03000020980835,6.050000190734863,6086500
2024-09-18,6.260000228881836,6.400000095367432,6.039999961853027,6.050000190734863,22010100
2024-09-19,6.230000019073486,6.440000057220459,6.210000038146973,6.309999942779541,12678100
2024-09-20,5.880000114440918,6.159999847412109,5.829999923706055,6.139999866485596,18154100
2024-09-23,5.599999904632568,5.670000076293945,5.420000076293945,5.670000076293945,31887600
2024-09-24,6.03000020980835,6.039999961853027,5.71999979019165,5.78000020980835,31398400
2024-09-25,6.039999961853027,6.179999828338623,5.949999809265137,6.079999923706055,19218200
2024-09-26,6.380000114440918,6.389999866485596,6.179999828338623,6.199999809265137,20384700
2024-09-27,6.239999771118164,6.400000095367432,6.210000038146973,6.400000095367432,12234900
2024-09-30,6.239999771118164,6.340000152587891,6.159999847412109,6.329999923706055,12370600
2024-10-01,6.239999771118164,6.329999923706055,6.159999847412109,6.199999809265137,8161400
2024-10-02,6.309999942779541,6.389999866485596,6.300000190734863,6.309999942779541,14514000
2024-10-03,6.110000133514404,6.239999771118164,6.090000152587891,6.230000019073486,9620900
2024-10-04,6.210000038146973,6.210000038146973,6.070000171661377,6.090000152587891,12257700
2024-10-07,6.28000020980835,6.340000152587891,6.170000076293945,6.25,8533300
2024-10-08,6.019999980926514,6.059999942779541,5.960000038146973,5.989999771118164,21941200
2024-10-09,6.289999961853027,6.489999771118164,6.170000076293945,6.199999809265137,30687900
2024-10-10,6.230000019073486,6.429999828338623,6.150000095367432,6.320000171661377,13679300
2024-10-11,6.25,6.269999980926514,6.170000076293945,6.269999980926514,8909300
2024-10-14,6.269999980926514,6.320000171661377,6.190000057220459,6.260000228881836,8452500
2024-10-15,6.119999885559082,6.289999961853027,6.119999885559082,6.25,9274300
2024-10-16,6.170000076293945,6.210000038146973,6.099999904632568,6.139999866485596,10708400
2024-10-17,6.070000171661377,6.110000133514404,5.989999771118164,6.090000152587891,13650500
2024-10-18,6.119999885559082,6.260000228881836,6.090000152587891,6.119999885559082,14697500
2024-10-21,6.269999980926514,6.320000171661377,6.150000095367432,6.150000095367432,12582500
2024-10-22,6.150000095367432,6.289999961853027,6.139999866485596,6.210000038146973,8663700
2024-10-23,6.269999980926514,6.309999942779541,6.099999904632568,6.099999904632568,12053000
2024-10-24,6.369999885559082,6.369999885559082,6.210000038146973,6.25,17568900
2024-10-25,6.639999866485596,6.860000133514404,6.570000171661377,6.630000114440918,46622000
2024-10-28,6.630000114440918,6.75,6.610000133514404,6.739999771118164,10933700
2024-10-29,6.429999828338623,6.619999885559082,6.389999866485596,6.610000133514404,15005600
2024-10-30,6.570000171661377,6.619999885559082,6.389999866485596,6.429999828338623,10583600
2024-10-31,6.610000133514404,6.650000095367432,6.519999980926514,6.550000190734863,8977900
2024-11-01,6.320000171661377,6.590000152587891,6.25,6.579999923706055,13517100
2024-11-04,6.559999942779541,6.630000114440918,6.369999885559082,6.400000095367432,11035200
2024-11-05,6.659999847412109,6.690000057220459,6.550000190734863,6.619999885559082,7345800
2024-11-06,6.619999885559082,6.670000076293945,6.420000076293945,6.559999942779541,12673900
2024-11-07,6.650000095367432,6.71999979019165,6.550000190734863,6.619999885559082,15586500
2024-11-08,6.25,6.46999979019165,6.190000057220459,6.460000038146973,20574400
2024-11-11,6.090000152587891,6.239999771118164,5.96999979019165,6.199999809265137,17063900
2024-11-12,6.0,6.090000152587891,5.900000095367432,6.050000190734863,16816000
2024-11-13,6.090000152587891,6.119999885559082,5.96999979019165,6.0,17476200
2024-11-14,6.099999904632568,6.130000114440918,6.03000020980835,6.059999942779541,11711300
2024-11-18,6.199999809265137,6.269999980926514,6.039999961853027,6.099999904632568,12020200
2024-11-19,6.210000038146973,6.230000019073486,6.090000152587891,6.230000019073486,6062300
2024-11-21,6.050000190734863,6.150000095367432,5.989999771118164,6.150000095367432,11966200
2024-11-22,6.179999828338623,6.179999828338623,6.050000190734863,6.070000171661377,6962800
2024-11-25,6.25,6.28000020980835,6.119999885559082,6.179999828338623,7903800
2024-11-26,6.239999771118164,6.320000171661377,6.210000038146973,6.260000228881836,5889500
2024-11-27,6.360000133514404,6.440000057220459,6.170000076293945,6.25,14574000
2024-11-28,6.059999942779541,6.329999923706055,6.050000190734863,6.309999942779541,10065300
2024-11-29,6.139999866485596,6.230000019073486,6.03000020980835,6.050000190734863,11814200
2024-12-02,6.170000076293945,6.21999979019165,6.050000190734863,6.150000095367432,8202300
2024-12-03,6.079999923706055,6.25,6.050000190734863,6.179999828338623,12423100
2024-12-04,6.070000171661377,6.159999847412109,6.03000020980835,6.079999923706055,6622700
2024-12-05,6.159999847412109,6.190000057220459,6.099999904632568,6.119999885559082,6750400
2024-12-06,5.980000019073486,6.150000095367432,5.96999979019165,6.110000133514404,10519800
2024-12-09,6.119999885559082,6.25,6.079999923706055,6.119999885559082,11396400
2024-12-10,6.119999885559082,6.190000057220459,6.099999904632568,6.190000057220459,5378200
2024-12-11,6.130000114440918,6.230000019073486,6.010000228881836,6.119999885559082,10671300
2024-12-12,5.960000038146973,6.110000133514404,5.909999847412109,6.099999904632568,13046300
2024-12-13,5.860000133514404,6.03000020980835,5.860000133514404,5.909999847412109,8604900
2024-12-16,5.829999923706055,5.96999979019165,5.829999923706055,5.869999885559082,8726500
2024-12-17,5.78000020980835,5.889999866485596,5.559999942779541,5.789999961853027,21623700
2024-12-18,5.550000190734863,5.75,5.480000019073486,5.75,20519800
2024-12-19,5.519999980926514,5.630000114440918,5.519999980926514,5.559999942779541,14863200
2024-12-20,5.429999828338623,5.579999923706055,5.360000133514404,5.510000228881836,22015500
2024-12-23,5.239999771118164,5.429999828338623,5.239999771118164,5.409999847412109,14829900
2024-12-26,5.289999961853027,5.340000152587891,5.190000057220459,5.340000152587891,13227200
2024-12-27,5.289999961853027,5.340000152587891,5.210000038146973,5.300000190734863,10657800
2024-12-30,5.320000171661377,5.349999904632568,5.269999980926514,5.320000171661377,8864900
2025-01-02,5.159999847412109,5.340000152587891,5.159999847412109,5.340000152587891,11225600
2025-01-03,4.849999904632568,5.159999847412109,4.849999904632568,5.159999847412109,18758900
2025-01-06,5.090000152587891,5.090000152587891,4.869999885559082,4.900000095367432,15628800
2025-01-07,5.079999923706055,5.150000095367432,5.019999980926514,5.099999904632568,13075100
2025-01-08,4.880000114440918,5.039999961853027,4.869999885559082,5.039999961853027,10505000
2025-01-09,4.789999961853027,4.860000133514404,4.739999771118164,4.840000152587891,9001100
2025-01-10,4.760000228881836,4.829999923706055,4.679999828338623,4.809999942779541,12552300
2025-01-13,4.75,4.929999828338623,4.71999979019165,4.800000190734863,11158600
2025-01-14,4.679999828338623,4.809999942779541,4.679999828338623,4.800000190734863,8290900
2025-01-15,4.949999809265137,4.980000019073486,4.699999809265137,4.71999979019165,14574800
2025-01-16,4.840000152587891,4.949999809265137,4.820000171661377,4.949999809265137,11157000
2025-01-17,5.010000228881836,5.099999904632568,4.829999923706055,4.860000133514404,15800600
2025-01-20,5.039999961853027,5.070000171661377,4.940000057220459,5.010000228881836,7166400
2025-01-21,5.309999942779541,5.309999942779541,5.010000228881836,5.03000020980835,13036300
2025-01-22,5.21999979019165,5.449999809265137,5.21999979019165,5.28000020980835,15837900
2025-01-23,5.150000095367432,5.349999904632568,5.090000152587891,5.269999980926514,14352300
2025-01-24,5.230000019073486,5.360000133514404,5.179999828338623,5.190000057220459,15514400
2025-01-27,5.409999847412109,5.429999828338623,5.150000095367432,5.230000019073486,10895000
2025-01-28,5.329999923706055,5.46999979019165,5.289999961853027,5.409999847412109,11737500
2025-01-29,5.400000095367432,5.429999828338623,5.309999942779541,5.400000095367432,10531400
2025-01-30,5.639999866485596,5.670000076293945,5.400000095367432,5.400000095367432,16263600
2025-01-31,5.510000228881836,5.659999847412109,5.440000057220459,5.650000095367432,12324200
2025-02-03,5.53000020980835,5.550000190734863,5.420000076293945,5.460000038146973,10586700
2025-02-04,5.480000019073486,5.53000020980835,5.440000057220459,5.519999980926514,7528900
2025-02-05,5.5,5.570000171661377,5.380000114440918,5.480000019073486,11348900
2025-02-06,5.599999904632568,5.670000076293945,5.5,5.519999980926514,9321600
2025-02-07,5.599999904632568,5.690000057220459,5.579999923706055,5.639999866485596,9236900
2025-02-10,5.71999979019165,5.769999980926514,5.409999847412109,5.420000076293945,12512500
2025-02-11,5.920000076293945,5.960000038146973,5.579999923706055,5.590000152587891,16069500
2025-02-12,5.679999828338623,5.889999866485596,5.679999828338623,5.860000133514404,17277800
2025-02-13,5.869999885559082,5.900000095367432,5.639999866485596,5.670000076293945,11446000
2025-02-14,5.980000019073486,5.980000019073486,5.710000038146973,5.800000190734863,22419200
2025-02-17,5.949999809265137,6.090000152587891,5.909999847412109,5.909999847412109,10402000
2025-02-18,6.039999961853027,6.179999828338623,5.980000019073486,5.980000019073486,12826700
2025-02-19,6.070000171661377,6.269999980926514,6.039999961853027,6.130000114440918,21090100
2025-02-20,6.130000114440918,6.199999809265137,6.050000190734863,6.139999866485596,12252100
2025-02-21,5.980000019073486,6.159999847412109,5.96999979019165,6.130000114440918,10490200
2025-02-24,5.820000171661377,6.050000190734863,5.820000171661377,6.039999961853027,9261500
2025-02-25,5.909999847412109,5.929999828338623,5.789999961853027,5.800000190734863,7812400
2025-02-26,5.96999979019165,6.019999980926514,5.880000114440918,5.949999809265137,8163700
2025-02-27,5.960000038146973,6.070000171661377,5.920000076293945,5.920000076293945,6353900
2025-02-28,5.710000038146973,5.949999809265137,5.659999847412109,5.909999847412109,10469100
2025-03-05,5.849999904632568,5.889999866485596,5.699999809265137,5.710000038146973,6760700
2025-03-06,5.920000076293945,5.989999771118164,5.820000171661377,5.869999885559082,10857900
2025-03-07,6.019999980926514,6.050000190734863,5.800000190734863,5.900000095367432,11715800
2025-03-10,5.960000038146973,6.010000228881836,5.860000133514404,5.940000057220459,7297900
2025-03-11,5.880000114440918,6.010000228881836,5.760000228881836,5.960000038146973,8013700
2025-03-12,5.860000133514404,5.900000095367432,5.739999771118164,5.829999923706055,8076400
2025-03-13,5.650000095367432,5.949999809265137,5.650000095367432,5.860000133514404,17105100
2025-03-14,5.880000114440918,5.920000076293945,5.710000038146973,5.730000019073486,18908200
2025-03-17,5.869999885559082,5.909999847412109,5.820000171661377,5.860000133514404,8080800
2025-03-18,5.840000152587891,5.920000076293945,5.75,5.849999904632568,10325400
2025-03-19,5.940000057220459,5.989999771118164,5.800000190734863,5.840000152587891,11928600
2025-03-20,5.889999866485596,5.960000038146973,5.849999904632568,5.889999866485596,6691100
2025-03-21,5.789999961853027,5.909999847412109,5.789999961853027,5.829999923706055,8242200
2025-03-24,5.869999885559082,6.0,5.820000171661377,5.860000133514404,10931900
2025-03-25,5.900000095367432,5.980000019073486,5.860000133514404,5.880000114440918,7655700
2025-03-26,5.929999828338623,5.949999809265137,5.880000114440918,5.889999866485596,5440000
2025-03-27,5.949999809265137,6.03000020980835,5.880000114440918,5.989999771118164,8196600
2025-03-28,5.71999979019165,5.949999809265137,5.659999847412109,5.949999809265137,15263300
2025-03-31,5.679999828338623,5.71999979019165,5.579999923706055,5.679999828338623,8639000
2025-04-01,5.900000095367432,6.0,5.679999828338623,5.730000019073486,14280600
2025-04-02,5.820000171661377,5.920000076293945,5.75,5.909999847412109,8101600
2025-04-03,5.760000228881836,5.809999942779541,5.699999809265137,5.760000228881836,10549900
2025-04-04,5.349999904632568,5.639999866485596,5.329999923706055,5.630000114440918,19770000
2025-04-07,5.360000133514404,5.489999771118164,5.119999885559082,5.139999866485596,16937200
2025-04-08,5.110000133514404,5.460000038146973,5.070000171661377,5.460000038146973,12899200
2025-04-09,5.46999979019165,5.510000228881836,5.019999980926514,5.050000190734863,25063100
2025-04-10,5.329999923706055,5.480000019073486,5.239999771118164,5.480000019073486,16133200
2025-04-11,5.420000076293945,5.46999979019165,5.320000171661377,5.369999885559082,9609100
2025-04-14,5.599999904632568,5.610000133514404,5.460000038146973,5.489999771118164,11260900
2025-04-15,5.460000038146973,5.699999809265137,5.460000038146973,5.590000152587891,8854100
2025-04-16,5.579999923706055,5.630000114440918,5.400000095367432,5.420000076293945,14253400
2025-04-17,5.670000076293945,5.699999809265137,5.559999942779541,5.590000152587891,9102900
2025-04-22,5.710000038146973,5.789999961853027,5.619999885559082,5.670000076293945,8986500
2025-04-23,6.070000171661377,6.110000133514404,5.829999923706055,5.829999923706055,19119500
2025-04-24,5.809999942779541,6.25,5.670000076293945,6.150000095367432,48473400
2025-04-25,5.730000019073486,5.900000095367432,5.690000057220459,5.829999923706055,17748600
2025-04-28,5.75,5.789999961853027,5.670000076293945,5.730000019073486,9843500
2025-04-29,5.730000019073486,5.820000171661377,5.699999809265137,5.75,10782500
2025-04-30,5.53000020980835,5.699999809265137,5.5,5.690000057220459,12734800
2025-05-02,5.519999980926514,5.559999942779541,5.440000057220459,5.539999961853027,10282700
2025-05-05,5.420000076293945,5.590000152587891,5.389999866485596,5.539999961853027,6547000
2025-05-06,5.420000076293945,5.539999961853027,5.389999866485596,5.449999809265137,5516600
2025-05-07,5.460000038146973,5.489999771118164,5.369999885559082,5.440000057220459,9626000
2025-05-08,5.599999904632568,5.690000057220459,5.510000228881836,5.519999980926514,10879500
2025-05-09,5.380000114440918,5.639999866485596,5.269999980926514,5.639999866485596,17467500
2025-05-12,5.440000057220459,5.599999904632568,5.420000076293945,5.550000190734863,9096600
2025-05-13,5.539999961853027,5.610000133514404,5.420000076293945,5.429999828338623,10185300
2025-05-14,5.5,5.570000171661377,5.449999809265137,5.559999942779541,8564600
2025-05-15,5.550000190734863,5.590000152587891,5.480000019073486,5.5,6453500
2025-05-16,5.510000228881836,5.539999961853027,5.460000038146973,5.480000019073486,8745900
2025-05-19,5.489999771118164,5.559999942779541,5.460000038146973,5.5,5651500
2025-05-20,5.449999809265137,5.519999980926514,5.400000095367432,5.519999980926514,7252600
2025-05-21,5.329999923706055,5.460000038146973,5.320000171661377,5.460000038146973,9063800
2025-05-22,5.239999771118164,5.360000133514404,5.21999979019165,5.340000152587891,9127700
2025-05-23,5.329999923706055,5.349999904632568,5.150000095367432,5.199999809265137,10488100
2025-05-26,5.349999904632568,5.369999885559082,5.309999942779541,5.349999904632568,3473100
2025-05-27,5.570000171661377,5.630000114440918,5.349999904632568,5.349999904632568,17178500
2025-05-28,5.309999942779541,5.590000152587891,5.28000020980835,5.570000171661377,16515100
2025-05-29,5.230000019073486,5.380000114440918,5.21999979019165,5.329999923706055,9761000
2025-05-30,5.199999809265137,5.269999980926514,5.119999885559082,5.230000019073486,10199100
2025-06-02,5.179999828338623,5.300000190734863,5.170000076293945,5.230000019073486,8858100
2025-06-03,5.28000020980835,5.300000190734863,5.170000076293945,5.179999828338623,6257700
2025-06-04,5.21999979019165,5.349999904632568,5.170000076293945,5.289999961853027,7634300
2025-06-05,5.170000076293945,5.28000020980835,5.130000114440918,5.25,9921000
2025-06-06,5.179999828338623,5.210000038146973,5.139999866485596,5.190000057220459,5590600
2025-06-09,5.25,5.269999980926514,5.099999904632568,5.159999847412109,8198100
2025-06-10,5.170000076293945,5.300000190734863,5.119999885559082,5.28000020980835,13617800
2025-06-11,5.170000076293945,5.179999828338623,5.090000152587891,5.170000076293945,11605000
2025-06-12,5.070000171661377,5.159999847412109,5.0,5.150000095367432,16892300
2025-06-13,4.769999980926514,5.019999980926514,4.769999980926514,5.010000228881836,31778500
2025-06-16,4.929999828338623,4.940000057220459,4.809999942779541,4.820000171661377,9681900
2025-06-17,4.590000152587891,4.820000171661377,4.579999923706055,4.809999942779541,42814200
2025-06-18,4.539999961853027,4.670000076293945,4.53000020980835,4.610000133514404,17358100
2025-06-20,4.400000095367432,4.559999942779541,4.389999866485596,4.539999961853027,17337100
2025-06-23,4.349999904632568,4.420000076293945,4.239999771118164,4.420000076293945,21072900
2025-06-24,4.199999809265137,4.389999866485596,4.179999828338623,4.369999885559082,22006500
2025-06-25,4.019999980926514,4.159999847412109,4.0,4.119999885559082,29335100
2025-06-26,4.139999866485596,4.159999847412109,4.03000020980835,4.099999904632568,22193000
2025-06-27,4.150000095367432,4.190000057220459,4.110000133514404,4.170000076293945,12170400
2025-06-30,4.119999885559082,4.159999847412109,4.090000152587891,4.150000095367432,13201600
2025-07-01,4.099999904632568,4.150000095367432,4.090000152587891,4.099999904632568,11199700
2025-07-02,4.320000171661377,4.360000133514404,4.110000133514404,4.119999885559082,23336400
2025-07-03,4.409999847412109,4.460000038146973,4.289999961853027,4.340000152587891,12749200
2025-07-04,4.46999979019165,4.489999771118164,4.369999885559082,4.400000095367432,6732400
2025-07-07,4.389999866485596,4.480000019073486,4.360000133514404,4.480000019073486,8067400
2025-07-08,4.380000114440918,4.420000076293945,4.349999904632568,4.420000076293945,7879800
2025-07-09,4.239999771118164,4.400000095367432,4.239999771118164,4.400000095367432,8082700
2025-07-10,4.320000171661377,4.400000095367432,4.170000076293945,4.190000057220459,22428100
2025-07-11,4.289999961853027,4.320000171661377,4.230000019073486,4.300000190734863,7248400
2025-07-14,4.21999979019165,4.28000020980835,4.190000057220459,4.269999980926514,7541600
2025-07-15,4.199999809265137,4.239999771118164,4.139999866485596,4.210000038146973,12464700
2025-07-16,4.010000228881836,4.099999904632568,3.9800000190734863,4.070000171661377,24235000
2025-07-17,4.03000020980835,4.110000133514404,4.0,4.010000228881836,11037200
2025-07-18,3.9200000762939453,4.019999980926514,3.9000000953674316,4.010000228881836,15718200
2025-07-21,4.010000228881836,4.079999923706055,3.930000066757202,3.950000047683716,12587900
2025-07-22,4.25,4.369999885559082,4.059999942779541,4.059999942779541,29209700
2025-07-23,4.360000133514404,4.400000095367432,4.190000057220459,4.239999771118164,16457200
2025-07-24,4.28000020980835,4.360000133514404,4.260000228881836,4.300000190734863,8258400
2025-07-25,4.199999809265137,4.28000020980835,4.139999866485596,4.28000020980835,22658000
2025-07-28,4.170000076293945,4.210000038146973,4.110000133514404,4.159999847412109,13833800
2025-07-29,4.199999809265137,4.230000019073486,4.139999866485596,4.210000038146973,13417300
2025-07-30,4.139999866485596,4.210000038146973,4.099999904632568,4.170000076293945,17296200
2025-07-31,4.380000114440918,4.429999828338623,4.050000190734863,4.130000114440918,38212200
2025-08-01,4.389999866485596,4.449999809265137,4.329999923706055,4.449999809265137,19730600
2025-08-04,4.389999866485596,4.449999809265137,4.320000171661377,4.429999828338623,10055300
2025-08-05,4.28000020980835,4.440000057220459,4.260000228881836,4.389999866485596,14057900
2025-08-06,4.380000114440918,4.599999904632568,4.300000190734863,4.320000171661377,24466900
2025-08-07,4.440000057220459,4.46999979019165,4.389999866485596,4.409999847412109,9588300
2025-08-08,4.420000076293945,4.510000228881836,4.380000114440918,4.460000038146973,10628800
2025-08-11,4.360000133514404,4.460000038146973,4.360000133514404,4.449999809265137,6500100
2025-08-12,4.389999866485596,4.449999809265137,4.389999866485596,4.409999847412109,7505000
2025-08-13,4.309999942779541,4.400000095367432,4.269999980926514,4.400000095367432,9384600
2025-08-14,4.0,4.28000020980835,3.990000009536743,4.260000228881836,26539500
2025-08-15,4.0,4.039999961853027,3.9600000381469727,4.010000228881836,14607700
2025-08-18,4.110000133514404,4.130000114440918,4.010000228881836,4.010000228881836,9707600
2025-08-19,4.019999980926514,4.119999885559082,4.010000228881836,4.099999904632568,13588400
2025-08-20,3.9700000286102295,4.050000190734863,3.9700000286102295,4.03000020980835,8324300
2025-08-21,4.0,4.03000020980835,3.9200000762939453,3.9700000286102295,6315900
2025-08-22,4.159999847412109,4.159999847412109,3.990000009536743,4.019999980926514,11463200
2025-08-25,4.190000057220459,4.25,4.139999866485596,4.199999809265137,10304800
2025-08-26,4.179999828338623,4.199999809265137,4.119999885559082,4.159999847412109,8071600
2025-08-27,4.210000038146973,4.300000190734863,4.130000114440918,4.159999847412109,16763900
2025-08-28,4.429999828338623,4.539999961853027,4.289999961853027,4.300000190734863,22225600
2025-08-29,4.369999885559082,4.489999771118164,4.329999923706055,4.429999828338623,13864800
2025-09-01,4.360000133514404,4.369999885559082,4.269999980926514,4.349999904632568,8487800
2025-09-02,4.320000171661377,4.329999923706055,4.269999980926514,4.300000190734863,7400100
2025-09-03,4.300000190734863,4.380000114440918,4.289999961853027,4.349999904632568,4439100
2025-09-04,4.409999847412109,4.409999847412109,4.28000020980835,4.28000020980835,7614200
2025-09-05,4.519999980926514,4.539999961853027,4.420000076293945,4.449999809265137,8655300
2025-09-08,4.599999904632568,4.760000228881836,4.570000171661377,4.659999847412109,24237700
2025-09-09,4.510000228881836,4.78000020980835,4.510000228881836,4.630000114440918,13519400
2025-09-10,4.46999979019165,4.570000171661377,4.460000038146973,4.519999980926514,7108200
2025-09-11,4.539999961853027,4.539999961853027,4.449999809265137,4.480000019073486,5083000
2025-09-12,4.519999980926514,4.550000190734863,4.46999979019165,4.539999961853027,6683700
2025-09-15,4.53000020980835,4.559999942779541,4.46999979019165,4.539999961853027,5813800
2025-09-16,4.590000152587891,4.619999885559082,4.5,4.559999942779541,9308000
2025-09-17,4.630000114440918,4.659999847412109,4.53000020980835,4.590000152587891,11471200
2025-09-18,4.380000114440918,4.639999866485596,4.380000114440918,4.619999885559082,20918100
2025-09-19,4.5,4.539999961853027,4.340000152587891,4.420000076293945,26570200
2025-09-22,4.440000057220459,4.480000019073486,4.380000114440918,4.480000019073486,10226800
2025-09-23,4.440000057220459,4.489999771118164,4.409999847412109,4.420000076293945,8029200
2025-09-24,4.449999809265137,4.480000019073486,4.400000095367432,4.420000076293945,6442200
2025-09-25,4.420000076293945,4.489999771118164,4.400000095367432,4.449999809265137,12239000
2025-09-26,4.400000095367432,4.46999979019165,4.400000095367432,4.46999979019165,6708800
2025-09-29,4.389999866485596,4.489999771118164,4.389999866485596,4.429999828338623,6906000
2025-09-30,4.230000019073486,4.440000057220459,4.210000038146973,4.429999828338623,12193600
2025-10-01,4.389999866485596,4.389999866485596,4.239999771118164,4.25,12177700
2025-10-02,4.369999885559082,4.400000095367432,4.289999961853027,4.369999885559082,6214200
2025-10-03,4.429999828338623,4.429999828338623,4.340000152587891,4.369999885559082,6895600
2025-10-06,4.579999923706055,4.590000152587891,4.429999828338623,4.429999828338623,12197900
2025-10-07,4.420000076293945,4.559999942779541,4.360000133514404,4.519999980926514,10093400
2025-10-08,4.420000076293945,4.480000019073486,4.400000095367432,4.429999828338623,6301300
2025-10-09,4.389999866485596,4.480000019073486,4.369999885559082,4.429999828338623,5338600
2025-10-10,4.25,4.420000076293945,4.25,4.409999847412109,10883900
2025-10-13,4.519999980926514,4.539999961853027,4.309999942779541,4.309999942779541,18589800
2025-10-14,4.650000095367432,4.679999828338623,4.409999847412109,4.460000038146973,25494000
2025-10-15,4.75,4.800000190734863,4.570000171661377,4.619999885559082,20976700
2025-10-16,4.789999961853027,4.789999961853027,4.670000076293945,4.710000038146973,13497200
2025-10-17,4.860000133514404,4.889999866485596,4.71999979019165,4.739999771118164,17327700
2025-10-20,4.860000133514404,4.909999847412109,4.800000190734863,4.829999923706055,14420200
2025-10-21,4.960000038146973,5.099999904632568,4.809999942779541,4.849999904632568,22634300
2025-10-22,4.940000057220459,5.079999923706055,4.940000057220459,5.0,11455000
2025-10-23,4.96999979019165,5.079999923706055,4.940000057220459,5.010000228881836,14212000
2025-10-24,4.940000057220459,5.050000190734863,4.559999942779541,5.039999961853027,65241300
2025-10-27,5.460000038146973,5.460000038146973,4.960000038146973,4.96999979019165,39714400
2025-10-28,5.489999771118164,5.630000114440918,5.380000114440918,5.409999847412109,17836500
2025-10-29,5.449999809265137,5.559999942779541,5.340000152587891,5.539999961853027,16512300
2025-10-30,5.570000171661377,5.590000152587891,5.360000133514404,5.360000133514404,11630400
2025-10-31,5.670000076293945,5.670000076293945,5.5,5.579999923706055,15201000
2025-11-03,5.539999961853027,5.730000019073486,5.519999980926514,5.71999979019165,9936600
2025-11-04,5.510000228881836,5.550000190734863,5.420000076293945,5.489999771118164,9939300
2025-11-05,5.550000190734863,5.710000038146973,5.329999923706055,5.510000228881836,23967300
2025-11-06,5.420000076293945,5.539999961853027,5.400000095367432,5.53000020980835,8146900
2025-11-07,5.489999771118164,5.539999961853027,5.360000133514404,5.400000095367432,8443300
2025-11-10,5.389999866485596,5.559999942779541,5.329999923706055,5.559999942779541,8195500
2025-11-11,5.289999961853027,5.489999771118164,5.269999980926514,5.389999866485596,15117500
2025-11-12,5.360000133514404,5.369999885559082,5.179999828338623,5.320000171661377,12857900
2025-11-13,5.269999980926514,5.400000095367432,5.25,5.329999923706055,5689000
2025-11-14,5.269999980926514,5.329999923706055,5.199999809265137,5.199999809265137,6184200
2025-11-17,5.230000019073486,5.309999942779541,5.199999809265137,5.309999942779541,7173300
2025-11-18,5.199999809265137,5.210000038146973,5.119999885559082,5.190000057220459,7970800
2025-11-19,5.130000114440918,5.21999979019165,5.099999904632568,5.190000057220459,6477400
2025-11-21,5.179999828338623,5.25,5.050000190734863,5.130000114440918,11676800
2025-11-24,5.130000114440918,5.28000020980835,5.130000114440918,5.179999828338623,9148300
2025-11-25,5.460000038146973,5.460000038146973,5.110000133514404,5.150000095367432,19418900
2025-11-26,5.46999979019165,5.53000020980835,5.400000095367432,5.449999809265137,11597300
2025-11-27,5.349999904632568,5.480000019073486,5.349999904632568,5.480000019073486,4472600
2025-11-28,5.409999847412109,5.460000038146973,5.340000152587891,5.400000095367432,4970100
2025-12-01,5.389999866485596,5.440000057220459,5.340000152587891,5.409999847412109,7997300
2025-12-02,5.400000095367432,5.429999828338623,5.340000152587891,5.389999866485596,11613000
2025-12-03,5.809999942779541,5.880000114440918,5.440000057220459,5.440000057220459,33968300
2025-12-04,5.860000133514404,5.909999847412109,5.769999980926514,5.809999942779541,10617900
2025-12-05,5.650000095367432,5.920000076293945,5.590000152587891,5.860000133514404,12356300
2025-12-08,5.699999809265137,5.730000019073486,5.619999885559082,5.670000076293945,7154600
2025-12-09,5.909999847412109,5.929999828338623,5.599999904632568,5.659999847412109,12540100
2025-12-10,6.150000095367432,6.289999961853027,5.909999847412109,5.949999809265137,24138000
2025-12-11,5.980000019073486,6.190000057220459,5.949999809265137,6.110000133514404,16631400
2025-12-12,5.940000057220459,6.019999980926514,5.820000171661377,5.980000019073486,11337400
2025-12-15,6.0,6.070000171661377,5.880000114440918,5.980000019073486,8569800
2025-12-16,5.980000019073486,6.03000020980835,5.900000095367432,5.949999809265137,7460300
2025-12-17,5.960000038146973,6.0,5.829999923706055,5.960000038146973,9741600
2025-12-18,5.920000076293945,6.03000020980835,5.800000190734863,5.949999809265137,8690600
2025-12-19,5.860000133514404,5.949999809265137,5.78000020980835,5.949999809265137,9812300
2025-12-22,5.880000114440918,6.010000228881836,5.769999980926514,5.860000133514404,10616900
2025-12-23,5.900000095367432,5.920000076293945,5.840000152587891,5.849999904632568,4044100
2025-12-26,5.920000076293945,5.960000038146973,5.860000133514404,5.880000114440918,5178300
2025-12-29,5.929999828338623,5.940000057220459,5.840000152587891,5.929999828338623,5620500
2025-12-30,5.949999809265137,6.039999961853027,5.909999847412109,5.940000057220459,5047800
2026-01-02,5.980000019073486,6.050000190734863,5.900000095367432,5.989999771118164,8535400
2026-01-05,6.159999847412109,6.190000057220459,5.96999979019165,5.989999771118164,8322600
2026-01-06,6.409999847412109,6.440000057220459,6.099999904632568,6.199999809265137,17708900
2026-01-07,6.480000019073486,6.53000020980835,6.269999980926514,6.449999809265137,14210300
2026-01-08,6.590000152587891,6.590000152587891,6.389999866485596,6.449999809265137,8658900
2026-01-09,6.550000190734863,6.679999828338623,6.519999980926514,6.599999904632568,9979300
2026-01-12,6.670000076293945,6.71999979019165,6.539999961853027,6.559999942779541,9463000
2026-01-13,6.679999828338623,6.71999979019165,6.590000152587891,6.650000095367432,8756600
2026-01-14,6.809999942779541,6.820000171661377,6.579999923706055,6.690000057220459,10727100
2026-01-15,6.590000152587891,6.829999923706055,6.539999961853027,6.789999961853027,9287700
2026-01-16,6.420000076293945,6.599999904632568,6.309999942779541,6.599999904632568,11243600
2026-01-19,6.360000133514404,6.429999828338623,6.300000190734863,6.360000133514404,13007300
2026-01-20,6.170000076293945,6.340000152587891,6.130000114440918,6.340000152587891,16266500
2026-01-21,6.269999980926514,6.309999942779541,6.139999866485596,6.210000038146973,13935700
2026-01-22,6.329999923706055,6.570000171661377,6.289999961853027,6.309999942779541,16268000
2026-01-23,6.519999980926514,6.610000133514404,6.179999828338623,6.360000133514404,20517700
2026-01-26,6.400000095367432,6.579999923706055,6.329999923706055,6.559999942779541,15563300
2026-01-27,6.539999961853027,6.670000076293945,6.429999828338623,6.449999809265137,16457500
2026-01-28,6.96999979019165,7.150000095367432,6.619999885559082,6.619999885559082,30775500
2026-01-29,6.630000114440918,7.150000095367432,6.630000114440918,7.099999904632568,19078900
2026-01-30,6.300000190734863,6.639999866485596,6.21999979019165,6.550000190734863,25251200
2026-02-02,6.480000019073486,6.510000228881836,6.230000019073486,6.300000190734863,12925900
2026-02-03,6.639999866485596,6.869999885559082,6.489999771118164,6.559999942779541,25253600
2026-02-04,6.519999980926514,6.630000114440918,6.409999847412109,6.590000152587891,10585300
2026-02-05,6.369999885559082,6.570000171661377,6.360000133514404,6.550000190734863,9096200
2026-02-06,6.230000019073486,6.420000076293945,6.130000114440918,6.400000095367432,14047100
2026-02-09,6.25,6.309999942779541,6.130000114440918,6.260000228881836,11905800
2026-02-10,6.179999828338623,6.300000190734863,6.150000095367432,6.230000019073486,8661800
2026-02-11,6.309999942779541,6.380000114440918,6.199999809265137,6.239999771118164,9543400
2026-02-12,6.03000020980835,6.5,5.940000057220459,6.340000152587891,23432100
2026-02-13,6.320000171661377,6.360000133514404,6.050000190734863,6.110000133514404,28240700
2026-02-18,6.320000171661377,6.389999866485596,6.230000019073486,6.380000114440918,7673100
2026-02-19,6.21999979019165,6.349999904632568,6.170000076293945,6.300000190734863,8740000
2026-02-20,6.21999979019165,6.269999980926514,6.130000114440918,6.190000057220459,12684400
2026-02-23,6.329999923706055,6.340000152587891,6.139999866485596,6.179999828338623,11067300
2026-02-24,6.53000020980835,6.610000133514404,6.309999942779541,6.349999904632568,18102700
2026-02-25,6.789999961853027,6.809999942779541,6.519999980926514,6.590000152587891,13107100
2026-02-26,6.909999847412109,6.960000038146973,6.699999809265137,6.78000020980835,15242900
2026-02-27,7.070000171661377,7.130000114440918,6.860000133514404,6.880000114440918,18774700
2026-03-02,6.900000095367432,7.039999961853027,6.860000133514404,6.900000095367432,9988000
2026-03-03,6.650000095367432,6.699999809265137,6.449999809265137,6.670000076293945,14018800
2026-03-04,6.809999942779541,6.889999866485596,6.670000076293945,6.75,8747600
2026-03-05,6.659999847412109,6.880000114440918,6.579999923706055,6.829999923706055,9445900
2026-03-06,6.510000228881836,6.730000019073486,6.429999828338623,6.639999866485596,10282700
2026-03-09,6.599999904632568,6.690000057220459,6.349999904632568,6.539999961853027,12167800
2026-03-10,6.730000019073486,6.809999942779541,6.539999961853027,6.670000076293945,11091300
2026-03-11,6.699999809265137,6.769999980926514,6.590000152587891,6.670000076293945,10773200
2026-03-12,6.440000057220459,6.630000114440918,6.340000152587891,6.610000133514404,12984300
2026-03-13,6.380000114440918,6.510000228881836,6.289999961853027,6.489999771118164,10693500
2026-03-16,6.489999771118164,6.550000190734863,6.389999866485596,6.489999771118164,7907500
2026-03-17,6.619999885559082,6.940000057220459,6.619999885559082,6.710000038146973,12630500
2026-03-18,6.46999979019165,6.610000133514404,6.420000076293945,6.570000171661377,11558800
2026-03-19,6.369999885559082,6.429999828338623,6.079999923706055,6.260000228881836,13273600
2026-03-20,6.309999942779541,6.409999847412109,6.25,6.369999885559082,10092800
2026-03-23,6.599999904632568,6.710000038146973,6.420000076293945,6.460000038146973,10892200
2026-03-24,6.71999979019165,6.730000019073486,6.480000019073486,6.590000152587891,8426000
2026-03-25,6.820000171661377,6.900000095367432,6.710000038146973,6.800000190734863,11614300
2026-03-26,6.679999828338623,6.820000171661377,6.630000114440918,6.71999979019165,6686200
2026-03-27,6.590000152587891,6.699999809265137,6.550000190734863,6.639999866485596,4980700
2026-03-30,6.630000114440918,6.769999980926514,6.599999904632568,6.679999828338623,5964300
2026-03-31,6.739999771118164,6.800000190734863,6.610000133514404,6.71999979019165,8424700
2026-04-01,6.769999980926514,6.900000095367432,6.71999979019165,6.78000020980835,7505900
2026-04-02,6.769999980926514,6.769999980926514,6.579999923706055,6.619999885559082,4383600
2026-04-06,6.820000171661377,6.869999885559082,6.739999771118164,6.760000228881836,8108300
2026-04-07,6.929999828338623,6.989999771118164,6.739999771118164,6.760000228881836,25978900
2026-04-08,7.239999771118164,7.269999980926514,6.96999979019165,7.110000133514404,17023100
2026-04-09,7.679999828338623,7.78000020980835,7.269999980926514,7.269999980926514,26363400
2026-04-10,7.210000038146973,7.769999980926514,7.170000076293945,7.699999809265137,22611600
2026-04-13,7.03000020980835,7.21999979019165,6.960000038146973,7.170000076293945,17978300
2026-04-14,7.03000020980835,7.179999828338623,6.980000019073486,7.059999942779541,13002100
2026-04-15,6.980000019073486,7.059999942779541,6.809999942779541,6.989999771118164,11906900
2026-04-16,6.989999771118164,7.21999979019165,6.980000019073486,7.019999980926514,20318900
2026-04-17,7.210000038146973,7.460000038146973,7.190000057220459,7.25,17082400
2026-04-20,7.269999980926514,7.429999828338623,7.150000095367432,7.190000057220459,9855300
2026-04-22,7.25,7.340000152587891,7.150000095367432,7.230000019073486,8667100
2026-04-23,7.210000038146973,7.320000171661377,7.150000095367432,7.25,11406200
2026-04-24,7.610000133514404,7.980000019073486,7.53000020980835,7.699999809265137,26926800
2026-04-27,8.140000343322754,8.140000343322754,7.659999847412109,7.670000076293945,30192400
2026-04-28,8.170000076293945,8.270000457763672,8.029999732971191,8.140000343322754,14742600
2026-04-29,8.0,8.300000190734863,7.949999809265137,8.149999618530273,14456800
2026-04-30,8.289999961853027,8.319999694824219,8.010000228881836,8.100000381469727,18381600
2026-05-04,8.229999542236328,8.369999885559082,8.210000038146973,8.279999732971191,7850600
2026-05-05,8.649999618530273,8.649999618530273,8.149999618530273,8.260000228881836,14209700
2026-05-06,8.739999771118164,8.979999542236328,8.649999618530273,8.869999885559082,20143600
2026-05-07,8.8100004196167,8.899999618530273,8.640000343322754,8.739999771118164,8442100
2026-05-08,8.989999771118164,9.15999984741211,8.859999656677246,8.989999771118164,21535000
2026-05-11,9.069999694824219,9.199999809265137,8.930000305175781,8.979999542236328,17168700
2026-05-12,8.970000267028809,9.050000190734863,8.800000190734863,9.029999732971191,16043200
2026-05-13,9.15999984741211,9.300000190734863,8.850000381469727,8.949999809265137,21768700
2026-05-14,9.890000343322754,9.930000305175781,9.1899995803833,9.229999542236328,25598600
2026-05-15,9.119999885559082,9.75,9.039999961853027,9.680000305175781,24973100
2026-05-18,9.029999732971191,9.380000114440918,8.890000343322754,9.140000343322754,13426800
2026-05-19,9.130000114440918,9.260000228881836,8.90999984741211,8.90999984741211,16915700
2026-05-20,9.609999656677246,9.680000305175781,9.1899995803833,9.1899995803833,12390100
2026-05-21,9.800000190734863,10.020000457763672,9.579999923706055,9.6899995803833,17941900
2026-05-22,10.350000381469727,10.479999542236328,9.75,9.800000190734863,22520300
2026-05-25,10.020000457763672,10.4399995803833,9.90999984741211,10.380000114440918,9533100
2026-05-26,9.65999984741211,10.100000381469727,9.59000015258789,10.0,25218800
2026-05-27,10.229999542236328,10.300000190734863,9.65999984741211,9.770000457763672,24385600
2026-05-28,10.649999618530273,10.710000038146973,10.210000038146973,10.25,17495100
2026-05-29,11.079999923706055,11.149999618530273,10.600000381469727,10.630000114440918,34573900
2026-06-01,11.09000015258789,11.170000076293945,10.800000190734863,11.0,12450100
2026-06-02,12.039999961853027,12.180000305175781,11.119999885559082,11.1899995803833,20771300
2026-06-03,11.460000038146973,11.890000343322754,11.300000190734863,11.800000190734863,13194300
2026-06-05,11.3100004196167,11.649999618530273,11.020000457763672,11.380000114440918,15525700
2026-06-08,11.180000305175781,11.420000076293945,10.9399995803833,11.270000457763672,14312400
2026-06-09,11.119999885559082,11.350000381469727,10.720000267028809,11.289999961853027,19186500
2026-06-10,10.960000038146973,11.220000267028809,10.8100004196167,10.9399995803833,14219500
2026-06-11,10.850000381469727,11.010000228881836,10.550000190734863,10.960000038146973,10590700
2026-06-12,10.850000381469727,11.09000015258789,10.6899995803833,10.819999694824219,8362300
2026-06-15,10.800000190734863,11.5,10.720000267028809,11.0,14081300
2026-06-16,10.130000114440918,10.350000381469727,10.0,10.319999694824219,20249300
2026-06-17,9.5600004196167,10.319999694824219,9.449999809265137,10.15999984741211,30483400
2026-06-18,9.100000381469727,9.640000343322754,9.100000381469727,9.539999961853027,14493300
2026-06-19,9.170000076293945,9.319999694824219,9.010000228881836,9.109999656677246,9671400
2026-06-22,9.109999656677246,9.300000190734863,9.100000381469727,9.229999542236328,8180500
2026-06-23,8.65999984741211,9.0600004196167,8.649999618530273,8.949999809265137,22636600
2026-06-24,8.680000305175781,8.829999923706055,8.550000190734863,8.680000305175781,12686900
2026-06-25,8.5,8.75,8.5,8.710000038146973,8204100
2026-06-26,8.270000457763672,8.539999961853027,8.270000457763672,8.539999961853027,12122000
2026-06-29,8.329999923706055,8.399999618530273,8.119999885559082,8.25,6527600
2026-06-30,8.449999809265137,8.5600004196167,8.210000038146973,8.279999732971191,9699100
2026-07-01,8.600000381469727,8.680000305175781,8.220000267028809,8.34000015258789,10539400
2026-07-02,8.5600004196167,8.880000114440918,8.5600004196167,8.619999885559082,8581200
2026-07-03,8.770000457763672,8.890000343322754,8.5600004196167,8.5600004196167,13808000
2026-07-06,8.710000038146973,8.8100004196167,8.5,8.630000114440918,6740400
2026-07-07,8.430000305175781,8.739999771118164,8.369999885559082,8.720000267028809,15692500
2026-07-08,8.350000381469727,8.4399995803833,8.170000076293945,8.380000114440918,8566600
2026-07-09,8.350000381469727,8.470000267028809,8.279999732971191,8.399999618530273,8306900
2026-07-10,8.449999809265137,8.520000457763672,8.210000038146973,8.510000228881836,12051400
2026-07-13,8.380000114440918,8.550000190734863,8.319999694824219,8.420000076293945,7375400
2026-07-14,8.229999542236328,8.569999694824219,8.210000038146973,8.449999809265137,17524200
2026-07-15,8.199999809265137,8.399999618530273,8.020000457763672,8.229999542236328,10889800
2026-07-16,7.900000095367432,8.270000457763672,7.860000133514404,8.119999885559082,11618900
2026-07-17,8.229999542236328,8.270000457763672,7.730000019073486,7.869999885559082,9919800
2026-07-20,8.15999984741211,8.329999923706055,8.069999694824219,8.239999771118164,3976400
2026-07-21,8.460000038146973,8.510000228881836,8.149999618530273,8.180000305175781,9783100
2026-07-22,8.649999618530273,8.75,8.4399995803833,8.479999542236328,7374500
2026-07-23,8.489999771118164,8.729999542236328,8.460000038146973,8.600000381469727,6635700
2026-07-24,8.479999542236328,8.670000076293945,8.380000114440918,8.420000076293945,9426500
2026-07-27,8.609999656677246,8.65999984741211,8.460000038146973,8.510000228881836,4821300
2026-07-28,8.6899995803833,8.800000190734863,8.600000381469727,8.699999809265137,6253500
2026-07-29,8.319999694824219,8.720000267028809,8.1899995803833,8.6899995803833,12593000
2026-07-30,7.550000190734863,8.460000038146973,7.46999979019165,8.4399995803833,25477500
2026-07-31,7.360000133514404,7.650000095367432,7.289999961853027,7.539999961853027,15071000
2026-08-03,7.559999942779541,7.599999904632568,7.309999942779541,7.429999828338623,15468400
2026-08-04,7.519999980926514,7.820000171661377,7.429999828338623,7.739999771118164,11259900
2026-08-05,7.460000038146973,7.610000133514404,7.349999904632568,7.570000171661377,9972600
2026-08-06,7.190000057220459,7.409999847412109,7.190000057220459,7.409999847412109,9129100
2026-08-07,7.150000095367432,7.199999809265137,6.989999771118164,7.199999809265137,7355700
