Date,Close,High,Low,Open,Volume
2000-01-03,0.4214622676372528,0.4399655178360529,0.4214622676372528,0.4317420512330576,1029600
2000-01-04,0.40141740441322327,0.4224907441242945,0.40141740441322327,0.42146256651744896,628200
2000-01-05,0.40552935004234314,0.40604310785139813,0.38651200275204234,0.4009035078159826,957600
2000-01-06,0.4111827611923218,0.4111827611923218,0.400903273040261,0.4055291125576519,410400
2000-01-07,0.40193116664886475,0.41118277241083817,0.40193116664886475,0.41118277241083817,788400
2000-01-10,0.4240323603153229,0.4245461178680252,0.41118279681758063,0.42094849154494796,1098000
2000-01-11,0.4183783233165741,0.43996543853022635,0.41272467496246634,0.426602082538136,1285200
2000-01-12,0.4240323603153229,0.42660214066945523,0.413752577171713,0.4214622490976503,1168200
2000-01-13,0.41683652997016907,0.4368817177810351,0.416836529970169,0.4317421192740877,1103400
2000-01-14,0.4163227379322052,0.42660219143554007,0.4163227379322052,0.42146229925208284,496800
2000-01-17,0.4194067418575287,0.42146243470070166,0.40707126134374694,0.4111829778937789,298800
2000-01-18,0.4307141602039337,0.43379803089339514,0.4111830526959554,0.4111830526959554,612000
2000-01-19,0.4260881543159485,0.43585388814515974,0.4214623500523472,0.4312280471189341,210600
2000-01-20,0.4235181510448456,0.43276975471595247,0.41940643747883555,0.41940643747883555,689400
2000-01-21,0.4271160960197449,0.4317418977341611,0.4173504043348315,0.4214621177931669,316800
2000-01-24,0.41683652997016907,0.4368817177810351,0.41632277231390075,0.41632277231390075,1794600
2000-01-25,0.41683652997016907,0.416836529970169,0.416836529970169,0.416836529970169,0
2000-01-26,0.4266022741794586,0.42917209210046015,0.41683657639580585,0.41683657639580585,293400
2000-01-27,0.4173505902290344,0.4368816881974716,0.41683650174397086,0.4368816881974716,405000
2000-01-28,0.4065570533275604,0.43174209560291144,0.4045010302243924,0.43174209560291144,1071000
2000-01-31,0.4060429334640503,0.4086130448603348,0.40090333563598957,0.4086130448603348,572400
2000-02-01,0.4060429334640503,0.4070711103679894,0.4019312184389836,0.4070711103679894,554400
2000-02-02,0.40193116664886475,0.40604288114412385,0.4009032839783167,0.40604288114412385,153000
2000-02-03,0.4060429334640503,0.4111828253930561,0.4019312184389836,0.4111828253930561,277200
2000-02-04,0.4111827611923218,0.41889243245028596,0.40398714154344667,0.4111827611923218,509400
2000-02-07,0.40450093150138855,0.4116968451744387,0.40347308563245626,0.4116968451744387,642600
2000-02-08,0.4137527048587799,0.41632281686960754,0.40655711912847553,0.41118292371159454,2721600
2000-02-09,0.4137527048587799,0.42249055631376625,0.41118292371159454,0.41118292371159454,356400
2000-02-10,0.40809884667396545,0.4111827148294297,0.40347304444076915,0.4111827148294297,1814400
2000-02-11,0.4060429334640503,0.4111828253930561,0.40552917587564397,0.40809895640836524,1090800
2000-02-14,0.40193116664886475,0.40552912362191684,0.3895956555369534,0.40552912362191684,597600
2000-02-15,0.3839421272277832,0.395249465116444,0.37571836479315535,0.395249465116444,781200
2000-02-16,0.39267972111701965,0.40604308484076584,0.37520434673426517,0.3839421993574857,2455200
2000-02-17,0.3849698603153229,0.3906235459793433,0.38342792599098235,0.3854839487112788,1508400
2000-02-18,0.3854840099811554,0.4034731730991467,0.3829138984564025,0.38496992150348885,504000
2000-02-21,0.40193116664886475,0.4266021153474606,0.38291382997657686,0.3880537212432912,1875600
2000-02-22,0.3962774872779846,0.41632267017084756,0.3957633988842389,0.41632267017084756,394200
2000-02-23,0.40552935004234314,0.4106689133151248,0.39165189688852925,0.39627770235225596,903600
2000-02-24,0.3854840099811554,0.4214622994545181,0.3854840099811554,0.40552919614623306,1197000
2000-02-25,0.38805368542671204,0.40552908619239314,0.3834278829726776,0.3854839054623007,1519200
2000-02-28,0.393193781375885,0.4009034561552888,0.383428083034086,0.39319378137588495,181800
2000-02-29,0.3829139471054077,0.38599781663605126,0.3793163198954047,0.38548405895669186,2057400
2000-03-01,0.37777432799339294,0.3854840006539481,0.3772602395281654,0.3854840006539481,1758600
2000-03-02,0.37777432799339294,0.4009033459750584,0.37623239346128196,0.39062359861455614,1135800
2000-03-03,0.3803440034389496,0.3854838940794883,0.3772601352273224,0.3772601352273224,1465200
2000-03-06,0.3803440034389496,0.3803440034389496,0.3803440034389496,0.3803440034389496,0
2000-03-07,0.3803440034389496,0.3803440034389496,0.3803440034389496,0.3803440034389496,0
2000-03-08,0.3957635164260864,0.3957635164260864,0.37006471378618755,0.39062366031528195,1128600
2000-03-09,0.3803440034389496,0.3803440034389496,0.37263433290988157,0.3803440034389496,1582200
2000-03-10,0.39267972111701965,0.39524953937041174,0.3818861756466656,0.3854841344246791,162000
2000-03-13,0.39267972111701965,0.3926797211170197,0.3926797211170197,0.3926797211170197,0
2000-03-14,0.3618408143520355,0.37777424462200837,0.3618408143520355,0.37777424462200837,1423800
2000-03-15,0.357215017080307,0.37520417791142396,0.3453936305054102,0.37520417791142396,2028600
2000-03-16,0.3597849905490875,0.3690366008104791,0.34950549711724826,0.3690366008104791,1344600
2000-03-17,0.34950536489486694,0.3597848544378429,0.34950536489486694,0.3597848544378429,705600
2000-03-20,0.33357205986976624,0.34642162892429673,0.3238066550202802,0.34642162892429673,610200
2000-03-21,0.33151617646217346,0.3443654072663052,0.31866657803193826,0.3340859564503012,3186000
2000-03-22,0.3340862989425659,0.3443657602966735,0.33357221007251925,0.33357221007251925,6768000
2000-03-23,0.33151617646217346,0.348991209763031,0.33151617646217346,0.33665573643842894,586800
2000-03-24,0.33614206314086914,0.34385173589952267,0.33408604011736953,0.33408604011736953,547200
2000-03-27,0.3289462924003601,0.3392260811671884,0.3202087697259051,0.3392260811671884,667800
2000-03-28,0.3196943998336792,0.3335718046853488,0.3196943998336792,0.3335718046853488,646200
2000-03-29,0.3238065838813782,0.3258623130192478,0.31866669121604146,0.3212365088795279,961200
2000-03-30,0.32175055146217346,0.325862266489162,0.32123646300996367,0.32123646300996367,547200
2000-03-31,0.32329267263412476,0.3258624546519164,0.32175073725069886,0.32534866000397134,1497600
2000-04-03,0.31198495626449585,0.32329258980030223,0.31095707313085424,0.32329258980030223,1555200
2000-04-04,0.31455495953559875,0.31455495953559875,0.30581712774577413,0.31352681929950216,2494800
2000-04-05,0.3083871603012085,0.3232924519756608,0.30427513322415933,0.31609683195621585,1004400
2000-04-06,0.3032474219799042,0.31095709752651624,0.298621616651937,0.31095709752651624,738000
2000-04-07,0.3027332127094269,0.30838717437551544,0.29553761074289303,0.30324728274975776,1780200
2000-04-10,0.29296785593032837,0.30735906202230634,0.2914259212976406,0.3027332581242432,991800
2000-04-11,0.290912002325058,0.3058172862786046,0.2878281130761209,0.3058172862786046,1510200
2000-04-12,0.29707953333854675,0.30838716212043943,0.2878279089166538,0.3032472706989372,1692000
2000-04-13,0.292453795671463,0.3058171376986797,0.28782797323615317,0.2970795997254615,604800
2000-04-14,0.28268811106681824,0.2929678973125011,0.2775485304263035,0.2878280041896597,1191600
2000-04-17,0.2903977334499359,0.2903977334499359,0.27292265985162695,0.28936986903816286,811800
2000-04-18,0.29810741543769836,0.30838719952763494,0.2832021402486228,0.2929678358749913,1535400
2000-04-19,0.2842300236225128,0.3078731315676545,0.2832021591091847,0.3058171268213377,619200
2000-04-20,0.2878279387950897,0.2929678307501466,0.2852581582493437,0.2929678307501466,516600
2000-04-21,0.2878279387950897,0.2878279387950897,0.2878279387950897,0.2878279387950897,0
2000-04-24,0.2878279387950897,0.2975936342506283,0.2878279387950897,0.28988396174982545,657000
2000-04-25,0.2888559103012085,0.3032474145921763,0.2883421341384316,0.2981075207317548,559800
2000-04-26,0.29296785593032837,0.2955376550782542,0.2847440942681294,0.2955376550782542,878400
2000-04-27,0.29296785593032837,0.2955376550782542,0.2826880711366813,0.2826880711366813,2665800
2000-04-28,0.3083871603012085,0.31558274355803917,0.29039770586383895,0.30016340024802446,921600
2000-05-01,0.3083871603012085,0.3083871603012085,0.3083871603012085,0.3083871603012085,0
2000-05-02,0.31815269589424133,0.32843248304857825,0.3083872914577614,0.32329258947140976,1828800
2000-05-03,0.3160969018936157,0.3238065752544117,0.30581713521813103,0.31352682696023826,441000
2000-05-04,0.3109571933746338,0.3212366904133591,0.3083874110215629,0.3212366904133591,275400
2000-05-05,0.3053033947944641,0.30838726449843834,0.3042752360320258,0.30838726449843834,423000
2000-05-08,0.3011913001537323,0.3083872155635853,0.30067754252701984,0.3083872155635853,487800
2000-05-09,0.30067750811576843,0.30838718026999495,0.2981073968219929,0.298621485253458,486000
2000-05-10,0.29502347111701965,0.30170529598445367,0.29399562531567835,0.30067745018311237,700200
2000-05-11,0.29810741543769836,0.3078731110640669,0.29399570031986616,0.3078731110640669,738000
2000-05-12,0.30067750811576843,0.3032472885459939,0.2878279258562325,0.3032472885459939,802800
2000-05-15,0.3063313066959381,0.3078732418782339,0.2903978661909778,0.3027333660306615,264600
2000-05-16,0.3063313066959381,0.3135269306880493,0.30324743633134654,0.30530346019564464,828000
2000-05-17,0.3109571933746338,0.31301321777536906,0.30221966868315475,0.3032475154516236,561600
2000-05-18,0.30170539021492004,0.3135268154072958,0.29862152098423705,0.30581712394927796,268200
2000-05-19,0.307873010635376,0.307873010635376,0.29862140649046426,0.3032472085629201,187200
2000-05-22,0.3011913001537323,0.3032473232513457,0.2929678511091439,0.3032473232513457,2345400
2000-05-23,0.2883419692516327,0.30787304375191094,0.2883419692516327,0.30787304375191094,469800
2000-05-24,0.2975936830043793,0.2981074590608689,0.28371627022944523,0.2878279859489601,405000
2000-05-25,0.2878279387950897,0.30787310567848636,0.2878279387950897,0.30787310567848636,567000
2000-05-26,0.29913562536239624,0.3022194947568438,0.2950235789273947,0.2950235789273947,138600
2000-05-29,0.29707953333854675,0.3032472706989372,0.28885577323684924,0.3032472706989372,799200
2000-05-30,0.30221953988075256,0.3058171858503401,0.29039781819455013,0.3058171858503401,671400
2000-05-31,0.2878279387950897,0.30530332513274033,0.27754846736723165,0.29810741022294773,765000
2000-06-01,0.2945098578929901,0.2945098578929901,0.2888558940861245,0.29039782907132483,608400
2000-06-02,0.3032474219799042,0.30376151063757684,0.2981075279942643,0.3032474219799042,905400
2000-06-05,0.2955376207828522,0.3073590263550998,0.2955376207828522,0.3006775125832215,837000
2000-06-06,0.2955376207828522,0.2955376207828522,0.2955376207828522,0.2955376207828522,0
2000-06-07,0.3053033947944641,0.3053033947944641,0.29348167368680256,0.29348167368680256,509400
2000-06-08,0.30067750811576843,0.30838718026999495,0.2981073968219929,0.3073590217883731,664200
2000-06-09,0.30221953988075256,0.30221953988075256,0.298107492831788,0.300677604953305,86400
2000-06-12,0.29810741543769836,0.30324730748266665,0.2929678358749913,0.29810741543769836,918000
2000-06-13,0.3027332127094269,0.3053033055727696,0.29553761074289303,0.30221943677002366,604800
2000-06-14,0.2939956486225128,0.30273318416661205,0.29039769173735686,0.30273318416661205,1733400
2000-06-15,0.307873010635376,0.3109568786836799,0.2934815161221368,0.30221936283463974,2260800
2000-06-16,0.30941516160964966,0.32329261431996537,0.3058172211240389,0.31095709671494776,1515600
2000-06-19,0.31866660714149475,0.31866660714149475,0.303247264077216,0.31866660714149475,1173600
2000-06-20,0.326376348733902,0.3268904004137167,0.31352678458155364,0.32380653148623767,1297800
2000-06-21,0.34950536489486694,0.35361711659691647,0.323806530749575,0.323806530749575,1234800
2000-06-22,0.34950536489486694,0.34950536489486694,0.34950536489486694,0.34950536489486694,0
2000-06-23,0.3443653881549835,0.34899119039499016,0.33408593790946045,0.34899119039499016,563400
2000-06-26,0.33151617646217346,0.338711758947027,0.3289460656105526,0.33665573643842894,1828800
2000-06-27,0.3366560637950897,0.33922617714583003,0.32740444980558026,0.32740444980558026,1283400
2000-06-28,0.33100220561027527,0.344365529500818,0.33100220561027527,0.3433376833134256,700200
2000-06-29,0.33254408836364746,0.3381977378063469,0.32689040215833043,0.3340860228356163,372600
2000-06-30,0.33151617646217346,0.3340859564503012,0.3243202631138269,0.3289460656105526,502200
2000-07-03,0.3340862989425659,0.3443657602966735,0.32894640283359605,0.3315165163199971,298800
2000-07-04,0.3289462924003601,0.343337798155687,0.3243204867144037,0.3340861867837743,739800
2000-07-05,0.33357205986976624,0.3381978650257552,0.3289462547137773,0.3330583020948897,459000
2000-07-06,0.3443653881549835,0.34539356478396815,0.3325440038294582,0.33973958591497694,1458000
2000-07-07,0.3443653881549835,0.35207509531760284,0.3443653881549835,0.34693549886397035,959400
2000-07-10,0.3469357490539551,0.35670115478983966,0.3464216603687318,0.349505530752645,1247400
2000-07-11,0.33614206314086914,0.3433376474277538,0.3248344328069853,0.33922593224433056,844200
2000-07-12,0.3330582082271576,0.34128163894435853,0.32689043299484083,0.34128163894435853,613800
2000-07-13,0.3243204653263092,0.33819788146899865,0.32380667076382036,0.3299744480343156,275400
2000-07-14,0.3274042010307312,0.3304880700173203,0.321236463057553,0.32175055150983894,981000
2000-07-17,0.33357205986976624,0.3356280835603225,0.32123657945379563,0.32226471996828393,239400
2000-07-18,0.3135266900062561,0.33922581055881534,0.3135266900062561,0.3366556999854851,327600
2000-07-19,0.31763890385627747,0.3258623733701228,0.31506882837844,0.32380664385152474,558000
2000-07-20,0.3289462924003601,0.3289462924003601,0.3186667977346173,0.3212366162570995,234000
2000-07-21,0.3289462924003601,0.33048822762901225,0.32637651064051365,0.3284325345666235,473400
2000-07-24,0.32791846990585327,0.33357212253742125,0.3238067158533241,0.3258624458290351,342000
2000-07-25,0.31918081641197205,0.32637643904187513,0.31866672782729216,0.324834504151484,297000
2000-07-26,0.326376348733902,0.329460217661381,0.31866663965258696,0.3196945224365117,549000
2000-07-27,0.3274042010307312,0.32791828948301716,0.3202086170165444,0.3238065376928014,527400
2000-07-28,0.3212364614009857,0.32843237624162763,0.3186666441173166,0.32843237624162763,226800
2000-07-31,0.3212364614009857,0.3238065360229806,0.31763879808160844,0.3238065360229806,115200
2000-08-01,0.31866660714149475,0.3263763154362478,0.31609682691862273,0.31712467283506685,226800
2000-08-02,0.31712478399276733,0.32483449498990696,0.3089010211880737,0.31866671883966996,912600
2000-08-03,0.3274042010307312,0.32894613552402574,0.3094150388008644,0.31095697329415894,669600
2000-08-04,0.31918081641197205,0.33305826718811926,0.3166107411148488,0.3325441786034394,84600
2000-08-07,0.32483452558517456,0.328946241942973,0.31918083747261294,0.328946241942973,379800
2000-08-08,0.3294602930545807,0.33203007412769237,0.323806605585656,0.3258623348613181,2154600
2000-08-09,0.328432559967041,0.3315164306628466,0.31763897576908295,0.3315164306628466,1332000
2000-08-10,0.3227784335613251,0.32946026073224116,0.31969456423068693,0.3238065738179824,469800
2000-08-11,0.3289462924003601,0.3289462924003601,0.3191808864320751,0.3191808864320751,716400
2000-08-14,0.33100220561027527,0.3361420982744581,0.3186666911445015,0.3238065838086843,1216800
2000-08-15,0.3268904387950897,0.33408606027883614,0.32637638705491834,0.3289461678416923,833400
2000-08-16,0.3140409588813782,0.3289462576588615,0.3109570887497754,0.31609698259034213,2932200
2000-08-17,0.3274042010307312,0.33305818141518684,0.3186666457606317,0.3238065376928014,1888200
2000-08-18,0.32020866870880127,0.32791834241987006,0.32020866870880127,0.3274042538845932,302400
2000-08-21,0.3196943998336792,0.3202084880789585,0.31506859821645605,0.3186665174439474,405000
2000-08-22,0.3212364614009857,0.3330581796976568,0.3186666441173166,0.3186666441173166,804600
2000-08-23,0.3238065838813782,0.3289461824457277,0.318152639453048,0.3212365088795279,608400
2000-08-24,0.32329267263412476,0.32329267263412476,0.3186668297212078,0.31918091847026786,156600
2000-08-25,0.3289462924003601,0.3335720980863165,0.3212366162570995,0.32637651064051365,1607400
2000-08-28,0.3289462924003601,0.33151640502392776,0.3248345754118615,0.3248345754118615,1560600
2000-08-29,0.328432559967041,0.328432559967041,0.3212366411009968,0.3243205117968024,739800
2000-08-30,0.31866660714149475,0.32791824974267564,0.31661062120769684,0.32791824974267564,1155600
2000-08-31,0.3166106939315796,0.3232925210820568,0.3140408763558197,0.31969456325278456,1155600
2000-09-01,0.33151617646217346,0.33254402228472596,0.31866657803193826,0.31866657803193826,1895400
2000-09-04,0.33614206314086914,0.33922593224433056,0.33151625948567703,0.33151625948567703,1697400
2000-09-05,0.33100220561027527,0.3361420982744581,0.32894618237188006,0.3361420982744581,1004400
2000-09-06,0.33254408836364746,0.33768398022472984,0.3258622620305963,0.32894613097453396,585000
2000-09-07,0.33254408836364746,0.3325440883636475,0.3325440883636475,0.3325440883636475,0
2000-09-08,0.33254408836364746,0.3381977378063469,0.33151624233685456,0.3381977378063469,554400
2000-09-11,0.3289462924003601,0.3340861867837743,0.3248345754118615,0.33254425155512213,459000
2000-09-12,0.3238065838813782,0.33151629421020135,0.3238065838813782,0.3289461824457277,453600
2000-09-13,0.3376840054988861,0.3387118516026088,0.319180753687756,0.319180753687756,756000
2000-09-14,0.326376348733902,0.3351138670739069,0.3253484659499772,0.33408602105259955,322200
2000-09-15,0.3238065838813782,0.32534851859461816,0.31866669121604146,0.31866669121604146,246600
2000-09-18,0.31918081641197205,0.3253485559735363,0.3166107411148488,0.32380662108314523,286200
2000-09-19,0.3289462924003601,0.3289462924003601,0.3186667977346173,0.3238066921180315,369000
2000-09-20,0.326376348733902,0.32843237164007366,0.3176387936312796,0.3212364569002512,997200
2000-09-21,0.33151617646217346,0.3340859564503012,0.32175048312569915,0.32380646887168685,1321200
2000-09-22,0.3417959213256836,0.3417959213256836,0.3263765664046386,0.3289463486035535,657000
2000-09-25,0.3448795676231384,0.3484775250485961,0.3392259181233297,0.34282354468522513,1416600
2000-09-26,0.3289462924003601,0.3572152152135561,0.3289462924003601,0.34436564468688136,1008000
2000-09-27,0.3238065838813782,0.3387118792507843,0.3140408870763216,0.33151629421020135,880200
2000-09-28,0.3253486454486847,0.3315164234690965,0.31866681546484954,0.32586244007364384,237600
2000-09-29,0.3212364614009857,0.3253484705083236,0.3191807325669515,0.3253484705083236,482400
2000-10-02,0.326376348733902,0.326376348733902,0.3160968591675401,0.32175054534268344,419400
2000-10-03,0.328432559967041,0.32894631784051076,0.31609704042118014,0.32637653588192167,451800
2000-10-04,0.33151617646217346,0.33151617646217346,0.3135267239548001,0.3284323081310229,432000
2000-10-05,0.33151617646217346,0.33151617646217346,0.33151617646217346,0.33151617646217346,0
2000-10-06,0.31763890385627747,0.3315163556082141,0.31609696885746563,0.3315163556082141,1476000
2000-10-09,0.32329267263412476,0.32380672462054544,0.3135269715845095,0.3186668297212078,579600
2000-10-10,0.3160969018936157,0.3238065752544117,0.3160969018936157,0.3238065752544117,171000
2000-10-11,0.315582811832428,0.3284324144211627,0.31404087716783846,0.3160969003418245,397800
2000-10-12,0.315582811832428,0.315582811832428,0.315582811832428,0.315582811832428,0
2000-10-13,0.3238065838813782,0.32637640154486464,0.31352683531332814,0.31352683531332814,345600
2000-10-16,0.3227784335613251,0.33357197621855855,0.3191807698220252,0.31969456423068693,597600
2000-10-17,0.31763890385627747,0.32380664385152474,0.31661076337725186,0.32123656837368736,669600
2000-10-18,0.29810741543769836,0.3135267974716515,0.28011827119435595,0.3094150455912003,3052800
2000-10-19,0.3083871603012085,0.3083871603012085,0.298621465917023,0.3058170675551608,691200
2000-10-20,0.29810741543769836,0.30581710645467497,0.29399570031986616,0.29810741543769836,545400
2000-10-23,0.28268811106681824,0.3032473710758573,0.27806230651535296,0.29450983216298954,792000
2000-10-24,0.28268811106681824,0.28268811106681824,0.28268811106681824,0.28268811106681824,0
2000-10-25,0.28268811106681824,0.3083872641986987,0.27806230651535296,0.28268811106681824,784800
2000-10-26,0.29296785593032837,0.29296785593032837,0.2826880711366813,0.2826880711366813,554400
2000-10-27,0.3047891855239868,0.3078730540067281,0.2965654259488404,0.3078730540067281,552600
2000-10-30,0.3083871603012085,0.3083871603012085,0.28320210422570113,0.29656544318784483,192600
2000-10-31,0.3001634478569031,0.32123648019775175,0.3001634478569031,0.3114710783655916,277200
2000-11-01,0.3083871603012085,0.3083871603012085,0.29553759725502005,0.30067748864620114,104400
2000-11-02,0.3083871603012085,0.3083871603012085,0.3083871603012085,0.3083871603012085,0
2000-11-03,0.3083871603012085,0.31558274355803917,0.29296779860988664,0.3089009178358566,565200
2000-11-06,0.30941516160964966,0.3212365905583363,0.30067763963419203,0.307359156229337,730800
2000-11-07,0.3011913001537323,0.3109569962879111,0.2986215194294064,0.30067754252701984,226800
2000-11-08,0.3058169484138489,0.31095681942131265,0.2986213495789994,0.31095681942131265,235800
2000-11-09,0.3140409588813782,0.32123658232985447,0.2981075195802016,0.2981075195802016,262800
2000-11-10,0.31301307678222656,0.31609694656233694,0.30838727211206096,0.31404092308771386,190800
2000-11-13,0.32020866870880127,0.3284324309551469,0.3006775688326752,0.3006775688326752,1045800
2000-11-14,0.32020866870880127,0.32020866870880127,0.32020866870880127,0.32020866870880127,0
2000-11-15,0.32020866870880127,0.32020866870880127,0.32020866870880127,0.32020866870880127,0
2000-11-16,0.31763890385627747,0.3335720483641819,0.31352689337962825,0.31352689337962825,241200
2000-11-17,0.3104429841041565,0.3160969662964391,0.29296792312033876,0.3160969662964391,536400
2000-11-20,0.31815269589424133,0.3202087194978426,0.30119137427699166,0.3037614864974106,273600
2000-11-21,0.3135266900062561,0.3186665435268531,0.3083870938239037,0.31815249200210194,469800
2000-11-22,0.3083871603012085,0.31558274355803917,0.3058170675551608,0.31095694056503476,370800
2000-11-23,0.307873010635376,0.30838709893124755,0.29399560441800837,0.30581700669665596,621000
2000-11-24,0.3011913001537323,0.31301301938552456,0.2981074309391061,0.3032473232513457,599400
2000-11-27,0.2955376207828522,0.3058170919013445,0.2955376207828522,0.3032472930516287,702000
2000-11-28,0.29810741543769836,0.30478924200980007,0.28268805178505474,0.30067752689196786,498600
2000-11-29,0.29810741543769836,0.3130130031090352,0.29810741543769836,0.30324730748266665,291600
2000-11-30,0.292453795671463,0.30016346909479386,0.292453795671463,0.2981074458940375,430200
2000-12-01,0.291425883769989,0.3063311580600266,0.28936986090330025,0.3063311580600266,396000
2000-12-04,0.2919395864009857,0.30067743324227886,0.28885571830722756,0.298107322588502,297000
2000-12-05,0.3135266900062561,0.3135266900062561,0.2981073132574971,0.2981073132574971,271800
2000-12-06,0.307873010635376,0.3109568786836799,0.30581700669665596,0.30838709893124755,205200
2000-12-07,0.30376142263412476,0.3083872266219392,0.3011913109540503,0.3083872266219392,441000
2000-12-08,0.3083871603012085,0.31558274355803917,0.30427513322415933,0.3083871603012085,298800
2000-12-11,0.3063313066959381,0.31044302356082315,0.3063313066959381,0.30838733056023626,208800
2000-12-12,0.3063313066959381,0.3063313066959381,0.3063313066959381,0.3063313066959381,0
2000-12-13,0.33100220561027527,0.33203005179766765,0.3104429290545311,0.3104429290545311,1636200
2000-12-14,0.3238065838813782,0.33151629421020135,0.3212365088795279,0.3289461824457277,1108800
2000-12-15,0.31301307678222656,0.32123654571604954,0.30890102983298035,0.32123654571604954,318600
2000-12-18,0.3140409588813782,0.3289462576588615,0.31352690700084745,0.31352690700084745,253800
2000-12-19,0.31506866216659546,0.3160968021032344,0.30992906536172515,0.31352672798121817,783000
2000-12-20,0.31301307678222656,0.31866672775787946,0.30890102983298035,0.30890102983298035,460800
2000-12-21,0.3032474219799042,0.31815272117808846,0.3032474219799042,0.3094151624171938,491400
2000-12-22,0.3083871603012085,0.3083871603012085,0.30170533457902593,0.3083871603012085,520200
2000-12-25,0.3083871603012085,0.3083871603012085,0.3083871603012085,0.3083871603012085,0
2000-12-26,0.3083871603012085,0.3176387662872173,0.3032472689100274,0.3140408092270377,331200
2000-12-27,0.3114711046218872,0.32123650727724823,0.30838723521078915,0.30838723521078915,464400
2000-12-28,0.3068452775478363,0.31198487570201827,0.3042751843697816,0.30992914672820693,552600
2000-12-29,0.3068452775478363,0.3068452775478363,0.3068452775478363,0.3068452775478363,0
2001-01-01,0.3068452775478363,0.3068452775478363,0.3068452775478363,0.3068452775478363,0
2001-01-02,0.3253486454486847,0.33305835878354,0.3011914382799098,0.3011914382799098,1042200
2001-01-03,0.3443653881549835,0.35361702939760503,0.3212363769549505,0.3227783110349527,2507400
2001-01-04,0.3423099219799042,0.35978500257807977,0.3366559393886762,0.339226051789668,1013400
2001-01-05,0.3448795676231384,0.3572150435234936,0.3417956986480496,0.34436547917276955,1486800
2001-01-08,0.364924818277359,0.36903653402823433,0.329460281930523,0.3443655410331148,1571400
2001-01-09,0.38805368542671204,0.39730532709739086,0.3674944531209513,0.3674944531209513,2073600
2001-01-10,0.4060429334640503,0.4214622783875045,0.3849699022605659,0.39781946665129875,5932800
2001-01-11,0.3962774872779846,0.4188924504125247,0.39062354429997276,0.4111827788239674,997200
2001-01-12,0.4009031653404236,0.403472981544157,0.3854838269667929,0.403472981544157,837000
2001-01-15,0.4158085882663727,0.4163226766681415,0.3885678217535682,0.3885678217535682,882000
2001-01-16,0.4137527048587799,0.4276301553707639,0.4132389471475282,0.41580872829471355,3882600
2001-01-17,0.4137527048587799,0.42043453287783256,0.4122107699977402,0.4137527048587799,2089800
2001-01-18,0.4188925325870514,0.43636790190378216,0.39062362092896147,0.41221070561167983,2611800
2001-01-19,0.4163227379322052,0.4343118642789361,0.4163227379322052,0.4343118642789361,779400
2001-01-22,0.4137527048587799,0.42660227232199127,0.41118292371159454,0.42660227232199127,408600
2001-01-23,0.43379777669906616,0.435339711140263,0.41375259220089095,0.41375259220089095,1364400
2001-01-24,0.4188925325870514,0.4343118787889931,0.416322751841258,0.42660220568802226,887400
2001-01-25,0.4188925325870514,0.4188925325870514,0.4188925325870514,0.4188925325870514,0
2001-01-26,0.4214622676372528,0.43328398568607285,0.41169690334385944,0.41632270670290517,1042200
2001-01-29,0.4296860992908478,0.44202161371442406,0.41221072898329464,0.4214623372290094,1870200
2001-01-30,0.42094844579696655,0.43893760481055705,0.419406511579354,0.43893760481055705,1504800
2001-01-31,0.4070710837841034,0.4255742964838911,0.4070710837841034,0.42146225086379946,1206000
2001-02-01,0.3803440034389496,0.40604283167729166,0.3700645530213523,0.40090323513762427,1409400
2001-02-02,0.3854840099811554,0.39576346348942765,0.3803441177952294,0.39576346348942765,478800
2001-02-05,0.369550496339798,0.3865117729560009,0.3597848025456631,0.3854839270852794,887400
2001-02-06,0.37520426511764526,0.38959576623548964,0.37520426511764526,0.37520426511764526,1105200
2001-02-07,0.3967911899089813,0.39781932969635053,0.3680084961526205,0.375204077685197,1143000
2001-02-08,0.4070710837841034,0.4158086017156004,0.3931936374966468,0.4009033094548917,1303200
2001-02-09,0.3906235098838806,0.4009032549093245,0.39062350988388067,0.4009032549093245,788400
2001-02-12,0.39936134219169617,0.4209484586605558,0.3952493336726808,0.3952493336726808,1171800
2001-02-13,0.398333340883255,0.41015506160431503,0.39370753647856965,0.3998752756848168,867600
2001-02-14,0.4060429334640503,0.4106687369410866,0.38034409878352965,0.39062358854059614,687600
2001-02-15,0.3854840099811554,0.40604295376031985,0.3752042256093034,0.40604295376031985,468000
2001-02-16,0.3618408143520355,0.3906235124074535,0.36029888016021555,0.3906235124074535,1089000
2001-02-19,0.36698096990585327,0.36955075179076635,0.36081319192843464,0.3623551272321299,396000
2001-02-20,0.3613267242908478,0.3803440228544909,0.3602988784556634,0.3803440228544909,363600
2001-02-21,0.3633829951286316,0.37006482478184677,0.3597850359517122,0.3649249303667795,590400
2001-02-22,0.37520426511764526,0.3793163116448091,0.3623549928325744,0.37366233038586244,1135800
2001-02-23,0.38959574699401855,0.38959574699401855,0.36749457330879953,0.38548403153353994,754200
2001-02-26,0.38959574699401855,0.38959574699401855,0.38959574699401855,0.38959574699401855,0
2001-02-27,0.38959574699401855,0.38959574699401855,0.38959574699401855,0.38959574699401855,0
2001-02-28,0.3716064989566803,0.38445572967184205,0.36852263064688295,0.3700645648017816,662400
2001-03-01,0.3942215144634247,0.40193122379041935,0.3716065852291109,0.3716065852291109,918000
2001-03-02,0.4158085882663727,0.42351825997525017,0.39319362477889463,0.39319362477889463,1188000
2001-03-05,0.4065570533275604,0.42146231095065984,0.40141716100143465,0.42146231095065984,1963800
2001-03-06,0.4065570533275604,0.4152945725047444,0.40347318410460276,0.40707114181924964,1594800
2001-03-07,0.40809884667396545,0.41786453945409363,0.4009032278364321,0.41786453945409363,657000
2001-03-08,0.4086132049560547,0.4163228804384527,0.39062374158799734,0.4086132049560547,1065600
2001-03-09,0.4111827611923218,0.4111827611923218,0.400903273040261,0.40604287006584183,275400
2001-03-12,0.39113757014274597,0.4009032637988918,0.3906235185455065,0.3911375701427459,541800
2001-03-13,0.3962774872779846,0.400903290231119,0.38856781568942733,0.3962774872779846,716400
2001-03-14,0.3962774872779846,0.400903290231119,0.38856781568942733,0.3962774872779846,716400
2001-03-15,0.3834279477596283,0.4024452491273545,0.3752041872750759,0.3834279477596283,601200
2001-03-16,0.3803440034389496,0.3854838940794883,0.3793161576562339,0.3813718492216652,489600
2001-03-19,0.38805368542671204,0.38805368542671204,0.372634343913264,0.3777742347055767,136800
2001-03-20,0.37777432799339294,0.39062359861455614,0.3705784129344937,0.37263443593183226,689400
2001-03-21,0.375718355178833,0.39319372583137774,0.36492481201241744,0.38548405214108095,525600
2001-03-22,0.369550496339798,0.37006458470691306,0.3505331971186433,0.369550496339798,1128600
2001-03-23,0.37520426511764526,0.3777743769130263,0.3597849177998172,0.37520426511764526,550800
2001-03-26,0.3700645864009857,0.39062352585319476,0.36646662954172676,0.3700645864009857,660600
2001-03-27,0.3721204102039337,0.3849699770924115,0.37006471772358907,0.3721204102039337,1033200
2001-03-28,0.37674617767333984,0.3803441354569211,0.36852274683029,0.37674617767333984,522000
2001-03-29,0.3644105792045593,0.37674605222529123,0.3633827334073267,0.3644105792045593,725400
2001-03-30,0.3736622631549835,0.3854839812140484,0.3613267875201715,0.3736622631549835,1011600
2001-04-02,0.3567010164260864,0.3849699276010637,0.34950539518006174,0.3567010164260864,797400
2001-04-03,0.3597849905490875,0.3716067131255422,0.3469357156658667,0.3597849905490875,531000
2001-04-04,0.37982985377311707,0.3829137214866979,0.3623547872091739,0.37982985377311707,669600
2001-04-05,0.3849698603153229,0.3854839487112788,0.3726343857205985,0.3849698603153229,491400
2001-04-06,0.4060429334640503,0.4060429334640503,0.38034409878352965,0.3957634437069838,894600
2001-04-09,0.4060429334640503,0.4060429334640503,0.4060429334640503,0.4060429334640503,0
2001-04-10,0.43431180715560913,0.43688162424016996,0.4188924634968628,0.426602135326236,2890800
2001-04-11,0.4769720137119293,0.48056997130002016,0.4343118610575144,0.4769720137119293,5767200
2001-04-12,0.4934197962284088,0.49855936021834635,0.4574411572174494,0.4934197962284088,1332000
2001-04-13,0.4934197962284088,0.4934197962284088,0.4934197962284088,0.4934197962284088,0
2001-04-16,0.45487096905708313,0.4857096856777103,0.4533290350641821,0.45487096905708313,1218600
2001-04-17,0.46258071064949036,0.4677203076086324,0.44459125737111316,0.46258071064949036,1499400
2001-04-18,0.4728603959083557,0.4934196762216886,0.45230115235765306,0.47286039590835577,1944000
2001-04-19,0.4307141602039337,0.47286050324782103,0.42660240614326217,0.43071416020393377,1616400
2001-04-20,0.4137527048587799,0.4368817645370019,0.4122107699977402,0.4137527048587799,1499400
2001-04-23,0.4425358176231384,0.4523012236490399,0.40090352944126256,0.4214624821314114,1386000
2001-04-24,0.4271160960197449,0.46772020846253753,0.4214621177931669,0.46206652433679263,606600
2001-04-25,0.45538491010665894,0.4651506062873976,0.430713956272026,0.4343118772314854,2120400
2001-04-26,0.45281511545181274,0.46258081133238127,0.43945175606071424,0.4574409191536221,693000
2001-04-27,0.4677204191684723,0.4805699844516675,0.4528151248991272,0.4574409286974471,2048400
2001-04-30,0.44459158182144165,0.4702907250126273,0.4384238403937569,0.4677206489378982,1839600
2001-05-01,0.44459158182144165,0.44459158182144165,0.44459158182144165,0.44459158182144165,0
2001-05-02,0.44459158182144165,0.44459158182144165,0.44459158182144165,0.44459158182144165,0
2001-05-03,0.4600106477737427,0.46001064777374273,0.43431181475159725,0.43431181475159725,700200
2001-05-04,0.46258071064949036,0.4754299787669349,0.457440819589453,0.46206662228443446,1081800
2001-05-07,0.46258071064949036,0.4677203076086324,0.4548710394911879,0.46258071064949036,1126800
2001-05-08,0.463094562292099,0.46617846814494956,0.44921715138605867,0.44921715138605867,455400
2001-05-09,0.463094562292099,0.463094562292099,0.463094562292099,0.463094562292099,0
2001-05-10,0.4610387086868286,0.4728600924383821,0.46103870868682856,0.46772023889605036,1236600
2001-05-11,0.43893760442733765,0.46669242032013275,0.43739567021107123,0.4610387718149906,439200
2001-05-14,0.4291721284389496,0.4394518789075058,0.42660231030035867,0.4394518789075058,81000
2001-05-15,0.4224903881549835,0.43174199363891597,0.4214622114144284,0.43174199363891597,495000
2001-05-16,0.4368816316127777,0.4471614148011094,0.4240323621600598,0.4240323621600598,558000
2001-05-17,0.4235181510448456,0.4394515787662338,0.42146212883011763,0.4394515787662338,833400
2001-05-18,0.4266022741794586,0.43225596183596693,0.4224905581533308,0.4317421673598512,892800
2001-05-21,0.42454615235328674,0.4317420673110353,0.42197637179041486,0.4317420673110353,410400
2001-05-22,0.41323888301849365,0.4266022061191514,0.4116969483967412,0.4266022061191514,331200
2001-05-23,0.4137527048587799,0.4214623791639782,0.40861314256440917,0.4188925980167929,349200
2001-05-24,0.4096410870552063,0.42660237459282985,0.40861324052265147,0.41118302228589937,385200
2001-05-25,0.4086132049560547,0.41118298649562307,0.39576359876819445,0.41118298649562307,471600
2001-05-28,0.41015520691871643,0.4209487543537083,0.3988475707465236,0.4209487543537083,99000
2001-05-29,0.4029589891433716,0.41015490267136623,0.4024451948884045,0.40604285755151176,324000
2001-05-30,0.4029589891433716,0.4029589891433716,0.4029589891433716,0.4029589891433716,0
2001-05-31,0.4034731686115265,0.415808645029684,0.40347316861152643,0.415808645029684,1468800
2001-06-01,0.398333340883255,0.41015506160431503,0.3967914060816932,0.4060430148910639,565200
2001-06-04,0.40552935004234314,0.4127249371424606,0.4019313910604318,0.4019313910604318,1566000
2001-06-05,0.4163227379322052,0.42608810295812044,0.3983332807218948,0.4060429535652908,1890000
2001-06-06,0.4307141602039337,0.44202179635320743,0.4060431579256044,0.4060431579256044,2505600
2001-06-07,0.4420216977596283,0.44973137276362757,0.42814424598979944,0.43174220461288987,955800
2001-06-08,0.43122807145118713,0.4497313263122717,0.42506033208503446,0.44202165210458083,662400
2001-06-11,0.4240323603153229,0.4317420322412602,0.41735053435833047,0.4312279438250176,372600
2001-06-12,0.4188925325870514,0.4235183364476339,0.416322751841258,0.4235183364476339,361800
2001-06-13,0.43379777669906616,0.43636785124747873,0.4224904412767076,0.4240323757179044,995400
2001-06-14,0.43379777669906616,0.4337977766990662,0.4337977766990662,0.4337977766990662,0
2001-06-15,0.4266022741794586,0.43585392014860613,0.42608818560232625,0.42608818560232625,399600
2001-06-18,0.4224903881549835,0.42608801415639463,0.40604286894120767,0.42608801415639463,1027800
2001-06-19,0.43174222111701965,0.4317422211170196,0.4111829766992165,0.4240325458183041,1053000
2001-06-20,0.45127323269844055,0.45487119072303706,0.4368817314636717,0.4368817314636717,6307200
2001-06-21,0.45127323269844055,0.45127323269844055,0.45127323269844055,0.45127323269844055,0
2001-06-22,0.45127323269844055,0.45127323269844055,0.45127323269844055,0.45127323269844055,0
2001-06-25,0.49393346905708313,0.5345379071854223,0.49393346905708313,0.5196326080365555,5950800
2001-06-26,0.4944475591182709,0.5062689880922928,0.47800032481844074,0.4934197126671009,6035400
2001-06-27,0.5067830681800842,0.5216883682005126,0.4985593035221393,0.5011294160885862,2424600
2001-06-28,0.5319681167602539,0.5335100518387565,0.5114088353296905,0.5293980043869568,6465600
2001-06-29,0.4934197962284088,0.5371077812242746,0.4887939901192141,0.5021573197023038,11683800
2001-07-02,0.5011293292045593,0.5129507567866654,0.4836539564101372,0.48827976119127925,999000
2001-07-03,0.4944475591182709,0.5139786636353065,0.4944475591182709,0.5011293882101145,478800
2001-07-04,0.4944475591182709,0.4944475591182709,0.4944475591182709,0.4944475591182709,0
2001-07-05,0.4749163091182709,0.493419561515963,0.46309458966457967,0.47543010351724835,1024200
2001-07-06,0.4661785364151001,0.47748616835643415,0.46001076056877,0.4723462754988054,561600
2001-07-09,0.4661785364151001,0.4661785364151001,0.4661785364151001,0.4661785364151001,0
2001-07-10,0.4574408233165741,0.4636085602934693,0.45230093221465806,0.4636085602934693,1225800
2001-07-11,0.4934197962284088,0.4934197962284088,0.4420218035201337,0.44716169837382275,1362600
2001-07-12,0.4882798492908478,0.49290565490661664,0.47286046047564956,0.48313995498542134,788400
2001-07-13,0.4769720137119293,0.5036989896586533,0.4630945659341297,0.4934195362315643,406800
2001-07-16,0.4728603959083557,0.4857100012481339,0.46463663231534047,0.4780002895119492,336600
2001-07-17,0.4841681718826294,0.48827988914433995,0.47286049907060834,0.4805702124887932,871200
2001-07-18,0.4651506841182709,0.4882797439709071,0.45795509833370524,0.4882797439709071,271800
2001-07-19,0.45281511545181274,0.4780001570050793,0.4502453347942228,0.4728602648263202,163800
2001-07-20,0.48057007789611816,0.4872519060808016,0.45332930153442036,0.45332930153442036,388800
2001-07-23,0.4810839891433716,0.5016429313128488,0.48056993746857335,0.4882796097120344,612000
2001-07-24,0.4677204191684723,0.4882796574488674,0.46309457860753167,0.4831397651628721,507600
2001-07-25,0.477486252784729,0.4821120579154349,0.4625809542221616,0.4625809542221616,522000
2001-07-26,0.4600106477737427,0.47748605127642213,0.46001064777374273,0.4677203565005716,691200
2001-07-27,0.4584687352180481,0.47183238783489767,0.45230099735290447,0.46001066968433396,585000
2001-07-30,0.4471617043018341,0.46772065902427595,0.4471617043018341,0.46772065902427595,487800
2001-07-31,0.45384281873703003,0.45384281873703,0.4471613249569633,0.4502451931211403,574200
2001-08-01,0.45487096905708313,0.462066550736136,0.44561936509967687,0.4471612990925779,828000
2001-08-02,0.4666927456855774,0.4723464348949289,0.452301239345891,0.452301239345891,1431000
2001-08-03,0.4831399917602539,0.48313999176025385,0.46515081985493123,0.4728604964680449,3258000
2001-08-06,0.4831399917602539,0.49598956307002373,0.47029071455158744,0.49598956307002373,712800
2001-08-07,0.47183239459991455,0.4831397303683788,0.4697763716608688,0.4831397303683788,630000
2001-08-08,0.4887935519218445,0.4887935519218445,0.4754299034553487,0.48313957339238284,2224800
2001-08-09,0.5103808641433716,0.5103808641433716,0.4836538856944528,0.4908494706807121,4323600
2001-08-10,0.5062690377235413,0.5134649194156212,0.4985593246620858,0.5062690377235413,3465000
2001-08-13,0.4882798492908478,0.5088390956488372,0.48519597888033517,0.5088390956488372,955800
2001-08-14,0.5021570920944214,0.5078107790289005,0.47800018910993713,0.4851958107152499,759600
2001-08-15,0.5062690377235413,0.5088391136363297,0.4918778257789279,0.5088391136363297,1962000
2001-08-16,0.4934197962284088,0.5036992550720354,0.4887939901192141,0.5036992550720354,721800
2001-08-17,0.4754299819469452,0.49855899557655564,0.47337425343737394,0.4887936326197264,529200
2001-08-20,0.48262616991996765,0.493419715747572,0.4733745224479594,0.4733745224479594,878400
2001-08-21,0.4728603959083557,0.4857100012481339,0.4651507209348011,0.4780002895119492,1107000
2001-08-22,0.48570969700813293,0.4929052788550412,0.46772024609566676,0.47286009971711623,1922400
2001-08-23,0.4934197962284088,0.4959895782233776,0.4805702245260619,0.4872520547494825,1929600
2001-08-24,0.4851960837841034,0.5031852214469353,0.4728605627123669,0.4959896325545601,1321200
2001-08-27,0.4713183045387268,0.47594414475071933,0.46463647815733206,0.47234618733557426,1812600
2001-08-28,0.4677204191684723,0.47800016697784226,0.4661784845690323,0.47286027469184694,423000
2001-08-29,0.4754299819469452,0.48313965315681534,0.46926224497904906,0.4702903849534259,536400
2001-08-30,0.46258071064949036,0.47337425027111385,0.4523009285294156,0.47337425027111385,430200
2001-08-31,0.46052485704421997,0.4728603354240572,0.4579550760029634,0.46258088039540235,687600
2001-09-03,0.46258071064949036,0.4677203076086324,0.457440819589453,0.4656645791128114,1351800
2001-09-04,0.46720677614212036,0.4738883110911982,0.46258097084518446,0.46515075238891773,2442600
2001-09-05,0.47954195737838745,0.4831396198821555,0.4625806818848254,0.4723460809317069,1319400
2001-09-06,0.4764581024646759,0.49341941519637017,0.4764581024646759,0.4831396334273222,1180800
2001-09-07,0.4764581024646759,0.4764581024646759,0.4764581024646759,0.4764581024646759,0
2001-09-10,0.4754299819469452,0.48827954425123193,0.47286016506887946,0.4805698730413618,867600
2001-09-11,0.44510525465011597,0.4533290124905698,0.42660201089407,0.4533290124905698,129600
2001-09-12,0.4425358176231384,0.45075928841129026,0.4266023765451512,0.431742270958891,3058200
2001-09-13,0.4163227379322052,0.4445913545448909,0.4163227379322052,0.4445913545448909,2770200
2001-09-14,0.38805368542671204,0.41632262525180674,0.37057832142364094,0.41632262525180674,1778400
2001-09-17,0.3829139471054077,0.4009034066099097,0.36543887024488403,0.38548405895669186,1112400
2001-09-18,0.4009031653404236,0.4009031653404236,0.3551589075897041,0.36543865031847045,1927800
2001-09-19,0.393193781375885,0.39524951083724674,0.37366238469228696,0.3865119529458475,1065600
2001-09-20,0.39781948924064636,0.40552919890277134,0.380344120380575,0.39576346617958447,1184400
2001-09-21,0.3834279477596283,0.39576342305468404,0.36698075765406935,0.3803440789358644,1207800
2001-09-24,0.3834279477596283,0.3834279477596283,0.3834279477596283,0.3834279477596283,0
2001-09-25,0.3854840099811554,0.38805379064232853,0.3752042256093034,0.3803441177952294,210600
2001-09-26,0.3824002146720886,0.3824002146720886,0.36081308976977833,0.38034419122804713,468000
2001-09-27,0.3824002146720886,0.3824002146720886,0.36081308976977833,0.38034419122804713,468000
2001-09-28,0.3793163299560547,0.38445589206769665,0.3664667629496888,0.38445589206769665,408600
2001-10-01,0.36029893159866333,0.3736622528810987,0.35978484317349607,0.3628687119974078,361800
2001-10-02,0.3597849905490875,0.3690366008104791,0.3577292609708235,0.3597849905490875,1557000
2001-10-03,0.3597849905490875,0.3710926244897933,0.3572151723350746,0.36441079567978335,1445400
2001-10-04,0.3597849905490875,0.36955068944622804,0.3500195857529972,0.3649248843155322,1107000
2001-10-05,0.35824301838874817,0.35978495327255694,0.34950546090575335,0.35978495327255694,502200
2001-10-08,0.33922600746154785,0.3541312678120572,0.3387119188757891,0.3495054631311768,568800
2001-10-09,0.33922600746154785,0.3597849555634335,0.3366558953964036,0.3469356819296819,1971000
2001-10-10,0.35104745626449585,0.35104745626449585,0.33973982154738325,0.33973982154738325,243000
2001-10-11,0.3597849905490875,0.3597849905490875,0.3443656033508036,0.35618732592725827,574200
2001-10-12,0.3597849905490875,0.3597849905490875,0.3597849905490875,0.3597849905490875,0
2001-10-15,0.3962774872779846,0.3998751502062415,0.35464522393716125,0.36441062413626396,984600
2001-10-16,0.38959574699401855,0.4050151303129334,0.3777743582553935,0.4050151303129334,1267200
2001-10-17,0.38188618421554565,0.40604309395168614,0.37777446756533206,0.40604309395168614,1303200
2001-10-18,0.3710923492908478,0.391651578246395,0.3705782610363424,0.3716064375453532,806400
2001-10-19,0.3906235098838806,0.39473551818189034,0.3700645712721539,0.37109241710556073,496800
2001-10-22,0.40501508116722107,0.4101549730168286,0.37571828950260094,0.39062358250645485,1107000
2001-10-23,0.3962774872779846,0.4086129985822902,0.3931936186425617,0.3931936186425617,948600
2001-10-24,0.38651183247566223,0.398333256594255,0.38034409457453455,0.38085818302081503,923400
2001-10-25,0.40450093150138855,0.406042865736541,0.3700645840627103,0.3854839264142349,963000
2001-10-26,0.40450093150138855,0.4086129767041338,0.3952493260904738,0.4009032687657595,570600
2001-10-29,0.3803440034389496,0.41066863399473247,0.3803440034389496,0.3952492929365965,743400
2001-10-30,0.37520426511764526,0.39062364919809717,0.37520426511764526,0.38548405057194035,666000
2001-10-31,0.3957635164260864,0.3973054879643777,0.37571836434242306,0.37777438766451965,873000
2001-11-01,0.39936134219169617,0.40964083043135024,0.38599769132167655,0.3978194079269642,388800
2001-11-02,0.39936134219169617,0.3993613421916961,0.3993613421916961,0.3993613421916961,0
2001-11-05,0.41169703006744385,0.41837852751142424,0.403473266832172,0.4060430480903447,1026000
2001-11-06,0.42094844579696655,0.42557424844980435,0.4111827521309187,0.4188924232189817,538200
2001-11-07,0.4214622676372528,0.43585380291586384,0.418892487170079,0.4255743134209966,1893600
2001-11-08,0.4291721284389496,0.43739589205116436,0.4152946766915223,0.42660231030035867,417600
2001-11-09,0.4353398084640503,0.4358538970138953,0.4152946194846085,0.4358538970138953,883800
2001-11-12,0.4214622676372528,0.43585380291586384,0.4147807722498899,0.4343118317002314,509400
2001-11-13,0.43174222111701965,0.4471616084770824,0.4317422211170196,0.43688182083633836,1159200
2001-11-14,0.4271160960197449,0.4415072953182414,0.426602007763664,0.4394515672581881,428400
2001-11-15,0.4271160960197449,0.4271160960197448,0.4271160960197448,0.4271160960197448,0
2001-11-16,0.4224903881549835,0.4358537447732169,0.42197629978470597,0.42917191941365107,1224000
2001-11-19,0.45230093598365784,0.45435695861425895,0.4312279079955564,0.4312279079955564,1503000
2001-11-20,0.44613343477249146,0.4615527854935756,0.4420217182014316,0.4574410689225157,856800
2001-11-21,0.4831399917602539,0.4882798864569101,0.4399657659641795,0.48159805643763115,1476000
2001-11-22,0.47029054164886475,0.4934195997474255,0.46515064884189455,0.48570992596878004,1042200
2001-11-23,0.49084925651550293,0.49084925651550293,0.47029031994415077,0.47029031994415077,1360800
2001-11-26,0.49855944514274597,0.5036993408719627,0.4887940733801845,0.49084976698082494,1585800
2001-11-27,0.503184974193573,0.5067829323037017,0.47800022325092206,0.5067829323037017,1182600
2001-11-28,0.4882798492908478,0.5036992013434108,0.46258100272851294,0.4954754366274718,2124000
2001-11-29,0.4677204191684723,0.49547524195839193,0.46360866709520704,0.49290546124718737,1258200
2001-11-30,0.46823447942733765,0.4929054702306393,0.4682344794273376,0.47543010083062665,810000
2001-12-03,0.49753135442733765,0.5011293127602685,0.4682345550121683,0.4682345550121683,1267200
2001-12-04,0.49239158630371094,0.5129508702630364,0.468234673961169,0.4985593273763447,1011600
2001-12-05,0.4893074333667755,0.49855903963622134,0.4682344037227131,0.49855903963622134,1063800
2001-12-06,0.5062690377235413,0.5129508674704271,0.49341976103869173,0.4954754541425582,1609200
2001-12-07,0.5062690377235413,0.5129508674704271,0.48982180181133356,0.5062690377235413,950400
2001-12-10,0.5036988854408264,0.5036988854408264,0.4908493231679211,0.49907308272620154,930600
2001-12-11,0.5088387727737427,0.5129505238534466,0.4934194305052642,0.5036988817297477,1044000
2001-12-12,0.5196326971054077,0.5314541280721131,0.5036992546761216,0.5036992546761216,3857400
2001-12-13,0.5114086270332336,0.5242582278376485,0.5103807810207693,0.5242582278376485,964800
2001-12-14,0.5088387727737427,0.519118260760838,0.5062686985826039,0.5103807070005905,504000
2001-12-17,0.5216884016990662,0.5396778673644747,0.5191186198313228,0.5211746438437586,2800800
2001-12-18,0.5216884016990662,0.5216884016990662,0.5216884016990662,0.5216884016990662,0
2001-12-19,0.5422472953796387,0.5617783894919989,0.5396775151888485,0.5499569668155281,921600
2001-12-20,0.5036988854408264,0.5473871692405093,0.4939331916443377,0.5376214754440207,595800
2001-12-21,0.5391635298728943,0.5391635298728943,0.5191183803077096,0.5191183803077096,970200
2001-12-24,0.5391635298728943,0.5391635298728943,0.5391635298728943,0.5391635298728943,0
2001-12-25,0.5391635298728943,0.5391635298728943,0.5391635298728943,0.5391635298728943,0
2001-12-26,0.5473873019218445,0.5586946385964329,0.5391635403702046,0.5391635403702046,352800
2001-12-27,0.5520132184028625,0.5597229297985367,0.5520132184028625,0.5550970882560808,1083600
2001-12-28,0.5443033576011658,0.5550968983957034,0.52425821041131,0.5479010207195987,1589400
2001-12-31,0.5443033576011658,0.5443033576011658,0.5443033576011658,0.5443033576011658,0
2002-01-01,0.5443033576011658,0.5443033576011658,0.5443033576011658,0.5443033576011658,0
2002-01-02,0.5540689826011658,0.5550971230965785,0.5396777728626967,0.5448173724608366,1274400
2002-01-03,0.5628066062927246,0.5653763866663084,0.5550968975458144,0.5648622982461746,1141200
2002-01-04,0.5499571561813354,0.5653765411250581,0.5448172999290514,0.5628067600494197,563400
2002-01-07,0.5376217365264893,0.549957216422571,0.5319680851953417,0.549957216422571,1117800
2002-01-08,0.5350517630577087,0.5489291729580825,0.5288840253242093,0.5345376746254004,1296000
2002-01-09,0.5448171496391296,0.5504710928923324,0.5324816377344251,0.5329957261531927,1128600
2002-01-10,0.5196326971054077,0.5396778936588014,0.5196326971054077,0.5371077808021012,858600
2002-01-11,0.5319681167602539,0.5473874675452801,0.5216883289944437,0.5216883289944437,1407600
2002-01-14,0.5263142585754395,0.5268283473442938,0.5072972385941614,0.5268283473442938,1240200
2002-01-15,0.5139786005020142,0.5391636478035474,0.5139786005020142,0.5170624703404201,995400
2002-01-16,0.5293976068496704,0.5345374968729095,0.5062685980402554,0.5139782676433937,1917000
2002-01-17,0.5263142585754395,0.5371078066750103,0.5155207104758686,0.5242585652275564,1053000
2002-01-18,0.5124368667602539,0.5242585930243346,0.5124368667602539,0.5201465443830089,489600
2002-01-21,0.49855944514274597,0.5191187339584501,0.49341988027733713,0.5191187339584501,406800
2002-01-22,0.5108945369720459,0.5139784056412882,0.49393322252859917,0.5088388083389562,270000
2002-01-23,0.5119227170944214,0.5186042492545733,0.5011291759068829,0.512950599872762,840600
2002-01-24,0.5036988854408264,0.5216880446946989,0.5036988854408264,0.5216880446946989,235800
2002-01-25,0.5036988854408264,0.5036988854408264,0.5036988854408264,0.5036988854408264,0
2002-01-28,0.4887935519218445,0.5088386937581333,0.4887935519218445,0.5088386937581333,554400
2002-01-29,0.4651506841182709,0.5088389858943523,0.46258090295170706,0.4882797439709071,1423800
2002-01-30,0.4651506841182709,0.4831398507741346,0.45281520513693274,0.4831398507741346,1515600
2002-01-31,0.46258071064949036,0.4923912553152003,0.454356951126132,0.4923912553152003,631800
2002-02-01,0.46823447942733765,0.48056999321029914,0.45744093703454,0.4636086755447101,554400
2002-02-04,0.463094562292099,0.4728602580323559,0.45744091258119995,0.45744091258119995,579600
2002-02-05,0.4677204191684723,0.4826260075387829,0.46258082098344244,0.47286027469184694,903600
2002-02-06,0.4728603959083557,0.4882797826180951,0.4625809395648399,0.46566480955426176,946800
2002-02-07,0.4887935519218445,0.49598913357525803,0.4779999772473906,0.4779999772473906,563400
2002-02-08,0.49701693654060364,0.5088386500031445,0.4882794216511213,0.5088386500031445,995400
2002-02-11,0.49701693654060364,0.49701693654060364,0.49701693654060364,0.49701693654060364,0
2002-02-12,0.49701693654060364,0.49701693654060364,0.49701693654060364,0.49701693654060364,0
2002-02-13,0.5319681167602539,0.5319681167602539,0.4831399152692461,0.5088390538200824,2340000
2002-02-14,0.5242583751678467,0.5252862214691625,0.5062689142811141,0.5216882631190866,1121400
2002-02-15,0.5114086270332336,0.5191183360482186,0.509352640907368,0.5191183360482186,424800
2002-02-18,0.5139786005020142,0.5170624703404201,0.503699107899251,0.5098668475760628,709200
2002-02-19,0.5042130351066589,0.5242582194029279,0.5036989466769207,0.5216881081177861,491400
2002-02-20,0.5288843512535095,0.529398109138875,0.5088391545040035,0.5186045614536391,1395000
2002-02-21,0.5407054424285889,0.5407054424285889,0.529397812333817,0.5324816813720666,1436400
2002-02-22,0.5432752966880798,0.5545829275512878,0.5345377406778292,0.5345377406778292,1058400
2002-02-25,0.5751417875289917,0.5751417875289917,0.5525265406907091,0.5550966138517285,1305000
2002-02-26,0.5499571561813354,0.5756559962912449,0.5396777010151486,0.5756559962912449,3427200
2002-02-27,0.5520132184028625,0.5571528176784172,0.532995910686798,0.5407055853198436,1882800
2002-02-28,0.5520132184028625,0.5520132184028625,0.5520132184028625,0.5520132184028625,0
2002-03-01,0.5550970435142517,0.5602366423755454,0.5299119981217111,0.5371075835780242,842400
2002-03-04,0.5700021982192993,0.5700021982192993,0.5448171590799378,0.5453312107449974,1116000
2002-03-05,0.5556108951568604,0.5787399195723958,0.5556108951568604,0.5653765935313076,1191600
2002-03-06,0.5653766393661499,0.5751423385322982,0.546873381571041,0.546873381571041,1107000
2002-03-07,0.5653766393661499,0.5859358841345763,0.546873381571041,0.5653766393661499,1339200
2002-03-08,0.5833654999732971,0.5849074342438183,0.5653763403424428,0.5653763403424428,664200
2002-03-11,0.5705163478851318,0.5885054744221393,0.5679462363344286,0.5885054744221393,565200
2002-03-12,0.5992990136146545,0.6008409480975893,0.5782259825397827,0.5859356549544562,1463400
2002-03-13,0.6018688678741455,0.6064946718897145,0.5885055075766354,0.5915894136829706,1391400
2002-03-14,0.6059810519218445,0.606494809686789,0.5972431995536631,0.6013552468552814,603000
2002-03-15,0.6162601709365845,0.6162601709365845,0.5859355389669466,0.597756960804128,1810800
2002-03-18,0.6142040491104126,0.6162600713027768,0.6013548202826021,0.6162600713027768,1033200
2002-03-19,0.6162601709365845,0.6162601709365845,0.6013549175066042,0.6116343684034704,1045800
2002-03-20,0.6424732804298401,0.6424732804298401,0.6116345509110679,0.6116345509110679,1247400
2002-03-21,0.6116344928741455,0.6321937297152809,0.6070086893996572,0.6147183618571377,5389200
2002-03-22,0.6018688678741455,0.6167744569444912,0.5967292694477364,0.5967292694477364,1999800
2002-03-25,0.6013550162315369,0.6142042492462144,0.5962151245075358,0.6018687737994519,1600200
2002-03-26,0.6162601709365845,0.6162601709365845,0.6023827633372422,0.6116343684034704,1384200
2002-03-27,0.6064948439598083,0.6162605432734155,0.601355280837864,0.6162605432734155,790200
2002-03-28,0.5962149500846863,0.6167741801025319,0.5936451336436446,0.6064943996618825,1441800
2002-03-29,0.5962149500846863,0.5962149500846863,0.5962149500846863,0.5962149500846863,0
2002-04-01,0.6116344928741455,0.6136905158173279,0.6013550398853593,0.6013550398853593,1315800
2002-04-02,0.6039247512817383,0.6244840225319473,0.6039247512817383,0.6219138746686808,549000
2002-04-03,0.6162601709365845,0.6167742592836513,0.608550500048061,0.6116343684034704,716400
2002-04-04,0.652752697467804,0.6625183926926732,0.6039248095453368,0.6116344818640344,968400
2002-04-05,0.6465853452682495,0.6573788561895911,0.6373336594424156,0.6568651350669248,610200
2002-04-08,0.6676585674285889,0.6676585674285889,0.628081973238941,0.6327078156075607,763200
2002-04-09,0.6913012266159058,0.6938713016881423,0.6681721685212513,0.6681721685212513,2019600
2002-04-10,0.7118605971336365,0.7180283376017446,0.681021894793096,0.6835916763669088,1645200
2002-04-11,0.6835918426513672,0.7118607702945424,0.6799941769829999,0.7118607702945424,646200
2002-04-12,0.7812474966049194,0.7863873519385646,0.7298495314703782,0.740129315662907,5018400
2002-04-15,0.7380732893943787,0.7838173128031556,0.7349894201693407,0.7838173128031556,4102200
2002-04-16,0.7401291728019714,0.755548515250924,0.734989244935205,0.7452687330426155,1699200
2002-04-17,0.7401291728019714,0.7606880754915682,0.7221396826065744,0.7519505583916651,2700000
2002-04-18,0.714430034160614,0.7504086499237702,0.714430034160614,0.7504086499237702,1578600
2002-04-19,0.7082622647285461,0.7401292011094156,0.6943848927563384,0.7349892730460642,1722600
2002-04-22,0.6938714981079102,0.7195703444485844,0.669200535036604,0.7195703444485844,1148400
2002-04-23,0.7123743295669556,0.7298494384375332,0.6887312627367947,0.6990106779928281,1040400
2002-04-24,0.729849636554718,0.7401294222273387,0.7015810163514408,0.7015810163514408,2795400
2002-04-25,0.714430034160614,0.7308775547192521,0.7051784279202067,0.7195699624557459,1911600
2002-04-26,0.7092905044555664,0.7247098488627068,0.6990107209417713,0.7113461964674836,883800
2002-04-29,0.7015814781188965,0.7144306856087168,0.6995254166957632,0.7000395055768441,298800
2002-04-30,0.6933574080467224,0.7298498374213088,0.6784521448419588,0.7298498374213088,1339200
2002-05-01,0.6933574080467224,0.6933574080467224,0.6933574080467224,0.6933574080467224,0
2002-05-02,0.6594346761703491,0.7144302411328318,0.6476132126455143,0.681021763651799,1261800
2002-05-03,0.6609766483306885,0.6835916213690132,0.6429875170339089,0.663032708705171,887400
2002-05-06,0.6470991969108582,0.6476132855299611,0.6296238601243695,0.6399036473244021,266400
2002-05-07,0.6003268957138062,0.663032529221178,0.5992990496179549,0.6527527448083407,7025400
2002-05-08,0.6301375031471252,0.6321934885433633,0.611634259545252,0.611634259545252,1872000
2002-05-09,0.6013550162315369,0.6311655279855127,0.6013550162315369,0.6270538498870586,950400
2002-05-10,0.6193442940711975,0.6316797725672718,0.5962152718910583,0.6023830111390953,700200
2002-05-13,0.615232527256012,0.621914023645775,0.60443898446559,0.621914023645775,304200
2002-05-14,0.616774320602417,0.6414452698984405,0.616774320602417,0.6219138811300695,667800
2002-05-15,0.616774320602417,0.6363054152698737,0.6126622751440607,0.6193441008662433,696600
2002-05-16,0.6296233534812927,0.6373329854830924,0.6229418243651483,0.6229418243651483,916200
2002-05-17,0.6476131677627563,0.6527528030897293,0.6224281238253002,0.6280817741526432,718200
2002-05-20,0.6455570459365845,0.6578925210562017,0.6429872655745114,0.6527526662311298,752400
2002-05-21,0.6465853452682495,0.6553231629208596,0.6424735911043926,0.6476134492410909,664200
2002-05-22,0.6183162927627563,0.6573784086398314,0.6172881159646292,0.6476130083397129,1018800
2002-05-23,0.6280819177627563,0.634249658025962,0.6172884090647783,0.6193443960111105,397800
2002-05-24,0.6424732804298401,0.6424732804298401,0.6193442241001056,0.6424732804298401,588600
2002-05-27,0.6399035453796387,0.6476131823569545,0.6270539788585325,0.6476131823569545,181800
2002-05-28,0.6671444177627563,0.6671444177627563,0.6424734567857735,0.6424734567857735,1387800
2002-05-29,0.6681725978851318,0.6681725978851318,0.6578930997683763,0.6630330326399942,945000
2002-05-30,0.6681725978851318,0.6681725978851318,0.6681725978851318,0.6681725978851318,0
2002-05-31,0.6733123064041138,0.6789660327781142,0.6537811981846361,0.6578929523950949,358200
2002-06-03,0.6455570459365845,0.6733118649557231,0.6455570459365845,0.6692001869663134,568800
2002-06-04,0.6578928828239441,0.6578928828239441,0.6363057894941193,0.6501832433973569,700200
2002-06-05,0.6383616328239441,0.6527528780837503,0.634763674458482,0.6476132421662905,1171800
2002-06-06,0.5962149500846863,0.6419589179587866,0.5957008618036178,0.6383612558190612,1668600
2002-06-07,0.6085509061813354,0.6106069300782514,0.5910755302168416,0.6013553188377045,2046600
2002-06-10,0.6142040491104126,0.6337354695418721,0.607008467732301,0.610606423853078,952200
2002-06-11,0.5807957053184509,0.6162602316629489,0.5756558139317846,0.6162602316629489,1215000
2002-06-12,0.5807957053184509,0.6142042089355766,0.5756558139317846,0.591589282388595,1116000
2002-06-13,0.5782261490821838,0.6085507957888581,0.565890669665805,0.5936454983526573,1189800
2002-06-14,0.5550970435142517,0.570516428300141,0.5453313461449748,0.570516428300141,1186200
2002-06-17,0.5746277570724487,0.5879911094989039,0.5499567800914047,0.5550966695913827,718200
2002-06-18,0.539677619934082,0.5807958020475001,0.539677619934082,0.5807958020475001,842400
2002-06-19,0.5088387727737427,0.5597226757849452,0.5062686985826039,0.5597226757849452,1148400
2002-06-20,0.4728603959083557,0.5268281942484985,0.4625809395648399,0.5268281942484985,1791000
2002-06-21,0.44870349764823914,0.48313985998089487,0.4487034976482392,0.47286036749248045,1396800
2002-06-24,0.46823447942733765,0.48056999321029914,0.4409937078659958,0.4625808294142124,541800
2002-06-25,0.4651506841182709,0.4882797439709071,0.452301116558162,0.48211200448023805,1054800
2002-06-26,0.45281511545181274,0.4728602648263202,0.4471614656596832,0.4528151154518127,325800
2002-06-27,0.45230093598365784,0.4702903895585141,0.44973115584304096,0.4625807182731507,1146600
2002-06-28,0.4620667099952698,0.48211189557450296,0.4523010143864984,0.48211189557450296,783000
2002-07-01,0.43739578127861023,0.4589828657879298,0.43739578127861023,0.4589828657879298,1132200
2002-07-02,0.4471617043018341,0.4471617043018341,0.4322561082876582,0.4471617043018341,901800
2002-07-03,0.4399654269218445,0.44973112006081534,0.4327698078199064,0.4379096985557047,1510200
2002-07-04,0.4440777003765106,0.4461333930378922,0.43688178347070533,0.4420216768514724,505800
2002-07-05,0.4379097819328308,0.44561949083530744,0.4368816418344332,0.4440775564073354,676800
2002-07-08,0.4394516944885254,0.44716140300727636,0.4368816200900728,0.43790976013729815,637200
2002-07-09,0.4394516944885254,0.4394516944885254,0.4394516944885254,0.4394516944885254,0
2002-07-10,0.4420216977596283,0.4548712663875178,0.4394518796168891,0.4394518796168891,842400
2002-07-11,0.4934197962284088,0.4934197962284088,0.4445915855151025,0.44973148036879157,1951200
2002-07-12,0.4990729093551636,0.503698710462849,0.48365357232954553,0.4877652852485791,1504800
2002-07-15,0.5299121141433716,0.5391637249829246,0.5036991800020042,0.5067830502818553,2215800
2002-07-16,0.5448171496391296,0.5597227360115148,0.5340235721271862,0.5550968960706157,1279800
2002-07-17,0.5586946606636047,0.5674325110522189,0.5550969969067078,0.5592087491757591,2970000
2002-07-18,0.566404402256012,0.5849076573218378,0.5499571706228665,0.5653765559714926,2124000
2002-07-19,0.5499571561813354,0.5602366481101481,0.5499571561813354,0.5602366481101481,2653200
2002-07-22,0.5042130351066589,0.5720582233611774,0.49907314339992404,0.5499570162095047,3751200
2002-07-23,0.4949616491794586,0.5144927537518862,0.46669269172437067,0.5144927537518862,783000
2002-07-24,0.5036988854408264,0.513464579237315,0.47800005499591247,0.49753114848799324,887400
2002-07-25,0.48262616991996765,0.5139786668441293,0.4728604337873172,0.5134648722845515,522000
2002-07-26,0.45281511545181274,0.4728602648263202,0.44561953109241337,0.47029048416873026,1152000
2002-07-29,0.4574408233165741,0.4877654565944179,0.45487104319737104,0.46772031141950837,727200
2002-07-30,0.44047972559928894,0.49855919887114997,0.43174216819046396,0.46360874866008706,1188000
2002-07-31,0.4430496096611023,0.4600108971782885,0.4394519446069988,0.4502455279714803,966600
2002-08-01,0.45795494318008423,0.4800558183874756,0.4523009633200907,0.47594410374127977,2075400
2002-08-02,0.47800010442733765,0.4867376591555372,0.46772035796316264,0.4682344096209492,1490400
2002-08-05,0.4677204191684723,0.489307503560632,0.4677204191684723,0.4882796574488674,1688400
2002-08-06,0.4677204191684723,0.47800016697784226,0.46258082098344244,0.47800016697784226,619200
2002-08-07,0.47080421447753906,0.48827958081640344,0.4394516962599929,0.48827958081640344,1764000
2002-08-08,0.49393346905708313,0.5072971272027911,0.49393346905708313,0.4995874516816882,1083600
2002-08-09,0.4754299819469452,0.4959892154611021,0.47131823082690544,0.4959892154611021,2017800
2002-08-12,0.46566441655158997,0.48005561387679674,0.4600104391002731,0.47799988609862043,487800
2002-08-13,0.45230093598365784,0.48313965788772373,0.45230093598365784,0.4625807182731507,574200
2002-08-14,0.4420216977596283,0.46669265777242586,0.41889263598500037,0.4656648113931167,3913200
2002-08-15,0.4754299819469452,0.4810839246472441,0.44459126034485236,0.44459126034485236,1414800
2002-08-16,0.5088387727737427,0.5139783697168431,0.476971911509883,0.4805698683270301,1323000
2002-08-19,0.5036988854408264,0.5242581556673851,0.5011291053316488,0.513464579237315,1585800
2002-08-20,0.4851960837841034,0.5088392056644616,0.4851960837841034,0.5042133990485516,748800
2002-08-21,0.5139786005020142,0.5139786005020142,0.4959894333032362,0.5001011494665591,1452600
2002-08-22,0.5083245635032654,0.5191181372865175,0.501642739821721,0.507810512024695,1470600
2002-08-23,0.5165482759475708,0.5232298049449587,0.5088386073202011,0.5088386073202011,1062000
2002-08-26,0.5576668381690979,0.5628067309179616,0.5165486152437875,0.5165486152437875,1292400
2002-08-27,0.5756558775901794,0.5833655868536006,0.5628066439978845,0.5628066439978845,1236600
2002-08-28,0.5345377922058105,0.5792539373723523,0.5139785516172847,0.5792539373723523,1225800
2002-08-29,0.5443033576011658,0.5545828467373983,0.5216880991702485,0.5293977711663468,1908000
2002-08-30,0.5597228407859802,0.5653764909965632,0.542247434013005,0.5448172516234192,1699200
2002-09-02,0.5550970435142517,0.5576668613262113,0.5432753595499552,0.5576668613262113,280800
2002-09-03,0.5448171496391296,0.5504710928923324,0.5191183166183428,0.5489291584995714,909000
2002-09-04,0.5242583751678467,0.5432753882548754,0.5242583751678467,0.5432753882548754,1618200
2002-09-05,0.5052408576011658,0.5242581950169106,0.4985590317795723,0.5216880838513182,649800
2002-09-06,0.5036988854408264,0.5242581556673851,0.48930738892971287,0.5139783735036575,1974600
2002-09-09,0.5653766393661499,0.570002444624269,0.5036991623992967,0.5036991623992967,7056000
2002-09-10,0.5550970435142517,0.5756559903988091,0.5427615650956408,0.5658906238931619,6665400
2002-09-11,0.5412196516990662,0.5674325811379863,0.5376216933967921,0.5653765576990236,6055200
2002-09-12,0.5242583751678467,0.5443035286572109,0.5191184819339735,0.5391636354233377,7648200
2002-09-13,0.5191183686256409,0.5273421298321024,0.5114086591268309,0.5242582607376262,5211000
2002-09-16,0.4949616491794586,0.5165487407611198,0.4949616491794586,0.5088390651962408,7702200
2002-09-17,0.4851960837841034,0.5083251168636534,0.4831400594446586,0.4898218904000134,5605200
2002-09-18,0.4882798492908478,0.4882798492908478,0.474402432443541,0.48519597888033517,5038200
2002-09-19,0.47800010442733765,0.49804528835959005,0.47543002995148437,0.4857098131782753,3261600
2002-09-20,0.4769720137119293,0.4857098634453533,0.47286026175118945,0.4785139482691715,3220200
2002-09-23,0.45435693860054016,0.47902792238959674,0.44973113603308157,0.47902792238959674,5002200
2002-09-24,0.45487096905708313,0.45744074875743285,0.4379096583725654,0.4512730127858287,6348600
2002-09-25,0.4754299819469452,0.48313965315681534,0.44973115143926895,0.4574408226491391,4563000
2002-09-26,0.4574408233165741,0.48056987374254345,0.4564129774415948,0.4754299826406274,3970800
2002-09-27,0.4219762980937958,0.469776296331852,0.4116968467740098,0.4569267340344876,7970400
2002-09-30,0.41169703006744385,0.4214623973666941,0.3937075686692651,0.40450111316270976,6993000
2002-10-01,0.4420216977596283,0.4420216977596283,0.41169704960249187,0.427630194130939,6424200
2002-10-02,0.43328389525413513,0.4512730532595093,0.4322557553536251,0.4512730532595093,5905800
2002-10-03,0.44459158182144165,0.4512734119893497,0.426602409515972,0.43482617504080123,2590200
2002-10-04,0.45795494318008423,0.46515052652681,0.44459129156876565,0.45744085477548496,5374800
2002-10-07,0.4420216977596283,0.46155276414853563,0.4420216977596283,0.46155276414853563,2628000
2002-10-08,0.4456197917461395,0.4517875336228792,0.4250605051064415,0.44459161419083437,2941200
2002-10-09,0.43225568532943726,0.43945156058901086,0.4250600674080886,0.43945156058901086,2961000
2002-10-10,0.45127323269844055,0.4589829064199922,0.427116328562827,0.4368817314636717,3087000
2002-10-11,0.46412262320518494,0.48262586988356376,0.45898273238519643,0.4615525123634448,6319800
2002-10-14,0.4481895864009857,0.467720696029845,0.4451057153766471,0.4672069013390008,3294000
2002-10-15,0.43225568532943726,0.4610386716912818,0.43225568532943726,0.4456193328772337,4600800
2002-10-16,0.4122106432914734,0.4420215218254108,0.4122106432914734,0.43996549902146226,9025200
2002-10-17,0.4517873227596283,0.46515064696755937,0.4230042834302964,0.42917205919098395,7353000
2002-10-18,0.45435693860054016,0.4661783605254902,0.445105333465623,0.45744080697884587,4471200
2002-10-21,0.4574408233165741,0.4625807144184901,0.44818921785123117,0.4620666260492455,2512800
2002-10-22,0.46258071064949036,0.46258071064949036,0.4409935946436316,0.46155253391937856,4075200
2002-10-23,0.47029054164886475,0.47286032262054,0.45281517079606187,0.46309462554638253,12578400
2002-10-24,0.4831399917602539,0.5036992396831373,0.4728604964680449,0.48571010454045266,16156800
2002-10-25,0.5036988854408264,0.5129505276326881,0.48159771773867144,0.49239125740612943,7974000
2002-10-28,0.49598929286003113,0.5129506089311642,0.48570983993060296,0.5036989652729926,6130800
2002-10-29,0.48570969700813293,0.493419367152486,0.4702903199568198,0.47337418801456105,7063200
2002-10-30,0.5093527436256409,0.513464753469235,0.4841679930021263,0.5011292753778208,8881200
2002-10-31,0.5011293292045593,0.5139786031168114,0.4985592170837094,0.5083249152428948,7498800
2002-11-01,0.5191183686256409,0.5242582607376262,0.49598931365444987,0.5052409209378785,9147600
2002-11-04,0.5165482759475708,0.5437890315724109,0.513978202592115,0.5386491421996982,14907600
2002-11-05,0.5371075868606567,0.5427615684128286,0.5304260899188271,0.538649521672407,13809600
2002-11-06,0.5242583751678467,0.5350519193544274,0.5191184819339735,0.5299120261205542,8640000
2002-11-07,0.5309395790100098,0.5340234470733737,0.5206601290866182,0.5299117332767099,5904000
2002-11-08,0.5293976068496704,0.5391632986347925,0.5293976068496704,0.5299116951110265,4757400
2002-11-11,0.5293976068496704,0.5407052325554202,0.5293976068496704,0.5319677172930102,4768200
2002-11-12,0.5288843512535095,0.5345380040388101,0.5196327021892394,0.5247723029880595,6305400
2002-11-13,0.5088387727737427,0.5340235146658652,0.505754904320047,0.5119226412274384,6526800
2002-11-14,0.5242583751678467,0.5273422449354412,0.5062689142811141,0.5088389895672468,8172000
2002-11-15,0.5242583751678467,0.5242583751678467,0.5242583751678467,0.5242583751678467,0
2002-11-18,0.5252859592437744,0.5386492779444323,0.5191182227875505,0.5329956298140544,9554400
2002-11-19,0.5160344839096069,0.5237441564124078,0.508838863098896,0.5237441564124078,8938800
2002-11-20,0.5036988854408264,0.513464579237315,0.4908493231679211,0.513464579237315,10962000
2002-11-21,0.5175765752792358,0.5247721615081938,0.5088390173197527,0.5088390173197527,4606200
2002-11-22,0.5252859592437744,0.5252859592437744,0.5119226037805074,0.5191182227875505,5914800
2002-11-25,0.5139786005020142,0.5304261268826156,0.5088390012511458,0.5196325456855666,2912400
2002-11-26,0.503184974193573,0.5139785544229591,0.49855916985067533,0.5139785544229591,4847400
2002-11-27,0.5114086270332336,0.5222022049491657,0.5057549776693487,0.5165485188226636,6870600
2002-11-28,0.5072969794273376,0.5114086948862863,0.506268839177524,0.5088389140823931,3058200
2002-11-29,0.5206603407859802,0.5211744292933896,0.5114086960715828,0.513978513644054,4348800
2002-12-02,0.5165482759475708,0.5211741138865925,0.5098664528493841,0.5211741138865925,5511600
2002-12-03,0.5103808641433716,0.5134647335465696,0.5042131253369756,0.5119227988449706,5077800
2002-12-04,0.5001010298728943,0.5067828565461067,0.4965034031641901,0.5062688048373789,4694400
2002-12-05,0.48982158303260803,0.499073190458962,0.48827964846154903,0.498559101980749,3981600
2002-12-06,0.5006153583526611,0.5026713823601877,0.4918778353322082,0.49341977062191955,1935000
2002-12-09,0.4790278673171997,0.5006149434835383,0.4779999848344922,0.5006149434835383,3414600
2002-12-10,0.49290555715560913,0.49547533836683577,0.48313985917110697,0.48313985917110697,3250800
2002-12-11,0.5191183686256409,0.5191183686256409,0.4934195330302447,0.4934195330302447,5666400
2002-12-12,0.5067830681800842,0.5191185864977796,0.5036991977913191,0.5078109514510696,4321800
2002-12-13,0.5134649276733398,0.5165487982424634,0.5062690458655333,0.5088391218196546,8985600
2002-12-16,0.5114086270332336,0.5180904532731372,0.506268772006421,0.5134646499217165,12027600
2002-12-17,0.48622339963912964,0.49804511310367,0.4759439508930926,0.48313953192897585,24310800
2002-12-18,0.5114086270332336,0.51500658437219,0.48622358738764754,0.4908493907390682,17917200
2002-12-19,0.5042130351066589,0.5124365015637926,0.5036989466769207,0.5062687638611303,5297400
2002-12-20,0.5144925117492676,0.5288840096555898,0.5114086062112643,0.5119226946283425,11822400
2002-12-23,0.5057549476623535,0.5242581967328352,0.503184836488349,0.5237441083253275,7268400
2002-12-24,0.5057549476623535,0.5057549476623535,0.5057549476623535,0.5057549476623535,0
2002-12-25,0.5057549476623535,0.5057549476623535,0.5057549476623535,0.5057549476623535,0
2002-12-26,0.5036988854408264,0.5108945050272409,0.502671039569857,0.5108945050272409,2665800
2002-12-27,0.49855944514274597,0.5036993408719627,0.4959896627100416,0.5036993408719627,3279600
2002-12-30,0.5036988854408264,0.5129505276326881,0.49855899435896256,0.5036988854408264,5661000
2002-12-31,0.5036988854408264,0.5036988854408264,0.5036988854408264,0.5036988854408264,0
2003-01-01,0.5036988854408264,0.5036988854408264,0.5036988854408264,0.5036988854408264,0
2003-01-02,0.5057549476623535,0.5124364794048973,0.5036989248958568,0.5088388163803313,1944000
2003-01-03,0.5052408576011658,0.5139784120816078,0.5052408576011658,0.505754946006991,2590200
2003-01-06,0.5088387727737427,0.5124364354899953,0.5011291016395034,0.5124364354899953,5997600
2003-01-07,0.5114086270332336,0.5134646499217165,0.506268772006421,0.5088388465702959,5083200
2003-01-08,0.5129507184028625,0.5150067050103344,0.5067829423935757,0.5114087468285715,2302200
2003-01-09,0.5324817895889282,0.540191463751398,0.5098668189042691,0.5329958781543049,22046400
2003-01-10,0.5499571561813354,0.5550970491962454,0.532481784621548,0.5371075890758771,13752000
2003-01-13,0.539677619934082,0.5576667832507545,0.5355655737944939,0.5576667832507545,6260400
2003-01-14,0.5401912927627563,0.5499569872319274,0.5350517321903769,0.5401912927627563,3841200
2003-01-15,0.5201464295387268,0.5386496517479712,0.5196326349571987,0.5345379348782652,6219000
2003-01-16,0.5293976068496704,0.5355653425321811,0.5211741798486165,0.5242580476898718,4420800
2003-01-17,0.5216884016990662,0.5293980781660312,0.5165488012009423,0.5247722722858522,2248200
2003-01-20,0.539677619934082,0.5525268910080611,0.5150066297882664,0.5216881625164466,7716600
2003-01-21,0.5273421406745911,0.5468732017199863,0.5268280521937501,0.5448172154228242,4676400
2003-01-22,0.5144925117492676,0.5288840096555898,0.5139784233321893,0.5288840096555898,7549200
2003-01-23,0.5042130351066589,0.5242582194029279,0.4995872318296622,0.5216881081177861,4284000
2003-01-24,0.4882798492908478,0.5062690198269011,0.48519597888033517,0.502671354827812,3699000
2003-01-27,0.47800010442733765,0.493419485166597,0.47645817002967333,0.48725174757593964,3864600
2003-01-28,0.47800010442733765,0.48519572475787287,0.47645817002967333,0.47800010442733765,4915800
2003-01-29,0.5083245635032654,0.5083245635032654,0.4702902684795176,0.4749160700597958,4482000
2003-01-30,0.4841681718826294,0.5139787378042194,0.4841681718826294,0.5088391371803789,1954800
2003-01-31,0.4944475591182709,0.5031850811124545,0.48930766513503,0.48930766513503,1499400
2003-02-03,0.4913634657859802,0.4980452918437843,0.4898215313775289,0.4954751805873353,2361600
2003-02-04,0.4785139858722687,0.4882796824567468,0.4769720511938565,0.4882796824567468,3250800
2003-02-05,0.4728603959083557,0.4851959126286733,0.47286039590835577,0.48211204263925145,4590000
2003-02-06,0.4728603959083557,0.47440236766569677,0.4641228745595508,0.47286039590835577,1989000
2003-02-07,0.46926212310791016,0.482625770310045,0.4677201892663887,0.4733741304983137,1805400
2003-02-10,0.4831399917602539,0.48571010454045266,0.470804509179272,0.4728604964680449,2044800
2003-02-11,0.5047268271446228,0.5108945648192912,0.4995872295621478,0.4995872295621478,10168200
2003-02-12,0.4949616491794586,0.5026713247443376,0.4923915367487014,0.4923915367487014,7993800
2003-02-13,0.4764581024646759,0.49444726102787656,0.4744021167007778,0.49444726102787656,5353200
2003-02-14,0.4785139858722687,0.4826260322571032,0.4651506255179416,0.4774861397078616,3099600
2003-02-17,0.48570969700813293,0.4893073224998552,0.47902787259520574,0.47902787259520574,2214000
2003-02-18,0.49598929286003113,0.5062687825520773,0.4831397285505751,0.4831397285505751,6292800
2003-02-19,0.4815977215766907,0.49598921820249503,0.4815977215766907,0.49598921820249503,2988000
2003-02-20,0.48570969700813293,0.4882794767684294,0.4805698066240764,0.48262582895039174,5733000
2003-02-21,0.49187761545181274,0.4970171768775278,0.4815978308732098,0.4836538539616477,2619000
2003-02-24,0.48570969700813293,0.4985589266730789,0.485709697008133,0.493419367152486,1938600
2003-02-25,0.4913634657859802,0.49855904940423795,0.4815977709112735,0.48365379374372364,4930200
2003-02-26,0.47954195737838745,0.49496133549878074,0.47851381747482036,0.4903355330914456,2998800
2003-02-27,0.49187761545181274,0.4923913730762324,0.4785139616723462,0.480055896272778,2034000
2003-02-28,0.4934197962284088,0.4959895782233776,0.4872520547494825,0.48827990137471977,2854800
2003-03-03,0.4934197962284088,0.4934197962284088,0.4934197962284088,0.4934197962284088,0
2003-03-04,0.4934197962284088,0.4934197962284088,0.4934197962284088,0.4934197962284088,0
2003-03-05,0.5036988854408264,0.506268702312616,0.47902793762949386,0.4934194341406074,4541400
2003-03-06,0.5242583751678467,0.5242583751678467,0.5031850077508921,0.5036990963333736,7066800
2003-03-07,0.5304261445999146,0.5432754188759893,0.5114087995773472,0.5139786176699326,7119000
2003-03-10,0.5165482759475708,0.5216878712194848,0.5119224747711489,0.5119224747711489,4831200
2003-03-11,0.5078107714653015,0.5191184025041946,0.5047269021695667,0.5139785100567711,2683800
2003-03-12,0.5119227170944214,0.5186042492545733,0.5083247597440569,0.5083247597440569,1137600
2003-03-13,0.5258002281188965,0.5365937706235749,0.5139785086094707,0.5139785086094707,7450200
2003-03-14,0.5242583751678467,0.5376217005395404,0.5191184819339735,0.5324818073056672,4863600
2003-03-17,0.5139786005020142,0.5319680618018185,0.501129326655131,0.5139786005020142,4586400
2003-03-18,0.5345377922058105,0.5412196198413968,0.5150066919454414,0.5237442487979685,9761400
2003-03-19,0.5232301950454712,0.5329958928755383,0.516548661066586,0.5329958928755383,7680600
2003-03-20,0.5252859592437744,0.5273419816836764,0.5165484061226754,0.5165484061226754,3983400
2003-03-21,0.5371075868606567,0.5412196336010784,0.5273422202953266,0.5273422202953266,5191200
2003-03-24,0.5335099697113037,0.5340237274159251,0.5273422303467427,0.5335099697113037,3742200
2003-03-25,0.5371075868606567,0.5396776987893283,0.5314539361721167,0.5319680247305772,3052800
2003-03-26,0.5525270700454712,0.5566390807548691,0.5381358597218049,0.5381358597218049,10967400
2003-03-27,0.5545828938484192,0.5638345010296479,0.540705446313957,0.5417332923795698,7934400
2003-03-28,0.550471305847168,0.5633205802779571,0.5468733472509751,0.555097110814986,5688000
2003-03-31,0.5412196516990662,0.549957172303283,0.5401914745477634,0.5448173159003245,2309400
2003-04-01,0.549443244934082,0.557667009688897,0.5407056855882617,0.5448174392964457,4341600
2003-04-02,0.5653766393661499,0.5705165332741791,0.5504713403930305,0.552527070027922,7801200
2003-04-03,0.5705163478851318,0.5705163478851318,0.5566388998576131,0.5653764556473084,5628600
2003-04-04,0.5653766393661499,0.574114161232478,0.5571528752860412,0.5648625507162398,3655800
2003-04-07,0.6008410453796387,0.6023829801122277,0.5741140296309332,0.5741140296309332,9084600
2003-04-08,0.6142040491104126,0.6270536455642699,0.5905612460211089,0.5962149302334125,9586800
2003-04-09,0.6116344928741455,0.626539786100038,0.6064946009479709,0.6064946009479709,8692200
2003-04-10,0.5905613899230957,0.6116344185543867,0.5905613899230957,0.6116344185543867,6012000
2003-04-11,0.612148642539978,0.6239700679650071,0.590561520737728,0.5936453900291035,5646600
2003-04-14,0.6373332142829895,0.6399033621319985,0.6090646392408274,0.6162602223829831,8645400
2003-04-15,0.6578928828239441,0.6676585829515345,0.6178025666399838,0.6270541780670515,7975800
2003-04-16,0.6681725978851318,0.6938717475661491,0.6527532404220544,0.6578930997683763,14977800
2003-04-17,0.6743398308753967,0.6990107841579805,0.6722841386775695,0.6748539193566446,6858000
2003-04-18,0.6743398308753967,0.6743398308753967,0.6743398308753967,0.6743398308753967,0
2003-04-21,0.6743398308753967,0.6743398308753967,0.6743398308753967,0.6743398308753967,0
2003-04-22,0.6681725978851318,0.6841060442182559,0.6578930997683763,0.6686866867551785,5644800
2003-04-23,0.6537808775901794,0.6604624105711328,0.6424732833365231,0.656350731902197,5259600
2003-04-24,0.6316794157028198,0.6553225498470493,0.6316794157028198,0.6501826965188373,4696200
2003-04-25,0.631165623664856,0.6424732915890012,0.631165623664856,0.6373333623232139,3490200
2003-04-28,0.652752697467804,0.6645743788362275,0.6270538632640469,0.6352775872625592,6130800
2003-04-29,0.6938714981079102,0.7010671221451048,0.6578928632450496,0.6578928632450496,12760200
2003-04-30,0.652752697467804,0.7010667910487786,0.652752697467804,0.6913010958239093,12618000
2003-05-01,0.652752697467804,0.652752697467804,0.652752697467804,0.652752697467804,0
2003-05-02,0.6584064960479736,0.6794794854591528,0.6548085394700712,0.6558364220277308,5275800
2003-05-05,0.6578928828239441,0.6650885070752806,0.6501832433973569,0.658920766123902,4543200
2003-05-06,0.655322790145874,0.6707421352089649,0.6455570946513944,0.6501829349329402,4897800
2003-05-07,0.67896568775177,0.6805075856064942,0.6553228373362938,0.65583663172897,9171000
2003-05-08,0.7005529999732971,0.7041509588704504,0.6681723257273763,0.6799940121138053,6345000
2003-05-09,0.7118605971336365,0.7247101667300941,0.705178768005287,0.7092908155598239,7191000
2003-05-12,0.7426993250846863,0.7555488938521624,0.7092907698003981,0.7144303326164478,7039800
2003-05-13,0.7077487707138062,0.7529786375423421,0.7005528544146441,0.7529786375423421,15895800
2003-05-14,0.7072342038154602,0.719055585649111,0.694384645569558,0.7067201156093346,4644000
2003-05-15,0.6918153166770935,0.7072346642656916,0.6887314471593738,0.7072346642656916,6316200
2003-05-16,0.7092905044555664,0.7092905044555664,0.6784518156412854,0.700038897811282,6620400
2003-05-19,0.6887311339378357,0.6990105472715257,0.6871891631176098,0.6990105472715257,3459600
2003-05-20,0.6938714981079102,0.7113465430409431,0.6774239688178972,0.6938714981079102,7360200
2003-05-21,0.7092905044555664,0.7195699938684262,0.6902732027322424,0.6902732027322424,4678200
2003-05-22,0.7118605971336365,0.7344755719914334,0.6990110275371789,0.7092908155598239,5248800
2003-05-23,0.7195702791213989,0.7293359780717694,0.7056928268910381,0.7098045801710283,3112200
2003-05-26,0.7015814781188965,0.7257383617082707,0.6990113278146823,0.7154588633708786,2957400
2003-05-27,0.7200841307640076,0.7247098976348415,0.6964409873647684,0.7139163925860698,3729600
2003-05-28,0.744755208492279,0.7498947705942511,0.724710019286525,0.724710019286525,8533800
2003-05-29,0.7658281326293945,0.7750797396604285,0.7462970357557818,0.7462970357557818,9563400
2003-05-30,0.78638756275177,0.794097274293803,0.7509230220038834,0.7509230220038834,6730200
2003-06-02,0.8120859265327454,0.8377847537925244,0.7627439635003419,0.7863870992729665,7639200
2003-06-03,0.8521767258644104,0.8526908144337205,0.8018068542842148,0.8223658384909314,9406800
2003-06-04,0.8120859265327454,0.8686234347345172,0.7992363658524259,0.8429246809999532,12425400
2003-06-05,0.7797056436538696,0.8300754394968111,0.7797056436538696,0.8064326601650422,9468000
2003-06-06,0.7966671586036682,0.812086510156112,0.7889574460648124,0.7966671586036682,6505200
2003-06-09,0.8120859265327454,0.8120859265327454,0.7848452019884743,0.796666586061749,4852800
2003-06-10,0.8305895328521729,0.8305895328521729,0.8069464592825251,0.8069464592825251,9619200
2003-06-11,0.8043766617774963,0.8377851378242533,0.797181039784517,0.8300754272920989,9133200
2003-06-12,0.7940974831581116,0.805918877307918,0.7761079799361481,0.8043769787091147,2716200
2003-06-13,0.7709680199623108,0.8059184633439201,0.7683979452001779,0.7961527674497347,6847200
2003-06-16,0.7555486559867859,0.7812474913300649,0.7483527409278866,0.7709680013078962,4150800
2003-06-17,0.7262524366378784,0.7658287507863147,0.722140387395903,0.7591469189159795,5846400
2003-06-18,0.7118605971336365,0.742699372999443,0.702094897771233,0.7396155027653889,9592200
2003-06-19,0.7118605971336365,0.7118605971336365,0.7118605971336365,0.7118605971336365,0
2003-06-20,0.6964408755302429,0.7113461301122476,0.6784517523544771,0.6954130663827764,6388200
2003-06-23,0.6964408755302429,0.7128881011717416,0.6964408755302429,0.7092904382920877,4395600
2003-06-24,0.6918153166770935,0.7087765622619269,0.6887314471593738,0.6990108651679413,4768200
2003-06-25,0.6650881767272949,0.703636575289133,0.6645743823830603,0.6887313190146208,8874000
2003-06-26,0.687189519405365,0.693357258833631,0.6553229392179114,0.6645745483603103,5148000
2003-06-27,0.6630323529243469,0.6964408162239798,0.6584065136650108,0.6964408162239798,3666600
2003-06-30,0.6727977991104126,0.6784518160682405,0.6476130537093187,0.6784518160682405,3850200
2003-07-01,0.6938714981079102,0.6979832517611916,0.6630327942687776,0.6676585630820127,4777200
2003-07-02,0.6954129338264465,0.7077484058501614,0.6913008892429028,0.6969548310668044,3610800
2003-07-03,0.699524998664856,0.7015810588593029,0.6887314914217998,0.6913012725638438,3117600
2003-07-04,0.7092905044555664,0.7144300653489117,0.6841054649693862,0.6841054649693862,910800
2003-07-07,0.7041509747505188,0.7185424430373593,0.6995251325288081,0.7015811931167111,2988000
2003-07-08,0.7241954207420349,0.7344749053332733,0.6995244812625843,0.6995244812625843,5274000
2003-07-09,0.7241954207420349,0.7241954207420349,0.7241954207420349,0.7241954207420349,0
2003-07-10,0.7267659902572632,0.7339619086111021,0.704151013623033,0.724710223656943,4197600
2003-07-11,0.7195702791213989,0.7319057595371582,0.6990109980446074,0.7298497726092688,3299400
2003-07-14,0.7118605971336365,0.7231682683757001,0.7041509583111344,0.7118605971336365,2399400
2003-07-15,0.729849636554718,0.729849636554718,0.7103185363959088,0.7103185363959088,2444400
2003-07-16,0.7092905044555664,0.7329333521627142,0.7092905044555664,0.7190559054336708,1908000
2003-07-17,0.729849636554718,0.7447551897583068,0.7015810163514408,0.7092906534114708,2876400
2003-07-18,0.7401291728019714,0.7498944990146892,0.734989244935205,0.7355033333046734,2275200
2003-07-21,0.7339619398117065,0.7452692447963138,0.7190563078708564,0.7355038383527643,2518200
2003-07-22,0.7375591397285461,0.7447550545658588,0.7144300856964836,0.7144300856964836,2829600
2003-07-23,0.7329333424568176,0.7452688178191771,0.7298494736162279,0.737559108955086,4876200
2003-07-24,0.7329333424568176,0.7437268466362658,0.7308775769468902,0.7324195481298015,4683600
2003-07-25,0.7452688813209534,0.7468107791100117,0.7308776392224385,0.7344753026965891,3263400
2003-07-28,0.7349897623062134,0.7421853869889483,0.730363993077987,0.7349897623062133,1486800
2003-07-29,0.7241954207420349,0.7375587727682047,0.7241954207420349,0.7349889935268942,2802600
2003-07-30,0.714430034160614,0.7308775547192521,0.6990106904266018,0.7303635398321697,2651400
2003-07-31,0.729849636554718,0.7370455526982768,0.7180281734559388,0.7195701449830945,1537200
2003-08-01,0.714430034160614,0.7247098172256472,0.7113461654138116,0.7195699624557459,3808800
2003-08-04,0.714430034160614,0.719055874043433,0.7015808383872443,0.7113461654138116,14598000
2003-08-05,0.718542218208313,0.7247099568905543,0.7051785638210559,0.7051785638210559,13194000
2003-08-06,0.714430034160614,0.7231679196148613,0.7015808383872443,0.7015808383872443,5765400
2003-08-07,0.729849636554718,0.7360173756128418,0.7092906534114708,0.7092906534114708,2316600
2003-08-08,0.7709680199623108,0.7827894080400029,0.7360172824797416,0.7360172824797416,8154000
2003-08-11,0.7843315005302429,0.7935831093758875,0.7709681390562297,0.7755939802416777,4356000
2003-08-12,0.7632584571838379,0.7843315302572047,0.7576045121951921,0.7838174416806407,2797200
2003-08-13,0.8028349876403809,0.8218523002706618,0.759660725013515,0.7606886083716102,11948400
2003-08-14,0.8048903346061707,0.8161977042771839,0.7863871254256191,0.8033484372704001,6195600
2003-08-15,0.7838173508644104,0.8043766270801491,0.7683980039904745,0.7838173508644103,3742200
2003-08-18,0.7992362976074219,0.8069460039472129,0.7874149145435487,0.7966665180361728,3108600
2003-08-19,0.7946107983589172,0.8069462738076684,0.7863872951102165,0.7930688271652068,4273200
2003-08-20,0.8110587000846863,0.8115724211311074,0.7812478067123566,0.7833037937770585,4977000
2003-08-21,0.8018063306808472,0.8115717278378007,0.7874148746735868,0.806945963088314,3562200
2003-08-22,0.8043766617774963,0.8095165178157651,0.7915270216818244,0.7915270216818244,1720800
2003-08-25,0.7992362976074219,0.8043762243759639,0.7940967384649237,0.7966665180361728,1926000
2003-08-26,0.8110587000846863,0.8172264407029886,0.7915272273589913,0.7915272273589913,3232800
2003-08-27,0.8120859265327454,0.8120859265327454,0.7930686296640272,0.7930686296640272,4123800
2003-08-28,0.7961530089378357,0.8218521467989152,0.7961530089378357,0.8172263784501936,2883600
2003-08-29,0.7915270328521729,0.8172262398809454,0.7786778337266603,0.796152873941797,6458400
2003-09-01,0.8120859265327454,0.8161976771331294,0.7838170253814295,0.7838170253814295,3902400
2003-09-02,0.8316171765327454,0.8316171765327455,0.8054042559599476,0.8054042559599476,5891400
2003-09-03,0.9071722626686096,0.9123121923689919,0.831617420952735,0.831617420952735,15030000
2003-09-04,0.8789033889770508,0.9071720016031429,0.8686236060598472,0.8891828777933362,9786600
2003-09-05,0.8691375255584717,0.8994621918100962,0.8675956282695081,0.8753052617647562,8773200
2003-09-08,0.8660545349121094,0.8891836058818662,0.86040088128275,0.8737642497437916,8483400
2003-09-09,0.8609142303466797,0.8670819696091182,0.8578303607154605,0.8634843055191582,3106800
2003-09-10,0.8789033889770508,0.8891828777933362,0.8532042625475749,0.8583441907687914,15618600
2003-09-11,0.8737635612487793,0.8922667740345868,0.8634840721152293,0.8840430503823294,11140200
2003-09-12,0.891239583492279,0.8953512643595398,0.8681105146918637,0.8686242358431021,3763800
2003-09-15,0.8737635612487793,0.8943228336168068,0.8737635612487793,0.8891829052369522,2242800
2003-09-16,0.8763329386711121,0.894836142948795,0.8737631594758976,0.8737631594758976,9927000
2003-09-17,0.8866130709648132,0.8896969395749862,0.8691376684567124,0.8691376684567124,2615400
2003-09-18,0.8768478035926819,0.8912393444963861,0.876333714952888,0.8783897018857479,2354400
2003-09-19,0.8624561429023743,0.8789036684545403,0.8619424219602468,0.8768476818072365,3286800
2003-09-22,0.8660545349121094,0.8732501609179212,0.8598867924568796,0.862456574858624,3196800
2003-09-23,0.855774462223053,0.868623658588681,0.8532043141439446,0.8614281115649386,3000600
2003-09-24,0.8377850651741028,0.8655398883375979,0.8377850651741028,0.8542325883652344,3126600
2003-09-25,0.8429248929023743,0.8557744568129385,0.8377849644028216,0.8382990528355805,3088800
2003-09-26,0.7971810698509216,0.8675960561724364,0.7971810698509216,0.8398411560300784,2575800
2003-09-29,0.8300756216049194,0.8424111760490524,0.8131143721041103,0.8131143721041103,2016000
2003-09-30,0.8223655223846436,0.8480646471535318,0.8161977853782723,0.8300751568799953,2921400
2003-10-01,0.8454949259757996,0.8532045636904769,0.8223658657812565,0.8228799543676267,1812600
2003-10-02,0.8506353497505188,0.8737644253691865,0.8429257068944992,0.8480655668322515,3936600
2003-10-03,0.8866130709648132,0.8917526314060861,0.8593719742366572,0.8593719742366572,9473400
2003-10-06,0.9046021699905396,0.9066582293926682,0.87633326486713,0.8855848704496807,5864400
2003-10-07,0.8845576047897339,0.9092285681675205,0.8804458510853733,0.8922672440826569,6208200
2003-10-08,0.8902105093002319,0.9046019660425618,0.8845568618956046,0.8994621127969527,3150000
2003-10-09,0.8943234086036682,0.9148823265634705,0.8943234086036682,0.8948371297285824,5004000
2003-10-10,0.8891832232475281,0.9015187028497701,0.8532045940238059,0.8840433665546691,3594600
2003-10-13,0.8994628190994263,0.9174522460600332,0.8747918570686507,0.8747918570686507,1247400
2003-10-14,0.8994628190994263,0.9225918827659116,0.8855853661944817,0.914882170368661,3720600
2003-10-15,0.9010041356086731,0.9097420196902104,0.8845569852600137,0.8896968392224508,5639400
2003-10-16,0.9123123288154602,0.9174521857593145,0.8794175678859432,0.9169380971295628,2311200
2003-10-17,0.9148816466331482,0.9251614288369802,0.8907247870948117,0.9200215744976764,1911600
2003-10-20,0.9400674700737,0.9457211234154266,0.8896976494438721,0.8994630573546077,3252600
2003-10-21,0.963710367679596,0.9688499308297377,0.9287596177674049,0.9457208673003742,3268800
2003-10-22,0.963710367679596,0.9760458486218522,0.9303015161225539,0.9560006553280527,5279400
2003-10-23,0.9760453104972839,0.986838887133552,0.9323570626256031,0.9467485226490356,9792000
2003-10-24,0.9919785857200623,1.0176777143389746,0.9570281443065396,0.9570281443065396,5115600
2003-10-27,0.989408552646637,1.0202472344265843,0.9842686252995451,1.0202472344265843,4057200
2003-10-28,0.997119128704071,1.0228179055298154,0.9868396326788295,0.9888953260130907,3018600
2003-10-29,0.9765596985816956,1.0151081154757382,0.9714201351399853,1.0022588392451113,7804800
2003-10-30,0.997119128704071,1.0022589870046135,0.966280346527222,0.9729621770229834,5196600
2003-10-31,0.9662802219390869,1.0084265987126144,0.9508608696014099,0.9971190001397129,3736800
2003-11-03,0.997119128704071,0.9996889108037801,0.9765598425524635,0.9765598425524635,3123000
2003-11-04,0.9945489764213562,1.0022586880472077,0.986839338320764,0.9996886126129858,7021800
2003-11-05,0.989408552646637,1.0022581136761073,0.9868387727861336,0.9919783325071404,6811200
2003-11-06,1.01510751247406,1.020247366963637,0.9873526952665685,0.9873526952665685,2595600
2003-11-07,1.0048280954360962,1.026929265440325,1.0022583150592483,1.020247439424269,3868200
2003-11-10,1.0140801668167114,1.024873749320246,0.9945490623346308,1.0048285561816528,2356200
2003-11-11,1.0048280954360962,1.0099680238159507,0.9981462694200403,1.0099680238159507,3585600
2003-11-12,1.0197334289550781,1.022303577154555,1.0073979528215775,1.0073979528215775,1101600
2003-11-13,1.0125383138656616,1.0305274472857204,0.99711896211598,1.018191965885975,3628800
2003-11-14,1.0125383138656616,1.0176781713074912,1.0022588195578093,1.0022588195578093,1553400
2003-11-17,1.0433769226074219,1.0577684633173154,1.0032866116991788,1.0032866116991788,4867200
2003-11-18,1.089634895324707,1.0947747515834327,1.0634219666213651,1.0634219666213651,8631000
2003-11-19,1.11276376247406,1.1153335431097193,1.0844947785022632,1.0896347073997779,7140600
2003-11-20,1.151312232017517,1.151312232017517,1.1204734655637707,1.1204734655637707,7583400
2003-11-21,1.1615914106369019,1.200139805640694,1.1477140384326923,1.1513119954897115,11295000
2003-11-24,1.1564522981643677,1.1667317908194264,1.13178133933161,1.146172511408281,2390400
2003-11-25,1.1528544425964355,1.1718717520150481,1.14514473051054,1.1564524013685207,3031200
2003-11-26,1.1728991270065308,1.1770108050135724,1.1564519003017428,1.1693011697933664,1485000
2003-11-27,1.233548641204834,1.233548641204834,1.162105500055361,1.1713571060413699,3405600
2003-11-28,1.2592471837997437,1.2798064505386826,1.2335483577143111,1.2335483577143111,6706800
2003-12-01,1.2798070907592773,1.295226364713909,1.2335489747943884,1.2597619022728088,4006800
2003-12-02,1.2695270776748657,1.2875166450828308,1.2602755438344204,1.2756948159186556,6157800
2003-12-03,1.2715831995010376,1.279806997944393,1.2520521009682164,1.2654154609563857,4950000
2003-12-04,1.24639892578125,1.2792936986974561,1.24639892578125,1.2792936986974561,2604600
2003-12-05,1.2284085750579834,1.259247256367935,1.2176149998368924,1.2489678429817164,5851800
2003-12-08,1.2078495025634766,1.230978554050813,1.2078495025634766,1.230978554050813,4600800
2003-12-09,1.256164312362671,1.2643881142938012,1.20785026641398,1.212990124239618,6336000
2003-12-10,1.2530803680419922,1.2643879656991635,1.243828683863349,1.248968688135467,1517400
2003-12-11,1.2798070907592773,1.289058625721957,1.2566779592515844,1.2566779592515844,6521400
2003-12-12,1.264387607574463,1.2900864452518712,1.2515380416852688,1.289572356739951,1432800
2003-12-15,1.2592471837997437,1.2936838930910362,1.2592471837997437,1.2592471837997437,4062600
2003-12-16,1.2679855823516846,1.2849468301596954,1.2335491451779697,1.2592479876688325,2817000
2003-12-17,1.2849465608596802,1.3049917479137998,1.2592477237547979,1.2695271409563618,6361200
2003-12-18,1.2592471837997437,1.2875161571844815,1.252051565433975,1.2849460098851764,2259000
2003-12-19,1.248968243598938,1.264387515674561,1.248968243598938,1.2592476602823672,4167000
2003-12-22,1.2402300834655762,1.2720969445859016,1.2335485523257228,1.2541075282073122,1584000
2003-12-23,1.2258387804031372,1.2546215510038439,1.2232687063578827,1.2402300186530517,2426400
2003-12-24,1.2258387804031372,1.2258387804031372,1.2258387804031372,1.2258387804031372,0
2003-12-25,1.2258387804031372,1.2258387804031372,1.2258387804031372,1.2258387804031372,0
2003-12-26,1.2078495025634766,1.2253248316584948,1.2073357082715521,1.223782934106127,1969200
2003-12-29,1.204765796661377,1.2592476302000473,1.1975701757447776,1.2587335417377736,867600
2003-12-30,1.233548641204834,1.233548641204834,1.196028128862622,1.233548641204834,3911400
2003-12-31,1.233548641204834,1.233548641204834,1.233548641204834,1.233548641204834,0
2004-01-01,1.233548641204834,1.233548641204834,1.233548641204834,1.233548641204834,0
2004-01-02,1.2181298732757568,1.2335492238690675,1.2078500856377599,1.2335492238690675,1287000
2004-01-05,1.3183550834655762,1.3337743525926797,1.2181292459375994,1.2181292459375994,6946200
2004-01-06,1.3671836853027344,1.3800332552607346,1.2649018025155825,1.3363449820944986,6571800
2004-01-07,1.3337740898132324,1.3954515953213307,1.3265781774175371,1.3666685339402378,4311000
2004-01-08,1.338913917541504,1.361529098076633,1.2900859675733058,1.333774210729291,4500000
2004-01-09,1.328635811805725,1.35433466810951,1.2916293528518452,1.341485387008214,4892400
2004-01-12,1.344054102897644,1.38774235682877,1.33634439372739,1.3543335190573542,5484600
2004-01-13,1.2900867462158203,1.3687255431294283,1.2900867462158203,1.3440545826194001,3119400
2004-01-14,1.2541077136993408,1.2947120242584085,1.1821507727942389,1.2906003461142994,4602600
2004-01-15,1.2284085750579834,1.3101311172919634,1.2078493071342504,1.254107402624394,5261400
2004-01-16,1.2258387804031372,1.2541074626695736,1.2088775416331878,1.2335484878623648,2388600
2004-01-19,1.2284085750579834,1.2515375492778393,1.2227548535804336,1.224296824408539,1812600
2004-01-20,1.2314924001693726,1.2438277987372262,1.2284085321461058,1.2438277987372262,2266200
2004-01-21,1.2078495025634766,1.2386881888631067,1.2027099420892216,1.2386881888631067,3283200
2004-01-22,1.182151198387146,1.2376608584982842,1.177011267993001,1.183693096627603,2739600
2004-01-23,1.1975699663162231,1.207335660210197,1.1744409157496027,1.1831785064240599,4129200
2004-01-26,1.2191572189331055,1.2438281704928993,1.2006540052632602,1.2227551763234283,3873600
2004-01-27,1.2114479541778564,1.2335491320035665,1.1826652420724606,1.2335491320035665,3918600
2004-01-28,1.1872906684875488,1.2253249793151546,1.1826649017477946,1.1980842467557036,3447000
2004-01-29,1.0844945907592773,1.2253248095638711,1.0844945907592773,1.1770107215151775,7153200
2004-01-30,1.0485167503356934,1.1256135680508104,1.033611122453928,1.0855231875468272,3276000
2004-02-02,1.114820122718811,1.1153339172627756,1.017678102934433,1.0536564408826026,7142400
2004-02-03,1.1538828611373901,1.1564529379173853,1.1184183014335785,1.1184183014335785,2410200
2004-02-04,1.1024845838546753,1.1821511882339812,1.0850091735859242,1.1615919079855423,3360600
2004-02-05,1.069075584411621,1.1148199066689444,1.069075584411621,1.1024844284885535,3054600
2004-02-06,1.1333235502243042,1.151312759241154,1.0485170690726477,1.074215918089497,5653800
2004-02-09,1.0716458559036255,1.1718717447747105,1.049544676492258,1.148742682185189,3492000
2004-02-10,1.0922049283981323,1.1137920208593166,1.0716459397713516,1.0793556524129804,2788200
2004-02-11,1.1358922719955444,1.161591097026169,1.0814104600067604,1.0952879019895148,5457600
2004-02-12,1.1682735681533813,1.181636929280409,1.1436026118722549,1.1718715262322532,3348000
2004-02-13,1.1800943613052368,1.2232685102861223,1.1518256835698495,1.1682729048945029,7381800
2004-02-16,1.164162516593933,1.1980850997633938,1.1600504677551011,1.1980850997633938,255600
2004-02-17,1.2078495025634766,1.2222409630285318,1.1569656334064728,1.2109333711934396,7155000
2004-02-18,1.1734130382537842,1.204251721528761,1.1569655199314681,1.2027098241276224,6156000
2004-02-19,1.0844945907592773,1.1564518182618184,1.0844945907592773,1.1564518182618184,8188200
2004-02-20,1.1050541400909424,1.1050541400909424,1.0279573327799236,1.0279573327799236,3832200
2004-02-23,1.1050541400909424,1.1050541400909424,1.1050541400909424,1.1050541400909424,0
2004-02-24,1.1050541400909424,1.1050541400909424,1.1050541400909424,1.1050541400909424,0
2004-02-25,1.123557209968567,1.1770108649111324,1.1050539962681742,1.1204733410185015,727200
2004-02-26,1.1050541400909424,1.120473486848097,1.1004282993011734,1.120473486848097,1729800
2004-02-27,1.11276376247406,1.1179036178463355,1.0958024456162212,1.1050540529408863,2745000
2004-03-01,1.1436028480529785,1.1698157812778838,1.1127641463326574,1.113278161457295,4456800
2004-03-02,1.1847203969955444,1.1847203969955444,1.0952881372838292,1.0952881372838292,4980600
2004-03-03,1.1924299001693726,1.2073354457866723,1.168787059530264,1.191402017708083,3312000
2004-03-04,1.174954891204834,1.2181291196816844,1.172384817216097,1.182150510171555,5365800
2004-03-05,1.1975699663162231,1.2129893088522283,1.1708429588700309,1.1800946379168589,1765800
2004-03-08,1.2309787273406982,1.2422863942928444,1.197570182575656,1.197570182575656,4048200
2004-03-09,1.1836931705474854,1.238175024442731,1.1574803106206797,1.238175024442731,3200400
2004-03-10,1.1358922719955444,1.2027096288163368,1.1358922719955444,1.1836922600719986,2345400
2004-03-11,1.1101940870285034,1.202710322218588,1.1101940870285034,1.1307530706756863,4609800
2004-03-12,1.182151198387146,1.2001403298019389,1.1333232933853494,1.1615919179621292,3070800
2004-03-15,1.1564522981643677,1.1816370514929986,1.1564522981643677,1.1595361680184624,1953000
2004-03-16,1.1924299001693726,1.2135031817056807,1.1410322478947263,1.167245162313118,2383200
2004-03-17,1.2206995487213135,1.2309790413653627,1.1924306314678368,1.2027104182129134,5713200
2004-03-18,1.233548641204834,1.25873338479812,1.1821506831209945,1.2232688584224718,4593600
2004-03-19,1.2263532876968384,1.2541081918679073,1.225839493164701,1.233549205106723,2610000
2004-03-22,1.1924299001693726,1.2258386535436976,1.1924299001693726,1.2258386535436976,1515600
2004-03-23,1.148742437362671,1.217615521813249,1.1436025814157385,1.2078498249241765,3468600
2004-03-24,1.151312232017517,1.1790670556531697,1.1461723028122794,1.151312232017517,2592000
2004-03-25,1.146172285079956,1.206821860618195,1.146172285079956,1.148742359930679,3423600
2004-03-26,1.1667312383651733,1.1924300681221551,1.1513118963958509,1.1872904345161588,2102400
2004-03-29,1.151312232017517,1.1924304157302774,1.1364069005313626,1.1667315784817687,1240200
2004-03-30,1.1975699663162231,1.2021958058396371,1.1507978503358365,1.1703292381237844,2016000
2004-03-31,1.196542501449585,1.2057941096329277,1.1718714727687585,1.20271024023848,1425600
2004-04-01,1.1975699663162231,1.2078494544816682,1.1950001861813928,1.1970558779438523,2415600
2004-04-02,1.223268985748291,1.230464900617648,1.1985980338843538,1.2027100797707186,4494600
2004-04-05,1.239202618598938,1.2541079509868749,1.2155594722061729,1.2258392577133383,4429800
2004-04-06,1.233548641204834,1.2556494426108884,1.233548641204834,1.2556494426108884,2057400
2004-04-07,1.1780394315719604,1.2535943561346672,1.1780394315719604,1.2535943561346672,1915200
2004-04-08,1.1872906684875488,1.2068217653056637,1.1672455567398854,1.1919165087525398,2098800
2004-04-09,1.1872906684875488,1.1872906684875488,1.1872906684875488,1.1872906684875488,0
2004-04-12,1.167758822441101,1.2258385900062931,1.1564515277512986,1.2093910744991396,3079800
2004-04-13,1.1667312383651733,1.2027098500107034,1.16518926740563,1.1723848867994249,1350000
2004-04-14,1.140519142150879,1.1764977797238163,1.1348654896424166,1.1615921477403643,4417200
2004-04-15,1.1153336763381958,1.1446304731284729,1.1004283439639435,1.1441166786954937,6222600
2004-04-16,1.105568289756775,1.1240715068888363,1.0983723736296704,1.1153336927633513,2797200
2004-04-19,1.1045396327972412,1.1122493400153446,1.0896343802044433,1.1050537211154332,4125600
2004-04-20,1.0814108848571777,1.110193883123221,1.079355192740724,1.110193883123221,4276800
2004-04-21,1.0814108848571777,1.0814108848571777,1.0814108848571777,1.0814108848571777,0
2004-04-22,1.079355239868164,1.089634730252588,1.066505674693222,1.0834669919067892,5504400
2004-04-23,1.079355239868164,1.079355239868164,1.079355239868164,1.079355239868164,0
2004-04-26,1.0798691511154175,1.124071501286335,1.0716456461482087,1.124071501286335,1917000
2004-04-27,1.069075584411621,1.1225296172943133,1.0639360224122072,1.0968304103175006,1562400
2004-04-28,1.0187054872512817,1.1024841022483136,1.0130518383794695,1.0695893564507808,5095800
2004-04-29,0.9765596985816956,1.038237180317218,0.9714201351399853,1.0330975433502374,3072600
2004-04-30,0.9816988706588745,1.0063698902418476,0.9765590167049568,0.9765590167049568,5144400
2004-05-03,0.9688495993614197,1.00225843948844,0.9431507630492169,0.981699164568003,5567400
2004-05-04,0.9765596985816956,0.9950629210447711,0.9765596985816956,0.9816995561244868,4737600
2004-05-05,1.0228172540664673,1.0243592252795581,0.9816990755790735,0.9894087845940585,2584800
2004-05-06,0.980157196521759,1.0017442792387097,0.9765592391144138,0.9847829631984878,2770200
2004-05-07,0.9611401557922363,0.9765595047848515,0.9364691238787964,0.9755316217105996,3009600
2004-05-10,0.9200215339660645,0.9811848126712198,0.9046021186779052,0.9251613880789316,6483600
2004-05-11,0.9662802219390869,0.9816995742767641,0.9364693270357013,0.9513749583005732,3891600
2004-05-12,0.9739895462989807,1.0017443694340569,0.9560003458444227,0.9560003458444227,4266000
2004-05-13,0.9791294932365417,1.007398113402107,0.9714198561867968,0.973989637169713,3747600
2004-05-14,1.0202478170394897,1.0742156512605754,0.9868393363211134,1.0022586860163125,3151800
2004-05-17,1.0382367372512817,1.0793552124200143,0.9924927157791708,1.0202475376294566,3470400
2004-05-18,1.0330965518951416,1.0896341218291865,1.0330965518951416,1.0490296832453732,5491800
2004-05-19,1.0176775455474854,1.06701951433184,1.0176775455474854,1.050058201073902,3076200
2004-05-20,0.9919785857200623,1.0269293212345283,0.9868390246871288,1.018191508686749,3079800
2004-05-21,0.9868395924568176,1.0176782998514489,0.9765598027494395,0.9878674023194157,1792800
2004-05-24,0.9976324439048767,1.0176776272253178,0.9868389402132773,0.9868389402132773,1398600
2004-05-25,1.0043141841888428,1.0274432410139718,0.9971186361087748,0.9996884169389639,1483200
2004-05-26,1.0022586584091187,1.0223038492233627,0.9739897411253651,1.0223038492233627,2034000
2004-05-27,1.0485167503356934,1.0536563127059195,1.0017445417140398,1.0017445417140398,8665200
2004-05-28,1.0716458559036255,1.095288713031698,1.0500587651318614,1.0536564297806643,2921400
2004-05-31,1.069075584411621,1.0793553701376957,1.030527178335275,1.072159453956719,1056600
2004-06-01,1.0639362335205078,1.0659919263827187,1.033097458425191,1.0623942616793731,2651400
2004-06-02,1.089634895324707,1.110194099783854,1.0639360551825903,1.0639360551825903,2136600
2004-06-03,1.0598242282867432,1.0896351213758375,1.0536564877270411,1.0644500704691533,1117800
2004-06-04,1.0880929231643677,1.1045401543774997,1.079355402809979,1.079355402809979,1249200
2004-06-07,1.123043417930603,1.1307531291032316,1.099914357937972,1.104026404865737,2192400
2004-06-08,1.1256132125854492,1.1364067166008454,1.097344231496624,1.1235571530058406,1996200
2004-06-09,1.1153336763381958,1.1230433132670594,1.0983723574542987,1.11636177988089,1231200
2004-06-10,1.1153336763381958,1.1153336763381958,1.1153336763381958,1.1153336763381958,0
2004-06-11,1.094774603843689,1.1148197905617663,1.0896347482785864,1.1101939499632707,532800
2004-06-14,1.0716458559036255,1.0999144814344446,1.0659919102216724,1.0999144814344446,1983600
2004-06-15,1.1281830072402954,1.1297249048940567,1.0860366528088408,1.0870648296621237,3578400
2004-06-16,1.140519142150879,1.1513127260702327,1.1101944511875048,1.1281836596860606,6355800
2004-06-17,1.1050541400909424,1.1487423995240817,1.0983723128749745,1.1487423995240817,3112200
2004-06-18,1.11276376247406,1.1276690195426062,1.0891206189272153,1.1050540529408863,2507400
2004-06-21,1.1071103811264038,1.156966170152325,1.1101942511870522,1.123557614591266,2989800
2004-06-22,1.094774603843689,1.1204734405177499,1.085008907680091,1.1071100807393544,2991600
2004-06-23,1.110708236694336,1.1384630720123825,1.0942610004015088,1.1153340793433144,2851200
2004-06-24,1.100942611694336,1.1256136450479588,1.099914434459041,1.1107080161465797,2665800
2004-06-25,1.0870654582977295,1.1101944511559694,1.0850093975031012,1.1050545932704992,1711800
2004-06-28,1.089634895324707,1.125613521509527,1.0850090541019548,1.0947747515834327,1621800
2004-06-29,1.119959831237793,1.119959831237793,1.0541706665027475,1.0901493032269063,1573200
2004-06-30,1.1564522981643677,1.17135755883794,1.1076241014694688,1.1199595808858476,5554800
2004-07-01,1.1872906684875488,1.1908883318429693,1.1564519784717306,1.1564519784717306,3749400
2004-07-02,1.1723850965499878,1.2078496261869736,1.1723850965499878,1.186262543567793,3123000
2004-07-05,1.1770110130310059,1.1914025503262053,1.1677594050165494,1.1723852457864,1132200
2004-07-06,1.1569658517837524,1.171357314965196,1.1482282591122506,1.167759357263283,1587600
2004-07-07,1.177525520324707,1.177525520324707,1.1538824401317176,1.1585082090214618,1089000
2004-07-08,1.1384624242782593,1.1821507499390778,1.1358926438691825,1.153881841985046,1980000
2004-07-09,1.1384624242782593,1.1384624242782593,1.1384624242782593,1.1384624242782593,0
2004-07-12,1.164162516593933,1.1826657437772754,1.125100001045188,1.1466870994257539,2800800
2004-07-13,1.1744410991668701,1.1919165038206647,1.1497701472562984,1.1698153324462561,3351600
2004-07-14,1.176497459411621,1.2063079800095864,1.156966063584101,1.1718716179841042,4264200
2004-07-15,1.1872906684875488,1.192944391561164,1.1718713234796398,1.1872906684875488,2845800
2004-07-16,1.2078495025634766,1.2135034455314782,1.1564518391145484,1.1924301594136615,3918600
2004-07-19,1.189860463142395,1.207849587798791,1.1831786370181114,1.207849587798791,1326600
2004-07-20,1.2129899263381958,1.2181298568505192,1.173927424978,1.1924307189657382,1717200
2004-07-21,1.182664394378662,1.2129889829302898,1.1739265119511153,1.2109329976193604,1890000
2004-07-22,1.1723850965499878,1.2104197007880595,1.1615915184777799,1.182150791832232,2550600
2004-07-23,1.1744410991668701,1.2078496431164847,1.1646754037477476,1.1693012439935981,1850400
2004-07-26,1.1790673732757568,1.1980846826591691,1.1420608582673246,1.1770113128094983,2592000
2004-07-27,1.189860463142395,1.1924302435608662,1.1564519207228414,1.178039002655936,2097000
2004-07-28,1.1975699663162231,1.2027098942120078,1.1636474127370116,1.184720403915048,2448000
2004-07-29,1.2001405954360962,1.2165881263519032,1.1867772293101426,1.1975708134833905,2815200
2004-07-30,1.182151198387146,1.2155596798328105,1.182151198387146,1.1924306915491334,3704400
2004-08-02,1.1878042221069336,1.189860281408423,1.1610775834190046,1.1821505737043905,2968200
2004-08-03,1.1723850965499878,1.186262543567793,1.1641616666041013,1.169815316049843,2518200
2004-08-04,1.1667312383651733,1.1847203603748828,1.1621053990117656,1.171357004193359,4244400
2004-08-05,1.1307532787322998,1.1667319111237555,1.1286975858600405,1.163133952301766,6913800
2004-08-06,1.1615914106369019,1.1713571050125098,1.1322946216109926,1.1322946216109926,3339000
2004-08-09,1.1394902467727661,1.151311703539758,1.1358922906281175,1.1436019970839377,2250000
2004-08-10,1.1667312383651733,1.1698151067590379,1.1430881002951012,1.1436021886485785,2408400
2004-08-11,1.1379493474960327,1.1764977665288907,1.1322953274246068,1.1764977665288907,9502200
2004-08-12,1.1415467262268066,1.1415467262268066,1.1281833639185692,1.1410329317386583,3148200
2004-08-13,1.1333235502243042,1.1461728276821743,1.1307534741568983,1.1436030457158775,4395600
2004-08-16,1.189860463142395,1.1975700984987407,1.1307527930839347,1.1358926480218094,6955200
2004-08-17,1.2381747961044312,1.2402305621406244,1.1898607650418094,1.1898607650418094,10335600
2004-08-18,1.2206995487213135,1.2566781038391415,1.2027104182129134,1.206822097630122,10701000
2004-08-19,1.1975699663162231,1.254107555614909,1.1950001861813928,1.2535937613434376,3276000
2004-08-20,1.2093907594680786,1.2335479749443405,1.2027093049808075,1.2078488627324966,5623200
2004-08-23,1.2181298732757568,1.2376609036434238,1.1934588388011964,1.2093919839344591,2633400
2004-08-24,1.229436993598938,1.233549040387975,1.2083639945437576,1.233549040387975,1663200
2004-08-25,1.2530803680419922,1.2643879656991635,1.2237835642103307,1.2330351748637083,7245000
2004-08-26,1.2340621948242188,1.2541073739804616,1.2088774561426865,1.2541073739804616,4035600
2004-08-27,1.2417725324630737,1.27980714510427,1.2212135486673923,1.2381747948528687,3436200
2004-08-30,1.274666666984558,1.2844322861346824,1.2242968209857885,1.256677399508104,4113000
2004-08-31,1.24639892578125,1.2849473522301784,1.2361195022488178,1.2844335575142491,6177600
2004-09-01,1.2273811101913452,1.273125132937555,1.2206992833460144,1.273125132937555,2226600
2004-09-02,1.255649447441101,1.2746668949349085,1.208363608158948,1.2237829515282774,2935800
2004-09-03,1.238688588142395,1.2690134899250396,1.1831789349100608,1.2376607051263069,1472400
2004-09-06,1.2289234399795532,1.2386888453367837,1.2145319718873848,1.2335492821386906,918000
2004-09-07,1.2289234399795532,1.2289234399795532,1.2289234399795532,1.2289234399795532,0
2004-09-08,1.264387607574463,1.2756949079278959,1.238174681385134,1.238174681385134,3106800
2004-09-09,1.2541077136993408,1.2736391039492854,1.2361185887609167,1.2736391039492854,3875400
2004-09-10,1.2258387804031372,1.2448557843084127,1.218129146469129,1.2392021360853887,2061000
2004-09-13,1.2181298732757568,1.240230758646344,1.2104201612164698,1.2258395118097805,1924200
2004-09-14,1.2345761060714722,1.253079311781282,1.2181288856324004,1.2258385179155527,2874600
2004-09-15,1.238688588142395,1.2587337774611413,1.2212135475153776,1.238688588142395,2196000
2004-09-16,1.274666666984558,1.2828903153108877,1.2463976920497604,1.258733164539255,4759200
2004-09-17,1.2798070907592773,1.288544537184755,1.2643876697541487,1.2643876697541487,2869200
2004-09-20,1.275181531906128,1.3281210429099368,1.275181531906128,1.2998524919102696,2471400
2004-09-21,1.274666666984558,1.3132150552768365,1.266442871607797,1.301907318252486,2183400
2004-09-22,1.257191777229309,1.2849466767380657,1.257191777229309,1.28289091075275,1647000
2004-09-23,1.264387607574463,1.2952263010176468,1.2520521301971892,1.2669574619321058,6039000
2004-09-24,1.274666666984558,1.2977956411397524,1.259247252847474,1.2618171061868442,1330200
2004-09-27,1.2541077136993408,1.2695269846537716,1.2489681527818217,1.2628454525256687,1954800
2004-09-28,1.2849465608596802,1.2941980951612821,1.2386884482002112,1.2849465608596802,4647600
2004-09-29,1.2931708097457886,1.300366433703342,1.2726115270300444,1.2947126346327757,2827800
2004-09-30,1.2952263355255127,1.3055059002804457,1.2849466237200862,1.2849466237200862,5859000
2004-10-01,1.3255507946014404,1.3363442984398868,1.2993378735219614,1.3049915225965765,7030800
2004-10-04,1.3646142482757568,1.3764356432327798,1.3260658248448096,1.3358311587956242,6246000
2004-10-05,1.3980215787887573,1.4262905575029916,1.3569034787102336,1.3620430390256788,10306800
2004-10-06,1.3851722478866577,1.4108713772150745,1.3779766269611384,1.398021812550866,3258000
2004-10-07,1.4160118103027344,1.4226936402867507,1.367183821914728,1.3779773323534876,5664600
2004-10-08,1.423721194267273,1.4468503313105774,1.4180675424594065,1.4226934580983865,4852800
2004-10-11,1.4340013265609741,1.4494206071172067,1.4288614683418568,1.4463368098261842,765000
2004-10-12,1.4340013265609741,1.4340013265609741,1.4340013265609741,1.4340013265609741,0
2004-10-13,1.4340013265609741,1.464840034723999,1.3774634743529222,1.4370851238519966,5295600
2004-10-14,1.4160118103027344,1.4432527778132216,1.4031625331618787,1.4334871507255103,2908800
2004-10-15,1.4442797899246216,1.4442797899246216,1.4226927820691342,1.4226927820691342,1684800
2004-10-18,1.4360562562942505,1.454559619351526,1.4288607817562342,1.4288607817562342,3564000
2004-10-19,1.3980215787887573,1.459699096532671,1.3882559583330132,1.4519893884333754,3092400
2004-10-20,1.4160118103027344,1.434001239451585,1.390827050645996,1.3985366169305096,1134000
2004-10-21,1.4648398160934448,1.474605148215759,1.3995643764110115,1.3995643764110115,2995200
2004-10-22,1.4591858386993408,1.4838568010190154,1.4396547337215322,1.4704934366211257,4921200
2004-10-25,1.4396543502807617,1.4545596826163452,1.437598290251203,1.4545596826163452,2653200
2004-10-26,1.4442797899246216,1.4545593524868685,1.434000374412837,1.440168111950185,2296800
2004-10-27,1.4499337673187256,1.5177790426405486,1.4417104095080404,1.4442801169173198,2145600
2004-10-28,1.4468494653701782,1.4956775653322143,1.4391397576366756,1.455073114405796,2228400
2004-10-29,1.4550734758377075,1.4699788066545525,1.4468498247593817,1.4468498247593817,3560400
2004-11-01,1.449420690536499,1.464840119030734,1.43914097350663,1.4545604020008651,799200
2004-11-03,1.4879688024520874,1.4956785150812222,1.4596999541789508,1.46483981161522,4863600
2004-11-04,1.5573557615280151,1.5573557615280151,1.4905383633038374,1.4905383633038374,4440600
2004-11-05,1.5599247217178345,1.5876796095827799,1.5357678639692347,1.5624945751718664,3155400
2004-11-08,1.5229188203811646,1.5933337994951842,1.5162369932582889,1.5419361247379046,3742200
2004-11-09,1.5450204610824585,1.5450204610824587,1.503388104526698,1.5316568034330342,1648800
2004-11-10,1.5933343172073364,1.603099943286518,1.5429645089946216,1.5475902776977208,2970000
2004-11-11,1.5835689306259155,1.6241729643088383,1.5702052724987885,1.5825407533154017,3391200
2004-11-12,1.5984728336334229,1.6180039223567282,1.583053568541383,1.6164619517324006,3607200
2004-11-15,1.5984728336334229,1.5984728336334229,1.5984728336334229,1.5984728336334229,0
2004-11-16,1.6447315216064453,1.6447315216064453,1.5686626096925218,1.5933335604590486,4118400
2004-11-17,1.6293131113052368,1.7218293809357592,1.6293131113052368,1.644732538593843,5664600
2004-11-18,1.61954665184021,1.6704305298820121,1.5933337271458896,1.652955491836601,4215600
2004-11-19,1.5881949663162231,1.6293130955707913,1.571747361693063,1.6293130955707913,1407600
2004-11-22,1.6473017930984497,1.680710491017573,1.5630093566134602,1.573802863547083,2527200
2004-11-23,1.599501609802246,1.6601512628294788,1.599501609802246,1.6601512628294788,2705400
2004-11-24,1.611836552619934,1.6437034135681434,1.600015167285697,1.6190324661829507,3227400
2004-11-25,1.6452455520629883,1.678140004875481,1.644731463652284,1.644731463652284,2660400
2004-11-26,1.6452455520629883,1.660150880863274,1.620060513755069,1.6293120464412942,1650600
2004-11-29,1.639592170715332,1.6550114461593757,1.6293126047357993,1.6293126047357993,3038400
2004-11-30,1.637022614479065,1.6699173786621382,1.6246871330543644,1.634452906328758,2772000
2004-12-01,1.6241718530654907,1.6550105340074837,1.6241718530654907,1.6457590032501008,6319800
2004-12-02,1.6498717069625854,1.6570673288519961,1.6246866627234096,1.6442177624665202,5896800
2004-12-03,1.660151481628418,1.6858503235458548,1.6447320588375447,1.6498719154513404,4059000
2004-12-06,1.711548924446106,1.719258486380623,1.6524412535948654,1.6652908175866632,3808800
2004-12-07,1.7012706995010376,1.747528850738373,1.6992150790372764,1.7182319578994631,3767400
2004-12-08,1.6771131753921509,1.7213152481919316,1.6555260071499858,1.7012700520493256,4451400
2004-12-09,1.6241718530654907,1.7089783359437936,1.620060175990322,1.7089783359437936,4071600
2004-12-10,1.639078140258789,1.6544974134829893,1.6036135324471978,1.6380499632330912,5317200
2004-12-13,1.6961294412612915,1.7012690019695562,1.6200605312082477,1.6544971025733832,5347800
2004-12-14,1.7218284606933594,1.7367337912690195,1.7038393345384668,1.7089788958035355,4856400
2004-12-15,1.6894477605819702,1.737761929381465,1.6159488451384911,1.737761929381465,13579200
2004-12-16,1.6550110578536987,1.6961296062254447,1.6550110578536987,1.68584989560727,7057800
2004-12-17,1.6858497858047485,1.6858497858047485,1.6365077368430596,1.657581098122628,3146400
2004-12-20,1.6344528198242188,1.690990366503206,1.6344528198242188,1.685850509323009,3378600
2004-12-21,1.6699163913726807,1.6730003334308339,1.6349655872319317,1.6349655872319317,2691000
2004-12-22,1.6652909517288208,1.711549062314437,1.6652909517288208,1.6755703684695358,4761000
2004-12-23,1.6714588403701782,1.6909899398052517,1.6601512456573781,1.6611789815532343,2914200
2004-12-24,1.6714588403701782,1.6714588403701782,1.6714588403701782,1.6714588403701782,0
2004-12-27,1.6832810640335083,1.6987004922772513,1.6704314914802008,1.6714596690372803,1879200
2004-12-28,1.6961294412612915,1.7115488586383971,1.6889335268880565,1.6961294412612915,2646000
2004-12-29,1.698184847831726,1.716688056543526,1.6858493753571928,1.6992130244469175,2172600
2004-12-30,1.6704308986663818,1.7161752254355804,1.6704308986663818,1.696643829147783,2914200
2004-12-31,1.6704308986663818,1.6704308986663818,1.6704308986663818,1.6704308986663818,0
2005-01-03,1.6961294412612915,1.7187443318602451,1.670430314265807,1.6714584910982921,2694600
2005-01-04,1.6550110578536987,1.7100070538044565,1.6550110578536987,1.6961296062254447,5947200
2005-01-05,1.6293131113052368,1.660666054629144,1.5419368468383257,1.660666054629144,4584600
2005-01-06,1.6087533235549927,1.6293124536070727,1.5445060789048668,1.6287983650678977,3634200
2005-01-07,1.5933343172073364,1.6421624476032446,1.5804850413934697,1.608753742285048,1360800
2005-01-10,1.5522152185440063,1.5948754385160449,1.5445056571674955,1.5948754385160449,2926800
2005-01-11,1.5573557615280151,1.577914599011126,1.5347404226844577,1.5619815293718167,2970000
2005-01-12,1.5676350593566895,1.5876802478677403,1.5270305937967548,1.5681491478945218,1711800
2005-01-13,1.5655797719955444,1.6061842575957526,1.557870057678409,1.5732894863126798,761400
2005-01-14,1.5933343172073364,1.5933343172073364,1.5419366257497267,1.5630097027754324,2282400
2005-01-17,1.5881949663162231,1.6102957824917552,1.5727755391765244,1.585624816708681,615600
2005-01-18,1.6010438203811646,1.6344526683810943,1.5691772381985059,1.5727751231862224,1654200
2005-01-19,1.6498717069625854,1.6498717069625854,1.6036135914859624,1.6036135914859624,2268000
2005-01-20,1.5984728336334229,1.6498707760746552,1.572774009463219,1.6498707760746552,2466000
2005-01-21,1.5676350593566895,1.6087533193534622,1.5465619878709675,1.603613610379114,2554200
2005-01-24,1.6087533235549927,1.624172597568804,1.5624952074125638,1.5676350634508325,2223000
2005-01-26,1.6128655672073364,1.6380503219332743,1.6015579702563614,1.6380503219332743,820800
2005-01-27,1.583054542541504,1.6015577602666053,1.5624952646853325,1.6015577602666053,3128400
2005-01-28,1.5599247217178345,1.5933332577715622,1.5419356004891738,1.5933332577715622,3558600
2005-01-31,1.5881949663162231,1.5923066468961802,1.5604400562849872,1.583055108252805,1265400
2005-02-01,1.5460474491119385,1.5881938739110053,1.5455333607238124,1.5881938739110053,4446000
2005-02-02,1.6293131113052368,1.6293131113052368,1.5496465604826286,1.5522162689633205,3434400
2005-02-03,1.6807109117507935,1.6940742766232981,1.6257150391467765,1.628798836020993,11455200
2005-02-04,1.75832200050354,1.7603780616923943,1.6709457231521065,1.6709457231521065,8697600
2005-02-09,1.7732261419296265,1.7783657023708994,1.7038390614381234,1.7732261419296265,2532600
2005-02-10,1.7680867910385132,1.7680867910385132,1.7321080930953807,1.7475275140637951,4597200
2005-02-11,1.7578067779541016,1.7655164864728525,1.716174587233581,1.7578067779541016,3072600
2005-02-14,1.7218284606933594,1.7567788301602265,1.7130908683266426,1.7567788301602265,11331000
2005-02-15,1.8246246576309204,1.8246246576309202,1.701269708534171,1.715661249156754,7059600
2005-02-16,1.7994391918182373,1.8410713842992648,1.7886456876658348,1.8354174409592685,8971200
2005-02-17,1.8503228425979614,1.873451819310257,1.8307914550879238,1.8307914550879238,6381000
2005-02-18,1.9017201662063599,1.904290313475208,1.8477523673757246,1.8708814870390347,5410800
2005-02-21,1.8302782773971558,1.9042912925003765,1.8302782773971555,1.9017211439101758,8323200
2005-02-22,1.7192591428756714,1.8246246667189954,1.7064095739772958,1.7218289978351367,11269800
2005-02-23,1.6509002447128296,1.7552379063708852,1.6509002447128296,1.7423886289900603,6132600
2005-02-24,1.6909904479980469,1.698700160614636,1.6591238613269694,1.698700160614636,12164400
2005-02-25,1.6503853797912598,1.7321079513132425,1.6498715853983317,1.7012692589512193,11629800
2005-02-28,1.5933343172073364,1.6709452371678062,1.5753451840173873,1.6601517278437294,9000000
2005-03-01,1.5681487321853638,1.6313680769338632,1.562494789121521,1.593333475943904,6280200
2005-03-02,1.583054542541504,1.608753382523338,1.5624952646853325,1.5779145392643323,6750000
2005-03-03,1.5969308614730835,1.6190320972828935,1.5840813023499287,1.6061825381597388,12628800
2005-03-04,1.6087533235549927,1.6293124536070727,1.6036136145672213,1.6144072681324364,7824600
2005-03-07,1.6837937831878662,1.6837937831878662,1.6138926182723154,1.6138926182723154,10292400
2005-03-08,1.7012706995010376,1.7012706995010374,1.647302978932987,1.6858514137889984,3799800
2005-03-09,1.660151481628418,1.7624333489034818,1.660151481628418,1.6961300367734462,17933400
2005-03-10,1.6961294412612915,1.7166884193466618,1.6550108968887012,1.6858497316429126,8269200
2005-03-11,1.6807109117507935,1.7321086046916947,1.6642634559029923,1.7218291837439463,4834800
2005-03-14,1.6524416208267212,1.6796822849198572,1.6246867211328269,1.6796822849198572,4273200
2005-03-15,1.6344528198242188,1.662721372587917,1.6190333953341576,1.6575818095087804,3018600
2005-03-16,1.613892912864685,1.6293121843301488,1.588194078072088,1.6293121843301488,5405400
2005-03-17,1.6447315216064453,1.6550109373753656,1.594361737316686,1.5959037085022105,4341600
2005-03-18,1.639592170715332,1.649871883745376,1.6164630369735,1.644217938643494,3283200
2005-03-21,1.6097806692123413,1.6437032929019033,1.5933332251125272,1.6395913215891236,3114000
2005-03-22,1.57277512550354,1.6370223785692757,1.5522158457079465,1.619033247705221,5439600
2005-03-23,1.5157235860824585,1.575345074611255,1.5054438720442094,1.575345074611255,7016400
2005-03-24,1.5265169143676758,1.562495321050216,1.4956782170467091,1.5506739306983932,8035200
2005-03-28,1.4622690677642822,1.5162368871744334,1.4622690677642822,1.5116111202979992,3128400
2005-03-29,1.4314312934875488,1.4699797185943289,1.403162732707016,1.4699797185943289,10933200
2005-03-30,1.4797440767288208,1.479744076728821,1.419094449918907,1.4283461277849432,3535200
2005-03-31,1.5213762521743774,1.5213762521743774,1.4853977174969883,1.4853977174969883,4757400
2005-04-01,1.5290864706039429,1.5470755969088716,1.4915659525654106,1.5362820917158186,5556600
2005-04-04,1.4843698740005493,1.506471113102202,1.4237202458887126,1.506471113102202,2394000
2005-04-05,1.44890558719635,1.5059573444458743,1.4262906961278654,1.5059573444458743,3065400
2005-04-06,1.4550734758377075,1.4848844315723588,1.4340005537625988,1.4525037686888314,3848400
2005-04-07,1.4622690677642822,1.4751186326050674,1.453531622481389,1.4694649828896378,1153800
2005-04-08,1.4391405582427979,1.4622695472597151,1.4139558028737798,1.4622695472597151,1917000
2005-04-11,1.3980215787887573,1.4545592421163236,1.3908261061168634,1.4391398259177324,2523600
2005-04-12,1.423721194267273,1.4442804762114987,1.3877429287791074,1.3985364378356635,8607600
2005-04-13,1.4391405582427979,1.4931083953496394,1.410871859244577,1.4391405582427976,24449400
2005-04-14,1.4139554500579834,1.4648393308388736,1.377462812453993,1.4545596193402495,12877200
2005-04-15,1.3877429962158203,1.4237212634523329,1.387228907530597,1.4077881904738914,2437200
2005-04-18,1.4391405582427979,1.4391405582427976,1.377463156164001,1.3877428702276597,4581000
2005-04-19,1.5162360668182373,1.5162360668182375,1.4288598966582584,1.4288598966582584,22802400
2005-04-20,1.5162360668182373,1.5403932121206667,1.4648384234655896,1.5162360668182375,7610400
2005-04-22,1.5367956161499023,1.5558129124274611,1.5008169355936753,1.5239460558690157,7318800
2005-04-25,1.5419360399246216,1.55427151647998,1.521890853759544,1.521890853759544,4363200
2005-04-26,1.5419360399246216,1.554785310856687,1.5326843589828627,1.537310272978982,9640800
2005-04-27,1.540907859802246,1.541936036755466,1.5162369067422354,1.541936036755466,4228200
2005-04-28,1.4982481002807617,1.5414222773529185,1.4910524776273244,1.5367965094292437,3432600
2005-04-29,1.5033873319625854,1.5419357250898313,1.4920797405704016,1.540907548344433,7763400
2005-05-02,1.5008176565170288,1.5208628448976012,1.4915661216032237,1.5162370774406986,4350600
2005-05-03,1.5213762521743774,1.5403935490712066,1.5162363984845662,1.5316558125035702,3762000
2005-05-04,1.6000159978866577,1.6036138830106788,1.5316567687323477,1.5403945107550447,6469200
2005-05-05,1.5928196907043457,1.6344520284392399,1.5861378649003082,1.6036131943909662,2935800
2005-05-06,1.5784279108047485,1.6087526517304005,1.5666065262493556,1.6030988565645123,8722800
2005-05-09,1.5522152185440063,1.5923055847238745,1.5455333928137234,1.5774002562687381,3250800
2005-05-10,1.5162360668182373,1.5671199160798523,1.5033868030304736,1.5671199160798523,5180400
2005-05-11,1.531656265258789,1.531656265258789,1.4756326816668124,1.5188069948621117,6989400
2005-05-12,1.5367956161499023,1.5496451764307888,1.5059569361665406,1.5316557626274625,2426400
2005-05-13,1.5290864706039429,1.541936035600937,1.497219896450529,1.5393658873207712,3997800
2005-05-16,1.554271936416626,1.567635299436901,1.5342267448356939,1.5414223679118757,5682600
2005-05-17,1.549646019935608,1.554785582154768,1.5316565963402613,1.5419363089806037,2244600
2005-05-18,1.5522152185440063,1.5676346353979425,1.5419358033753252,1.5419358033753252,5850000
2005-05-19,1.5547863245010376,1.5568423856511948,1.5265176159197238,1.5547863245010376,11779200
2005-05-20,1.542449951171875,1.554271634246249,1.5162370247429797,1.5367963009434884,2511000
2005-05-23,1.5445060729980469,1.5619814070007307,1.5249749730485143,1.5265167975086507,3088800
2005-05-24,1.5547863245010376,1.5547863245010376,1.518293959521398,1.5388531005172128,2896200
2005-05-25,1.5522152185440063,1.5619809864652594,1.5316560941057296,1.5419358033753252,3115800
2005-05-27,1.5928196907043457,1.5933334850079022,1.5619810037065307,1.5619810037065307,5756400
2005-05-30,1.5881949663162231,1.6031001576636361,1.583055108252805,1.5933345302785304,1848600
2005-05-31,1.5779145956039429,1.6025855534516242,1.5763727710263438,1.5763727710263438,2977200
2005-06-01,1.5881949663162231,1.6138938154816476,1.5696917419789178,1.5881949663162231,4293000
2005-06-02,1.6190340518951416,1.6293134763230532,1.5881953374596378,1.6010446179945272,6008400
2005-06-03,1.6550110578536987,1.6699166823651952,1.61903280594247,1.61903280594247,6345000
2005-06-06,1.5959032773971558,1.6493568425679623,1.5681483917570718,1.5681483917570718,7144200
2005-06-07,1.5619816780090332,1.5928203783198167,1.554785760694067,1.5928203783198167,5779800
2005-06-08,1.5213762521743774,1.5933331744787258,1.465352538092455,1.5933331744787258,6350400
2005-06-09,1.4853986501693726,1.5265170643545645,1.4751190833857053,1.50595793078723,2764800
2005-06-10,1.5033873319625854,1.5208623662722112,1.4956776239270464,1.4956776239270464,1193400
2005-06-13,1.4828283786773682,1.525488458557552,1.4699788135196141,1.520862691567011,2377800
2005-06-14,1.5799713134765625,1.5799713134765625,1.4391409832325412,1.490538980526967,8413200
2005-06-15,1.565064787864685,1.565064787864685,1.4910519395909012,1.5542712842540394,5389200
2005-06-16,1.5984728336334229,1.5984728336334229,1.5650643033919929,1.5650643033919929,2170800
2005-06-17,1.6591229438781738,1.6652906811507504,1.5738023576985107,1.5738023576985107,12434400
2005-06-20,1.6658042669296265,1.68533565309033,1.6442171156525132,1.6473010574280027,6181200
2005-06-21,1.6447315216064453,1.6956153943250234,1.6041270646567876,1.6652907942956836,4201200
2005-06-22,1.6210887432098389,1.644731815443578,1.5933338451137529,1.644731815443578,4570200
2005-06-23,1.5881949663162231,1.613379726739917,1.5496465455175312,1.613379726739917,3375000
2005-06-24,1.6010438203811646,1.6010438203811646,1.5578694946295994,1.567635266482268,2073600
2005-06-27,1.5887079238891602,1.6010434002813094,1.5527295246039634,1.5527295246039634,1807200
2005-06-28,1.583054542541504,1.597959728562485,1.567635120912001,1.5933339608938353,3754800
2005-06-29,1.5881949663162231,1.6005304492077603,1.5419368319476816,1.597960299600218,6960600
2005-06-30,1.6267420053482056,1.6647763050985511,1.5573549362585615,1.5573549362585615,5151600
2005-07-01,1.6293131113052368,1.6395926804807885,1.619033689180242,1.626743402824545,2372400
2005-07-04,1.5779145956039429,1.619033152784428,1.5537577263326359,1.619033152784428,2646000
2005-07-05,1.5419360399246216,1.5830542951091502,1.52703041508189,1.567634875889712,4249800
2005-07-06,1.5188075304031372,1.54193651937353,1.500817957302658,1.54193651937353,3540600
2005-07-07,1.4931082725524902,1.5110976971591326,1.4905384177731902,1.4905384177731902,2797200
2005-07-08,1.4956780672073364,1.5085273393240104,1.4699789347720147,1.496705950156473,2491200
2005-07-11,1.5347388982772827,1.5357670744109972,1.4936206759504453,1.5033864375660222,1315800
2005-07-12,1.5419360399246216,1.5496457495343405,1.5316563290780094,1.5352542131692757,3893400
2005-07-13,1.5881949663162231,1.5907646747720992,1.5450207761958437,1.5450207761958437,2484000
2005-07-14,1.6190340518951416,1.6395930478015543,1.5830554781950923,1.5964187005412593,4129200
2005-07-15,1.5933343172073364,1.5989882632564023,1.5779148921296249,1.5809988359653815,2199600
2005-07-18,1.5630085468292236,1.5773999309681423,1.562494458536442,1.5686621945959787,3429000
2005-07-19,1.549646019935608,1.55581375928951,1.5260027985032245,1.55581375928951,5103000
2005-07-20,1.5676350593566895,1.587166159329908,1.5290866538470904,1.5316565083342646,1767600
2005-07-21,1.5799713134765625,1.5825411692261129,1.5547862565691457,1.5676358294180368,1926000
2005-07-22,1.5511870384216309,1.5804837455889011,1.52651594911448,1.5676341862090397,4222800
2005-07-25,1.4776875972747803,1.5110964163406448,1.4494189245622249,1.4956770066334424,5839200
2005-07-26,1.4776875972747803,1.490537154380912,1.4596984820168966,1.4802577439766293,2912400
2005-07-27,1.5208624601364136,1.5290862570522061,1.4776882983434123,1.4776882983434123,2741400
2005-07-28,1.5907635688781738,1.6190325479986334,1.5285721089140694,1.5285721089140694,3526200
2005-07-29,1.6087533235549927,1.6174910641149998,1.58819434055341,1.5907640479967982,2516400
2005-08-01,1.6185189485549927,1.6293124550794642,1.567120976327847,1.5984737599734755,2908800
2005-08-02,1.6704308986663818,1.6704308986663818,1.6180050377035795,1.6180050377035795,3357000
2005-08-03,1.7429012060165405,1.7429012060165405,1.6704301852233447,1.6704301852233447,7966800
2005-08-04,1.8066349029541016,1.8307917664033468,1.696129560798368,1.7115489792621785,7083000
2005-08-05,1.7166893482208252,1.798926040311626,1.7166893482208252,1.793786182721339,3195000
2005-08-08,1.6961294412612915,1.75780681666879,1.6807100238841857,1.722342362572094,2871000
2005-08-09,1.772711992263794,1.772711992263794,1.685849585791939,1.6961292945209707,3805200
2005-08-10,1.7809358835220337,1.8061206271630106,1.7274818658451787,1.7680863204515127,9585000
2005-08-11,1.7470132112503052,1.8189701450457092,1.6863635750470698,1.7249119692000783,5715000
2005-08-12,1.7732261419296265,1.7732261419296265,1.6447313959300751,1.665804461336976,2941200
2005-08-15,1.8498090505599976,1.860088466700647,1.791215466845373,1.8189703609866348,7120800
2005-08-16,1.8246246576309204,1.8333625467809438,1.79173019080245,1.8092052338498803,2714400
2005-08-17,1.9222806692123413,1.942325860327815,1.808691350925,1.8246245684560407,12162600
2005-08-18,1.896581768989563,1.9582591651150318,1.829764369277871,1.8914419124538513,3744000
2005-08-19,1.8760223388671875,1.917140599640589,1.780936397591322,1.8811621949891129,5425200
2005-08-22,1.8580338954925537,1.8914424579326847,1.8503241819908145,1.8868165416013087,4617000
2005-08-23,1.8297635316848755,1.8451829471831034,1.8148583515906924,1.8148583515906924,1333800
2005-08-24,1.8066349029541016,1.8251381168803908,1.7732263590164756,1.79943928217467,4060800
2005-08-25,1.8349049091339111,1.8446703902025676,1.7886469183385456,1.8189715391052683,2804400
2005-08-26,1.7984119653701782,1.850324042162276,1.7680873494425882,1.7984119653701782,3193200
2005-08-29,1.7680867910385132,1.7886460680132312,1.7500976626426918,1.7886460680132312,3270600
2005-08-30,1.767572045326233,1.7886454030019376,1.731593654860717,1.7886454030019376,3636000
2005-08-31,1.7932713031768799,1.8143443683313478,1.7655164124925709,1.7655164124925709,4309200
2005-09-01,1.767572045326233,1.808690436937517,1.7675720453262327,1.7989248170917063,1929600
2005-09-02,1.8215396404266357,1.8215396404266355,1.768086071429692,1.768086071429692,6568200
2005-09-05,1.8148584365844727,1.850322888020652,1.8148584365844727,1.8349034718002992,1774800
2005-09-06,1.8066349029541016,1.8297638835993448,1.7999530765261984,1.8246240284279172,8479800
2005-09-08,1.8020085096359253,1.8143441293545142,1.7932710669756904,1.8143441293545142,13041000
2005-09-09,1.8138302564620972,1.8246237595660373,1.7989249286470894,1.814344344838819,7621200
2005-09-12,1.8580338954925537,1.8580338954925537,1.7989261900129225,1.7989261900129225,6249600
2005-09-13,1.8040649890899658,1.875507841315885,1.7680864452340566,1.8534070383082173,3205800
2005-09-14,1.8246246576309204,1.8426140834091491,1.7984117254334664,1.8056076427952814,4269600
2005-09-15,1.8708823919296265,1.886301665445926,1.839529903424933,1.841071727841218,4730400
2005-09-16,1.9006930589675903,1.9012071474512022,1.8246241389459665,1.8811619610542945,3168000
2005-09-19,1.9412972927093506,1.9474650303354535,1.8508368467589107,1.9094304277321217,4091400
2005-09-20,2.037925958633423,2.080586049846254,1.9274205806339837,1.9274205806339837,7450200
2005-09-21,2.158710479736328,2.184409315985249,2.0050306684232577,2.03535556576987,7765200
2005-09-22,2.222956657409668,2.2476275990287182,2.1175909202400875,2.1432900383355484,4797000
2005-09-23,2.2645907402038574,2.3077650714173106,2.222958527952249,2.222958527952249,4176000
2005-09-26,2.2316954135894775,2.30262448138471,2.19571701176038,2.30262448138471,2827800
2005-09-27,2.133012056350708,2.2255283092517044,2.1129668633204743,2.2255283092517044,3717000
2005-09-28,2.168989658355713,2.2409465978196828,2.1484305327945785,2.158710242625611,3022200
2005-09-29,2.201885223388672,2.220388443259944,2.127872343903583,2.210108729614273,1211400
2005-09-30,2.2306673526763916,2.2589361892473825,2.184923331567281,2.184923331567281,1011600
2005-10-03,2.2306673526763916,2.286691084402659,2.169503912692022,2.213191874037319,2993400
2005-10-04,2.1844098567962646,2.2512272593273015,2.1175924542652274,2.230667979367473,4906800
2005-10-05,2.1787543296813965,2.2358059111473865,2.127356394609931,2.15870915559058,4267800
2005-10-06,2.081613779067993,2.184409423210531,2.056942824473784,2.1330114540887735,4320000
2005-10-07,2.1073122024536133,2.1581960730671956,2.0677359239988093,2.15357030675245,2237400
2005-10-10,2.149458646774292,2.199828579896875,2.1073123641982145,2.1073123641982145,2842200
2005-10-11,2.2101082801818848,2.2101082801818848,2.148430893153266,2.1597384876337573,3585600
2005-10-13,2.130441904067993,2.1581968054763347,2.12324642852592,2.12324642852592,4181400
2005-10-14,2.111938714981079,2.1330117885722037,2.071334392414879,2.1330117885722037,2829600
2005-10-17,2.0970335006713867,2.153056950969549,2.076474221836914,2.124274166472001,1551600
2005-10-18,2.11759090423584,2.138150169146744,2.0816126685555902,2.1278707572669076,2719800
2005-10-19,2.0764734745025635,2.1278714325145707,2.058997998199951,2.1278714325145707,2790000
2005-10-20,2.000918388366699,2.1350667673461827,1.8657421268305057,2.1073118796088974,4179600
2005-10-21,2.0302157402038574,2.1047426899348993,1.9633983532307988,2.014282232096004,3155400
2005-10-24,2.066193103790283,2.0918919256896493,1.9022339671685542,2.0302145766706916,2943000
2005-10-25,2.0867538452148438,2.1278724069140904,2.050775581642207,2.066194858466269,2550600
2005-10-26,2.0600266456604004,2.106284759619868,2.045635255303087,2.045635255303087,3040200
2005-10-27,2.078530788421631,2.0811006439398576,2.053345733781227,2.0559155892994543,1929600
2005-10-28,2.0559144020080566,2.148430617741636,2.0559144020080566,2.0816135305512935,1848600
2005-10-31,2.1278724670410156,2.1422635670059833,2.066194916850382,2.096519676823566,2104200
2005-11-01,2.1766998767852783,2.2358075604241665,2.133011614452274,2.133011614452274,3173400
2005-11-03,2.158710479736328,2.2553383804871765,2.158710479736328,2.245572610959893,2017800
2005-11-04,2.1278724670410156,2.16847650010316,2.080072369319538,2.158711168611068,4422600
2005-11-07,2.2244999408721924,2.2244999408721924,2.136609475670379,2.136609475670379,2509200
2005-11-08,2.2286105155944824,2.246085841087851,2.1751568036918876,2.2101073076281996,1738800
2005-11-09,2.1844098567962646,2.238891779581715,2.1838957681856432,2.230667979367473,1123200
2005-11-10,2.277439832687378,2.277439832687378,2.1407212526972255,2.204968790281792,2433600
2005-11-11,2.271784543991089,2.2743546911849024,2.246085718960464,2.260991043360243,2019600
2005-11-14,2.186466932296753,2.2563678695923355,2.186466932296753,2.2558540748441995,3252600
2005-11-16,2.1073122024536133,2.179269139212557,2.0996024938953974,2.1741295785911796,7380000
2005-11-17,2.21524715423584,2.2537955408079897,2.1150214079684204,2.1587096480403885,5859000
2005-11-18,2.158710479736328,2.21010815223417,2.143804854728972,2.21010815223417,1994400
2005-11-21,2.147916793823242,2.1818392783481078,2.1330111700689685,2.174129716351846,2262600
2005-11-22,2.1078274250030518,2.133012182606569,2.0713347750554894,2.133012182606569,6494400
2005-11-23,2.1021718978881836,2.133010578471428,2.0944621909797654,2.112451605133027,3924000
2005-11-24,2.112452745437622,2.1504870651627153,2.094977410148695,2.094977410148695,1886400
2005-11-25,2.0996029376983643,2.115022358074072,2.0944630818896313,2.107826736402435,1920600
2005-11-28,2.056943416595459,2.1330120681079383,2.050775676171431,2.1098830782804665,3479400
2005-11-29,2.070819139480591,2.081098551216668,2.0307287866880936,2.066193227738866,5205600
2005-11-30,2.014796257019043,2.0780157578134775,2.0045168403327196,2.0703060482482556,5509800
2005-12-01,2.064138174057007,2.0816135047838427,2.0353553974896634,2.0353553974896634,10036800
2005-12-02,2.1946887969970703,2.1946887969970703,2.0775017650014154,2.0775017650014154,7101000
2005-12-05,2.2034268379211426,2.210108371311631,2.13815141681123,2.2034268379211426,4365000
2005-12-06,2.2383768558502197,2.250712330993537,2.1869788957026013,2.2383768558502197,4689000
2005-12-07,2.199829339981079,2.2203884734509276,2.151001361227559,2.199829339981079,2975400
2005-12-08,2.148430824279785,2.210108209331177,2.1360952002190214,2.148430824279785,1782000
2005-12-09,2.133012056350708,2.1587111952182996,2.0944636421503815,2.133012056350708,2300400
2005-12-12,2.1679623126983643,2.1993148010067385,2.1587106310061217,2.1679623126983643,2372400
2005-12-13,2.2101082801818848,2.2101082801818848,2.148430893153266,2.2101082801818848,2638800
2005-12-14,2.260991096496582,2.2615051847675938,2.1921181202735496,2.260991096496582,4122000
2005-12-15,2.22552752494812,2.2846350529516557,2.1998286892381786,2.22552752494812,2205000
2005-12-16,2.1869802474975586,2.253283430612952,2.1643651957562144,2.1869802474975586,1641600
2005-12-19,2.1278724670410156,2.1869798680957198,2.1232466985681397,2.1278724670410156,4680000
2005-12-20,2.1458609104156494,2.1581963870834153,2.112452364536404,2.1458609104156494,2259000
2005-12-21,2.174130916595459,2.197259909453699,2.1458619188011987,2.174130916595459,4640400
2005-12-22,2.171560049057007,2.1792697598107442,2.1432913547108075,2.171560049057007,1630800
2005-12-23,2.189549207687378,2.2101081887963363,2.1741299350930383,2.189549207687378,2210400
2005-12-26,2.1833815574645996,2.208566306664465,2.135067530812418,2.1833815574645996,147600
2005-12-27,2.184922933578491,2.2203873846609885,2.1432905984290036,2.184922933578491,3090600
2005-12-28,2.168989658355713,2.1849231644786733,2.153570387710095,2.168989658355713,1436400
2005-12-29,2.168989658355713,2.1849231644786733,2.154084476136972,2.168989658355713,1296000
2006-01-02,2.112452745437622,2.1741302869481522,2.112452745437622,2.112452745437622,3142800
2006-01-03,2.158710479736328,2.1689898965955114,2.127871788007334,2.158710479736328,5104800
2006-01-04,2.4516775608062744,2.5441937562161274,2.1741292686775937,2.4516775608062744,16003800
2006-01-05,2.524662494659424,2.529288407863303,2.3956541013999892,2.524662494659424,6238800
2006-01-06,2.6238620281219482,2.6469910178874545,2.533915630032688,2.6238620281219482,7043400
2006-01-09,2.723572254180908,2.724600430923637,2.608441163470795,2.6207766374754504,4138200
2006-01-10,2.6418497562408447,2.7420758210235188,2.576060850640999,2.6418497562408447,3803400
2006-01-11,2.6726908683776855,2.7132953584851287,2.6526458147988627,2.6526458147988627,2592000
2006-01-12,2.6983883380889893,2.7138077588411242,2.6469903669488692,2.672689205468435,5047200
2006-01-13,2.7240869998931885,2.7240869998931885,2.6726890320873276,2.6726890320873276,2111400
2006-01-16,2.7626359462738037,2.7754855142810024,2.7266573911344683,2.7266573911344683,2489400
2006-01-17,2.7446460723876953,2.7626353460489175,2.713807527612003,2.740534246810872,3996000
2006-01-18,2.7780566215515137,2.8258565890553897,2.6932499050304615,2.7189487585301824,6157800
2006-01-19,2.9373879432678223,2.9605172183982535,2.8063236194004477,2.8063236194004477,4750200
2006-01-20,2.903979539871216,2.9785064926618636,2.87879479070063,2.9296786716548056,3223800
2006-01-23,2.896270990371704,2.9286515195375795,2.8402473810952573,2.903980556144222,2147400
2006-01-24,2.878281354904175,2.924539332043115,2.859777987587971,2.896270633591773,3985200
2006-01-25,2.878281354904175,2.878281354904175,2.878281354904175,2.878281354904175,0
2006-01-26,2.8320236206054688,2.9240254941437156,2.8268836161818056,2.893701026779782,4251600
2006-01-27,2.7271714210510254,2.903979955464421,2.65213066311013,2.855152127469535,5002200
2006-01-30,2.7112374305725098,2.7472159785755057,2.6624096112119937,2.742590358527186,5637600
2006-01-31,2.752354860305786,2.847440606031051,2.7446450065301904,2.7446450065301904,7540200
2006-02-01,2.9348185062408447,2.9697691740329963,2.7497860435075583,2.7518421035428577,6541200
2006-02-02,3.083359718322754,3.274045770304496,2.9821059949825295,3.004206812184265,16486200
2006-02-03,2.981076240539551,3.170734308767031,2.9193988558437405,3.047893627869072,10211400
2006-02-06,2.99906587600708,3.014485001951835,2.8937000841120657,2.9821044845466784,7228800
2006-02-07,2.904494285583496,3.0016361551668687,2.839732941160899,3.0016361551668687,3065400
2006-02-08,2.847442626953125,2.9805633536502776,2.847442626953125,2.9142600346267957,2289600
2006-02-09,2.9096343517303467,2.9301931916867576,2.7600663205986193,2.72974156110123,2781000
2006-02-10,2.9553754329681396,2.9805604585453667,2.8942121775530105,2.9502354337620624,4687200
2006-02-13,2.90140962600708,3.109571059859813,2.896269917396166,2.975422488767749,3308400
2006-02-14,3.0828452110290527,3.0828452110290527,2.9301935135943595,2.9301935135943595,3675600
2006-02-15,3.064340591430664,3.145035425896384,2.998551676153896,3.0833580421047593,10206000
2006-02-16,3.1095731258392334,3.2221344661687015,3.081304121495523,3.1661108404254863,6899400
2006-02-17,3.135270118713379,3.186668090759842,3.0823304692554063,3.135270118713379,4158000
2006-02-20,2.981076240539551,3.0684527561010086,2.965656820840356,3.0684527561010086,6942600
2006-02-21,2.826883316040039,3.001636095363579,2.7893630817475112,2.996496385586691,6834600
2006-02-22,2.7754859924316406,2.901410663012131,2.7754859924316406,2.8397332553338654,4298400
2006-02-23,2.7652053833007812,2.8320227739225254,2.746188225511849,2.8268827710355566,5000400
2006-02-24,2.8042666912078857,2.816602163543517,2.750298889451677,2.773941951620185,2595600
2006-02-27,2.8042666912078857,2.8042666912078857,2.8042666912078857,2.8042666912078857,0
2006-02-28,2.8042666912078857,2.8042666912078857,2.8042666912078857,2.8042666912078857,0
2006-03-01,2.8870177268981934,2.902951233335079,2.852581448243137,2.852581448243137,3508200
2006-03-02,2.85412335395813,2.911688611241557,2.8541233539581303,2.8870176606482616,4231800
2006-03-03,2.8787941932678223,2.8798220759775766,2.7893619272990153,2.857720980162813,2818800
2006-03-06,2.826883316040039,2.880851151000479,2.793988997007334,2.878281296112035,3337200
2006-03-07,2.7806243896484375,2.8551513323500526,2.7626351174756016,2.8011835158315446,5943600
2006-03-08,2.8217434883117676,2.8217434883117676,2.729227539790879,2.7549263817021226,4669200
2006-03-09,2.7754859924316406,2.866974073629131,2.7240880056492136,2.866974073629131,3144600
2006-03-10,2.888047218322754,2.896270872452387,2.7446470656241098,2.8063247656974273,3450600
2006-03-13,2.950237274169922,2.9785062580853103,2.868001058882396,2.868001058882396,5187600
2006-03-14,2.9754221439361572,2.9754221439361572,2.8936997277302003,2.929678272038873,2575800
2006-03-15,2.9949536323547363,2.995467720838699,2.929678511737707,2.929678511737707,3342600
2006-03-16,2.9954683780670166,3.0170553935143927,2.9322490093131064,2.9980382328487494,3501000
2006-03-17,2.975937604904175,2.995468857291245,2.9193999083579016,2.995468857291245,5490000
2006-03-20,2.9450976848602295,2.9851880543288036,2.905007315391656,2.973366372993963,2835000
2006-03-21,2.8577208518981934,2.945611142807083,2.832022020702286,2.8577208518981934,3655800
2006-03-22,2.971310615539551,2.971310615539551,2.8423017678909246,2.875710458222719,3468600
2006-03-23,2.8376779556274414,2.929680444282027,2.8088951576593755,2.929680444282027,3324600
2006-03-24,2.8623454570770264,2.878278956173465,2.78062307929816,2.878278956173465,1843200
2006-03-27,2.7266571521759033,2.8166035321415275,2.7266571521759033,2.8083795858208687,4941000
2006-03-28,2.549333333969116,2.726142067086068,2.5457355981141703,2.726142067086068,6118200
2006-03-29,2.611011505126953,2.626430924039904,2.5698932507597196,2.5698932507597196,4582800
2006-03-30,2.626431941986084,2.657270497663365,2.573492279257901,2.632599535481113,2779200
2006-03-31,2.85258150100708,2.8782803354149378,2.5930221264940414,2.646989943441391,9091800
2006-04-03,2.8345935344696045,2.8988410979027726,2.7821676591710536,2.8525831110398667,2869200
2006-04-04,2.816603899002075,2.87725341554685,2.816603899002075,2.83459288323725,3967200
2006-04-05,2.7240869998931885,2.8166032243033507,2.698388163040743,2.815575341413486,7734600
2006-04-06,2.7343673706054688,2.7857653563363973,2.683483473549246,2.7857653563363973,7509600
2006-04-07,2.806325912475586,2.8474439058251537,2.7369386185891864,2.762123385839532,5430600
2006-04-10,2.7240869998931885,2.796557890395648,2.6732031205827447,2.77548496769905,3402000
2006-04-11,2.7240869998931885,2.739506419645044,2.7035278715910382,2.7317965627186314,3337200
2006-04-12,2.7292284965515137,2.79398985967955,2.7060992072120404,2.724088491086558,13429800
2006-04-13,2.6726908683776855,2.7441339250757157,2.6726908683776855,2.729228877679634,5358600
2006-04-14,2.6726908683776855,2.6726908683776855,2.6726908683776855,2.6726908683776855,0
2006-04-17,2.677827835083008,2.703526660422488,2.6629225105040923,2.6989007483390295,3418200
2006-04-18,2.772914409637451,2.783194119320231,2.6932477624743814,2.6983877643662346,12580200
2006-04-19,2.8736541271209717,2.8808498941298355,2.7754844191677805,2.7754844191677805,10380600
2006-04-20,2.9399590492248535,2.97490943283121,2.9044945769385815,2.9399590492248535,9199800
2006-04-21,2.9399590492248535,2.9399590492248535,2.9399590492248535,2.9399590492248535,0
2006-04-24,2.9348185062408447,2.9558917246229504,2.838190448904595,2.9553776360888775,3524400
2006-04-25,2.9605166912078857,2.975935813081165,2.904492822971739,2.945097275233709,4453200
2006-04-26,3.0684516429901123,3.0741054379655464,2.9656557450196783,2.9656557450196783,4269600
2006-04-27,3.047894239425659,3.0777049078182026,2.981076838689301,3.032474816632574,3627000
2006-04-28,3.117279291152954,3.140408558223774,3.006774132718453,3.040696606801023,6948000
2006-05-01,3.117279291152954,3.117279291152954,3.117279291152954,3.117279291152954,0
2006-05-02,3.0735912322998047,3.1131677956166968,3.037612992894854,3.083870939344684,2516400
2006-05-03,3.0581729412078857,3.1198503238117317,3.0067752694218273,3.1198503238117317,3960000
2006-05-04,3.0859270095825195,3.1095700734339737,3.011914170300394,3.0581721213265025,4044600
2006-05-05,3.0581729412078857,3.0905534567870454,3.0581729412078857,3.0859278369048564,6100200
2006-05-08,3.1609692573547363,3.1969475143395383,3.043267980568289,3.078732443115347,4777200
2006-05-09,3.1840968132019043,3.1918066673186494,3.1249893041108816,3.1866666665405314,89209224
2006-05-10,3.3151628971099854,3.3151628971099854,3.1337281692110275,3.171248692009486,209268240
2006-05-11,3.302314043045044,3.3413765457956104,3.2637656289468486,3.3161914956484786,117058104
2006-05-12,3.314649820327759,3.319789825008131,3.19746259569331,3.2971743337964496,118389204
2006-05-15,3.2894630432128906,3.3203018787215153,3.197460919216768,3.291005014398415,165510660
2006-05-16,3.4328622817993164,3.4436557833353367,3.289462232018803,3.289462232018803,304537056
2006-05-17,3.302314043045044,3.4544516389293984,3.3023140430450435,3.4436581300380733,128084280
2006-05-18,3.135270118713379,3.392773479281539,3.1095712797406443,3.3413758013360697,8184600
2006-05-19,3.0170533657073975,3.186666314211582,2.9564038924986438,3.171246901783778,7128000
2006-05-22,2.7754859924316406,2.929679658677843,2.749786851989888,2.929679658677843,5558400
2006-05-23,2.662409782409668,2.877766701679817,2.6218053176464444,2.855151806175822,113416152
2006-05-24,2.5385398864746094,2.680912074995036,2.484058576464253,2.677828427025252,99883014
2006-05-25,2.9296796321868896,2.9296796321868896,2.590453451872188,2.6212923024830066,125053152
2006-05-26,3.186668634414673,3.202088058069309,2.9605181658505018,3.0530341195762314,138926592
2006-05-29,3.0376150608062744,3.2175075566995024,3.0196254877057953,3.1866687086716112,3564000
2006-05-30,2.8787941932678223,3.007802737520885,2.83716185546314,3.0000931760463523,105138432
2006-05-31,2.888559579849243,3.0016349150844213,2.8011833715953753,2.9193984145864462,98071752
2006-06-01,3.042752504348755,3.0627978308037185,2.910145955526525,2.956404197583537,131070384
2006-06-02,3.0278480052948,3.157884736299869,2.9296782876366114,3.157884736299869,115825752
2006-06-05,2.981076240539551,3.058173044934556,2.955377403774872,3.057659250541863,50529414
2006-06-06,3.0319604873657227,3.0319604873657227,2.8530959030062646,2.970797183746227,62104872
2006-06-07,2.85258150100708,3.1095707273884847,2.85258150100708,3.083871892980627,163098408
2006-06-08,2.7662317752838135,2.878278883839184,2.749784188400551,2.8731388842690673,156936744
2006-06-09,2.878281354904175,2.891130923709901,2.811463950035655,2.891130923709901,99130212
2006-06-12,2.7240869998931885,2.916829011538956,2.6778290347385925,2.8834206118610677,138462420
2006-06-13,2.677827835083008,2.72408577951424,2.6007310649637287,2.6726878347344414,132254124
2006-06-14,2.5236363410949707,2.742077268852011,2.4938253736645515,2.6778300063590175,221801808
2006-06-15,2.5236363410949707,2.5236363410949707,2.5236363410949707,2.5236363410949707,0
2006-06-16,2.6320841312408447,2.672688288046065,2.585312090611552,2.6212906286496063,75401772
2006-06-19,2.595079183578491,2.724087787748733,2.5441952895515034,2.659326441341561,66322404
2006-06-20,2.50821590423584,2.6469900881884576,2.50821590423584,2.5955921224611718,72470460
2006-06-21,2.467611074447632,2.519523120882118,2.447052097103559,2.519523120882118,203763216
2006-06-22,2.4460222721099854,2.5076997507840217,2.4460222721099854,2.498448224565649,116254008
2006-06-23,2.3668713569641113,2.4465378484879006,2.3411722325782387,2.4434540535559,370036656
2006-06-26,2.359163761138916,2.374583043704182,2.312905619341961,2.374583043704182,12832200
2006-06-27,2.36173152923584,2.488684307203516,2.2872045924199904,2.333462696203982,500072640
2006-06-28,2.4362597465515137,2.4465391665631944,2.318044357709815,2.338603638884756,579984288
2006-06-29,2.564753293991089,2.564753293991089,2.4362589673844868,2.4521920338967553,378934680
2006-06-30,2.5688652992248535,2.6207770572125546,2.5236352206305157,2.5698931820313065,278743512
2006-07-03,2.575546979904175,2.601246108784953,2.5441943485346092,2.564753181077718,179908596
2006-07-04,2.564753293991089,2.587368775446616,2.5441944605428763,2.575033298917113,130022556
2006-07-05,2.4316325187683105,2.5282602441104642,2.423408723003609,2.5282602441104642,228543960
2006-07-06,2.4655559062957764,2.487142918613874,2.4413987454674895,2.4491084557455927,163153260
2006-07-07,2.415699005126953,2.4933098733453045,2.3797204686323883,2.492281696684809,141633552
2006-07-10,2.4059343338012695,2.461958223267915,2.3828053481256224,2.4362593829728634,75968808
2006-07-11,2.3951399326324463,2.4131293494041812,2.346826213261971,2.4059334356450375,174388224
2006-07-12,2.431119203567505,2.4388287664010524,2.3848610913137955,2.416213872295398,135921432
2006-07-13,2.382291555404663,2.423409817547221,2.377151699111591,2.4054206881477302,128055888
2006-07-14,2.4028501510620117,2.414671833330435,2.379721169107697,2.3905146744129797,63945774
2006-07-17,2.3745813369750977,2.405420174041389,2.3735531600655273,2.400280171796376,12123000
2006-07-18,2.369441509246826,2.4156996183320083,2.3545363260461603,2.3781791014233082,185027364
2006-07-19,2.47737717628479,2.4917687132055595,2.3797212429254753,2.390000954169021,404114688
2006-07-20,2.4054200649261475,2.5077016052177026,2.40336400530122,2.4927962758154814,9657000
2006-07-21,2.431119203567505,2.431119203567505,2.380235177153085,2.4136437239165787,87499164
2006-07-24,2.4681246280670166,2.4979355725555146,2.4285483589453087,2.4480794493630045,158390280
2006-07-25,2.4927978515625,2.4953677071424156,2.451679574081612,2.4773784239818872,8658000
2006-07-26,2.4922821521759033,2.516953102720905,2.472237115145938,2.48303061924676,10963800
2006-07-27,2.4927978515625,2.5436817567077386,2.4773784239818872,2.4927978515625,10056600
2006-07-28,2.5698933601379395,2.5698933601379395,2.497936558983177,2.5030759733716295,259585488
2006-07-31,2.564753293991089,2.5801727131782073,2.5390544580798644,2.567323442273074,76618614
2006-08-01,2.497422456741333,2.5555018093740673,2.487656540103669,2.549334218040921,139997424
2006-08-02,2.505647897720337,2.554475751180927,2.5005078914867154,2.50821775378656,173396928
2006-08-03,2.53751277923584,2.564753292357563,2.485601018969865,2.4979364954915115,103241376
2006-08-04,2.5416250228881836,2.6007328619819248,2.5369994017094157,2.564754011085146,183584736
2006-08-07,2.5750341415405273,2.5750341415405273,2.519010243298105,2.541625143951944,126723828
2006-08-08,2.5750341415405273,2.604844518615419,2.5344296675308913,2.5698941373955617,184792296
2006-08-09,2.5698933601379395,2.618721178989351,2.5698933601379395,2.5904524881965814,208651968
2006-08-10,2.605872631072998,2.6212920549221614,2.53442960447629,2.605872631072998,200680776
2006-08-11,2.6983883380889893,2.7138077588411242,2.6212915284293037,2.6212915284293037,11734200
2006-08-14,2.5698933601379395,2.657269580861925,2.5647533575475543,2.657269580861925,640888896
2006-08-15,2.50821590423584,2.569893286648008,2.492796485107558,2.5220933520411974,256846104
2006-08-16,2.431119203567505,2.531344990908471,2.39565459692115,2.5282610481346643,335812080
2006-08-17,2.441399097442627,2.456818520221843,2.407990544155011,2.4393433312592796,153729120
2006-08-18,2.443969488143921,2.4475670793207454,2.425979914703986,2.4419134276561074,83661540
2006-08-21,2.441399097442627,2.451678810662447,2.4259796746634112,2.4475668371442105,43657380
2006-08-22,2.4259798526763916,2.4408854820540262,2.405421012930246,2.4367735082340625,133974048
2006-08-23,2.328325033187866,2.427008911499025,2.3185592572501017,2.427008911499025,220787856
2006-08-24,2.415699005126953,2.415699005126953,2.343742079188261,2.343742079188261,124397040
2006-08-25,2.346313953399658,2.4717249978610356,2.33346438098466,2.3720128041285253,168447312
2006-08-28,2.4151859283447266,2.4151859283447266,2.312904365352723,2.3617321895451924,81893658
2006-08-29,2.4362597465515137,2.4568187336254015,2.3905154157862705,2.4362597465515137,114006108
2006-08-30,2.4516775608062744,2.4645268281542556,2.440369970259349,2.4408840585936193,122927400
2006-08-31,2.467097282409668,2.48868428951846,2.441398156317291,2.464527134519699,225253488
2006-09-01,2.554474115371704,2.556530175368748,2.474807451930247,2.4825173092929282,218013840
2006-09-04,2.607414722442627,2.607414722442627,2.5441953464527938,2.5441953464527938,126851856
2006-09-05,2.5313446521759033,2.595591882827781,2.5210652364400494,2.5513896893213763,177514872
2006-09-06,2.508730173110962,2.538540542460949,2.467097826701145,2.519009590535028,232412952
2006-09-07,2.508730173110962,2.508730173110962,2.508730173110962,2.508730173110962,0
2006-09-08,2.50821590423584,2.5210654691929006,2.4953663392787786,2.508729992710467,79710678
2006-09-11,2.4804606437683105,2.5313445135363404,2.4727510823886663,2.500505679815934,4418400
2006-09-12,2.505647897720337,2.505647897720337,2.425467094409004,2.4809769265631845,5125800
2006-09-13,2.5184943675994873,2.5405954580272474,2.493823423973269,2.5184943675994873,17681400
2006-09-14,2.461958169937134,2.5236357088203123,2.44139889227574,2.5087303758900408,2669400
2006-09-15,2.47737717628479,2.492796596099623,2.4470525722031264,2.4645276107556002,2047200
2006-09-18,2.482516288757324,2.5025613214580256,2.4429397234673607,2.4773762879282066,811200
2006-09-19,2.441399097442627,2.4866291885875738,2.423409966934227,2.467098233441663,2180400
2006-09-20,2.369441509246826,2.477376999078601,2.318043544907524,2.4455104258847657,7822800
2006-09-21,2.261507034301758,2.3797221406421785,2.261507034301758,2.374582430132008,2619600
2006-09-22,2.3334624767303467,2.3386023309120096,2.2501979565707835,2.2615055475401755,6408000
2006-09-25,2.3673863410949707,2.415700528117967,2.2789822091144543,2.330893987364239,11421000
2006-09-26,2.441399097442627,2.441399097442627,2.384861557036701,2.413130400764921,3816000
2006-09-27,2.4336888790130615,2.436259027358317,2.387430767363442,2.4306050833300112,3196800
2006-09-28,2.4460222721099854,2.449620300267647,2.389998879698091,2.4141557242962635,1542000
2006-09-29,2.441399097442627,2.446538954052537,2.4069626610633374,2.4460248654561862,4518000
2006-10-02,2.5339157581329346,2.5503633608188356,2.4696684957360966,2.474808206143585,27138600
2006-10-03,2.5441949367523193,2.577089252887025,2.4825175425603447,2.507702294708934,5707800
2006-10-04,2.633113384246826,2.672689679045789,2.5287757460945413,2.5436810809590047,6663000
2006-10-05,2.6464767456054688,2.6516167494975433,2.5493348776901423,2.6315714107508463,3052200
2006-10-06,2.64750337600708,2.64750337600708,2.595077543286079,2.6104969577512325,1979400
2006-10-09,2.708667039871216,2.708667039871216,2.6212908355403566,2.6212908355403566,2364000
2006-10-10,2.6983883380889893,2.7307688569775825,2.680398768794008,2.7076398728998745,6285000
2006-10-11,2.549333333969116,2.6521292321491003,2.549333333969116,2.6475033196777162,8058600
2006-10-12,2.549333333969116,2.549333333969116,2.549333333969116,2.549333333969116,0
2006-10-13,2.5596141815185547,2.618721422853059,2.5596141815185547,2.6104980649647835,4859400
2006-10-16,2.5796587467193604,2.590452251200045,2.5570435608734003,2.5570435608734003,2359800
2006-10-17,2.5693793296813965,2.593022401008086,2.5287751611363434,2.577602981090595,3456000
2006-10-18,2.5904526710510254,2.6202633353150846,2.5647535385879525,2.578117193345106,6385200
2006-10-19,2.5765764713287354,2.598163788358175,2.560129159745046,2.5853142158954943,2966400
2006-10-20,2.5390546321868896,2.5889109243011745,2.508216085798964,2.5750334754912654,3085800
2006-10-23,2.6033003330230713,2.6033003330230713,2.5082146016642124,2.539053129804684,2324400
2006-10-24,2.626431941986084,2.6418510727741906,2.58017366731856,2.6007330965715045,2420400
2006-10-25,2.6464767456054688,2.661382374561132,2.6151241041387054,2.636711414642921,2278200
2006-10-26,2.6639513969421387,2.693247968876358,2.6521300092968683,2.6639513969421387,13620600
2006-10-27,2.6577837467193604,2.672689078233149,2.6392806779784417,2.663951632366983,4735200
2006-10-30,2.6377389430999756,2.6618958111504374,2.595592504997763,2.6464763897496524,2152800
2006-10-31,2.6696066856384277,2.6696066856384277,2.6269467262408064,2.6269467262408064,1272000
2006-11-01,2.7060983180999756,2.717405620565051,2.6572701938831513,2.672689617009571,3950400
2006-11-02,2.7060983180999756,2.706098318099975,2.706098318099975,2.706098318099975,0
2006-11-03,2.70352840423584,2.7395069593782826,2.688108981446075,2.6983886946729276,3189600
2006-11-06,2.85258150100708,2.8551513550377714,2.71380732464314,2.71380732464314,16104600
2006-11-07,2.811462163925171,2.836647196908068,2.7934731907669406,2.8073506339125487,6316200
2006-11-08,2.8052964210510254,2.8063245983317127,2.7497866119360035,2.796044590131153,2344200
2006-11-09,2.6983883380889893,2.8279110018453397,2.6886227147493367,2.8063239892529444,2983800
2006-11-10,2.7754859924316406,2.7754859924316406,2.6983891593085394,2.734367426545052,2555400
2006-11-13,2.826369047164917,2.826369047164917,2.698388354132937,2.729227195820567,12105000
2006-11-14,2.8011832237243652,2.8602907420996875,2.7770263632661423,2.8268820552481415,5027400
2006-11-15,2.8011832237243652,2.8011832237243652,2.8011832237243652,2.8011832237243652,0
2006-11-16,2.8217434883117676,2.8587502206413564,2.801184355962567,2.8268831978738107,3592800
2006-11-17,2.826369047164917,2.82688284159575,2.7862786706113942,2.82688284159575,2167200
2006-11-20,2.826369047164917,2.826369047164917,2.826369047164917,2.826369047164917,0
2006-11-21,2.8618338108062744,2.8618338108062744,2.7909048791918396,2.7914186736768145,11323800
2006-11-22,2.981076240539551,2.981076240539551,2.85772147114793,2.85772147114793,3777600
2006-11-23,2.981076240539551,3.0067753714051983,2.945097986709388,2.9615452892949374,10668600
2006-11-24,2.903979539871216,2.9584614522076036,2.903979539871216,2.928650494630757,1399200
2006-11-27,2.7996432781219482,2.91683051697753,2.7950173615785663,2.904495033629633,12216600
2006-11-28,2.888559579849243,2.8911297278281136,2.8037532254733213,2.816088700548018,2005800
2006-11-29,2.9553754329681396,2.9625709024752562,2.9039774996127794,2.9086034106680168,2683800
2006-11-30,3.0401837825775146,3.040183782577515,2.9122030985571685,2.9553774150595755,4437000
2006-12-01,3.14555025100708,3.1866685164972335,3.0067760314525533,3.025279397973639,7728000
2006-12-04,3.2658205032348633,3.273015977148147,3.124990261945898,3.1321857358591814,4030800
2006-12-05,3.2072253227233887,3.2714725291842477,3.2072253227233887,3.252969470186301,3276600
2006-12-06,3.1481194496154785,3.238065820439111,3.135269884040396,3.202087272109658,2332800
2006-12-07,3.156855821609497,3.1969461819943312,3.0951784572100878,3.1763873546287336,2376000
2006-12-08,3.2396068572998047,3.2637637159833286,3.1404089808104443,3.2123657626108497,2323200
2006-12-11,3.340345621109009,3.3408597093385506,3.2401198857080074,3.2586229445600723,3875400
2006-12-12,3.2123653888702393,3.3408601103013558,3.1974600635336103,3.278668661599485,4966800
2006-12-13,3.3048832416534424,3.356281214942173,3.186154079230006,3.248345559266139,6619200
2006-12-14,3.299227237701416,3.3382897065705963,3.2539971808586197,3.2894616204841207,10996200
2006-12-15,3.2689056396484375,3.366561308516351,3.2637656354177103,3.274045055677044,1473600
2006-12-18,3.2072253227233887,3.3408597356785985,3.2072253227233887,3.3151609119144188,1574400
2006-12-19,3.2123653888702393,3.2329245090071157,3.147090292723477,3.2329245090071157,6352200
2006-12-20,3.22521710395813,3.2894643605457974,3.1918086952291302,3.2185351281112804,2125200
2006-12-21,3.241663694381714,3.28946363330399,3.1876958696108937,3.2252163909202434,2225400
2006-12-22,3.186668634414673,3.2606815150356745,3.186668634414673,3.23909449837981,3963600
2006-12-26,3.2072253227233887,3.2432038524537323,3.1763867930265377,3.1866662048918815,5583600
2006-12-27,3.2689056396484375,3.273017172471323,3.207227941688193,3.238066790668315,1665000
2006-12-28,3.2894630432128906,3.303854578210497,3.253998588248625,3.2550267651062623,3455400
2007-01-02,3.3783817291259766,3.39688509040253,3.264792295566442,3.264792295566442,3913200
2007-01-03,3.317732572555542,3.423098366189049,3.3177325725555415,3.3660465993088065,1644000
2007-01-04,3.4385182857513428,3.4385182857513428,3.323900931132685,3.340862326786415,3490200
2007-01-05,3.2894630432128906,3.435433276399572,3.238579170494313,3.4025383812766044,9925200
2007-01-08,3.3665621280670166,3.38198155631076,3.2894652809494342,3.3002587924897147,4196400
2007-01-09,3.3305819034576416,3.3922592862048098,3.2894633541919034,3.361934242157206,3027000
2007-01-10,3.320302963256836,3.340862095610991,3.2432061434034973,3.2432061434034973,5376600
2007-01-11,3.3701560497283936,3.3973968397346352,3.274041858378746,3.3357192020063042,2050800
2007-01-12,3.3819808959960938,3.443658302827732,3.3516561342079045,3.3665614707629157,3254400
2007-01-15,3.4333789348602295,3.443658355773008,3.3989420513193984,3.3989420513193984,5349600
2007-01-16,3.4133312702178955,3.430806744436579,3.394828207528662,3.397398061007674,3376800
2007-01-17,3.4549639225006104,3.4940264048425846,3.3675877197158552,3.4009961121389582,9801000
2007-01-18,3.5058469772338867,3.556730833687129,3.4703825336060468,3.4703825336060468,10674000
2007-01-19,3.55159330368042,3.556733013071293,3.5007094160481325,3.5202406646546707,2464800
2007-01-22,3.546452283859253,3.586028560927191,3.4847749116557956,3.5495362259946535,2965800
2007-01-23,3.495054244995117,3.5567316157577973,3.495054244995117,3.5464522010144686,2810400
2007-01-24,3.5567328929901123,3.571638226181026,3.510474921831967,3.5305199642402276,14171400
2007-01-26,3.533604383468628,3.556219283532309,3.518184959638227,3.5464539523441374,3031800
2007-01-29,3.5207533836364746,3.533602947289474,3.5027641121626463,3.523837325969343,11473200
2007-01-30,3.5824315547943115,3.5978509757795685,3.510988835567975,3.5233243135359817,4035600
2007-01-31,3.5721511840820312,3.597850016135556,3.5258932275655037,3.5464523520285067,11318400
2007-02-01,3.55159330368042,3.59682339334234,3.55159330368042,3.572152435344929,6962400
2007-02-02,3.5361735820770264,3.5947670288358093,3.5156144521528048,3.5927112628938835,2294400
2007-02-05,3.5593018531799316,3.5927105428994204,3.526921046225413,3.5392568158087987,2873400
2007-02-06,3.5510809421539307,3.58243329973014,3.536175308343966,3.5721538768003844,11853000
2007-02-07,3.5207533836364746,3.570095284558656,3.5207533836364746,3.5464525109424736,6449400
2007-02-08,3.4847755432128906,3.5104743794299202,3.366560190772245,3.5104743794299202,11556000
2007-02-09,3.417445421218872,3.5408002367972813,3.3927744581031902,3.5408002367972813,3204000
2007-02-12,3.392258882522583,3.4693556753071872,3.392258882522583,3.4421145771638995,6255000
2007-02-13,3.4436569213867188,3.4667859029076364,3.39791304681682,3.4051085208182035,5869800
2007-02-14,3.567012071609497,3.5901413497345636,3.443657294080421,3.443657294080421,1956600
2007-02-15,3.5115020275115967,3.5721515239735044,3.444684940174397,3.5670115217929945,2247600
2007-02-16,3.4441707134246826,3.533602983282315,3.438516917123811,3.503278236269057,1461600
2007-02-21,3.531548500061035,3.5896284601772273,3.4441722508108192,3.4441722508108192,2648400
2007-02-22,3.5952811241149902,3.5952811241149902,3.520754167712034,3.520754167712034,2562600
2007-02-23,3.5053324699401855,3.5978486417323343,3.505332469940186,3.573177701801202,7005600
2007-02-26,3.567012071609497,3.586543612344503,3.510474685817745,3.5207541035613406,5367600
2007-02-27,3.4796369075775146,3.7258327434334735,3.3922606536554496,3.525381095176083,1800600
2007-02-28,3.5258936882019043,3.5716375622951704,3.500194852790984,3.5716375622951704,19164600
2007-03-01,3.546452283859253,3.5824305304022546,3.294602793452787,3.4955684150287873,2815800
2007-03-02,3.3665621280670166,3.515102022142772,3.3665621280670166,3.451368542255905,2607600
2007-03-05,3.299743413925171,3.4256680469190686,3.289463701996592,3.289463701996592,7088400
2007-03-06,3.4385182857513428,3.4385182857513428,3.3403482381541023,3.397400018197799,4300200
2007-03-07,3.402541399002075,3.4709008097175014,3.3768425426864406,3.4446878645171,8798400
2007-03-08,3.423097848892212,3.4950546425838462,3.393800984159362,3.4544501850662894,5713200
2007-03-09,3.5104753971099854,3.5336043858204573,3.4436579918341237,3.4539377057615823,1911000
2007-03-12,3.4667866230010986,3.536173876077379,3.430808363218194,3.536173876077379,9905400
2007-03-13,3.3460025787353516,3.4431444562658946,3.3434324294843973,3.4431444562658946,3348000
2007-03-14,3.392258882522583,3.495054508201747,3.299742672360873,3.300256466676191,9237600
2007-03-15,3.392258882522583,3.4374886637204902,3.3203017974967057,3.412817713557491,3010200
2007-03-16,3.335721015930176,3.422583726495752,3.3223576577359024,3.422583726495752,1663200
2007-03-19,3.4693562984466553,3.4693562984466553,3.336235608418469,3.420014389258237,2293200
2007-03-20,3.502249002456665,3.519724474512981,3.433376173079011,3.4462257329849773,1992000
2007-03-21,3.55159330368042,3.570610463707464,3.4487976453578737,3.4955697066572595,6308400
2007-03-22,3.569580554962158,3.5978492346708943,3.520752461155077,3.5644408484879975,3484800
2007-03-23,3.5593018531799316,3.572151417095335,3.5032782721264155,3.546452583365462,1575000
2007-03-26,3.55159330368042,3.5618730165631836,3.500195621569656,3.5598169563462236,1562400
2007-03-27,3.459075927734375,3.5454242523574226,3.4590759277343746,3.5310330119707087,1183200
2007-03-28,3.3562815189361572,3.4559932373444258,3.3408620961428293,3.4559932373444258,3004800
2007-03-29,3.365530252456665,3.423096069222785,3.3208142871026345,3.387631338099705,4734600
2007-03-30,3.4277241230010986,3.451366901755694,3.366560527876885,3.366560527876885,3153600
2007-04-02,3.3485727310180664,3.4277256364748916,3.3151643140698135,3.4277256364748916,2770200
2007-04-03,3.5207533836364746,3.551078424441776,3.3716997981259498,3.3716997981259498,5965200
2007-04-04,3.5027639865875244,3.5721512160848694,3.469355592848911,3.4950544251326714,1456800
2007-04-05,3.5721511840820312,3.5875706009545123,3.4698693560655203,3.502763955206325,1635600
2007-04-09,3.6040170192718506,3.6590129991141858,3.572150602121433,3.577290602975481,3425400
2007-04-10,3.5490238666534424,3.60299170391189,3.5474818948345095,3.5978516998150956,2335200
2007-04-11,3.4883739948272705,3.5880863081350904,3.4539377031539544,3.569582940720054,2165400
2007-04-12,3.4780936241149902,3.509446551832652,3.4544505532545275,3.4899150124947385,2668200
2007-04-13,3.4924838542938232,3.500707502464353,3.453935466731859,3.495053707584507,1775400
2007-04-16,3.5927107334136963,3.6024763554511052,3.495568895600772,3.5772916088186877,2864400
2007-04-17,3.5978517532348633,3.6415401711504987,3.572152908773533,3.597337958688292,5914800
2007-04-18,3.6184091567993164,3.695505947405992,3.546452367907091,3.573179082778201,3797400
2007-04-19,3.6620991230010986,3.6852281112735286,3.56187331108654,3.582432150349996,2949000
2007-04-20,3.7263476848602295,3.7463927366326724,3.6872851707176495,3.70064883266709,6937200
2007-04-23,3.7515289783477783,3.761294302984479,3.700645119715721,3.752042772533428,1750800
2007-04-24,3.6749496459960938,3.7469067842676655,3.6528488274595716,3.7469067842676655,2963400
2007-04-25,3.767463207244873,3.802927662004435,3.6852267051644594,3.705785830684563,3509400
2007-04-26,3.703216791152954,3.793163168897115,3.680601895157933,3.793163168897115,1849200
2007-04-27,3.6698098182678223,3.6723796739674386,3.601450715534394,3.6723796739674386,4056000
2007-04-30,3.577293634414673,3.6646698996658618,3.577293634414673,3.6646698996658618,1571400
2007-05-02,3.619952440261841,3.65952873261548,3.5855158573850576,3.608131049644865,9720000
2007-05-03,3.7160677909851074,3.7212072078514558,3.649250372003737,3.649250372003737,3256800
2007-05-04,3.7772295475006104,3.7921348795768073,3.6903671153589257,3.7350831115875165,3066000
2007-05-07,3.780313491821289,3.780313491821289,3.7325135526350675,3.777229548879988,9777600
2007-05-08,3.9473583698272705,3.948900341959641,3.7114419273945893,3.7618117426138755,22330800
2007-05-09,4.045526504516602,4.074823374951218,3.880539376560226,3.949926623878792,7504800
2007-05-10,3.951981544494629,4.02959213308236,3.947869719388638,4.02959213308236,4986000
2007-05-11,3.998753309249878,4.034217761520195,3.958149149485522,3.958149149485522,1734600
2007-05-14,4.009034633636475,4.031135443585754,3.9309096365650475,4.009034633636475,1968000
2007-05-15,4.116967678070068,4.142666503634643,4.034730906881917,4.040898789713885,5271600
2007-05-16,4.16014289855957,4.1889256739606635,4.044497708535188,4.111828880611075,5345400
2007-05-17,4.134957313537598,4.18789723796965,4.102062717424823,4.160142348974274,3061800
2007-05-18,4.209484577178955,4.209484577178955,4.0861298319674715,4.116968665320798,3756000
2007-05-21,4.273733139038086,4.404797780594499,4.188926761966821,4.214111807272034,6192000
2007-05-22,4.170422554016113,4.3122806737024275,4.158087078134735,4.2989173150228375,6262800
2007-05-23,4.106688976287842,4.2449496485638045,4.0450115989629145,4.213596724418649,8832600
2007-05-24,3.9833359718322754,4.10720486933975,3.9576371268472554,4.106690780681645,5885400
2007-05-25,4.086130142211914,4.103605325585138,3.9745967746603816,4.00440743349134,3391200
2007-05-28,4.147807598114014,4.16322701625366,4.075850509529626,4.127248471961465,2030400
2007-05-29,4.075336456298828,4.183271788217764,4.025480468258202,4.158086749992947,5325600
2007-05-30,4.060431480407715,4.093840173894244,3.9535240141719816,4.035246732271055,7008000
2007-05-31,4.070710182189941,4.1118284282392175,4.058888502637715,4.10617463264483,4275600
2007-06-01,4.162713527679443,4.177618859525355,4.09229869427293,4.096410225994993,5103600
2007-06-04,4.194067001342773,4.209486129604981,4.116970183627656,4.16014421332347,4012400
2007-06-05,4.286583423614502,4.286583423614502,4.207944919616233,4.23724150185047,6195800
2007-06-06,4.224905490875244,4.268079814047767,4.147808674274962,4.255744335155763,5547200
2007-06-08,4.2942914962768555,4.302001058057411,4.116968928415706,4.138555936682006,7034400
2007-06-11,4.2912068367004395,4.340548729691321,4.246490856465283,4.30971019362246,4323400
2007-06-12,4.147807598114014,4.2696206779061825,4.144723655665897,4.2696206779061825,4334400
2007-06-13,4.201776027679443,4.25574385199277,4.149350174815181,4.194066464535103,9206200
2007-06-14,4.314338207244873,4.317422150793976,4.214112394707365,4.214112394707365,4420200
2007-06-15,4.417646408081055,4.44385933081798,4.348259467260448,4.348259467260448,4886000
2007-06-18,4.379098415374756,4.4716146391427305,4.349801547459688,4.456195219497906,5088000
2007-06-19,4.348261833190918,4.391435874766006,4.318964952049894,4.391435874766006,4816200
2007-06-20,4.30971097946167,4.394517336740856,4.302001123462967,4.394517336740856,3718600
2007-06-21,4.379098415374756,4.39451783501958,4.240324226773279,4.318963002271008,3819400
2007-06-22,4.363680839538574,4.402229257888212,4.317422855159446,4.342093819375127,5120000
2007-06-25,4.302002429962158,4.379099248757542,4.29429286572303,4.332841275120721,2813200
2007-06-26,4.308171272277832,4.362139116226015,4.302003384237542,4.309713244287905,1594200
2007-06-27,4.27116060256958,4.308167011912251,4.195605519298231,4.300457159486196,3822800
2007-06-28,4.302002429962158,4.377557277089511,4.286583007382877,4.303544401630189,2175400
2007-06-29,4.300459384918213,4.345175669827037,4.254201422827178,4.32358866006468,3763400
2007-07-02,4.348261833190918,4.363680965695678,4.295835959191654,4.317422979979198,2028000
2007-07-03,4.428441524505615,4.471615852405215,4.346719078186328,4.352886671257101,2668200
2007-07-04,4.4238152503967285,4.463905628794203,4.414563421004309,4.45773774253259,2117600
2007-07-05,4.533294200897217,4.5440877116022715,4.332842531543352,4.42227485551523,2652000
2007-07-06,4.596511363983154,4.641227651392347,4.510163026004501,4.544085513828016,6768400
2007-07-10,4.517876148223877,4.625811876311628,4.5024570105837975,4.625811876311628,6662800
2007-07-11,4.524040699005127,4.593427943570014,4.47778273202919,4.503995364308168,2783400
2007-07-12,4.641227722167969,4.672066267722985,4.527124486002366,4.579550336956963,5023200
2007-07-13,4.593427658081055,4.675150080932761,4.554879256629959,4.658188690181971,4393800
2007-07-16,4.656650066375732,4.701366088447543,4.5780112405585935,4.57955321291985,3159400
2007-07-17,4.764583110809326,4.780002532638037,4.628892845738884,4.628892845738884,4429400
2007-07-18,4.724491119384766,4.864807251348935,4.6720652795189315,4.724491119384766,2761000
2007-07-19,4.672066688537598,4.887937997371174,4.659731210384336,4.844763676784259,8012400
2007-07-20,4.608845233917236,4.672064567515031,4.474697006663714,4.672064567515031,4436600
2007-07-23,4.685943126678467,4.7090724005613405,4.5487109250848174,4.641227138313509,3800800
2007-07-24,4.450028419494629,4.679776901348024,4.396060588190579,4.625809070043974,4629200
2007-07-25,4.45619535446167,4.582634069996902,4.322047075921012,4.576466478412757,4103000
2007-07-26,4.39451789855957,4.419188852707617,4.169395368433406,4.379098478691798,4440400
2007-07-27,4.325129985809326,4.53329138650677,4.288123560323259,4.317420424120909,5884000
2007-07-30,4.500910758972168,4.51787185307154,4.371388126044845,4.416104112071632,2353000
2007-07-31,4.564130783081055,4.718324388630409,4.5487113637059275,4.648937148492815,4192200
2007-08-01,4.594969749450684,4.625808591031288,4.456195550539943,4.4947439554652036,4981200
2007-08-02,4.622723579406738,4.667439859951344,4.571839708432382,4.627349492804742,2318600
2007-08-03,4.496284008026123,4.625806616825301,4.44848408866717,4.622722675163209,2683600
2007-08-06,4.494744300842285,4.607305581289041,4.348260527331045,4.473157286537705,5135400
2007-08-07,4.473158359527588,4.587261638952254,4.396061525259483,4.533293796144363,2866800
2007-08-08,4.594969749450684,4.682860359725109,4.502453812910849,4.548711781180766,2863200
2007-08-09,4.5410003662109375,4.610387290322802,4.443858260713109,4.550251897272345,3519800
2007-08-10,4.533294200897217,4.533294200897217,4.359055469298959,4.425358799745562,6448400
2007-08-13,4.471617221832275,4.656649776238204,4.40377191266995,4.610391490586153,2919800
2007-08-14,4.317420959472656,4.524040414632639,4.24032415662493,4.487033984557846,7452600
2007-08-15,4.1185126304626465,4.3683064959226225,3.968944882034195,4.240325766374278,10165800
2007-08-16,3.9319393634796143,3.9627782212257947,3.6636423598519663,3.868719969790975,11375400
2007-08-17,3.8856775760650635,4.178645262126121,3.8101224777869405,4.1632258483122015,8411600
2007-08-20,4.024451732635498,4.084587123304372,3.9319355433827905,4.001322758847536,4434200
2007-08-21,4.010575294494629,4.144723552539599,3.970484925969428,4.084588146802263,3322000
2007-08-22,4.194067001342773,4.200234593827453,4.0799634523155035,4.083047395608353,3500200
2007-08-23,4.194067001342773,4.274247468249721,4.146266762606667,4.224905551968209,3919400
2007-08-24,4.348261833190918,4.45928117537113,4.164771274193494,4.207945609869682,3250800
2007-08-27,4.3590521812438965,4.453110056511834,4.302000432421604,4.3328392632608255,2404800
2007-08-28,4.248032093048096,4.332838720175707,4.195606263653092,4.317419306688791,2226800
2007-08-29,4.224905490875244,4.302002307475526,4.195608618218852,4.291208800207649,3366600
2007-08-30,4.317420959472656,4.332840378862394,4.209485317845455,4.23878218527586,3023600
2007-08-31,4.348261833190918,4.456197231229738,4.348261833190918,4.394519818907398,4362400
2007-09-03,4.402226448059082,4.422271777503082,4.3266716316106395,4.366761996397734,1336400
2007-09-04,4.297375679016113,4.422272410273355,4.277330346703885,4.408394963011334,1341200
2007-09-05,4.2156548500061035,4.298919276674792,4.180190377426868,4.240325813026535,3267000
2007-09-06,4.164768695831299,4.314336364879923,4.164768695831299,4.254200961857442,3276400
2007-09-10,4.038330554962158,4.13084677581245,3.970485287125149,4.093840052191567,3800400
2007-09-11,4.086130142211914,4.158601023763488,3.993613929228439,4.086130142211914,4612400
2007-09-12,4.086130142211914,4.195607450136691,4.039872182770644,4.081504228627414,4625800
2007-09-13,4.2588300704956055,4.2588300704956055,4.078423431972813,4.11080396740199,6490400
2007-09-14,4.311253070831299,4.343633880935472,4.212569257372797,4.240324153433241,3943600
2007-09-17,4.178647518157959,4.352886194253573,4.178647518157959,4.278873320908588,3531000
2007-09-18,4.332841396331787,4.340550960786591,4.118512034096071,4.2418671240801515,6871000
2007-09-19,4.348261833190918,4.45928117537113,4.348261833190918,4.379100392301538,6911000
2007-09-20,4.27116060256958,4.37909588962717,4.244947692522589,4.37909588962717,4904000
2007-09-21,4.320504665374756,4.365220655643165,4.297375684608273,4.348259559934915,2773000
2007-09-24,4.369845867156982,4.379097399156569,4.302000612924584,4.349800538040163,1875800
2007-09-25,4.425354957580566,4.43769042969093,4.294290382594919,4.328212857373205,3850200
2007-09-26,4.564130783081055,4.564130783081055,4.4407757221809945,4.4561951415561225,3898400
2007-09-27,4.749162673950195,4.749162673950195,4.564130533855287,4.5826336008143045,4046600
2007-09-28,4.763041019439697,4.780002412434851,4.579550816005403,4.610389364786317,5473200
2007-10-01,4.843221187591553,4.923401934068246,4.738369487445257,4.810840671188061,4839000
2007-10-02,4.926485538482666,4.9434469282535805,4.780001503790639,4.833969321524593,6164200
2007-10-03,4.656650066375732,4.934198621176445,4.57955321291985,4.934198621176445,6194200
2007-10-04,4.608845233917236,4.702903395948482,4.579548670416409,4.608845233917236,12276600
2007-10-05,4.756872653961182,4.8416790169473005,4.6720659968741085,4.679775853391636,5757200
2007-10-08,4.672066688537598,4.803131327729127,4.6165571838984185,4.79387979263943,5088200
2007-10-09,4.656650066375732,4.764585484753273,4.587262780624976,4.718327490320206,5105000
2007-10-10,4.622723579406738,4.6982784003019376,4.581091241127468,4.693652781004856,5753000
2007-10-11,4.530209064483643,4.718325495613119,4.487035033025231,4.685944677918278,2200600
2007-10-15,4.530209064483643,4.638144731331736,4.4037703253250955,4.622725308339004,5523200
2007-10-16,4.425354957580566,4.487032318132385,4.409935543917398,4.440774077142881,5568800
2007-10-17,4.454654216766357,4.531751037653839,4.359054323562458,4.476241526603554,6058800
2007-10-18,4.5101637840271,4.5101637840271,4.325131306016351,4.409937980980034,6180600
2007-10-19,4.379098415374756,4.533292023621057,4.346717898811497,4.5286664035982875,4034800
2007-10-22,4.494744300842285,4.530208765514384,4.317421683380777,4.3189636549883925,2628000
2007-10-23,4.664356708526611,4.679776128366728,4.456195275937461,4.547169529483082,2635800
2007-10-24,4.579549789428711,4.668982060817442,4.579549789428711,4.656646585250064,3801400
2007-10-25,4.54871129989624,4.6535629972550865,4.522498375556529,4.633517664118329,6703800
2007-10-26,4.702904224395752,4.702904224395752,4.594968599965974,4.596510571069362,3476600
2007-10-29,4.718327522277832,4.795424376255898,4.673611205801999,4.718327522277832,3403600
2007-10-30,4.795420169830322,4.8632654241671425,4.642768568148153,4.687484551299058,3423400
2007-10-31,4.826260089874268,4.934195739312114,4.818550526671986,4.818550526671986,4861400
2007-11-01,4.749162673950195,4.786169396070124,4.702904712451705,4.752246616477014,3979600
2007-11-05,4.5410003662109375,4.718322897742416,4.5410003662109375,4.70136151237911,2926200
2007-11-06,4.744535446166992,4.746077416907772,4.602677373124565,4.656645172648471,2970000
2007-11-07,4.687485694885254,4.73836957452657,4.61809874670217,4.658188826576322,4148000
2007-11-08,4.448484897613525,4.732201111899996,4.394517085116473,4.672065414957146,4776000
2007-11-09,4.531749725341797,4.6227239711726265,4.317420719452699,4.548711115137665,4180600
2007-11-12,4.332841396331787,4.536376956589334,4.318963945032316,4.49320263097975,6208000
2007-11-13,4.39451789855957,4.453111341135937,4.363679058824027,4.40222746144297,7098800
2007-11-14,4.45619535446167,4.51016317780258,4.409937388227163,4.459279297304231,3916400
2007-11-16,4.357508659362793,4.454650441960025,4.31741831118116,4.454650441960025,7123800
2007-11-19,4.143180847167969,4.3914322644328045,4.143180847167969,4.36676131978662,4916200
2007-11-21,3.842503547668457,4.086129362017142,3.788535742557489,4.086129362017142,14963600
2007-11-22,3.9936153888702393,3.9936153888702393,3.8394217422412646,3.901099142072646,5537600
2007-11-23,3.9951577186584473,4.083048058057171,3.953525359753452,4.083048058057171,4663200
2007-11-26,3.916517972946167,4.184814842192373,3.9026405233212773,3.992072813070013,4979000
2007-11-27,4.116967678070068,4.175561094469567,3.8856773656863757,3.931935310522778,4747600
2007-11-28,4.391434192657471,4.422273034056586,4.140098723428339,4.163227707427181,7161400
2007-11-29,4.440776348114014,4.462363655922336,4.289666663960778,4.359053913878593,9468000
2007-11-30,4.903355121612549,4.903355121612549,4.479322828909861,4.63505836079459,13416600
2007-12-03,4.764583110809326,4.8108413762954605,4.704447689188461,4.781544504231009,9726800
2007-12-04,4.625809192657471,4.695196448187744,4.525583385636764,4.584176839339307,9758000
2007-12-05,4.625809192657471,4.695196448187744,4.502454398493683,4.656648038248932,6013200
2007-12-06,4.849390983581543,4.855558577378317,4.594971195715531,4.661274520112076,8180600
2007-12-07,4.826260089874268,4.857098930885362,4.7044472854925115,4.857098930885362,8212600
2007-12-10,4.795420169830322,4.855555569071537,4.662813603194924,4.756871776654999,4395600
2007-12-11,4.7722930908203125,4.887938316341636,4.718325260090159,4.826260627449449,6535800
2007-12-12,4.702904224395752,4.832426856071118,4.648936412180864,4.752246123300479,8741200
2007-12-13,4.564130783081055,4.5949693277303485,4.479324123568333,4.5949693277303485,5495000
2007-12-14,4.857097148895264,4.995871588430115,4.5332906134820705,4.548710028330484,30943600
2007-12-17,4.658189296722412,4.780002402337559,4.6258087764557025,4.650479733068719,14772000
2007-12-18,4.712157726287842,4.726035177917275,4.519415669324649,4.672067343147374,8688000
2007-12-19,4.780002593994141,4.813925087171928,4.679776791972531,4.6844024127098125,6668600
2007-12-20,4.795420169830322,4.818549146915336,4.749161921559395,4.795420169830322,7973200
2007-12-21,4.795420169830322,4.821633088953578,4.772291192745309,4.8031297308250265,3870800
2007-12-26,4.826260089874268,4.878685943132537,4.756873138750781,4.860182873806668,4749200
2007-12-27,4.823176383972168,4.826260032755995,4.7630406741223315,4.810840906533915,3954800
2007-12-28,4.687485694885254,4.809298788205934,4.627350280973054,4.793879368353814,5435600
2008-01-02,4.594969749450684,4.752247312129985,4.510163376255505,4.64122801182159,9456600
2008-01-03,4.525584697723389,4.601139567816691,4.448487855493352,4.550255663708912,10427400
2008-01-04,4.473158359527588,4.585719666974761,4.396061525259483,4.525584230357985,8461600
2008-01-07,4.579549789428711,4.661272204774746,4.420730284160388,4.471614157638443,5468400
2008-01-08,4.673609733581543,4.72295165752826,4.564132376587396,4.625809781520793,6253200
2008-01-09,4.756872653961182,4.759956596568193,4.564130652537316,4.610388615238662,6715600
2008-01-10,4.894103527069092,4.894103527069092,4.628890711481598,4.719864934814114,5383200
2008-01-11,4.644312858581543,4.773835253762522,4.636602999635561,4.749164293337474,3804200
2008-01-14,4.625809192657471,4.690570533118716,4.573383331612604,4.6689835176653105,4315400
2008-01-15,4.519415855407715,4.615016049002172,4.502454753685302,4.56413215563283,5678800
2008-01-16,4.517876148223877,4.562592470863465,4.394521282496046,4.47161814710124,10227600
2008-01-17,4.470072269439697,4.536375562133471,4.40993686169462,4.494743221032598,6493200
2008-01-18,4.402226448059082,4.4962846229096085,4.332839515778303,4.487033090759018,5692000
2008-01-21,4.177103042602539,4.224902957888601,4.093838389426008,4.1632256004064505,6096800
2008-01-22,4.425354957580566,4.494741877913542,4.1246774205017775,4.132386980282934,6408600
2008-01-23,4.224905490875244,4.317421729615785,4.07071185767468,4.317421729615785,8964200
2008-01-24,4.5410003662109375,4.6180971446246994,4.305084118388512,4.394516369584442,6817000
2008-01-28,4.487035274505615,4.5117062349812995,4.357512584957746,4.372932008780311,6989200
2008-01-29,4.579549789428711,4.625807749281148,4.487033575622901,4.502452993607359,6249400
2008-01-30,4.687485694885254,4.687485694885254,4.386808331223283,4.520956607504494,8044800
2008-01-31,4.5101637840271,4.579551036806385,4.433066967206123,4.571841178663678,7600000
2008-02-01,4.471617221832275,4.625810919136837,4.399146289975541,4.565675471300422,7987800
2008-02-06,4.371391296386719,4.414565342607095,4.317423444510116,4.317423444510116,7758000
2008-02-07,4.317420959472656,4.3621372462928,4.286582120693181,4.3251305221170435,6441400
2008-02-08,4.317420959472656,4.369846808937187,4.305085482781059,4.363678923540907,6289200
2008-02-11,4.355968952178955,4.394517349985848,4.317420554372061,4.343633476644786,4273200
2008-02-12,4.433065891265869,4.6119304393506075,4.379098073769399,4.379098073769399,5156000
2008-02-13,4.434606075286865,4.542541372678815,4.434606075286865,4.4577350465779375,7174800
2008-02-14,4.355968952178955,4.5641303591563664,4.34054953423601,4.502452981485524,5947400
2008-02-15,4.402226448059082,4.487033090759018,4.332839515778303,4.363678054313903,2793000
2008-02-18,4.564130783081055,4.591885679136093,4.4407757221809945,4.4716145609312505,3168400
2008-02-19,4.633516788482666,4.670523505110746,4.581090949710606,4.581090949710606,8785400
2008-02-20,4.763041019439697,4.775376497772263,4.50399568035481,4.564131394564446,6869000
2008-02-21,4.887938976287842,4.903358106491688,4.752248395325959,4.807758205183189,7544400
2008-02-22,4.803130149841309,4.883310885225017,4.721407737404887,4.860181906122273,5823000
2008-02-25,4.625809192657471,4.80004787617645,4.625809192657471,4.80004787617645,8682200
2008-02-26,4.396059989929199,4.485492274681803,4.3189631825872645,4.3189631825872645,29710000
2008-02-27,4.355968952178955,4.468530203190859,4.337465591827234,4.386807788064844,17557400
2008-02-28,4.332841396331787,4.379099371262672,4.32204788845465,4.363679948252034,6870400
2008-02-29,4.3590521812438965,4.3590521812438965,4.24032306484405,4.318961818793264,11632800
2008-03-03,4.286583423614502,4.382183617608104,4.275789914991251,4.322048187220821,11395800
2008-03-04,4.194067001342773,4.325131356177657,4.187899114757075,4.309712227915449,12025800
2008-03-05,4.277329921722412,4.325129849708492,4.209484663415742,4.255742914393392,8897400
2008-03-06,4.194067001342773,4.300460398036901,4.170937720747423,4.286582947320098,6481400
2008-03-07,4.132386207580566,4.187895968748029,4.041412007489805,4.161683058652371,17812400
2008-03-10,4.086130142211914,4.183271974678957,4.059917220101612,4.115427006711884,5569000
2008-03-11,4.100007057189941,4.2156522348975916,4.016742388072005,4.186355374196736,11950000
2008-03-12,3.9735677242279053,4.149348271371118,3.9612322523950634,4.147806300629408,7842600
2008-03-13,3.978195905685425,4.0182862884994375,3.84867322093278,3.9211444219854723,9818800
2008-03-14,4.086130142211914,4.192523801847957,3.9627753876345695,4.0676267819748455,10981400
2008-03-17,3.8856775760650635,4.059916158090049,3.885677576065064,3.978193470746872,5164000
2008-03-18,3.970484495162964,4.0090328883198865,3.9180586569414784,3.9812779981907584,6168800
2008-03-19,3.8933889865875244,4.032163188675396,3.8625501443008883,3.9920728113431667,7914000
2008-03-20,3.839421033859253,3.898014773464167,3.777743645407491,3.85484045449744,5309600
2008-03-24,3.9319393634796143,4.036791126895254,3.884139398664065,3.896474882942308,3643600
2008-03-25,4.009034633636475,4.069170059028693,3.973570167077014,4.022912084742529,4550000
2008-03-26,3.9319393634796143,4.00903621374392,3.7792876352484255,4.00903621374392,13524800
2008-03-27,3.800873279571533,3.9735702908826322,3.7931637149839728,3.9411894725925976,6638000
2008-03-28,3.611215353012085,3.8440478035597425,3.611215353012085,3.8394218881087507,16970400
2008-03-31,3.563415288925171,3.631260282093132,3.517157018200424,3.6127572090840676,11880600
2008-04-01,3.8024163246154785,3.851758257746077,3.652848553050711,3.6929389472446026,16713000
2008-04-02,3.8933889865875244,3.9273114778220277,3.7792857406885645,3.8702600019230458,10365000
2008-04-03,3.839421033859253,3.9196017858970365,3.794705037519596,3.844046948281005,7255000
2008-04-04,3.8024163246154785,3.8918486519399687,3.783913246742064,3.879513168657319,6507800
2008-04-07,3.8471310138702393,3.914975996279491,3.834795535786648,3.8548405773846097,5289000
2008-04-08,3.87026047706604,3.8795120132474223,3.7962475994129172,3.8378796592796536,4727200
2008-04-09,3.75461483001709,3.8532986559690823,3.75461483001709,3.842505149268208,5864800
2008-04-10,3.632800579071045,3.766949119996445,3.611213572478806,3.766949119996445,13181600
2008-04-11,3.6081299781799316,3.674433269505742,3.6081299781799316,3.6389688140852643,4904200
2008-04-14,3.4878616333007812,3.6096745037138125,3.477067827225196,3.6096745037138125,9655800
2008-04-15,3.510989189147949,3.564957020980771,3.4693568365253986,3.5171567817025733,8931200
2008-04-16,3.75461483001709,3.75461483001709,3.564956741727729,3.566498419169854,12339200
2008-04-17,3.9088070392608643,3.9088070392608643,3.6682651535819955,3.7006456619556785,10282400
2008-04-18,3.916517972946167,4.0630020327195595,3.8795115386467933,3.9566083502957374,14300000
2008-04-22,3.87026047706604,3.9936152731545778,3.8132087000619457,3.94889926986037,6220800
2008-04-23,3.785452127456665,3.8856781859273286,3.777742566390107,3.8394199372252755,7974200
2008-04-24,3.9041812419891357,3.9226846002515674,3.7330262809400283,3.7885360616264205,4733600
2008-04-25,4.101552963256836,4.116972393898262,3.931939814403508,3.931939814403508,11555600
2008-04-28,4.124680519104004,4.22490634205641,4.12005460329965,4.1354740285464215,8877200
2008-04-29,4.064541339874268,4.132386277899203,4.009031577762225,4.086128338873038,5946600
2008-04-30,4.45619535446167,4.480866309000204,4.079962856597557,4.08921468512524,16782600
2008-05-02,4.69210958480835,4.779999857716683,4.553335454210938,4.7029030858180265,23120600
2008-05-05,4.625809192657471,4.698280097466068,4.487034975697952,4.696738125776392,11974000
2008-05-06,4.45619535446167,4.594969547266169,4.426898485659295,4.594969547266169,8815600
2008-05-07,4.315877914428711,4.531748849878242,4.234155217864573,4.45619403717595,11048200
2008-05-08,4.433065891265869,4.43923377628304,4.355969093156897,4.3636786553274165,5471400
2008-05-09,4.402226448059082,4.434607251737503,4.302000683141797,4.363678054313903,5501600
2008-05-12,4.470072269439697,4.470072269439697,4.3312980932043965,4.417646423779549,4702600
2008-05-13,4.379098415374756,4.510163041204305,4.379098415374756,4.494743621559482,4702600
2008-05-14,4.460821151733398,4.500911525332327,4.433066255080219,4.471614657298308,15394600
2008-05-15,4.584239959716797,4.660384926869745,4.436611774658204,4.48323134191791,12500200
2008-05-16,4.646400451660156,4.693020032618863,4.607550949060325,4.646400451660156,6541800
2008-05-19,4.685250759124756,4.738086115448803,4.638631466555648,4.661941112840202,7060200
2008-05-20,4.677478790283203,4.691464630798716,4.53762068152617,4.5687000965843465,4542800
2008-05-21,4.52985143661499,4.6463999313635655,4.450598424618181,4.63863015027292,5255400
2008-05-23,4.402424335479736,4.58423996633964,4.3526970341160185,4.504986968641928,4835000
2008-05-26,4.405533790588379,4.459923155192817,4.3993177277086986,4.408641822028219,2149000
2008-05-27,4.522082328796387,4.522082328796387,4.389993955802341,4.40397980096631,5602800
2008-05-28,4.794027805328369,4.798689555094879,4.55005302094343,4.551607036331643,13014200
2008-05-29,4.818892002105713,4.949426345452904,4.646400127740175,4.739638986759335,13014200
2008-05-30,5.056649684906006,5.0939448627813455,4.817336687820612,4.863955956562869,19028000
2008-06-02,4.921453952789307,5.028678640114346,4.80179743913659,4.94942563612611,19028000
2008-06-03,4.739638805389404,4.941656078535266,4.699235291480602,4.89503679900873,9355800
2008-06-04,4.694573402404785,4.814229932639994,4.638630324376477,4.6619399649214515,6899200
2008-06-05,4.94165563583374,4.94165563583374,4.727206554265823,4.7551782380351435,5650000
2008-06-06,4.806458950042725,4.935439244981945,4.727205954877938,4.933885229814233,5177600
2008-06-09,4.731869697570801,4.81733848766362,4.638630828852512,4.794028844583596,7249000
2008-06-10,4.708560466766357,4.708560466766357,4.615321880413152,4.624645679768825,4903400
2008-06-11,4.615320682525635,4.694573401076494,4.599780823367328,4.669709744982468,7799800
2008-06-12,4.601335048675537,4.733423116546998,4.581133141929383,4.615320892915744,6048600
2008-06-13,4.475460529327393,4.661938174881887,4.475460529327393,4.615318911692286,4728200
2008-06-16,4.568702220916748,4.610659761972495,4.447491941953346,4.506543065499845,4034200
2008-06-17,4.623089790344238,4.689910967510728,4.5593766438362175,4.647953442815753,8191800
2008-06-18,4.428842544555664,4.584240528575161,4.428842544555664,4.578024466943277,7361600
2008-06-19,4.428842544555664,4.478569852018202,4.397762829192511,4.450598167470991,4347200
2008-06-20,4.259458541870117,4.453706013850324,4.259458541870117,4.397762647072626,3835000
2008-06-23,4.201960563659668,4.366682301920871,4.164664796130662,4.307630916998327,3655600
2008-06-24,4.19108247756958,4.271889480252089,4.1227075950518195,4.19574452263136,3385800
2008-06-25,4.405533790588379,4.5547157429224105,4.1724367677678105,4.215948022332808,12254000
2008-06-26,4.236148834228516,4.413302430887841,4.203515105350257,4.327833663193844,4440800
2008-06-27,4.155342102050781,4.346481553326255,4.100952747776147,4.28587643375065,10507600
2008-06-30,4.063655376434326,4.233039125764835,4.026359912783296,4.2268233633553285,8867200
2008-07-01,3.8305623531341553,4.023255923708069,3.8072527019934466,4.023255923708069,18281800
2008-07-02,3.7295515537261963,3.9113672038262735,3.7295515537261963,3.8771797546204425,9560400
2008-07-03,3.6705005168914795,3.847654124016261,3.6705005168914795,3.7311056358766663,7212800
2008-07-04,3.698474645614624,3.776173695282144,3.636315465160278,3.682935072799802,4067600
2008-07-07,3.5850300788879395,3.791709307083794,3.5850300788879395,3.7761694553190943,4934200
2008-07-08,3.7684013843536377,3.7746174464339943,3.5632760780723194,3.5974635303198212,8992800
2008-07-10,3.7606308460235596,3.8492076380484046,3.6207724413547586,3.648744122288519,7653800
2008-07-11,3.698474645614624,3.8010373674638824,3.676719006555191,3.7295543840409726,5261000
2008-07-14,3.7528622150421143,3.861640950248405,3.7062429264669654,3.799481800015471,7588200
2008-07-15,3.7917118072509766,3.824345547114582,3.597464273104941,3.779279976921559,8987000
2008-07-16,3.9408910274505615,4.020143995811208,3.7621831967795822,3.7621831967795822,9424200
2008-07-17,3.824345827102661,4.071428732337714,3.824345827102661,3.993729712990798,7733400
2008-07-18,3.8771800994873047,3.9999443615900505,3.822790741878022,3.8678560063669796,6828400
2008-07-21,3.888059139251709,3.9875137927493665,3.8880591392517085,3.948664281677063,4758600
2008-07-22,3.7295515537261963,3.8523161013074514,3.7171197270697007,3.838330259269128,8642800
2008-07-23,3.853869915008545,3.861639992108651,3.738875441510185,3.7621850800142345,9415400
2008-07-24,3.84299373626709,3.884951281240065,3.8072522556152637,3.866303384674878,8281200
2008-07-25,3.7684013843536377,3.8678560064541183,3.7481997753887852,3.807250883161407,5310800
2008-07-28,3.5850300788879395,3.8119112032973095,3.5850300788879395,3.8119112032973095,6902400
2008-07-29,3.7917118072509766,3.7917118072509766,3.6161121667981746,3.636313779934148,4649800
2008-07-30,3.9284589290618896,3.931566661728517,3.811910506721345,3.8150182393879724,6891800
2008-07-31,3.9004898071289062,4.032578164642477,3.84143840193547,3.914475650653764,5738400
2008-08-01,3.7000250816345215,3.861639090819118,3.6984710665772007,3.861639090819118,9170600
2008-08-04,3.5088841915130615,3.721779421955414,3.4917903295102475,3.7155633643551393,6924400
2008-08-05,3.574152708053589,3.6891471509188505,3.5244254134521844,3.6378658413113953,5973800
2008-08-06,3.7528622150421143,3.7761718593296885,3.592802440242085,3.6565156062806183,4988400
2008-08-07,3.698474645614624,3.7559720727838637,3.6378694817214305,3.7295543840409726,4679400
2008-08-08,3.6363120079040527,3.7062412046783515,3.5943544898394735,3.6378660229877116,4526600
2008-08-11,3.5073318481445312,3.6844854245841536,3.5011160839807616,3.6534060109691415,5828600
2008-08-12,3.387676954269409,3.5617228792519726,3.379907171285513,3.550845064515229,8504600
2008-08-13,3.2944376468658447,3.415647894533248,3.28822158473,3.3876762077182603,12833000
2008-08-14,3.387676954269409,3.387676954269409,3.325517801203573,3.3441656953224346,4115200
2008-08-15,3.4638218879699707,3.5104411737942587,3.4187563214613936,3.449836042943046,7554400
2008-08-18,3.4669289588928223,3.5523980283962637,3.395446028135384,3.466928958892822,5156600
2008-08-19,3.4498348236083984,3.462266648527427,3.3441641635976134,3.3876754026151703,5616600
2008-08-20,3.5197629928588867,3.5492886820272127,3.4669276738831556,3.494899348211251,4723000
2008-08-21,3.6207730770111084,3.620773077011108,3.477806913227082,3.5368583158759983,4953400
2008-08-22,3.6534061431884766,3.704687459087331,3.603678842486326,3.6207724168538826,5807800
2008-08-25,3.5399656295776367,3.634758183468261,3.5197637288285253,3.634758183468261,3103400
2008-08-26,3.4498348236083984,3.5430733623020694,3.43740299868937,3.511993948203541,4963800
2008-08-27,3.6363120079040527,3.6363120079040527,3.4482806287523817,3.482468071398666,5376600
2008-08-28,3.7606308460235596,3.762184564832685,3.6689460235842764,3.6829318640511564,16992000
2008-08-29,3.696917772293091,3.779278504998966,3.644082439871387,3.7746167556899386,3317200
2008-09-01,3.5943565368652344,3.696919516010979,3.589694785357409,3.696919516010979,2485200
2008-09-02,3.6269876956939697,3.6875927933090273,3.5710443462658996,3.6518513406846616,5291000
2008-09-03,3.5896928310394287,3.6798236333662193,3.5353034873392097,3.64097414449436,8528800
2008-09-04,3.480915069580078,3.6316513161942696,3.4327417735560926,3.574153926954166,6194200
2008-09-05,3.496455430984497,3.5290888727358833,3.389230714776143,3.398554809332139,6926400
2008-09-08,3.410984992980957,3.6860391288904832,3.4032149179338735,3.6860391288904832,6917800
2008-09-09,3.33950138092041,3.502669380411739,3.316191751392512,3.3628110104483087,6742200
2008-09-10,3.4560530185699463,3.4731469010053115,3.3519363004967353,3.3752459515642284,5133200
2008-09-11,3.5119948387145996,3.5119948387146,3.2726817778448165,3.356596839624557,4849600
2008-09-12,3.4886856079101562,3.5974640422113553,3.452943838658632,3.54152095751864,3553600
2008-09-15,3.1794443130493164,3.37213817723257,3.17012051200764,3.2555896268175957,5707600
2008-09-16,3.392336368560791,3.392336368560791,2.9883017426717817,3.095526383724948,7615200
2008-09-17,3.092418670654297,3.3255155598452943,3.090864655825261,3.3255155598452943,7137000
2008-09-18,3.2633602619171143,3.3721390558736988,3.0628965606995604,3.170121338011237,9143200
2008-09-19,3.571044921875,3.57726098232364,3.403215142936694,3.5290874030409043,8403600
2008-09-22,3.418755292892456,3.6440824648468815,3.4187552928924565,3.581923040584901,4374800
2008-09-23,3.4638218879699707,3.5353048324203047,3.3892306156936427,3.3892306156936427,7071400
2008-09-24,3.4498348236083984,3.546181392631348,3.372135843764949,3.496454092955234,4713000
2008-09-25,3.5430734157562256,3.574153126721738,3.44983487565587,3.488684366163715,4806000
2008-09-26,3.5353055000305176,3.5570611313371123,3.3970013357558835,3.4172029510551147,5019600
2008-09-29,3.1809964179992676,3.4653746982882248,3.0768797636640692,3.4187554246925713,7267200
2008-09-30,3.5353055000305176,3.5353055000305176,3.2245094121157467,3.2245094121157467,6232400
2008-10-01,3.496455430984497,3.5384129672918787,3.3721371342198836,3.52753515337475,7918800
2008-10-02,3.15457820892334,3.457604324457491,3.1172827371711165,3.457604324457491,11595200
2008-10-03,2.9525628089904785,3.3099781883616073,2.9525628089904785,3.2447109986227303,7278600
2008-10-06,2.7396655082702637,2.7396655082702632,2.4428556194954156,2.657304791073164,9397800
2008-10-07,2.579606533050537,2.7971636462576153,2.536094991849871,2.693046987568768,7738000
2008-10-08,2.47082781791687,2.643319670228931,2.3309696954683914,2.3465095527178055,13485800
2008-10-09,2.2765817642211914,2.592039966604223,2.2765817642211914,2.565622281711079,8496800
2008-10-10,2.175571918487549,2.3744813095392403,1.9735544964167469,2.183341847836248,9411400
2008-10-13,2.6262266635894775,2.6946018801941403,2.3340784958393725,2.40866947955452,9737400
2008-10-14,2.795610189437866,2.952562216515137,2.6759536495277407,2.828243925957984,13481000
2008-10-15,2.5034611225128174,2.707032358344555,2.3496170361143998,2.629333381694479,8086600
2008-10-16,2.3853578567504883,2.562511370314655,2.2548235952617417,2.5174461328281463,9204800
2008-10-17,2.344956636428833,2.531434418027261,2.3232008557225816,2.393129949722426,4052600
2008-10-20,2.579606533050537,2.579606533050537,2.4117767261310052,2.438194246446967,4964600
2008-10-21,2.548527479171753,2.62778050526455,2.4677205855039,2.4863683301964814,4074000
2008-10-22,2.156924247741699,2.393129129578456,2.156924247741699,2.346509848354771,8295000
2008-10-23,2.0341598987579346,2.284350632176637,1.9735546237662354,2.0994270723800454,9790400
2008-10-24,1.9813258647918701,2.004635521568572,1.7870782309887456,1.911396746262582,8094600
2008-10-27,1.8181560039520264,1.953352204050612,1.8181560039520264,1.94247439486307,8430800
2008-10-28,2.0590224266052246,2.0854400846892878,1.8399113845424717,1.9424739873634196,10726800
2008-10-29,2.175571918487549,2.214421417031969,2.051253493505588,2.0823330627013092,14519400
2008-10-30,2.278134822845459,2.3589418598889225,2.231515389797237,2.231515389797237,12092200
2008-10-31,2.2952282428741455,2.3123219673756474,2.160031869438484,2.191111584094398,10014400
2008-11-03,2.22529935836792,2.3604956033660627,2.214421545567785,2.346509907565497,11287400
2008-11-04,2.5733916759490967,2.5733916759490967,2.284351350579194,2.346510660729123,29813400
2008-11-05,2.49413800239563,2.602916730591568,2.3977913998432863,2.595146948462511,11070800
2008-11-06,2.330970287322998,2.3900215523857393,2.2532712777455646,2.3775897227092777,9186000
2008-11-07,2.3775899410247803,2.453734941834681,2.334078533161853,2.399345570856687,6657400
2008-11-10,2.2392845153808594,2.486367288374968,2.2330686030878835,2.486367288374968,11895400
2008-11-11,2.212867021560669,2.237730672648017,2.1242902275122293,2.1911114009587647,8730400
2008-11-12,2.049698829650879,2.2299605703651904,2.0372670059049307,2.209758819728267,15101400
2008-11-13,2.1911122798919678,2.214421925086923,2.0512539641249066,2.11496713264362,10398200
2008-11-14,2.166248083114624,2.19111188792693,2.1149667543000823,2.19111188792693,8783400
2008-11-17,2.1911122798919678,2.24394748554714,2.076117625185955,2.102535302113096,6626600
2008-11-18,2.0823328495025635,2.2113131596085207,2.0823328495025635,2.1289522726225742,8342800
2008-11-19,2.069901466369629,2.163140332576894,2.0683475988854787,2.0838873111206277,9349000
2008-11-21,1.7730908393859863,1.9890940741316858,1.7124857250652699,1.973554217629471,21689800
2008-11-24,1.942475438117981,1.942475438117981,1.8507905737269539,1.8880860665710315,8417800
2008-11-25,2.001526117324829,2.063685253683118,1.8663298845962473,1.9036253664112206,7960800
2008-11-26,2.1895570755004883,2.2299605768926023,1.951798260414483,1.9580141723056521,14956400
2008-11-27,2.1988813877105713,2.2299611026937125,2.1600318921807093,2.183341678418065,3732800
2008-11-28,2.2221920490264893,2.2610415598549274,2.1600327427815147,2.1895584540026363,4404000
2008-12-01,2.2221920490264893,2.2221920490264893,2.118075348150345,2.1491549271732713,4975000
2008-12-02,2.214421272277832,2.3076601219691564,2.2082053588450146,2.23773091060113,10348600
2008-12-03,2.2221920490264893,2.2563796600512696,2.1476009111723444,2.2144221172209773,7827600
2008-12-04,2.268810272216797,2.338739324482586,2.1988810717519645,2.261040344587477,6133400
2008-12-05,2.447517156600952,2.4521790525463767,2.2004344485084446,2.22219020991876,11580200
2008-12-08,2.668182611465454,2.72723369758215,2.497244820120004,2.498798835070186,11968200
2008-12-09,2.6339950561523438,2.6821683319015364,2.536094193373949,2.6650744645978093,11174600
2008-12-10,2.5329883098602295,2.733451953521664,2.5329883098602295,2.6417670725847993,9113200
2008-12-11,2.424207925796509,2.6262251294470307,2.424207925796509,2.548526159366361,7041800
2008-12-12,2.431978702545166,2.431978702545166,2.3138763321741163,2.332524074864282,9298200
2008-12-15,2.315430164337158,2.5019078847984484,2.315430164337158,2.4552884546831257,6804800
2008-12-16,2.431978702545166,2.453734476449902,2.3496178019471627,2.40866906123223,10652800
2008-12-17,2.369819402694702,2.477043953084443,2.3340779352978136,2.424208759741096,11971000
2008-12-18,2.3853578567504883,2.4366391525926407,2.3309685317305147,2.400897558042632,7702200
2008-12-19,2.3620493412017822,2.416438695204735,2.3387397027428403,2.3418475853778014,5014400
2008-12-22,2.3387393951416016,2.3853588141269615,2.3185376419746437,2.3744808558376476,6975600
2008-12-23,2.175571918487549,2.365157512880062,2.175571918487549,2.3325239281747856,4189800
2008-12-26,2.175571918487549,2.2190833153615586,2.1460463648013826,2.214421417031969,2174200
2008-12-29,2.175571918487549,2.2221913463806686,2.1693560046484044,2.2066514876832697,3515800
2008-12-30,2.281242609024048,2.281242609024048,2.1864497374343905,2.200435580665591,5672600
2009-01-02,2.330970287322998,2.3698197921117146,2.2688111389406913,2.2812429686171525,5603200
2009-01-05,2.3744826316833496,2.4242101182845177,2.2796898558047287,2.3309712105815907,10523000
2009-01-06,2.505016565322876,2.52211014837752,2.358942322975711,2.4055616169767298,8085000
2009-01-07,2.4490721225738525,2.4785976726283963,2.4008986850964775,2.4692738771160383,3615400
2009-01-08,2.3931283950805664,2.4381937951113355,2.341847082914485,2.4133301465700883,12763200
2009-01-09,2.4677207469940186,2.560959476558562,2.4071154616277326,2.487922508782781,19221800
2009-01-12,2.447517156600952,2.50190648602724,2.417991618014596,2.43197730585087,8662200
2009-01-13,2.3511710166931152,2.4475177285406735,2.3511710166931152,2.4086682407860596,10403400
2009-01-14,2.1926658153533936,2.365157697179025,2.1833420179676817,2.3604956502870817,10628600
2009-01-15,2.330970287322998,2.334078318841663,2.1522626245745413,2.2050978265999523,8222000
2009-01-16,2.2377302646636963,2.404006160343153,2.2377302646636963,2.372926602150412,8715000
2009-01-19,2.2439472675323486,2.287458818360849,2.2315154382096614,2.2827967712155193,5508400
2009-01-20,2.090102434158325,2.2827958599370013,2.086994552167849,2.2377304595823264,9148600
2009-01-21,2.1367223262786865,2.169355909553451,2.0667932616039253,2.1351683108372526,9740400
2009-01-22,2.105642795562744,2.1755718614701856,2.0465915415389504,2.1755718614701856,8921000
2009-01-23,2.0667941570281982,2.1320613518542877,2.0170666787517137,2.0652401409134975,9963400
2009-01-26,2.1926658153533936,2.2019897609381927,2.0901031549160383,2.0978730848701894,12214200
2009-01-27,2.2299606800079346,2.2532703136279193,2.1615854978443165,2.175571337295922,8309000
2009-01-28,2.2859039306640625,2.3185375072374748,2.270364075838994,2.299889770366816,10785800
2009-01-29,2.1988813877105713,2.2594866540888194,2.19111160716385,2.2361770160505277,5047000
2009-01-30,2.2066516876220703,2.229961477780206,2.183342045663024,2.194219858817367,4998200
2009-02-02,2.1382768154144287,2.1911121665352864,2.135168783843036,2.1600324436177685,5339600
2009-02-03,2.2035443782806396,2.2330699423299216,2.146047118037944,2.160032817935523,5559200
2009-02-04,2.169355869293213,2.261040703849297,2.160031925016719,2.2144212788649584,9306400
2009-02-05,2.2377302646636963,2.2486082211804233,2.1615853100417244,2.1693552366396656,6506800
2009-02-06,2.265702486038208,2.278134312305159,2.2190830634376115,2.2548246751043903,11133000
2009-02-09,2.2221920490264893,2.2796893072686832,2.2144221172209773,2.231515848633806,7347600
2009-02-10,2.197326183319092,2.2812410366685323,2.1755704257103576,2.240837550337586,8924400
2009-02-11,2.2268526554107666,2.250162289089282,2.188003167147216,2.219082728118249,4881200
2009-02-12,2.167801856994629,2.222191210920998,2.1522621474435715,2.1833417147447536,7602400
2009-02-13,2.211313247680664,2.237730916894197,2.2035434670170915,2.2299611362306244,6869200
2009-02-16,2.197326183319092,2.215973912041304,2.181786335284428,2.1911102737450214,4699800
2009-02-17,2.121182680130005,2.170910141829271,2.121182680130005,2.1522623992667027,7866400
2009-02-18,2.099426746368408,2.1491540525684094,2.091656817724892,2.122736384099893,7433000
2009-02-19,2.1444931030273438,2.2097602953776767,2.138277187003461,2.2082062793219244,9867000
2009-02-20,2.119628429412842,2.128952224908442,2.038821411389331,2.060577181210828,6481600
2009-02-25,2.160032272338867,2.1817880470161937,2.069901438702799,2.1087509410700385,5803400
2009-02-26,2.177126169204712,2.229961516645086,2.163140324505896,2.1926658813818802,7332800
2009-02-27,2.152261257171631,2.1662469455227535,2.116519658410302,2.1305054949604303,4267800
2009-03-02,2.0357143878936768,2.13827707081428,2.021728540550118,2.100981576697537,7132800
2009-03-03,2.063685417175293,2.10564294869046,2.0201740182773698,2.0605775342106973,5893800
2009-03-04,2.152261257171631,2.1662469455227535,2.1009799552871637,2.128951480188415,4973800
2009-03-05,2.0683469772338867,2.122736176008613,2.0543611366863987,2.0994265405621655,6931400
2009-03-06,2.108750820159912,2.1382765232575798,2.054361608883763,2.074563366740304,5852600
2009-03-09,2.090102434158325,2.1584776163372337,2.059022873258383,2.0667928005331277,2663600
2009-03-10,2.1802330017089844,2.1817870166375513,2.114965856699394,2.1196279014850936,4961800
2009-03-11,2.195772647857666,2.2221903063599093,2.1693549893554227,2.1988805292231617,8636600
2009-03-12,2.2221920490264893,2.2610415598549274,2.177126622393466,2.184896554198978,6065400
2009-03-13,2.267256736755371,2.287458493586255,2.223745340303738,2.2563789246922314,5462600
2009-03-16,2.2610411643981934,2.304552567420133,2.2252995436237057,2.2843508075387438,7116800
2009-03-17,2.3278605937957764,2.3278605937957764,2.237729818892006,2.245499743942123,8499400
2009-03-18,2.4102234840393066,2.430425245749783,2.2983368607963284,2.2983368607963284,8804400
2009-03-19,2.4552884101867676,2.5034618550126893,2.4350866525629344,2.4475184806085117,12264200
2009-03-20,2.4086689949035645,2.4754901821858857,2.3853593542325173,2.4413025807624793,6826600
2009-03-23,2.579606533050537,2.579606533050537,2.4599500170473,2.4894757163048276,10249200
2009-03-24,2.4832606315612793,2.5407580373205505,2.4630590165853548,2.526772189876356,5367200
2009-03-25,2.486368179321289,2.5796070453254742,2.4677204357602704,2.472382334600752,6282000
2009-03-26,2.5687286853790283,2.5982540878192286,2.4910296963083782,2.517447364448324,5501000
2009-03-27,2.641765832901001,2.641765832901001,2.517447559323741,2.5190012783950806,6431800
2009-03-30,2.5951476097106934,2.6184572584353942,2.548528015863027,2.564067880478916,7615400
2009-03-31,2.6215641498565674,2.6992631427267924,2.609132322853257,2.627779915159155,8397400
2009-04-01,2.759869337081909,2.7660851048050756,2.595147491041608,2.595147491041608,7114600
2009-04-02,2.8329050540924072,2.918374119417586,2.797163590460955,2.797163590460955,10374000
2009-04-03,2.9681012630462646,2.9681012630462646,2.832904899789373,2.834458915044981,11294800
2009-04-06,2.9525628089904785,3.006952183172584,2.860877940157336,2.9525628089904785,12034600
2009-04-07,2.93546724319458,2.997626661637379,2.8686460758472228,2.9090495792758126,14167400
2009-04-08,2.696155309677124,2.901280618479626,2.6712916538464064,2.8437832291222422,44136400
2009-04-09,2.620009422302246,2.758313497172237,2.5640660677939104,2.758313497172237,40314200
2009-04-13,2.6246719360351562,2.6541976368992044,2.567174846161008,2.6231179205793493,15441000
2009-04-14,2.661968231201172,2.7179116191123485,2.6308888017824765,2.640212600968262,20597400
2009-04-15,2.7194645404815674,2.7194645404815674,2.660413440874852,2.6728452669182716,11786400
2009-04-16,2.8515524864196777,2.8515524864196777,2.735004022095152,2.761421685864634,11711200
2009-04-17,2.860877513885498,2.879525406631596,2.836013854489501,2.851553715711549,9112600
2009-04-20,2.7971649169921875,2.851554294102243,2.7676392043213127,2.7816250526181343,6287800
2009-04-22,2.7660839557647705,2.8468909773861917,2.7660839557647705,2.797163670664741,12162600
2009-04-23,2.893510580062866,2.9059424068735265,2.7893939193742905,2.798717715382753,11197000
2009-04-24,2.890404224395752,2.9494553618699673,2.890404224395752,2.8981740095060977,5561600
2009-04-27,2.815812587738037,2.9681025943163872,2.8033807565152786,2.870201664088708,8555600
2009-04-28,2.8531076908111572,2.898172961674808,2.8127041707689417,2.8158122022486958,6966600
2009-04-29,2.9681012630462646,2.9820871039486367,2.8981720585344064,2.8981720585344064,8209600
2009-04-30,2.8686447143554688,3.027150622639348,2.8686447143554688,3.0147188041306867,8432600
2009-05-04,3.0053980350494385,3.0131678182774717,2.952562679183765,2.9665485261128097,7871200
2009-05-05,3.038031578063965,3.0644492568470536,2.98364250092076,2.98364250092076,5889000
2009-05-06,3.272681474685669,3.342610686357682,3.0691101977266686,3.0691101977266686,13536800
2009-05-07,3.107959747314453,3.3099770123306373,3.107959747314453,3.3022072315216064,6827400
2009-05-08,3.1592419147491455,3.2555888230539405,3.1312702221316817,3.247818743772302,5233400
2009-05-11,3.1654562950134277,3.1747800887954565,3.0706634529689474,3.1234987783972095,4845600
2009-05-12,3.092418670654297,3.2182909078259896,3.084648892907139,3.1856574856103004,5754200
2009-05-13,3.006950855255127,3.069109985556393,2.9867489526583944,3.0302604920683374,4468200
2009-05-14,3.139039993286133,3.1421477282955164,2.9214825371271065,3.0022895753348484,5582800
2009-05-15,3.0675570964813232,3.1312702654817315,3.0675570964813232,3.128162233726048,2435600
2009-05-18,3.226062774658203,3.263358262085686,3.107960249605415,3.107960249605415,5551200
2009-05-19,3.2711281776428223,3.3472734676959943,3.1934291682318463,3.2478185340991694,5960800
2009-05-20,3.2089669704437256,3.364364889558657,3.185657341856088,3.278896152604648,6194600
2009-05-21,3.162349224090576,3.177889082705886,3.111067898138757,3.1250537412527213,4239200
2009-05-22,3.139039993286133,3.2167390000863025,3.100190489886048,3.2074149058635864,4703400
2009-05-25,3.139039993286133,3.1825512473993873,3.1312699147672025,3.1592416046389737,1515600
2009-05-26,3.2695748805999756,3.2788986799421065,3.115730561264511,3.1421482397324128,4469400
2009-05-27,3.2633602619171143,3.3410593157722834,3.2276187682793447,3.283561885504176,4665400
2009-05-28,3.3488290309906006,3.367476933932376,3.2789000618552566,3.295993651786992,4007600
2009-05-29,3.2882206439971924,3.3938912988897942,3.2882206439971924,3.3659196200772734,4944000
2009-06-01,3.351933717727661,3.389229189977989,3.319300290657899,3.3581497779684155,4882000
2009-06-02,3.434295415878296,3.51821017091703,3.2975450275511453,3.339502553269575,7044400
2009-06-03,3.322408676147461,3.4607130796551893,3.3224086761474605,3.418755553993357,5665400
2009-06-04,3.4731462001800537,3.4855780313340587,3.27112857342968,3.3767992864378393,5559200
2009-06-05,3.387676954269409,3.543074985133111,3.3426116794460112,3.5135495726757275,5832400
2009-06-08,3.448281764984131,3.465375343740686,3.351934872836831,3.3628126856086844,3569800
2009-06-09,3.3954451084136963,3.4809138583681474,3.384567299844736,3.4498344476565532,4151400
2009-06-10,3.4265241622924805,3.4513878068317165,3.375242858380553,3.442064014229009,5931800
2009-06-12,3.434295415878296,3.465374834026739,3.384568109722286,3.4342954158782955,4916800
2009-06-15,3.325517416000366,3.426526065082037,3.264912285831001,3.4063244538249777,5489800
2009-06-16,3.2633602619171143,3.4063265328665606,3.2633602619171143,3.3643689726491606,4263800
2009-06-17,3.2555906772613525,3.263360464570022,3.168567518132647,3.232280722538572,4828400
2009-06-18,3.185659408569336,3.2882220780114197,3.185659408569336,3.263358418534442,3505000
2009-06-19,3.2633602619171143,3.370585039228791,3.21674094816336,3.21674094816336,4594200
2009-06-22,3.1732263565063477,3.2633571614916215,3.16234854672507,3.2400475267605846,3040800
2009-06-23,3.1763975620269775,3.2328390747678704,3.16071933081702,3.182668675088528,4334400
2009-06-24,3.143472671508789,3.237541742521953,3.1356337068565807,3.223431366918112,5790400
2009-06-25,3.3394534587860107,3.3394534587860103,3.1387728717497683,3.1387728717497683,5230600
2009-06-26,3.323772430419922,3.3708068246371132,3.2892802622257546,3.339450362467395,3419600
2009-06-29,3.3425865173339844,3.384917657236109,3.317501463844746,3.3645358643777117,2977200
2009-06-30,3.32063627243042,3.3817810363979564,3.293983372925047,3.3551281368925836,4341600
2009-07-01,3.3472914695739746,3.381783357711961,3.3331810837362643,3.3394522001988296,5291800
2009-07-02,3.417842149734497,3.4288171238092016,3.300255833128437,3.300255833128437,6829200
2009-07-03,3.417842149734497,3.433520385089465,3.3974606530992655,3.4021642134169956,2774200
2009-07-06,3.4335196018218994,3.4335196018218994,3.341018363270536,3.3676712675825797,3091000
2009-07-07,3.3990273475646973,3.411569871764526,3.355128363346613,3.40373060724128,8877000
2009-07-08,3.292417526245117,3.4021648967349654,3.2250013100045702,3.3504269189983287,5190000
2009-07-09,3.292417526245117,3.292417526245117,3.292417526245117,3.292417526245117,0
2009-07-10,3.2297046184539795,3.33318056582742,3.193644882043918,3.303391944905519,4755800
2009-07-13,3.2297046184539795,3.33318056582742,3.174830937504427,3.2485182639559667,5804000
2009-07-14,3.2297046184539795,3.2673322084954575,3.1528815847396072,3.2673322084954575,6418600
2009-07-15,3.3770782947540283,3.416273723621439,3.281441352625582,3.284577058703949,5775400
2009-07-16,3.3770782947540283,3.4209769837015984,3.3284757476515185,3.355128651242853,5229200
2009-07-17,3.3864846229553223,3.3974592936010293,3.355128164792718,3.37394209949775,4253400
2009-07-20,3.4413578510284424,3.4539003729399833,3.3802127950520338,3.402162432675213,6130000
2009-07-21,3.4836902618408203,3.4915295285033743,3.4288168903901743,3.4648766199255836,4272200
2009-07-22,3.471146821975708,3.5354272965280455,3.433519248996586,3.433519248996586,3992000
2009-07-23,3.558947801589966,3.604414378591404,3.472717612251701,3.497802682122347,8103200
2009-07-24,3.637338161468506,3.6530161034533317,3.540133306359682,3.543269014371677,5071000
2009-07-27,3.6530141830444336,3.667124562642935,3.569920057672609,3.6373362493015806,4649600
2009-07-28,3.6922099590301514,3.6922099590301514,3.58246291743132,3.5981411516704234,4994800
2009-07-29,3.629495143890381,3.6389019591760094,3.562078986429296,3.6294951438903804,5979800
2009-07-30,3.7267000675201416,3.773734445117066,3.676529985006814,3.6812332433441384,4749400
2009-07-31,3.7063193321228027,3.775303364594318,3.6812342837763183,3.7141585966294324,4120000
2009-08-03,3.7768728733062744,3.78157643407233,3.728270608207018,3.729838461795703,4138000
2009-08-04,3.852126121520996,3.852126121520996,3.7392434110244923,3.74551452320007,4620200
2009-08-05,3.9806885719299316,3.9979346602740815,3.8317460875382747,3.8521275836416216,9328800
2009-08-06,3.8254735469818115,3.9853909580509885,3.822337841108917,3.9681448747874386,6974000
2009-08-07,3.8411529064178467,3.913272368469752,3.8411529064178462,3.8678058160973463,7337200
2009-08-10,3.8568313121795654,3.864670280475902,3.8160680191561767,3.8489920448457564,3621200
2009-08-11,3.8725080490112305,3.8772113085537145,3.7878457887982386,3.825473360324894,5638000
2009-08-12,3.8944578170776367,3.8991613761721045,3.82547377887905,3.8552623884025694,5361800
2009-08-13,3.986959218978882,4.076324752239691,3.9352212629311816,3.9979338916196965,8347200
2009-08-14,3.9665610790252686,4.020270013287971,3.9002147661889235,4.018690303303907,6305200
2009-08-17,3.851245880126953,3.8923174488218613,3.8354493778818832,3.887578618667927,3402600
2009-08-18,3.9412848949432373,3.9649799335277156,3.8307076464839884,3.8307076464839884,4497400
2009-08-19,3.996574878692627,4.043965276853922,3.870201086193615,3.879679045306319,5074600
2009-08-20,4.050281524658203,4.067658024284327,3.9728775828762113,3.9886743733273504,3575400
2009-08-21,4.050281524658203,4.100831013062874,4.013949117529686,4.072397151809285,4648400
2009-08-24,4.051865100860596,4.107153769556738,4.0265903325364745,4.048705679495329,4675000
2009-08-25,4.0945143699646,4.115049996132634,4.058181946044847,4.070819323986451,5202200
2009-08-26,4.154541969299316,4.154541969299316,4.080297409241628,4.09451449753123,4463600
2009-08-27,4.186134338378906,4.231945009724202,4.058180882588341,4.15612046064574,5589800
2009-08-28,4.205092906951904,4.249323592288366,4.178238433155219,4.20035377582345,6013400
2009-08-31,4.1324262619018555,4.182975770709402,4.1324262619018555,4.162440145743401,7198200
2009-09-01,4.067660331726074,4.225627723249417,4.067660331726074,4.135586358288934,5581000
2009-09-02,4.029748916625977,4.143485350453084,4.029748916625977,4.077139022062536,5501600
2009-09-03,4.072401523590088,4.073981234460915,4.0123737156948005,4.055025005310025,5180400
2009-09-04,4.194033622741699,4.225627217786749,4.0739786846877575,4.097673730322119,5684200
2009-09-08,4.263540744781494,4.263540744781494,4.217730348419829,4.217730348419829,3424200
2009-09-09,4.334625720977783,4.342523970787323,4.261960557274559,4.261960557274559,5158000
2009-09-10,4.375696659088135,4.393072866451924,4.285654997080687,4.304611215739853,5985000
2009-09-11,4.355162143707275,4.446783244143919,4.355162143707275,4.391494581520313,7003800
2009-09-14,4.454680442810059,4.468897531772343,4.34410315116982,4.347262571227857,6526400
2009-09-15,4.555779933929443,4.565257893760947,4.4594197215292715,4.4594197215292715,6786800
2009-09-16,4.620546340942383,4.667936439304284,4.565257691987566,4.565257691987566,7199200
2009-09-17,4.675835132598877,4.810107483787315,4.6047496815876725,4.6205464819567075,12454800
2009-09-18,4.7090067863464355,4.721644162743218,4.653718151623453,4.691630582112621,6890800
2009-09-21,4.660036563873291,4.69005044305512,4.6126464820483335,4.63792123252815,5136000
2009-09-22,4.751507759094238,4.778532071508144,4.675203925174206,4.705407639802567,5515800
2009-09-23,4.651358127593994,4.751506852607217,4.651358127593994,4.746738053399803,6977200
2009-09-24,4.625925540924072,4.729253712660619,4.581414808592449,4.667256870259602,5050600
2009-09-25,4.692689418792725,4.703817021168284,4.61797499734924,4.61797499734924,3590600
2009-09-28,4.768994331359863,4.783301338610302,4.6926904948271835,4.708587203239282,3558000
2009-09-29,4.859604358673096,4.864373461356809,4.757865927056093,4.757865927056093,6087200
2009-09-30,4.964520454406738,5.102821048577821,4.877089058239012,4.8961648558881015,9479600
2009-10-01,4.872323513031006,5.023341820119952,4.864375308744033,4.935910056940462,7647200
2009-10-02,4.8198652267456055,4.940679828077266,4.762637177903081,4.835761940669039,9991000
2009-10-05,4.90411376953125,4.907293170474618,4.819861463758168,4.875499767449662,5924400
2009-10-06,4.8405303955078125,5.007445111268265,4.768995344065014,5.007445111268265,8773000
2009-10-07,4.7213053703308105,4.854837260216843,4.7213053703308105,4.838940548905734,8843200
2009-10-08,4.808733940124512,4.823040941392802,4.770582037810527,4.783299338581855,6341200
2009-10-09,4.908883571624756,4.913652674015105,4.775352039943644,4.815093650249948,4264000
2009-10-13,4.991544246673584,4.991544246673584,4.864371264584237,4.908881656713356,6043800
2009-10-14,5.150510311126709,5.150510311126709,5.029695537830887,5.0598992311548425,8822800
2009-10-15,5.094873428344727,5.139384436456038,5.016979922160859,5.086925228956231,4499200
2009-10-16,4.9661102294921875,5.016979428261201,4.935906529021458,5.013800330741393,8820600
2009-10-19,4.989956378936768,5.007442784097123,4.916831963183311,4.967701174699527,7299000
2009-10-20,4.837347984313965,4.896165387186178,4.710174672301267,4.840527385335266,8828200
2009-10-21,4.8405303955078125,4.9438585673216435,4.776943548356632,4.776943548356632,6720400
2009-10-22,4.935907363891602,4.983597473207217,4.815093147982586,4.88821755778038,3616800
2009-10-23,4.832581520080566,4.997906824959215,4.805557203060193,4.982010114381724,4397800
2009-10-26,4.780118942260742,4.872319429455769,4.751504945682234,4.851653933707015,3663200
2009-10-27,4.625925540924072,4.842119790180886,4.625925540924072,4.827813083107586,6894800
2009-10-28,4.307989120483398,4.668842889408987,4.295271821733808,4.633870090444372,10286800
2009-10-29,4.633871555328369,4.665664963855207,4.365218193210274,4.419266805783249,7778600
2009-10-30,4.4844441413879395,4.727662958765481,4.395422999745721,4.689511040918816,7465800
2009-11-03,4.622744560241699,4.665665576426857,4.411319184431365,4.482854211406629,7529800
2009-11-04,4.761041641235352,4.776938031459811,4.616382307122478,4.6815584772962255,6723000
2009-11-05,4.761041641235352,4.792834724888477,4.689506672408455,4.753093142918915,5119000
2009-11-06,4.713355541229248,4.780121467447998,4.641820815197742,4.756276558770829,2182600
2009-11-09,4.9120635986328125,4.916832701630375,4.7769420457465275,4.7880699527408375,6459400
2009-11-10,4.9661102294921875,4.9661102294921875,4.85642333014379,4.9025237310309215,5205600
2009-11-11,4.947033405303955,5.048771781736562,4.891395116990769,4.970878299379813,4683200
2009-11-12,4.939089775085449,5.086928688610937,4.9311415702913255,5.021752439044475,9254600
2009-11-13,5.107124328613281,5.107124328613281,4.901243233000059,5.004981939451682,6242600
2009-11-16,5.091167449951172,5.116703366424969,5.059248087073813,5.107127283594105,4946800
2009-11-17,5.091167449951172,5.103935255983817,5.030520447398235,5.075207616308239,5403400
2009-11-18,4.9315690994262695,5.107126638506629,4.92837707221917,5.087974779672503,5389200
2009-11-19,4.8916707038879395,4.928378111283301,4.853367282552536,4.8916707038879395,5303000
2009-11-23,4.928378582000732,4.995409651842069,4.88369140504555,4.971470049271998,6360800
2009-11-24,4.915609836578369,4.937953725204978,4.786335763817399,4.910822099622206,7734200
2009-11-25,4.9203972816467285,4.939549140375905,4.894861672946805,4.901245422917552,5091200
2009-11-26,4.818256378173828,4.87890339200872,4.779952952950439,4.842195980887376,3686800
2009-11-27,4.912419319152832,4.912419319152832,4.743245468979965,4.78154889607328,3678200
2009-11-30,4.9315690994262695,4.9523169718639455,4.811870818836271,4.87570984093591,20409000
2009-12-01,4.904439926147461,4.977855066530232,4.904439926147461,4.947531401736786,10434200
2009-12-02,4.851771831512451,4.971470151226123,4.846984093545388,4.945934534039892,7686400
2009-12-03,4.867730140686035,4.945932981827057,4.861346086188741,4.883689972520799,4367200
2009-12-04,4.837409019470215,4.939551813964322,4.8278332371268595,4.864540656450248,4054800
2009-12-07,4.96348762512207,4.969871373664739,4.83740531901408,4.859749199934417,4923000
2009-12-08,4.9315690994262695,4.941144876639099,4.86773007732663,4.907629504189964,6604600
2009-12-09,4.894861221313477,5.003387700478992,4.862941561179464,4.933164630829228,6429000
2009-12-10,4.898054599761963,4.939550047622923,4.893266558098132,4.93795403373498,4296600
2009-12-11,4.912419319152832,4.9555104843774505,4.891671439221924,4.9315708804952,5002400
2009-12-14,4.947528839111328,4.971468433902754,4.907629412989462,4.944336811963548,6408000
2009-12-15,4.947528839111328,4.971468433902754,4.909225426563353,4.936357048502559,4799600
2009-12-16,4.8916707038879395,5.000197216542517,4.8916707038879395,4.961893795207113,6389800
2009-12-17,4.7001543045043945,4.893267454181708,4.67621439620975,4.891671440001493,8903600
2009-12-18,4.724092960357666,4.779952227821012,4.679405485505287,4.7272849880775185,4950800
2009-12-21,4.66025447845459,4.765588970383281,4.658658464406149,4.7592049141895165,3159600
2009-12-22,4.650460243225098,4.737204417758277,4.619939002930085,4.724353417590694,5784200
2009-12-23,4.660100936889648,4.708292136981408,4.607090494231842,4.6777711865729765,3555000
2009-12-24,4.660100936889648,4.660100936889648,4.660100936889648,4.660100936889648,0
2009-12-28,4.660100936889648,4.708292136981408,4.64243068720632,4.7066857227927255,1886600
2009-12-29,4.650460243225098,4.690619657047795,4.632790003097668,4.666523763640567,2260600
2009-12-30,4.650460243225098,4.650460243225098,4.650460243225098,4.650460243225098,0
2010-01-04,4.803067684173584,4.819131517175929,4.770940324561022,4.787003851171238,7249400
2010-01-05,4.7548747062683105,4.835193534730978,4.6890132914402844,4.835193534730978,6129800
2010-01-06,4.76130485534668,4.819134568210752,4.725964645481038,4.737209243784091,5466200
2010-01-07,4.762908935546875,4.772547114168855,4.724355914666783,4.72917515717386,3084400
2010-01-08,4.790215969085693,4.790215969085693,4.733992715106473,4.770939617453557,4077800
2010-01-11,4.827165126800537,4.830377955908292,4.7580911393372896,4.815920531315642,4825600
2010-01-12,4.787002086639404,4.891416809470385,4.774151086252948,4.795034153375951,5352000
2010-01-13,4.8480448722839355,4.864108700372354,4.738811208953138,4.819130043003191,4948200
2010-01-14,4.778972148895264,4.833588997965437,4.74684448248029,4.809493401350275,3386600
2010-01-15,4.698653697967529,4.8111002338090865,4.672951685156686,4.762908729994636,4405800
2010-01-18,4.70026159286499,4.745240282650394,4.70026159286499,4.738814624227225,1768000
2010-01-19,4.778972148895264,4.796642396062712,4.663313101307201,4.679376628122554,3276200
2010-01-20,4.636004447937012,4.75808914533877,4.472153908814221,4.740418899043532,7134600
2010-01-21,4.560503005981445,4.663311315299388,4.47536524345542,4.658492075265229,6494200
2010-01-22,4.584599494934082,4.610301499002204,4.488216826482597,4.488216826482597,5010400
2010-01-26,4.460909366607666,4.529983632267843,4.419143524431929,4.49785596708893,7566000
2010-01-27,4.425569534301758,4.4978566385496,4.369346571433622,4.451271547724954,6057000
2010-01-28,4.433599948883057,4.496248544901578,4.358100044561193,4.481791129452373,9772200
2010-01-29,4.513917446136475,4.571746784357517,4.444843216491377,4.451268562341731,7035400
2010-02-01,4.81912899017334,4.822341816367528,4.5540769569922,4.5556833700892945,15749600
2010-02-02,4.915515899658203,4.939611504254167,4.791824741302092,4.8464416084621345,10565400
2010-02-03,4.795037746429443,4.899452241109056,4.764516482744181,4.854473552856682,5281200
2010-02-04,4.7066850662231445,4.7613019154507334,4.594238846230917,4.7548765659845005,5827600
2010-02-05,4.48179292678833,4.690622174583736,4.385410220605234,4.636005317959721,12696800
2010-02-08,4.5380144119262695,4.565322829492659,4.451269918577014,4.451269918577014,6896600
2010-02-09,4.7645158767700195,4.915515455048189,4.587814281728613,4.594239939115526,10308600
2010-02-10,4.883387088775635,4.884993502894686,4.738813188374835,4.8271638201775,6646400
2010-02-11,4.982982635498047,5.005471820453036,4.819132071531845,4.844834084735308,7639200
2010-02-12,4.8994526863098145,4.942824963952277,4.811102022720154,4.929973952768466,5863000
2010-02-17,4.880176544189453,5.000654901966001,4.880176544189453,4.963708279115347,4860000
2010-02-18,4.923547267913818,4.934791862057246,4.862505054109978,4.888207071121301,5779800
2010-02-19,4.933186054229736,4.97655832816604,4.843228983629892,4.881782013886968,10088200
2010-02-22,4.915515899658203,4.970132766818246,4.899452061130148,4.955675342782221,6852800
2010-02-23,4.8480448722839355,4.907480637901434,4.822342869899281,4.868927634324454,8092400
2010-02-24,4.89141845703125,4.89141845703125,4.811099600964346,4.836801610394386,8086200
2010-02-25,4.81912899017334,4.844830986942907,4.758086824443611,4.795033406500867,10110200
2010-02-26,4.858000755310059,4.893901219334576,4.774776655242229,4.861264518744,6047200
2010-03-01,4.895532131195068,4.906954989701262,4.830258431695711,4.877581747114164,6124600
2010-03-02,4.835155963897705,4.926539496012152,4.835155963897705,4.902061886472447,7696800
2010-03-03,4.800887107849121,4.887374988782809,4.773145735568479,4.848210442180995,7248400
2010-03-04,4.797624111175537,4.830261134814376,4.748668886967003,4.825365487893632,4259600
2010-03-05,4.86289644241333,4.87921494951867,4.818836877853436,4.846578246557625,3713200
2010-03-08,4.794360160827637,4.890639034457659,4.794360160827637,4.885743698976286,6286800
2010-03-09,4.879215717315674,4.906957090385265,4.7764096354987675,4.779673399683351,7016200
2010-03-10,4.928168296813965,4.939591153373714,4.887372202672291,4.895531297000828,7207800
2010-03-11,4.921645164489746,4.952650310856661,4.87268993233127,4.8955356658385885,3669200
2010-03-12,4.879215717315674,4.973862699920805,4.879215717315674,4.9657036007090305,4033600
2010-03-15,4.8971662521362305,4.921643861736273,4.856370132386262,4.871056760396226,2762200
2010-03-16,4.936330318450928,4.955912592201254,4.893902318033288,4.8971660821999565,3094200
2010-03-17,4.910219192504883,4.988547638923308,4.8743187323754995,4.960806275243919,4473800
2010-03-18,4.869425296783447,4.911853302320066,4.830261055807273,4.892271026207118,5302200
2010-03-19,4.813943386077881,4.885744662715081,4.7959929891061375,4.864530500612152,5349800
2010-03-22,4.835155963897705,4.892270593656812,4.768250352572655,4.794359844248299,4625400
2010-03-23,4.813943386077881,4.8547395164683715,4.794361106540545,4.846580414890183,2101200
2010-03-24,4.813943386077881,4.849843868771594,4.76661972542502,4.76661972542502,3921200
2010-03-25,4.830654144287109,4.8848757606051025,4.815866402255605,4.858586511080777,4136000
2010-03-26,4.855301380157471,4.8914493415143205,4.822439967478916,4.827369007014744,4001200
2010-03-29,4.888163089752197,4.912809227526201,4.863516951978195,4.873375344409267,4548000
2010-03-30,4.881591796875,4.91609664879693,4.875019638132983,4.90459513595386,3038400
2010-03-31,4.904595851898193,4.904595851898193,4.840515492801308,4.840515492801308,5558400
2010-04-01,4.896377086639404,4.942383428298277,4.847084823956197,4.906235789890096,7195200
2010-04-05,4.929238796234131,4.9440265376942385,4.894734275088922,4.9128079375681715,4532400
2010-04-06,4.935814380645752,4.945672776711126,4.8898080100194035,4.8898080100194035,5854400
2010-04-07,4.92759895324707,4.960460692414477,4.886521935984198,4.906239042163196,6624400
2010-04-08,5.031108856201172,5.068899604148662,4.881588354501211,4.881588354501211,29498
2010-04-09,5.093547821044922,5.109978683146172,5.01468005903007,5.0623292143918075,7022800
2010-04-12,5.109977722167969,5.142839126797954,5.073829769664645,5.077116004145414,10757800
2010-04-13,5.068900108337402,5.124764834074089,5.029466239592541,5.1099770941206994,3854800
2010-04-14,5.019608497619629,5.040968709812997,4.921023963594389,4.994962364113319,14509000
2010-04-15,5.077117443084717,5.090262071340631,4.971960417037407,4.971960417037407,9981800
2010-04-16,5.01139497756958,5.077118127711625,4.986748835440401,5.029468961380904,8429400
2010-04-19,4.953888416290283,5.044258045899183,4.927599149267676,5.00811006869851,4377800
2010-04-20,4.919382095336914,4.994963632399748,4.898021877719907,4.9719606104054375,5439400
2010-04-22,4.875016212463379,4.893090184740622,4.81422214150788,4.888160834103419,6061800
2010-04-23,4.904595851898193,4.917740484693725,4.829013978279314,4.850374202442532,5698000
2010-04-26,4.89966344833374,4.952241946799664,4.870087964598515,4.927595814817834,4456400
2010-04-27,4.740286827087402,4.898022388750153,4.732071237380362,4.8717331284730285,5854200
2010-04-28,4.8372297286987305,4.845445006943774,4.746860101039362,4.802724870605436,6145000
2010-04-29,4.929238796234131,4.9522418103309365,4.820795567788385,4.83394019204264,5477200
2010-04-30,4.92759895324707,4.99496523648676,4.865162024900323,4.907882160460843,6275800
2010-05-03,4.856945037841797,4.929240655201368,4.852015997757912,4.87501902052986,11776
2010-05-04,4.610483646392822,4.8322995694096695,4.60226836951516,4.82244117447793,12293800
2010-05-05,4.638413906097412,4.72878347740329,4.56776142903416,4.600623148307676,5800400
2010-05-06,4.5677618980407715,4.66634675259119,4.4182416554398065,4.631842225864481,9126200
2010-05-07,4.538186550140381,4.600623444711579,4.334444378946237,4.585835701425027,6344400
2010-05-10,4.6827778816223145,4.748501017282347,4.6449871177918745,4.687707234319054,4842200
2010-05-11,4.584191799163818,4.6811335159372645,4.57597652691897,4.61541039780083,4831200
2010-05-12,4.577617645263672,4.636768269062508,4.543112827437975,4.617051498927033,5430800
2010-05-13,4.5201096534729,4.646626791726577,4.5201096534729,4.62855282529251,3483400
2010-05-14,4.378809928894043,4.516828730435295,4.378809928894043,4.508613452431103,5599800
2010-05-17,4.469176292419434,4.469176292419434,4.337729746529133,4.380449850439041,5963800
2010-05-18,4.41824197769165,4.557903839041829,4.364020350743068,4.518469957024008,8537400
2010-05-19,4.265436172485352,4.378808797323537,4.173423766366592,4.365664167878,7857800
2010-05-20,4.1569929122924805,4.216143901651415,4.110986865806809,4.189854642690263,5546000
2010-05-21,4.301584720611572,4.304870956765834,4.115916452001267,4.1405629097655,5887800
2010-05-24,4.264024257659912,4.350032262852337,4.225981909552635,4.302066290290827,3986200
2010-05-25,4.2553300857543945,4.2553300857543945,4.1219339698696595,4.168622658135417,9672400
2010-05-26,4.302019119262695,4.397063997676318,4.215311996315926,4.293681999877279,16614000
2010-05-27,4.410403251647949,4.463761575045678,4.33536791059446,4.343705029360094,8203600
2010-05-28,4.317025661468506,4.395395973501351,4.283676869958101,4.393728486219729,9374800
2010-05-31,4.332033157348633,4.355377663559156,4.307021481732304,4.335368132241666,3958200
2010-06-01,4.280341625213623,4.442084064833408,4.270337020196075,4.285344086742727,5958600
2010-06-02,4.453755855560303,4.508781974533846,4.29368091395208,4.29368091395208,5053000
2010-06-04,4.473763465881348,4.4854355522852964,4.365379397506894,4.4170702021703105,6614800
2010-06-07,4.402065277099609,4.523788977236391,4.370383657187071,4.485437726734225,5564200
2010-06-08,4.427075386047363,4.473764055860746,4.388724149079518,4.427075386047363,4559000
2010-06-09,4.377052307128906,4.4720968206257865,4.362045245204076,4.4520876167530545,2788800
2010-06-10,4.46209192276001,4.487103584962412,4.39372656432119,4.39372656432119,3286400
2010-06-11,4.485435962677002,4.505445482657743,4.402063545831554,4.427075207277082,4288600
2010-06-14,4.585485458374023,4.608829646207265,4.487105926732924,4.5187875516785425,5069400
2010-06-15,4.538796901702881,4.608829785357756,4.517120200637648,4.585485596819703,4887600
2010-06-16,4.567142486572266,4.622168288168052,4.502112080515601,4.5087820288499465,5025400
2010-06-17,4.5421319007873535,4.62383687914547,4.5404644133056715,4.583818133707253,5767000
2010-06-18,4.588820934295654,4.588820934295654,4.587153446691097,4.587153446691097,3000
2010-06-21,4.700539588928223,4.7122116829509455,4.570478431159217,4.570478431159217,7986200
2010-06-22,4.710542678833008,4.793915115626512,4.677193576899363,4.688865985204563,11241000
2010-06-23,4.620498180389404,4.743889610263427,4.577144812968268,4.702203410939637,9925200
2010-06-24,4.563809871673584,4.672194036257907,4.513786190914123,4.612165746562868,11731800
2010-06-25,4.518787860870361,4.613832424169804,4.510450423187508,4.550469487983752,7582000
2010-06-28,4.4354143142700195,4.552135551094627,4.4354143142700195,4.533793828731712,11060400
2010-06-29,4.251994609832764,4.377053274827845,4.235320057558626,4.352041605436955,15891400
2010-06-30,4.110263347625732,4.352043675502863,4.101926226543397,4.285345752721828,24249000
2010-07-01,4.362046241760254,4.453755802883523,4.2219805104893675,4.293680863168587,62721800
2010-07-02,4.418740272521973,4.467096450805328,4.293681585563804,4.333700327225535,25933800
2010-07-05,4.385390281677246,4.460425606003841,4.360378612915256,4.385390281677246,15467200
2010-07-06,4.4937744140625,4.4937744140625,4.418739094672574,4.458757825667,18267200
2010-07-07,4.627171516418457,4.65885314017686,4.443752041348685,4.4804361271870565,31311600
2010-07-08,4.617167949676514,4.693870477258461,4.57714919815018,4.602160878099043,25466800
2010-07-12,4.635507106781006,4.723881999477724,4.555469648135255,4.5688092245762135,14133800
2010-07-13,4.742223739624023,4.778907493031176,4.6455117369682855,4.652181365751145,18057000
2010-07-14,4.717212677001953,4.75889889584556,4.632172752396124,4.735554397025525,10025600
2010-07-15,4.79058313369751,4.79058313369751,4.653852302849879,4.702208499049595,9076600
2010-07-16,4.653850555419922,4.7839117037043675,4.59215511493011,4.768904635900752,8159800
2010-07-19,4.702207088470459,4.718881326808296,4.63217420611313,4.670525463155291,8023800
2010-07-20,4.685532093048096,4.728885808353703,4.62717131021206,4.657185445272917,9677600
2010-07-21,4.712211608886719,4.737223283976676,4.672192865134645,4.693869565401754,8505400
2010-07-22,4.848941326141357,4.8856250869751285,4.73555475151253,4.752229303906293,18542400
2010-07-23,4.915639877319336,4.915639877319336,4.810590723810866,4.83560239673758,6756800
2010-07-26,4.843938827514648,4.938983680011175,4.797250462822282,4.860613379779335,6963000
2010-07-27,4.785577774047852,4.893961873172853,4.747226213216051,4.883957270279623,8695400
2010-07-28,4.985672950744629,4.985672950744629,4.7422255247769005,4.807255940582395,12328600
2010-07-29,4.985672950744629,5.035696616629438,4.928979653566259,4.9756683447839425,8008200
2010-07-30,5.09238862991333,5.1224024402282975,4.9039667432547,4.952322909614376,8636200
2010-08-02,5.079050540924072,5.164090495494988,5.060708814437522,5.085720490948797,8232600
2010-08-03,4.935647964477539,5.074046186814078,4.935647964477539,5.0356949449951705,7572600
2010-08-04,4.885626316070557,4.975668730824806,4.868952077522627,4.953991711847355,5635600
2010-08-05,5.002346038818359,5.002346038818359,4.84060363139118,4.862280324288197,6110600
2010-08-06,5.05903959274292,5.05903959274292,4.945653025516152,4.968997206519094,4883000
2010-08-09,5.119068622589111,5.185766519832743,5.044033289414613,5.044033289414613,11618600
2010-08-10,5.054039478302002,5.112400275944258,5.030695286461404,5.069046549639746,8973200
2010-08-11,4.952324867248535,5.015687804792506,4.918975751883876,4.987341152144766,8574200
2010-08-12,5.0607075691223145,5.0607075691223145,4.877288123106752,4.918974346381169,7797400
2010-08-13,5.075715065002441,5.117401291808872,5.019021771102441,5.025691402010321,8062600
2010-08-16,5.052370071411133,5.169091622358055,5.015686309876125,5.1157333081105385,7152200
2010-08-17,5.027360439300537,5.0723816544623395,4.992344150646314,5.0723816544623395,9391000
2010-08-18,4.989008903503418,5.024025190251082,4.960662249356892,5.022358020631362,7987000
2010-08-19,4.901823043823242,5.0277260296729365,4.888393404806789,4.95218411008798,6685800
2010-08-20,4.974005222320557,4.985756432062054,4.871604384646457,4.871604384646457,6817000
2010-08-23,4.935398578643799,4.984081235952302,4.905181801029962,4.970651592589259,4482600
2010-08-24,4.866573333740234,4.891753883908361,4.794388855120354,4.878324235806156,7104600
2010-08-25,4.866573333740234,4.876645489769872,4.799425093229206,4.826284389433617,6172600
2010-08-26,4.733954429626465,4.880001776645646,4.698701411946947,4.876644285402265,8753800
2010-08-27,4.742345333099365,4.742345333099365,4.6668034209571685,4.725558205935786,14899400
2010-08-30,4.641623497009277,4.775920211683928,4.603013323617808,4.775920211683928,27298
2010-08-31,4.78095817565918,4.78095817565918,4.636589569751004,4.648340469281995,12039800
2010-09-01,4.9118971824646,4.937077725795641,4.78431540004095,4.834676486703032,27704
2010-09-02,4.859855651855469,4.937076000442976,4.836353542130162,4.935397255449177,6450400
2010-09-03,4.782636642456055,4.91357591571198,4.760813590340724,4.906860933406968,6616400
2010-09-06,4.73898983001709,4.792708403306886,4.712130543372192,4.777600014545637,2077000
2010-09-08,4.7440266609191895,4.7776006133392785,4.70038023460388,4.733954507211962,4558200
2010-09-09,4.745704174041748,4.780956862955417,4.732274532523982,4.775920947503699,4233400
2010-09-10,4.700379371643066,4.765848839002242,4.685270983762036,4.732274892746124,4842400
2010-09-13,4.868250846862793,4.869929592473924,4.72723941740759,4.7675283515107925,7551200
2010-09-14,4.927006244659424,4.953865537235165,4.853143029982123,4.868251422079481,8590600
2010-09-15,4.970652103424072,4.979045511318083,4.893431406009622,4.90182513409162,6048600
2010-09-16,4.952184200286865,4.968971329410154,4.913574027434799,4.932039581301346,5338600
2010-09-17,4.895108222961426,4.947148035814267,4.8749639238774245,4.938754631227243,6628200
2010-09-20,5.000865936279297,5.000865936279297,4.895107266103665,4.895107266103665,5632400
2010-09-21,5.03611946105957,5.03611946105957,4.9605775410685355,4.987436819245826,13054200
2010-09-22,5.076410293579102,5.1049483274329255,4.992474937560555,5.002547090630149,77358
2010-09-23,5.230232238769531,5.270789735029842,5.07983116085826,5.07983116085826,20214200
2010-09-24,5.120386600494385,5.284306777986552,5.105177505215273,5.215021042747129,25926600
2010-09-27,5.22178316116333,5.255581239772715,5.068002515903123,5.145737967775762,8441800
2010-09-28,5.238679885864258,5.277547433466562,5.162634403753469,5.247129240622247,9399600
2010-09-29,5.336693286895752,5.362041670657037,5.223470205261307,5.233609494301383,10553800
2010-09-30,5.429640769958496,5.429640769958496,5.2978286508170225,5.340076087709787,12514600
2010-10-01,5.529343605041504,5.5428624468403855,5.387391898285672,5.441468877092688,12401000
2010-10-04,5.558075428009033,5.585113775132455,5.47358051266771,5.492169497186008,6724200
2010-10-05,5.605386734008789,5.6273555703924565,5.5344113859691815,5.5462406106424496,9478000
2010-10-06,5.585110187530518,5.602009546530486,5.517514685464534,5.566521214952867,10971200
2010-10-07,5.51075553894043,5.585110792662597,5.47695746192319,5.559762718383193,8220200
2010-10-08,5.618907451629639,5.6527055201172205,5.478645693031761,5.478645693031761,9037400
2010-10-11,5.644254207611084,5.6696022667066215,5.539480167154391,5.6189055038712326,6194000
2010-10-13,5.889288902282715,5.91125773675209,5.6729823617976045,5.678051844888868,19732000
2010-10-14,5.801414489746094,5.897738530303317,5.698330709061693,5.862250216957787,14432800
2010-10-15,5.8808417320251465,5.8808417320251465,5.725371509498288,5.770998808190626,8663000
2010-10-18,5.830148220062256,5.843667713770233,5.765931914239248,5.830148220062256,10120800
2010-10-19,5.730442047119141,5.803107686757632,5.630738074915956,5.715232944761207,10998200
2010-10-20,5.813249111175537,5.826767959339998,5.679747020585154,5.711854849040035,8115800
2010-10-21,5.664534568786621,5.879151555574607,5.634116372571346,5.781137224515495,10245400
2010-10-22,5.672983169555664,5.715230587049909,5.642564977388253,5.706781232479947,5633000
2010-10-25,5.703403472900391,5.745650906032986,5.654396295751859,5.701713859218741,7760000
2010-10-26,5.762548923492432,5.799726866432574,5.6324274124911184,5.647635867717986,9830200
2010-10-27,5.720300197601318,5.747338519610915,5.649324844067792,5.745648906517261,9530600
2010-10-28,5.635803699493408,5.769305657095807,5.635803699493408,5.732127733549757,7013000
2010-10-29,5.593556880950928,5.689880925123217,5.5445503748004175,5.644254289163142,7886200
2010-11-01,5.691573143005371,5.767618636873271,5.598628937008847,5.617217907137062,5543000
2010-11-03,5.764237880706787,5.847042459928887,5.7304398169930035,5.745648913431984,10532400
2010-11-04,5.911259651184082,5.911259651184082,5.787897247071009,5.787897247071009,9935200
2010-11-05,5.88591194152832,5.887601554994118,5.798037214481293,5.798037214481293,5554200
2010-11-08,5.858874320983887,5.858874320983886,5.7794495768705945,5.799728166362846,6453000
2010-11-09,5.718611717224121,5.838594254617025,5.700022746289671,5.813246185324698,10423400
2010-11-10,5.71354341506958,5.787898669555276,5.669605721102577,5.689884309663275,7512800
2010-11-11,5.6983323097229,5.708471278117401,5.607077726305502,5.679743341473673,7551600
2010-11-12,5.720300197601318,5.776067099358614,5.617217038132784,5.644255360142382,10923200
2010-11-16,5.728752613067627,5.818316971626779,5.647636968184385,5.764240304801097,12376200
2010-11-17,5.711853981018066,5.794659250279354,5.6696065393764465,5.705094235640655,7110200
2010-11-18,5.786211967468262,5.825079550370193,5.747343739921299,5.765932724058099,11723000
2010-11-19,5.796348571777344,5.796348571777344,5.66960625324878,5.733822541803788,6015200
2010-11-22,5.711853981018066,5.757481295348392,5.632429229090285,5.745652063260322,5216800
2010-11-23,5.476280212402344,5.640840271008962,5.405027803826803,5.623875596727406,14500000
2010-11-24,5.550926685333252,5.627268371614595,5.516996687452165,5.5390512831490035,11887600
2010-11-25,5.5814642906188965,5.634055178862748,5.515300495563439,5.571285095880912,4096400
2010-11-26,5.583160877227783,5.635752416190717,5.49663998116464,5.522086998989798,7840000
2010-11-29,5.627268314361572,5.640840572240273,5.522085904445144,5.539051226793521,7584200
2010-11-30,5.5814642906188965,5.598428968021243,5.506818156862265,5.583160499494747,15481000
2010-12-01,5.729057788848877,5.75280859082777,5.598427730804149,5.625571596945857,10315200
2010-12-02,5.68155574798584,5.808792732083371,5.68155574798584,5.751111940072726,9222800
2010-12-03,5.530569076538086,5.623876745631017,5.500032138864213,5.615393759596405,12417200
2010-12-06,5.420296669006348,5.537354483361955,5.420296669006348,5.530568354284876,9944600
2010-12-07,5.408421993255615,5.510211684112828,5.408421993255615,5.469496196066551,8607800
2010-12-08,5.328685283660889,5.428778411509528,5.293059080653953,5.403331077421659,13077600
2010-12-09,5.259130001068115,5.3694020170195795,5.1827876619430056,5.335472340193226,12561600
2010-12-10,5.233681678771973,5.303237875308973,5.131892020265502,5.277790541577457,11826200
2010-12-13,5.289666652679443,5.323596327683879,5.179394642649244,5.260826250956427,8460400
2010-12-14,5.286271572113037,5.313415431197083,5.238769656925794,5.277789237491895,6819400
2010-12-15,5.267612457275391,5.2930601199402885,5.226896650024216,5.250647780272756,6865200
2010-12-16,5.216718673706055,5.318508371079839,5.191271330257741,5.269309893309974,9427400
2010-12-17,5.194663047790527,5.250647318282548,5.152250711854741,5.182787321920935,5672400
2010-12-20,5.097962379455566,5.211627446673485,5.091176574327854,5.204841641545773,10976800
2010-12-21,5.182787895202637,5.23028983319399,5.106445876222097,5.13358974833702,7998000
2010-12-22,5.242166519165039,5.245559584904555,5.135287537014753,5.1743068222775115,9272200
2010-12-23,5.3008713722229,5.35551947697103,5.21719109538288,5.241099885506485,7554600
2010-12-27,5.268423080444336,5.3025779774890065,5.227437008553725,5.276961723273417,4820600
2010-12-28,5.258176803588867,5.283793058582393,5.174496537826537,5.266715446677257,4415000
2010-12-29,5.294040203094482,5.328195431470323,5.217191102113042,5.251346330488882,5043000
2010-12-30,5.365766525268555,5.365766525268555,5.282086564642494,5.321364853680116,8379600
2011-01-03,5.362349033355713,5.430659147808792,5.358933446200979,5.379426643401063,6626800
2011-01-04,5.384552478790283,5.428954154858267,5.317949801824074,5.3794290957225845,7026600
2011-01-05,5.461401462554932,5.480186875402187,5.348689636928356,5.362351666527683,8229600
2011-01-06,5.413581848144531,5.488722810965738,5.377718834578134,5.439198100275775,8915800
2011-01-07,5.2855000495910645,5.411873837330221,5.244513656952355,5.3879650540029225,7306200
2011-01-10,5.294040203094482,5.294040203094482,5.194990431678625,5.229145660054465,7840400
2011-01-11,5.3572282791137695,5.374305570764962,5.316241867111222,5.328196427286899,6900200
2011-01-12,5.451155662536621,5.463109899125119,5.391384153865616,5.40504618507083,6093200
2011-01-13,5.396507740020752,5.464817898607642,5.379430118941897,5.464817898607642,6412000
2011-01-14,5.425536155700684,5.425536155700684,5.324778613566236,5.365764682713216,7726200
2011-01-17,5.362349033355713,5.396504253446412,5.319655171106498,5.384550024133163,4871600
2011-01-18,5.387967586517334,5.394798763744089,5.335027265923816,5.391383175130711,6240000
2011-01-19,5.311119556427002,5.408461565726207,5.278672111417765,5.379429709818681,7069200
2011-01-20,5.275252819061279,5.275252819061279,5.200111865944022,5.2650063846777035,16700600
2011-01-21,5.251347541809082,5.3094112480044355,5.232562129296328,5.259886188008439,8862000
2011-01-24,5.299165725708008,5.317950815747542,5.253056246492866,5.256471835855883,6149000
2011-01-26,5.294040203094482,5.372596772339157,5.268423944676802,5.292332409102851,11011000
2011-01-27,5.294040203094482,5.335026281708451,5.154004353064656,5.314533405265666,16682000
2011-01-28,5.184742450714111,5.30599285648579,5.056660871008551,5.294038627829799,16990400
2011-01-31,5.082278251647949,5.229145266593465,5.070324020334407,5.206944272101137,14162600
2011-02-01,5.092525482177734,5.183036616649088,5.08910989391955,5.12326512504455,19812
2011-02-02,5.051540374755859,5.1642522031917695,5.044709522650177,5.12326611337221,6844000
2011-02-03,5.029339790344238,5.089110968845263,4.996892346494758,5.089110968845263,15764
2011-02-04,4.798788070678711,5.012257288006695,4.786833846624852,4.986641047072972,20030200
2011-02-07,4.829531669616699,4.8500245489585065,4.781714408271742,4.8414859035208275,10321600
2011-02-08,4.918334484100342,5.03616967544077,4.8227002911355745,4.829531467782988,20274
2011-02-09,4.795373439788818,4.935409222120687,4.7697571937548835,4.908085182920725,12705200
2011-02-10,4.822699546813965,4.867101210984032,4.790252114203458,4.803914139661296,13296800
2011-02-11,5.051540374755859,5.07032578807134,4.80733130456856,4.82611671788404,15882800
2011-02-14,5.083986759185791,5.106187431066208,4.993475626104419,5.015676623713255,10992000
2011-02-15,5.191574573516846,5.225729800115188,5.000306216605593,5.054954318580236,17449800
2011-02-16,5.367473602294922,5.396505448080351,5.186451677489037,5.2086523474527695,22427000
2011-02-17,5.333319664001465,5.464816898803763,5.27696375276169,5.430661662894852,19198400
2011-02-18,5.3179497718811035,5.331611800922906,5.242808775015417,5.294041302490063,10696800
2011-02-21,5.235973834991455,5.309407310469074,5.2171884364102326,5.294037498125934,6214000
2011-02-22,5.06615686416626,5.22150743268083,5.0264562255117085,5.197341883800826,19152200
2011-02-23,5.074788570404053,5.092049822087837,4.9660432444888984,5.062705792994701,13516800
2011-02-24,5.074788570404053,5.074788570404053,5.074788570404053,5.074788570404053,0
2011-02-25,5.035087585449219,5.133476285470227,4.960864438631695,5.107584574290641,16094000
2011-02-28,5.1352009773254395,5.143831435510947,5.009194444124125,5.0488950785468605,13489200
2011-03-01,4.997111797332764,5.161092811620084,4.990207167225061,5.145557723108638,11907200
2011-03-02,5.0368146896362305,5.142108041341948,4.971221991146067,4.997114036420677,9459800
2011-03-03,5.098952770233154,5.1352010904881285,5.054073662371603,5.074786894165621,11496600
2011-03-04,5.112764358520508,5.147286539196992,5.0609805936592,5.064432910496165,7604600
2011-03-09,5.112764358520508,5.112764358520508,5.112764358520508,5.112764358520508,0
2011-03-10,4.8348588943481445,4.9280691401995504,4.798610227627957,4.921164836062539,18180400
2011-03-11,4.864203929901123,4.895274127996849,4.789980752057135,4.833133731805397,12915600
2011-03-14,4.919436454772949,4.940150016286217,4.81932162079242,4.833130552057634,12159400
2011-03-15,4.976398468017578,4.979850783232222,4.765812178387809,4.808965130878156,10775400
2011-03-16,4.859023571014404,5.005743711153016,4.8158706079872236,4.9798519991829036,10249400
2011-03-17,4.850391864776611,4.931519295915315,4.81586937152603,4.915984206875643,7028600
2011-03-18,4.919436454772949,4.957410933444566,4.876283503415292,4.8780096609773045,11543200
2011-03-21,4.92634391784668,4.9936624553213305,4.867655843914032,4.96777073546424,6922600
2011-03-22,5.005744457244873,5.038540806218407,4.903903422983133,4.9366997719566665,6870800
2011-03-23,5.043148040771484,5.043148040771484,5.043148040771484,5.043148040771484,0
2011-03-24,4.9909796714782715,5.048367227820539,4.982284386159007,5.020542978181331,7126400
2011-03-25,4.959676265716553,5.017063810002081,4.931852021923033,5.017063810002081,7077600
2011-03-28,4.933590888977051,5.010107390622403,4.910983484456863,4.963154188332663,6863600
2011-03-29,4.905768394470215,4.973590305094229,4.893595324578829,4.973590305094229,7949200
2011-03-30,5.013586044311523,5.013586044311523,4.905766843365704,4.93185236396099,7949200
2011-03-31,5.138797283172607,5.138797283172607,4.9753298546164695,5.013588125444038,10965400
2011-04-01,5.138797283172607,5.138797283172607,5.138797283172607,5.138797283172607,0
2011-04-04,5.199661731719971,5.213573857042444,5.133579219361032,5.182271492144071,7171200
2011-04-05,5.199661731719971,5.199661731719971,5.199661731719971,5.199661731719971,0
2011-04-06,5.18226957321167,5.1996598063481745,5.142272269181487,5.196181693382652,11910000
2011-04-07,5.173575401306152,5.237919174090036,5.138794929797379,5.173575401306152,9081400
2011-04-08,5.110969066619873,5.180529987607435,5.0727108254295565,5.147488583307449,10706400
2011-04-11,5.043148040771484,5.130098869060648,5.022279696038007,5.100535574174689,7307400
2011-04-12,4.933590888977051,5.0257585686160295,4.877942071837971,5.008368333990763,16990200
2011-04-13,4.952719688415527,4.978804873664494,4.891854035040522,4.977066148780206,7310800
2011-04-14,4.917940616607666,4.997935246247074,4.905767217944488,4.930113683579646,8328200
2011-04-15,4.8449015617370605,4.940547365908319,4.834467220717843,4.930113356580279,15151400
2011-04-18,4.841424465179443,4.850119419497637,4.714476274662849,4.80664398452418,9027600
2011-04-19,4.895332336425781,4.921417522677769,4.851856915442086,4.869247150173792,8212600
2011-04-20,5.048365116119385,5.048365116119385,4.926633826098915,4.938806888762746,13170000
2011-04-25,5.043148040771484,5.064016385504962,4.973587444478371,5.0292359215128615,6632800
2011-04-26,5.112710952758789,5.131840249787763,5.04836749642881,5.07966953016999,11822200
2011-04-27,5.112710952758789,5.135318364100528,5.006631119749334,5.104015998668112,11864800
2011-04-28,4.9909796714782715,5.076191477459746,4.92489682981674,5.053584067320878,11904800
2011-04-29,5.041410446166992,5.055322569459455,4.9422865262467965,4.982283839251229,10076400
2011-05-02,5.024021625518799,5.053584937311276,4.938809804867844,5.008370440940943,8493200
2011-05-03,4.88663911819458,4.990980231903429,4.84838052187629,4.973589991003411,8909400
2011-05-04,4.79099178314209,4.935330183309267,4.773601878201678,4.912723107872027,13844600
2011-05-05,4.806640148162842,4.867505774884771,4.726645570870177,4.775337806894936,12866800
2011-05-06,4.931850433349609,4.931850433349609,4.8170753817481655,4.886635968826155,13744400
2011-05-09,4.923157691955566,4.971850293870661,4.872726364696374,4.91446273847022,17486
2011-05-10,4.923157691955566,4.923157691955566,4.923157691955566,4.923157691955566,0
2011-05-11,5.051843643188477,5.055321756374977,4.99967327215548,5.017063506396855,12885000
2011-05-12,5.095317363739014,5.12140287224754,4.982281376402473,4.9909766564689875,12298600
2011-05-13,4.942285537719727,5.079667686293026,4.926634360684765,5.076189904933902,9546400
2011-05-16,4.942285537719727,4.942285537719727,4.942285537719727,4.942285537719727,0
2011-05-17,4.869245529174805,4.8901138702438915,4.752731426459052,4.846638463733402,10118200
2011-05-18,4.7440385818481445,4.895332877857765,4.7318651840057555,4.891854764188511,13091000
2011-05-19,4.738820552825928,4.801425260765886,4.674476788366403,4.771861963315475,10191800
2011-05-20,4.722548961639404,4.78201812340093,4.715552432673172,4.768025399081328,6046000
2011-05-23,4.745284080505371,4.7802660364885465,4.645585939649776,4.678818764472527,7203200
2011-05-24,4.815249443054199,4.827493031252866,4.752282036760765,4.768023888334124,6860400
2011-05-25,4.766275405883789,4.810002703185475,4.752282684091762,4.778518995750213,6711800
2011-05-26,4.9149489402771,4.9149489402771,4.7855161629999525,4.7855161629999525,13206800
2011-05-27,4.963924407958984,4.97616833579188,4.913200898531533,4.941186352066594,7897000
2011-05-30,4.9499311447143555,4.981414859932301,4.902705905500323,4.981414859932301,2163400
2011-05-31,4.90620231628418,4.99890430085382,4.848482300808347,4.974417122655825,20425600
2011-06-01,4.8292412757873535,4.890459205534681,4.778517467010771,4.864222902269726,14406800
2011-06-02,4.792513847351074,4.844986827599943,4.708557479288425,4.8309940995895015,14121600
2011-06-03,4.792513847351074,4.858979555610385,4.722550207298866,4.762779258627266,11983600
2011-06-06,4.780267238616943,4.822245396185711,4.747034405436891,4.810001808596413,11638000
2011-06-07,4.864224433898926,4.886962815204308,4.797759089125164,4.797759089125164,9268200
2011-06-08,4.853731632232666,4.871222623756087,4.804756922689669,4.839738905736512,9430800
2011-06-09,4.817001819610596,4.862477939664572,4.7785215637931024,4.834492481040749,5289400
2011-06-10,4.7400383949279785,4.813500256901502,4.736540131592869,4.796009273838711,10194000
2011-06-13,4.785514831542969,4.818747332486138,4.743536672236263,4.743536672236263,7981800
2011-06-14,4.834488391876221,4.834488391876221,4.782015784742803,4.810001219695652,9916200
2011-06-15,4.827492713928223,4.834488906604971,4.769772706490925,4.801256407568131,9930000
2011-06-16,4.731292724609375,4.843234815760127,4.712052943540502,4.783765673664877,9319000
2011-06-17,4.731292724609375,4.783765673664877,4.657830862821875,4.776769147012375,12526000
2011-06-20,4.766275405883789,4.778518995750213,4.671824283578002,4.703307991013264,6072200
2011-06-21,4.731292724609375,4.77502001534925,4.726045663232751,4.77502001534925,5916000
2011-06-22,4.814736843109131,4.857126268297621,4.7352564603299605,4.747620000566453,12412200
2011-06-24,4.759984970092773,4.816504216648498,4.742322621323789,4.802374405009567,6864000
2011-06-27,4.73878812789917,4.804138690301623,4.7264245899292545,4.768814007346598,7676400
2011-06-28,4.842996120452881,4.846528656524625,4.738788664504691,4.7582172760181045,10838600
2011-06-29,4.9118781089782715,4.92777418189415,4.827099278014338,4.857125156090873,7035200
2011-06-30,4.9454345703125,4.9454345703125,4.885382837865368,4.926005969555782,6821800
2011-07-01,4.9666314125061035,4.9666314125061035,4.84122909658689,4.9277741955458065,9534000
2011-07-04,5.021385192871094,5.021385192871094,4.931307543550707,4.948969887180796,3668000
2011-07-05,4.996658802032471,5.010788611506191,4.943671763845095,5.0072560749174535,5057000
2011-07-06,4.9542670249938965,4.975461899038675,4.876553272885596,4.945436023989211,6243600
2011-07-07,4.821798801422119,5.000187740219133,4.805902734022712,4.9984214730768635,8506000
2011-07-08,4.689333438873291,4.804138485133627,4.685801240233552,4.7811773411291085,10962200
2011-07-11,4.55686616897583,4.636346529956095,4.5233080937895975,4.636346529956095,8993800
2011-07-12,4.565699577331543,4.643413705870302,4.50388152819574,4.55686823495142,13999200
2011-07-13,4.671672821044922,4.735256794879307,4.560400277292597,4.597491237503782,14197600
2011-07-14,4.58866024017334,4.7052312606391755,4.532140998357329,4.654010824073886,10089600
2011-07-15,4.551568508148193,4.611620272206987,4.503880283122474,4.595724197198414,10077600
2011-07-18,4.429696559906006,4.519774162230628,4.3837746251788845,4.505644362074668,12290400
2011-07-19,4.53037166595459,4.551566535741684,4.4402940589012365,4.468553660696678,10092600
2011-07-20,4.623982906341553,4.639878978239316,4.539204080807553,4.539204080807553,10851600
2011-07-21,4.73702335357666,4.770581779276295,4.627517408276538,4.636348413359007,8186000
2011-07-22,4.781177997589111,4.834165027033924,4.737022308159022,4.742321112167856,9915000
2011-07-25,4.680503845214844,4.72642581015968,4.631049343686274,4.72642581015968,15054
2011-07-26,4.581594467163086,4.6769705819359775,4.560399587835122,4.659308238642871,14331400
2011-07-27,4.4756178855896,4.5762927401110725,4.4190986926569105,4.505643748945211,15844600
2011-07-28,4.548037528991699,4.551570066176406,4.454427314884703,4.470323395334595,14389800
2011-07-29,4.645176410675049,4.657540281418611,4.468553728339404,4.468553728339404,17362
2011-08-01,4.666370868682861,4.761746933543049,4.5550987368658085,4.6999292696896875,9869200
2011-08-02,4.512710094451904,4.6381123934161765,4.463255951379586,4.611619054358708,13927000
2011-08-03,4.45972204208374,4.530371036760356,4.4067353802965235,4.503877705866747,11116600
2011-08-04,4.238945007324219,4.424398716642221,4.117075244036945,4.3873081095310535,15354400
2011-08-05,4.237180709838867,4.327258373550775,4.11707715822299,4.237180709838867,14843400
2011-08-08,3.9969723224639893,4.102946030247419,3.726739755029544,4.062322882276129,24106200
2011-08-09,4.281332969665527,4.281332969665527,4.026996260877991,4.150632249882188,32561000
2011-08-10,4.203622341156006,4.320193357655071,4.138272096360504,4.235414497815977,15088600
2011-08-11,4.28663444519043,4.355517213453232,4.219517608063596,4.253076026627013,13823600
2011-08-12,4.309595584869385,4.397906971185893,4.244245347648643,4.329024197661002,12957400
2011-08-15,4.373178482055664,4.412035358240448,4.336087536572879,4.344918874488349,8012600
2011-08-16,4.4138007164001465,4.4138007164001465,4.258372906804397,4.291930973325566,11930600
2011-08-17,4.569233417510986,4.5921942404856155,4.417337654062119,4.417337654062119,16659000
2011-08-18,4.450893878936768,4.470322154296455,4.306062926502948,4.45265981015758,17260800
2011-08-19,4.467290878295898,4.486884368117485,4.378230055092439,4.390698515982511,11897200
2011-08-22,4.447698593139648,4.581289864128218,4.403168169476792,4.551009162447869,12022600
2011-08-23,4.5670390129089355,4.5670390129089355,4.326575056378275,4.479759444879125,12493800
2011-08-24,4.583073616027832,4.666791075508135,4.4797629904962655,4.542105685500221,10999400
2011-08-25,4.558134078979492,4.705975068242338,4.4904476464552046,4.558134078979492,10082800
2011-08-26,4.529634952545166,4.629383010897449,4.4566050816411495,4.542103417371678,7571000
2011-08-29,4.631165504455566,4.672133425457314,4.577729115300267,4.5901975834538185,7603200
2011-08-30,4.666790962219238,4.700633857186394,4.579510987488255,4.604448268728685,6942400
2011-08-31,4.759414196014404,4.759414196014404,4.677478334148623,4.700634017798408,13115600
2011-09-01,5.0497517585754395,5.142375151546132,4.862723714337664,4.862723714337664,25070200
2011-09-02,4.919724941253662,4.976723870724512,4.839569984347518,4.969598834670446,16099400
2011-09-05,4.752285003662109,4.800377923892072,4.745159975595431,4.793252895825394,7128800
2011-09-06,4.830661773681641,4.876973127449554,4.652540032376481,4.668570676532907,10522400
2011-09-08,4.937532901763916,4.9856258374321065,4.880534017893533,4.896564996449596,10445200
2011-09-09,4.739820957183838,4.8858807711358985,4.72022745149844,4.880536995110694,11351400
2011-09-12,4.648979187011719,4.7006343338918715,4.5474498123331575,4.6293856797087045,9667800
2011-09-13,4.629383087158203,4.716662682121748,4.565259164433888,4.689944494233347,9493600
2011-09-14,4.6382904052734375,4.693508051124712,4.559916742305642,4.652540131291195,9892800
2011-09-15,4.666790962219238,4.764757809318432,4.638291503436188,4.693509162360805,7714800
2011-09-16,4.739820957183838,4.75407068684403,4.654322239482329,4.654322239482329,10061800
2011-09-19,4.659664154052734,4.691726117915059,4.6044465161455195,4.6489769460120325,9119800
2011-09-20,4.577730655670166,4.682822550813081,4.558137147841368,4.682822550813081,11303200
2011-09-21,4.470855236053467,4.622258765869622,4.4530429961209395,4.600884010002546,17345000
2011-09-22,4.349850654602051,4.3840731788463625,4.2273703308206425,4.322833016955658,15821800
2011-09-23,4.304819583892822,4.394878572440989,4.250784328183033,4.3246326713087075,9948400
2011-09-26,4.353454113006592,4.380471756952755,4.214763105588845,4.358857779215017,12736600
2011-09-27,4.445313453674316,4.547980685467704,4.418295815341516,4.430904023660295,10257200
2011-09-28,4.430902004241943,4.567791698760545,4.430902004241943,4.450714746763965,11251200
2011-09-29,4.483135223388672,4.535369588639654,4.421895098945028,4.468725802551797,7735800
2011-09-30,4.474130630493164,4.474130630493164,4.2741995636601136,4.3966798444750355,12629000
2011-10-03,4.3102240562438965,4.430903137301108,4.3084228349089715,4.40748760349493,13425800
2011-10-04,4.243580341339111,4.295814730642946,4.104889730750417,4.286808623755467,20396600
2011-10-05,4.250783920288086,4.286807306121969,4.151718836262482,4.220163853378026,13401400
2011-10-06,4.268796443939209,4.331837464766879,4.256187896225877,4.319229260601346,11053600
2011-10-07,4.142714500427246,4.344446835956937,4.142714500427246,4.313826758516212,10720000
2011-10-10,4.353454113006592,4.384074201091705,4.187745461642682,4.187745461642682,15440800
2011-10-11,4.205756664276123,4.3480497494640735,4.187744790018073,4.306622679154106,27467800
2011-10-13,4.241778373718262,4.3138258419516085,4.1517193819743685,4.247182036900099,31133200
2011-10-14,4.26699686050415,4.2832075130951175,4.205756693726705,4.259791973331308,16540800
2011-10-17,4.223768711090088,4.24358146439023,4.1697330861083906,4.239979364229804,10293600
2011-10-18,4.322832107543945,4.333639091619412,4.167930513754982,4.205755473340862,10293600
2011-10-19,4.3390421867370605,4.3678610361930685,4.303018453143158,4.335439744668113,13026800
2011-10-20,4.286807060241699,4.387673359305726,4.2760000794661694,4.32463200827764,12092800
2011-10-21,4.375067234039307,4.375067234039307,4.313827074669664,4.331838603327181,10681000
2011-10-24,4.481335163116455,4.517358896309502,4.393077394696048,4.394878615710479,12043400
2011-10-25,4.481335163116455,4.481335163116455,4.481335163116455,4.481335163116455,0
2011-10-26,4.481335163116455,4.481335163116455,4.481335163116455,4.481335163116455,0
2011-10-27,4.481335163116455,4.481335163116455,4.481335163116455,4.481335163116455,0
2011-10-28,4.701080322265625,4.7371037196124375,4.596611885928516,4.629033184024145,25942000
2011-10-31,4.6650543212890625,4.728095665539121,4.580399017811815,4.618223618233238,15015200
2011-11-01,4.647045612335205,4.665057486276395,4.466927560019144,4.510156194897169,16352000
2011-11-03,4.546177387237549,4.683067081618275,4.520960982117963,4.665055216440962,24299200
2011-11-04,4.5569844245910645,4.565990529063613,4.477732766519186,4.538972902741484,8932800
2011-11-07,4.589406967163086,4.602015173320745,4.542576241757604,4.556985669301763,8912800
2011-11-08,4.576799392700195,4.62002768129909,4.529968660831085,4.598413708773593,7509200
2011-11-09,4.452516078948975,4.538972965338987,4.380468959913768,4.5029492340475015,15180600
2011-11-10,4.452516078948975,4.452516078948975,4.452516078948975,4.452516078948975,0
2011-11-11,4.4074883460998535,4.4795358374445415,4.402085024732532,4.468728507614099,11793400
2011-11-14,4.5569844245910645,4.609218799888571,4.429100833010699,4.430902053905209,17254800
2011-11-16,4.565992832183838,4.63443754296043,4.535372748627695,4.555185844913415,12478000
2011-11-17,4.46512508392334,4.5749968229047235,4.412890702541336,4.537172210357312,12116400
2011-11-18,4.391964435577393,4.518690323858287,4.353946427382279,4.5023972864046184,9543200
2011-11-21,4.3792924880981445,4.3792924880981445,4.261618309352733,4.341274474635047,8214800
2011-11-22,4.308687210083008,4.426361720623655,4.2869629294271325,4.401016266123514,9007400
2011-11-23,4.2000651359558105,4.288773363870496,4.174719681336459,4.2561865974322,11062200
2011-11-24,4.21455192565918,4.258000871865786,4.165671731688674,4.236276226111718,4778200
2011-11-25,4.192824363708496,4.230842381010411,4.17110007836565,4.191013949046377,5519800
2011-11-28,4.272481918334961,4.3159308448575215,4.263429842829402,4.263429842829402,8485800
2011-11-29,4.201876640319824,4.299636973030204,4.183773181937607,4.2634293656631,10590000
2011-11-30,4.381103038787842,4.391965180700184,4.257997612777086,4.265238925618226,22339200
2011-12-01,4.56575870513916,4.589293737834828,4.435412027020823,4.435412027020823,15459600
2011-12-02,4.504207611083984,4.630933851861692,4.460758703037657,4.59834708450164,14384000
2011-12-05,4.375673770904541,4.507830983964244,4.363001208734627,4.457140735284589,25702800
2011-12-06,4.419119834899902,4.435413217199424,4.344894580113722,4.373860516357051,12809000
2011-12-07,4.3068766593933105,4.408257430150902,4.283341621797063,4.399205359805739,18319800
2011-12-08,4.286963939666748,4.391965575050758,4.219979977040138,4.334033685914932,17002200
2011-12-09,4.381103038787842,4.381103038787842,4.257997612777086,4.292394453049712,14733600
2011-12-12,4.381103038787842,4.381103038787842,4.381103038787842,4.381103038787842,0
2011-12-13,4.272481918334961,4.353948526076747,4.24713645222077,4.29963745424889,11561000
2011-12-14,4.218167304992676,4.308685919651756,4.187390962196544,4.265237026051531,17509800
2011-12-15,4.172910690307617,4.267050193170507,4.138513843158793,4.24894638949667,9994000
2011-12-16,4.109546661376953,4.212737862439601,4.109546661376953,4.212737862439601,10763400
2011-12-19,4.069718360900879,4.1692890816081025,4.069718360900879,4.131271069614074,9366200
2011-12-20,4.14756441116333,4.154806068725973,4.080580805215072,4.109546744863168,10210000
2011-12-21,4.239894866943359,4.261619501470991,4.127651554936409,4.138514044850901,12705000
2011-12-22,4.364572048187256,4.390224333269174,4.250968771836325,4.250968771836325,11757200
2011-12-23,4.384728908538818,4.397555054864369,4.3334239737503415,4.388393621627912,6871600
2011-12-26,4.377399444580078,4.390225590794929,4.348082439092915,4.360908585307764,3757600
2011-12-27,4.406717300415039,4.423208162869533,4.355412705655582,4.370071211227762,6687200
2011-12-28,4.300439834594727,4.414043430015556,4.27845226740752,4.382894085261948,7416400
2011-12-29,4.342583656311035,4.351745085116838,4.305937242115609,4.342583656311035,8347400
2012-01-02,4.450691223144531,4.450691223144531,4.333422880288063,4.3792307338841026,7081000
2012-01-03,4.430534839630127,4.480007396277778,4.406714564435573,4.443360980356675,12579800
2012-01-04,4.4085493087768555,4.434201953614939,4.362741438799372,4.388394083637455,10476000
2012-01-05,4.362739086151123,4.410379287175635,4.313266878863393,4.377397582659732,10574600
2012-01-06,4.252800464630127,4.410379574477318,4.238141967166631,4.3792302236816205,15820000
2012-01-09,4.287614822387695,4.302273320860505,4.2161546860185215,4.302273320860505,11445400
2012-01-10,4.377399444580078,4.381064157637542,4.307771643919632,4.338921005935528,10543400
2012-01-11,4.443360328674316,4.467180250889214,4.3572417182222125,4.375564574009331,13968200
2012-01-12,4.481839179992676,4.507491809658127,4.415876123890629,4.4543545441596475,13578200
2012-01-13,4.525815963745117,4.529480326333152,4.421373766547096,4.4708463310904465,15823200
2012-01-16,4.525815963745117,4.5423068185929,4.472678687127553,4.512989471485368,8599400
2012-01-17,4.525815963745117,4.525815963745117,4.525815963745117,4.525815963745117,0
2012-01-18,4.7182111740112305,4.727372609311856,4.549638178280695,4.553302892195488,19486800
2012-01-19,4.727369785308838,4.743860638587858,4.611934161841848,4.681561937197372,21512600
2012-01-20,4.782341957092285,4.811658967522313,4.690726212126863,4.701720003666541,15586000
2012-01-23,4.782341957092285,4.782341957092285,4.65591213118383,4.762186381364266,12778800
2012-01-24,4.764016628265381,4.793333625711196,4.676065635927933,4.742028705437931,12036800
2012-01-26,4.870291233062744,4.901440589103786,4.8006634457578174,4.8116572333351835,16906600
2012-01-27,4.956410884857178,4.982063527071663,4.864795154272119,4.912435376114702,16776200
2012-01-30,5.015042304992676,5.015042304992676,4.87761878970535,4.901438711914615,21210800
2012-01-31,4.982061386108398,5.037030661042734,4.919762688123551,5.020539808665208,20733000
2012-02-01,5.035198211669922,5.0755093387260555,4.989390366914222,5.022372071056105,21883800
2012-02-02,5.020540237426758,5.068180442865251,4.9344216061453405,5.002217027721774,15861200
2012-02-03,5.0022172927856445,5.062683643375847,4.925260087535734,4.95640944083894,12781600
2012-02-06,4.974732398986816,4.998552676502193,4.921595475158794,4.967403324780195,10816600
2012-02-07,4.993058204650879,5.007716710171318,4.927094755065734,4.928927111941581,8144600
2012-02-08,5.020540237426758,5.068180442865251,4.972900031988265,5.002217027721774,12510800
2012-02-09,4.908768653869629,5.0461921837161094,4.894109808512673,4.985725495076993,11988600
2012-02-10,4.778672218322754,4.837306177525272,4.732864394010041,4.828144752457115,14674200
2012-02-13,4.835476875305176,4.857464798630325,4.758519667896433,4.846471011710843,18877600
2012-02-14,5.033365726470947,5.035198082152378,4.9197624701111895,4.938085677439377,21423600
2012-02-15,5.130480766296387,5.203773278774795,5.086505258809341,5.093834335314048,30360000
2012-02-16,5.269737243652344,5.308215685508096,5.040697900740574,5.040697900740574,22360000
2012-02-17,5.159407615661621,5.343672173363823,5.131768002297642,5.334459086061413,15335600
2012-02-23,5.11334228515625,5.155723055782686,5.078331915246373,5.105971532982883,10540000
2012-02-24,5.039638042449951,5.124399609296993,4.986201127427927,5.113343829155403,16430400
2012-02-27,4.976988315582275,5.02673985620073,4.932764841073739,4.9751456268789696,10692600
2012-02-28,5.080175399780273,5.094916554981377,4.976987313372544,4.976987313372544,13457400
2012-02-29,5.094916343688965,5.175992869661126,5.078332500843367,5.109657498278735,12007200
2012-03-01,5.172305583953857,5.209158632553552,5.104127900938157,5.118869050086691,11207400
2012-03-02,5.2699666023254395,5.282865065576357,5.190732783547789,5.196260846993938,8183400
2012-03-05,5.279178619384766,5.284706681709883,5.201787504116586,5.214685964751834,8122000
2012-03-06,5.1870503425598145,5.21468997251452,5.131771082650402,5.190735720275632,9002400
2012-03-07,5.2607526779174805,5.297605727911733,5.1888896170310925,5.233113066150157,10913400
2012-03-08,5.275493621826172,5.37499664205499,5.262595160268374,5.316032045529788,12696200
2012-03-09,5.293923854827881,5.380528474170831,5.293923854827881,5.306822325421861,9636000
2012-03-12,5.316036701202393,5.325249795681819,5.203635120976847,5.253386674662615,8437800
2012-03-13,5.45607328414917,5.45607328414917,5.316032187922384,5.3436717993518235,13184000
2012-03-14,5.343674182891846,5.489243406918204,5.279181493151775,5.422908028733344,12674600
2012-03-15,5.2699666023254395,5.317875431155106,5.2294281733005405,5.286550441207123,11089600
2012-03-16,5.321559906005859,5.371311417515261,5.299448357417278,5.303133732667617,9298000
2012-03-19,5.2957634925842285,5.330773857923375,5.244169288476895,5.3160327069579605,6885000
2012-03-20,5.28102445602417,5.28102445602417,5.214689074392202,5.242329051043456,5821000
2012-03-21,5.1870503425598145,5.306822306668184,5.179679938585142,5.24232995392619,11058400
2012-03-22,5.019369125366211,5.174151462613987,4.980673716782734,5.166781059222488,11058400
2012-03-23,4.978999137878418,5.073996921021216,4.954784183876677,5.06095807230628,11815200
2012-03-26,5.103799343109131,5.126151905626605,5.019978033052942,5.0274286503708145,10639800
2012-03-27,5.08889627456665,5.155953587353036,5.068406461152627,5.1131115731981005,6882200
2012-03-28,5.016252517700195,5.094485953135354,4.965959518788609,5.038604724806283,11262600
2012-03-29,4.91007661819458,4.980859051844485,4.865371867160675,4.980859051844485,16048800
2012-03-30,4.833705425262451,4.982721245636068,4.775961483996152,4.938016499523982,19707800
2012-04-02,4.81508207321167,4.856061366605083,4.749887468276955,4.852335879401496,12235200
2012-04-03,4.790865898132324,4.893314646072824,4.753612098657374,4.824394566357144,7441800
2012-04-04,4.507737159729004,4.7927302231316515,4.459306884674485,4.759201543841442,33602600
2012-04-05,4.494694709777832,4.5803790900654775,4.358717702121541,4.563614762515326,32912000
2012-04-09,4.4853835105896,4.51704943838959,4.362445286255988,4.436953247173028,8916800
2012-04-10,4.51332426071167,4.5710682452499025,4.433228064008063,4.494697180385853,18820000
2012-04-11,4.580380439758301,4.619496978713852,4.533812928459645,4.580380439758301,14172200
2012-04-12,4.690281391143799,4.690281391143799,4.584107486092568,4.600871824288241,9073600
2012-04-13,4.56361722946167,4.647438912523767,4.526363069149181,4.647438912523767,13468400
2012-04-16,4.453718185424805,4.615773333218877,4.444404822280721,4.606459614792764,11233200
2012-04-17,4.354992866516113,4.446265488026073,4.34940499335394,4.433226288323318,22414200
2012-04-18,4.425778388977051,4.427641132935119,4.286075789660662,4.3587210276149175,21583600
2012-04-19,4.438812732696533,4.485380218501273,4.368030310597286,4.422048409384289,7062800
2012-04-20,4.489107608795166,4.535675114373369,4.457441690790713,4.457441690790713,6923800
2012-04-23,4.429503440856934,4.4611693744627665,4.377347681011431,4.397837507251102,9479400
2012-04-24,4.395974636077881,4.46489437733426,4.362445959669032,4.442542163249719,8148800
2012-04-25,4.291661262512207,4.414599442453581,4.248818889583298,4.37361981228522,13920800
2012-04-26,4.330779552459717,4.3494066323439,4.2283311460197055,4.259997075238218,9009000
2012-04-27,4.384797096252441,4.384797096252441,4.306563661956153,4.3456802014633364,6683800
2012-04-30,4.392247200012207,4.412737016567743,4.325189876944548,4.36803225294993,5343200
2012-05-02,4.273036003112793,4.412738571888965,4.241370073312248,4.390386004560695,5343200
2012-05-03,4.209702968597412,4.328915680324293,4.157547229575949,4.302837988454515,20059600
2012-05-04,4.220881462097168,4.330780876195228,4.1612750724742416,4.191078267285705,20898800
2012-05-07,4.259997367858887,4.302839405837943,4.219017718242378,4.246958162346892,11363000
2012-05-08,4.269309997558594,4.297250436864422,4.176174963017859,4.235781328278815,13999000
2012-05-09,4.163136005401611,4.246957321111874,4.127744593729126,4.23391847346463,16131800
2012-05-10,4.159411430358887,4.284212414917773,4.144509836170454,4.2208805507964255,9046800
2012-05-11,4.158160209655762,4.236616076113118,4.120800137517191,4.128272294461727,9587200
2012-05-14,3.978832244873047,4.103988019667039,3.971360444440891,4.075968144535378,14150400
2012-05-15,3.833127975463867,3.9732276790440495,3.810711866122571,3.969491601438505,20305600
2012-05-16,3.8107128143310547,3.920924637074507,3.7546730614715624,3.8723566849933193,16097200
2012-05-17,3.6239142417907715,3.84246991306656,3.595894357020474,3.8107139486489783,20406200
2012-05-18,3.7640135288238525,3.7920334099233615,3.6220457274552733,3.6762178063674935,16644800
2012-05-21,3.9919095039367676,4.036741386465772,3.7939015774018325,3.8237894990878356,13268200
2012-05-22,3.999380350112915,4.126404165057946,3.9788322752565,4.008720189797443,16958000
2012-05-23,3.831259250640869,3.9844348421210674,3.6836874182736152,3.978830726716216,27432800
2012-05-24,3.8518104553222656,3.9508140807498404,3.735994469984189,3.8854341062666777,19157200
2012-05-25,3.885432720184326,3.9377367523704483,3.810712928698487,3.810712928698487,10103400
2012-05-28,3.8499414920806885,3.950813133308368,3.8293934134098913,3.943341331432149,5898400
2012-05-29,3.8013758659362793,3.9265317417326475,3.7864318967199515,3.8499438549624267,11153000
2012-05-30,3.721050977706909,3.7621467938172115,3.6818228455310478,3.734126903001449,16288400
2012-05-31,3.7359941005706787,3.7546741423319645,3.6369901286403774,3.7546741423319645,14348000
2012-06-01,3.7266528606414795,3.769616691179948,3.6257808867246983,3.633253043144621,10767000
2012-06-04,3.6014983654022217,3.7229180998563987,3.6014983654022217,3.7005019789562925,12168000
2012-06-05,3.5118324756622314,3.6706122131680825,3.5118324756622314,3.6369882268383757,11635800
2012-06-06,3.586554765701294,3.59963068909157,3.5249108723669993,3.5585345226739133,17779400
2012-06-08,3.590290069580078,3.597762228525066,3.521174380799689,3.597762228525066,8730600
2012-06-11,3.6239142417907715,3.715446055396233,3.5641383926028922,3.663142365502921,11711400
2012-06-12,3.6239142417907715,3.659406285855637,3.551062470129564,3.6388582040877417,9489800
2012-06-13,3.6145737171173096,3.6799536734429443,3.5790816797476057,3.6014977971106026,21856400
2012-06-14,3.5491933822631836,3.6201770931399406,3.5491933822631836,3.618309410159973,17866400
2012-06-15,3.584686517715454,3.5921583208082026,3.5137024287274103,3.571610595084017,18391200
2012-06-18,3.7247848510742188,3.7247848510742183,3.5585329323328447,3.580949045478344,10513400
2012-06-19,3.8779613971710205,3.905981277895372,3.7472014787345618,3.7528055973962777,17355000
2012-06-20,3.8630166053771973,3.8929045192209943,3.7976366602343767,3.8854323626140266,11219200
2012-06-21,3.8275246620178223,3.879828690592203,3.8069765871685934,3.866752772521619,8082400
2012-06-22,3.7684285640716553,3.865103589792697,3.764637663075402,3.848043269868119,9638200
2012-06-25,3.620572805404663,3.726725621998278,3.5656005851255785,3.724829990793342,6525800
2012-06-26,3.535270929336548,3.6452149996440957,3.5276887666711936,3.6300503127587325,12780000
2012-06-27,3.5637054443359375,3.620573303645764,3.4878819934775684,3.544749852787395,11605000
2012-06-28,3.556121826171875,3.590242455497227,3.5125234049470744,3.5163143047741023,7576000
2012-06-29,3.7020812034606934,3.705872102333452,3.6167796516199773,3.667960582724407,12542400
2012-07-02,3.7248294353485107,3.7248294353485107,3.6262587967187634,3.7096647495250594,6622800
2012-07-03,3.7816989421844482,3.8158192291331257,3.7248310741604094,3.7343092329418104,8163200
2012-07-04,3.7816989421844482,3.802550168393953,3.7248310741604094,3.7665342496889958,5482000
2012-07-05,3.7722206115722656,3.804445626851549,3.743786859632844,3.800654363511687,12115600
2012-07-06,3.685023307800293,3.74189080525502,3.662276091885563,3.7248304837076556,7627400
2012-07-10,3.578869581222534,3.703978707740674,3.55233146791352,3.703978707740674,10214400
2012-07-11,3.5182113647460938,3.6016173412525303,3.512524831918092,3.6016173412525303,9060600
2012-07-12,3.52958345413208,3.552330297601687,3.4120568910239175,3.487880305180204,10539800
2012-07-13,3.5637054443359375,3.582661397439213,3.4499704488257503,3.582661397439213,10729600
2012-07-16,3.476508617401123,3.64900710622559,3.465135189993669,3.6300511528433406,19584200
2012-07-17,3.4499683380126953,3.531478271843064,3.429116766201351,3.5068358009742573,15636800
2012-07-18,3.690708637237549,3.690708637237549,3.417744304590667,3.417744304590667,15685800
2012-07-19,3.7722206115722656,3.804445626851549,3.698292784218815,3.698292784218815,18708400
2012-07-20,3.7760112285614014,3.8423568794333236,3.7058743149985784,3.71535247172583,16197600
2012-07-23,3.705873489379883,3.722933806133417,3.6091988431826945,3.6869179032578487,10191600
2012-07-24,3.734309196472168,3.758951685953572,3.6945016530886265,3.724831037783332,9855000
2012-07-25,3.649007797241211,3.785490036640632,3.6376343676799605,3.7816991344900868,12665800
2012-07-26,3.9030144214630127,3.9617775286632266,3.6850219463519096,3.6850219463519096,28239200
2012-07-27,4.100157260894775,4.1816676141938816,3.939032547504192,3.969361930840403,23246000
2012-07-30,4.170293807983398,4.170293807983398,4.041393759706063,4.084992199107298,10848400
2012-07-31,4.132381439208984,4.198727087407116,4.090678635953868,4.18166676754032,13700600
2012-08-01,4.208207130432129,4.244223056027223,4.011065728721716,4.105845165339063,13634200
2012-08-02,4.187353610992432,4.274550478992187,4.155128602915415,4.160815496654191,14403600
2012-08-03,4.382599353790283,4.443258108325009,4.268864008260325,4.302984648074782,17023200
2012-08-06,4.517185688018799,4.549410694903217,4.321940015536185,4.359851915948917,13806000
2012-08-07,4.464108943939209,4.572157747877816,4.359851763775148,4.513394268133662,15392400
2012-08-08,4.526664733886719,4.539934155788208,4.365540016471194,4.422407521258465,16804000
2012-08-09,4.433779716491699,4.52666347463454,4.40534597200792,4.4830650423224325,9701600
2012-08-10,4.583529949188232,4.604381524275576,4.3807021747899295,4.405344649530326,9701600
2012-08-13,4.441361427307129,4.577843592751824,4.433778904005118,4.566470169353419,16115400
2012-08-14,4.259384632110596,4.301087785076494,4.248011209281074,4.4887508887592595,22945800
2012-08-15,4.3882856369018555,4.411032849338204,4.17029311458667,4.229056234511445,22071200
2012-08-16,4.464108943939209,4.4849605245938875,4.348478338670171,4.435675200399435,13126200
2012-08-17,4.475483417510986,4.52097748646814,4.41292902750056,4.4679008919074334,9091400
2012-08-20,4.429987907409668,4.492542277070182,4.403449437985333,4.473586330782687,7339200
2012-08-21,4.416718482971191,4.507706952655893,4.3750156904668795,4.507706952655893,15207000
2012-08-22,4.4689483642578125,4.5089686215932785,4.392718679540605,4.421304993054595,10950200
2012-08-23,4.404154300689697,4.46132621307433,4.34698202481491,4.4346460357601885,9137200
2012-08-24,4.387003421783447,4.421306720611659,4.2840935252988155,4.364134434734567,9975000
2012-08-27,4.486103057861328,4.5185002233615785,4.3298323887071755,4.40796754153909,11693200
2012-08-28,4.585198402404785,4.6214074699257655,4.468948812190238,4.468948812190238,17170400
2012-08-29,4.508968353271484,4.6499926800220575,4.495628268286844,4.575669141684743,14432800
2012-08-30,4.457517147064209,4.505160555180724,4.423213835061861,4.478480362952389,8607000
2012-08-31,4.417494773864746,4.524215855900934,4.388908815184184,4.516593103214871,13916000
2012-09-03,4.478478908538818,4.484196246512588,4.423212398596428,4.425118177921019,5118000
2012-09-04,4.457517147064209,4.51850065129489,4.409873738947694,4.446082830893546,7100600
2012-09-05,4.613786697387695,4.646184224038695,4.388910153946377,4.488008150034469,13291200
2012-09-06,4.73003625869751,4.76052800281317,4.630937908576483,4.648089560077825,11709200
2012-09-10,4.73003625869751,4.73003625869751,4.73003625869751,4.73003625869751,12039200
2012-09-11,4.811981678009033,4.8310391038873,4.716694912107864,4.783395720936715,11033800
2012-09-12,4.917192459106445,4.949960906213462,4.843945169031038,4.843945169031038,13659400
2012-09-13,5.019351482391357,5.057902347099191,4.926828598258599,4.955741838702424,14018000
2012-09-14,5.108017444610596,5.202467534373871,4.9634509131593525,5.065611394406177,15048400
2012-09-17,5.077178478240967,5.156208181707325,5.040554840549878,5.111874517353385,11161800
2012-09-18,5.0000762939453125,5.106091640525734,4.951887433199333,5.106091640525734,11210600
2012-09-19,5.09838342666626,5.138861907611736,5.002005670908122,5.021280927938181,12794000
2012-09-20,5.146570682525635,5.146570682525635,5.017424515806022,5.017424515806022,9632800
2012-09-21,5.135005950927734,5.198615245629698,5.111875498846242,5.156209171712358,9547200
2012-09-24,5.0926008224487305,5.135006904238734,5.04055674412556,5.0983836203686295,16573600
2012-09-25,4.9345383644104,5.086814940801616,4.859363507632083,5.036698492166655,22053800
2012-09-26,4.965379238128662,4.98272725385528,4.820812685508016,4.869001536381565,10930200
2012-09-27,4.973090648651123,5.0444103295812495,4.924901784351589,5.02320711164086,15005600
2012-09-28,4.780335426330566,4.857437907119669,4.629986397625943,4.660827242880834,42927400
2012-10-01,4.818885326385498,4.849726163062224,4.726362816355323,4.762986080126575,14663600
2012-10-02,4.838162899017334,4.894061800244359,4.732147158345789,4.820814875410208,10523400
2012-10-03,4.786118030548096,4.845872119874152,4.69166789979018,4.845872119874152,12709000
2012-10-04,4.726363182067871,4.809248074919383,4.691667146208931,4.759131619528892,16010600
2012-10-05,4.529754161834717,4.805394580294075,4.496985712766431,4.720582059002289,33629600
2012-10-08,4.39482307434082,4.556737643488806,4.331213805579237,4.525896808189358,29312800
2012-10-09,4.389040946960449,4.452650220061972,4.342779690854958,4.398678570779675,25420000
2012-10-10,4.325433254241943,4.452651846926831,4.308085230907467,4.410245404263924,12711600
2012-10-11,4.454577922821045,4.4699983418845015,4.348562220064464,4.377475459851971,12769800
2012-10-15,4.452651500701904,4.508550396703864,4.437231077564962,4.469999522687451,9920800
2012-10-16,4.39482307434082,4.508548792376947,4.381330254853781,4.491200776564538,17549400
2012-10-17,4.441085338592529,4.466143383035609,4.385186086728397,4.433374944824314,16588800
2012-10-18,4.41409969329834,4.4892745681515125,4.394824074934658,4.421810087704548,11784200
2012-10-19,4.37554931640625,4.443013436790071,4.3639837234959815,4.394824569286266,18886800
2012-10-22,4.37554931640625,4.414100189818165,4.342780871797587,4.394824569286266,9120200
2012-10-23,4.240619659423828,4.329286984920723,4.240619659423828,4.327359754063681,11199600
2012-10-24,4.198215007781982,4.296520358900579,4.148098532643956,4.252186313582975,9029800
2012-10-25,4.279171943664551,4.348563668741311,4.225200275136481,4.232910303410826,10842800
2012-10-26,4.198215007781982,4.254113912740431,4.198215007781982,4.240621086290183,8810800
2012-10-29,4.219415664672852,4.240618876704938,4.16544438699373,4.192430025833291,4845000
2012-10-30,4.223270893096924,4.257966924812653,4.219415696761452,4.240618908954788,4097600
2012-10-31,4.1770100593566895,4.248329728115668,4.161589640118504,4.24640212975442,6163800
2012-11-01,4.45072078704834,4.456503579547105,4.184718214531206,4.184718214531206,10395000
2012-11-05,4.325433254241943,4.4256658285999135,4.310012829905954,4.375549725246887,9724600
2012-11-06,4.433375358581543,4.439158154447401,4.317722014827308,4.354345653340715,6886600
2012-11-07,4.327360153198242,4.412172289500063,4.310012132670175,4.408317459778604,9950000
2012-11-08,4.1346049308776855,4.296519553222526,4.128822134489699,4.279171531710445,21901600
2012-11-09,4.0382256507873535,4.2020674415427015,4.02858766049768,4.144240970411606,16502600
2012-11-12,4.0035319328308105,4.115330111185142,4.0035319328308105,4.0632860365240004,7245800
2012-11-13,4.084488868713379,4.11147451921993,3.95148747986325,4.018951973781542,17576400
2012-11-14,4.078705310821533,4.115328949427774,4.034371645359784,4.0613572908318325,11731200
2012-11-16,4.030518054962158,4.134606216397436,4.02859045556684,4.07677933749384,8653800
2012-11-19,4.057045936584473,4.140356870030062,4.055108430046018,4.103544984882609,10964800
2012-11-21,4.068675518035889,4.103549938745778,4.008614221003318,4.058988343190712,14525600
2012-11-22,4.051233768463135,4.117107518319577,4.049296261756578,4.0686709592805235,3406800
2012-11-23,4.165543556213379,4.165543556213379,4.02217140373986,4.051233261619081,7638200
2012-11-26,4.2391676902771,4.3321661689980395,4.1287323894339725,4.165544279562227,16891400
2012-11-27,4.243043899536133,4.339917049614773,4.2236691956120564,4.293417981922035,11220000
2012-11-28,4.243043899536133,4.262418603460209,4.151983271497237,4.200419846536557,14864400
2012-11-29,4.318603992462158,4.359290526664374,4.256604883445735,4.28954175998442,9406400
2012-11-30,4.244980335235596,4.320541254968192,4.146169702755159,4.297291911762,17606600
2012-12-03,4.274042129516602,4.320541184714541,4.2101058824267295,4.262417458102527,8833400
2012-12-04,4.2721052169799805,4.339916487154933,4.258543036853329,4.258543036853329,11918200
2012-12-05,4.349606513977051,4.355418669050847,4.2721076639353255,4.320544260440451,10817200
2012-12-06,4.332164287567139,4.359288631912433,4.274040217416754,4.359288631912433,8078000
2012-12-07,4.425165176391602,4.425165176391602,4.324417019560142,4.341854214763345,13509800
2012-12-10,4.456165313720703,4.4736025119029525,4.386416520991707,4.398041566141056,8085800
2012-12-11,4.456165313720703,4.518164076350133,4.42710343993088,4.460040328770487,11341600
2012-12-12,4.494914531707764,4.512351729139647,4.456165121960965,4.456165121960965,14585000
2012-12-13,4.4276323318481445,4.555201453959087,4.42566968389729,4.494360864829896,12714000
2012-12-14,4.392302989959717,4.4727700141266045,4.34323794131508,4.451181272935249,8875600
2012-12-17,4.372676372528076,4.415853471712556,4.36875107960134,4.39230208848868,6818600
2012-12-18,4.510060787200928,4.529686888513194,4.388379632871025,4.402117791488587,10517600
2012-12-19,4.749499320983887,4.759312186065793,4.517912111417517,4.535575568034397,18168000
2012-12-20,4.906504154205322,4.906504154205322,4.694543189717115,4.71024398803711,15609400
2012-12-21,4.945758819580078,4.945758819580078,4.7514608281341,4.7887503832369065,14784800
2012-12-26,4.906504154205322,4.939868397427381,4.792673272801221,4.908466800787392,8830200
2012-12-27,4.918281555175781,4.941832948902239,4.8280020236205505,4.87706708407536,7916400
2012-12-28,5.024261951446533,5.061551499876041,4.888842288240089,4.916318600589894,9259200
2013-01-02,5.063513278961182,5.1400550155717815,4.996784777473297,5.102765470778753,17088800
2013-01-03,5.1636061668396,5.214633867808269,5.00267284996584,5.014448358085794,13297000
2013-01-04,5.100803852081299,5.163607072181288,5.077252831712163,5.142018699232366,12886000
2013-01-07,5.132205963134766,5.155757360139697,5.067440089292148,5.1086549404665895,19341400
2013-01-08,5.191086292266846,5.267627707283858,5.100806338611099,5.102768986988061,28035600
2013-01-09,5.240149021148682,5.255849826763719,5.193046229966837,5.200896819942723,16440600
2013-01-10,5.161643028259277,5.259773126700226,5.098839825150929,5.2362221127029045,11562800
2013-01-11,5.098840713500977,5.163606574782428,5.047813008500942,5.14005555668191,11361400
2013-01-14,5.279398441314697,5.306875119367853,5.1243531033383425,5.132203315398842,19682800
2013-01-15,5.240149021148682,5.318653049223867,5.124355439361509,5.132205655000661,12137600
2013-01-16,5.271549224853516,5.271549224853516,5.181269335919603,5.191082570769286,7046600
2013-01-17,5.2617363929748535,5.328464897716575,5.226409493483746,5.249960884590038,15626000
2013-01-18,5.142019271850586,5.1969719083892745,5.024263033881343,5.151832135707706,16122800
2013-01-21,5.0890302658081055,5.161646376125019,5.034077240277226,5.147908213326514,9050600
2013-01-22,5.0890302658081055,5.116506591405114,5.004638266518022,5.0792170249971305,12305200
2013-01-23,5.004638671875,5.0713672174469515,4.959498883498942,5.030152351376326,10003400
2013-01-24,4.985010147094727,5.047813365587777,4.935945085854942,5.008561541197975,9968800
2013-01-28,4.84959077835083,5.000711266317303,4.74949837654107,5.000711266317303,26662000
2013-01-29,4.910430431365967,4.922205938881506,4.790711586225312,4.843701931550188,11189200
2013-01-30,4.867255210876465,4.9457596290654475,4.80248932790632,4.910432715747767,15659200
2013-01-31,4.788749694824219,4.8947304021957265,4.718096264246574,4.8947304021957265,15514800
2013-02-01,4.769123554229736,4.810338398178335,4.720058495546975,4.788749652570179,9214200
2013-02-04,4.680805683135986,4.749496825629893,4.643516141610161,4.749496825629893,8912000
2013-02-05,4.722023010253906,4.798564786618277,4.66510771432844,4.680808524342724,9849800
2013-02-06,4.696506500244141,4.7475341955820465,4.602301697006443,4.7475341955820465,14787400
2013-02-07,4.641552448272705,4.826037093118713,4.629776944148733,4.692580131925283,12399400
2013-02-08,4.674917697906494,4.729870686243832,4.6376281567369935,4.653328957071003,12066000
2013-02-13,4.682768821716309,4.806412591719624,4.645479276274786,4.710245131864457,9460600
2013-02-14,4.670992374420166,4.684730902169252,4.6140771139489445,4.6513666548803965,8166000
2013-02-15,4.788749694824219,4.816226382477958,4.641554517477142,4.670993478079219,19152800
2013-02-18,4.72594690322876,4.845665778004194,4.708283450414787,4.769124024364735,7487400
2013-02-19,4.814263343811035,4.833889066392458,4.737721603264165,4.741646897515115,12565000
2013-02-20,4.769123554229736,4.843702653056081,4.720058495546975,4.824076554715638,11786000
2013-02-21,4.963421821594238,4.981084899417674,4.847628246027355,4.945758369434089,32457400
2013-02-22,5.047811508178711,5.063512307024657,4.930055704002403,4.985008312794927,17213600
2013-02-25,4.986974716186523,5.07529201018573,4.957535742965739,5.024264281912505,11683200
2013-02-26,4.983048439025879,5.04388939595412,4.906507048851564,4.945759254977089,12029200
2013-02-27,5.132205963134766,5.132205963134766,4.9594970910000375,4.965384659498703,15994200
2013-02-28,5.169495582580566,5.200897196081666,5.096879117398799,5.10276706030654,13264600
2013-03-01,5.210709571838379,5.29510154059389,5.145943703266871,5.171457745807095,22505200
2013-03-04,5.256559371948242,5.278362339640233,5.163399896877763,5.212952680448789,11838200
2013-03-05,5.228809356689453,5.300165483289325,5.222863264844611,5.236737983226204,13331000
2013-03-06,5.284309387207031,5.3239517696188265,5.228810127442073,5.274398980632971,12901600
2013-03-07,5.308094501495361,5.37945025530265,5.2466487754748,5.30413018793447,10502200
2013-03-08,5.405218601226807,5.409182915290706,5.262506319388814,5.278363197586613,13029800
2013-03-11,5.331876754760742,5.421071871547609,5.345751466692578,5.3715191129010265,8357400
2013-03-12,5.322856903076172,5.430955339775827,5.290827708363821,5.404931762253836,13043200
2013-03-13,5.2688093185424805,5.320856873429997,5.216761763654963,5.320856873429997,11248800
2013-03-14,5.288828372955322,5.294833993026507,5.188736996012048,5.24478830455487,14960200
2013-03-15,5.274813175201416,5.324858840275779,5.2167600204424565,5.26480381309567,12377800
2013-03-18,5.1927361488342285,5.262800127074222,5.184728662490017,5.24478366461771,10637000
2013-03-19,5.278816223144531,5.310845414018241,5.174721161895938,5.244785160113955,14120400
2013-03-20,5.368897914886475,5.412938336532469,5.246786392057935,5.250790136174489,19840600
2013-03-21,5.36489725112915,5.388919347803175,5.274815247692674,5.348882647285892,14520800
2013-03-22,5.324859619140625,5.39492363685659,5.284822928497737,5.362894437069551,9427200
2013-03-25,5.292830467224121,5.348881376449297,5.266806503525419,5.328863412764981,13238000
2013-03-26,5.334869384765625,5.400929666760162,5.278818467811615,5.284823705017695,13546200
2013-03-27,5.384911060333252,5.424947727087918,5.302836237122342,5.304838108641871,9079400
2013-03-28,5.384911060333252,5.384911060333252,5.384911060333252,5.384911060333252,13915000
2013-04-01,5.5170369148254395,5.583097212222242,5.45498036437834,5.45498036437834,10702400
2013-04-02,5.519038677215576,5.585098973282747,5.4549802545829635,5.4549802545829635,15036000
2013-04-03,5.414941310882568,5.517034522927772,5.380910240200834,5.503021796497321,22228200
2013-04-04,5.292830467224121,5.4249510129951535,5.250791903487056,5.422949140263086,15137000
2013-04-05,5.320854187011719,5.368897971462485,5.212755767452007,5.242783085006479,14268200
2013-04-08,5.408936500549316,5.45497842867794,5.330864990007099,5.354887081362748,12864200
2013-04-09,5.523041725158691,5.5550709324217875,5.3969263874692635,5.3969263874692635,13905400
2013-04-10,5.641146659851074,5.6951960624052695,5.517033259373077,5.517033259373077,18858200
2013-04-11,5.669174671173096,5.683187400733959,5.563078072030419,5.633141719834736,13749800
2013-04-12,5.67517614364624,5.721218044795643,5.607114036808877,5.633137603861767,23747800
2013-04-15,5.575085639953613,5.625131291332339,5.5270418604481995,5.547059815545275,22859000
2013-04-16,5.6351399421691895,5.703202054643622,5.551063237454772,5.597105142417478,12110600
2013-04-17,5.52504301071167,5.659165445042848,5.517035518838417,5.605116020353068,18366600
2013-04-18,5.370903015136719,5.563078648240299,5.368901141875211,5.54706366214824,13338600
2013-04-19,5.324859619140625,5.398927000466335,5.260801219566547,5.334868600892258,12717400
2013-04-22,5.32686185836792,5.396925499086416,5.274814309678319,5.328863731219621,15180400
2013-04-23,5.360893249511719,5.384914961513036,5.324860299691516,5.324860299691516,10538000
2013-04-24,5.244786262512207,5.3148498936387805,5.206751447173386,5.312848402879296,28880600
2013-04-25,5.132682800292969,5.300836249515435,5.132682800292969,5.284821653485586,14004400
2013-04-26,5.132682800292969,5.132682800292969,5.132682800292969,5.132682800292969,0
2013-04-29,4.998559474945068,5.084638055592691,4.934501102877446,5.068623462575786,18216600
2013-04-30,5.054614067077637,5.092648893699415,4.988553779691531,5.002566510073695,18252400
2013-05-02,4.996556282043457,5.142689834231511,4.9565200009954555,5.040596687559548,13220600
2013-05-03,4.962527751922607,5.0786336660495195,4.92449294400332,5.036595113755975,15550400
2013-05-06,4.878450393676758,4.964528595602098,4.864437290192233,4.964528595602098,14164800
2013-05-07,5.086641788482666,5.086641788482666,4.902473710498178,4.9405085260107775,17898800
2013-05-08,5.096649646759033,5.150699049240168,5.042600626095969,5.074629816791885,12528400
2013-05-09,5.06062126159668,5.1226778219535145,5.004569940805045,5.08264110969972,9052400
2013-05-10,5.088644504547119,5.10866285191499,5.018580479668683,5.0446044457923795,8471400
2013-05-13,5.030590534210205,5.078634712969055,5.008570699248736,5.0646216047704655,10013200
2013-05-14,5.056615829467773,5.072630432670576,4.956524463995692,5.032593733754441,11041200
2013-05-15,4.9405083656311035,5.05461242664668,4.890462698040542,4.984548415656266,23054600
2013-05-16,5.0385966300964355,5.068623947146554,4.944510934854583,4.974538251904702,11875000
2013-05-17,5.21275520324707,5.232773158238027,5.070625355539573,5.07663097112767,19351000
2013-05-20,5.318853378295898,5.320855250775493,5.070626918098281,5.076632535537063,11917200
2013-05-21,5.254796028137207,5.352885508177582,5.242785172696277,5.304841704595656,9637400
2013-05-22,5.3609299659729,5.419200743906365,5.232332069911217,5.282565670966807,14578200
2013-05-23,5.354900360107422,5.397096772971339,5.246396010210801,5.272517307125143,9186400
2013-05-24,5.362942218780518,5.413175846651161,5.318736380972965,5.332802118708564,11808400
2013-05-27,5.389060020446777,5.399106969416881,5.354901160452256,5.354901160452256,2840400
2013-05-28,5.3830342292785645,5.469435722930507,5.364950097682282,5.4252302808351835,11231200
2013-05-29,5.198174476623535,5.370977845887425,5.159996823177722,5.328781794646306,11614600
2013-05-31,5.10373592376709,5.270511533647499,5.003268679664383,5.198175378504992,23717600
2013-06-03,5.129855632781982,5.178079845262356,4.983173221995707,5.10373394482263,19176000
2013-06-04,5.031397819519043,5.176070457011665,4.993220174239,5.166023506542194,13367600
2013-06-05,4.912845611572266,5.0414434886573725,4.8827051487850275,5.023359364285791,20316200
2013-06-06,4.894762992858887,4.947005992307945,4.824435863475461,4.922893691311447,12318400
2013-06-07,4.76214599609375,4.894762685106305,4.701865439018589,4.822426169916912,21842200
2013-06-10,4.810372829437256,4.872662427383917,4.732008100921437,4.7380362748848714,17321400
2013-06-11,4.691818714141846,4.79228592265344,4.6737345859496,4.752098885948008,11142800
2013-06-12,4.543745994567871,4.769509682696967,4.4949322975550245,4.769509682696967,37856200
2013-06-13,4.639342784881592,4.694258379137125,4.553918656463116,4.566122380477941,18285600
2013-06-14,4.661712646484375,4.785781038725797,4.653576836136903,4.724763624930125,13605200
2013-06-17,4.673916339874268,4.787815366032481,4.667814869572919,4.677984245366379,14501600
2013-06-18,4.596629619598389,4.6881551963010395,4.5437479942440575,4.677985817090839,17726200
2013-06-19,4.452221870422363,4.655612550850056,4.446120398289172,4.627137979729999,13225600
2013-06-20,4.301713466644287,4.397307349240224,4.179678962270174,4.3891715345780185,30525800
2013-06-21,4.295610427856445,4.348491652137861,4.0942533556674405,4.309847710388892,28060000
2013-06-24,4.2854413986206055,4.401374019635349,4.151203586083858,4.169508777605862,16233600
2013-06-25,4.322051525115967,4.38103500272726,4.29357695685501,4.332220902941481,18325200
2013-06-26,4.332220077514648,4.3790002152348295,4.307813420208907,4.334254030279597,17554000
2013-06-27,4.376966953277588,4.446119806452814,4.3362886674320835,4.352559904182908,10496200
2013-06-28,4.4867963790893555,4.572220443783567,4.307812827696935,4.372897755475997,20829200
2013-07-01,4.505102634429932,4.572221530649058,4.307813851709921,4.372898794960363,18364000
2013-07-02,4.250865936279297,4.47052789659799,4.169509726519967,4.47052789659799,27980000
2013-07-03,4.1288299560546875,4.244762950069481,4.108491201816847,4.21222008982782,20412400
2013-07-04,4.191883087158203,4.230527046706882,4.1512047858114505,4.187815179436122,9378000
2013-07-05,4.157304286956787,4.222389221807985,4.073914165686588,4.177643426081989,13114200
2013-07-08,4.151203155517578,4.220356007886574,4.084084256210834,4.1430677312054565,10228200
2013-07-10,4.177643775939941,4.230524998982483,4.151202776481826,4.1695079644338,13011400
2013-07-11,4.305780410766602,4.326119554935226,4.195949265018173,4.210186937492047,10923800
2013-07-12,4.2712016105651855,4.315947392542468,4.197980887387184,4.281370983034711,12069000
2013-07-15,4.391203880310059,4.4034072098978605,4.242728808525102,4.2691694206214805,9105800
2013-07-16,4.5152716636657715,4.525441038915582,4.401372643596547,4.4542542483565155,15288000
2013-07-17,4.555951118469238,4.596629409323088,4.494934070125395,4.51934073428816,12778200
2013-07-18,4.594593524932861,4.651543030605654,4.521372787344522,4.535610066778529,6956600
2013-07-19,4.5396809577941895,4.58646073182948,4.505104518738317,4.547816773071818,7498600
2013-07-22,4.629169940948486,4.688153011162266,4.525440692017251,4.54781378137598,7753200
2013-07-23,4.686121940612793,4.716630468197293,4.653579071527421,4.669850312101619,8196200
2013-07-24,4.649510860443115,4.6983245749017435,4.580358001309163,4.6576462855510945,10839400
2013-07-25,4.594593524932861,4.669847827065969,4.5925595724513215,4.616966614293024,11296200
2013-07-26,4.594593524932861,4.594593524932861,4.594593524932861,4.594593524932861,0
2013-07-29,4.61493444442749,4.64137506102721,4.53764577202169,4.557984916756738,7881600
2013-07-30,4.665782451629639,4.708494309536361,4.61696873347755,4.61696873347755,14466400
2013-07-31,4.6108622550964355,4.686116904334804,4.596624983387258,4.651540506782563,13492000
2013-08-01,4.708493709564209,4.708493709564209,4.633239382478587,4.663747903944025,8706400
2013-08-02,4.639342784881592,4.749173973392658,4.637308830879121,4.702394195147008,5747400
2013-08-05,4.517306804656982,4.696290819828847,4.5152732392468575,4.677985627642249,10653600
2013-08-06,4.356627464294434,4.543746866033888,4.338322275911683,4.543746866033888,17692600
2013-08-07,4.336289882659912,4.397307328528062,4.3200186413491375,4.352561123970687,10245600
2013-08-08,4.496967792510986,4.533578174811865,4.3627299826990384,4.372899360921766,13018600
2013-08-09,4.596629619598389,4.602731091949728,4.490866368889727,4.517306987598418,12169600
2013-08-12,4.667817115783691,4.769512474402622,4.6067996678501295,4.6108675752997685,16007800
2013-08-13,4.747138500213623,4.777647024613246,4.643409206905359,4.769511599143916,18064600
2013-08-14,4.773580551147461,4.800021564719633,4.712563484028228,4.718665345914972,20808400
2013-08-15,4.718661308288574,4.791881648591648,4.6637457621087295,4.73493253812667,22458000
2013-08-16,4.708493709564209,4.761375327808188,4.669849375474975,4.718663475343954,14042200
2013-08-19,4.580356121063232,4.71866178255637,4.580356121063232,4.6881528840988915,16778400
2013-08-20,4.535613059997559,4.651546100333191,4.535613059997559,4.576291360599924,10431400
2013-08-21,4.470527172088623,4.590527707512303,4.43798469345884,4.5396800361611485,15608200
2013-08-22,4.464425086975098,4.633239317170346,4.529510035300462,4.5478152255090825,42344000
2013-08-23,4.6902642250061035,4.698700145194783,4.576382118186637,4.6417588906616425,13207600
2013-08-26,4.597471714019775,4.692373817290693,4.597471714019775,4.6776113572811875,8665400
2013-08-27,4.597471714019775,4.597471714019775,4.534203913337074,4.555293314313597,20746400
2013-08-28,4.660737991333008,4.692371878604598,4.561617968369539,4.618559206806421,10830200
2013-08-29,4.770403861999512,4.829453694384851,4.671283810929581,4.69237320917298,15051600
2013-08-30,4.861087322235107,4.863196302167688,4.671283553017635,4.692372950096642,16942000
2013-09-02,4.903264999389648,4.981295630131925,4.886393566019251,4.886393566019251,10727800
2013-09-03,4.856869697570801,4.966533836823565,4.829453361072519,4.93279096286167,10404200
2013-09-04,4.894829273223877,4.911701109501543,4.80625454624643,4.850541909735154,9368600
2013-09-05,4.970753192901611,4.972862173397485,4.865306581589326,4.909594367508874,17743400
2013-09-06,5.019257068634033,5.074089338738879,4.958098261139986,4.987623174947679,13922600
2013-09-09,5.112050533294678,5.1331399313247505,5.0234753833658194,5.0234753833658194,15152800
2013-09-10,5.198517322540283,5.249131642494494,5.1247046217644865,5.1247046217644865,16180400
2013-09-11,5.101506233215332,5.219606303617567,5.1457936087736105,5.198516904769748,23630000
2013-09-12,5.080946445465088,5.228374787286862,5.044623432074277,5.226238091495279,12108600
2013-09-13,5.127952575683594,5.153592517876556,4.976250840935487,5.07026301139922,22064800
2013-09-16,5.157864570617676,5.209144038211099,5.106585103024253,5.179231117331514,8716600
2013-09-17,5.241193771362305,5.241193771362305,5.0937650554997616,5.1621376751655905,12654800
2013-09-18,5.416399002075195,5.46554177415804,5.213417419947993,5.232647271203537,15004800
2013-09-19,5.469815254211426,5.482635019413216,5.362982926619535,5.392895847934708,12167000
2013-09-20,5.452721118927002,5.469814271970886,5.375801726463065,5.444174338638602,14801000
2013-09-23,5.583056449890137,5.651429471947819,5.375801911170361,5.444174525695114,15295400
2013-09-24,5.542462348937988,5.651431393206746,5.375803738726994,5.4441763764956885,17913800
2013-09-25,5.501866817474365,5.548872911533092,5.437767561254907,5.518959979635096,16035200
2013-09-26,5.49118185043335,5.548870998124753,5.448448756000541,5.523231467491461,8281400
2013-09-27,5.636473178863525,5.704846207871166,5.491181561996336,5.508274717365003,18192800
2013-09-30,5.523229598999023,5.7048445775991565,5.474086842299239,5.508273143267163,13228600
2013-10-01,5.574509143829346,5.580919228193027,5.461266765268142,5.57664583861724,7642000
2013-10-02,5.585192680358887,5.600149137600213,5.523230156425834,5.540323308634907,6745000
2013-10-03,5.587329864501953,5.5916032548115835,5.506137486283622,5.563827032864845,8769200
2013-10-04,5.608695983886719,5.694161745944127,5.546733051687036,5.572372984070708,11176800
2013-10-07,5.623655319213867,5.623655319213867,5.551009282405196,5.61297224631446,7942600
2013-10-08,5.561692714691162,5.647158519745882,5.531779377272182,5.636475039405852,11457600
2013-10-09,5.65784215927124,5.70057526984552,5.563829968060858,5.585196115814853,11985000
2013-10-10,5.726211071014404,5.736894545448362,5.636471923433553,5.668521939202548,10225000
2013-10-11,5.700572490692139,5.7433051729001585,5.672795860100627,5.706982168880221,8172400
2013-10-14,5.781764030456543,5.790310810173683,5.6578385772882305,5.6621119671468,8132800
2013-10-15,5.779630184173584,5.822363288755668,5.717667630815959,5.768947111794607,12322000
2013-10-16,5.907828330993652,5.937741663369283,5.7817661369669535,5.798859295096013,16353600
2013-10-17,5.935603141784668,5.959105972274168,5.835180512076484,5.899280140992265,9391800
2013-10-18,6.057394027709961,6.06594040337119,5.918512061067288,5.918512061067288,10358600
2013-10-21,6.003977298736572,6.06807653661906,5.978337359063768,6.036026917677816,9618400
2013-10-22,6.014659881591797,6.02106996787358,5.924920711311745,5.99115704695789,13085400
2013-10-23,5.982610702514648,6.044573651835111,5.961244154213351,5.989020789264941,9994000
2013-10-24,6.05525541305542,6.0937151101760545,5.976199323692678,5.984746104178564,13179000
2013-10-25,6.125764846801758,6.21123061573815,6.040299077865367,6.057392231652645,14770600
2013-10-28,6.102263450622559,6.185592957095365,6.072350524343275,6.1620897107141825,6742400
2013-10-29,6.121492385864258,6.168498871565709,6.093716159567669,6.110809315950107,10315800
2013-10-30,6.251828670501709,6.258238757700546,6.127903170722146,6.132176562188037,10961800
2013-10-31,6.356520175933838,6.362930258957503,6.179178620940188,6.194135073795965,13188200
2013-11-01,6.3458404541015625,6.38857314083489,6.271057742902005,6.377890071034805,10523200
2013-11-04,6.386436939239502,6.38857363487135,6.283877994108918,6.324474396047991,6449000
2013-11-05,6.294559955596924,6.371479354657725,6.249690577833423,6.354386200147875,7871600
2013-11-06,6.138585567474365,6.275331226628849,6.104399254568994,6.2454178971869005,9318600
2013-11-07,6.108672618865967,6.245417869889775,6.09157946248799,6.1214923842662,11265200
2013-11-08,5.948424339294434,6.157815614351381,5.939877557031044,6.0787599160800685,13305600
2013-11-11,6.0018415451049805,6.036027865012137,5.907828961593759,5.950562065244245,7903200
2013-11-12,5.683479309082031,5.974062932316869,5.64074621954573,5.971926644619705,32631400
2013-11-13,5.647156715393066,5.818088270887263,5.623653473687749,5.687753112647804,33250400
2013-11-14,5.743305206298828,5.764671751293562,5.704845914347845,5.704845914347845,14479000
2013-11-18,5.771083831787109,5.7988600646078625,5.762537047821899,5.768947135795806,11968800
2013-11-19,5.57664680480957,5.73475857871191,5.555280260761593,5.694162185774047,14187200
2013-11-21,5.448448181152344,5.555280498429841,5.448448181152344,5.555280498429841,17716000
2013-11-22,5.2806315422058105,5.3748903955400475,5.250640256026992,5.272062778412132,36536200
2013-11-25,5.141383647918701,5.35560796658198,5.068547346885149,5.297767302478784,29590400
2013-11-26,5.302050590515137,5.353464365391119,5.096395491011208,5.113533415969869,45206400
2013-11-27,5.441296100616455,5.462718608251236,5.302050413890905,5.302050413890905,29451200
2013-11-28,5.4562907218933105,5.516273650430988,5.355605485855328,5.5012780204466365,11216400
2013-11-29,5.509850025177002,5.516276902645201,5.409164729778303,5.462720816211752,14601400
2013-12-02,5.33632755279541,5.533413935203048,5.319189624264331,5.430586364016571,14186000
2013-12-03,5.224930763244629,5.377030235033699,5.214219711239958,5.308478521562743,10875800
2013-12-04,5.113533973693848,5.3020511688003475,5.107107097908246,5.259206147430485,11473800
2013-12-05,5.3127641677856445,5.3127641677856445,5.107108970447103,5.259208075736996,14914800
2013-12-06,5.31919002532959,5.45843575621875,5.310621264718192,5.334185662849895,15527400
2013-12-09,5.368460655212402,5.379172114996792,5.267775384841606,5.379172114996792,7688600
2013-12-10,5.269917011260986,5.35774892739864,5.263490136202003,5.355606635712311,8440800
2013-12-11,5.126387596130371,5.2806289459896325,5.115676135903766,5.267775602318134,11056800
2013-12-12,5.16746711730957,5.215213824543961,5.063293160717182,5.16746711730957,11260200
2013-12-13,5.208703994750977,5.265131671034851,5.187000978649394,5.187000978649394,10548400
2013-12-16,5.217384338378906,5.3041959717232885,5.210873310646632,5.241257278829536,10591400
2013-12-17,5.2217254638671875,5.295515467769724,5.213044506087789,5.2217254638671875,9024000
2013-12-18,5.252108573913574,5.315046847850093,5.226064879006765,5.24559754669925,12678400
2013-12-19,5.295515537261963,5.3345808826583765,5.165297857257449,5.295515537261963,22303000
2013-12-20,5.317216873168945,5.367133503650583,5.236915864782884,5.295513864365918,27909200
2013-12-23,5.321559429168701,5.3627947050502796,5.278153396297915,5.323729772207302,10199000
2013-12-26,5.306365966796875,5.354112258521841,5.275981586653266,5.338920275425283,6806600
2013-12-27,5.269470691680908,5.336749647777421,5.260789322403696,5.325898350131377,6170400
2013-12-30,5.295515537261963,5.332410539697398,5.254279848904572,5.269472249631416,7050800
2014-01-02,5.208703994750977,5.312877975297852,5.197852693675486,5.306367360232798,8155800
2014-01-03,5.2629618644714355,5.2629618644714355,5.17615020516719,5.213045212115325,10189200
2014-01-06,5.184830665588379,5.219555325971218,5.124062716893714,5.213044710868563,7966400
2014-01-07,5.095849514007568,5.230407905697847,5.082827867699049,5.1870018660685515,9192400
2014-01-08,4.993844032287598,5.115380319261225,4.9851626619570775,5.100188335133336,13474600
2014-01-09,4.8071980476379395,5.0025242997185115,4.798517092453484,4.987332317682867,17889400
2014-01-10,4.98082160949707,4.991672906757665,4.78766528944492,4.848433630375438,16303200
2014-01-13,4.9265666007995605,5.0155486046191875,4.870138917946759,4.980823940394487,8235000
2014-01-14,5.082828521728516,5.098020513368386,4.894012763181216,4.9287374337725565,9754400
2014-01-15,5.028570652008057,5.111041632643645,4.996016328440079,5.080657652506957,17985800
2014-01-16,4.991672515869141,5.11103843219019,4.967799167024761,5.0567811222350905,10847800
2014-01-17,4.861456394195557,5.01120673193743,4.828902080934424,5.004695703704983,12477200
2014-01-20,4.839754104614258,4.865797807489001,4.818051501827688,4.863627464420221,5768200
2014-01-21,4.861456394195557,4.870137765172153,4.861456394195557,4.861456394195557,9085000
2014-01-22,4.874476909637451,4.913542242098378,4.844092946145822,4.891839647576046,10880600
2014-01-23,4.668301582336426,4.850606277815862,4.668301582336426,4.831073602303732,19300400
2014-01-24,4.594510555267334,4.696514182966594,4.557615555639845,4.67698151175495,16707000
2014-01-27,4.650938987731934,4.6856636502500395,4.557616301983037,4.601022337105984,10639200
2014-01-28,4.598851203918457,4.7507714728491415,4.583659218420444,4.716046816296382,9228400
2014-01-29,4.394843101501465,4.590169378778093,4.366629476074498,4.5836587650375336,18613200
2014-01-30,4.362288951873779,4.427397575384368,4.3319045688117095,4.410035248184841,13565800
2014-01-31,4.533742904663086,4.533742904663086,4.321054244969363,4.340586919221911,10997200
2014-02-03,4.366631031036377,4.516380995702618,4.353608971017053,4.475145714160087,9869400
2014-02-04,4.5098676681518555,4.5662953191239675,4.401353050270967,4.405693320383887,13026400
2014-02-05,4.479485034942627,4.544594079350863,4.407865375858972,4.516380035922121,8656200
2014-02-06,4.687831878662109,4.696512833400234,4.4773132414192025,4.5228895991333,11144200
2014-02-07,4.663956642150879,4.70302195754665,4.592337035242058,4.70302195754665,11106000
2014-02-10,4.789836883544922,4.807199212069915,4.60319154143832,4.642256884107196,10436200
2014-02-11,4.742088317871094,4.8636245594773655,4.7247259976416265,4.826729577245952,15977000
2014-02-12,4.752942085266113,4.8223914023115535,4.7312390702017675,4.772474757428966,9083000
2014-02-13,4.4881672859191895,4.579319634791943,4.462123580262406,4.5359135966808575,33918400
2014-02-14,4.471162796020508,4.573822886034339,4.46679460952371,4.554164588653517,12500200
2014-02-17,4.473346710205078,4.521400507024937,4.464609921355123,4.484268217033631,6556200
2014-02-18,4.342291831970215,4.499558207807788,4.329186439521388,4.477715609317801,13861400
2014-02-19,4.292054176330566,4.340107976658696,4.21778959092611,4.324817865982435,17961600
2014-02-20,4.466795444488525,4.495190536783677,4.294239338915448,4.30297654676811,17922800
2014-02-21,4.418739318847656,4.473345589470923,4.385975639796253,4.455871599535989,9400800
2014-02-24,4.307343482971191,4.444951550390005,4.281132700252385,4.405634959698916,17631600
2014-02-25,4.322634696960449,4.348845486377659,4.270212284900056,4.300792094704117,9209600
2014-02-26,4.2592902183532715,4.340107703241954,4.226526530765439,4.340107703241954,13588600
2014-02-27,4.431845664978027,4.431845664978027,4.3007905161551,4.305158701712692,21523600
2014-02-28,4.521400451660156,4.521400451660156,4.375055594852643,4.453688359990927,59519600
2014-03-05,4.521400451660156,4.521400451660156,4.438398667231063,4.499557854883401,11770600
2014-03-06,4.423108100891113,4.547610336332222,4.416555198168445,4.541057850222353,12100200
2014-03-07,4.342291831970215,4.451504407807234,4.327002138011098,4.410003928950466,11161000
2014-03-10,4.302976608276367,4.379425095014942,4.263660005603382,4.335740304966186,10956800
2014-03-11,4.401265621185303,4.401265621185303,4.248368303254452,4.368501939958178,17732400
2014-03-12,4.2713823318481445,4.298009317017417,4.198158651659611,4.249193248077346,17274600
2014-03-13,4.244754791259766,4.33129216432045,4.242536264072391,4.320197412275995,10894400
2014-03-14,4.180405139923096,4.280255749643128,4.164872916904721,4.253628779310675,10064200
2014-03-17,4.149341106414795,4.249191302840622,4.138246357997674,4.202594629152845,10002600
2014-03-18,4.204814434051514,4.27360019534246,4.129371822356362,4.182625355925622,13849400
2014-03-19,4.397858619689941,4.415609798270286,4.207033132535121,4.22034683388649,16927000
2014-03-20,4.637500762939453,4.637500762939453,4.351262892422181,4.351262892422181,30694200
2014-03-21,4.586467742919922,4.633064454261069,4.488835994062927,4.4910549455394175,26638600
2014-03-24,4.613091945648193,4.677439806637272,4.564275889151516,4.646375351209542,10798000
2014-03-25,4.6241865158081055,4.679659002395802,4.595340585778471,4.61309218777916,10613200
2014-03-26,4.684099197387695,4.770636183423505,4.637502065753395,4.6707854893655,14808600
2014-03-27,4.9947428703308105,5.05243430863767,4.752882788791918,4.752882788791918,32310200
2014-03-28,4.930391788482666,5.0768390399965195,4.881576179051801,4.992521092212069,12541000
2014-03-31,5.059088230133057,5.059088230133057,4.93704898627763,4.93704898627763,11157400
2014-04-01,5.054653167724609,5.1190010325684785,5.023588287214459,5.063528545569303,11483200
2014-04-02,5.265450477600098,5.312047605455655,5.039122538236897,5.039122538236897,17108600
2014-04-03,5.183348178863525,5.312044303424008,5.11456200541706,5.269885104089303,12164600
2014-04-04,5.229944705963135,5.3120441525225495,5.132313034622006,5.289855078596649,18763200
2014-04-07,5.525056838989258,5.53393263558709,5.285415832724365,5.314261748446046,23020800
2014-04-08,5.367519855499268,5.738076216404377,5.314266299965925,5.560563941404929,27448000
2014-04-09,5.1944451332092285,5.325360273797821,5.110127115091605,5.325360273797821,19688000
2014-04-10,5.203316688537598,5.278759264678655,5.074620603924253,5.192221943092581,12584400
2014-04-11,5.2876386642456055,5.2876386642456055,5.123440115616791,5.143410249403418,9218800
2014-04-14,5.207757472991943,5.323140359617642,5.170036160949755,5.285419047575453,7383200
2014-04-15,5.141191482543945,5.252136486117857,5.028027528111963,5.185569653262151,13346000
2014-04-16,5.127875804901123,5.201099456121345,5.067965429387831,5.192223656835789,13689000
2014-04-17,5.349767208099365,5.411896127629427,5.119001440640499,5.147847373183619,18334000
2014-04-22,5.383049488067627,5.425208691197963,5.221069948700327,5.325358058315965,13439400
2014-04-23,5.292076110839844,5.394145298555133,5.26766807759421,5.3497675564612654,9061000
2014-04-24,5.254354000091553,5.360861072823317,5.2299459705491325,5.316482914241005,6886200
2014-04-25,5.174474239349365,5.263230146249907,5.143409777739563,5.203320173605509,9187600
2014-04-28,5.203316688537598,5.236600078430119,5.090152824326013,5.147844230976307,20759200
2014-04-29,5.303169250488281,5.383049760841645,5.2476967679032125,5.263228995311599,16908400
2014-04-30,5.190005779266357,5.3009507539285465,5.147846993614199,5.289856425750925,13011400
2014-05-02,5.292076110839844,5.340891754109562,5.158942038115143,5.158942038115143,20712800
2014-05-05,5.396364688873291,5.420772724107848,5.314265626537829,5.327578907928685,9988200
2014-05-06,5.480679988861084,5.545027831444935,5.3231379602071796,5.403018449283602,16885600
2014-05-07,5.549468040466309,5.567219220625588,5.32535912644196,5.403020698346876,22760800
2014-05-08,5.312047004699707,5.553907151588156,5.294295820672188,5.545031347963591,19825400
2014-05-09,5.232165813446045,5.414115532876797,5.209976730369269,5.347548706868029,14343600
2014-05-12,5.274324893951416,5.312046207249832,5.247697910296603,5.247697910296603,8511600
2014-05-13,5.305389404296875,5.345329668535444,5.2166334966675825,5.28541927217759,9288000
2014-05-14,5.327578067779541,5.369737279294005,5.258792297682323,5.307607937231717,6975800
2014-05-15,5.323138236999512,5.347546259535662,5.261008917462659,5.3142628617635985,4813400
2014-05-16,5.336452007293701,5.3697358313796535,5.289855330727614,5.323138731592163,8003000
2014-05-19,5.28097677230835,5.345325013818512,5.267663503562558,5.345325013818512,6831600
2014-05-20,5.283480644226074,5.466053446562789,5.265668673868123,5.310198812098436,29307800
2014-05-21,4.900521278381348,5.4549191309319,4.8982947298164,5.299064128751273,22430600
2014-05-22,5.07418966293335,5.080868885824697,4.858219063135301,4.896069549979331,29187200
2014-05-23,4.9873528480529785,5.129848934914312,4.916105016957597,5.076412636922205,14607400
2014-05-26,4.9962615966796875,5.045244399462634,4.938372598115776,4.967316885062337,4378200
2014-05-27,5.027431011199951,5.1877386678975395,4.947276970515823,4.980674770581322,15810400
2014-05-28,5.196645259857178,5.254534246495885,5.031884493887336,5.0563756778982,18479800
2014-05-29,5.165474891662598,5.285705547979026,5.109812448539814,5.236722750912442,9754600
2014-05-30,5.096449375152588,5.14543256054718,5.058598924925142,5.114261326749597,8875200
2014-06-02,5.087545871734619,5.1676994771926585,5.067507364202456,5.105357831244252,5887200
2014-06-03,5.154339790344238,5.161019433344786,5.04746805035875,5.098677372684645,7394400
2014-06-04,5.140984535217285,5.154343405918571,5.100907498442585,5.123172566058623,7990600
2014-06-05,5.158795356750488,5.2322697662687085,5.136530294087536,5.165475002950599,10486600
2014-06-06,5.432652950286865,5.477183063066764,5.354725465257356,5.477183063066764,19574400
2014-06-09,5.59073543548584,5.644171325262189,5.421521572192049,5.446012756253687,16220000
2014-06-10,5.7577223777771,5.811158264096271,5.552884601218274,5.590735073778188,21945000
2014-06-11,5.815612316131592,5.900219043867776,5.815612316131592,5.844556600057702,18881800
2014-06-13,5.942081928253174,5.969132135690655,5.806829601199881,5.838388319862041,16397000
2014-06-16,5.99167537689209,6.039013893650186,5.915032391630697,5.917286647662547,16190000
2014-06-17,5.892489433288574,5.996183046406354,5.8654392246180675,5.973640919210722,8154400
2014-06-18,5.831624507904053,5.906013204473871,5.644525638958436,5.89474192926318,24329000
2014-06-20,5.775270938873291,5.784287531455306,5.718915837880971,5.745966045582318,12303000
2014-06-23,5.727930545806885,5.770760528856219,5.649033344386056,5.748218409885245,9358000
2014-06-24,5.813594818115234,5.849662063202234,5.696376056604747,5.70539265289876,10994200
2014-06-25,5.739202499389648,5.815845460728768,5.698627193347091,5.779778235387446,10844600
2014-06-26,5.705391883850098,5.770764025480729,5.678341668658774,5.754984661626555,5042000
2014-06-27,5.676085472106934,5.745965672411569,5.626492711283094,5.682847808615442,4772000
2014-06-30,5.601698398590088,5.6783413877665465,5.545343284781245,5.640019893178317,11878200
2014-07-01,5.62198543548584,5.671577773457399,5.58140969080214,5.626493517152102,8755000
2014-07-02,5.527308940887451,5.63551064202505,5.4574282993584955,5.592680640758164,13542800
2014-07-03,5.556612491607666,5.561121002567802,5.432631449890817,5.432631449890817,7480400
2014-07-04,5.547593593597412,5.58140655183239,5.522797223579386,5.522797223579386,1479600
2014-07-07,5.601698398590088,5.6242405301047045,5.5002590217520115,5.522801153266628,5830400
2014-07-08,5.694120407104492,5.698628919126331,5.606206572455498,5.608460398511046,7703400
2014-07-10,5.9195404052734375,5.957861894677492,5.752729342560298,5.793305087806396,22197600
2014-07-11,5.8879804611206055,5.966877249437382,5.872200673502,5.903759818783961,7815400
2014-07-14,6.079586505889893,6.111145646331138,5.989418454533154,6.007452064804502,13173400
2014-07-15,6.120162487030029,6.162992474411003,6.057045063474069,6.072824419363059,10054400
2014-07-16,6.165247440338135,6.196806155754596,6.115654681877693,6.1269259587801805,13010600
2014-07-17,6.199060440063477,6.241890432582295,6.090858761026174,6.142705345153808,11766800
2014-07-18,6.36361837387085,6.507887735504325,6.352347524816744,6.424481990655816,18621400
2014-07-21,6.510140895843506,6.595800887737202,6.3140253906361,6.352346875440062,15626400
2014-07-22,6.55522346496582,6.595799194927476,6.431242450043138,6.537189854977881,12495800
2014-07-23,6.607069492340088,6.627357355639449,6.388411935614362,6.447021270706391,17240400
2014-07-24,6.674696922302246,6.737814347222794,6.573257589458208,6.625104168487289,15478000
2014-07-25,6.602562427520752,6.715272605416659,6.564240949837935,6.694984738998979,14584400
2014-07-28,6.56198787689209,6.649901693903771,6.54395426237802,6.625105312713693,9103000
2014-07-29,6.460547924041748,6.681459788726509,6.451531332603209,6.53719088606793,11862600
2014-07-30,6.417717456817627,6.492106157983608,6.390667254551022,6.451530854583702,10929800
2014-07-31,6.24865198135376,6.390667043404526,6.2216017799808885,6.365870667183396,14327400
2014-08-01,6.142704963684082,6.2396357897020245,6.0750790259742375,6.221602177649051,14309800
2014-08-04,6.219349384307861,6.257670872672618,6.075080453972459,6.144960663359254,11083800
2014-08-05,6.277958869934082,6.35685610401779,6.226112275805342,6.2644337649342665,12438200
2014-08-06,6.354602336883545,6.395178084958749,6.257671478693974,6.2779593527315765,19392800
2014-08-07,6.302751064300537,6.417715463107102,6.214837289312314,6.413207384099945,9666000
2014-08-08,6.120162487030029,6.262177549941343,6.097620365779243,6.2103305420779735,12562600
2014-08-11,6.24865198135376,6.250906236460699,6.153975416638315,6.160738181959132,7013000
2014-08-12,6.217096328735352,6.325298047375209,6.172012064324373,6.221604841167532,8657600
2014-08-13,6.2328715324401855,6.440258236399935,6.144957748463866,6.255413649600944,32627800
2014-08-14,6.460547924041748,6.507886426448622,6.314024766034723,6.314024766034723,22596400
2014-08-15,6.582275867462158,6.618343097150557,6.410956311464618,6.469565667197089,18608800
2014-08-18,6.5890374183654785,6.672443145793313,6.480835742206591,6.672443145793313,13844000
2014-08-19,6.722036838531494,6.782900454966165,6.514650035460095,6.530429396027159,15382200
2014-08-20,6.841549873352051,6.859631256226921,6.705939286243435,6.742102051993176,12746200
2014-08-21,6.864152431488037,6.913876131848858,6.766964826655971,6.8031275962082445,7915000
2014-08-22,6.832512378692627,6.868675162502954,6.7805284308520815,6.830252150817683,5964400
2014-08-25,7.060787200927734,7.103730649995354,6.8483306135920525,6.855111294316688,11033000
2014-08-26,7.103729724884033,7.1444129417453075,6.965858919097301,7.029143971003078,16164400
2014-08-27,7.435976505279541,7.503781586584151,7.137633026694354,7.153454183592483,31678400
2014-08-28,7.51733922958374,7.5715837913321495,7.372688214505395,7.408850968274981,19020800
2014-08-29,7.955814838409424,7.9693753343350675,7.537682016208786,7.539942673655189,30559800
2014-09-01,8.00779914855957,8.202174313561414,7.955815233159488,7.955815233159488,17057200
2014-09-02,8.4666166305542,8.538942172577345,8.073346603576908,8.098208670307702,30049800
2014-09-03,8.340043067932129,8.631604881849267,8.161489100811474,8.509556131408894,28043400
2014-09-04,7.8586249351501465,8.159227622450741,7.829242432359342,8.089162781733819,23221400
2014-09-05,7.729797840118408,7.967116017127098,7.6665123606447105,7.838286124974145,18583200
2014-09-08,7.343310832977295,8.007802142584062,7.234821646497134,7.910614523745814,24592600
2014-09-09,7.3116655349731445,7.48117865428957,7.14667330006191,7.25516116186767,23580400
2014-09-10,7.196398735046387,7.322968871825992,7.054007438942896,7.209959667167681,18445200
2014-09-11,7.248379230499268,7.356867498216852,7.1941350966404745,7.23255807867721,15756600
2014-09-12,7.0717082023620605,7.236166816338912,7.016888809591712,7.137948574250694,17373400
2014-09-15,7.263575077056885,7.327531678064499,6.955216098882356,7.0831279939003835,19121200
2014-09-16,7.583354473114014,7.68842483560503,7.293268225194714,7.293268225194714,27340200
2014-09-17,7.583354473114014,7.868872330751353,7.549091981664992,7.811768759223885,19739800
2014-09-18,7.464580535888672,7.592492877140303,7.409760712114676,7.560514138328741,15947000
2014-09-19,7.325245380401611,7.4851355395470565,7.206469858503031,7.3320975294989985,15488200
2014-09-22,6.978057384490967,7.140231780160483,6.788473514069199,7.094548741352401,26533600
2014-09-23,6.884406566619873,7.110536661618444,6.841008165164918,6.941510139164937,19027000
2014-09-24,6.8524298667907715,6.904965057876385,6.719949573459447,6.738222702344259,16797400
2014-09-25,6.674267292022705,6.674267292022705,6.674267292022705,6.674267292022705,26861600
2014-09-26,6.813596725463867,6.950645355866656,6.534931510988479,6.555488827332177,21321800
2014-09-29,6.231142520904541,6.443567462811183,6.148913230059569,6.247131452865347,27657000
2014-09-30,5.7788825035095215,6.258552694331579,5.746904636009974,6.171755438690335,47557400
2014-10-01,5.870249271392822,5.97531966868094,5.571026143813209,5.705790652102453,30919600
2014-10-02,5.813144683837891,6.071252676656393,5.710358064412173,6.030138028886105,27106200
2014-10-03,5.9410552978515625,5.9798857417198334,5.77888093734326,5.893088073936333,17761000
2014-10-06,6.649139881134033,7.1014000544378115,6.395599888979339,7.069422194405929,49922600
2014-10-07,6.907251834869385,7.055721117003629,6.717667888462228,6.7724872956041375,24614400
2014-10-08,6.950648784637451,7.181347331892051,6.671982997030014,7.046582829677327,33381600
2014-10-09,7.21789026260376,7.332096949967759,7.01688548209893,7.069421089798402,27131000
2014-10-10,6.875270843505859,6.875270843505859,6.875270843505859,6.875270843505859,22633000
2014-10-13,7.647309303283691,7.7638010635708925,7.140229804047676,7.17220766096377,31074800
2014-10-14,7.601631164550781,7.830045570902252,7.357227819461252,7.54909595564976,28436800
2014-10-15,7.309258460998535,7.40062454029362,7.021456356816827,7.309258460998535,43475600
2014-10-16,7.117389678955078,7.327531291761913,6.941510560286437,6.9757730544246295,31035600
2014-10-17,7.306974411010742,7.370930580658213,7.179062507381565,7.26357556604761,25308400
2014-10-20,6.8341569900512695,6.8341569900512695,6.8341569900512695,6.8341569900512695,19887400
2014-10-21,6.418445110321045,6.418445110321045,6.418445110321045,6.418445110321045,47499800
2014-10-22,6.269972801208496,6.5760480025500065,6.2357103071735125,6.429862552153681,18957800
2014-10-23,5.698936462402344,6.19916342211056,5.66467397185697,6.167185562311587,34408200
2014-10-24,5.881668567657471,6.1968801283283295,5.721778374076219,5.801723470866845,31526000
2014-10-27,5.57787561416626,5.57787561416626,5.57787561416626,5.57787561416626,54826400
2014-10-28,5.973036289215088,6.018719342076838,5.712644020634402,5.842840154924745,20675600
2014-10-29,5.815426349639893,6.059829952750305,5.790301079456377,5.94105444321983,21909400
2014-10-30,6.224290370941162,6.324792796164788,5.938772464017256,5.938772464017256,19403200
2014-10-31,6.333929538726807,6.386464732326267,6.071253135063729,6.320224800323857,25426600
2014-11-03,6.251699924468994,6.297382525567008,6.10094607741494,6.235710556635676,15722600
2014-11-04,6.5669097900390625,6.592035497344382,6.237993142916821,6.37047339255881,20173800
2014-11-05,6.046125411987305,6.327075287847895,5.9890218459802504,6.267687526920683,37005600
2014-11-06,5.790304660797119,6.000445909299526,5.694370603096763,6.000445909299526,18719800
2014-11-07,5.936489105224609,6.005013673944273,5.767462532781408,5.847407645121442,14028200
2014-11-10,5.7103590965271,6.119221016958036,5.634982373879575,6.025570726962433,13023000
2014-11-11,5.628127098083496,5.810858763297688,5.584728703356721,5.673810123303448,12942600
2014-11-12,5.7788825035095215,5.861111803554952,5.632697468464998,5.655538989107147,12885800
2014-11-13,5.689799785614014,5.881667819230515,5.664674074934382,5.877099428985915,9942600
2014-11-14,5.591582775115967,5.673812074524244,5.424840416352087,5.673812074524244,21396800
2014-11-17,5.741702556610107,5.883642764527013,5.698204687572048,5.780621610663144,16553400
2014-11-18,5.9523210525512695,5.972925275742875,5.7188068141528605,5.792066080318714,10429800
2014-11-19,6.3048810958862305,6.352957320063063,5.954609778339345,5.954609778339345,20641600
2014-11-21,6.829141616821289,6.85203523963522,6.4124793409139835,6.4124793409139835,25128000
2014-11-24,6.59105110168457,7.119891811678394,6.556710438573813,6.909271203009475,17509000
2014-11-25,6.687202453613281,6.829142585873259,6.636836825603405,6.639126231875617,16434200
2014-11-26,6.602497100830078,6.86577272867783,6.540684436815669,6.799381688434658,13846600
2014-11-27,6.671178817749023,6.831433806079213,6.593340730464042,6.593340730464042,14331800
2014-11-28,6.799382209777832,6.817697026076062,6.69407168856826,6.73070132116472,7257200
2014-12-01,6.3025922775268555,6.668888600648346,6.259094425408806,6.6597314109001395,454472014
2014-12-02,6.1720991134643555,6.483451444566486,6.1125762846686555,6.405613361790953,357547358
2014-12-03,6.1812567710876465,6.304882116106051,6.140048322748179,6.213307592391815,7790000
2014-12-04,6.098836898803711,6.295721417406361,6.0713649044207,6.268248986363872,8667600
2014-12-05,6.2339091300964355,6.243066753185314,6.069075844432152,6.158360486251201,15312200
2014-12-08,5.908823490142822,6.261384271731245,5.803513399014659,6.18354618843665,9069400
2014-12-09,5.760016441345215,5.901956626134188,5.725676207872648,5.730255022111592,11461400
2014-12-10,5.478424549102783,5.812670045301653,5.466977516360571,5.780619226942761,12309000
2014-12-11,5.711938858032227,5.739410863683348,5.450952184388632,5.540237294403919,9884000
2014-12-12,5.39163064956665,5.725851534965341,5.39163064956665,5.684073868954089,14275200
2014-12-15,5.1316819190979,5.533210961425713,5.106151022325037,5.533210961425713,16336600
2014-12-16,4.987781047821045,5.2129157264193795,4.922793512544088,5.004027820967442,15657800
2014-12-17,5.380027770996094,5.440373259927657,5.001708060135039,5.048127803218235,22017200
2014-12-18,5.40787935256958,5.621409377456402,5.40787935256958,5.507681491973087,11880000
2014-12-19,5.651580810546875,5.651580810546875,5.45429761672288,5.45429761672288,17322200
2014-12-22,5.702642917633057,5.744420592774774,5.5981991724701885,5.686396142342705,6444600
2014-12-23,5.6817522048950195,5.760665466853946,5.616765125181512,5.737455605802859,6468200
2014-12-26,5.698002815246582,5.735138440881021,5.626052595916305,5.677113970490764,3106800
2014-12-29,5.639975070953369,5.709604660617913,5.619086238323138,5.693357889170249,3968000
2014-12-30,5.516966342926025,5.702644457365775,5.500719563248991,5.660866770943945,5600200
2015-01-02,5.257015705108643,5.493755595439359,5.157213568438352,5.438052169954156,9500800
2015-01-05,5.147929668426514,5.268620639900139,5.082942120088841,5.240768706986435,11132400
2015-01-06,5.219879150390625,5.284866689794378,5.101509226489893,5.159533672949581,16931800
2015-01-07,5.449653148651123,5.5889118382514615,5.277900927130802,5.324320637894639,8214400
2015-01-08,5.468225955963135,5.565707083754203,5.389312640956479,5.516966741204457,6170200
2015-01-09,5.231485843658447,5.465904286719816,5.2245227486668275,5.454299571091974,7558200
2015-01-12,5.140964984893799,5.338248157514105,5.110792472700725,5.236125025329832,6647000
2015-01-13,5.110793113708496,5.270940259782204,5.064373381614121,5.180422269158685,13345600
2015-01-14,5.147929668426514,5.280225353710834,5.013312951841764,5.071337406278147,12824000
2015-01-15,5.1154351234436035,5.3150389069605914,5.1154351234436035,5.189706339886331,12393600
2015-01-16,5.175782203674316,5.310398947439101,5.159535423982427,5.201313110442454,17017400
2015-01-19,5.152574062347412,5.294153494200652,5.127043149182488,5.175783500470081,8848800
2015-01-20,5.129360198974609,5.310396154844041,5.110792397277967,5.26861893304508,12890200
2015-01-21,5.259337425231934,5.2871893629675615,5.157214243790008,5.1873872132278995,13321200
2015-01-22,5.303431987762451,5.396270969670152,5.273259041960458,5.28022213161273,18856200
2015-01-23,5.289510726928711,5.396275535790028,5.236127879806493,5.280226599536478,8027600
2015-01-26,5.229162693023682,5.2848661023098265,5.164175160844175,5.2384463732257,8109400
2015-01-27,5.338246822357178,5.352172559679354,5.089902367104198,5.192025473746308,12168200
2015-01-28,5.108470439910889,5.315037251645482,5.106149409783494,5.25469179640691,11751400
2015-01-29,5.001707077026367,5.166496734159212,4.97617662177107,5.1641757031921145,10845400
2015-01-30,4.795142650604248,4.950648263647495,4.7812169003487455,4.943685167173934,14294200
2015-02-02,4.6883769035339355,4.876376044354091,4.618747280595393,4.825314675019051,17874200
2015-02-03,4.839241981506348,4.899587497083626,4.7046251983544725,4.753365551690924,16762600
2015-02-04,5.175782203674316,5.205955173980578,4.869413093222845,4.869413093222845,18676800
2015-02-05,5.289510726928711,5.428769096279722,5.12472100724906,5.127042039097119,11804000
2015-02-06,5.082939624786377,5.222198335607491,5.043482997431915,5.222198335607491,11445200
2015-02-09,5.212914943695068,5.212914943695068,5.00170603912239,5.03652105371301,8407800
2015-02-10,5.038844108581543,5.352176294468957,5.038844108581543,5.222201622485173,12658200
2015-02-11,5.094547748565674,5.1989915106122835,5.036523288753726,5.1061524634514655,17032600
2015-02-12,5.363780498504639,5.363780498504639,5.140966372045046,5.178101986006405,13287800
2015-02-13,5.7096028327941895,5.7096028327941895,5.375382060396409,5.389307796794722,15980400
2015-02-18,5.558742046356201,5.823333375717037,5.542494829783554,5.730494351615988,19559800
2015-02-19,5.651580810546875,5.658543460352132,5.484470132158848,5.577309594681693,8894400
2015-02-20,5.584297180175781,5.70311207052278,5.533043881035233,5.70311207052278,5348200
2015-02-23,5.56333065032959,5.581968256829557,5.463153793114508,5.521396368971355,7563400
2015-02-24,5.509751319885254,5.661182030831906,5.474805839567702,5.577312966940959,12215200
2015-02-25,5.3932623863220215,5.4212190179949875,5.316382204665846,5.400251655329159,13977600
2015-02-26,5.360647201538086,5.453835242144846,5.3117232024972685,5.416560025902142,9959400
2015-02-27,5.526056289672852,5.637882390276391,5.337350439210095,5.35831780530103,14699000
2015-03-02,5.514410495758057,5.565663834106653,5.428211234890653,5.472475744220177,8619000
2015-03-03,5.505090713500977,5.54469570184368,5.439859281658267,5.521399015817456,7975000
2015-03-04,5.227856159210205,5.423551340446017,5.227856159210205,5.416562068131954,14053400
2015-03-05,5.251152992248535,5.28842822043713,5.15563472011502,5.267460849036574,14606000
2015-03-06,5.1253461837768555,5.258139172896004,5.1253461837768555,5.253479660629058,8951800
2015-03-09,4.924990653991699,5.118355932378026,4.911012564230949,5.113696865361416,11668200
2015-03-10,4.955280780792236,5.06710647215298,4.864422017750309,4.892378662768394,12909000
2015-03-11,5.034486770629883,5.0903995720422905,4.950617346333549,4.987892547275154,9907200
2015-03-12,5.102048873901367,5.160291441969546,5.062443909840784,5.125345989999745,8759600
2015-03-13,4.978576183319092,5.029829496318611,4.869079843046256,4.964597643482787,15468200
2015-03-16,4.978576183319092,5.055456374996194,4.871409599685641,5.032159252957996,9297600
2015-03-17,5.2301836013793945,5.23484266983719,4.9669269040453825,4.978575686078869,11792600
2015-03-18,5.600607872009277,5.644871922087994,5.16728284440711,5.2045580678185095,24785000
2015-03-19,5.351327419281006,5.581967953831935,5.342008838714643,5.572649373265572,11416400
2015-03-20,5.577311992645264,5.584300820874367,5.416562278038682,5.437529651437619,18581200
2015-03-23,5.581969261169434,5.584299017945561,5.4584952625243455,5.5144080920844045,9680200
2015-03-24,5.569421768188477,5.668833476615664,5.5126151421527885,5.633328940316793,8084600
2015-03-25,5.441606521606445,5.638062939298355,5.4321389763289325,5.590724309992928,12465800
2015-03-26,5.228580474853516,5.448706387196719,5.214378934158133,5.432137847808966,12054800
2015-03-27,5.245149612426758,5.259351154741761,5.114967829711627,5.259351154741761,16438000
2015-03-30,5.401369094848633,5.441607182950986,5.238049742967433,5.290122828428707,9587400
2015-03-31,5.422674179077148,5.633332264707217,5.313794861120681,5.325629412564924,19279800
2015-04-01,5.6262311935424805,5.654634294962755,5.484214332063633,5.522085434930105,21375200
2015-04-02,5.822682857513428,5.8652879256045525,5.5741534441347955,5.66883157387453,17881200
2015-04-06,6.030975818634033,6.030975818634033,5.8203178557611785,5.843987396315855,18071000
2015-04-07,5.841619491577148,6.097249496731567,5.841619491577148,6.023874338699345,13260400
2015-04-08,5.763512134552002,5.983638128804416,5.756411135832599,5.952867585812677,14930000
2015-04-09,5.552852630615234,5.70907141250596,5.519715545814222,5.656998334722744,18017800
2015-04-10,5.751676082611084,5.775345622545645,5.536284126978533,5.538651126117881,12686800
2015-04-13,5.739841938018799,5.836886652194359,5.7114383978279,5.772979025359052,10748400
2015-04-14,5.697237491607666,5.8203187604562645,5.6522654027093315,5.777713671127211,9768000
2015-04-15,5.92446231842041,5.983635931643494,5.7067034037011055,5.728005940578123,15294600
2015-04-16,6.104353427886963,6.116187976289733,5.860557848241793,5.870025396672193,18013200
2015-04-17,5.810853481292725,6.049915132147879,5.7398452668229325,6.009677023559205,22663200
2015-04-20,5.782447814941406,5.858189997217441,5.716173179720366,5.848721998703428,8205200
2015-04-22,6.016773223876953,6.054644301565554,5.782445761381661,5.799014301438067,12366800
2015-04-23,6.222699165344238,6.260570252536118,5.924464015113956,5.929197562418714,14053400
2015-04-24,6.435723304748535,6.4901629290581315,6.258202437379832,6.272403980360833,17516000
2015-04-27,6.2487335205078125,6.457024893684752,6.22506398472059,6.390750283772299,16033800
2015-04-28,6.272403717041016,6.310274797706439,6.101983854046612,6.2937062563476776,9696400
2015-04-29,6.154059410095215,6.2369026078306256,6.11855531148264,6.225067607320362,10251000
2015-04-30,6.300807952880859,6.300807952880859,6.061746447474332,6.11855307478,14465800
2015-05-04,6.258203983306885,6.381284805311005,6.25110298433281,6.345780713358682,9024000
2015-05-05,6.430990695953369,6.447559241587158,6.19666315457762,6.244001791894301,9705800
2015-05-06,6.416787147521973,6.447557229602947,6.329209996053424,6.416787147521973,8997400
2015-05-07,6.594309329986572,6.601409876500275,6.333945273288762,6.350513817099348,9796400
2015-05-08,6.627446174621582,6.722123886824388,6.523300465469025,6.62981317385902,10114200
2015-05-11,6.6416473388671875,6.681885420685233,6.475961464849702,6.6369137921218835,8501400
2015-05-12,6.511465072631836,6.66294939242571,6.511465072631836,6.587207232528773,16299200
2015-05-13,6.390754222869873,6.542238622945054,6.355250123034643,6.478331423825289,14432800
2015-05-14,6.144589900970459,6.319744253842834,6.087783266846579,6.317377254321965,20018000
2015-05-15,6.206130027770996,6.272404654570933,6.132754854446788,6.16825894144502,8373400
2015-05-18,6.163529396057129,6.272408727071898,6.097254726226887,6.272408727071898,9680200
2015-05-19,5.981271266937256,6.2013972662576,5.886593539127166,6.189562268119452,12372600
2015-05-20,5.92446231842041,6.06647862898874,5.836885172208355,5.903159781543392,15003200
2015-05-21,5.829787731170654,5.891328380625947,5.7469449833069115,5.872392830905789,8793800
2015-05-22,5.629938125610352,5.7818377502937475,5.629938125610352,5.762548901764389,16918400
2015-05-25,5.834883213043213,5.878282783156645,5.572072329074584,5.620294226939226,7725400
2015-05-26,5.678159236907959,5.844525820044193,5.620292699269783,5.8180034845041435,10624200
2015-05-27,5.7721943855285645,5.805949760335532,5.605827755626738,5.716738535639628,12563000
2015-05-28,5.641997337341309,5.736030940550202,5.605830779129921,5.736030940550202,13311000
2015-05-29,5.482860088348389,5.666104369967261,5.475626598063107,5.666104369967261,14234600
2015-06-01,5.516613960266113,5.552780942000262,5.437047428239082,5.497325117952962,7582200
2015-06-02,5.654050350189209,5.704683414516376,5.535905613660799,5.545550269655979,16226800
2015-06-03,5.449106216430664,5.68539477871218,5.449106216430664,5.6661059258704745,24737800
2015-06-05,5.384005546569824,5.473216768131597,5.330961322324903,5.473216768131597,12479800
2015-06-08,5.3598952293396,5.487684172677211,5.352662196620285,5.427406447309337,13921600
2015-06-09,5.429816722869873,5.480449783148693,5.376772038902569,5.384005530320603,19866800
2015-06-10,5.596184253692627,5.654051279408893,5.494918108395625,5.521439996976112,12258000
2015-06-11,5.562427520751953,5.666105265142132,5.456338612552412,5.661282937523409,9621000
2015-06-12,5.4940338134765625,5.611239756387659,5.4940338134765625,5.540428007196169,13196600
2015-06-15,5.4842634201049805,5.489147114823138,5.384150007056565,5.489147114823138,7979800
2015-06-16,5.66740083694458,5.699144403997663,5.501359318591193,5.533102419909263,22247800
2015-06-17,5.506242752075195,5.686935834844116,5.4842665789204625,5.664959661689383,11673400
2015-06-18,5.684493541717529,5.716236641717967,5.533102190234303,5.572170835958685,11005200
2015-06-19,5.645425796508789,5.699145076514959,5.547753700882925,5.616124074674016,10274000
2015-06-22,5.752862930297852,5.791931572568452,5.686934887550559,5.716236136386033,13555200
2015-06-23,5.718677520751953,5.879835773476119,5.718677520751953,5.787047872045656,10033200
2015-06-24,5.830999374389648,5.848092310437435,5.68449221985914,5.7528621011107415,10826600
2015-06-25,5.757744789123535,5.8480912866197325,5.689374454106554,5.835882048723055,11658800
2015-06-26,5.982392311096191,5.982392311096191,5.728445638419303,5.735771184424025,13038600
2015-06-29,5.811466217041016,5.9433232413417425,5.769955724102081,5.867627800947795,9921400
2015-06-30,5.9286699295043945,5.933553158545839,5.779720498973292,5.826114667877774,12983000
2015-07-01,5.852976322174072,5.982391489405382,5.811465831985535,5.953089775146142,9023400
2015-07-02,5.835883617401123,5.923788290946648,5.779722505184783,5.911579049768142,22231400
2015-07-03,5.779723644256592,5.823675989691512,5.7406549962555555,5.823675989691512,4002400
2015-07-06,5.823673248291016,5.8969268123762655,5.664956882283106,5.730884903665911,7517000
2015-07-07,5.718677520751953,5.796814798953377,5.6576327139402265,5.787047872045656,11944400
2015-07-08,5.655189514160156,5.762628478876105,5.618562731974093,5.682049371772845,6532400
2015-07-10,5.801697254180908,5.86762574321059,5.726001840332837,5.728443222236323,8760200
2015-07-13,5.835883617401123,5.894486577853163,5.806582370042568,5.860301634023205,5679400
2015-07-14,5.843207836151123,5.889602010631691,5.752861334871578,5.848091531514304,4237000
2015-07-15,5.843207836151123,5.899368935623229,5.813906129706863,5.828557215796406,7626800
2015-07-16,5.65274715423584,5.765069803925306,5.5965860622584875,5.667397772635418,16662000
2015-07-17,5.5184502601623535,5.694259124367312,5.484264853932449,5.640539865627296,14118000
2015-07-20,5.379268646240234,5.537985053822899,5.379268646240234,5.511125189279629,11974000
2015-07-21,5.371940612792969,5.442752780786991,5.28159413392727,5.398800464892041,10520200
2015-07-22,5.113110542297363,5.345080410482969,5.091134385789771,5.345080410482969,17370400
2015-07-23,5.032532215118408,5.1717142501431805,5.012997902583962,5.088693305438097,13402000
2015-07-24,4.983696937561035,5.071601589826708,4.810329946409089,5.032532958983034,13885600
2015-07-27,5.135089874267578,5.208343464102023,5.037417800175032,5.064277667123978,17757200
2015-07-28,5.1277618408203125,5.271827567892615,4.956836259832406,5.254735102940772,15462600
2015-07-29,5.354850769042969,5.354850769042969,5.086253513835885,5.093579058647555,14724000
2015-07-30,5.262062072753906,5.393919076811805,5.208342811323784,5.354850438365371,8939200
2015-07-31,5.384151458740234,5.393918850810049,5.264503700294328,5.3206652732259885,14002600
2015-08-03,5.430545330047607,5.491590129799584,5.330431895713156,5.3597336045174435,9993000
2015-08-04,5.237641334533691,5.4598442550790365,5.205897794036,5.4598442550790365,8981800
2015-08-05,5.298687934875488,5.3426397922640145,5.225433907758374,5.2742699258364505,7208800
2015-08-06,5.152177810668945,5.274267330041505,5.1326435061987175,5.249849333020082,8686000
2015-08-07,5.000790596008301,5.179041324890259,4.993465517065298,5.139972684744485,9293000
2015-08-10,5.132646560668945,5.183923965768339,5.010556968640102,5.06671806919701,5401800
2015-08-11,5.196133136749268,5.196133136749268,5.017881980749829,5.127762798438878,7517600
2015-08-12,4.966606140136719,5.14729873499236,4.932421193085238,5.127764413000803,15232800
2015-08-13,4.749283790588379,4.93241811980282,4.719982092990808,4.89823272831654,20096400
2015-08-14,4.712658405303955,4.829864776048308,4.70777517522971,4.783470597331478,10405600
2015-08-17,4.634520530700684,4.76149381076408,4.634520530700684,4.715099638099606,14015400
2015-08-18,4.79079532623291,4.927535525487383,4.59300987121677,4.622311575352979,24531800
2015-08-19,4.4953389167785645,4.654055299466699,4.4953389167785645,4.605219740189115,21776600
2015-08-20,4.541733264923096,4.568592660529588,4.395225650105925,4.463595994549903,19084600
2015-08-21,4.531966686248779,4.588128266922351,4.412318911309348,4.507548668443089,12980800
2015-08-24,4.411657810211182,4.549445092731508,4.212358289331638,4.281251695941235,24489600
2015-08-25,4.35506534576416,4.586350954113837,4.350144255552212,4.574048697884958,18602800
2015-08-26,4.569129943847656,4.571590490211697,4.320620392694394,4.414119277322989,19407400
2015-08-27,4.731521129608154,4.844703889059746,4.608496656330972,4.652785541798938,21452000
2015-08-28,4.620797157287598,4.793031055251123,4.556824405712267,4.672467185886386,21263800
2015-08-31,4.387053489685059,4.5346829781091955,4.330462334401188,4.470710184148696,27377200
2015-09-01,4.273870944976807,4.374750988191408,4.256647122341598,4.305857105554118,13812400
2015-09-02,4.281252861022949,4.37475175158198,4.2394245087836495,4.310778949962975,14102800
2015-09-03,4.387053489685059,4.387053489685059,4.222200646983326,4.323080695724559,19712600
2015-09-04,4.1926727294921875,4.340301667580574,4.1926727294921875,4.2837105433599625,14320600
2015-09-08,4.207437992095947,4.298475859249088,4.165609643341438,4.273871334700384,12073000
2015-09-09,4.2197394371032715,4.364908356470596,4.207437177211586,4.281251675163964,12760600
2015-09-10,4.1459245681762695,4.1459245681762695,3.973690129297303,4.0893334268564425,31669200
2015-09-11,4.035202980041504,4.172990270672847,4.035202980041504,4.138543565340302,15107400
2015-09-14,4.271821975708008,4.289329366573269,4.056730083270519,4.0742379511764035,17450400
2015-09-15,4.426888942718506,4.47190774965079,4.176782233571488,4.256816304172023,17238000
2015-09-16,4.469407081604004,4.601963331530434,4.456901459980302,4.456901459980302,19304400
2015-09-17,4.459404468536377,4.5769544992234446,4.451901092391756,4.499421520559246,20004000
2015-09-18,4.209294319152832,4.444394671258958,4.1542710354856585,4.444394671258958,18609600
2015-09-21,4.074239253997803,4.271823341710964,4.074239253997803,4.231806299211064,13184800
2015-09-22,4.0717387199401855,4.17678359100255,3.9466850862046075,4.0592330941941634,17388000
2015-09-23,3.926675319671631,4.116756238982507,3.916671060760532,4.101749969876033,19058600
2015-09-24,3.9341776371002197,3.9867000451047248,3.78911579375831,3.876653219939251,17517600
2015-09-25,3.814127206802368,4.05172876459977,3.814127206802368,4.0067094818978894,14071800
2015-09-28,3.624047040939331,3.8116271184850987,3.6240470409393315,3.7891174710163424,18993600
2015-09-29,3.5840296745300293,3.674068017811345,3.576526538886682,3.631550090152121,17155800
2015-09-30,3.8016233444213867,3.8016233444213867,3.6965784684520746,3.724090369337639,24571400
2015-10-01,3.7290937900543213,3.834138705705473,3.6790724584396117,3.801624780525781,18401200
2015-10-02,3.9816997051239014,3.991703966151031,3.6840725221561033,3.7115844188710074,18160400
2015-10-05,4.04172420501709,4.121758272119897,3.984199778917031,4.021715688241389,14079400
2015-10-06,4.134264945983887,4.154273467854459,3.959190021835783,4.01171268989653,15421400
2015-10-07,4.4844136238098145,4.4844136238098145,4.186786489596745,4.186786489596745,44423400
2015-10-08,4.419386863708496,4.514427231114334,4.396877215131171,4.4519005355197265,21626400
2015-10-09,4.6294755935668945,4.6294755935668945,4.441895547524674,4.501921105013297,22702600
2015-10-13,4.244311332702637,4.501921454323606,4.23180618614582,4.486915183047274,25355400
2015-10-14,4.204294204711914,4.319343554237134,4.194290183080581,4.226803849683353,23927200
2015-10-15,4.144269943237305,4.286830754729191,4.081743238053783,4.251815952479507,14000600
2015-10-16,4.0717387199401855,4.196792115155342,4.054230843895755,4.144269441103737,16792000
2015-10-19,4.251814842224121,4.2593182166215495,4.031721107348109,4.094247796204346,12667000
2015-10-20,4.114254474639893,4.296832209827439,4.09174483857123,4.254314061368915,13143600
2015-10-21,4.164277076721191,4.2117974903349165,4.0817418725714285,4.089245246418041,13895200
2015-10-22,4.226801872253418,4.274322264632795,4.134262688033111,4.164275215927064,13031600
2015-10-23,4.169280529022217,4.361862886622661,4.169280529022217,4.304337957947637,11692800
2015-10-26,4.086744785308838,4.28683001662938,4.0767402852224,4.189288525990718,11589400
2015-10-27,4.141768455505371,4.141768455505371,4.05173033230453,4.101751405851473,14602600
2015-10-28,4.0717387199401855,4.2468131870168975,4.029220546485399,4.12676204210015,664400
2015-10-29,3.8766539096832275,4.064233937571125,3.8766539096832275,4.031720275968455,17701400
2015-10-30,3.9942054748535156,3.9942054748535156,3.851644443367291,3.851644443367291,13145000
2015-11-03,4.346854209899902,4.35685870681912,4.024216816905863,4.069236098961,21641600
2015-11-04,4.3643622398376465,4.4894155936778,4.336850349339793,4.406880399224926,20221800
2015-11-05,4.576952934265137,4.576952934265137,4.3368507042240205,4.339351828750372,18442800
2015-11-06,4.351858139038086,4.556945634679706,4.281828541720959,4.5294342116083435,17396800
2015-11-09,4.291832447052002,4.396877317170373,4.216800601413525,4.299335822432186,10834400
2015-11-10,4.284329891204834,4.30683954461033,4.184287252203147,4.204295780003484,8170600
2015-11-11,4.316843032836914,4.446898671504454,4.314341907819367,4.336851555936472,20864800
2015-11-12,4.304336071014404,4.319342816459262,4.189287218181189,4.201792362344566,20191200
2015-11-13,4.269321441650391,4.294332207931269,4.214298137465008,4.264319192986076,9762400
2015-11-16,4.326847076416016,4.356860099728306,4.2393100855902155,4.279327131979387,11374800
2015-11-17,4.404379844665527,4.479411675859662,4.351857181197034,4.376867950608662,12234400
2015-11-18,4.436893939971924,4.521930277969106,4.386872873352919,4.4143842930290935,17309400
2015-11-19,4.684499740600586,4.707009388318476,4.4894167630999515,4.51442705875022,24263800
2015-11-23,4.644484043121338,4.802051622878818,4.584458457465471,4.704509628777204,15854400
2015-11-24,4.695172309875488,4.733036505626627,4.546239389314221,4.61944343690384,11256800
2015-11-25,4.392258644104004,4.634590411179734,4.369540025894733,4.6244930335447405,15856600
2015-11-26,4.505850791931152,4.546239331077579,4.417500681997333,4.447792327091835,8420000
2015-11-27,4.364489555358887,4.483130792232354,4.319052342501623,4.483130792232354,12930800
2015-11-30,4.112062454223633,4.344296322600432,4.112062454223633,4.319053845755569,26581800
2015-12-01,4.112062454223633,4.202936430097785,4.096916390353455,4.13982927504686,16068200
2015-12-02,4.144877910614014,4.23827671075539,4.066625174151376,4.134780534828188,17510000
2015-12-03,4.493227005004883,4.538664211004365,4.32914858003831,4.392255703600003,22065400
2015-12-04,4.372063636779785,4.465462438355616,4.306432137572058,4.46293809437039,14797600
2015-12-07,4.354394435882568,4.498278696728791,4.339248850917036,4.404880361060298,10459600
2015-12-08,4.311480522155762,4.3897332543138115,4.27109198417294,4.35439340394618,12259200
2015-12-09,4.7456560134887695,4.7910932244118065,4.407401756027487,4.422547813981296,40847200
2015-12-10,4.543715953826904,4.727988763068323,4.5336185761575,4.705270144781631,25640600
2015-12-11,4.455364227294922,4.624491390848565,4.4326456171556785,4.488180211482403,22480400
2015-12-14,4.266768932342529,4.456517018229585,4.261640975808116,4.4513890616951715,16431200
2015-12-15,4.2975382804870605,4.412925349798929,4.2847171689577,4.320615792164514,14395400
2015-12-16,4.230869293212891,4.294973373413086,4.1026611328125,4.2565110231080325,19279000
2015-12-17,4.202665328979492,4.436004252134725,4.182152033177127,4.389849703386067,19358600
2015-12-18,4.089839935302734,4.159072209129793,4.002658354193547,4.0770190713976815,25740600
2015-12-21,3.8231663703918457,4.128301854571416,3.8231663703918453,4.1026601309380135,24011800
2015-12-22,3.8462443351745605,3.9770167012595268,3.8282952731957876,3.8821427036697362,24137200
2015-12-23,3.807781934738159,3.9257334357644202,3.7436778634094874,3.9154767941333377,17237200
2015-12-28,3.841118097305298,3.859067414126885,3.807784175788999,3.8129123773539026,11006400
2015-12-29,3.7949609756469727,3.894963167888057,3.794960975646972,3.894963167888057,8813800
2015-12-30,3.779576301574707,3.8308595140004713,3.743678175145495,3.8206028715153186,9739000
2016-01-04,3.6513686180114746,3.735985990534919,3.6513686180114746,3.702651837035126,12181000
2016-01-05,3.6641900539398193,3.7359865717423153,3.66419005393982,3.694959990140889,11209000
2016-01-06,3.6641900539398193,3.7154732809416022,3.5949577586218417,3.6231634723383936,11730000
2016-01-07,3.5770082473754883,3.648804761195917,3.57444402503319,3.615470848896851,12981400
2016-01-08,3.5770082473754883,3.6821389180326847,3.5411101127341245,3.638548116364427,9385000
2016-01-11,3.4744420051574707,3.6052144179193983,3.461621137223175,3.5898293274907003,10671000
2016-01-12,3.35392689704895,3.551367666245978,3.3539268970489506,3.5052126304258384,13971000
2016-01-13,3.2923853397369385,3.443670996258634,3.2616154130009796,3.4154650466807746,15641800
2016-01-14,3.477006673812866,3.4770066738128667,3.2462317549962183,3.3334133746911023,18373800
2016-01-15,3.34366774559021,3.428285084867132,3.312897826265655,3.3821300836115085,16259400
2016-01-18,3.3231568336486816,3.3872609390473536,3.310335963661396,3.3616191990727824,7017600
2016-01-19,3.2923853397369385,3.4231577117679945,3.2923853397369385,3.4154650466807746,13407000
2016-01-20,3.2616159915924072,3.292385923786771,3.2103327712684684,3.246230903226384,14415400
2016-01-21,3.2590529918670654,3.3436703982747935,3.2180264002194128,3.235975472930817,16240200
2016-01-22,3.333411931991577,3.3718742795456538,3.302642005040787,3.3205910679610042,13285000
2016-01-26,3.305205821990967,3.320590661313476,3.2616150363478367,3.2923849595304673,19850800
2016-01-27,3.256486654281616,3.3128983034373154,3.233409150329848,3.2821283796808296,20708000
2016-01-28,3.3282835483551025,3.346232856135411,3.2487946301053308,3.2872569783503627,13686800
2016-01-29,3.5513668060302734,3.5513668060302734,3.3308485723373287,3.3513618622802483,20564000
2016-02-01,3.630856513977051,3.6411131611252103,3.4641859366850203,3.523161596652498,13684400
2016-02-02,3.3590543270111084,3.5564947919492913,3.351361660342759,3.53854572546519,23686000
2016-02-03,3.4026451110839844,3.4718773990186276,3.3744391558377647,3.4513641104055712,13321200
2016-02-04,3.5385448932647705,3.6205980287949244,3.4385424509341695,3.461619956436434,18050600
2016-02-05,3.510340690612793,3.6026507585380942,3.497520065212283,3.5641881487233005,11180000
2016-02-10,3.510340690612793,3.5180333592984043,3.453929254144836,3.466750124083101,10771000
2016-02-11,3.34879732131958,3.484697905473322,3.2898214392475684,3.453927975733097,21786400
2016-02-12,3.333411931991577,3.479569146142239,3.28469294212057,3.3846951435762267,20172800
2016-02-15,3.369311809539795,3.423159266925286,3.353926716913476,3.410338397159645,9026600
2016-02-16,3.4359798431396484,3.4718782290638095,3.3590551147186205,3.3693117614772743,13921200
2016-02-17,3.4257214069366455,3.538544706885713,3.3616173370457365,3.4436707127916817,19598200
2016-02-18,3.3000776767730713,3.4770050566994715,3.300077676773071,3.425721602233038,18268600
2016-02-19,3.335977792739868,3.4077743242334932,3.2821303329852083,3.3000794047241744,16012200
2016-02-22,3.489825963973999,3.5129034714821454,3.410337043154443,3.4334145506625893,21210200
2016-02-23,3.4667508602142334,3.574445554765424,3.4154673695716196,3.461622413334849,13857800
2016-02-24,3.351360321044922,3.402643766855516,3.302641340969969,3.3744378227521707,19670200
2016-02-25,3.364182710647583,3.387260222837586,3.2564878167860387,3.333412775906814,19713200
2016-02-26,3.3846957683563232,3.4564922778277314,3.323155903095116,3.4026450791274407,13945000
2016-02-29,3.471877098083496,3.5103394497647176,3.394952150183385,3.4359787238533994,32678200
2016-03-01,3.671882152557373,3.7052163082989096,3.492390751634842,3.5180324851399294,27066400
2016-03-02,3.7872698307037354,3.8129113204965215,3.6436765586208666,3.687267360260075,25938800
2016-03-03,4.28535270690918,4.383391862380343,3.8699752102102516,3.8957751433635455,51505800
2016-03-04,4.708469867706299,5.082567670470768,4.285352732954716,4.285352732954716,53854400
2016-03-07,4.711050033569336,4.760069858932457,4.5175512668174935,4.7084699909615075,22629000
2016-03-08,5.224466323852539,5.224466323852539,4.628490303213856,4.708469649891794,53123000
2016-03-09,5.23736572265625,5.474724197804684,5.136746534874579,5.211566284214716,49665000
2016-03-10,5.546963691711426,5.665642678678418,5.203825957442754,5.353464958279632,45257200
2016-03-11,5.895262241363525,6.008781650173392,5.482464793767202,5.55212446454322,56263800
2016-03-14,5.752306938171387,6.120247298998113,5.583883147241744,5.959597073474331,42439800
2016-03-15,4.534474849700928,5.350680223803388,4.534474849700928,5.314404583155712,70133200
2016-03-16,4.687351703643799,4.7650853643992646,4.353095875114459,4.4437854754748765,47140000
2016-03-17,5.361045837402344,5.532060305421837,5.013834524946135,5.495784164719877,61471400
2016-03-18,5.275539875030518,5.472465778385351,5.1667124151296555,5.394731596045458,25889000
2016-03-21,5.3636369705200195,5.3869571699393894,5.247035973423171,5.335134394736654,22306200
2016-03-22,5.285905361175537,5.368821446179256,5.265176339924608,5.316999140161357,19311600
2016-03-23,5.088976860046387,5.1796664678701845,5.052701214604308,5.177075279735949,19680000
2016-03-24,4.920553207397461,4.995696174866925,4.832454794469809,4.858366179604748,21810800
2016-03-28,5.208168029785156,5.257399606319516,5.101931808044726,5.234079411867372,32618400
2016-03-29,5.3636369705200195,5.3636369705200195,5.060474872286825,5.221124585821803,37930600
2016-03-30,5.252217769622803,5.467281422786403,5.24185301803971,5.4413700380472285,27935600
2016-03-31,5.122664451599121,5.223718369820598,5.0112457754991055,5.184851516213788,283000
2016-04-01,5.122664451599121,5.174486758335249,4.97497011136193,5.0242012286284226,90000
2016-04-04,4.832455635070801,5.0682483417993796,4.824682564131196,5.029381504445405,318800
2016-04-05,4.754722595214844,4.993106522158601,4.653668211539319,4.8065448871999195,380400
2016-04-06,4.710672855377197,4.842820500817328,4.612209671299299,4.692535030473022,257000
2016-04-07,4.855776309967041,4.855776309967041,4.855776309967041,4.855776309967041,114400
2016-04-08,5.41546106338501,5.428417008629742,5.0164273400040225,5.050111809202772,36733400
2016-04-11,5.5812907218933105,5.648659624307564,5.472463311058612,5.526876769366704,146200
2016-04-12,5.7263946533203125,5.741941287485198,5.5216952442385345,5.627931483765997,237000
2016-04-13,5.785991668701172,5.99328181363689,5.783400480112139,5.897410306936129,375200
2016-04-14,5.682347774505615,5.975145226718139,5.6123871507510055,5.910366981216193,32011600
2016-04-15,5.881863594055176,5.905183796838181,5.736760000245657,5.902592608282438,29140000
2016-04-18,5.721212863922119,5.975143389603896,5.656434638336851,5.85595169175195,29697600
2016-04-19,5.695301055908203,5.855951260998729,5.695301055908203,5.804128486655049,173400
2016-04-20,5.656434535980225,5.697892560067097,5.555380664045803,5.669389983175385,19879600
2016-04-22,5.511331081390381,5.591655935884639,5.449144049438188,5.511331081390381,23234200
2016-04-25,5.389547824859619,5.542424466959741,5.327360791598002,5.4672819871005975,12521800
2016-04-26,5.635707855224609,5.674574707106529,5.392141492295696,5.420644080977895,25508000
2016-04-27,5.77821683883667,5.850768620801401,5.684936541131822,5.700483175046199,18239200
2016-04-28,5.635707855224609,5.747126526379925,5.570929604015131,5.713441558988449,22155600
2016-04-29,5.7289838790893555,5.731575066265734,5.596836298404623,5.700481314367623,30400400
2016-05-02,5.583883285522461,5.7289868780465705,5.547607634500772,5.700484298404571,17302200
2016-05-03,5.296266555786133,5.467280989609084,5.296266555786132,5.467280989609084,17387000
2016-05-04,5.410276412963867,5.423232352767088,5.247035525191847,5.259990970776498,15545600
2016-05-05,5.316997051239014,5.524287182308921,5.259991894530797,5.493193909757763,11430800
2016-05-06,5.361045837402344,5.433597130369027,5.17707542833979,5.17707542833979,11361000
2016-05-09,5.247036457061768,5.363637464906159,4.974968097716398,5.348090334381135,22928400
2016-05-10,5.557968616485596,5.557968616485596,5.340313869638546,5.3843630563627904,30806800
2016-05-11,5.3066325187683105,5.734168740807305,5.3066325187683105,5.700484278436399,36734200
2016-05-12,5.156347751617432,5.342909397180345,5.0086534450259546,5.215943613186142,55622000
2016-05-13,5.016426086425781,5.228898593155868,4.923145280849196,5.169302742579117,27513200
2016-05-16,4.938690185546875,5.052699964144646,4.928325929793521,5.003468390215396,23098000
2016-05-17,4.700308799743652,4.91796371936002,4.689944538638401,4.88687044182553,25254800
2016-05-18,4.705488681793213,4.8583652822109284,4.588887717332762,4.674395420749408,24360400
2016-05-19,4.594072341918945,4.723628812887119,4.570752137607177,4.65107750544492,19379800
2016-05-20,4.485244274139404,4.697716778442059,4.485244274139405,4.664032318045712,16166200
2016-05-23,4.404919147491455,4.4671061820321585,4.363461124464319,4.415283900357548,17438600
2016-05-24,4.17344331741333,4.575640233172351,4.17344331741333,4.512960291392223,54938200
2016-05-25,4.296191215515137,4.374541004399308,4.17605430800549,4.17866603405307,40225800
2016-05-27,4.212617874145508,4.398046455944966,4.142103007678324,4.361483284098252,16056000
2016-05-30,4.285745620727539,4.348425570612334,4.223065670842744,4.259628850408217,9085800
2016-05-31,4.301415920257568,4.41894114955532,4.170832802610743,4.270076191202175,26358600
2016-06-01,4.327531814575195,4.353648582242673,4.207395380695074,4.277910005820579,21501400
2016-06-02,4.413715839385986,4.413715839385986,4.246569359678887,4.351035909495824,20070000
2016-06-03,4.51818323135376,4.541688271710686,4.400658527705028,4.447668608418879,19103800
2016-06-06,4.47117280960083,4.588697491191866,4.424162737710096,4.531241013400858,16916800
2016-06-07,4.418939590454102,4.541687732528775,4.400658005265941,4.426774769021529,14297000
2016-06-08,4.5573577880859375,4.596532682059049,4.4581141920092,4.460725918025514,17787000
2016-06-09,4.544300556182861,4.580864233525278,4.460727290490407,4.5207955129398645,21393000
2016-06-10,4.322306156158447,4.505122938421102,4.322306156158447,4.481617909326314,19733400
2016-06-13,4.358872413635254,4.4006590462748,4.246570651615491,4.272687421549196,13732800
2016-06-14,4.242410659790039,4.432015417474151,4.187108958206201,4.379347178087786,17629800
2016-06-15,4.239777565002441,4.308246081225425,4.108107457407841,4.2740115719731335,24911400
2016-06-16,4.263478755950928,4.289812881208446,4.097574369566554,4.208177042681972,20292000
2016-06-17,4.213443279266357,4.39251469900023,4.213443279266357,4.300345526809963,26122800
2016-06-20,4.368814468383789,4.421482715447149,4.310879798439396,4.339846882270778,27547400
2016-06-21,4.1739420890808105,4.226609825423232,4.147607969768826,4.200275957252021,40189200
2016-06-22,4.160776138305664,4.2713788159265045,4.160776138305664,4.21081067696412,22121200
2016-06-23,4.271378517150879,4.300346104316083,4.208176919748145,4.242411432267322,23530400
2016-06-24,4.184475898742676,4.187109109894767,4.052805797788239,4.113373923679703,20642800
2016-06-27,4.1186418533325195,4.229244534074957,4.065973599185547,4.223978110485617,16009800
2016-06-28,4.221343517303467,4.237143788404425,4.15814167947729,4.202909532831307,14202000
2016-06-29,4.3424811363220215,4.35828141240817,4.2634792536095585,4.2634792536095585,21470600
2016-06-30,4.524183750152588,4.524183750152588,4.274010412668514,4.334578525185639,28466000
2016-07-01,4.4899492263793945,4.553151302554239,4.450448305481212,4.526817187861631,16563000
2016-07-04,4.5110182762146,4.555786138951935,4.474150801824441,4.529452515691346,11441600
2016-07-05,4.476784706115723,4.50048537121299,4.426749912879078,4.4846850952420505,9921000
2016-07-06,4.466248512268066,4.48204928223629,4.3635460188818795,4.450448244581296,18167400
2016-07-07,4.410947322845459,4.513649816199557,4.410947322845459,4.479415819175342,15182400
2016-07-08,4.537352085113525,4.54788593550798,4.47151702699308,4.492584225500357,11531800
2016-07-11,4.745390892028809,4.750657816984254,4.595287046769877,4.611087319354604,19298800
2016-07-12,4.68481969833374,4.879691273718033,4.676919316066883,4.824389602412592,21099600
2016-07-13,4.753289699554443,4.792791125483244,4.621619619209096,4.684821699782579,22121000
2016-07-14,5.00609827041626,5.03769881950239,4.811226543446219,4.845460555336472,36803400
2016-07-15,5.071933746337891,5.108801224031885,4.987664938876355,4.987664938876355,30739600
2016-07-18,5.256271839141846,5.256271839141846,5.071933941304174,5.0824672915009135,20480200
2016-07-19,5.511708736419678,5.511708736419678,5.214134122540952,5.237834773284617,36141000
2016-07-20,5.622311115264893,5.664445490181651,5.464306958186363,5.530141981778969,33072200
2016-07-21,5.516979694366455,5.653916273806334,5.33790820323533,5.609148401023552,29865000
2016-07-22,5.427441120147705,5.598612131948629,5.427441120147705,5.503809509045309,16187600
2016-07-25,5.6091461181640625,5.6091461181640625,5.4458754737221415,5.448508936023666,23936000
2016-07-26,5.646015644073486,5.719750599710283,5.609147663973374,5.62231497910974,19589800
2016-07-27,5.6565470695495605,5.767149967659481,5.635479874780126,5.661813993812306,18010200
2016-07-28,5.443242073059082,5.595979372306054,5.39847421798937,5.595979372306054,17635400
2016-07-29,5.543310165405273,5.580178129345502,5.401106740234803,5.440607663766517,18178200
2016-08-01,5.44851016998291,5.6196812400956215,5.440609781289084,5.567012986700161,14231400
2016-08-02,5.319474220275879,5.495912240019294,5.2931400900206995,5.398476108759659,20157000
2016-08-03,5.403741359710693,5.4458757541415235,5.2747047139810785,5.2931384487593665,14761000
2016-08-04,5.54857873916626,5.556479127134587,5.451143132298436,5.456409555329012,15344800
2016-08-05,5.58807897567749,5.656547489329682,5.522243924352103,5.609146172010351,9234200
2016-08-08,5.574911117553711,5.624945887787136,5.530143270983064,5.551210463352693,8695800
2016-08-09,5.6354804039001465,5.674981335016421,5.564378426521899,5.590712548026612,10663000
2016-08-10,5.495909690856934,5.688147898675096,5.469575572816282,5.653913394537792,15765000
2016-08-11,5.806651592254639,5.809285054702204,5.480109782980702,5.480109782980702,31725000
2016-08-12,5.969922065734863,6.009422993370593,5.767150000981488,5.806650928617218,34418800
2016-08-15,6.104226112365723,6.114759459517521,5.969922545779578,5.98572281764807,16581600
2016-08-16,5.9620232582092285,6.1094941637834,5.930422708644534,6.038392173840319,16687400
2016-08-17,5.993622303009033,5.996255764971187,5.822451293721139,5.977822033517623,15934600
2016-08-18,5.985723972320557,6.035758762217895,5.922522370373137,6.0015247495186745,11044000
2016-08-19,6.109492778778076,6.1226595877315395,5.9225209774931935,5.951488559928691,18190200
2016-08-22,5.875118732452393,6.109491812553833,5.875118732452393,6.104224888892793,15181800
2016-08-23,5.983761310577393,6.044711813984585,5.914860543722605,5.96256111350304,23453800
2016-08-24,5.922812461853027,5.99436333651317,5.883062144414962,5.938712487737711,11122200
2016-08-25,5.9466633796691895,6.01821375641183,5.912212730262767,5.936063024327901,10110400
2016-08-26,6.068563938140869,6.129514460021003,5.957262743404105,5.989063301380061,16521200
2016-08-29,6.312366485595703,6.341516954742399,6.0129135501397775,6.063263717180611,17597600
2016-08-30,6.288515090942383,6.39981626535962,6.232864756460078,6.344165930877316,16233600
2016-08-31,6.150712966918945,6.45016632738626,6.026161868895575,6.328264811798369,37697000
2016-09-01,6.057961463928223,6.262013144643518,6.05531137645757,6.214313086529263,17968200
2016-09-02,6.285866737365723,6.299117181698364,6.1242153601296545,6.1401153878760555,21005800
2016-09-05,6.224912643432617,6.354763890781836,6.18781243146212,6.317663678811339,9590800
2016-09-06,6.365365982055664,6.365365982055664,6.177213772462168,6.259364986381041,16285000
2016-09-08,6.39451789855957,6.439568398701551,6.307066987160756,6.3256176093567955,15539200
2016-09-09,6.052664756774902,6.307067234283881,6.026164372337852,6.293817294791752,21894800
2016-09-12,6.081813812255859,6.118914038546317,5.885711316413699,6.026162967367497,21592400
2016-09-13,5.865076065063477,6.014300936939539,5.8117812138361975,6.011636143552438,18884400
2016-09-14,5.843761444091797,5.934362436113194,5.769148712939574,5.875737965830144,14097000
2016-09-15,5.9450201988220215,5.995650276804939,5.838430962219226,5.878401862413078,14237400
2016-09-16,5.843761444091797,5.937027230967664,5.782472687211926,5.923703256695312,15632400
2016-09-19,5.865076065063477,5.990318304713,5.865076065063477,5.9130413295165525,11349800
2016-09-20,6.02495813369751,6.032952002978653,5.921033258727834,5.942351090572886,11802400
2016-09-21,6.219485282897949,6.28876838429079,6.0702604151134825,6.091578253368406,21948600
2016-09-22,6.248800754547119,6.323412973157693,6.1955058770330345,6.288771658553872,14174000
2016-09-23,6.115563869476318,6.230146988354942,6.059604199086661,6.208829139696407,12272600
2016-09-26,6.046278476715088,6.096908030714068,5.982324954618418,6.040948889476012,7248000
2016-09-27,6.096911907196045,6.115565474392948,5.942357336797286,6.064935379945398,13392600
2016-09-28,6.211493968963623,6.211493968963623,6.059604232891997,6.12622257385377,10532400
2016-09-29,6.0302910804748535,6.240805249769685,6.022297206063549,6.21948740424366,14369200
2016-09-30,6.075589656829834,6.168855392299135,6.011636140345637,6.035618772559381,9726000
2016-10-03,6.219485282897949,6.248797501094978,6.102236918367191,6.102236918367191,12682200
2016-10-04,6.235475540161133,6.2727821502999115,6.160863336398615,6.208828106707012,12107800
2016-10-05,6.376704692840576,6.435328622468604,6.2328088997662805,6.262121118708978,15563200
2016-10-06,6.576562881469727,6.619198580194196,6.328742564972733,6.355390003739931,21767000
2016-10-07,6.736446380615234,6.765758103106915,6.632521429894049,6.6378510188043816,24574000
2016-10-10,6.781747341156006,6.84037129847119,6.749770313729246,6.776417751875278,10865800
2016-10-11,6.6271891593933105,6.749766595785628,6.61386519353067,6.744437009440572,11608800
2016-10-13,6.741775035858154,6.803064287944442,6.533926164046312,6.600544496449091,21316400
2016-10-14,6.9176483154296875,6.94163095895414,6.816388660304581,6.848365687756388,19661600
2016-10-17,7.322686672210693,7.322686672210694,6.875011415698683,6.875011415698683,25797200
2016-10-18,7.474576473236084,7.477241267445005,7.306698504134293,7.341339812335209,23726200
2016-10-19,7.33601188659668,7.554519963538144,7.317358324198842,7.474577649463087,18555200
2016-10-20,7.487900733947754,7.509218580186267,7.250739122754557,7.250739122754557,16404400
2016-10-21,7.581166744232178,7.647785079389727,7.389305613693594,7.482571384565676,18669800
2016-10-24,7.5198774337768555,7.791680361183352,7.5198774337768555,7.67443194986451,18640000
2016-10-25,7.341339111328125,7.591824152215654,7.261397325724062,7.567841514882939,23203200
2016-10-26,7.285378456115723,7.394632444362836,7.194777513434111,7.2747192825026525,24213000
2016-10-27,7.658443450927734,7.666437833808507,7.261398249818474,7.261398249818474,24220400
2016-10-28,7.5385308265686035,7.709073596865998,7.46658290475281,7.60781344580876,13261800
2016-10-31,7.805001735687256,7.834313447569315,7.5545167384001,7.559846325381343,17214400
2016-11-01,7.4452643394470215,7.8503033797871105,7.4399347513255405,7.828985535558685,15834000
2016-11-03,7.090857982635498,7.397302318901728,7.090857982635498,7.30137172351978,27198400
2016-11-04,7.162803649902344,7.383976517036125,6.9576195502174585,7.090856229412691,22527000
2016-11-07,7.549190044403076,7.549190044403076,7.386641136985239,7.501224759705512,13469800
2016-11-08,7.53586483001709,7.591823976996906,7.391969009341909,7.450592950214688,13556400
2016-11-09,7.2693915367126465,7.461252122606996,7.114837048788943,7.141483971192281,19752400
2016-11-10,6.803063869476318,7.4292757489370365,6.768422054133529,7.4292757489370365,31711800
2016-11-11,6.331406116485596,6.79506963026577,6.262122992597866,6.6751564334874836,41243000
2016-11-14,6.507279872894287,6.5952160667878195,6.147540713054334,6.315419224833207,25667600
2016-11-16,6.928307056427002,7.016243241043657,6.5419204980540036,6.661833708102886,32438800
2016-11-17,6.800401210784912,7.13615775186564,6.7684241795239375,7.005585848377191,19059800
2016-11-18,7.0002546310424805,7.010913300146439,6.773752194685924,6.7817465777070565,14772600
2016-11-21,7.549190044403076,7.549190044403076,7.290711075847695,7.3973003150325125,27892400
2016-11-22,7.645455837249756,7.819337691377416,7.525075817341899,7.690932676966483,26463200
2016-11-23,7.610682010650635,7.704310376883177,7.5277533002213435,7.549154142536828,14544000
2016-11-24,7.407376289367676,7.6160344458163545,7.407376289367676,7.59730876615932,5568000
2016-11-25,7.391325950622559,7.463554016158743,7.222794307941342,7.300372713940182,9546400
2016-11-28,7.731064319610596,7.749789999547705,7.335148340196989,7.391325380008314,14429400
2016-11-29,7.450178623199463,7.728389692239052,7.450178623199462,7.632086115766698,10092200
2016-11-30,7.624057769775391,7.752462830809619,7.565205577693791,7.637433105627822,17193600
2016-12-01,7.121136665344238,7.121136665344237,7.121136665344237,7.121136665344237,23528400
2016-12-02,7.2682671546936035,7.343170348963848,6.928528377082653,7.062283753127632,18632600
2016-12-05,7.1291632652282715,7.327121211196298,7.04891022316213,7.268269014363554,16156000
2016-12-06,7.137188911437988,7.273619493775731,7.0114584968055,7.0970623896295715,18061200
2016-12-07,7.222790718078613,7.262917231131792,7.1692883605168465,7.244191559056062,14842000
2016-12-08,7.169288635253906,7.311069531060423,7.118461954882404,7.278968013245929,10372000
2016-12-09,7.233492851257324,7.2896698788043635,7.121138285926847,7.228142512375778,12557400
2016-12-12,6.888402462005615,7.139862733581889,6.8509511167499415,7.091710712403846,21920000
2016-12-13,6.951976776123047,7.078083465836539,6.895631397240043,6.895631397240043,14729800
2016-12-14,6.782938480377197,7.024419567364614,6.782938480377197,6.9627078306901735,18636600
2016-12-15,7.043200492858887,7.043200492858886,6.713176364017167,6.782937649358271,21081200
2016-12-16,7.088813781738281,7.231019541048425,7.070031995214646,7.080764225328737,16335400
2016-12-19,6.930508136749268,7.16930596988435,6.871479602649922,7.110277435785005,12267800
2016-12-20,7.043200492858887,7.17467350731375,6.882212950669054,6.9814887637451255,15261800
2016-12-21,7.043200492858887,7.15589172121524,7.000270549843636,7.110278592790875,7949200
2016-12-22,6.976120948791504,7.051248589398571,6.925141460102238,7.051248589398571,16166200
2016-12-23,7.174674987792969,7.2229713115922936,6.992222436446808,6.992222436446808,10522200
2016-12-26,7.2873663902282715,7.311514552627724,7.18809106637755,7.18809106637755,2809800
2016-12-27,7.338346481323242,7.402741415558658,7.255169755239843,7.3302969226317725,7130400
2016-12-28,7.429572582244873,7.499333887214946,7.3168813221802065,7.338346299727503,6908600
2016-12-29,7.536896705627441,7.536896705627441,7.373225948574567,7.429571828775303,9391000
2017-01-02,7.38932466506958,7.502015395857532,7.3624933193634865,7.485916793140017,3936400
2017-01-03,7.727397918701172,7.727397918701172,7.448353252585004,7.448353252585004,15157800
2017-01-04,7.687150001525879,7.781059441971697,7.660318659717749,7.68715000152588,8312600
2017-01-05,7.668367862701416,7.7542277431218105,7.628121107725012,7.705931432444024,10914200
2017-01-06,7.751546859741211,7.76227960386352,7.657637907498046,7.668370139854947,7384800
2017-01-09,7.459084510803223,7.630804794700237,7.392006410843606,7.456401837158292,30980400
2017-01-10,7.5610432624816895,7.644219960421825,7.51811332085031,7.582508233297378,10895200
2017-01-11,7.641540050506592,7.644223236979312,7.410791643273136,7.606659649892224,11368400
2017-01-12,7.834720611572266,7.9125309248376325,7.775691568648353,7.8132556446268016,18930200
2017-01-13,7.630805969238281,7.850822089088385,7.601291436948264,7.778377607157633,10998400
2017-01-16,7.636169910430908,7.740812084182166,7.587874113044064,7.646902651027032,6978000
2017-01-17,7.7595953941345215,7.797158970076145,7.614706438190529,7.633488737926681,9938800
2017-01-18,7.695200443267822,7.807891682419811,7.695200443267822,7.7971589397551755,8610600
2017-01-19,7.7032470703125,7.781057894908873,7.595922236184033,7.711296624784076,8048200
2017-01-20,7.874966621398926,7.901797955503387,7.716662313124255,7.716662313124255,19709400
2017-01-23,8.231825828552246,8.242558060148294,7.891068903307741,7.915217064105564,16268600
2017-01-24,8.076204299926758,8.344516731739837,7.995710263323624,8.237191861367675,16146400
2017-01-26,8.58599853515625,8.58599853515625,8.250607967376709,8.317686080932617,27061000
2017-01-27,8.422327041625977,8.559166442787717,8.41159481050867,8.529652423391116,10744400
2017-01-30,8.188894271850586,8.371346779071768,8.105717062416343,8.3230504669526,11303400
2017-01-31,8.34720230102539,8.34720230102539,8.127186125995188,8.231827840517969,11088600
2017-02-01,8.387449264526367,8.51892233521707,8.357934724166952,8.422329666233898,10845600
2017-02-02,8.309638023376465,8.438428413598627,8.178164958481256,8.280123996083573,12769600
2017-02-03,8.288171768188477,8.49477248627291,8.127184700774254,8.26938997777451,16378600
2017-02-06,8.081572532653809,8.44916036230829,8.0091280365559,8.398180845228413,12235200
2017-02-07,8.156696319580078,8.247922570503444,8.08156918006572,8.22645760039002,8444000
2017-02-08,8.242558479309082,8.312319779409783,8.065472298963222,8.180846737138792,8855200
2017-02-09,8.215727806091309,8.344517664940993,8.132550574456156,8.253291386981115,12547800
2017-02-10,8.365981101989746,8.441108249945195,8.186211765179433,8.312318414794158,12886800
2017-02-13,8.41964340209961,8.50013743408496,8.341833067455621,8.398178429256578,9782400
2017-02-14,8.446474075317383,8.465255861092812,8.27743749157324,8.433058660267871,12225200
2017-02-15,8.54843521118164,8.650394233426839,8.454525747039613,8.459892119108392,18362000
2017-02-16,8.824796676635742,8.846262164805937,8.31768628921924,8.376714846391058,34150800
2017-02-17,8.830161094665527,8.918704678477688,8.698687567543693,8.755033949756243,21409600
2017-02-20,8.972367286682129,8.993832772367181,8.819429283533566,8.883824717058026,10017600
2017-02-21,9.122621536254883,9.122621536254883,8.966999854047625,8.972366224833797,14832200
2017-02-22,9.146771430969238,9.216532217383296,9.04212973958277,9.09579243411015,13697200
2017-02-23,8.94821548461914,9.323853142956102,8.89187014292768,9.152133421498156,17344600
2017-02-24,8.881141662597656,8.97505163397302,8.706739184667583,8.832845339840217,13117000
2017-03-01,9.01529598236084,9.111888607466154,8.881139786054693,9.095790518968968,11335200
2017-03-02,8.930957794189453,9.059848050899653,8.901421510693956,8.992718178343349,13738800
2017-03-03,9.365961074829102,9.365961074829103,8.957811284542808,8.960496029021764,22167200
2017-03-06,9.441146850585938,9.443831595246461,9.290775541578114,9.2961460552199,18027400
2017-03-07,9.325681686401367,9.476052968292935,9.266607071315295,9.476052968292935,10397600
2017-03-08,9.105498313903809,9.314943244652659,9.075960998168286,9.296146957242932,14417800
2017-03-09,9.011512756347656,9.164568754882588,8.941697128473956,9.07058633648651,8723800
2017-03-10,9.046420097351074,9.280032761413066,9.016883817641572,9.067902145489368,11601000
2017-03-13,9.143087387084961,9.2236430200354,9.051790729922343,9.129661618979961,7597200
2017-03-14,9.124822616577148,9.334712045484766,9.10329599575072,9.11944070474686,13404200
2017-03-15,9.200163841247559,9.270127642021917,8.933765978860704,9.186709580019976,19174600
2017-03-16,9.076383590698242,9.262054871399675,8.968748467325657,9.17863783042244,11298800
2017-03-17,8.82882308959961,9.175947616043443,8.801913535208335,9.12751144463369,22519400
2017-03-20,8.812681198120117,8.990280228533884,8.664682177191144,8.796535458447961,15928800
2017-03-21,8.602787017822266,8.949912039996656,8.557041804160049,8.906857781637774,14967400
2017-03-22,8.893403053283691,8.963366861017139,8.565114222153422,8.60278656793554,17915400
2017-03-23,8.893403053283691,8.974129655173147,8.772312637202287,8.850348797176352,11056200
2017-03-24,8.933767318725586,9.011803482641303,8.85304071275858,8.87994923924942,9336400
2017-03-27,8.963366508483887,8.966056950293464,8.777694202296832,8.83958462886105,8150400
2017-03-28,8.906858444213867,8.963367996540386,8.828823300848367,8.931076530498213,9166800
2017-03-29,9.229763984680176,9.229763984680176,8.871875702927438,8.904166135707198,18763800
2017-03-30,9.167874336242676,9.323946656451938,9.127510521983195,9.25667431701576,13016800
2017-03-31,9.087146759033203,9.184019081664578,9.068310588132029,9.095219110421043,13808800
2017-04-03,9.114060401916504,9.22707851731537,9.033333763200117,9.084460394871686,7270000
2017-04-04,9.149038314819336,9.210928744946132,9.041402159341327,9.095220237080332,11750200
2017-04-05,8.992969512939453,9.216314263726861,8.914934347484863,9.175950432995808,9555000
2017-04-06,8.783077239990234,9.0144942721104,8.710422983871494,8.98758574458251,11873800
2017-04-07,8.745406150817871,8.9203146844321,8.610861440805289,8.764242328100059,10659800
2017-04-10,8.823443412780762,8.828825325021693,8.68620721687398,8.764243404625303,15373800
2017-04-11,8.831513404846191,8.92838574627324,8.731950621265959,8.83958575780027,18889800
2017-04-12,8.68620777130127,8.82613441901242,8.664681147458328,8.796534413045368,21608200
2017-04-13,8.234136581420898,8.651225501856096,8.234136581420898,8.632389324056915,23700600
2017-04-17,8.616240501403809,8.656603285155354,8.271805972970638,8.336387350818015,19233400
2017-04-18,8.699660301208496,8.79114970658373,8.508606571157879,8.538206054470614,15643200
2017-04-19,8.382135391235352,8.766933859997302,8.374063037055013,8.723878567049676,12078600
2017-04-20,8.449405670166016,8.573187040732757,8.355224292978821,8.47900566354556,8913200
2017-04-24,8.691588401794434,8.731952226976343,8.50322610835073,8.643152222174026,15247800
2017-04-25,8.745406150817871,8.745406150817871,8.559734307291253,8.637769972209936,10072600
2017-04-26,8.640460968017578,8.861114198233677,8.640460968017578,8.705041850449568,13037600
2017-04-27,8.761549949645996,8.85304037329904,8.65122335287272,8.713113782624124,12500200
2017-04-28,8.83958625793457,8.898786253599356,8.71042347088879,8.745405379826579,8129400
2017-05-02,9.119438171386719,9.140965812727538,8.836894551002302,8.898784980115504,15989800
2017-05-03,9.089838981628418,9.138275152434161,8.955294290833471,9.103294271903536,8382600
2017-05-04,8.707731246948242,9.108673790567407,8.707731246948242,9.108673790567407,15072400
2017-05-05,8.909547805786133,8.98489248907579,8.718494629447749,8.758857412712498,9927800
2017-05-08,8.68620777130127,8.896098256115428,8.664681147458328,8.799225882585027,9507000
2017-05-09,8.718493461608887,8.866492366743882,8.653911579943955,8.696965825555848,9771600
2017-05-10,8.974130630493164,8.974130630493164,8.828823141897711,8.850349759043704,11147000
2017-05-11,9.253981590270996,9.377762431643527,9.014492258682402,9.014492258682402,27938800
2017-05-12,9.5230712890625,9.5230712890625,9.25936386705291,9.310490470561778,21332000
2017-05-15,9.350857734680176,9.517692894614223,9.280894934222259,9.517692894614223,12296000
2017-05-16,9.350857734680176,9.388530090810956,9.291657731334826,9.337403468418428,17371400
2017-05-17,9.097912788391113,9.288966011934386,8.987586177817363,9.288966011934386,12964800
2017-05-18,7.28693962097168,8.00809916539641,6.781051865780401,6.781051865780401,65887200
2017-05-19,7.529123306274414,7.779376597450188,7.469923807180738,7.628686636781553,35617800
2017-05-22,7.179306507110596,7.451086909376479,7.03399795979626,7.391886902731059,27283000
2017-05-23,7.348087787628174,7.372472558508927,7.234289950758133,7.315573898469275,17227600
2017-05-24,7.478144645690918,7.705740390496491,7.478144645690918,7.505239475651752,24206000
2017-05-25,7.507945537567139,7.629871965991536,7.37247195789145,7.513364604783932,18383800
2017-05-26,7.819538593292236,7.857471046765596,7.532334107079618,7.559428938185269,20298000
2017-05-29,7.819538593292236,7.819538593292235,7.819538593292235,7.819538593292235,0
2017-05-30,7.8574676513671875,7.88185293714572,7.762636041871858,7.781602260412785,8749400
2017-05-31,7.678642749786377,7.925204630273863,7.621743576017345,7.857467838562121,20885200
2017-06-01,7.597361087799072,7.803280541660844,7.545880965938197,7.751800936590833,12395800
2017-06-02,7.6081976890563965,7.735542692597614,7.535041817817683,7.68135356029511,14365600
2017-06-05,7.478144645690918,7.63529403931468,7.421245451094077,7.532333788821689,11255400
2017-06-06,7.751802444458008,7.776187742883342,7.4537603100969,7.491692766851435,18424200
2017-06-07,7.7843146324157715,7.843923360183101,7.743672646895883,7.803280857872328,14753200
2017-06-08,7.667803764343262,7.7003176481455355,7.535039729332729,7.692189047997305,13290000
2017-06-09,7.543169975280762,7.738251770286195,7.467304574383268,7.681353107206147,15518600
2017-06-12,7.364346504211426,7.5431716519118055,7.291190621027393,7.5106577537886094,16140000
2017-06-13,7.445477485656738,7.483520424316105,7.336784485820917,7.412869844850545,15264200
2017-06-14,7.44276237487793,7.5949331395324755,7.388416117463533,7.47265315334387,20118000
2017-06-15,7.44276237487793,7.44276237487793,7.44276237487793,7.44276237487793,0
2017-06-16,7.4699296951293945,7.567753604620845,7.404713928231376,7.407431316638232,35992000
2017-06-19,7.372112274169922,7.540586875655278,7.3177660130667075,7.499827050255542,12884400
2017-06-20,7.065048694610596,7.353085150116141,7.051462269821129,7.353085150116141,20331600
2017-06-21,7.027010917663574,7.146572985748111,6.986250579877837,7.108530556656596,16384400
2017-06-22,7.065048694610596,7.116678041730561,7.002550311316834,7.037875326742778,12957600
2017-06-23,6.923752784729004,7.0976621584308495,6.923752784729003,7.092227377126888,10174000
2017-06-26,7.3286333084106445,7.3639588620693175,6.986249923869138,7.007989045067813,18916200
2017-06-27,7.092226028442383,7.33135065916183,7.075922205920169,7.252548418396816,20896600
2017-06-28,7.171026229858398,7.21450342307939,6.999834846336875,7.149287633247903,9644200
2017-06-29,7.217223167419434,7.320481923729355,7.122116581856883,7.233527508914175,10378800
2017-06-30,7.282439708709717,7.315047876679488,7.219941281581008,7.249832059029194,10265400
2017-07-03,7.382979869842529,7.412870642371624,7.282438510246861,7.325915714858728,8498600
2017-07-04,7.421020984649658,7.450911751903654,7.30961060270722,7.331349201176743,6042600
2017-07-05,7.382979869842529,7.494390271446584,7.309611892701568,7.472651669140651,15067600
2017-07-06,7.334065914154053,7.396564314201894,7.298740889258454,7.377543107082031,7878400
2017-07-07,7.236240863800049,7.429171331403108,7.187329417956133,7.404715349336678,11622200
2017-07-10,7.312328338623047,7.347653886739753,7.2036353411275975,7.247112540125777,9485000
2017-07-11,7.619388580322266,7.632975014111325,7.29330898649259,7.312330201112964,18650800
2017-07-12,7.836771488189697,7.872096512849687,7.562321385731705,7.684601313956708,23503600
2017-07-13,7.9074249267578125,7.937315183618093,7.825904772247175,7.853078157084054,14145600
2017-07-14,7.9916605949401855,8.007964415755453,7.910140972574739,7.9210100136885435,10801600
2017-07-17,7.95089864730835,7.986223669297589,7.899269290595788,7.986223669297589,9854800
2017-07-18,7.956334590911865,7.959051980430433,7.880249239259096,7.934595993052367,12859400
2017-07-19,7.983508110046387,8.035137478592718,7.918292311072172,7.964486900131711,11563400
2017-07-20,8.054160118103027,8.151984093072437,7.997096478230332,8.005248130618323,15405200
2017-07-21,7.9916605949401855,8.143830798557277,7.953618173608193,8.016116585307644,8080200
2017-07-24,7.901987552642822,8.032419135104199,7.828619593149908,7.9970941092126315,13782400
2017-07-25,8.03242015838623,8.084049527379518,7.95633531806886,7.959052707835781,9768800
2017-07-26,7.836771488189697,8.065027008683689,7.834054098863694,8.032418855060682,10396800
2017-07-27,7.768840312957764,7.937314348295645,7.755253881113763,7.899271924501121,9526600
2017-07-28,7.760688304901123,7.7851442973622245,7.711776319978919,7.752536652940198,7283800
2017-07-31,7.798729419708252,7.8422066142724045,7.776990822426176,7.806881069758379,7211200
2017-08-01,7.961767196655273,8.016113939151541,7.8123144322239595,7.84492258137951,14603800
2017-08-02,8.282417297363281,8.317742858761052,7.93459957461162,7.975359399210419,16284200
2017-08-03,8.336761474609375,8.4101294469699,8.252524460948656,8.28241471324103,14378800
2017-08-04,8.388394355773926,8.421002011606632,8.293287742731401,8.36122096372044,9949800
2017-08-07,8.518819808959961,8.551427441035086,8.355780093717437,8.420995876156653,9611000
2017-08-08,8.518819808959961,8.679142135148064,8.453604026520745,8.518819808959961,12483200
2017-08-09,8.361215591430664,8.434583547347525,8.274261207361352,8.429148768770942,13895600
2017-08-10,8.40197467803955,8.483494276584004,8.293281707217293,8.47262523864626,18534800
2017-08-11,8.396541595458984,8.448170961383555,8.317739370058497,8.350347008745226,10929200
2017-08-14,8.448171615600586,8.605776596895389,8.350347655386878,8.388390594519493,16176400
2017-08-15,8.407411575317383,8.575885592985049,8.407411575317383,8.51066979405346,17710200
2017-08-16,8.339481353759766,8.505238040660611,8.26339596879117,8.478065170154732,20111400
2017-08-17,8.192744255065918,8.320459009610158,8.157419217221493,8.28785084381674,11918200
2017-08-18,8.266111373901367,8.274263544068472,8.10035420852768,8.233503211522105,18983800
2017-08-21,8.374801635742188,8.467190794153627,8.315020629006721,8.355780429884947,15492000
2017-08-22,8.750738143920898,8.79450599226403,8.611229594742541,8.68782267715841,23527600
2017-08-23,8.756206512451172,8.827329052841339,8.674142925727617,8.758942556655859,13540600
2017-08-24,8.786298751831055,8.810917937841134,8.701499623211719,8.769886656821242,12877000
2017-08-25,8.753474235534668,8.865628082437638,8.73159057081574,8.802712611589186,8329800
2017-08-28,8.67141342163086,8.805450454760178,8.619439505495487,8.805450454760178,8745600
2017-08-29,8.613967895507812,8.630380517836548,8.526433214090753,8.616703419520578,14502200
2017-08-30,8.526432037353516,8.665940612263752,8.479929179050103,8.619437753960339,10851000
2017-08-31,8.397862434387207,8.564725140109262,8.315798321087629,8.515486776479033,18197600
2017-09-01,8.723382949829102,8.745266611911314,8.479927143946032,8.479927143946032,27318200
2017-09-04,8.70970344543457,8.7753549352535,8.6549940445013,8.720645012572716,8262800
2017-09-05,8.753474235534668,9.04069740018906,8.753474235534668,9.027020305395126,22237800
2017-09-06,8.9613676071167,8.983251790695924,8.816388543137915,8.85468482090625,22703400
2017-09-07,8.9613676071167,8.9613676071167,8.9613676071167,8.9613676071167,0
2017-09-08,8.934015274047852,9.01334389073229,8.871099798451908,8.9859886555848,13443000
2017-09-11,9.254063606262207,9.284152795986563,9.002400691284162,9.002400691284162,25189200
2017-09-12,9.151609420776367,9.340782510364564,9.099517507142341,9.231116314576003,14526800
2017-09-13,9.209178924560547,9.294170234489926,9.02274711596655,9.192728689971498,15626600
2017-09-14,9.217405319213867,9.288688637168553,9.058390537210522,9.113223617363198,10386400
2017-09-15,9.3517484664917,9.444964410457581,9.184508004154004,9.222890855342147,24141800
2017-09-18,9.480602264404297,9.486084630208152,9.307878457675445,9.340777881767758,13586600
2017-09-19,9.46963882446289,9.527213098658407,9.338040035221338,9.488830249194729,11842200
2017-09-20,9.529950141906738,9.63139168096202,9.406577049621472,9.502534131588623,24287400
2017-09-21,9.738316535949707,9.861690686131212,9.656067451113323,9.705417111185925,33065800
2017-09-22,9.67800235748291,9.71090179008281,9.601236666131776,9.697193780320694,10840200
2017-09-25,9.540919303894043,9.79863446583489,9.529952478736133,9.76573399036116,10611400
2017-09-26,9.595748901367188,9.683481379082826,9.582040897821676,9.639615140225008,15295400
2017-09-27,9.546402931213379,9.686227340486976,9.373679091580009,9.61220283778696,16793600
2017-09-28,9.466891288757324,9.55736599394494,9.392866815200264,9.55736599394494,12054200
2017-09-29,9.568337440490723,9.658811143560879,9.480604921090638,9.540920374519366,13586800
2017-10-02,9.58204460144043,9.6094606191282,9.466895026272919,9.535436116346379,10888400
2017-10-03,9.971357345581055,9.97409957482225,9.595752470297123,9.595752470297123,25086200
2017-10-04,9.924752235412598,10.001517938511268,9.834277474599794,9.935719063242198,19252000
2017-10-05,10.086508750915527,10.272940630722465,9.965875742890914,9.996033994897067,21229200
2017-10-06,10.144082069396973,10.144082069396973,9.93023418747219,10.061832964491602,12347200
2017-10-09,10.0316743850708,10.111182303731931,9.880884190066155,10.048124623851956,16297000
2017-10-10,10.245522499084473,10.245522499084473,10.116665952780538,10.144081972201604,19685600
2017-10-11,10.25374984741211,10.267457859403113,10.146824843832018,10.176983097724792,15183600
2017-10-12,10.25374984741211,10.25374984741211,10.25374984741211,10.25374984741211,0
2017-10-13,10.259230613708496,10.300355689114754,10.193431748083421,10.272939669413324,9445800
2017-10-16,10.281164169311523,10.281164169311523,10.174240229287339,10.240039094292635,10333800
2017-10-17,10.29761028289795,10.29761028289795,10.155044738031206,10.218102394170666,10603200
2017-10-18,10.261967658996582,10.349700132744942,10.212618011781432,10.281159072263188,12280800
2017-10-19,10.193434715270996,10.251009000915655,10.072802729274413,10.176984471149199,10723000
2017-10-20,10.283904075622559,10.283904075622559,10.176980148878647,10.207138394032873,13842200
2017-10-23,9.924752235412598,10.251007519436213,9.924752235412598,10.242782921491145,12640200
2017-10-24,10.015222549438477,10.048123021755055,9.842499776119034,9.965872886817518,16898600
2017-10-25,10.105696678161621,10.237295422035068,10.042639012088125,10.061830430203806,18703000
2017-10-26,10.050865173339844,10.371638011285228,10.050865173339844,10.281163272477501,14571400
2017-10-27,10.007000923156738,10.141341943670865,9.971359257166586,10.050867186739147,10448000
2017-10-30,9.653326034545898,9.968615439777095,9.58478495043946,9.95216520308413,19648200
2017-10-31,9.442220687866211,9.782184972659413,9.442220687866211,9.680744446862722,12263800
2017-11-01,9.321588516235352,9.60671971008988,9.321588516235352,9.595752884359921,14289800
2017-11-02,9.321588516235352,9.321588516235352,9.321588516235352,9.321588516235352,0
2017-11-03,9.154350280761719,9.442222727191435,9.08855140230286,9.365457020371329,18334600
2017-11-06,9.080324172973633,9.21192295277277,8.99259165310754,9.157090912247064,21406600
2017-11-07,8.625212669372559,9.009043287603935,8.608762950082603,8.987109631314464,28202200
2017-11-08,9.077579498291016,9.115962330239638,8.707457614883882,8.770515273921438,19129000
2017-11-09,8.8445405960083,9.102255728864185,8.8088999870484,9.088547721890846,19869200
2017-11-10,8.581341743469238,8.89937226601408,8.501834374296461,8.896631083393348,23016600
2017-11-13,8.595051765441895,8.595051765441895,8.595051765441895,8.595051765441895,19534600
2017-11-14,8.38943099975586,8.743102814590948,8.37572246558265,8.595054306010038,21509600
2017-11-15,8.38943099975586,8.38943099975586,8.38943099975586,8.38943099975586,0
2017-11-16,8.786966323852539,8.811641154702984,8.452486038774307,8.471677457674222,17212800
2017-11-17,8.935016632080078,9.00355772283066,8.734876772590864,8.773259616074542,19666400
2017-11-20,8.935016632080078,8.935016632080078,8.935016632080078,8.935016632080078,0
2017-11-21,9.088545799255371,9.126928629002583,9.006295683107151,9.072095566854994,26454200
2017-11-22,9.036998748779297,9.175010329192913,8.956951779432648,9.147407381343312,20346600
2017-11-23,9.048038482666016,9.097722733696273,8.852062299682643,8.99835423163576,8595200
2017-11-24,8.9983549118042,9.039758808440638,8.91830899282249,9.03699904003913,10878200
2017-11-27,8.87690544128418,8.965232774793883,8.777536927849546,8.965232774793883,11437800
2017-11-28,9.00939655303955,9.106005299160916,8.893467321227774,8.987315245861305,14685000
2017-11-29,8.600881576538086,9.081162335612394,8.600881576538086,9.03147808284799,25762600
2017-11-30,8.261369705200195,8.584316684378983,8.261369705200195,8.584316684378983,32017400
2017-12-01,8.495990753173828,8.512551990875913,8.175804016414844,8.266891613484688,22314000
2017-12-04,8.703010559082031,8.827220667121786,8.531875965584437,8.556718092486868,16859400
2017-12-05,8.576038360595703,8.91554667605575,8.515313462972124,8.689207799082384,18401000
2017-12-06,8.835501670837402,8.835501670837402,8.421467420640063,8.53463688414534,18396400
2017-12-07,8.493233680725098,8.65608740490592,8.415946998012561,8.611923736633743,29332400
2017-12-08,8.542916297912598,8.72509152615454,8.542916297912598,8.689208223531892,12231200
2017-12-11,8.47391128540039,8.722332025947289,8.47391128540039,8.653326235435795,14335000
2017-12-12,8.662833213806152,8.662833213806152,8.344550302173595,8.441419152120746,17394000
2017-12-13,8.455254554748535,8.828891122977545,8.416507238658557,8.751396490797589,31879000
2017-12-14,8.422043800354004,8.5133771484872,8.319639487408224,8.413740576744566,15174800
2017-12-15,8.469095230102539,8.552125363303533,8.386064569008834,8.419276939024858,21006400
2017-12-18,8.582568168640137,8.648992366669043,8.48846708945937,8.579800427735691,14284600
2017-12-19,8.532753944396973,8.615784099430355,8.469097457011857,8.546592127604919,9550800
2017-12-20,8.538287162780762,8.648994182741308,8.527216196838351,8.607479116242692,9189200
2017-12-21,8.63238525390625,8.743092235292751,8.491233654678764,8.579799239787965,17064200
2017-12-22,8.662833213806152,8.71265150965856,8.593641253542868,8.613015445846509,6260200
2017-12-25,8.662833213806152,8.662833213806152,8.662833213806152,8.662833213806152,0
2017-12-26,8.756932258605957,8.815053766036224,8.660063959376576,8.660063959376576,7408000
2017-12-27,8.86487102508545,8.881477470787116,8.762467249388214,8.762467249388214,9384800
2017-12-28,8.806750297546387,8.958972358862784,8.806750297546387,8.911922345057002,12219200
2017-12-29,8.806750297546387,8.806750297546387,8.806750297546387,8.806750297546387,0
2018-01-02,9.113964080810547,9.113964080810547,8.881479077846302,8.881479077846302,18356200
2018-01-03,9.230206489562988,9.249580152741274,9.083519880988701,9.161014533701842,16361400
2018-01-04,9.318771362304688,9.39903427806424,9.257883163957247,9.277256825583985,19250400
2018-01-05,9.318771362304688,9.382428885690109,9.213600357983937,9.327075114277129,10535600
2018-01-08,9.340912818908691,9.340912818908691,9.227438068377065,9.310468193388079,10261200
2018-01-09,9.252349853515625,9.35475366841164,9.238511671359777,9.296632669885708,11645000
2018-01-10,9.213597297668457,9.29662739931662,9.083516136422489,9.188688161595506,10140000
2018-01-11,9.423944473266602,9.470995553739142,9.230206779610338,9.252348712958709,19368800
2018-01-12,9.44608211517334,9.454384808514241,9.304929993667916,9.318768167831092,15300800
2018-01-15,9.493136405944824,9.534652002969379,9.446086381383454,9.446086381383454,10489200
2018-01-16,9.576166152954102,9.60107529899402,9.50143977061979,9.540187096507342,12438600
2018-01-17,9.803112983703613,9.844628567609208,9.537416202906245,9.57893178681184,24269600
2018-01-18,9.736693382263184,9.847400948384136,9.612147634323513,9.847400948384136,18858800
2018-01-19,9.673033714294434,9.908285895060928,9.673033714294434,9.772670279818914,16285400
2018-01-22,9.706244468688965,9.742224570180195,9.554022424236255,9.686870811528719,12682000
2018-01-23,9.747759819030762,9.8224872330594,9.603840472285063,9.6785678863137,31866000
2018-01-24,10.514411926269531,10.514411926269531,9.80865300774273,9.825259460152582,55444200
2018-01-25,10.514411926269531,10.514411926269531,10.514411926269531,10.514411926269531,0
2018-01-26,10.840991973876953,10.932325835737199,10.558689805437456,10.62788174110668,48520200
2018-01-29,10.780102729797363,10.84929465867182,10.65832425927589,10.76903176778904,26644400
2018-01-30,10.738588333129883,10.780103917341965,10.600204460136494,10.647255525962532,21664200
2018-01-31,10.982147216796875,11.098389194787506,10.904652564803119,10.904652564803119,25505800
2018-02-01,11.012593269348145,11.084552447530546,10.89911849035455,10.912956672029752,21985000
2018-02-02,10.863134384155273,10.957235463090191,10.807780621996168,10.876972560748749,16819200
2018-02-05,10.539318084716797,10.907418701114405,10.525478850411604,10.738590178130364,12086800
2018-02-06,11.001519203186035,11.09285307693282,10.326206203249269,10.420307290237492,26080400
2018-02-07,11.012593269348145,11.239542827335331,10.929563123511345,10.99598681786655,27984600
2018-02-08,10.666627883911133,11.13159772497171,10.666627883911135,11.073475703000362,25302400
2018-02-09,10.467357635498047,10.73582272713999,10.312367294464032,10.699842619156406,20133600
2018-02-14,10.948935508728027,10.998753801561849,10.531015502820466,10.531015502820466,21575800
2018-02-15,11.043033599853516,11.126063713339635,10.960002430582222,11.070709952420497,22459000
2018-02-16,11.153746604919434,11.156514875270167,10.987686280592413,11.106696566814902,13154200
2018-02-19,10.968304634094238,11.22569868864993,10.843758953537447,11.126062144204498,9217800
2018-02-20,11.292129516601562,11.328109637334514,10.829927654619945,10.863139505258063,17980800
2018-02-21,11.380688667297363,11.469254255697725,11.2644467284413,11.2644467284413,23663400
2018-02-22,11.734952926635742,11.978507784484643,11.662992720982754,11.93699325579423,34151600
2018-02-23,11.734952926635742,11.815214771084609,11.610407228994163,11.762629279096018,17231200
2018-02-26,11.9065523147583,11.931461461985672,11.768168398114137,11.768168398114137,13988400
2018-02-27,11.790305137634277,11.928689005708788,11.707275027946595,11.859497071671532,11914000
2018-02-28,11.568892478942871,11.867802174841989,11.491397841836545,11.707276362795742,15547000
2018-03-01,11.651926040649414,11.693441640385123,11.513542115911129,11.563360413279757,14468400
2018-03-02,11.748153686523438,11.806615806755925,11.469761424103368,11.569982808491744,11367200
2018-03-05,11.845593452453613,11.93746343128629,11.670205986852801,11.762075965685476,12071800
2018-03-06,12.107280731201172,12.23812438072595,11.91518937822576,11.91518937822576,29885200
2018-03-07,12.023763656616211,12.137904462850999,11.862296666763722,11.998708305882605,15810600
2018-03-08,12.087796211242676,12.332781794513862,11.937465138355522,12.24926429580264,17967600
2018-03-09,12.168524742126465,12.263178147657245,11.995921848034623,12.11284608087622,18346800
2018-03-12,12.104498863220215,12.168528974233357,11.970870666934198,12.168528974233357,17497400
2018-03-13,11.951567649841309,12.152387803951669,11.906941067148079,12.127285284687874,16989400
2018-03-14,11.848373413085938,12.015723960243028,11.717282310743528,11.990621431368568,29880000
2018-03-15,11.823269844055176,11.834426759013862,11.628028088206067,11.76748633324372,17509400
2018-03-16,11.826057434082031,11.943201827700154,11.739592954995958,11.853948652377266,46898800
2018-03-19,11.547143936157227,11.806536375498613,11.527619865581599,11.770276931294429,21042200
2018-03-20,11.59177303314209,11.664290873195572,11.455103445679178,11.628031421177694,12008200
2018-03-21,11.784221649169922,11.798167260810416,11.513672314620077,11.580612740069201,24238400
2018-03-22,11.572247505187988,11.862319892958698,11.474626079549665,11.683813480797602,15820600
2018-03-23,11.491362571716309,11.686604377989552,11.3686386034394,11.469048736036054,17873400
2018-03-26,11.569449424743652,11.686594838477252,11.48577473720901,11.655913871452228,8215400
2018-03-27,11.282170295715332,11.644761457648139,11.170603293282875,11.633604544608536,22666400
2018-03-28,11.245912551879883,11.315641672893019,11.081351783729607,11.184550584914101,15903600
2018-03-29,11.443941116333008,11.575032182732093,11.282170135483419,11.326796723026249,15316600
2018-04-02,11.226388931274414,11.474624441753672,11.206864861729887,11.446733217827775,15423600
2018-04-03,11.07856273651123,11.36584636552136,11.042303296816716,11.259857807019968,12898400
2018-04-04,11.170602798461914,11.170602798461914,10.799644500172533,10.824747021408786,15351000
2018-04-05,11.496939659118652,11.644765078927767,11.402107996754925,11.641976381791535,24045600
2018-04-06,11.346325874328613,11.441157548361144,11.162240985204553,11.441157548361144,15483000
2018-04-09,10.933526039123535,11.410472956293882,10.805224715904947,11.346322294684587,16689200
2018-04-10,10.802435874938965,11.10924466212441,10.657399167830173,11.10924466212441,26051600
2018-04-11,10.891688346862793,11.003255364615967,10.7103932729913,10.7103932729913,11280000
2018-04-12,10.863799095153809,11.003257360652619,10.849853481400352,10.911214394711983,11726600
2018-04-13,10.498417854309082,10.919582403833664,10.498417854309082,10.877744499396986,20079000
2018-04-16,10.12466812133789,10.651820104035043,10.12466812133789,10.570935132581461,22765800
2018-04-17,10.367323875427246,10.406373071944618,10.180450365726548,10.230655411552787,14967400
2018-04-18,10.604405403137207,10.738285194770794,10.41195340216055,10.41195340216055,23280200
2018-04-19,10.609984397888184,10.65461099735848,10.487260451358322,10.635086926589103,19762000
2018-04-20,10.492839813232422,10.584882781059182,10.417532220642023,10.506785427271648,10481200
2018-04-23,10.303174018859863,10.42031948953151,10.174872698014356,10.417529729001624,18817600
2018-04-24,10.202766418457031,10.425899413047077,10.135825988088994,10.350591827876302,19854800
2018-04-25,10.336641311645508,10.356165372911304,10.013098356978917,10.13303248417254,14036800
2018-04-26,10.417527198791504,10.47888914776267,10.311539731999757,10.41194980705016,12663200
2018-04-27,10.417527198791504,10.554196704050472,10.372900616989286,10.487256299356325,12337200
2018-04-30,10.236237525939941,10.487261780788478,10.194399618140755,10.459370551577148,10971400
2018-05-02,10.046568870544434,10.239020803795832,9.98520692197951,10.18044861506475,13015200
2018-05-03,9.762080192565918,10.10235875689541,9.762080192565918,10.040996769496372,17522600
2018-05-04,9.74255084991455,9.848539389759653,9.656086374780163,9.762074914625265,14099000
2018-05-07,9.73139762878418,9.948952183214931,9.73139762878418,9.812283678399455,14813800
2018-05-08,9.996367454528809,10.093987804443518,9.762077550751492,9.803915451561805,17768400
2018-05-09,10.417527198791504,10.417527198791506,10.029833569888165,10.068881695967404,26166400
2018-05-10,10.035414695739746,10.311542475597832,9.98799940545104,10.311542475597832,40970000
2018-05-11,9.987998962402344,10.191607853516457,9.926636999826465,10.130245890940577,18284600
2018-05-14,9.739767074584961,10.105148200365996,9.594731380180574,9.988003740120366,17613600
2018-05-15,9.474794387817383,9.594728574801051,9.396697039839275,9.594728574801051,24310200
2018-05-16,9.614251136779785,9.686768951396516,9.483160054377418,9.483160054377418,14972600
2018-05-17,9.167984008789062,9.591937167990773,9.162405551749078,9.591937167990773,27447200
2018-05-18,9.117780685424805,9.193088273747616,8.813762167067651,9.009003412508108,23598200
2018-05-21,8.900224685668945,9.340913227423842,8.89743545707659,9.340913227423842,19078200
2018-05-22,9.097893714904785,9.218637446066069,8.965917759643883,9.02769392102794,21389600
2018-05-23,8.901331901550293,9.05577119608807,8.87325188374839,8.985571419374208,17746000
2018-05-24,8.628959655761719,8.76093562816718,8.477328359792415,8.592455993859737,40698000
2018-05-25,8.449249267578125,8.786208573525066,8.409937544931068,8.749704371996755,19350800
2018-05-28,7.828681945800781,8.339736971380177,7.786562170305326,8.339736971380177,29319200
2018-05-29,8.005584716796875,8.129136506434033,7.809025075809667,8.030856685940428,29098200
2018-05-30,8.527873992919922,8.527873992919922,8.014011354620033,8.016818875983867,43313000
2018-06-01,8.609304428100586,8.783400187957177,8.176873888427815,8.744087931199992,40264000
2018-06-04,8.732857704162598,8.817097273824086,8.643002020368446,8.766553317794344,16699800
2018-06-05,8.176875114440918,8.693545287123094,8.162834829357474,8.66265773110374,23979600
2018-06-06,7.772524833679199,8.210571598703845,7.772524833679199,8.143179829898681,28434000
2018-06-07,7.460834980010986,7.65739464271924,7.019980302694867,7.609658755237635,53017400
2018-06-08,7.567540168762207,7.800603529983056,7.064909243088836,7.539460136026016,45009800
2018-06-11,7.317626476287842,7.750057470298336,7.303586731529343,7.693897420100477,20231800
2018-06-12,7.601287364959717,7.694226389479041,7.342184548546264,7.406960118356323,27853200
2018-06-13,7.463291645050049,7.674516880287315,7.305576953148153,7.604108468541559,32028200
2018-06-14,7.12532901763916,7.570310031225879,7.12532901763916,7.533697903936874,29391200
2018-06-15,7.040841102600098,7.15349445280699,6.846513737759743,7.1253309809618814,60073800
2018-06-18,6.905656814575195,7.139412708630361,6.905656814575195,6.978881623663666,22491600
2018-06-19,7.390065670013428,7.547780337108881,6.798634996938647,6.832431265617263,31840400
2018-06-20,7.6041059494018555,7.612555149394716,7.356268658518375,7.511166898173879,33299800
2018-06-21,7.325288772583008,7.598473125408919,7.297125309869125,7.542146737154525,20552000
2018-06-22,7.350636959075928,7.497086557838685,7.291493624617584,7.415412557199414,17348800
2018-06-25,7.564678192138672,7.604106721763429,7.314023938624835,7.421045000711218,22208200
2018-06-26,7.6547980308532715,7.739287859525983,7.539328347653057,7.621001777080248,23881000
2018-06-27,7.497084140777588,7.933615858735214,7.471737082349259,7.654798753196867,29318000
2018-06-28,7.927987098693848,7.927987098693848,7.471740888891917,7.471740888891917,22322000
2018-06-29,8.06879711151123,8.139205464207093,7.89981695760654,8.049082858704084,27542400
2018-07-02,8.277210235595703,8.28002663568342,7.942066682758145,7.964597346286497,17346600
2018-07-03,8.350433349609375,8.477168642241582,8.319454029211833,8.347616950087183,20235800
2018-07-04,8.589824676513672,8.60109027819498,8.296925478881095,8.40394654615971,12724800
2018-07-05,8.38986587524414,8.671499497849071,8.339171737227494,8.640519627467008,19754800
2018-07-06,8.296924591064453,8.46027257492357,8.184271272173163,8.319455792016107,18280800
2018-07-10,8.226515769958496,8.508149321064339,8.167372982069486,8.420843070630072,29250200
2018-07-11,8.38986587524414,8.443375876774153,8.085701047144251,8.15329358928212,29137400
2018-07-12,8.550395011901855,8.601089138402996,8.420843295601903,8.420843295601903,19928000
2018-07-13,8.767251014709473,8.767251014709473,8.494066700750588,8.533495220636349,20128200
2018-07-16,8.671499252319336,8.834846727318142,8.575743780371054,8.753172721231994,17779600
2018-07-17,8.961581230163574,9.04043829581665,8.60953922371671,8.626437089617589,23151600
2018-07-18,8.905253410339355,9.077049516792309,8.840477283238242,8.955946999952324,25685000
2018-07-19,8.826396942138672,8.826396942138672,8.553212547384874,8.778519209328888,54670600
2018-07-20,9.293907165527344,9.386846752869051,9.031987877642017,9.153090390292082,39137000
2018-07-23,9.231948852539062,9.350235520487388,9.189704458115795,9.293908586909467,11245800
2018-07-24,9.305171012878418,9.412190968371718,9.260109696263731,9.350232329493107,12936000
2018-07-25,9.454440116882324,9.502318388812956,9.333337579721672,9.333337579721672,16675200
2018-07-26,9.147459030151367,9.482602621197346,9.127744764463186,9.44599102740324,15242800
2018-07-27,9.260111808776855,9.378397388994998,9.139009291307742,9.209417681727144,13317200
2018-07-30,9.262927055358887,9.364315302712297,9.22913133102332,9.293906916977619,9593800
2018-07-31,9.153090476989746,9.248845928030585,9.037620763176976,9.226314728093095,13914200
2018-08-01,9.285462379455566,9.364319462718942,9.074237128416794,9.074237128416794,15349200
2018-08-02,9.358682632446289,9.462886743958611,9.19533573394157,9.223498658886506,15501800
2018-08-03,9.640315055847168,9.721989032755,9.415008459503662,9.440355518738968,25511000
2018-08-06,9.660032272338867,9.716359207250282,9.55301120344187,9.676930675116369,10092000
2018-08-07,9.454440116882324,9.764236655362582,9.341786244154804,9.688196526770499,20147600
2018-08-08,9.189701080322266,9.553007465950756,9.172802684156043,9.476967369069017,18453600
2018-08-09,9.46288776397705,9.553010422731358,9.32207097538009,9.350234977707585,31247000
2018-08-10,8.941865921020508,9.330520551633153,8.871457527941606,9.307989350161433,40015400
2018-08-13,8.984112739562988,9.0686031513373,8.786969519769974,8.899622864962199,17807400
2018-08-14,9.293907165527344,9.3108055653204,9.054519077366091,9.139008927637901,17102400
2018-08-15,9.096765518188477,9.21505219474006,9.040438580513769,9.124929524199318,25654000
2018-08-16,9.124926567077637,9.27137505348644,9.068599647656836,9.20378360965878,19425600
2018-08-17,8.803866386413574,9.079867722225025,8.789784384131966,8.984111718230473,28188600
2018-08-20,8.570109367370605,8.877089992557783,8.505333777109595,8.806681602141886,31663400
2018-08-21,8.229333877563477,8.584192290052764,8.218068812511829,8.533498154386654,30458000
2018-08-22,8.527706146240234,8.581715103642637,8.166699789260262,8.243449274698893,27614400
2018-08-23,8.311671257019043,8.692575526507687,8.286088093980478,8.527706554801929,34472800
2018-08-24,8.425375938415527,8.550449149916123,8.215025857632819,8.507810715275067,21201800
2018-08-27,8.684048652648926,8.684048652648926,8.456643334475038,8.470855963544514,13919400
2018-08-28,8.641408920288086,8.769324731334054,8.598770497331751,8.698260512347842,12144600
2018-08-29,8.817646980285645,8.934192236994244,8.66983329883873,8.709629081467948,16223400
2018-08-30,8.50780963897705,8.800593917402907,8.476541204513302,8.800593917402907,22144200
2018-08-31,8.556132316589355,8.735213914946335,8.448114397053354,8.516335984150155,21645600
2018-09-03,8.354310035705566,8.5049663864142,8.354310035705566,8.487911124390752,11828400
2018-09-04,8.14111614227295,8.382734577119093,8.10700562333992,8.357151416830858,22075000
2018-09-05,8.155328750610352,8.317355059864717,7.987617174531688,8.047310849656187,14968800
2018-09-06,8.33725643157959,8.385580135402895,8.072897377850754,8.300303266150998,20406200
2018-09-10,8.223552703857422,8.504966986910176,8.172386371997458,8.450958020816099,28121600
2018-09-11,7.8511738777160645,8.030255441934115,7.83696071091979,8.02741280857486,24762000
2018-09-12,7.886957168579102,8.029526894032607,7.832780520625874,7.983904625396312,31743200
2018-09-13,7.781456470489502,7.9696484789494555,7.732982738379492,7.955391178999227,13594200
2018-09-14,7.844188213348389,7.881256111427137,7.630333574632872,7.781457715114939,22403400
2018-09-17,8.11221981048584,8.11221981048584,7.78430891733478,7.812822978981893,28580600
2018-09-18,8.474345207214355,8.474345207214355,8.060893284729925,8.09510971799988,31828000
2018-09-19,8.388803482055664,8.625469227536124,8.283301635676484,8.368843805571592,23738600
2018-09-20,8.411612510681152,8.53137108343509,8.31751652807879,8.519965246096497,12891600
2018-09-21,8.719565391540527,8.719565391540527,8.365992496944857,8.477196721574833,32603200
2018-09-24,8.477198600769043,8.753784309396682,8.411616635493418,8.66253919752476,26173800
2018-09-25,8.425870895385742,8.485750465290096,8.214867758497782,8.277598788289042,23485800
2018-09-26,8.397358894348145,8.545631028108865,8.328924932476475,8.454386470760587,25684800
2018-09-27,8.636874198913574,8.639725114815604,8.46293896043142,8.46293896043142,17535800
2018-09-28,8.397358894348145,8.548482488508556,8.354587532213236,8.505711670234108,25581800
2018-10-01,8.043783187866211,8.485749637749384,8.04093227211769,8.425870073684559,31355000
2018-10-02,8.961935997009277,8.999003898604663,8.454387410516816,8.468644714100058,65583000
2018-10-03,9.774579048156738,10.09963781553624,9.503697467154202,9.979879780278772,70672600
2018-10-04,10.014094352722168,10.230800882675183,9.557871796590096,9.603494052203303,55840000
2018-10-05,10.190886497497559,10.347713009399243,9.8629756281133,10.279279048862033,47335400
2018-10-08,11.17746639251709,11.619432311993574,10.997828238714671,11.548147451183798,83863800
2018-10-09,11.120439529418945,11.320037379542415,10.949356279439272,11.094776933149916,50770600
2018-10-10,10.6499605178833,10.892329759807051,10.584378559542785,10.892329759807051,41681600
2018-10-11,10.607185363769531,10.88376982820132,10.490278259161347,10.83529665474642,38134000
2018-10-15,10.755462646484375,10.960762353675566,10.667069006959244,10.81248967820804,26452200
2018-10-16,11.22593879699707,11.263007226608432,10.895177109294103,10.895177109294103,36392600
2018-10-17,11.322887420654297,11.331442343896692,11.00923445735733,11.057707642274572,32591600
2018-10-18,11.191723823547363,11.399875499165834,11.183169987803817,11.211683498762785,31727400
2018-10-19,11.285823822021484,11.365662547320538,11.16606464635185,11.357108708958796,19574400
2018-10-22,11.362810134887695,11.47401546820423,11.322890773670945,11.362810134887695,20179400
2018-10-23,11.402729034423828,11.459756064001207,11.15180597094407,11.18887441034606,27725800
2018-10-24,11.148955345153809,11.496825924730807,11.137550590460908,11.41983812001847,27626400
2018-10-25,11.434090614318848,11.505375471235352,11.237344800808714,11.30577874204562,28963000
2018-10-26,12.095621109008789,12.13839248338694,11.297230459812774,11.548153608207373,41151400
2018-10-29,11.938791275024414,12.37505547578683,11.759154162431413,12.249593392136045,73741000
2018-10-30,12.289509773254395,12.375052477827749,11.896018118187921,12.152642968745969,44728200
2018-10-31,12.189711570739746,12.432079669806532,11.867503685477699,12.389309404646875,24857200
2018-11-01,12.369354248046875,12.420679455162011,12.101322369174264,12.203972783404533,31418400
2018-11-05,12.377904891967773,12.429230085836066,12.181159040619853,12.417824245482933,20783400
2018-11-06,12.109874725341797,12.329432267464691,12.049994604602205,12.121279478497136,24175000
2018-11-07,11.81903076171875,12.283808383216728,11.65079843784652,12.198265675567242,23486000
2018-11-08,11.576662063598633,12.19256327617758,11.553851471580547,12.132684248444251,34638600
2018-11-09,11.833292007446289,11.910279820912836,11.32859484431301,11.5481524410018,25403400
2018-11-12,12.027183532714844,12.115577164412073,11.773409565766995,11.913127303926215,22029200
2018-11-13,11.89031982421875,12.155499701025583,11.841845533588561,12.047146364076713,22453600
2018-11-14,11.910277366638184,11.978710239359506,11.67076013667175,11.904574445957923,31291000
2018-11-16,12.286663055419922,12.289513972276806,11.927387706794903,11.998672593148529,29923400
2018-11-19,12.574647903442383,12.63167600460795,12.21537271522427,12.2923604886397,32093200
2018-11-21,12.546138763427734,12.574652280074423,12.337987046288285,12.403569004752418,24920200
2018-11-22,12.919262886047363,13.041334127062662,12.67221220360638,12.805910702610122,21254600
2018-11-23,13.020991325378418,13.308732474640813,12.994833039081836,13.079120973674245,29086400
2018-11-26,12.791383743286133,13.291297319564766,12.678031504183691,13.099470197530364,22759200
2018-11-27,13.09365177154541,13.195378922858243,12.686746492486208,12.803004668475676,26934800
2018-11-28,13.300009727478027,13.311635876628722,12.893104485779169,13.166312338436857,26481400
2018-11-29,13.14887523651123,13.343608260501062,13.070400386793768,13.195378727966316,19408000
2018-11-30,12.971583366394043,13.172129512368647,12.875669269146872,13.160503359599726,22531000
2018-12-03,12.817537307739258,13.253507979549855,12.803005173758388,13.253507979549855,24941000
2018-12-04,12.689654350280762,12.96286226838346,12.593741368638774,12.820445787729719,22152600
2018-12-05,12.817537307739258,12.837882517058626,12.619897181153327,12.744875529104158,9901400
2018-12-06,12.896011352539062,12.896011352539062,12.521077440942944,12.637335614225911,16511200
2018-12-07,12.797194480895996,13.058777376174001,12.733252857729896,12.893108578741584,15668000
2018-12-10,12.422257423400879,12.861134052374881,12.381565898455069,12.773940144952375,19037000
2018-12-11,12.49492073059082,12.657682415418995,12.346690071929935,12.58502063219761,18636200
2018-12-12,12.528639793395996,12.709369048226286,12.493660188715008,12.589854379583123,24942200
2018-12-13,12.849291801452637,12.898846156891707,12.429532028407491,12.534471971668777,16044000
2018-12-14,12.85511589050293,12.971716029946672,12.723942123605395,12.758921720645981,14211400
2018-12-17,12.738517761230469,12.980461566460825,12.683132190697863,12.840542056451447,13141400
2018-12-18,12.76767349243164,12.94840280900348,12.756013249560693,12.825973594804418,16072000
2018-12-19,12.76767349243164,13.030023397118153,12.76767349243164,12.825973594804418,15181800
2018-12-20,12.849291801452637,12.983381234739051,12.7676712278151,12.82597131984712,15483400
2018-12-21,12.852202415466309,13.04459188255093,12.747262503968981,12.843457793502008,27948200
2018-12-26,12.936738967895508,12.936738967895508,12.546129869793791,12.758924220792117,14756400
2018-12-27,13.152447700500488,13.15244770050049,12.846373667301762,12.907588251545198,14068800
2018-12-28,13.551798820495605,13.551798820495605,13.073739179973904,13.172848956279699,25971800
2019-01-02,14.166868209838867,14.487518167564874,13.435205317976592,13.467270424947372,29810600
2019-01-03,14.225167274475098,14.341767452848696,13.948242684824086,14.137717696685755,17758200
2019-01-04,14.225167274475098,14.525412344593514,13.96864754924221,14.015288510177017,17718400
2019-01-07,14.131887435913086,14.420472262925491,14.041522242973874,14.233912868969945,18787000
2019-01-08,13.97156047821045,14.29803935809206,13.65091171732441,14.166864460645408,29034600
2019-01-09,13.93366527557373,14.093989656187546,13.840385595508183,14.093989656187546,33436000
2019-01-10,14.137707710266113,14.228072840273732,13.744184332195408,13.83163384821324,20525200
2019-01-11,14.196015357971191,14.251399821636474,14.026945239443195,14.131885159635535,13755000
2019-01-14,14.525410652160645,14.525410652160643,14.137716049425245,14.196016131819192,17948800
2019-01-15,14.356338500976562,14.557472589306373,14.274719064317757,14.43795793763537,18486200
2019-01-16,14.219328880310059,14.40588816756595,14.187263794316502,14.385483315021153,13349400
2019-01-17,14.27181339263916,14.426308863647,14.108574405587825,14.236833768554188,25958600
2019-01-18,14.152290344238281,14.408810031466203,14.152290344238281,14.286379751114552,26163400
2019-01-21,14.076499938964844,14.210589335563327,13.904515326116718,14.172694119313682,16599200
2019-01-22,14.05026912689209,14.260147906247314,13.971564167640711,14.10856922026146,20386600
2019-01-23,14.341761589050293,14.405890660152306,14.050262374280903,14.12313717797325,20394600
2019-01-24,14.268892288208008,14.449621559709177,14.210592200374238,14.338851504023184,19806800
2019-01-28,14.085250854492188,14.347600758082688,13.991971135878224,13.991971135878224,16801600
2019-01-29,14.554559707641602,14.554559707641603,14.163950612711002,14.283465277698195,24407400
2019-01-30,14.744032859802246,14.744032859802246,14.42046850865634,14.5749627580577,17100200
2019-01-31,15.117156982421875,15.376591234817344,14.834402247482997,14.866467354989279,30176600
2019-02-01,15.190027236938477,15.190027236938477,14.92767744743049,15.029702859786473,17208200
2019-02-04,15.478610038757324,15.583549948766214,14.953911600694289,15.076341866365132,15479200
2019-02-05,15.930434226989746,15.930434226989744,15.347435735418028,15.347435735418028,22853400
2019-02-06,14.959737777709961,15.717635198337192,14.95973777770996,15.697230344765151,32873800
2019-02-07,15.058853149414062,15.37950192090644,14.604113860551086,15.15796295165414,31334000
2019-02-08,15.07925796508789,15.379501874505712,14.840228638991492,15.026788004531946,20094600
2019-02-11,14.633260726928711,15.207513420859724,14.63326072692871,15.157959088360316,18936000
2019-02-12,15.53399658203125,15.586466540322252,14.808162900326714,14.81399301924588,36666200
2019-02-13,15.181280136108398,15.66808330696446,15.05593538069418,15.533993930654786,29488800
2019-02-14,15.956672668457031,16.026631879927166,15.181284550776406,15.507763465594138,55715400
2019-02-15,15.977075576782227,16.17237955622641,15.81966570225673,15.94501047878835,25065200
2019-02-18,15.819666862487793,15.968331013566292,15.603956895060442,15.845901843499476,17618800
2019-02-19,15.886707305908203,16.29772115686621,15.834237357957711,15.866302449703154,27106800
2019-02-20,15.437804222106934,16.184042905875692,15.437804222106932,16.114082577529807,33344600
2019-02-21,15.50776481628418,15.708898956756151,15.42031523833905,15.580639649902073,20685400
2019-02-22,15.649810791015625,15.77067008688873,15.49947405692652,15.682236647748539,14520400
2019-02-25,15.393359184265137,15.85026639287605,15.387463469538806,15.820787819244394,20278000
2019-02-26,15.475890159606934,15.599696741127575,15.328500729515438,15.416934162671913,14574600
2019-02-27,15.299026489257812,15.531900982835808,15.284286643575822,15.467050384702908,12539200
2019-02-28,14.915814399719238,15.369774251974007,14.892232668487699,15.328505378949474,22092400
2019-03-01,15.125104904174805,15.184059781230264,14.933498180267955,14.962975618795687,18544400
2019-03-06,14.924650192260742,15.366818369549,14.886328635371381,15.160472995249448,7795000
2019-03-07,14.865700721740723,15.018985891947029,14.783162985665141,14.915812597360235,16948800
2019-03-08,15.387462615966797,15.431678787222618,14.685888345347534,14.81853910810008,16186600
2019-03-11,15.859114646911621,15.859114646911621,15.425790153917012,15.42873745000847,23071400
2019-03-12,15.769269943237305,15.90230675398262,15.48841470450055,15.807703050289307,16058800
2019-03-13,16.011688232421875,16.129943397542082,15.642142251127275,15.727877189451183,19158200
2019-03-14,15.89047908782959,15.993951523807143,15.639188241732692,15.964388292889263,16271200
2019-03-15,16.026473999023438,16.05012548928217,15.8136162255205,15.875699695801977,25429600
2019-03-18,15.90526008605957,16.14176930751941,15.875696856288938,16.129944692270115,24193800
2019-03-19,15.56528091430664,15.979171835909321,15.529803679607616,15.964390218667281,16919400
2019-03-20,15.2164306640625,15.633278622205836,15.216430664062502,15.577106892905432,26628200
2019-03-21,14.897135734558105,15.290333155562694,14.684276912494589,15.245987191711224,31600000
2019-03-22,14.087099075317383,14.571943422549783,14.042753088143442,14.568986421930026,45764800
2019-03-25,14.18761157989502,14.435946555413826,13.894930629983044,14.007272938084759,27340600
2019-03-26,14.521681785583496,14.560114891935418,14.122572488382673,14.471424062309133,23563400
2019-03-27,13.717548370361328,14.264476015173944,13.717548370361326,14.264476015173944,38145000
2019-03-28,14.19648265838623,14.403428693313234,13.73233286186868,13.886064169878306,43732800
2019-03-29,14.403424263000488,14.595587493081648,14.26447461570371,14.397511392076707,21874200
2019-04-01,14.545331001281738,14.699062274893588,14.456640185519301,14.60150158811947,14790400
2019-04-02,14.418207168579102,14.725669717581358,14.40046855421804,14.634021901696574,20064600
2019-04-03,14.264483451843262,14.707938895942016,14.161010965993091,14.610378156912844,37021600
2019-04-04,14.43594741821289,14.545332733084752,14.146222322987354,14.397514313292762,23104000
2019-04-05,14.518722534179688,14.678366667010181,14.406380241325103,14.506896792244506,14378800
2019-04-08,14.542375564575195,14.586721541104781,14.379775530241764,14.512812332065492,12500600
2019-04-09,14.3236083984375,14.453688231782944,14.163964197673568,14.453688231782944,16008400
2019-04-10,14.430031776428223,14.509853843126871,14.240823288088004,14.438900519028687,16107400
2019-04-11,14.29403305053711,14.47732860443068,14.178734925588712,14.400462435955458,17110200
2019-04-12,13.815113067626953,14.294044559873056,13.687989102437347,13.850589182076389,35001800
2019-04-15,13.85353946685791,14.122568887189875,13.646593498656832,13.983619241955688,25571600
2019-04-16,14.140310287475586,14.24969560009517,13.747112757597732,13.880149558224263,26542800
2019-04-17,13.954055786132812,14.388641071669127,13.850582239851002,14.220128202790088,40179000
2019-04-18,14.441863059997559,14.545336658435401,14.048666543676728,14.090055531945726,33079600
2019-04-22,14.291084289550781,14.42116408768351,14.196480594951524,14.42116408768351,12519600
2019-04-23,14.577851295471191,14.589675910598189,14.388642792495357,14.480290608260297,15327800
2019-04-24,14.282218933105469,14.583768704074895,14.175789469496817,14.539422718316201,20820800
2019-04-25,14.515767097473145,14.542374455809245,14.119613722116194,14.226043155460589,19659000
2019-04-26,14.589675903320312,14.65176048958942,14.39751265636473,14.486203472479993,17268200
2019-04-29,14.59559440612793,14.870536831600708,14.3236089814,14.663590762309912,33562600
2019-04-30,14.687239646911621,14.740454373207799,14.52759546802309,14.651763538635887,16298000
2019-05-02,14.719758987426758,14.752279221270333,14.50985709522832,14.574896435150393,17095600
2019-05-03,14.805493354797363,14.85279520365951,14.707932657151353,14.7552345060135,16262800
2019-05-06,14.59559440612793,14.684285256462458,14.539423797394644,14.625158774749671,12629600
2019-05-07,14.631068229675293,14.687238825283359,14.255609294151675,14.509857166062556,21692200
2019-05-08,14.956266403198242,15.030175606391007,14.634022232167196,14.634022232167196,28919200
2019-05-09,15.086349487304688,15.15434583374993,14.817319974079954,15.050873377803951,30755000
2019-05-10,14.829140663146973,15.133646182037062,14.74044985575581,15.107038827043233,17950600
2019-05-13,14.29995346069336,14.601503169148936,14.291084716486292,14.40047003017855,20496600
2019-05-14,14.161008834838867,14.480296120100917,14.060492237526393,14.456645753079634,19284800
2019-05-15,13.927453994750977,14.078228311637595,13.785548423632621,14.042752200799313,20887600
2019-05-16,13.4928617477417,13.850581962027823,13.424865427256591,13.835800349359713,29345600
2019-05-17,13.259309768676758,13.735285187778004,13.170618955970317,13.436692521854512,28720200
2019-05-20,13.76780891418457,13.847631004233795,13.277051756217796,13.34800510107216,26172200
2019-05-21,14.554201126098633,14.598547102071887,13.868323765039749,13.868323765039749,28416600
2019-05-22,14.555639266967773,14.758380750077942,14.430417188348976,14.69875070139579,16412400
2019-05-23,14.579496383666992,14.716644743161623,14.391662068581512,14.481106601410666,17869200
2019-05-24,14.794160842895508,14.847827782110809,14.624215914496643,14.722605682174288,18547800
2019-05-27,15.083367347717285,15.199645348146428,14.904478291264587,14.904478291264587,15283000
2019-05-28,15.280144691467285,15.459033735354698,15.044606578381442,15.113180749783243,31982200
2019-05-29,15.265237808227539,15.408349274065284,15.095292871460915,15.184737395440902,22122400
2019-05-30,15.48885440826416,15.503761643913474,15.223501746719203,15.235426852829146,18037600
2019-05-31,15.459031105041504,15.676680959115341,15.24436451637132,15.414309420353328,20329200
2019-06-03,15.53059196472168,15.667740324563551,15.399406725396705,15.569351679407058,15384800
2019-06-04,15.784024238586426,15.784024238586424,15.50972741624458,15.593208860026989,22809800
2019-06-05,15.348722457885742,15.784020067357412,15.262258906903966,15.760168720015342,18513000
2019-06-06,15.739295959472656,15.760166311713682,15.339776000739034,15.524628179451936,15959800
2019-06-07,15.611092567443848,15.837685462979668,15.61109256744385,15.77507440284662,13818200
2019-06-10,15.464996337890625,15.563386104882133,15.196662781034153,15.518663276731672,18282600
2019-06-11,15.772087097167969,15.772087097167969,15.456048656706207,15.623012554235752,26265600
2019-06-12,15.631821632385254,15.853168257279659,15.530122016791356,15.817274610904885,17639200
2019-06-13,15.383556365966797,15.754460058710064,15.335697788159973,15.628831719856587,31063600
2019-06-14,15.111361503601074,15.404495454945305,14.937873434274046,15.356636873930709,26201200
2019-06-17,15.096405029296875,15.269891947453095,14.997696069885011,15.069484507733504,13692000
2019-06-18,15.44936466217041,15.569010554164864,15.189132536479162,15.210070596104158,24425200
2019-06-19,15.703605651855469,15.70360565185547,15.287834180020063,15.40448935372489,15928600
2019-06-21,15.826248168945312,16.00272688490638,15.733521677156116,15.733521677156116,29290800
2019-06-24,15.865126609802246,16.12236677443694,15.745479650099325,15.850171025098874,18067200
2019-06-25,15.718564987182617,16.03263694691328,15.628830304550771,15.79334407954889,31364200
2019-06-26,16.059560775756836,16.071525706850682,15.76343614793524,15.847188383514903,26024600
2019-06-27,16.09246253967285,16.203135291262278,15.835222245947255,15.91299315109332,27027600
2019-06-28,16.134340286254883,16.236039921013777,15.957861541850876,16.236039921013777,28394800
2019-07-01,16.11638832092285,16.35268935650162,16.005714456306823,16.319787518385827,16566400
2019-07-02,15.909998893737793,16.227062648425544,15.78437056931937,16.068531341600853,21172400
2019-07-03,16.242019653320312,16.242019653320312,15.712583509207766,15.972815588525801,23723600
2019-07-04,16.505245208740234,16.505245208740234,16.355686989118478,16.388589980001452,18334200
2019-07-05,16.451398849487305,16.562071576802225,16.247999645156035,16.451398849487305,18783200
2019-07-08,16.436447143554688,16.556093024284394,16.397561690324213,16.508234443784797,13135000
2019-07-10,16.230056762695312,16.66078514613443,16.089472818468256,16.63087281892971,25059200
2019-07-11,15.912991523742676,16.191169846319877,15.796336318991932,16.191169846319877,29312000
2019-07-12,15.554051399230957,16.03861960410086,15.494227896410848,16.00870842321001,25477000
2019-07-15,15.461329460144043,15.670711211076545,15.27288691123966,15.616870156807082,21417000
2019-07-16,15.485252380371094,15.610880689969392,15.40748149639652,15.554048998632766,20702200
2019-07-17,15.488245010375977,15.604900210128264,15.407483454923229,15.494227474598963,13825000
2019-07-18,15.751466751098633,15.927945441063688,15.515164563663705,15.545076882917796,24922000
2019-07-19,15.554051399230957,15.838212181847666,15.554051399230957,15.62883049249649,17699400
2019-07-22,15.557037353515625,15.751463393590187,15.545073569402442,15.697622371447634,12776800
2019-07-23,15.374590873718262,15.667724950975607,15.37459087371826,15.63482194845015,25341200
2019-07-24,15.652759552001953,15.748476695218734,15.39551930171747,15.422439819562088,30775000
2019-07-25,14.991716384887695,15.709596332334879,14.973770127876685,15.667720211257558,35424000
2019-07-26,14.955821990966797,15.19810671799438,14.934883931462537,15.195114914614534,16217600
2019-07-29,15.090426445007324,15.147258164683146,14.901982745603997,15.000691730399627,10184400
2019-07-30,14.937874794006348,15.16520393029744,14.689608738969056,15.021628174184546,18490000
2019-07-31,14.722508430480957,15.015642342805466,14.716525966020649,14.98573002050393,22667400
2019-08-01,14.581923484802246,15.096404022116287,14.563976091277885,14.895995454728762,29717000
2019-08-02,14.584917068481445,14.761395813192262,14.357589076822105,14.581926406147451,16607800
2019-08-05,14.312721252441406,14.584917168243114,14.184101091465346,14.279819402387782,16970800
2019-08-06,14.507145881652832,14.67764214403041,14.420401848923593,14.504155219610483,17148200
2019-08-07,14.492186546325684,14.590894342768639,14.222981390502616,14.447318640009088,22837000
2019-08-08,14.596887588500977,14.860110475178477,14.498179719146352,14.84814553918425,24360800
2019-08-09,14.552019119262695,14.710550509347264,14.447327652892211,14.614833314461602,16614200
2019-08-12,14.058463096618652,14.29775585728969,14.046498173325629,14.27083535039933,21299200
2019-08-13,14.222984313964844,14.432366018082547,13.995656356462344,14.040523130962823,19271400
2019-08-14,13.726452827453613,14.079410307096332,13.666629313083238,14.043516654889558,23003000
2019-08-15,13.71448802947998,13.950790285965184,13.535018625665616,13.804223872425803,21692400
2019-08-16,13.678595542907715,13.923870948179667,13.564930968915744,13.864047428129224,19495200
2019-08-19,13.40938663482666,13.965742092193377,13.379474314943504,13.759352219672094,20911200
2019-08-20,13.39742374420166,13.514078956889739,13.182059572446123,13.466220378837232,13199600
2019-08-21,14.163158416748047,14.196061397118779,13.681582061898295,13.720466365028889,27300600
2019-08-22,14.08651351928711,14.36129861540353,14.004983723486529,14.31298479032457,15065200
2019-08-23,13.573176383972168,14.053295453055956,13.503725342770396,13.920431589981021,26118000
2019-08-26,13.509765625,13.799648551796633,13.21384217468287,13.703020909531089,13994800
2019-08-27,13.401052474975586,13.769444743198507,13.11720791119209,13.693954363790857,25205800
2019-08-28,13.28933048248291,13.376899629350609,13.17760500482988,13.274232631755556,16904200
2019-08-29,13.612432479858398,13.654706928869134,13.295371808493202,13.3497250006191,17489800
2019-08-30,13.962706565856934,14.059334197297419,13.615450223441782,13.642626816777682,23972000
2019-09-02,13.784546852111816,14.128782875610728,13.70905645566409,13.962704233804134,10778400
2019-09-03,13.527880668640137,13.986862480226758,13.47352748359092,13.709058336101595,22157400
2019-09-04,13.847963333129883,13.869100559347828,13.582236722528307,13.703021859681506,14053600
2019-09-05,14.331097602844238,14.427725225007565,13.91741052346424,13.92042963270404,24718400
2019-09-06,14.913885116577148,14.913885116577147,14.463962921014991,14.463962921014991,28078200
2019-09-09,15.098078727722168,15.258117993630584,14.877646916524462,14.962195788794268,26966600
2019-09-10,14.844435691833496,15.24906437681884,14.759886792607185,15.203769665437681,16896400
2019-09-11,14.491137504577637,15.089021326665973,14.491137504577637,14.947099007884635,28189200
2019-09-12,14.564857482910156,14.677127935237879,14.38279722737813,14.661956440195356,20399000
2019-09-13,14.303905487060547,14.71657668868736,14.231081838250539,14.586099730599146,15950200
2019-09-16,14.155224800109863,14.431350244629694,14.049021993749216,14.273564110973911,16351000
2019-09-17,14.352457046508789,14.397972701726834,13.99440410849451,14.076331593380273,13488400
2019-09-18,14.570929527282715,14.64071934588508,14.309975587936659,14.401005735787088,17056600
2019-09-19,14.191636085510254,14.777264943921603,14.191636085510254,14.689268633950524,19323600
2019-09-20,14.416177749633789,14.558792386122423,14.231083610641287,14.26142660850598,30594600
2019-09-23,14.346386909484863,14.48596769927681,14.218944938492195,14.394936397126514,11494600
2019-09-24,13.909440040588379,14.431347845332533,13.836615238119741,14.379763369102465,23998200
2019-09-25,13.818413734436035,13.909443894611204,13.593871592326751,13.909443894611204,21829600
2019-09-26,13.870000839233398,14.021718199953549,13.718283478513248,13.894276172554191,17521200
2019-09-27,13.75772476196289,13.982266874478867,13.730415601758395,13.806274251491867,15873000
2019-09-30,13.803242683410645,13.927650843119938,13.800207688716261,13.806276520593705,10862600
2019-10-01,13.639386177062988,13.869995975180222,13.596905516160696,13.869995975180222,13184400
2019-10-02,13.175128936767578,13.53621682856323,13.156923602734901,13.53621682856323,38445200
2019-10-03,13.74255084991455,13.74255084991455,13.235814556787252,13.281330201637878,30768000
2019-10-04,13.836617469787598,13.836617469787598,13.539251696975423,13.766827649817397,14456400
2019-10-07,13.29043197631836,13.724343440087797,13.278294317504045,13.684896627696705,26487200
2019-10-08,13.050721168518066,13.45125589105967,13.050721168518066,13.411809070371653,23554400
2019-10-09,13.411808013916016,13.454288667844072,13.078029297675132,13.220643913728756,18528000
2019-10-10,13.47249698638916,13.599938965464467,13.35719151186067,13.439118994485295,12938000
2019-10-11,13.724345207214355,13.772894691211915,13.578696755221678,13.593868251937602,18216600
2019-10-14,13.65455436706543,13.824478127003951,13.602971050617311,13.727379166327914,13727000
2019-10-15,13.466423988342285,13.709171366830919,13.433046006766823,13.64545039701093,29577000
2019-10-16,13.65455436706543,13.7637909872037,13.320776834430418,13.47249410517559,30479400
2019-10-17,13.627243995666504,13.866957539849723,13.527111207818194,13.754687093622584,49907600
2019-10-18,13.9761962890625,14.12487857566867,13.806272518287315,13.957989798708056,94233200
2019-10-21,14.079367637634277,14.185569297714258,13.888203491979034,14.049023479389083,31502200
2019-10-22,14.38279914855957,14.464725464234672,14.091501080282981,14.109707571272464,34194600
2019-10-23,14.443489074707031,14.674100060070122,14.22501691082415,14.36763041116863,41522600
2019-10-24,14.352457046508789,14.589136833126943,14.17343057750165,14.485969017809081,44281000
2019-10-25,14.482932090759277,14.58003106192314,14.29480297881817,14.346386300837892,20923200
2019-10-28,14.804573059082031,14.804573059082033,14.47382932900224,14.519343820336815,28999200
2019-10-29,14.765127182006836,14.90167297973878,14.704440032180294,14.743886853194214,20788800
2019-10-30,14.995737075805664,14.995737075805664,14.422245878503057,14.74995579553947,31496400
2019-10-31,14.610373497009277,14.868292391822239,14.549686357785372,14.837949400965739,28340600
2019-11-01,14.552721977233887,14.807607067200523,14.397970852884272,14.698370434713246,24608600
2019-11-04,14.470795631408691,14.731749572143645,14.382800477274575,14.610376426867457,22246000
2019-11-05,14.561824798583984,14.701404416031787,14.452588173621018,14.504171492347437,18492400
2019-11-06,14.464728355407715,14.710510824092482,14.367629365744628,14.564862339597855,21688400
2019-11-07,14.464728355407715,14.710510824092482,14.401007360474676,14.58003383969935,28996200
2019-11-08,14.261423110961914,14.488999011668755,14.12791233258449,14.37065972850294,33611800
2019-11-11,14.33425521850586,14.39190739271511,14.082403871015577,14.182537873996962,20247800
2019-11-12,14.176467895507812,14.425284227791009,14.064196236237276,14.2705319006933,33016600
2019-11-13,13.942816734313965,14.16735763588113,13.900336085774818,14.088465168238551,26175200
2019-11-14,14.112738609313965,14.185563401320683,13.885162725870316,13.997434328443624,24067000
2019-11-18,14.11880874633789,14.306938994153214,13.957988810876929,14.261423350243819,31171200
2019-11-19,13.894269943237305,14.100605553909725,13.869994620800039,14.064192570253827,16236000
2019-11-21,14.073296546936035,14.106674536892264,13.851789436103255,13.882132431966504,22505600
2019-11-22,14.298099517822266,14.343976239637064,14.044250346049118,14.096244041885456,15279600
2019-11-25,14.25222396850586,14.356210202039748,14.151296805581154,14.301158598010419,14860200
2019-11-26,14.068726539611816,14.184946781178635,13.934156531851524,14.17577073138771,30660000
2019-11-27,14.478549003601074,14.490782954040128,13.912742212772722,14.129889582944145,22475800
2019-11-28,14.558070182800293,14.57947901689048,14.23999557630583,14.356214628025711,13819800
2019-11-29,14.622296333312988,14.677347948597765,14.499959151192632,14.570302622568995,14571000
2019-12-02,14.50607967376709,14.781337817492775,14.50607967376709,14.622299908528392,19454800
2019-12-03,14.799680709838867,14.891432992907527,14.665110772451069,14.723220279499387,35073400
2019-12-04,15.01377010345459,15.026004052278962,14.772154864294299,14.799680665802352,30058200
2019-12-05,14.8853120803833,15.068817764665496,14.775210069845906,15.035174997545765,18946200
2019-12-06,14.824149131774902,14.983186972508179,14.762980552001547,14.857791908984929,19271400
2019-12-09,14.870028495788574,14.970956853239185,14.775218281243486,14.787451066972778,16859800
2019-12-10,14.655936241149902,14.906727551923664,14.576417898729222,14.848616872179994,13054600
2019-12-11,14.634527206420898,14.79356505572427,14.545833985998412,14.695695789490454,19959400
2019-12-12,15.014004707336426,15.014004707336426,14.691684250638227,14.734660155397243,16996400
2019-12-13,14.89734935760498,15.19511254379081,14.84516468468857,14.998650669979385,36059800
2019-12-16,14.694750785827637,15.11837251619334,14.694750785827637,14.967955705866009,24014800
2019-12-17,15.026280403137207,15.026280403137209,14.710098430673737,14.777632648851329,21084000
2019-12-18,15.545060157775879,15.566548101697357,14.928047021878227,14.964883329885744,40919200
2019-12-19,15.704684257507324,15.704684257507326,15.373155174313133,15.440688204201667,24387600
2019-12-20,15.673989295959473,15.686267284863092,15.42227237285559,15.640222191712953,19074600
2019-12-23,16.146724700927734,16.146724700927734,15.57575783637899,15.643290871602224,17606800
2019-12-26,16.330909729003906,16.349327298539688,16.06998284086353,16.109889526533035,20063200
2019-12-27,16.26030921936035,16.47518870904739,16.04235818252645,16.37695775061749,17266200
2019-12-30,16.214262008666992,16.37388759964618,16.214262008666992,16.300213799576813,15679800
2020-01-02,16.515092849731445,16.567278697023458,16.321700167893155,16.376955219846952,26319800
2020-01-03,16.48746109008789,16.548855706605497,16.223465058765626,16.300208036661406,18930800
2020-01-06,16.269512176513672,16.392301416059162,16.100677850392355,16.392301416059162,19999800
2020-01-07,16.146724700927734,16.27872273800761,16.05156414233883,16.26951395388742,21277000
2020-01-08,15.999378204345703,16.2664446522859,15.974821056503613,16.195840071102797,42937200
2020-01-09,15.673989295959473,16.063843840524058,15.572687983219911,16.023937156323157,49486000
2020-01-10,15.305622100830078,15.790637188323021,15.213530747104087,15.704685414312776,30696400
2020-01-13,15.477527618408203,15.502085940396299,15.22888104880758,15.342460360489412,28363800
2020-01-14,15.39465045928955,15.49902101454257,15.271861157460506,15.43455598702926,17530000
2020-01-15,15.112225532531738,15.3547335991043,14.995575890090985,15.327106083026353,29003800
2020-01-16,15.179766654968262,15.281066812857485,15.035489430544622,15.185906235901749,23745200
2020-01-17,15.385435104370117,15.43148136915761,15.265716221128825,15.305622905877641,22843600
2020-01-20,15.287203788757324,15.45603813713917,15.12450902026274,15.348598416624847,16996600
2020-01-21,14.845168113708496,15.241162328268993,14.750006359285347,15.210464421516974,28958400
2020-01-22,14.961816787719727,15.0385597928104,14.823679144355452,14.983304735464689,20918800
2020-01-23,15.802915573120117,15.802915573120117,14.851303012922944,14.900418477236249,43249000
2020-01-24,15.594179153442383,15.8029202310519,15.594179153442385,15.778363077159513,18300600
2020-01-27,15.440685272216797,15.677053759455895,15.265711394949703,15.367012677054225,24031800
2020-01-28,15.566550254821777,15.701618687873513,15.37315873277907,15.594177782400061,15292800
2020-01-29,15.182832717895508,15.77221948448007,15.152135990585982,15.655569812894726,16800400
2020-01-30,15.287203788757324,15.345529212183779,14.848233780361442,14.949535091993628,25079800
2020-01-31,14.900422096252441,15.078465258504426,14.802191143767487,15.075396053554101,32252800
2020-02-03,14.97409439086914,15.084604502699293,14.737725800789157,14.903490968534387,20402800
2020-02-04,14.811394691467285,15.2258063025157,14.811394691467283,15.130645759640606,23533200
2020-02-05,15.47138500213623,15.744589819438607,15.072320575374858,15.103018469513001,47383400
2020-02-06,15.210466384887695,15.67092450655537,15.118374994755273,15.655576136700892,19325800
2020-02-07,15.225811004638672,15.446831223323853,15.12144047592681,15.210462638564483,15590000
2020-02-10,15.075396537780762,15.345532251293896,15.004793111602227,15.25957928685473,15570600
2020-02-11,15.753801345825195,15.855102657616092,15.250367504331978,15.32404012108433,36193000
2020-02-12,15.845891952514648,16.073051713930713,15.554268361739123,15.922634941086889,33234200
2020-02-13,15.600317001342773,15.821337216844002,15.486737688823641,15.763011787194927,27612600
2020-02-14,15.30255126953125,15.643290322069712,15.21659949808193,15.618733174943504,20045400
2020-02-17,15.072324752807617,15.422273816944474,15.072324752807617,15.373158343715568,13498000
2020-02-18,15.216599464416504,15.317900769976276,14.949534195857646,15.029346387597572,17858200
2020-02-19,15.253435134887695,15.449898158301027,15.087671178796306,15.19511088839304,22296200
2020-02-20,15.096881866455078,15.363947157571477,14.943395878525282,15.348598792979528,24104400
2020-02-21,15.109160423278809,15.109160423278809,14.83595556303264,14.983301965041637,12871200
2020-02-26,14.009259223937988,14.439789004344389,13.98448113506126,14.433594186740045,30428200
2020-02-27,14.18271255493164,14.740233220314925,13.745987895868307,13.87607553912339,62945800
2020-02-28,14.514127731323242,14.51412773132324,13.804836963933266,14.294216991525209,52758400
2020-03-02,14.603949546813965,14.709259088990274,14.340675100602835,14.501736822845468,26420400
2020-03-03,14.176512718200684,14.6689893876275,13.972088507205047,14.467661994000412,43107400
2020-03-04,14.192001342773438,14.461469393662899,13.938019744180504,14.387133950023324,38468000
2020-03-05,13.352624893188477,14.114569791065911,13.101740078820708,14.018551883496356,51693600
2020-03-06,13.101737976074219,13.231826771307466,12.773420942540891,12.946871094131165,38051400
2020-03-09,11.655282020568848,12.448199710455917,11.243335541993002,11.909263615803368,50349200
2020-03-10,12.268558502197266,12.603070459828372,11.655285595256135,12.240682407266263,64873400
2020-03-11,11.209264755249023,12.023864904400016,10.602186847219338,11.955723096637712,50007000
2020-03-12,9.727947235107422,9.94585349067254,8.267976747813401,9.089794133983087,63084800
2020-03-13,11.359129905700684,11.726456099372143,9.871142294924365,11.281306328123241,81556200
2020-03-16,9.463346481323242,10.210452673105939,9.198746210927125,9.494476029678093,62690400
2020-03-17,9.920948028564453,10.362985888197239,9.357505007441446,9.774639350774356,54067400
2020-03-18,8.283539772033691,9.38863406727549,7.8819699244338475,9.080452846296058,76586600
2020-03-19,7.959793567657471,8.619737613217008,7.265607559678566,7.938003066005154,83329800
2020-03-20,7.657841682434082,8.6851128742101,7.5737920593578,8.404948057702722,59350200
2020-03-23,6.888943672180176,7.782358713769533,6.820459129247871,7.782358713769533,53616200
2020-03-24,8.068746566772461,8.243071171514632,7.408802529628576,7.533320698191045,51598600
2020-03-25,9.036871910095215,9.51626472612731,8.009600572175058,8.071859657047785,50041200
2020-03-26,9.491362571716309,9.85868991888698,9.114696776098508,9.133374266739487,51320000
2020-03-27,8.790948867797852,9.183179663665001,8.722464351851505,8.959048034775181,41604800
2020-03-30,9.024421691894531,9.17072979924531,8.81274147275093,8.996405157375715,31537200
2020-03-31,8.681998252868652,9.183182289874324,8.538803153008052,9.08979423289974,37808400
2020-04-01,8.314669609069824,8.492107840487169,8.109215439793632,8.373815686208939,39653200
2020-04-02,8.411171913146973,8.653981080932375,8.19015265705744,8.389381407704358,31444800
2020-04-03,7.938004493713379,8.370703372195267,7.782357346777823,8.35825190918873,37936200
2020-04-06,8.67265796661377,8.809627008667881,8.324008146506351,8.45163874108889,42828000
2020-04-07,9.08045482635498,9.49447622486993,9.08045482635498,9.167617444791146,43029400
2020-04-08,9.254781723022461,9.510043018192071,8.89679330677857,9.120925045373298,39788200
2020-04-09,9.229878425598145,9.612770377855965,9.170732326012546,9.444671718174424,35051200
2020-04-13,9.41353988647461,9.432217378871789,8.934146956635127,9.26411875980361,36057400
2020-04-14,9.40419864654541,9.852462515589009,9.338827141552926,9.631443891570644,35539400
2020-04-15,9.229878425598145,9.413542160826903,9.02753719345964,9.176958356231435,33496400
2020-04-16,8.965274810791016,9.457119737607039,8.965274810791016,9.369957721302114,41468400
2020-04-17,9.208084106445312,9.357505207438122,9.036872502442721,9.198745064978258,37230000
2020-04-20,9.024421691894531,9.180068842000502,8.878113584543751,9.02753470614626,35550000
2020-04-22,8.983956336975098,9.074231401844955,8.912358175616394,8.993294788730674,40397800
2020-04-23,8.731806755065918,9.223651831075479,8.59483766111168,9.08979575204023,43417600
2020-04-24,7.564450740814209,8.622851764217502,7.47106269463002,8.601060665944255,147956000
2020-04-27,7.997150421142578,8.155910579196222,7.816599757938837,7.938004340201792,64265600
2020-04-28,9.07111644744873,9.105359013223936,8.439189347212684,8.473431319241083,86465400
2020-04-29,9.201860427856445,9.404201627989645,8.94348615211012,9.35128216074039,49257400
2020-04-30,8.87188720703125,8.959049821410558,8.669546038602691,8.812741126068623,47870600
2020-05-04,8.641529083251953,8.641529083251953,8.40183235072242,8.520124506871904,33172000
2020-05-05,8.653980255126953,8.88745095187045,8.579269703418635,8.722465372836258,31599200
2020-05-06,8.401835441589355,8.756710853095951,8.327124859890437,8.703790783507518,40625400
2020-05-07,8.174588203430176,8.545028578258657,8.115442121525554,8.54191556407981,52811800
2020-05-08,8.436074256896973,8.625963344819725,8.342685626056936,8.436074256896973,35152000
2020-05-11,8.488995552062988,8.756708241539434,8.342686853675081,8.37381640186911,34665000
2020-05-12,8.190152168273926,8.576156996104842,8.174587692100006,8.541915029772879,48281800
2020-05-13,7.953570365905762,8.358253375164669,7.853956269394907,8.29599426797196,52812200
2020-05-14,8.295992851257324,8.342686876804446,7.7045338089180175,7.782357382745472,72389000
2020-05-15,8.140345573425293,8.429849358433277,8.043844509671544,8.249298693790745,46873000
2020-05-18,8.529463768005371,8.647755935429354,8.295993041178143,8.445414163848346,37513600
2020-05-19,8.29910659790039,8.647756500666167,8.29910659790039,8.485883310319672,33452200
2020-05-20,8.507671356201172,8.604172402092066,8.3333467521329,8.404944283156897,45599600
2020-05-21,9.10847282409668,9.117811868419212,8.554368662977074,8.604175711870202,61039200
2020-05-22,8.87500286102295,9.07423107458251,8.688226113937404,8.983956012968425,53895800
2020-05-25,9.805768966674805,9.805768966674805,9.276568499228608,9.338827587309337,63773600
2020-05-26,9.584753036499023,10.250922735691695,9.410427778184793,10.117066074172381,61640600
2020-05-27,9.618993759155273,9.846238455842796,9.4944761578023,9.846238455842796,38620800
2020-05-28,9.584753036499023,9.793319674800385,9.404201748870678,9.528719960165652,41465400
2020-05-29,9.600317001342773,9.603430015832934,9.261006140623545,9.494476883664474,53853400
2020-06-01,9.899161338806152,10.008115087519657,9.51315636745773,9.578528497936448,44087200
2020-06-02,10.216678619384766,10.241582732865819,10.048579415868122,10.148193494805357,31544400
2020-06-03,10.817479133605957,10.895302724495208,10.534201310268832,10.730317091807997,58994400
2020-06-04,10.876623153686523,11.072738908512894,10.43458578764219,10.717863572394238,47894200
2020-06-05,10.957561492919922,11.882104916350354,10.898414805692974,11.645521729923725,71092200
2020-06-08,11.32800006866455,11.458744300028727,11.050948314991897,11.150562401986704,44528000
2020-06-09,11.141225814819336,11.542795838109795,10.93265796890737,11.063402222127097,57456600
2020-06-10,10.64937973022461,11.334227557126773,10.64937973022461,11.318663076684535,54692400
2020-06-12,10.381665229797363,10.546652029003399,10.213567197342304,10.272712691401157,57919800
2020-06-15,10.294501304626465,10.372324871300384,9.86802849175154,9.961416534261565,67145600
2020-06-16,10.428359985351562,10.792573779022126,10.303841779185737,10.739654313272503,46683000
2020-06-17,10.739651679992676,10.823701270422253,10.38477642317446,10.409679345805447,37890600
2020-06-18,10.708523750305176,10.935768433124995,10.521746469053742,10.640038628430306,37827600
2020-06-19,10.565327644348145,10.93265499700166,10.552876775397277,10.864171061544766,40652600
2020-06-22,10.347421646118164,10.714747777627675,10.272710501789888,10.64937626852378,30278400
2020-06-23,10.437700271606445,10.596461071775025,10.303843592050127,10.521749897432077,32578000
2020-06-24,10.029901504516602,10.459486731204672,9.933399855771292,10.378550745558526,48896200
2020-06-25,10.275824546813965,10.288276604086649,9.986321933932096,10.067257931217455,38026800
2020-06-26,9.905383110046387,10.235355448208624,9.905383110046387,10.163757911978706,29613800
2020-06-29,10.409679412841797,10.409679412841797,9.942738626190467,10.01433556827229,36642000
2020-06-30,10.008112907409668,10.341197736288287,9.967644313131878,10.338084128078059,50537400
2020-07-01,10.294501304626465,10.356760395464278,10.017449597266257,10.092159556276922,34025600
2020-07-02,10.322518348693848,10.658716743415946,10.272711311049106,10.468827041303662,39952000
2020-07-03,10.428359985351562,10.428359985351562,10.173098731455879,10.310067808243389,16389200
2020-07-06,10.792572021484375,10.892187282691165,10.605795930145181,10.69607155553961,38240600
2020-07-07,10.35987377166748,10.696072180720808,10.35987377166748,10.67739409549779,46336600
2020-07-08,10.612022399902344,10.646264961821636,10.43458474949644,10.493730237133914,35296200
2020-07-09,10.57155704498291,10.68362321374498,10.524863599661275,10.640042189780583,22495200
2020-07-10,10.627589225769043,10.68984833506491,10.443925506467796,10.549765636022647,28386800
2020-07-13,10.521742820739746,10.829924574824135,10.521742820739746,10.72408450839539,28398200
2020-07-14,10.692961692810059,10.711639783483053,10.428361939492124,10.531089656952824,28635800
2020-07-15,10.798797607421875,10.917089760423607,10.705409565575614,10.801911215062999,29564600
2020-07-16,10.708523750305176,10.75833078780687,10.608909675301788,10.71163617062065,20156600
2020-07-17,11.038496017456055,11.038496017456055,10.730315313602196,10.739653762963355,34155600
2020-07-20,10.994915008544922,11.10698115090165,10.854832330599013,11.047835659099404,31739400
2020-07-21,11.047834396362305,11.268853047696492,10.979349275528953,11.128770385761646,38402600
2020-07-22,10.957561492919922,11.110095061308563,10.805026737037561,11.097644189649904,27256200
2020-07-23,10.692961692810059,10.976239536800987,10.649380668733585,10.976239536800987,28490200
2020-07-24,10.568439483642578,10.7770060504622,10.475051450924935,10.58400395784664,34400000
2020-07-27,10.867286682128906,10.917093735080044,10.440813717016425,10.490620769967563,47563600
2020-07-28,10.904642105102539,11.138112897675347,10.755220940355205,10.80191557386731,34111000
2020-07-29,11.191031455993652,11.191031455993652,10.94199622826857,11.013593782021179,26202600
2020-07-30,10.833040237426758,11.063398517149274,10.745878222798805,10.932654307713959,46309600
2020-07-31,10.453267097473145,10.885966147295186,10.450153488305151,10.86417563309508,41402600
2020-08-03,10.692961692810059,10.907755579321032,10.515523987645073,10.658720307817003,48061400
2020-08-04,10.366100311279297,10.770782677786935,10.27582467615635,10.54665158152519,41548800
2020-08-05,10.375441551208496,10.574669750887727,10.241584881893937,10.524862700967919,28369200
2020-08-06,10.692961692810059,10.717865813707384,10.316295770441851,10.509297957420742,36534600
2020-08-07,10.618249893188477,10.87662357219273,10.459489118293865,10.58400732654479,37123600
2020-08-10,10.717862129211426,10.770781586685272,10.506181924329171,10.621360475149581,19452000
2020-08-11,10.562215805053711,10.861058051197382,10.552877355953449,10.770782418249755,28091600
2020-08-12,10.506181716918945,10.714748309895016,10.334970104215985,10.584005285192418,36059200
2020-08-13,10.294501304626465,10.708523249328538,10.288275276793344,10.549762508317446,30023600
2020-08-14,10.328747749328613,10.428361857143612,10.207343129647446,10.303843628627945,21617400
2020-08-17,10.064146995544434,10.381666190390927,9.92717672032294,10.325633111890083,43903600
2020-08-18,10.2011137008667,10.263372794382276,10.085935149733615,10.24158228977584,29049000
2020-08-19,10.154417991638184,10.263371690444647,10.123289041975372,10.2260155258573,20797400
2020-08-20,10.1637601852417,10.188663113742559,9.930288847767997,9.992547356513754,45816600
2020-08-21,10.257145881652832,10.297614467071757,10.064143777144121,10.117063230197584,23354800
2020-08-24,10.554370880126953,10.727910365906439,10.349277994617209,10.377675452554879,38818600
2020-08-25,10.491264343261719,10.712133307005558,10.42815875310076,10.658493134095087,23659400
2020-08-26,10.23884391784668,10.551214745822575,10.115788670241683,10.456556955637126,33250800
2020-08-27,10.333501815795898,10.551214855856783,10.21044656690761,10.257774860674349,31874800
2020-08-28,10.535435676574707,10.573298541241952,10.406069785626089,10.418691141728091,22764600
2020-08-31,10.301949501037598,10.5354386363256,10.301949501037598,10.5354386363256,27937200
2020-09-01,10.478643417358398,10.59854392325322,10.387140368027111,10.45971258207542,24709200
2020-09-02,10.491264343261719,10.529127215902685,10.330346231808345,10.491264343261719,19689200
2020-09-03,10.655338287353516,10.9771757106109,10.447090684497443,10.47233219812051,59667800
2020-09-04,10.71213150024414,10.844652133955442,10.516505287015582,10.75945978215297,41730000
2020-09-08,10.49441909790039,10.630095695689578,10.434469449153154,10.582767405722503,26920800
2020-09-09,10.48179817199707,10.639561534231156,10.399760549597545,10.595387985387841,25182400
2020-09-10,10.264086723327637,10.56699337507941,10.235689262339635,10.456558269619732,26774800
2020-09-11,10.096854209899902,10.314567195490895,10.008506518908291,10.27986027020097,29421200
2020-09-14,10.243372917175293,10.316177955416011,10.03445374428262,10.199056911943602,22023800
2020-09-15,10.126250267028809,10.319341844814549,10.088265295952368,10.319341844814549,23170200
2020-09-16,10.157904624938965,10.325672684329191,10.132580506340965,10.157904624938965,27629600
2020-09-17,10.176900863647461,10.221216877389372,10.034455671247883,10.069275137576355,20419000
2020-09-18,9.920495986938477,10.135746154959175,9.860352415577353,10.113588155973549,31935000
2020-09-21,9.774887084960938,9.854023154833149,9.626111490954889,9.721074533297422,26836000
2020-09-22,9.755895614624023,10.02812391657666,9.71157960407745,9.76539216135273,21468600
2020-09-23,9.553304672241211,9.793878352296346,9.51848461477949,9.7653893241477,25536600
2020-09-24,9.629278182983398,9.781219310804113,9.467840508263752,9.553307619073042,31886600
2020-09-25,9.591290473937988,9.648268535185817,9.486830896237048,9.57229798810879,18700200
2020-09-28,9.657770156860352,10.056616191499604,9.534318028434114,9.71791376465594,61166400
2020-09-29,9.420358657836914,9.711579444707585,9.417193142312625,9.64193931069394,36925800
2020-09-30,9.376041412353516,9.531148030040113,9.328559289507186,9.493162452515103,28394000
2020-10-01,9.429850578308105,9.46467002447283,9.230427424433524,9.439346516462097,24017400
2020-10-02,9.404528617858887,9.730569386370204,9.277911048840966,9.309565592035495,33953200
2020-10-05,9.569133758544922,9.616615281375958,9.287409533155165,9.464674166812514,25093600
2020-10-06,9.505824089050293,9.749562703825752,9.458341968321335,9.657765184854274,21485000
2020-10-07,9.436184883117676,9.635608119004976,9.410861364692655,9.559637563729916,24819800
2020-10-08,9.892005920410156,9.967976453427692,9.38553509653313,9.46783665824216,36396200
2020-10-09,9.825535774230957,10.024958425947156,9.695752050323787,9.847693779559384,27753200
2020-10-13,9.828699111938477,9.948986269828708,9.71157807288565,9.838195657169894,21598600
2020-10-14,9.76539134979248,9.98064156100507,9.76539134979248,9.847692936653784,20747600
2020-10-15,9.831864356994629,9.95215151158131,9.565967135420149,9.638772772674297,25508400
2020-10-16,9.581795692443848,9.819203907199581,9.575464661814554,9.784383842498773,25159400
2020-10-19,9.686256408691406,9.86668657627685,9.594458265177193,9.629278333925395,31180200
2020-10-20,10.132582664489746,10.142079814747023,9.78754992774618,9.78754992774618,43185400
2020-10-21,10.208551406860352,10.278191523794302,10.06610626200473,10.110422864715481,32409600
2020-10-22,10.651716232299805,10.66121217494159,10.145244625205926,10.164237718010178,60056200
2020-10-23,10.613730430603027,10.854304784742677,10.550422534006964,10.658046441228562,38177000
2020-10-26,10.604231834411621,10.708692011196225,10.401643717942548,10.553584805294353,28741000
2020-10-27,10.376320838928223,10.794159180930663,10.300350889938997,10.6960312295262,30657800
2020-10-28,9.85718822479248,10.142078546471096,9.844526768140248,10.113589514303234,30777000
2020-10-29,9.800207138061523,9.907832203335023,9.508987083509801,9.850854760331481,38897400
2020-10-30,9.433018684387207,9.77172154895199,9.372875709835556,9.714743485683892,43963800
2020-11-03,9.527982711791992,9.736901883095367,9.464673615862363,9.62927678227117,34308800
2020-11-04,9.597620964050293,9.765389623427236,9.518484906492148,9.626109993072042,27452200
2020-11-05,9.714742660522461,9.854021688058403,9.635606602429682,9.702080601422717,37385000
2020-11-06,9.651432991027832,9.705245531439028,9.553304453958066,9.654598505612041,25723200
2020-11-09,10.350998878479004,10.433299865384384,10.129417626397425,10.170568723610454,67562000
2020-11-10,10.87962532043457,11.022070471637328,10.360492953847151,10.373155013403055,84088600
2020-11-11,10.813151359558105,11.006243542187432,10.559916205093606,10.866964509112075,54251600
2020-11-12,10.360490798950195,10.803653131068994,10.249700819680601,10.759337139361156,49990800
2020-11-13,10.461786270141602,10.499771238583476,10.25603325085444,10.442794389680852,34679000
2020-11-16,10.730849266052246,10.841639257205332,10.588404129198034,10.623224185709102,46421800
2020-11-17,10.888374328613281,10.955232474502044,10.633675762490455,10.703717109112631,37379000
2020-11-18,10.913843154907227,11.031642223952701,10.754656405438926,10.846985011610185,40040200
2020-11-19,11.022090911865234,11.174910055580165,10.821516468894844,10.88837461655164,42006200
2020-11-23,10.990252494812012,11.165357663036014,10.923394356589862,11.002987725282447,35029000
2020-11-24,11.283154487609863,11.480546898543968,11.060294047036379,11.060294047036379,45083600
2020-11-25,11.25131893157959,11.343647533078176,11.031641665650485,11.270421777768474,27416200
2020-11-26,11.073027610778809,11.203560669725086,10.955229780631747,11.16535619782571,18337000
2020-11-27,11.01890754699707,11.241769250367,10.983886266031979,11.10805174254561,19264400
2020-11-30,10.780128479003906,11.009357821127617,10.745107194568483,10.983887354447784,38819000
2020-12-01,11.076212882995605,11.260868856891333,10.932944584155083,10.993435103888476,38767600
2020-12-02,11.123967170715332,11.248133828189069,10.999801727739845,11.076211885069972,24585200
2020-12-03,11.219481468200684,11.423240291975315,11.104866826202857,11.13988810175757,43149800
2020-12-04,11.455078125,11.455078125,11.21311480485565,11.334095857678578,28255400
2020-12-07,11.509202003479004,11.865779967701624,11.337280029577602,11.400954969670543,47991600
2020-12-08,11.607895851135254,11.964474994354333,11.480547198127022,11.626998695610745,37948600
2020-12-09,11.448713302612305,11.74798523613309,11.442345685463057,11.658839810542386,25710600
2020-12-10,12.044069290161133,12.098192198616747,11.534670995204522,11.541038610522554,52704600
2020-12-11,12.254195213317871,12.330604164867916,11.833941121799075,11.907168087573918,49940400
2020-12-14,12.294747352600098,12.559803529613419,12.262813431172452,12.323488369165386,49645200
2020-12-15,12.451225280761719,12.614090213330503,12.294746157296819,12.294746157296819,30496600
2020-12-16,12.566190719604492,12.706702913002387,12.211719767298991,12.524676860828887,53018000
2020-12-17,12.578963279724121,12.700314372797092,12.425678265516634,12.572576251857017,23017400
2020-12-18,12.486353874206543,12.655607076281177,12.42248602850404,12.547030033105422,24947600
2020-12-21,12.068014144897461,12.288361141069732,12.029691974797077,12.17020416209629,37437200
2020-12-22,12.227683067321777,12.409709064974713,12.135073007266556,12.17978097606541,21540800
2020-12-23,12.42887020111084,12.511900338707264,12.221297293521603,12.317100267655167,18352600
2020-12-28,12.566190719604492,12.630059787676158,12.518289832201605,12.556610785764144,15154400
2020-12-29,12.492740631103516,12.646025650222455,12.43845271979518,12.614091728064734,14602800
2020-12-30,12.39055061340332,12.566189621602646,12.345842635119968,12.54383563246097,17188000
2021-01-04,12.004142761230469,12.547027884127202,11.975401748306497,12.5278668027776,27749200
2021-01-05,11.879597663879395,11.95943366804767,11.719925655542845,11.95943366804767,31908000
2021-01-06,12.151039123535156,12.36819314397884,11.937079225327802,11.984980095066417,41133400
2021-01-07,12.633251190185547,12.677959162746323,12.1095259193569,12.173394973672675,43757400
2021-01-08,12.706701278686523,12.95259636730505,12.5470292381447,12.725861143902906,32480600
2021-01-11,12.499128341674805,12.741830548849698,12.390551294928377,12.63005937879246,33761400
2021-01-12,12.614092826843262,12.70670291464912,12.419292717389952,12.665187837666984,31038000
2021-01-13,11.991369247436523,12.677959465897047,11.89237336817076,12.614090410054057,69732400
2021-01-14,11.962627410888672,12.18297557748988,11.764634447766559,12.05843037896706,79070400
2021-01-15,11.592191696166992,11.959437933606647,11.592191696166992,11.879601900963346,58294800
2021-01-18,11.47403335571289,11.825311370633491,11.43571240565998,11.707154397353078,47699600
2021-01-19,11.279230117797852,11.601768243857922,11.189814186549848,11.592187095366565,39025200
2021-01-20,11.026949882507324,11.36226211643521,11.020562855192413,11.333521102618558,45387200
2021-01-21,10.915178298950195,11.116365365234849,10.771473251604014,11.033335240901181,46607000
2021-01-22,10.75870132446289,10.8002163948317,10.61499746692639,10.736347336926059,40811400
2021-01-26,10.471290588378906,10.934339655721878,10.413808567980427,10.844922502768274,53844600
2021-01-27,10.777861595153809,10.8672775385634,10.385068563203419,10.452130520760612,50160400
2021-01-28,11.030146598815918,11.161077644055545,10.691641380737304,10.720382401311914,41864200
2021-01-29,10.812993049621582,11.07166102993482,10.745931070888611,10.88963496297319,34985600
2021-02-01,10.950307846069336,11.01736980468617,10.803409874375065,10.959887777814345,33525200
2021-02-02,10.876858711242676,11.208975595263157,10.806602630872542,11.10039857023698,39601800
2021-02-03,10.96308422088623,11.094015261316978,10.91518211562085,10.95350306891247,20946000
2021-02-04,10.918373107910156,11.087626290180474,10.864085201775042,11.049304125401763,20148400
2021-02-05,10.844923973083496,11.010983030281588,10.793828972268768,10.947113974712952,25487200
2021-02-08,10.816184997558594,10.937536104190457,10.729961939020255,10.83853898849063,23303200
2021-02-09,10.947115898132324,11.017371993421984,10.745929982313775,10.784250935107625,30614000
2021-02-10,10.797024726867676,11.010984694428435,10.777863641840897,10.947115629206937,28457600
2021-02-11,10.838537216186523,10.9726623580479,10.781055186560355,10.857698298795562,19888000
2021-02-12,10.777861595153809,10.902405578674559,10.602222612798881,10.781054499618067,35346000
2021-02-17,10.653319358825684,10.80341147547974,10.643739425660891,10.75870227824157,27143800
2021-02-18,10.621381759643555,10.739539926266795,10.547932779910633,10.653316893136639,34331400
2021-02-19,10.420197486877441,10.669285475039933,10.388262348522655,10.576675401112505,54815000
2021-02-22,9.20668888092041,9.53561346968817,9.120465841762778,9.420649417477994,204072200
2021-02-23,9.86681079864502,9.980297078920476,9.57174684099912,9.597686509194897,95536000
2021-02-24,9.827900886535645,10.0127210978452,9.652808282618869,9.970569369377419,41196000
2021-02-25,9.55229377746582,10.077572949801397,9.50689950251173,9.870055557496286,54625400
2021-02-26,9.095105171203613,9.675506134700324,9.049710903560477,9.600929661157885,93719600
2021-03-01,9.03349781036377,9.335046824591773,8.988102929453351,9.289651943681353,55568800
2021-03-02,9.380439758300781,9.52959266722755,8.761129757678088,8.900555679427239,72674600
2021-03-03,9.399898529052734,9.623628610333919,9.082137358708845,9.33829156959402,53904800
2021-03-04,9.740354537963867,9.879779861464039,9.435562987079994,9.471229642649599,47893000
2021-03-05,9.9219331741333,10.064601665671828,9.743597405097516,9.776022146599523,46278000
2021-03-08,9.467987060546875,9.977053375864392,9.425834718128634,9.72414117670615,49536400
2021-03-09,9.399898529052734,9.711175244546205,9.354504252846644,9.555536577574154,46114200
2021-03-10,9.694960594177246,9.698203130169858,9.29289540785099,9.46150356876376,41561200
2021-03-11,9.743597984313965,9.928418836327085,9.587959957992902,9.824659533662501,42769200
2021-03-12,9.77478313446045,9.81388254044244,9.664002209219447,9.709617664978456,24629400
2021-03-15,9.706360816955566,9.833432810174173,9.644453677569873,9.709618531402787,29175800
2021-03-16,9.732427597045898,9.748718656333722,9.53367344212125,9.738943647882582,37046600
2021-03-17,10.002862930297852,10.08431946679388,9.624904650673408,9.660745104136103,44209000
2021-03-18,9.9181489944458,10.234200162171504,9.908373985416057,10.006121589857045,43460800
2021-03-19,10.002862930297852,10.077802794722825,9.725910581918546,9.830174849199214,55346800
2021-03-22,10.032185554504395,10.116899790552546,9.84972249764883,9.944212361534456,24805400
2021-03-23,9.670520782470703,10.028929692186033,9.670520782470703,10.025671355924683,42922400
2021-03-24,9.494572639465332,9.869273162857654,9.481539918236303,9.735683886110209,36567800
2021-03-25,9.631420135498047,9.722651674741407,9.452216014319466,9.514123152429747,35524800
2021-03-26,9.664000511169434,9.74871535802529,9.517378541329709,9.644451122345426,29058800
2021-03-29,9.709617614746094,9.797590811652466,9.546704563347912,9.647711102668845,29090000
2021-03-30,10.009378433227539,10.028928448370998,9.647711853569831,9.65748623967754,34844000
2021-03-31,9.921403884887695,10.01589312016744,9.849721753161097,9.986568724727269,25287800
2021-04-01,9.758492469787598,10.035444172550344,9.74220079103073,10.025669786760224,26105200
2021-04-05,9.745458602905273,9.88882226093905,9.650969357050805,9.826915127918832,25271000
2021-04-06,9.62816047668457,9.807365194703323,9.595578365648372,9.768265791410379,28033600
2021-04-07,9.566255569458008,9.755234703827712,9.527156159621775,9.618387701596959,39545400
2021-04-08,9.484796524047852,9.641192879056128,9.448955459642837,9.618385154967072,36282400
2021-04-09,9.5108642578125,9.670518976010486,9.475023187096877,9.484798194054951,42761800
2021-04-12,9.62816047668457,9.62816047668457,9.5238962298553,9.595578365648372,19441800
2021-04-13,9.62816047668457,9.670518215373919,9.491313497355168,9.592320030251967,26578800
2021-04-14,9.644454002380371,9.729168874533853,9.54996412216393,9.650970674422343,39591600
2021-04-15,9.657485008239746,9.797590324916099,9.562995766284214,9.654226672797977,36495800
2021-04-16,9.699843406677246,9.72590947051879,9.611870208163042,9.641194607667776,25956600
2021-04-19,9.650971412658691,9.836692229812964,9.634679731307553,9.70961960113049,43004200
2021-04-20,9.807365417480469,9.924662387095868,9.654226757690447,9.654226757690447,47233800
2021-04-22,9.719393730163574,9.911631202457402,9.660744925536436,9.908372866482111,35732200
2021-04-23,9.797590255737305,9.869272392022204,9.719392070078818,9.74545813196498,28495400
2021-04-26,9.807365417480469,9.953986784865704,9.735683280059115,9.823656473368624,19695400
2021-04-27,9.699843406677246,9.807365997706611,9.66400233584613,9.794332655053848,25809600
2021-04-28,9.872530937194824,9.89533928704651,9.72590955978935,9.771525016564743,30427200
2021-04-29,9.657485008239746,9.94421231247599,9.634677281611305,9.87253017568496,29384800
2021-04-30,9.657485008239746,9.725908809589008,9.592320163796192,9.667260014565052,25312200
2021-05-03,9.693326950073242,9.784558486271559,9.628161478293874,9.716134678756822,20199000
2021-05-04,9.569513320922852,9.765008493771646,9.510864520482613,9.742200765036886,24475400
2021-05-05,9.533672332763672,9.637936591587128,9.387050330378187,9.637936591587128,32421800
2021-05-06,9.517382621765137,9.589064780625597,9.432668360053174,9.52389929465502,31321000
2021-05-07,9.755236625671387,9.931182450936783,9.696587810094869,9.77478602370884,53601600
2021-05-10,9.882305145263672,9.957244995753873,9.742199829108289,9.78781590365949,29152800
2021-05-11,9.953989028930664,9.953989028930664,9.784559896519688,9.807367628490546,22437600
2021-05-12,9.888823509216309,10.045219907833085,9.833433040356528,9.888823509216309,27599800
2021-05-13,10.152743339538574,10.214650485434227,9.905115377420062,9.937698118494831,44067800
2021-05-14,10.152743339538574,10.338464155761436,10.087577857389036,10.296107027389102,24169000
2021-05-17,10.331948280334473,10.3808227064492,10.14622744978377,10.211392936960644,25101000
2021-05-18,10.475312232971191,10.54699314771392,10.331947917629247,10.331947917629247,29673200
2021-05-19,10.654515266418457,10.687097383980646,10.27329864917872,10.361271236646308,29905600
2021-05-20,10.687093734741211,10.752259190542157,10.608896182122228,10.670802681522897,34823400
2021-05-21,10.778329849243164,10.823945312266114,10.654515561803624,10.752263160128251,29453600
2021-05-24,10.849089622497559,10.89858288767136,10.816092853683662,10.868886425087867,22198400
2021-05-25,10.703904151916504,10.895281595515838,10.628013487326422,10.86888418590306,19141000
2021-05-26,10.88208293914795,10.918378748178196,10.64451128636654,10.753398713457278,32237400
2021-05-27,11.03056526184082,11.086657869672905,10.786394255747949,10.86888427340533,35845600
2021-05-28,11.066863059997559,11.106457923153924,10.954676565472852,11.004169829743807,18165200
2021-05-31,11.050362586975098,11.1526493965258,11.0041671228419,11.05696068029643,13159000
2021-06-01,11.212044715881348,11.225243422756293,11.053664009475897,11.152651793642057,21480400
2021-06-02,11.614595413208008,11.670688024301494,11.205444348011042,11.215344006620015,52695800
2021-06-04,11.796072006225586,11.825768461624133,11.525504860904482,11.548601964136939,27855000
2021-06-07,12.050143241882324,12.126033915342761,11.713583782167836,11.80267316197737,43566400
2021-06-08,11.97754955291748,12.0996344188767,11.802671129351758,12.010546313107607,41678000
2021-06-09,11.74657917022705,11.997349553525313,11.542004258682187,11.94455598736219,42585400
2021-06-10,11.713581085205078,11.937954006687916,11.713581085205078,11.829066592425232,23587200
2021-06-11,11.680586814880371,11.746577820980928,11.561800989982954,11.746577820980928,18991400
2021-06-14,11.809394836425781,11.882333672969464,11.716564509710803,11.832602418104527,18890200
2021-06-15,11.769611358642578,11.872388701861755,11.620418849040043,11.872388701861755,20392600
2021-06-16,11.852497100830078,11.978482039519536,11.736459173562519,11.802765837876237,31462400
2021-06-17,11.570690155029297,12.008320722529957,11.53422073028448,11.879020954593658,37774200
2021-06-18,11.554109573364258,11.613786570216478,11.351872267052048,11.57731715383809,35907200
2021-06-21,11.464593887329102,11.587262692077253,11.414862641359734,11.524269611886973,20113800
2021-06-22,11.222572326660156,11.511011593662614,11.123111077395142,11.48117309241127,37191000
2021-06-23,11.222572326660156,11.388341497007977,11.17284233438685,11.235834163820398,21822400
2021-06-24,11.245779991149902,11.345242505856955,11.209311835771516,11.322034923016886,14805200
2021-06-25,10.907609939575195,11.328662443060397,10.87777144372714,11.298825211930515,25363200
2021-06-28,10.824723243713379,11.000438093247071,10.69873836768198,10.917553539358662,32851400
2021-06-29,10.751789093017578,10.864512185765602,10.682166341098688,10.841304601792638,20347400
2021-06-30,10.652327537536621,10.781627291656369,10.625803862476962,10.731896033278726,18033400
2021-07-01,10.539602279663086,10.72526290801109,10.513078610060127,10.682163841983547,20781400
2021-07-02,10.655641555786133,10.755102800273775,10.55618031129849,10.59264972937824,15805800
2021-07-05,10.589332580566406,10.645694112078552,10.549547709704097,10.612539526060736,11764400
2021-07-06,10.430196762084961,10.556181696146849,10.38378159288282,10.542919857883806,16258400
2021-07-07,10.569443702697754,10.589336461599217,10.370521172557545,10.519713070162702,15518200
2021-07-08,10.539602279663086,10.562809858206586,10.300894312109163,10.347309469196164,34024400
2021-07-12,10.808147430419922,10.8247253562072,10.60259405078302,10.615855885525574,17936000
2021-07-13,10.76173210144043,10.80814725757894,10.645694211094158,10.745155440636413,15393000
2021-07-14,10.834673881530762,11.080011563663602,10.761735036439028,10.871143304076629,32931200
2021-07-15,10.668906211853027,10.877775765779278,10.59596735641749,10.781629322654009,18692400
2021-07-16,10.539602279663086,10.784939899899571,10.516394068760496,10.708686246868329,16104600
2021-07-19,10.460034370422363,10.506450168010494,10.380465244733111,10.410303745911481,14064600
2021-07-20,10.645696640014648,10.668904223378942,10.377150120732692,10.476612005327231,15092400
2021-07-21,10.751789093017578,10.821411844936467,10.61585841629659,10.61585841629659,19714000
2021-07-22,10.592649459838867,10.791571943752393,10.569441246513746,10.735211037040274,13675600
2021-07-23,10.536287307739258,10.678848244286948,10.483241230800788,10.605910046586331,10730800
2021-07-26,10.69874382019043,10.71532048647266,10.523028248746082,10.523028248746082,12075600
2021-07-27,10.748470306396484,10.798201553709383,10.612539663755133,10.625801498334328,14935000
2021-07-28,10.907609939575195,10.907609939575195,10.741840799245592,10.798201699892934,18250800
2021-07-29,10.735211372375488,10.917557199111865,10.682165290693664,10.907611454021007,15226200
2021-07-30,10.486556053161621,10.791571311617151,10.426879690898705,10.625802163159996,26820400
2021-08-02,10.629117965698242,10.871140764106475,10.592648551673213,10.602594295600694,23384600
2021-08-03,10.569443702697754,10.718636865021514,10.416936345275687,10.68548226685241,16356000
2021-08-04,10.413617134094238,10.559494151691567,10.327417106984866,10.529655656447588,17454200
2021-08-05,10.227958679199219,10.791573519869134,10.218012300607207,10.625804337491056,38815000
2021-08-06,10.539602279663086,10.576071060648976,10.244532778921052,10.300894312109163,23521600
2021-08-09,10.443459510803223,10.69211330867949,10.443459510803223,10.529659569950113,20401000
2021-08-10,10.178226470947266,10.635749697408617,10.178226470947266,10.473295367420457,45841200
2021-08-11,10.078764915466309,10.224641954975981,10.022403375134788,10.2213264958554,45073400
2021-08-12,9.859949111938477,10.125180135276528,9.81353395160695,10.088710719382252,43326800
2021-08-13,9.780378341674805,9.956093841225329,9.677601661585529,9.916308973122918,50579000
2021-08-16,9.76380443572998,9.96272693526441,9.733965934327976,9.77375018129118,32244400
2021-08-17,9.724019050598145,9.843373049997787,9.614611428601528,9.787011509432308,32961000
2021-08-18,9.77043628692627,9.975990370357335,9.704128987247346,9.750544160258523,32465800
2021-08-19,9.83674144744873,9.916310564060312,9.654395634258748,9.690864417481269,24213600
2021-08-20,9.85000228881836,9.896418079405827,9.72733347568366,9.773748633912021,20974400
2021-08-23,9.939521789550781,9.97930667862806,9.830114135037462,9.859952643755582,37757000
2021-08-24,10.264317512512207,10.317987094712144,10.103308765912395,10.177104281489337,31057600
2021-08-25,10.230772018432617,10.234126446689084,10.106660732110464,10.22070873366322,16490000
2021-08-26,10.086536407470703,10.260962865813417,10.073119332101502,10.170395207851792,15668000
2021-08-27,10.240837097167969,10.264317459284694,10.063056207182663,10.167040942181824,12122600
2021-08-30,10.143560409545898,10.260962857947803,10.110016761460802,10.22406478107501,13065600
2021-08-31,10.207289695739746,10.364943954697873,10.143556850717674,10.16368277659088,27641400
2021-09-01,10.217355728149414,10.33811260303021,10.190520938152776,10.237482300490786,13138200
2021-09-02,9.794708251953125,10.214002258632764,9.767873461117304,10.163686465997703,29610200
2021-09-03,9.77122688293457,9.902047043160652,9.650470648607538,9.85844010982134,28068800
2021-09-06,9.94565200805664,9.955715292819468,9.727619289862895,9.767871789122431,11824000
2021-09-08,9.526359558105469,9.855085900764665,9.499524767680063,9.841668825447897,26706800
2021-09-09,9.69407844543457,9.828252415377811,9.445856441091584,9.57667598181225,27122600
2021-09-10,9.724268913269043,10.029514973880786,9.724268913269043,9.891986557112508,34482800
2021-09-13,9.938942909240723,10.04963647976607,9.861792980648582,9.969132123001431,20121200
2021-09-14,9.866284370422363,10.018177478995707,9.819029022779914,9.933792561745143,16357000
2021-09-15,9.788653373718262,9.883164741510537,9.761650217749901,9.876413791566941,16628800
2021-09-16,9.947295188903809,9.997926661298425,9.731269976895527,9.7650240772233,30809000
2021-09-17,9.768400192260742,9.970924163703241,9.768400192260742,9.87303733071375,37796400
2021-09-20,9.451111793518066,9.643509323448598,9.363351392464406,9.559124396720758,31646200
2021-09-21,9.690767288208008,9.707644664385825,9.484868449287209,9.613133289208262,27290800
2021-09-22,9.916916847229004,10.058683557624247,9.754897933578993,9.788652034874229,49030800
2021-09-23,9.940544128417969,10.038430303742814,9.879786881206613,9.960796329553132,32272200
2021-09-24,9.862909317016602,9.974297386784546,9.846032590369218,9.879786687469837,24134400
2021-09-27,10.082314491271973,10.197077435318505,9.84603636479747,9.876414999452937,37552400
2021-09-28,9.876412391662598,10.19369991217233,9.805528714914093,9.99455142370615,31860200
2021-09-29,9.930419921875,10.018180338118531,9.873038136016001,9.96417402716959,23874000
2021-09-30,9.754898071289062,9.99117613988532,9.754898071289062,9.99117613988532,23068800
2021-10-01,9.974297523498535,9.98779942004619,9.75489685504605,9.798777375020066,18931200
2021-10-04,9.856161117553711,9.970924685921569,9.761649754249007,9.960798261486996,19529200
2021-10-05,10.325339317321777,10.389472039611132,9.852783873276667,9.889912801923453,58411600
2021-10-06,10.342216491699219,10.375970591405952,10.068809507305902,10.176822111322723,31716600
2021-10-07,10.234204292297363,10.490734558882334,10.186948937123214,10.372595527141028,23374400
2021-10-08,10.450228691101074,10.541364563638856,10.288209791348937,10.294960739790078,26906200
2021-10-11,10.369218826293945,10.524487415197646,10.325338950794162,10.48398236997751,15460000
2021-10-13,10.382720947265625,10.4536039731771,10.240954251636806,10.369219050631516,20400800
2021-10-14,10.332091331481934,10.510986976175824,10.311838484160935,10.456980670931713,21292800
2021-10-15,10.659502983093262,10.733761480327148,10.328714253861616,10.399597277065894,28465800
2021-10-18,10.872154235839844,10.926160540348366,10.510986833011868,10.548116408788703,29963800
2021-10-19,10.338842391967773,10.75739225389088,10.308464406379247,10.75739225389088,45746800
2021-10-20,10.53123950958252,10.64600306575688,10.311838176786528,10.463731308136687,25801000
2021-10-21,10.065436363220215,10.450231515066172,9.90679289481844,10.294963521797118,51418400
2021-10-22,9.758272171020508,10.004675984768717,9.420732488470353,10.004675984768717,65578200
2021-10-25,9.960798263549805,10.055309626874081,9.812280590841938,9.812280590841938,22095800
2021-10-26,9.856161117553711,9.970924685921569,9.771776178683579,9.886539747051437,22256000
2021-10-27,9.846033096313477,10.09243692333965,9.846033096313477,9.883162669412668,15202400
2021-10-28,9.758272171020508,9.886537610920843,9.66713630221856,9.873035714592028,18392400
2021-10-29,9.619882583618164,9.846034235020374,9.582753006224888,9.846034235020374,22352000
2021-11-01,9.83928394317627,9.987801618867422,9.727895847359408,9.775151208067772,17584200
2021-11-03,9.903413772583008,10.072183604230563,9.761647088246828,9.805526961200634,22166400
2021-11-04,9.670513153076172,9.964173001977262,9.609755898558294,9.920292476467266,22132200
2021-11-05,9.886540412902832,9.981051138766775,9.74814851153371,9.788653568193995,15278200
2021-11-08,9.950671195983887,10.011428451065074,9.76164912535815,9.788652278304685,15958800
2021-11-09,9.93716812133789,10.335465037202303,9.93716812133789,10.261205897346057,41557200
2021-11-10,10.392850875854492,10.487361608953762,9.957424219597705,9.964175170192249,40790400
2021-11-11,10.193697929382324,10.507609270533456,10.193697929382324,10.497483492828913,42865600
2021-11-12,10.176824569702148,10.35572089069905,10.116067304314294,10.230830884756674,17486800
2021-11-16,10.035055160522461,10.278084157382509,9.967547606577027,10.22070238243565,17540200
2021-11-17,9.89328670501709,10.159943330637969,9.88653640148431,10.045179801105663,27624000
2021-11-18,9.819028854370117,9.940543339144652,9.754896138094022,9.913540191839845,38862200
2021-11-19,9.805527687072754,9.893288083282805,9.758272336731135,9.839281784662136,37276400
2021-11-22,9.751521110534668,9.967546942666486,9.727893436037245,9.873035600870951,31387400
2021-11-23,10.15924072265625,10.186614871127269,9.683613995576911,9.882076735154598,32655800
2021-11-24,10.34743595123291,10.385075642992975,10.02921112764596,10.060007120422185,27828200
2021-11-25,10.884654998779297,10.884654998779297,10.367967422061362,10.391920370876374,49416600
2021-11-26,10.525367736816406,10.686190739816984,10.453510206011194,10.521945887477965,26635000
2021-11-29,10.54247760772705,10.82648461070538,10.54247760772705,10.669083437979344,23346400
2021-11-30,10.894917488098145,10.894917488098145,10.340590371593308,10.508257050297312,65184800
2021-12-01,10.710143089294434,11.223408745062237,10.710143089294434,11.120755874969088,51792200
2021-12-02,11.004416465759277,11.086539551420374,10.826484201245371,10.843593449362718,35298200
2021-12-03,11.018105506896973,11.175506697136356,10.891499662557798,11.021526704379411,34640600
2021-12-06,11.315797805786133,11.497151270533081,11.161817833216936,11.19945752710076,42535800
2021-12-07,11.154973030090332,11.497150132918895,11.113912143235481,11.497150132918895,25386200
2021-12-08,11.206304550170898,11.274740258866045,11.052324531932463,11.21656944961927,20586600
2021-12-09,10.956512451171875,11.264471101628326,10.908607206581015,11.22341020929458,19433200
2021-12-10,11.120759010314941,11.247364208947692,10.956514110798889,11.0386359079057,16587600
2021-12-13,11.02836799621582,11.315796818157835,11.02836799621582,11.120755971693834,24086800
2021-12-14,11.030085563659668,11.325963225363159,10.975037748009326,11.174583865019898,29018600
2021-12-15,10.840862274169922,11.08857453494035,10.575947362934455,11.081693474754333,44818600
2021-12-16,10.8064546585083,11.057607380324015,10.696360350655596,10.909667908066753,31537600
2021-12-17,10.434887886047363,10.775492457257934,10.372959662879268,10.706683830793127,45895200
2021-12-20,10.121807098388672,10.311031645205501,10.059878873986374,10.311031645205501,42582800
2021-12-21,10.149330139160156,10.355757324080775,10.149330139160156,10.23534141152592,23533800
2021-12-22,10.09084415435791,10.200938496612013,10.032356453008664,10.183736501715074,24956400
2021-12-23,10.052996635437012,10.142448431726663,10.032354115128289,10.080520214586606,14675600
2021-12-27,10.073640823364258,10.145889979805629,10.046117241451267,10.063319234066654,11492400
2021-12-28,10.015153884887695,10.111486100739375,9.98074924084895,10.094284106827004,17281400
2021-12-29,9.963545799255371,10.08396171571858,9.95666539596538,10.03923614137085,15332800
2021-12-30,9.925701141357422,10.04267652638275,9.898177559952282,10.022033348168438,25165600
2022-01-03,9.915379524230957,10.23878209698792,9.90849846484563,10.022033319847743,32338600
2022-01-04,9.925701141357422,10.02891440757321,9.846570926844388,10.018593474679996,23429600
2022-01-05,9.760558128356934,9.9704251577103,9.702070444979869,9.91537800349822,26325600
2022-01-06,9.839690208435059,9.92914201515521,9.702072296640198,9.77776198407388,20271000
2022-01-07,9.850008964538574,9.915377704272919,9.770878764773421,9.843128562630081,16377400
2022-01-10,9.901618003845215,10.008271798839104,9.788083149506187,9.819047260345371,18347400
2022-01-11,9.942902565002441,9.984188262855918,9.867212884520626,9.88097434632918,25298400
2022-01-12,10.039234161376953,10.101162372270716,9.925699326809662,9.94978237410972,28332200
2022-01-13,10.200935363769531,10.328232318040032,9.997948736498149,9.997948736498149,34316200
2022-01-14,10.462410926818848,10.551862727189711,10.218139232748113,10.218139232748113,34041800
2022-01-17,10.483054161071777,10.558744504494987,10.338555190062152,10.47617375766291,18899600
2022-01-18,10.575946807861328,10.644756093682036,10.40048371961111,10.428007302696596,24899800
2022-01-19,10.668837547302246,10.765170401765488,10.565623634045796,10.651634900319229,26745600
2022-01-20,10.734204292297363,10.837417530098511,10.665395029620756,10.703240189714267,22722000
2022-01-21,10.734204292297363,10.851179645119338,10.627549869527247,10.71700164852133,28721400
2022-01-24,10.785812377929688,10.9234302657834,10.648194490075975,10.710122047449756,31500600
2022-01-25,11.064489364624023,11.143619572988968,10.692920716417019,10.747967874950362,33262000
2022-01-26,10.95783519744873,11.226190578164235,10.899347511506141,11.11609626491086,39544600
2022-01-27,11.109214782714844,11.25371307119017,10.992239415289617,11.006000875814667,30914000
2022-01-28,11.178025245666504,11.212429228753846,11.01632363781477,11.10921596706399,29160000
2022-01-31,11.2365140914917,11.332846309613835,11.102336698413572,11.160823741579714,22021200
2022-02-01,11.219308853149414,11.294999181175802,11.129856408676835,11.28467693762733,16596200
2022-02-02,11.033526420593262,11.215869906402462,10.930313151501787,11.188346980444432,23883800
2022-02-03,11.109214782714844,11.208988160430296,11.016322463368839,11.03696563847718,23502600
2022-02-04,11.088574409484863,11.150502638030321,11.012884060723076,11.078253475536627,14768400
2022-02-07,10.961276054382324,11.14017964687318,10.954394995544854,11.054168380046486,17111400
2022-02-08,11.078252792358398,11.136739831028962,10.833980423294534,10.94751528322169,23846800
2022-02-09,10.981922149658203,11.18490820173107,10.906232446448222,11.043849730713223,32754200
2022-02-10,11.102334976196289,11.22963128931522,10.96127654478671,11.00944264637615,28688600
2022-02-11,11.491104125976562,11.556472206921525,11.160819911257185,11.16770096910838,64663600
2022-02-14,11.53927230834961,11.6080815868958,11.394772692159826,11.491106207095624,32971000
2022-02-15,12.086301803588867,12.282407358104544,12.020932410465253,12.213598092282227,98196600
2022-02-16,12.155112266540527,12.313372674819256,12.07942193543865,12.103504983984209,35496200
2022-02-17,12.155112266540527,12.292729499311186,12.100063798519006,12.148231208037837,28766200
2022-02-18,12.402825355529785,12.464753577340735,12.172315772899596,12.182636705725463,42354200
2022-02-21,12.137910842895508,12.46475395401286,12.03125770066427,12.43378984217168,24108800
2022-02-22,12.251446723937988,12.423469280999901,12.168875319079968,12.179197564954693,59700800
2022-02-23,12.313377380371094,12.42691160798325,12.251449142608747,12.316817254723128,26680600
2022-02-24,11.921164512634277,12.075983774219935,11.72849876359189,11.91428345240833,46761400
2022-02-25,12.113825798034668,12.113825798034668,11.879875060923105,11.941803274418973,34731400
2022-03-02,12.248005867004395,12.316815154164011,12.017496264311863,12.075983305319344,25371800
2022-03-03,12.249364852905273,12.411421123929848,12.17538281751225,12.277547909476155,25667200
2022-03-04,11.942866325378418,12.249364274612725,11.81251549518513,12.200042920012505,31877600
2022-03-07,11.432038307189941,11.897070255477098,11.379193217831943,11.808996002484736,30754600
2022-03-08,11.520112037658691,11.622278489033363,11.403853383906881,11.506019835281553,17963600
2022-03-09,12.171857833862305,12.192996132029077,11.646936196494876,11.664550773014163,55673000
2022-03-10,12.013326644897461,12.157768354918586,11.81956357202615,12.090832411608524,21721800
2022-03-11,11.773758888244629,12.224699724382033,11.710346698067028,12.069688265998112,24482400
2022-03-14,11.847745895385742,12.101398766059658,11.808993018835336,11.82308521829114,21501000
2022-03-15,11.713250160217285,11.85860217732731,11.613984411485971,11.84442116288341,20883800
2022-03-16,11.869241714477539,11.869241714477539,11.553721462807632,11.769977280885158,23502600
2022-03-17,11.97913932800293,12.050043055142448,11.738067467154238,11.86214797536631,21021400
2022-03-18,11.954324722290039,12.06422422835149,11.883420986277834,12.032317614764812,28675400
2022-03-21,12.19894027709961,12.24857248287482,11.93305230126712,11.982684507042329,18357400
2022-03-22,12.443558692932129,12.532188032204798,12.266300014386792,12.266300014386792,23499800
2022-03-23,12.379744529724121,12.479010301862397,12.298205706008735,12.408106565299711,16116200
2022-03-24,12.521549224853516,12.645629722027845,12.365562120923506,12.401013305151602,16706200
2022-03-25,12.514461517333984,12.66335949963141,12.432922693466274,12.532187113413695,15335400
2022-03-28,12.39392375946045,12.610179516208436,12.337201048868854,12.560547313487803,13350400
2022-03-29,12.447099685668945,12.606632703543147,12.32301784848863,12.549910003007415,18239600
2022-03-30,12.372655868530273,12.44001367715445,12.241483477306282,12.44001367715445,13437000
2022-03-31,12.301749229431152,12.603088360386002,12.209573984223674,12.33010990708082,45229200
2022-04-01,12.294657707214355,12.436465140887032,12.163486710111474,12.390377522087025,52307800
2022-04-04,12.18121337890625,12.255661679601731,12.025224917590725,12.223755071821378,19774800
2022-04-05,11.858604431152344,12.170580046331764,11.826697818777447,12.149308520623089,29155400
2022-04-06,11.918871879577637,11.96495950968771,11.748703728836118,11.85860458452129,26493400
2022-04-07,12.138672828674316,12.262753341513866,11.80897163469933,11.812516212619247,30086000
2022-04-08,12.354926109313965,12.40455966226929,12.064222061027237,12.081949006127873,26147800
2022-04-11,12.432917594909668,12.493186219716964,12.195391729619546,12.284021026048828,20869200
2022-04-12,12.408105850219727,12.581819927168336,12.35847364319904,12.482554160750754,24837400
2022-04-13,12.468372344970703,12.56763810502864,12.372653867492458,12.553457088966631,25615800
2022-04-14,12.479008674621582,12.599544605347585,12.432921049009138,12.440011556978446,21384200
2022-04-18,12.939885139465332,12.939885139465332,12.450650747307781,12.475466857193343,45145200
2022-04-19,12.482553482055664,13.003694332190074,12.425830769633807,12.897339415446108,35773000
2022-04-20,12.46483039855957,12.503827524774609,12.340749862763003,12.49319243667102,22592400
2022-04-22,12.20602798461914,12.326563893433487,12.106763595845868,12.312382880072771,21846800
2022-04-25,12.301749229431152,12.390378544697404,12.042951791138815,12.14221619147669,22644800
2022-04-26,12.025225639343262,12.252117837386063,11.876329029015544,12.195395125969393,27945400
2022-04-27,12.07840633392334,12.337203844157772,12.01813903192931,12.17767076185534,19436600
2022-04-28,12.057132720947266,12.195395603289533,11.904691526854103,12.113855434584028,19950800
2022-04-29,11.777067184448242,12.294662207784713,11.734524127347626,12.124494036511479,34448000
2022-05-02,11.691980361938477,11.901145622500836,11.53244730686953,11.794790703246928,21440400
2022-05-03,11.933051109313965,12.042951948535853,11.667163160040145,11.691979260448951,25805000
2022-05-04,12.280478477478027,12.33011068076125,11.769974076367035,11.890510006787478,26092000
2022-05-05,11.961414337158203,12.195395701847815,11.699070939232916,12.181214685229977,28301400
2022-05-06,12.000410079956055,12.284025002232926,11.808971765508197,11.936596857681376,27666800
2022-05-09,12.032317161560059,12.15285310252786,11.808972227242016,11.830242400581128,20204000
2022-05-10,11.894055366516113,12.145762329643706,11.80897197025877,12.110311139932513,18495200
2022-05-11,12.156399726867676,12.266299235062563,11.816063410253811,11.886965795266136,27256600
2022-05-12,12.46483039855957,12.532188210509647,12.245030012701477,12.337203931810867,49017800
2022-05-13,12.447099685668945,12.567635593354359,12.35492445206347,12.553454580126461,71424800
2022-05-16,12.447099685668945,12.447099685668945,12.447099685668945,12.447099685668945,0
2022-05-17,12.91506290435791,12.939879002473951,12.798071568345788,12.819343089177789,44380000
2022-05-18,12.730716705322266,13.07459893303211,12.666903480543608,12.904430784414435,24974400
2022-05-19,12.656272888183594,12.819350586138276,12.567643528115608,12.727176646713323,18866200
2022-05-20,13.117140769958496,13.124231278605786,12.805165151359,12.858343290025546,51585000
2022-05-23,13.670185089111328,13.684364750727049,13.209311601014194,13.227038544691723,50806000
2022-05-24,13.638821601867676,13.725417901942416,13.360993583646483,13.566658247872308,47841000
2022-05-25,13.55583381652832,13.638821189372583,13.27800580670981,13.541400870885461,34721600
2022-05-26,13.516144752502441,13.736242369964586,13.469239740821505,13.498104257517348,25567800
2022-05-27,13.368208885192871,13.480062142903755,13.252748079479032,13.480062142903755,26784000
2022-05-30,13.01461124420166,13.422333027719244,12.71874272912561,13.422333027719244,51416200
2022-05-31,13.21306037902832,13.40429348879744,12.989355202598244,13.039869141495203,67388800
2022-06-01,13.238314628601074,13.350167882036123,13.007393026000878,13.350167882036123,26949600
2022-06-02,13.249143600463867,13.382644929919042,13.151723265001435,13.317698039610754,19103200
2022-06-03,13.065125465393066,13.213059726168241,12.978530539105984,13.209452177740253,17798400
2022-06-06,12.902759552001953,13.198629479623913,12.881111506460067,13.083167272326598,16750000
2022-06-07,12.812553405761719,12.938839613297379,12.758431925161947,12.845026844682154,15000600
2022-06-08,12.69709300994873,12.812553824012374,12.603281614672573,12.715134880472373,16033600
2022-06-09,12.679054260253906,12.841421482495399,12.599674423513251,12.646580815805608,21941200
2022-06-10,12.466172218322754,12.762040746264306,12.365144343338294,12.588849513547414,67795400
2022-06-13,12.181127548217773,12.426482135362107,12.087316147910373,12.30741376664881,28855400
2022-06-14,12.18486499786377,12.370254634264562,12.119433035208973,12.239390708954968,26059000
2022-06-15,12.37752628326416,12.537471713667536,12.239391971556293,12.301189447852645,27449200
2022-06-17,12.406607627868652,12.49021483518812,12.07217741190896,12.268473317797357,58546600
2022-06-20,12.501121520996094,12.69741745546152,12.203043125703571,12.435689542840953,28503600
2022-06-21,11.988569259643555,12.664698624400573,11.923137296171475,12.613807405407115,51527600
2022-06-22,11.944951057434082,12.130340737194725,11.795911860236066,11.92313993588729,49448000
2022-06-23,11.868611335754395,11.97766414369599,11.719572174675152,11.963123399521994,30994000
2022-06-24,11.799544334411621,11.98856986208737,11.668680400891349,11.948583506102644,18258200
2022-06-27,12.043097496032715,12.064907228129702,11.766828871561543,11.79954485638887,18872000
2022-06-28,12.08671760559082,12.326634350715729,11.952219181408523,12.141244705852657,24111000
2022-06-29,12.024923324584961,12.206678503831903,11.966760336011248,12.079449046349861,16232200
2022-06-30,12.133975982666016,12.206678330669842,11.719574401730743,11.868613591131707,36974000
2022-07-01,12.050371170043945,12.119437651740922,11.923141689003542,12.014019295454304,16754000
2022-07-04,12.010380744934082,12.07944720330446,11.923137662066768,12.03582635521168,10339200
2022-07-05,11.944951057434082,12.0031126615435,11.75592549740796,11.948585551017535,17375800
2022-07-06,11.868611335754395,12.024920868920633,11.705031430501156,11.879516200544048,21683600
2022-07-07,12.043097496032715,12.137609570710634,11.977665526378061,11.977665526378061,19425200
2022-07-08,12.15942096710205,12.228487431455783,12.017652158507516,12.057637130492173,17998200
2022-07-11,11.959489822387695,12.10852899487675,11.904962720901686,12.043097027766258,14107400
2022-07-12,11.99947452545166,12.039460880762581,11.792273763096677,11.992205539651279,14764600
2022-07-13,11.868611335754395,12.028555361623289,11.817718731145408,11.923137046384348,25347000
2022-07-14,11.854071617126465,11.883151721308613,11.603249305152078,11.81408526052943,24568600
2022-07-15,12.097624778747559,12.217583867534628,11.71230467055594,11.850437613988166,24545600
2022-07-18,12.268473625183105,12.384796819731774,12.123068938656338,12.177596042774342,21789200
2022-07-19,12.599268913269043,12.613809660347078,12.283015291072578,12.315731278657175,30828800
2022-07-20,12.602903366088867,12.733767316005592,12.50112091023451,12.555648018260465,19149200
2022-07-21,12.690146446228027,12.690146446228027,12.384797692352727,12.58472811040254,17517400
2022-07-22,12.602903366088867,12.77738955709914,12.5083912837501,12.69378095501082,13262000
2022-07-25,12.795564651489258,12.835551012027596,12.559282368316497,12.559282368316497,24344400
2022-07-26,12.839181900024414,13.010032161009134,12.770115451832202,12.853722642806423,22242600
2022-07-27,12.922792434692383,12.955508421076189,12.770118756022569,12.871901208469112,14388600
2022-07-28,13.162710189819336,13.20269655246417,12.88280703798751,12.959145269710383,16259600
2022-07-29,13.075467109680176,13.30084312766124,13.050021497328212,13.148168066867578,23704200
2022-08-01,12.970048904418945,13.166344818738336,12.911887306103779,13.079101727924645,22649400
2022-08-02,13.144530296325684,13.249948599317854,12.908248084333787,12.9773159177956,19655200
2022-08-03,13.23541259765625,13.297210082011073,13.04275254410926,13.169980619719155,15138800
2022-08-04,13.486233711242676,13.49350408479595,13.268128051372356,13.337194520105498,23298200
2022-08-05,13.737055778503418,13.751596524586454,13.431707044169041,13.486232761957616,21754000
2022-08-08,14.169633865356445,14.21325472089798,13.72615077619119,13.79521863303745,38957600
2022-08-09,14.405914306640625,14.518601617869653,14.1151063292534,14.213252894942613,34672600
2022-08-10,14.529511451721191,14.598577930036674,14.413188232093981,14.511334821975186,28315800
2022-08-11,15.172919273376465,15.405565624206766,15.107487313870239,15.321958428544729,124169000
2022-08-12,16.03080940246582,16.114418021615624,15.267438054417825,15.27834292357552,90489400
2022-08-15,15.627307891845703,15.907209593336296,15.5655104218089,15.88176398410988,38795200
2022-08-16,15.703646659851074,15.809064989204014,15.423743537094243,15.630944315928984,42526400
2022-08-17,15.56187915802002,15.78725519508111,15.412839964477396,15.569149531690634,50055000
2022-08-18,15.202000617980957,15.66365886486394,15.140204532657645,15.561876424716486,31663000
2022-08-19,14.922101020812988,15.176558567545372,14.671279354471077,15.005708242926957,54949600
2022-08-22,15.074772834777832,15.132934428275268,14.667640293614019,14.91482741264856,53275000
2022-08-23,15.385273933410645,15.56313820036146,15.15553276529162,15.159237652429544,27895600
2022-08-24,15.12959098815918,15.50014181621846,15.096241357092275,15.403797809341077,21973200
2022-08-25,15.489026069641113,15.489026069641113,15.133297574004082,15.27040099999222,36882800
2022-08-26,15.411213874816895,15.574255781908976,15.23705447815649,15.518673988226066,22573800
2022-08-29,15.729883193969727,15.85957542051967,15.325982728163718,15.38897569147676,26342400
2022-08-30,15.685419082641602,15.889221779434749,15.526082094675827,15.803995248540865,33588200
2022-08-31,15.44826889038086,15.844758301337091,15.370453528650696,15.707654843021128,35911000
2022-09-01,15.685419082641602,15.796584061479736,15.37044999347092,15.563136616442073,32369000
2022-09-02,15.759527206420898,15.963331304859086,15.71506150018862,15.778055879762054,25208800
2022-09-05,15.426036834716797,15.89663672275222,15.359337548945494,15.89663672275222,27135800
2022-09-06,14.684930801391602,14.951726456183653,14.525593820420283,14.936905496251393,67883800
2022-09-08,14.621941566467285,14.87391634999871,14.421843694802948,14.814628248787777,34886400
2022-09-09,15.025838851928711,15.15553251625767,14.75533686203965,14.796097687584766,45153800
2022-09-12,15.259282112121582,15.48161202750785,15.12588359747417,15.155528340079874,26211200
2022-09-13,15.00328540802002,15.219642332718884,14.872723894513673,14.943600591930858,32529800
2022-09-14,15.018206596374512,15.24575541833446,14.902568057541226,14.977174438626212,30654000
2022-09-15,14.86526870727539,15.159963220148056,14.820505434117138,15.044324645906,42610400
2022-09-16,14.697400093078613,14.786926602944055,14.518344227351298,14.786926602944055,72317400
2022-09-19,14.98836898803711,15.062975389482041,14.287071091252741,14.55192246453344,31859000
2022-09-20,15.215914726257324,15.283060331375768,14.98090510834277,15.033129151657457,34701400
2022-09-21,15.107735633850098,15.312902129463184,15.021938787430026,15.283060428664164,24569000
2022-09-22,15.383777618408203,15.454652897315386,14.95479199729004,15.200992057123518,28798000
2022-09-23,15.193535804748535,15.256951745194922,14.951066774332716,15.219647832285643,34142400
2022-09-26,14.559378623962402,15.085351523789686,14.548188165348513,15.03312748626047,17178800
2022-09-27,14.376593589782715,14.51461445501362,14.357942352264734,14.451199962852844,22239600
2022-09-28,14.380324363708496,14.540727579980851,14.242303487961928,14.343021885830499,22874200
2022-09-29,14.30198860168457,14.357943742655289,14.122934142775957,14.212460660731091,37109600
2022-09-30,14.369132995605469,14.55937789754106,14.070708922472079,14.272144282463225,41095600
2022-10-03,15.465842247009277,15.741885408476104,15.107733353483328,15.312899818128512,90279400
2022-10-04,14.633987426757812,15.835146180970435,14.50342731129928,15.674742940265077,55373800
2022-10-05,14.86899471282959,15.051778845647563,14.451200986247345,14.645175577768942,44850000
2022-10-06,15.133849143981934,15.2084555378142,14.865266695385216,14.995828240341334,36355600
2022-10-07,15.16741943359375,15.22337457543395,14.962252951843631,15.130116954365862,27124000
2022-10-10,14.947334289550781,15.428544049098257,14.846615868506056,15.32036484616148,23049200
2022-10-11,14.589224815368652,14.947333796379834,14.492236076970668,14.842885699334555,29225800
2022-10-13,14.68993854522705,14.868992978592669,14.201268175855498,14.473580215536424,30284800
2022-10-14,14.607874870300293,14.988366165313549,14.42882039435261,14.794390127287272,25022800
2022-10-17,14.730976104736328,14.861536219697866,14.495966474807028,14.660099394044183,20077200
2022-10-18,14.902570724487305,15.488228572865776,14.831694009423293,14.90630040385975,43483200
2022-10-19,15.536718368530273,15.588942402360919,15.294248013747199,15.432268877870788,25457000
2022-10-20,16.26412582397461,16.293968940762653,15.555368876236095,15.629975245208078,70753200
2022-10-21,16.667001724243164,16.763989021550596,16.103724910539814,16.196982529219333,64165600
2022-10-24,14.995828628540039,16.29397479203175,14.995828628540037,16.271592446403076,75329200
2022-10-25,14.738436698913574,15.096547115549004,14.61160625245905,14.95852478473176,42736400
2022-10-26,14.216190338134766,14.600411237111963,13.869271914068637,14.589220779238282,64148400
2022-10-27,14.395249366760254,14.697404632628023,14.29453094480433,14.361676559441614,41654200
2022-10-28,14.481046676635742,14.510889805405105,14.156510477761781,14.26468968505267,40856000
2022-10-31,13.809589385986328,14.298259856989342,13.432827781236355,13.675298177283306,101533600
2022-11-01,14.137853622436523,14.47358014984908,13.764823198868257,13.95133841065239,49280600
2022-11-03,14.4325532913208,14.559383751270582,13.876738498451754,14.548193288715801,60835800
2022-11-04,14.645177841186523,14.913760275569492,14.477315242695697,14.533268967859797,54580800
2022-11-07,14.134125709533691,14.619065084959797,14.033407301691595,14.514616998159902,47342400
2022-11-08,14.201272010803223,14.28706886102233,13.921499116306707,14.093092816744923,29484600
2022-11-09,13.824511528015137,14.384057305770224,13.772286060105923,14.040868488787885,37975000
2022-11-10,13.552201271057129,14.055791970611407,13.305999729143213,13.802131069547398,129116200
2022-11-11,13.250041007995605,13.671565791178233,13.190356196279334,13.544735388406387,108313600
2022-11-14,13.578312873840332,13.727524243169064,13.29853995547548,13.429100081512951,46067800
2022-11-16,13.149325370788574,13.444019812816656,13.082179765693606,13.339570303225344,45099200
2022-11-17,12.869552612304688,13.13813503522534,12.548746145593569,13.063528648525327,80265400
2022-11-18,12.824788093566895,13.167975446581135,12.720338593216116,12.89566337134201,45290400
2022-11-21,13.130671501159668,13.212737228624412,12.761370747074722,12.880740371567232,42765800
2022-11-22,12.995030403137207,13.327159141870064,12.91104325640184,13.2049968136858,26437600
2022-11-23,13.15536880493164,13.182091725016111,12.792698731412509,12.903408803928125,26649000
2022-11-24,13.369152069091797,13.724186773308666,13.113373705618788,13.204996175473683,21639400
2022-11-25,13.059928894042969,13.449321872902507,12.949218825719305,13.403511362533699,19184600
2022-11-28,13.29661750793457,13.43786740793399,13.017933186764086,13.128643236950758,16474600
2022-11-29,13.45695686340332,13.640200356575734,13.204996878255022,13.361517453024573,18270400
2022-11-30,13.468409538269043,13.670742084732932,13.246990856693877,13.521855376708226,25598000
2022-12-01,13.453140258789062,13.575302590576646,13.25462610556177,13.407328292151318,18236800
2022-12-02,13.75472354888916,14.018137180616925,13.403507314971376,13.563844780988774,27612800
2022-12-05,13.43786907196045,13.728004234412646,13.36915258101049,13.724187298822008,20721200
2022-12-06,13.575301170349121,13.575301170349121,13.395874627180623,13.51040161921361,17258800
2022-12-07,13.544759750366211,13.72036790044957,13.544759750366211,13.590570255542369,13206600
2022-12-08,13.372966766357422,13.728001411153592,13.28898109402734,13.544757958402265,24538200
2022-12-09,13.3538818359375,13.430233653843214,13.204996591980747,13.395875408600132,14063800
2022-12-12,12.899587631225586,13.510399112952063,12.678167558918835,13.323338733799961,53108400
2022-12-13,12.288457870483398,13.09457457896945,12.288457870483398,13.040576569910113,43709800
2022-12-14,11.983750343322754,12.17660117146935,11.667475102869139,12.149602173235632,80022400
2022-12-15,12.323168754577637,12.546874959967887,11.767758139111933,11.848755137373828,94932200
2022-12-16,12.573875427246094,12.635587643316757,12.25760087163468,12.34245498481493,43696800
2022-12-19,12.70887279510498,12.901723667651838,12.539163085609095,12.616303728894916,31158000
2022-12-20,13.03671646118164,13.175569301091167,12.585446202810823,12.705012781694473,26498000
2022-12-21,13.160141944885254,13.291280585254846,13.017432724032695,13.15242773411819,17495000
2022-12-22,13.279708862304688,13.437846491086633,13.079143813621588,13.237281442403534,14796600
2022-12-23,13.607558250427246,13.74641112585373,13.31828191706724,13.31828191706724,17488800
2022-12-26,13.588268280029297,13.719406893388527,13.399275304836117,13.719406893388527,9105400
2022-12-27,13.136998176574707,13.673123212129488,13.075285974021675,13.673123212129488,17731600
2022-12-28,13.372278213500977,13.422419850152297,12.967291693065734,13.152428346083692,21450400
2022-12-29,13.395417213439941,13.51498524645769,13.268136442723565,13.433988258607728,18673000
2023-01-02,12.828437805175781,13.198712552809084,12.689586430065404,13.198712552809084,23557000
2023-01-03,12.58930492401123,12.882439078877043,12.504450067918166,12.828439597786193,21547400
2023-01-04,12.751297950744629,12.82843710895217,12.55844711255552,12.662586741737854,19519000
2023-01-05,13.333709716796875,13.399279781048543,12.759014918719545,12.84001193514621,33937600
2023-01-06,13.518842697143555,13.60369753196821,13.283564452464313,13.364562918131053,29504600
2023-01-09,13.387704849243164,13.518843478214794,13.298993640135167,13.395419059339746,20027200
2023-01-10,13.615270614624023,13.68469704291443,13.241140941431633,13.306709528519617,19309600
2023-01-11,13.808121681213379,13.827406473504244,13.52270322410375,13.615270815634043,29084800
2023-01-12,13.719408988952637,13.835119201629594,13.503415512976519,13.719408988952637,20173200
2023-01-13,13.750266075134277,13.827405237401877,13.480274593192057,13.69241023209837,20087000
2023-01-16,13.73483943939209,13.931546682878679,13.62298557969609,13.754124232465616,18437800
2023-01-17,14.54095458984375,14.54095458984375,13.707838964918759,13.804264391282,52121000
2023-01-18,14.749235153198242,14.992226189513051,14.61423866168798,14.675950881101555,46469200
2023-01-19,15.084795951843262,15.165792967693614,14.48310068123614,14.656666766155062,46824200
2023-01-20,15.455070495605469,15.543781730102397,15.08479713300901,15.123366723195309,61422400
2023-01-23,15.339356422424316,15.910194748350362,15.092507575681722,15.455066635418008,58229000
2023-01-24,15.262215614318848,15.578490879484438,15.150361772133776,15.339356245871832,33155800
2023-01-25,15.678776741027832,15.809915395006657,14.992226624863203,15.20050592318288,30466000
2023-01-26,15.671058654785156,15.998904473004512,15.647916025804301,15.728913020234723,26301400
2023-01-27,15.497491836547852,15.798338641497066,15.308497387711183,15.782910222952243,24856600
2023-01-30,15.740487098693848,15.779056680630259,15.451210820165059,15.582349458618188,28495800
2023-01-31,15.69805908203125,15.890909927089778,15.59006160829055,15.794484504560515,29569200
2023-02-01,15.509062767028809,15.833052207153667,15.370209939641725,15.717342008109433,26311400
2023-02-02,15.215933799743652,15.871627046084493,15.138793158173785,15.431925830536851,37048600
2023-02-03,15.119505882263184,15.404924296456262,15.003795674581257,15.293071929453632,24334800
2023-02-06,15.204357147216797,15.320068810231895,14.895796145624672,15.069362168812402,27313800
2023-02-07,14.996081352233887,15.304642394186207,14.834085885624475,15.269929185008127,24883800
2023-02-08,15.350926399230957,15.408782239122413,15.00765214325731,15.107933931556023,44485600
2023-02-09,15.269928932189941,15.4550655542961,15.092506519921757,15.401067556765357,21309200
2023-02-10,15.57077407836914,15.663343115097163,15.019220640840935,15.17735824711116,29831400
2023-02-13,15.6594877243042,15.867766986019035,15.439637882939143,15.70962935501373,32489600
2023-02-14,16.025911331176758,16.48875383845312,15.91020107219161,16.307473500863736,118462000
2023-02-15,16.17247200012207,16.26889742274558,15.883195732251538,16.11461615801389,49143800
2023-02-16,16.3537540435791,16.427036843060137,15.956480258667852,16.064477744256372,43014800
2023-02-17,16.515745162963867,16.635313208688586,16.191755705797448,16.334464909747215,44727400
2023-02-22,16.10689926147461,16.51188714602113,16.06832968739158,16.508029305811863,22328200
2023-02-23,16.238039016723633,16.4308898433894,16.076045028565208,16.16089986312536,48294200
2023-02-24,15.926005363464355,16.339105503537528,15.8315832461512,16.272223295508415,24550800
2023-02-27,15.709625244140625,16.028303378986312,15.627005487229416,15.929946096716867,22472400
2023-02-28,15.855186462402344,16.04796730920287,15.697815782119878,15.792237890126888,33330200
2023-03-01,15.343731880187988,15.855189309365064,15.095871175742033,15.855189309365064,54529600
2023-03-02,14.726046562194824,15.375204967208928,14.70244028355002,15.343729929015854,34978600
2023-03-03,14.891289710998535,15.07620185430545,14.68670791515136,14.832276250939357,33717800
2023-03-06,15.229635238647461,15.347663630803568,14.899154840122904,14.899154840122904,20465200
2023-03-07,15.57978630065918,15.650603633910462,15.147015042623464,15.343729523696496,38627000
2023-03-08,15.737159729003906,15.886663166656945,15.567985141852114,15.619131331198878,26042600
2023-03-09,15.394880294799805,15.811914158379938,15.394880294799805,15.709623258109199,24777400
2023-03-10,15.103738784790039,15.367336990237192,14.958170477765119,15.343730710390245,25785800
2023-03-13,15.009316444396973,15.174555898437132,14.867681769041132,15.001447684564706,18280400
2023-03-14,14.894966125488281,15.145135280073685,14.783780507801628,15.057774286296782,22174800
2023-03-15,14.910852432250977,15.006155486413997,14.593178109692003,14.628916565654304,23139000
2023-03-16,15.069687843322754,15.153077055095233,14.811576647123667,14.958500712835711,25555600
2023-03-17,14.811579704284668,15.137196087282085,14.811579704284668,14.930707390660919,42093400
2023-03-20,14.728193283081055,15.121316389337398,14.573327109789192,14.815554309980465,20987400
2023-03-21,14.902909278869629,14.99821232596006,14.803635965762764,14.815549793393158,17838800
2023-03-22,14.938648223876953,15.188817405281783,14.851288735525092,14.906881550328256,23718400
2023-03-23,14.775839805603027,15.14513665770033,14.605089583029413,14.978358215999908,22840800
2023-03-24,14.926733016967773,15.061744761655365,14.712302331618602,14.823489454460931,15880600
2023-03-27,14.934678077697754,15.149108806338669,14.863201168150782,15.081602162970704,13828800
2023-03-28,15.037921905517578,15.121312644538452,14.89496808409966,14.93467832048832,15889400
2023-03-29,15.212641716003418,15.260292477987957,14.950560252902838,15.105426365445396,14395600
2023-03-30,15.490608215332031,15.56208512704928,15.248382586502082,15.466783587953383,26295200
2023-03-31,15.530318260192871,15.693126442692751,15.315887527693329,15.550172621026391,16900200
2023-04-03,15.347655296325684,15.597822962596457,15.172933290280659,15.570026555233037,17920600
2023-04-04,15.601795196533203,15.677242373740182,15.379422416378572,15.446929061071668,16471600
2023-04-05,15.5462007522583,15.756659682022445,15.41913103827348,15.625618187405955,15532400
2023-04-06,15.494580268859863,15.621649999749064,15.427073622255218,15.581941276892694,13361800
2023-04-10,15.502521514892578,15.760631229695802,15.474725107372088,15.625619458257441,21916800
2023-04-11,15.859904289245605,15.935352978255098,15.585910484648995,15.60576484472865,26685800
2023-04-12,16.963823318481445,17.174282246245845,15.88769951088633,15.907555384275053,127943200
2023-04-13,16.95588493347168,17.229878776789953,16.836757241367682,16.932058789134565,36793600
2023-04-14,17.245765686035156,17.269591834258645,16.737486642262407,16.924119501577756,42258000
2023-04-17,17.285470962524414,17.37283197375404,17.08295404488115,17.221936094754884,24098000
2023-04-18,17.317235946655273,17.341060570912322,17.08692114690079,17.293409807607773,17350600
2023-04-19,17.114723205566406,17.28150320441368,17.011479598501676,17.229880643485842,21009600
2023-04-20,17.277528762817383,17.313267220297988,16.959854426762423,17.06706979920423,20726200
2023-04-24,17.241790771484375,17.487989714025066,17.094866671109987,17.241790771484375,20519600
2023-04-25,17.082956314086914,17.20605579946318,16.96779887758566,17.0750142652119,23691200
2023-04-26,16.9439697265625,17.178254825065085,16.884406642747674,17.178254825065085,23633000
2023-04-27,16.963823318481445,17.154427887647586,16.88440436929794,16.94396744509272,12372800
2023-04-28,17.019411087036133,17.19413151165234,16.816892750868014,17.078974145187335,20796000
2023-05-02,16.614381790161133,16.979706856350482,16.56673102387351,16.979706856350482,25239200
2023-05-03,16.562761306762695,16.72556950042252,16.50319822017929,16.70174487170545,11261800
2023-05-04,16.7493953704834,16.85661074233204,16.495255903045454,16.677918455917638,14752000
2023-05-05,17.174280166625977,17.198106302933077,16.7533608472755,16.7533608472755,14382200
2023-05-08,17.10677719116211,17.384741242209117,17.059124912590793,17.249729482504655,16195200
2023-05-09,17.05515480041504,17.237817325545887,16.943967664204127,17.07103889341524,20231600
2023-05-10,17.277528762817383,17.313267220297988,16.916173921531602,17.075011846954446,21044400
2023-05-11,17.63094139099121,17.718300878337143,17.102806626861334,17.241788662268892,27159800
2023-05-12,17.56343650817871,17.74609906295086,17.432396506638945,17.491959592869485,24417400
2023-05-15,17.64682388305664,17.809632058640453,17.484015707472828,17.66667975783732,17265000
2023-05-16,17.1385440826416,17.765952125457172,17.047212819723605,17.646822942286274,43215400
2023-05-17,17.16634178161621,17.41253918345917,17.047214104259336,17.174283828745416,35046200
2023-05-18,17.154428482055664,17.202079247300702,16.99559057818485,17.114718248692704,23424000
2023-05-19,17.487987518310547,17.51975419139104,17.07103989864153,17.210021933601013,67932000
2023-05-22,17.257673263549805,17.7143311329535,17.249731216322974,17.49195835497412,16150800
2023-05-23,17.662710189819336,17.722274792042725,17.21002406025201,17.265616881105437,25822400
2023-05-24,17.714332580566406,17.86125667929283,17.53564029033657,17.662710026768732,21842800
2023-05-25,17.73418426513672,18.028033933011294,17.73418426513672,17.869196029059008,23390800
2023-05-26,17.63094139099121,17.99626646394284,17.53166807575993,17.968470056861324,19180600
2023-05-29,17.599170684814453,17.69447372030776,17.476071246216925,17.69447372030776,6615800
2023-05-30,17.750070571899414,17.813605438444938,17.555494191033983,17.789779295443854,36854000
2023-05-31,17.718303680419922,17.92479239053126,17.678594953963856,17.76595596991618,34850800
2023-06-01,17.76595115661621,17.881107038056133,17.575345079853403,17.785805514465135,20393800
2023-06-02,18.080123901367188,18.080123901367188,18.080123901367188,18.080123901367188,0
2023-06-05,18.19327735900879,18.302388713189302,17.841697356590302,18.02354807197975,27334000
2023-06-06,18.403417587280273,18.653968729523502,18.169029891107716,18.19731784870398,22932200
2023-06-07,18.39533233642578,18.544854595821587,18.39533233642578,18.480196196495466,22222000
2023-06-09,19.29247283935547,19.29247283935547,18.484241915138416,18.484241915138416,36932200
2023-06-12,19.991588592529297,20.10069993148651,19.385415514930013,19.42582643680549,77115600
2023-06-13,19.783510208129883,20.13751490982105,19.68992323997564,20.01137514289861,26532200
2023-06-14,19.881168365478516,19.938134214882847,19.57192296556503,19.85675376478967,26083800
2023-06-15,20.28807258605957,20.442695312861172,19.816067756215485,19.897448220437553,41930800
2023-06-16,20.13751792907715,20.30841549162453,20.039861070333565,20.2799325645333,30393800
2023-06-19,20.511865615844727,20.536280218293385,20.149724216639985,20.170068942578986,11787200
2023-06-20,20.507801055908203,20.53221411063498,20.324695384440503,20.463041719304613,17141000
2023-06-21,21.15477180480957,21.15477180480957,20.40200444580144,20.426419050897948,27413000
2023-06-22,20.751937866210938,21.101872753091705,20.613591551681402,21.012354093042255,18000800
2023-06-23,20.760074615478516,20.80890226654386,20.572900659558822,20.796695741828287,13483800
2023-06-26,20.808902740478516,20.91062792129994,20.528141800204484,20.646143382486077,16848400
2023-06-27,20.42641258239746,20.94724490856319,20.2921346251938,20.821105150481216,25779000
2023-06-28,20.178207397460938,20.426417092770027,20.031722885330776,20.389795964737488,15524200
2023-06-29,20.365381240844727,20.426416971270278,20.027654441845147,20.16600075223371,16565200
2023-06-30,20.10089683532715,20.67055693032561,19.909652994071756,20.507797568413096,28009000
2023-07-03,20.50372886657715,20.548488198133516,20.14972564312719,20.166002045911906,26031200
2023-07-04,20.37352180480957,20.528144534873157,20.275866487445516,20.503729929430502,7572800
2023-07-05,20.23924446105957,20.349106300188783,20.100898140737613,20.345037975563084,11332400
2023-07-06,19.942203521728516,20.17413835919581,19.791650690568222,20.15379208151753,19116000
2023-07-07,20.32876205444336,20.475246579691593,19.954414091878533,19.954414091878533,23079200
2023-07-10,19.954408645629883,20.365377627339107,19.852683481105508,20.34096458126307,17806000
2023-07-11,19.669584274291992,19.946276936000295,19.48241028319618,19.93813873392613,24673600
2023-07-12,19.352197647094727,19.91371948959808,19.270817197510727,19.91371948959808,24458200
2023-07-13,19.535301208496094,19.685855579567775,19.364403665813125,19.474267037053433,14068400
2023-07-14,19.405094146728516,19.820133053891013,19.291162445539875,19.514957523818854,26211600
2023-07-17,19.57599639892578,19.608547653556137,19.311510276114053,19.449856600750405,10774000
2023-07-18,19.641096115112305,19.714338362081012,19.4661286975985,19.57192219199612,9060600
2023-07-19,19.29930305480957,19.69399728633885,19.25454372312647,19.69399728633885,16210800
2023-07-20,19.51089096069336,19.551580414160906,19.287095862215555,19.352199919085518,13507600
2023-07-21,19.742826461791992,19.877102914970337,19.510893136317584,19.510893136317584,20264400
2023-07-24,19.356264114379883,19.877096458233144,19.19757310662477,19.628888361505016,35741000
2023-07-25,19.25454330444336,19.63702944943091,19.24640510320492,19.63702944943091,21533400
2023-07-26,19.41730499267578,19.44985624671362,19.15281887467837,19.29116519679647,24767000
2023-07-27,19.01854133605957,19.433578726349985,18.98192020724534,19.41730387636833,23501400
2023-07-28,19.23826789855957,19.35626949432496,19.067370320308946,19.177233714414314,14552200
2023-07-31,19.608545303344727,19.661442832007612,19.319646162237486,19.36847381443234,20779800
2023-08-01,19.27081871032715,19.543441452801822,19.099919597564366,19.498682124406734,25360200
2023-08-02,19.356264114379883,19.43357468035722,19.16502030903253,19.230124352014187,11204000
2023-08-03,19.388818740844727,19.52309516307144,19.26267896658075,19.490543914611585,16752600
2023-08-04,19.287097930908203,19.514961378291645,19.144681724090233,19.327787388740013,22979000
2023-08-07,19.25454330444336,19.531235937737563,19.205715649215904,19.376613218613585,11456400
2023-08-08,19.120267868041992,19.283027244743643,18.86391994828791,19.217923183622332,23776200
2023-08-09,19.014474868774414,19.185374017951357,18.924956192910138,19.124338274916003,15315400
2023-08-10,19.11212730407715,19.246403734454077,19.014470448364147,19.16502328006042,24978000
2023-08-11,19.31964683532715,19.3928890922727,19.14061106957309,19.197576924485602,17290800
2023-08-14,19.128402709960938,19.40509533163118,19.09991978292457,19.40509533163118,13148400
2023-08-15,19.026676177978516,19.262679330635393,18.994124928903464,19.181298879643265,17451800
2023-08-16,19.189435958862305,19.42136922170774,19.047021342098585,19.047021342098585,23000000
2023-08-17,19.36847496032715,19.409165966399488,19.19757739143283,19.331853830963627,18367600
2023-08-18,19.445789337158203,19.580065792166213,19.25861534426057,19.360340542861895,20640200
2023-08-21,19.37661361694336,19.55158106665869,19.250475375662447,19.531236339245954,15745000
2023-08-22,19.859216690063477,19.904756108479585,19.49076369270511,19.54044234040644,15715200
2023-08-23,19.94615364074707,20.070351042918396,19.718458140223696,19.91717429954895,15535200
2023-08-24,19.685335159301758,19.913030627074942,19.594257919745736,19.913030627074942,12775200
2023-08-25,19.42866325378418,19.74743758793862,19.213387018540054,19.71017820916068,17948200
2023-08-28,19.9875545501709,20.078633392571234,19.436945424742287,19.523883458348518,15418400
2023-08-29,20.099332809448242,20.384988606092815,20.008255545802236,20.09105277107027,19569600
2023-08-30,19.809534072875977,20.23594728356631,19.78883477043599,20.161428531377926,11510800
2023-08-31,19.499042510986328,19.863356285780192,19.465923938326394,19.850937018439687,26407200
2023-09-01,19.631519317626953,19.74743826628228,19.53630125286931,19.552861328285175,11074000
2023-09-04,19.56941795349121,19.74743478468698,19.532158580002434,19.664636001461318,7264600
2023-09-05,19.499042510986328,19.788837523225634,19.461783129709048,19.60254061683924,15288200
2023-09-06,19.36656379699707,19.643939523780354,19.362424567905826,19.548721462125094,14183600
2023-09-08,19.30860710144043,19.46592467044523,19.16784960901631,19.395545134605257,15485200
2023-09-11,19.614961624145508,19.68120034926385,19.391405334650184,19.490764211955586,14399800
2023-09-12,19.7209415435791,19.854360050500492,19.633385946625825,19.675078633610987,15370400
2023-09-13,19.70426368713379,19.971102289480765,19.65006351254801,19.74178774133305,14725600
2023-09-14,19.75847053527832,19.979444694369747,19.675083549997296,19.80016482315606,14569800
2023-09-15,19.825172424316406,19.887713037611352,19.64172239737783,19.77097066549238,21606000
2023-09-18,19.741792678833008,20.05866290253813,19.741792678833008,19.862703727101398,20200800
2023-09-19,19.712604522705078,19.916902525083778,19.625048917603156,19.74178972440572,15278200
2023-09-20,19.88771629333496,20.117029262166383,19.7084348690456,19.729281213398615,14760600
2023-09-21,19.433259963989258,19.758467405550718,19.37488956068071,19.729282203896442,16633600
2023-09-22,19.466615676879883,19.65006735123578,19.42909161535021,19.495800881350256,10722800
2023-09-25,19.354042053222656,19.499969655198445,19.249808733443196,19.43742902714107,18254000
2023-09-26,19.07886505126953,19.270655557352786,18.999648305380767,19.191437220989872,23590000
2023-09-27,19.245637893676758,19.391563888445834,19.02049356705528,19.241469261172238,22109000
2023-09-28,19.862703323364258,19.929412591660782,19.27482739947789,19.29984397151699,23827200
2023-09-29,19.670907974243164,19.966930156568722,19.637552555712677,19.946083815224114,10906400
2023-10-02,19.616710662841797,19.741790329747605,19.554171624626022,19.66674221150927,9462400
2023-10-03,19.366548538208008,19.64589303436015,19.312346773852358,19.62921691419028,12873200
2023-10-04,19.51247215270996,19.625044300129154,19.253974031121718,19.429085200124575,16379400
2023-10-05,19.57084846496582,19.946089069919562,19.429091079813773,19.504139200804524,15530000
2023-10-06,20.367189407348633,20.525624493757036,19.47495247260911,19.570846932929562,41413600
2023-10-09,20.2587890625,20.392207590945155,20.108692820380618,20.237942715644376,19707000
2023-10-10,20.225433349609375,20.483933136487398,20.208757226644902,20.283805346645064,19682000
2023-10-11,20.41722297668457,20.492271093389366,20.225432461508863,20.22960268492259,16514000
2023-10-13,20.35468101501465,20.56731786189787,20.283803126369655,20.467253182692687,21928200
2023-10-16,20.767446517944336,20.842494632939093,20.504778115462692,20.579826230457446,15472400
2023-10-17,20.5798282623291,20.963406140863025,20.513118996911274,20.679891365218673,16189200
2023-10-18,20.47976303100586,20.721585105839804,20.388038787512208,20.454748051177727,22840800
2023-10-19,20.638198852539062,20.89669705950067,20.41305448334297,20.479763749348365,16271800
2023-10-20,20.571489334106445,20.93422086415515,20.492272578720325,20.583996824305746,19846600
2023-10-23,20.54230308532715,20.75910858377741,20.358853013011196,20.54647171835681,15813600
2023-10-24,20.4464054107666,20.779951667370867,20.308816685275712,20.638194309504804,17053000
2023-10-25,20.450578689575195,20.696569407924553,20.383869423097792,20.463087770490837,12625200
2023-10-26,20.8758487701416,20.930050540752177,20.413052584447605,20.488100700531724,19577600
2023-10-27,20.346342086791992,20.87167886741974,20.233769919514618,20.804969611678416,20337800
2023-10-30,20.204586029052734,20.521456207216904,20.10452293419242,20.429730378199768,18010200
2023-10-31,20.158721923828125,20.36718854802686,19.921070099479493,20.21292369145255,14087400
2023-11-01,20.17957305908203,20.32133044963868,20.046154525672762,20.16289534478728,21810000
2023-11-03,20.888351440429688,21.03844763797103,20.36718497145216,20.40887924325467,24765400
2023-11-06,21.034282684326172,21.117669652039357,20.846662404590038,20.96757342825045,12216800
2023-11-07,21.271934509277344,21.34281239802796,20.90086417293795,21.03428268509427,29055000
2023-11-08,21.542940139770508,21.5721269303383,21.271934483118677,21.29695105054502,18976000
2023-11-09,20.642364501953125,21.413691968523185,20.521455068247075,21.26359574408905,62427200
2023-11-10,20.946725845336914,21.00926487456821,20.621516849532888,20.750766721369338,17832400
2023-11-13,20.86751365661621,20.96757835950053,20.77578940198629,20.888360005828716,9641600
2023-11-14,20.967573165893555,21.23857881947779,20.834154655411506,20.921710254701456,37860000
2023-11-16,20.963403701782227,21.04679067147107,20.788292496862404,20.971742557798525,34225200
2023-11-17,21.12183952331543,21.246919186982932,20.938389455968043,20.963404434417015,24494200
2023-11-20,21.234411239624023,21.38867610180319,20.967574205430598,21.238579872450842,15070600
2023-11-21,21.38450813293457,21.43870831373695,21.16770263830237,21.23441189892195,20642000
2023-11-22,21.53195571899414,21.747911348166785,21.426095559873623,21.426095559873623,16195600
2023-11-23,21.603939056396484,21.798721339771262,21.510781609870435,21.510781609870435,8247600
2023-11-24,21.57853126525879,21.71403211972685,21.46843742674009,21.625109986850482,8815000
2023-11-27,21.976566314697266,22.01044072047443,21.62510986488583,21.658985885960586,22614400
2023-11-28,22.294143676757812,22.35765878458976,22.00196868871981,22.00620399842036,19633200
2023-11-29,22.32802391052246,22.463524780983725,22.17135133191996,22.344961923154568,21020000
2023-11-30,22.980119705200195,23.026698425896747,22.328020846043586,22.328020846043586,35416400
2023-12-01,23.026700973510742,23.204545255521914,22.814980667136826,23.01399665672584,18946400
2023-12-04,22.937776565551758,23.208779906861356,22.848854427072425,22.992824295928457,13915800
2023-12-05,22.937776565551758,23.09445075083177,22.870026134048786,22.933542870275566,11725800
2023-12-06,22.446584701538086,23.06904287842268,22.40000759403516,23.026699466039062,17640200
2023-12-07,22.81074333190918,22.81921233724821,22.442350483798087,22.442350483798087,11561400
2023-12-08,23.05634117126465,23.119856292576944,22.72182270700767,22.823449162524142,20784200
2023-12-11,23.052101135253906,23.16643026853716,22.89542859644236,23.056336444985167,11474000
2023-12-12,22.371292114257812,22.92524759388817,22.3329412627555,22.92524759388817,25063600
2023-12-13,22.57583236694336,22.695145420151594,22.004831629346413,22.358511930668584,36160000
2023-12-14,22.724973678588867,22.822981054623956,22.328682065414903,22.7974132769772,36873200
2023-12-15,23.270408630371094,23.270408630371094,22.507653598554374,22.690885290566627,36441400
2023-12-18,23.287452697753906,23.44937708599124,23.082913719579114,23.295973665119337,15518200
2023-12-19,23.3726749420166,23.40250320379748,23.138309331373268,23.253361894893093,15467000
2023-12-20,23.099958419799805,23.43659351680191,23.036041412792265,23.37267488427602,15653800
2023-12-21,23.134052276611328,23.35137273401362,22.963603647870187,23.35137273401362,20008000
2023-12-22,23.19796371459961,23.274665416536024,23.040299827516183,23.223531490417816,14606400
2023-12-26,23.411026000976562,23.41954859377672,23.138309533444932,23.19796605752768,7966400
2023-12-27,23.37693977355957,23.423813226250676,23.257626712541157,23.35137199240482,6745000
2023-12-28,23.602779388427734,23.602779388427734,23.304495153702167,23.37693637702272,11680800
2024-01-02,23.334325790405273,23.555908340889868,23.202229657312216,23.4877292196268,16341000
2024-01-03,23.35563087463379,23.466421326624417,23.223533128532605,23.300234835879316,16296800
2024-01-04,23.10848045349121,23.393981612877102,23.061607007508577,23.330062981897456,16199800
2024-01-05,23.385461807250977,23.491991787900147,23.01047582022072,23.0871775363296,16455800
2024-01-08,23.585737228393555,23.641133273858852,23.342849000877628,23.457901575835464,18107600
2024-01-09,23.232057571411133,23.500513568506037,23.129788078297402,23.474945788847993,15367600
2024-01-10,23.19370460510254,23.295972463396062,23.08291252884654,23.08291252884654,9878600
2024-01-11,23.35137176513672,23.372677436465715,23.10422305178702,23.180924768986223,13486200
2024-01-12,23.48773193359375,23.521822310923607,23.1425758034816,23.35137367531165,10126600
2024-01-15,23.947940826416016,23.947940826416016,23.43659657601738,23.479207919584532,16827600
2024-01-16,23.81157875061035,24.062989538507328,23.764705304906432,23.84566749488338,17944400
2024-01-17,23.85845184326172,23.905323662753744,23.70504843250739,23.781750137884554,19366200
2024-01-18,23.58147430419922,23.90958680797424,23.547383933434794,23.884019029900923,14648800
2024-01-19,23.828622817993164,24.01185449573213,23.555906355921685,23.66243632551325,25325000
2024-01-22,23.670961380004883,23.918111715410614,23.58999917988154,23.8925439348629,13091400
2024-01-23,24.09282112121582,24.11412679251386,23.67096167723315,23.781753768812592,20134400
2024-01-24,24.139692306518555,24.305878802763267,24.050205894640474,24.152475382993266,13342600
2024-01-25,24.109867095947266,24.28883669131859,24.088559798434755,24.18230670583035,12011200
2024-01-26,24.276050567626953,24.284573160459022,24.09707936919023,24.135430224175355,16392200
2024-01-29,24.08429718017578,24.301617616087228,23.888282414370405,24.27178935283504,11264600
2024-01-30,23.96072006225586,24.075772622060647,23.841407018984956,24.071512138594528,11859800
2024-01-31,24.05447006225586,24.220656572721868,23.913849706927078,24.033164391135337,13112000
2024-02-01,24.604162216186523,24.604162216186523,23.990548557888395,24.05446718913389,22648600
2024-02-02,24.595643997192383,24.659561014285135,24.34849364631498,24.587121403142962,14969000
2024-02-05,24.859834671020508,24.859834671020508,24.437975260901435,24.599901275701708,15148800
2024-02-06,25.396747589111328,25.452143636053695,24.88540496524459,24.893925933526283,16578000
2024-02-07,25.328567504882812,25.481970936439946,25.00045497083416,25.383963549727,16353000
2024-02-08,24.94506072998047,25.452142854128088,24.825746045960994,25.337090279637078,21199200
2024-02-09,24.531728744506836,24.962110863122792,23.564436130733014,24.928020482214315,48132000
2024-02-14,24.86409568786621,24.876880390307726,24.322924841555444,24.442237894220064,17196600
2024-02-15,24.86836051940918,24.966367912757587,24.719217561733995,24.864098409622645,16017200
2024-02-16,24.659557342529297,25.055848966468073,24.463542585134604,24.962103696920124,19018800
2024-02-19,25.106985092163086,25.162381137318683,24.544506923637293,24.68086516900606,18263600
2024-02-20,25.268909454345703,25.528842850439847,25.030283353421297,25.081417285688183,36826400
2024-02-21,25.328567504882812,25.39248614320445,25.16664310536672,25.277433569536598,45832200
2024-02-22,25.116186141967773,25.401499041393347,25.03837338311857,25.371238707292495,19798400
2024-02-23,24.804935455322266,25.18535153523801,24.7011845659406,25.129154717176366,20556200
2024-02-26,25.04269790649414,25.15509320060861,24.748738953807592,24.81790566920063,13441800
2024-02-27,25.345300674438477,25.39717529415232,25.072956035078036,25.155090987046993,13960200
2024-02-28,25.39717674255371,25.565770503036937,25.250197270761884,25.323687831190057,12335000
2024-02-29,25.01243782043457,25.470666696073316,24.943271104353368,25.397177781702798,20423600
2024-03-01,25.038373947143555,25.2285836504217,24.999469215907098,25.051343839953606,10255800
2024-03-04,24.93462371826172,25.163738143764242,24.843842717485003,25.08160318816595,12990200
2024-03-05,25.107542037963867,25.232905573956142,24.938946625785096,24.986499051086966,9412000
2024-03-06,25.479310989379883,25.509571322517722,25.116185342661346,25.168061612952904,12482600
2024-03-07,25.237228393554688,25.552801617904468,25.181029925116803,25.479311059321926,14857800
2024-03-08,24.99082374572754,25.146447621449845,24.221342167510567,24.64498851328348,40005000
2024-03-11,24.74009132385254,24.94326925877347,24.597435703956062,24.94326925877347,25163800
2024-03-12,25.079727172851562,25.30178819321736,24.657378718937444,24.822834060857936,22722000
2024-03-13,24.801063537597656,25.140685977978155,24.7662314463327,25.040539770800184,20799400
2024-03-14,24.692209243774414,24.970872602974044,24.639960279165642,24.796708833956593,20707800
2024-03-15,24.944753646850586,25.04489820660427,24.718339209638582,24.740109477243305,28391400
2024-03-18,24.396133422851562,25.158104410182112,24.304697303003483,24.949106852972953,22635600
2024-03-19,24.309053421020508,24.570299963767845,24.004264680505276,24.487572279456355,20241800
2024-03-20,24.570297241210938,24.600775945788712,24.126176838980037,24.309050727411503,17687400
2024-03-21,24.226322174072266,24.81848272951328,24.147947885207138,24.644317274043022,17742000
2024-03-22,24.126178741455078,24.37436344742465,24.05651288821739,24.239385130104463,13137600
2024-03-25,24.22197151184082,24.439677525203848,24.06522291646503,24.134888774302595,12901400
2024-03-26,24.352590560913086,24.57029653649002,24.17407172737859,24.248090961811652,15477000
2024-03-27,24.37000846862793,24.487569899728992,24.09569846272545,24.457089533771075,15874600
2024-03-28,24.653024673461914,24.76623271303383,24.23067620234617,24.278570122664494,17073600
2024-04-01,24.417903900146484,24.783648357803227,24.25680027650453,24.687858854544725,10910800
2024-04-02,24.457090377807617,24.531111278891636,24.28292658054593,24.4048414047256,10513000
2024-04-03,24.55287742614746,24.661730404033175,24.230673541745936,24.422254184877527,14600800
2024-04-04,24.718338012695312,25.2321242759193,24.622546846715117,24.622546846715117,23352000
2024-04-05,24.82283592224121,24.853316288527708,24.579006279668185,24.77494200028213,12803800
2024-04-08,25.21035385131836,25.61964050718304,24.931688793937987,25.036188398076234,19696000
2024-04-09,25.423707962036133,25.589164997179317,25.33227183510111,25.362750544079454,9392800
2024-04-10,25.079727172851562,25.471598584694295,24.962167410263486,25.401932740473892,14139800
2024-04-11,25.14068603515625,25.28437111101866,24.96652059554118,25.036186439194264,12447600
2024-04-12,24.814130783081055,25.188583710469885,24.74010987886543,25.140689785347984,11304400
2024-04-15,24.583358764648438,24.96652175298614,24.474505775083788,24.931687999062348,14411400
2024-04-16,24.304697036743164,24.7314005856579,23.982493095770675,24.583360443302592,22923700
2024-04-17,24.356945037841797,24.531110490470777,24.191489684905605,24.3830703540256,17703800
2024-04-18,24.322111129760742,24.583357628253545,24.121822036851945,24.51369178459115,15349100
2024-04-19,24.130529403686523,24.400486007819858,24.08698887319522,24.400486007819858,18465200
2024-04-22,23.85186767578125,24.426611355127914,23.721244414286986,24.20890536564918,21288500
2024-04-23,24.03474235534668,24.147948742747104,23.520956070525255,23.83445323711865,21742700
2024-04-24,23.94765853881836,24.095698676224195,23.843158934369885,24.034741265697946,11037800
2024-04-25,23.843158721923828,24.07828158411427,23.712535463250752,23.9824920802686,11303300
2024-04-26,23.843158721923828,23.843158721923828,23.843158721923828,23.843158721923828,0
2024-04-29,23.99120330810547,24.08699449068416,23.84316314455893,24.008620188749806,8658100
2024-04-30,23.877992630004883,24.15665602655325,23.877992630004883,23.947658479141975,12221500
2024-05-02,24.130529403686523,24.191488471725023,23.84315758393553,23.98249093563019,14604400
2024-05-03,24.57465171813965,24.69656820281379,24.295988314824303,24.400487921550006,17315600
2024-05-06,24.7139835357666,24.76623416985709,24.522402860329542,24.64431768461086,10006000
2024-05-07,24.635610580444336,24.95781451491259,24.635610580444336,24.801065936645923,12606600
2024-05-08,24.7139835357666,24.83590002101283,24.39177959703314,24.618194028530525,14023400
2024-05-09,23.6341609954834,24.635609846585442,23.555786708684717,24.60948453066427,56649000
2024-05-10,24.052160263061523,24.165366655306826,23.817037378053964,23.817037378053964,23660500
2024-05-13,24.235031127929688,24.356945952770594,24.07828254686857,24.07828254686857,14278500
2024-05-14,24.391780853271484,24.444029829088016,24.23503226485689,24.26986602271124,13200800
2024-05-15,24.078285217285156,24.2002017166122,23.843162319617036,24.16536795652873,20313600
2024-05-16,24.104408264160156,24.34823791788947,24.078282946561323,24.252448408623643,9827300
2024-05-17,24.113115310668945,24.22632169179558,23.98249205214903,24.121823749365586,17116600
2024-05-20,24.313405990600586,24.4266123790504,24.052159456661045,24.078283113476026,16513000
2024-05-21,24.295991897583008,24.49628104063053,24.278575017066228,24.339534098874957,9999300
2024-05-22,23.94765853881836,24.313404662940727,23.86928425072322,24.22632193606114,15877800
2024-05-23,23.459999084472656,23.999909035699368,23.320667376997054,23.947660060637258,25677100
2024-05-24,23.581911087036133,23.634160055836325,23.33807979769395,23.52095367994178,13949800
2024-05-27,23.869281768798828,23.921530735107794,23.58190996265248,23.634158928961448,31296700
2024-05-28,23.790908813476562,24.052156981496477,23.76478515934992,23.991197912949815,35304600
2024-05-29,23.790908813476562,23.92153206700413,23.61674502909474,23.92153206700413,25627500
2024-05-31,23.61674690246582,23.947659281715875,23.61674690246582,23.843159674025642,19114900
2024-06-03,23.64286994934082,23.851867498370087,23.573204099664398,23.668995265831306,27700400
2024-06-04,23.71253776550293,23.729954644607638,23.494831759589097,23.642871910049102,18277800
2024-06-05,23.764785766601562,23.86057526912156,23.64286928735774,23.729952012256234,14021500
2024-06-06,24.078285217285156,24.139242636466125,23.686415382136722,23.773496460415195,13834300
2024-06-07,23.668994903564453,24.10440687261909,23.581912177560557,23.947658298005045,13651100
2024-06-10,23.69512367248535,23.81704017958832,23.599334148076483,23.729957434790546,12719000
2024-06-11,23.95636749267578,24.034741782456006,23.72995306230679,23.825744230030374,11037400
2024-06-12,23.502914428710938,24.175942872598764,23.43206755137272,24.175942872598764,19141600
2024-06-13,23.662309646606445,23.73315481932662,23.476341701621795,23.573754447517842,13566600
2024-06-14,23.60363006591797,23.79103046520337,23.478694764301732,23.692867378667607,11155000
2024-06-17,23.60363006591797,23.630400578905807,23.398379821152947,23.60363006591797,10363900
2024-06-18,23.27344512939453,23.603628958187453,23.255596986845173,23.541160459264695,22540300
2024-06-19,23.442996978759766,23.505463769992474,23.228824393636593,23.282367114394287,12079600
2024-06-20,23.550085067749023,23.76425767694924,23.442999614195212,23.541160996270772,16467900
2024-06-21,23.746410369873047,23.75533444102577,23.45192283020338,23.559008279850968,34467200
2024-06-24,23.924884796142578,24.130135012251547,23.648245420637966,23.746408493468675,13258500
2024-06-25,23.99627685546875,24.04982128082689,23.782104260313627,23.924885990417042,10743600
2024-06-26,23.835647583007812,24.00520153005431,23.621474982466594,24.00520153005431,15089500
2024-06-27,23.826725006103516,23.93381045439358,23.56793205223292,23.90703994336732,17283200
2024-06-28,23.835647583007812,23.862419796360165,23.612550911349143,23.82672521398289,15567200
2024-07-01,23.523313522338867,23.915962437582422,23.487617237993533,23.862419713156942,20469000
2024-07-02,23.60363006591797,23.701791450361096,23.541161564063533,23.576857850837495,16107800
2024-07-03,23.835647583007812,23.98735338781941,23.630399053584043,23.692865849313666,14438300
2024-07-04,23.96058464050293,24.06767009761075,23.746412024194637,24.005203297282414,10529500
2024-07-05,23.853500366210938,23.97843568407029,23.675024015414927,23.960587538362834,11971800
2024-07-08,23.460847854614258,23.817802204764163,23.37160884155363,23.817802204764163,19760700
2024-07-09,23.380529403686523,23.451920263000844,23.193127334178715,23.451920263000844,18032800
2024-07-10,23.746410369873047,23.75533444102577,23.416226545592497,23.487617412721733,20180600
2024-07-11,23.63039779663086,23.951657531400436,23.48761607053159,23.76425545208737,18918900
2024-07-12,23.94273567199707,23.94273567199707,23.55900910938142,23.710714920134293,15241100
2024-07-15,24.049819946289062,24.08551452578796,23.817799222222853,23.96058094440323,11535200
2024-07-16,24.130136489868164,24.21937379562339,24.014125269038363,24.085516134898047,11135300
2024-07-17,24.37108039855957,24.44247126676337,24.067668783170287,24.228298662151975,9615100
2024-07-18,24.263994216918945,24.656643129174256,24.21937386182686,24.397851878010187,10820600
2024-07-19,24.192607879638672,24.478171397314522,24.085520709463818,24.263998759057635,14144500
2024-07-22,24.219371795654297,24.371077585840244,24.112286356753845,24.24614400642559,11566500
2024-07-23,24.07659339904785,24.290766008503635,24.031974743695955,24.22829921017394,10978000
2024-07-24,23.97843360900879,24.16583401644115,23.924889176520075,24.139061800196792,9728400
2024-07-25,23.99627685546875,24.13905858557216,23.84457105447231,23.951658203096112,11896200
2024-07-26,24.201528549194336,24.237223132838157,23.844572500200595,23.99627831039516,10544500
2024-07-29,24.237224578857422,24.281843236597346,24.040900101872005,24.281843236597346,18350200
2024-07-30,24.049819946289062,24.263992529559626,23.96950501480105,24.23722031836616,10185700
2024-07-31,23.692867279052734,24.13906064929548,23.657172694521485,24.09444199310826,17872300
2024-08-01,23.532238006591797,23.844571989634662,23.39837864003908,23.78210519302609,22830700
2024-08-02,23.344839096069336,23.728565701349968,23.255600073570363,23.648250751310172,20402500
2024-08-05,23.380529403686523,23.496538911787663,22.845097107782948,23.20205140435455,20254500
2024-08-06,23.7821044921875,23.924886223683025,23.505465100176483,23.55900782396418,14827100
2024-08-07,23.469768524169922,24.049821216005675,23.3716071487962,23.960582209408447,18931200
2024-08-08,23.37160873413086,23.532238616483166,22.657698335019788,23.344836519707943,33846000
2024-08-09,23.692867279052734,23.76425815020787,23.42515193774414,23.46977059393136,13007300
2024-08-12,24.201528549194336,24.201528549194336,23.69286669000603,23.755335190044747,15568300
2024-08-13,24.51386070251465,24.56740512710808,24.21044910485504,24.272917600214043,12964400
2024-08-14,24.924362182617188,25.120686654728217,24.451396592690557,24.51386339281258,19387500
2024-08-15,25.12068748474121,25.379480467617693,24.924363006143423,24.977905736289603,11631000
2024-08-16,25.3170108795166,25.504411265452806,25.209923728915545,25.254542382112017,18682500
2024-08-19,25.995222091674805,26.030918374303063,25.263465318719916,25.34378025254106,19984500
2024-08-20,26.111234664916992,26.146929247307575,25.923832575565726,26.030919726922527,16156400
2024-08-21,25.995222091674805,26.18262417128828,25.941679369824858,26.155851959317086,21926500
2024-08-22,25.4097900390625,25.954091488256445,25.282787002022335,25.954091488256445,16022900
2024-08-23,25.60029411315918,25.84523002023295,25.527720703317314,25.53679259583337,12058300
2024-08-26,25.700082778930664,25.80894375705085,25.491434445344062,25.600293693177704,9358000
2024-08-27,25.4097900390625,25.74544141703625,25.4097900390625,25.74544141703625,8294500
2024-08-28,25.564006805419922,25.582150589410162,25.300927128420863,25.40071621008071,9415600
2024-08-29,25.672866821289062,25.908730829399946,25.418860758928517,25.49143416678675,13712600
2024-08-30,25.509580612182617,25.645655549824724,25.38257583746817,25.582154027610855,31814700
2024-09-02,25.781726837158203,25.89058781003082,25.53679094590966,25.74543926943851,11920800
2024-09-03,26.017593383789062,26.09923868886558,25.745441790105126,25.79987314701389,14433300
2024-09-04,26.298810958862305,26.480245325806077,26.05387508257412,26.08109075670159,15514700
2024-09-05,26.534677505493164,26.552821289996455,26.217168197831665,26.362315013284945,8433600
2024-09-06,26.0992374420166,26.57096546430341,26.09016554963187,26.525606002379746,9653100
2024-09-09,26.42581558227539,26.42581558227539,26.044804772785437,26.180881421399786,14429900
2024-09-10,26.035734176635742,26.434887033031227,25.881515477028167,26.380457412665738,17718400
2024-09-11,26.0448055267334,26.2897414249859,26.00851968826257,26.217168017757732,10000400
2024-09-12,25.776905059814453,25.9777888951338,25.585154207852845,25.932132686376544,9920100
2024-09-13,25.950393676757812,26.14214451768655,25.795166059127137,25.84082052365126,9241700
2024-09-16,26.087356567382812,26.206060951502113,25.922997722667493,26.023439625905972,8948800
2024-09-17,25.92300033569336,26.123884162419316,25.79516643985409,26.087359196975974,7979400
2024-09-18,25.795164108276367,26.0599648589871,25.69472220399215,25.813426589347326,8611400
2024-09-19,25.484708786010742,25.968654082656773,25.484708786010742,25.895605900295678,14963300
2024-09-20,25.110340118408203,25.52123728971558,25.073815151355863,25.475581080900156,24479500
2024-09-23,25.019025802612305,25.155990925920296,24.900323160173652,25.110336465352976,12354400
2024-09-24,25.00076675415039,25.493843355681914,24.991637254068344,25.29296126335774,15235800
2024-09-25,24.927717208862305,25.16512425505033,24.845537779735444,25.110338549501147,13854100
2024-09-26,25.092079162597656,25.256438041127495,24.909459541036142,25.064687177246945,13119200
2024-09-27,24.882062911987305,25.21991187196138,24.836408447323382,25.092076236011252,14855700
2024-09-30,24.818143844604492,25.092074092398583,24.818143844604492,24.936846487553655,14796200
2024-10-01,24.726835250854492,24.882062868690387,24.544213909304197,24.74509773333076,19254100
2024-10-02,24.79075050354004,25.12859943983524,24.79075050354004,24.9277156295385,12662400
2024-10-03,24.56247329711914,24.763357095836064,24.425508179015946,24.754225855748388,19101500
2024-10-04,24.525951385498047,24.690310232623858,24.443771961935138,24.65378527032654,11911600
2024-10-07,24.6446533203125,24.76335770275561,24.498556958540984,24.699439020575312,9578500
2024-10-08,24.635522842407227,24.635522842407227,24.516820197896585,24.56247465926082,11728700
2024-10-09,24.133317947387695,24.57160706708632,24.06026976077126,24.471165157386412,19545500
2024-10-10,23.923301696777344,24.325065803128684,23.91417045686855,24.325065803128684,20486300
2024-10-11,24.04200553894043,24.16070818050004,23.89590917627967,23.9963510787112,12175400
2024-10-14,24.215496063232422,24.270281764825366,23.996351515254588,24.115054158973642,11953100
2024-10-15,24.169841766357422,24.41638005537429,24.12418730169779,24.35246310820833,14418700
2024-10-16,24.43463897705078,24.608129052366028,24.069398088181266,24.19723196388411,26028400
2024-10-17,24.398113250732422,24.498555145117717,24.197231203567714,24.36159003379606,12424800
2024-10-18,24.370723724365234,24.626391493449624,24.31593628104196,24.44377190719021,15980000
2024-10-21,24.306806564331055,24.61726003235133,24.233758382160513,24.370723506029524,25128900
2024-10-22,24.014612197875977,24.288544188404455,23.987220217947364,24.242887985846686,27391300
2024-10-23,24.04200553894043,24.14244744137196,23.88677793591262,24.01461181783928,12126400
2024-10-24,24.069400787353516,24.160709713605936,23.96895887854849,24.115055250479724,8727600
2024-10-25,24.07853126525879,24.197233910588967,23.968958118979636,24.069400024601684,7807800
2024-10-28,24.032875061035156,24.242888371322085,23.91417241570961,24.19723390964443,18192100
2024-10-29,23.895910263061523,24.151579780148673,23.87764778149685,24.078531595496074,13433400
2024-10-30,24.07853126525879,24.096792004966918,23.82286175167815,23.905041175985996,14377600
2024-10-31,24.04200553894043,24.16070818050004,23.95069487687595,24.04200553894043,11163300
2024-11-01,23.82286262512207,24.105924129446134,23.74981443879308,24.060269666092818,15216400
2024-11-04,23.959829330444336,24.12418819588101,23.877649897726,23.9872230552192,12169700
2024-11-05,23.96895980834961,24.005484773552354,23.795469706848962,23.98722229095098,14050600
2024-11-06,24.014612197875977,24.078530881456857,23.685896247490273,23.83199261246304,12445400
2024-11-07,23.91417121887207,24.325066578225012,23.859383777673553,24.014611377857374,11667700
2024-11-08,23.731552124023438,23.85938601559836,23.649372696123518,23.831994034035823,15878800
2024-11-11,23.74981689453125,23.831996330349508,23.695031184521184,23.831996330349508,10515100
2024-11-12,23.695026397705078,23.822860275772623,23.55805953794017,23.74981209664746,15391500
2024-11-13,23.695026397705078,23.804597795589842,23.631107717065337,23.731549616464676,27198100
2024-11-14,23.165430068969727,23.548933501153428,22.635830257059496,23.53980225971974,80824400
2024-11-18,23.47588348388672,23.567194156283644,23.13803626010618,23.17455948410122,23386200
2024-11-19,23.603715896606445,23.695026556526425,23.411963336613894,23.53066771699166,29342400
2024-11-21,23.064987182617188,23.603718213253615,23.037593459470774,23.55806200800959,31594700
2024-11-22,23.375442504882812,23.375442504882812,23.028462310071905,23.24760687129693,13737200
2024-11-25,23.512409210205078,23.59458864386051,23.375444067981448,23.54893417698806,36581800
2024-11-26,23.88770866394043,23.990071832040314,23.45964595863883,23.5992327423822,22044000
2024-11-27,23.468955993652344,23.990076054872663,23.366594582454066,23.924934716030126,20884000
2024-11-28,22.780332565307617,23.459647624769694,22.715193008224926,23.441037590545932,26984000
2024-11-29,23.05019760131836,23.115337155937322,22.631440786025394,22.817555320582212,22743200
2024-12-02,22.86408233642578,23.189781874036683,22.761719168197292,23.078112801885634,21487000
2024-12-03,23.14325523376465,23.171171171944824,22.93852888753791,22.99436253881803,22179600
2024-12-04,23.42242431640625,23.57131523040256,23.07811296846496,23.16186432945285,19375200
2024-12-05,23.71090316772461,23.822572254468206,23.515484484573214,23.62715179639689,18238400
2024-12-06,23.012975692749023,23.589929372768054,22.798945204564493,23.496872098581775,33652400
2024-12-09,22.957141876220703,23.161866458050092,22.724499579856456,23.11533870874519,17774100
2024-12-10,23.10603141784668,23.189782781507432,22.817555484637282,23.05950367133282,15266700
2024-12-11,23.59923553466797,23.869099680335065,22.957142288202284,23.171172778717548,29090900
2024-12-12,23.286705017089844,23.51160657799144,23.04306121260677,23.474122090828477,19824400
2024-12-13,22.968095779418945,23.41789893556784,22.95872465691265,23.28670679519746,17217300
2024-12-16,22.64011001586914,23.052430403328607,22.611996652851936,22.9774632226413,16061900
2024-12-17,22.883756637573242,22.949352705388854,22.49954956548855,22.724451135438702,27695800
2024-12-18,22.24653434753418,22.86501410391074,22.237163225484988,22.86501410391074,29428400
2024-12-19,22.38709831237793,22.537032695194714,22.255906174252946,22.312131120969536,16306300
2024-12-20,22.565147399902344,22.621372349951965,22.368359181049197,22.41521300819739,49200400
2024-12-23,22.415210723876953,22.611998922675536,22.37772623609127,22.555773978355763,12708100
2024-12-26,22.677595138549805,22.865012201866914,22.42458022634515,22.44332246888445,15208900
2024-12-27,22.5932559967041,22.836899778604582,22.5932559967041,22.808786415838103,10465000
2024-12-30,22.64948272705078,22.79941709895199,22.574515541100176,22.583886662763838,27146200
2025-01-02,22.415210723876953,22.752563964513097,22.34024353566434,22.64948341046122,14492900
2025-01-03,22.24653434753418,22.546403103673267,22.190309402597794,22.41521096970211,13778900
2025-01-06,22.452693939208984,22.53703225130214,22.312130681506652,22.47143618353164,12112300
2025-01-07,22.724451065063477,22.84627207814966,22.508920617948572,22.621370508896003,15724400
2025-01-08,22.64011001586914,22.74319055957365,22.443321836824428,22.70570607555071,16417000
2025-01-09,22.743192672729492,22.743192672729492,22.480806622265355,22.640112119447377,8286700
2025-01-10,22.686965942382812,22.902498170832143,22.611998754727008,22.724450429890084,17167200
2025-01-13,22.686965942382812,22.893127048955325,22.64011212035746,22.686965942382812,9941700
2025-01-14,23.099285125732422,23.11802736847797,22.649482023991073,22.72444920761463,18049200
2025-01-15,23.68028450012207,23.77399393583347,23.192996864309848,23.34293124650456,19626500
2025-01-16,23.783363342285156,23.858330533607894,23.530350188670173,23.68965569365085,13590200
2025-01-17,23.755252838134766,23.886444982049454,23.605318448701148,23.83959115561104,13271300
2025-01-20,23.830217361450195,23.989522855784905,23.67091186711549,23.755250175137316,10499700
2025-01-21,24.045747756958008,24.130086064833502,23.84895956348766,23.84895956348766,10675500
2025-01-22,24.48617935180664,24.626744387538842,23.961409057111428,23.97078017865082,19236600
2025-01-23,25.0390625,25.367044597748944,24.589259399443037,24.589259399443037,30067700
2025-01-24,24.945356369018555,25.160886810976333,24.842275815317556,25.029692891531763,9081200
2025-01-27,25.966781616210938,25.966781616210938,24.87975658164618,24.89849882401834,21719600
2025-01-28,25.798110961914062,25.957416473079288,25.601320959952833,25.948045350380283,13016900
2025-01-29,25.71377182006836,26.004269464982464,25.62943350584187,25.863706203724597,11592900
2025-01-30,25.901187896728516,26.182316195649022,25.563836440326185,25.64817475126646,22311000
2025-01-31,25.93867301940918,26.23854178237318,25.91993077488423,25.994897965625228,19675000
2025-02-03,25.873075485229492,25.97615424955973,25.638802804015487,25.863704363497888,13290300
2025-02-04,26.02301025390625,26.313507882568288,25.741881959759567,25.84496251301589,16154100
2025-02-05,26.079235076904297,26.35099224791718,25.854333515044704,26.06986395507364,13663000
2025-02-06,26.37910270690918,26.416587192641522,25.844961296733914,26.079233970485078,13960200
2025-02-07,26.03238296508789,26.500928363245535,25.929302405538376,26.37910555880359,15270100
2025-02-10,26.069862365722656,26.332248398908497,26.051120123203965,26.126087305920116,10942700
2025-02-11,26.29476547241211,26.444699846731307,26.107348398192475,26.107348398192475,18486400
2025-02-12,25.863704681396484,26.219798374780794,25.76999525028733,25.910558503271695,18063900
2025-02-13,25.723142623901367,25.85433476113613,25.563837119819663,25.85433476113613,19004600
2025-02-14,26.94135856628418,27.15688900584836,25.826220093862755,25.826220093862755,35295700
2025-02-17,27.325565338134766,27.64417632692531,26.9038737978653,26.931987163002837,21145100
2025-02-18,27.597320556640625,27.76599537347692,27.175629046153432,27.19437128825477,27342000
2025-02-19,27.0444393157959,27.447388619786175,26.857020452939434,27.438017497907477,22819400
2025-02-20,26.238542556762695,26.5290402060378,26.04175434551923,26.332251994794333,88971000
2025-02-21,26.219799041748047,26.285395108985437,25.901188040287476,26.23854128591838,20157500
2025-02-24,26.06049346923828,26.444700536878006,25.891816846887423,26.238541213648496,28014300
2025-02-25,26.454071044921875,26.547780475981607,26.069863986199838,26.069863986199838,16895800
2025-02-26,26.304136276245117,26.70708557261637,26.172944147141436,26.688343329213357,22481400
2025-02-27,26.20105743408203,26.491556863703003,26.11672090798429,26.266655290271775,31089200
2025-02-28,25.591949462890625,26.257284865915892,25.48887068942726,26.19168879534133,28266200
2025-03-05,26.02301025390625,26.182315751048414,25.53572264060566,25.5919475844915,18081300
2025-03-06,25.985525131225586,26.191686232698878,25.751252452175894,26.163572867763783,17819500
2025-03-07,26.29476547241211,26.472813212175684,25.76999516229491,25.891816171169737,16830600
2025-03-10,26.210426330566406,26.238539695117442,25.901186469939727,26.201055209049397,14457100
2025-03-11,25.976152420043945,26.30413450811532,25.77936423961627,26.238538447972765,20095600
2025-03-12,25.947778701782227,26.09166803665152,25.851854918041223,25.995742423281623,15085100
2025-03-13,26.36985206604004,26.494555920647837,25.650412662104184,25.947780436768213,18344200
2025-03-14,26.74396324157715,26.945407250724273,26.40822627571401,26.40822627571401,22864700
2025-03-17,27.300329208374023,27.396254838131895,26.705593597207788,26.73437183502391,19847000
2025-03-18,27.33869743347168,27.482584948774676,27.204402663139422,27.300326453588738,16806400
2025-03-19,27.23318099975586,27.568919779025578,27.23318099975586,27.348292117939163,18962900
2025-03-20,27.098886489868164,27.31951415315255,26.964591708674046,27.204404863451643,14013900
2025-03-21,27.2139949798584,27.31951151361799,26.926218124151973,27.194809490218837,66960300
2025-03-24,27.204402923583984,27.28114305445553,26.94540429578163,27.28114305445553,13497500
2025-03-25,27.309921264648438,27.578512655261832,27.19481197554924,27.2044047212457,15292700
2025-03-26,27.636064529418945,27.693620997827924,27.21399473886029,27.338696761155127,11927300
2025-03-27,27.52095603942871,27.674436300320192,27.31951205349049,27.645658065292153,14399300
2025-03-28,27.472991943359375,27.799137950756435,27.367475408939622,27.520955667758358,12444500
2025-03-31,27.041330337524414,27.34829086578671,26.811109941327693,27.33869812057488,17667600
2025-04-01,27.175628662109375,27.415441834852885,26.86866809373837,27.022148377923873,14219000
2025-04-02,27.194808959960938,27.386658363728785,26.974181322294886,27.24277085349566,9089100
2025-04-03,27.348289489746094,27.52095523561315,27.07010538148717,27.10847636040384,14824700
2025-04-04,26.839887619018555,27.175626398823777,26.648038194579254,27.05092436441969,15612700
2025-04-07,26.552112579345703,27.11807176650711,26.245152036403073,26.74396200387027,22342100
2025-04-08,26.504146575927734,27.06051296966112,26.283518933329614,26.887849051298897,21884600
2025-04-09,26.619260787963867,26.954999578242408,25.98615419126912,26.37944762771194,28796100
2025-04-10,26.437000274658203,26.59048053924262,26.034114122716844,26.58088779400246,18618400
2025-04-11,26.667219161987305,26.763144779329785,26.302704011640643,26.600071778736257,14793700
2025-04-14,26.926219940185547,27.060514717461963,26.734370519737677,26.830294315147054,13391400
2025-04-15,26.638444900512695,26.97418367340613,26.571297511859832,26.88785079381556,25468600
2025-04-16,26.523334503173828,26.753554911776877,26.26433585738446,26.64803836801871,21762700
2025-04-17,26.312297821044922,26.648036580514532,26.187593964564957,26.552110959290495,17336900
2025-04-22,26.648038864135742,26.782333647580447,26.23555993826506,26.283521838172682,14220700
2025-04-23,26.897443771362305,27.07010770240412,26.724778010691356,26.84948004360419,13812200
2025-04-24,26.57129669189453,26.916626369971155,25.938190147520153,26.897442709254552,37053800
2025-04-25,26.86866569519043,26.974184067259397,26.39863213812825,26.57129789983051,17884400
2025-04-28,27.194808959960938,27.252363598128397,26.715182706097885,26.868662960963746,14161300
2025-04-29,27.33869743347168,27.549732333940803,27.07969880814888,27.213995408110158,15861200
2025-04-30,27.751176834106445,27.751176834106445,27.20440316803,27.25236506414479,15925000
2025-05-02,27.72239875793457,27.866286276734677,27.5593257487267,27.72239875793457,12319300
2025-05-05,27.93343734741211,28.2499906416371,27.82791897279405,27.971806501145554,19470000
2025-05-06,27.72239875793457,28.01017562516385,27.62647313552481,27.933435493161856,20080000
2025-05-07,28.115692138671875,28.154063119454,27.664844092256285,27.779953375344533,31415700
2025-05-08,28.211618423461914,28.81594857756779,28.211618423461914,28.297951302619897,29500900
2025-05-09,28.32672882080078,28.77757686637418,28.259579604557494,28.27876509491272,19842500
2025-05-12,27.885473251342773,28.470617932520387,27.693623825941163,28.31713766034743,20623700
2025-05-13,28.45142936706543,28.49939126082651,27.885470238465608,27.923841217177646,20288300
2025-05-14,28.547359466552734,28.70083974624152,28.326731793203763,28.413064679232363,19723000
2025-05-15,28.2020263671875,28.691245417827616,27.981398706005432,28.54735789225797,40596400
2025-05-16,24.624013900756836,24.940567180244,24.000500087176558,24.508902785657366,152180700
2025-05-19,24.019685745239258,24.652792308622576,23.9909075088567,24.604828581318316,60409800
2025-05-20,24.460941314697266,24.624014329980415,24.06764789483129,24.06764789483129,28138800
2025-05-21,24.23072052001953,24.61442118814698,24.144387640987215,24.53768105452149,34009800
2025-05-22,24.02927589416504,24.384200146372528,24.02927589416504,24.17316524185641,61464900
2025-05-23,23.424949645996094,24.06764899083496,23.424949645996094,24.048463498838764,35980700
2025-05-26,23.664762496948242,23.73190988842579,23.501689476375976,23.51128222224837,11584100
2025-05-27,23.56883430480957,24.1827553368469,23.549648815151155,23.904573055315858,30416900
2025-05-28,23.098804473876953,23.645578209035996,23.08921172751618,23.59761630686142,31863700
2025-05-29,22.734285354614258,23.089207760841536,22.676728886337695,23.050838611619465,43563400
2025-05-30,22.4656982421875,22.85899170167928,22.398550846122465,22.782251559086475,53293100
2025-06-02,22.331401824951172,22.638362372984172,22.2162907046242,22.56162223597592,36268800
2025-06-03,22.453245162963867,22.550953305968953,22.25783074058151,22.443474162300575,20832400
2025-06-04,21.83768653869629,22.599805937001676,21.83768653869629,22.531410797525837,38469100
2025-06-05,21.730207443237305,22.013560865808905,21.730207443237305,21.886539723405157,40306500
2025-06-06,21.212356567382812,21.837687580187833,21.202587430101303,21.837687580187833,56659900
2025-06-09,21.23189926147461,21.49571070374583,20.97785882043135,21.21235725901868,47713300
2025-06-10,21.04625701904297,21.407774766779216,20.81175670356839,21.378461761437883,43092300
2025-06-11,20.909461975097656,21.329605675594173,20.909461975097656,21.007170115803692,32228100
2025-06-12,20.929004669189453,21.0071708116178,20.557715958561758,20.899691666918383,28710900
2025-06-13,21.095108032226562,21.153732173356026,20.753130458986973,20.88992074283167,33033700
2025-06-16,21.47616958618164,21.661814889906307,21.202588995037928,21.280755144454417,35118400
2025-06-17,21.397998809814453,21.56410207436101,21.212353546232396,21.515248940399857,33345300
2025-06-18,21.310062408447266,21.48593667854183,21.212354273547213,21.427312543052864,29776400
2025-06-20,20.860610961914062,21.310065845875062,20.860610961914062,21.300294844446174,32952400
2025-06-23,20.6065673828125,20.88014979034446,20.53817224683643,20.860607790457674,31206000
2025-06-24,20.94854736328125,21.173274797238964,20.58702777783058,20.74336006785576,19703100
2025-06-25,20.772672653198242,20.88015179928879,20.616340366318102,20.870380798405296,20659800
2025-06-26,21.10487937927246,21.10487937927246,20.7433597985159,20.801985804235045,34081400
2025-06-27,21.23189926147461,21.270983266386462,20.919234676691502,21.075566969083056,28128900
2025-06-30,21.583646774291992,21.739979058883627,21.056023916074356,21.24166920288736,28763500
2025-07-01,21.407772064208984,21.994019051630094,21.398001063662054,21.70089462610564,32448000
2025-07-02,21.48594093322754,21.564107083900655,21.085339178074317,21.407774782554423,22781500
2025-07-03,21.788833618164062,21.994020919822763,21.43708688673594,21.52502403549996,27335900
2025-07-04,21.91585350036621,22.023332645645556,21.661813070196395,21.75952121466599,15002500
2025-07-07,21.55433464050293,21.964707369996997,21.485939496191904,21.92562522908837,18607600
2025-07-08,21.495708465576172,21.74974888016831,21.495708465576172,21.554332603211975,19468700
2025-07-09,20.95831871032715,21.54456387578497,20.899692702879022,21.505481734447486,30185400
2025-07-10,20.723817825317383,21.036484265368987,20.67496468411163,20.714048687978533,27565700
2025-07-11,20.655420303344727,20.714046302393275,20.342755762929798,20.694504302710424,26044900
2025-07-14,20.205968856811523,20.645652741119456,20.147344711629394,20.63588360327908,28395000
2025-07-15,20.420923233032227,20.577255513459768,20.235277951164104,20.27436195308488,30999200
2025-07-16,20.401382446289062,20.50886159434019,19.70765814355734,20.50886159434019,55147900
2025-07-17,20.264589309692383,20.420921577445586,20.108257041939176,20.362297442945042,28673400
2025-07-18,19.79559326171875,20.342756219731555,19.736969124981446,20.127799809276308,42591900
2025-07-21,19.404766082763672,19.942158137791886,19.404766082763672,19.893304992290425,42352600
2025-07-22,19.434078216552734,19.717431693082425,19.414538075531624,19.53178637617084,24707100
2025-07-23,19.746740341186523,19.951927636819438,19.414535622268108,19.49270176735972,35932600
2025-07-24,19.609949111938477,19.76628139461801,19.443845828637997,19.727199255762034,44775000
2025-07-25,19.77605438232422,20.00078182830304,19.668575228322176,19.727201237938562,38899700
2025-07-28,19.482929229736328,19.893301925009958,19.482929229736328,19.795593785444282,24985300
2025-07-29,19.492698669433594,19.600175937086025,19.424301672674186,19.570864802102456,37210200
2025-07-30,19.443845748901367,19.63926203326331,19.170265187148008,19.453616749482244,79807500
2025-07-31,19.24843406677246,19.37545336514016,19.150725910689886,19.37545336514016,37149600
2025-08-01,17.92937660217285,19.541554473512022,17.70464917299815,19.44384632841889,91196200
2025-08-04,18.290895462036133,18.584019915676734,18.036855014332133,18.115023026205343,54775000
2025-08-05,18.193187713623047,18.476539279399724,18.154103710824703,18.349519997560762,38162300
2025-08-06,18.2713565826416,18.52539518423547,18.2713565826416,18.388604881280603,34102000
2025-08-07,18.47654151916504,18.6035626800296,18.23227206294802,18.38860436583667,30090000
2025-08-08,18.496084213256836,18.789206826206165,18.37883404990023,18.515626217754292,38600300
2025-08-11,18.662185668945312,18.711038811704135,18.329979080027083,18.496082374486196,21789700
2025-08-12,18.798974990844727,19.082328422402682,18.769661988523193,18.818516992392414,26665200
2025-08-13,18.838058471679688,19.140952032760165,18.798974469667865,18.838058471679688,33738000
2025-08-14,19.394990921020508,19.50246819079716,18.63286971471556,18.720806848659503,70251100
2025-08-15,20.17665672302246,20.323218024115842,18.58402068751908,18.593791689409045,131820200
2025-08-18,20.587026596069336,20.694505738152465,19.688115048210992,20.09848775187736,59254100
2025-08-19,19.34613800048828,20.45023686143864,19.238660719166663,20.323215714929667,58349400
2025-08-20,19.404766082763672,19.57086938654789,19.082330477021134,19.31682892995861,38402300
2025-08-21,19.23866081237793,19.346138094220276,19.013931520610438,19.21911881072374,34799500
2025-08-22,20.030092239379883,20.225508518873717,19.170264709588082,19.238659848322595,38192400
2025-08-25,19.590408325195312,20.09848920721595,19.590408325195312,20.020323061030307,24054000
2025-08-26,19.912841796875,19.951925797631958,19.47315797012563,19.600177245330276,35682300
2025-08-27,20.15711212158203,20.225509125997426,19.473158850078413,19.52201198960445,43263600
2025-08-28,20.56748390197754,20.821524316032413,20.352527488682366,20.381840489252145,29893700
2025-08-29,20.899690628051758,20.90946162832309,20.587026073880068,20.635881075236735,31255300
2025-09-01,20.6065673828125,21.03648206218339,20.47954624717607,20.90946092654696,17070500
2025-09-02,19.951927185058594,20.1961966158925,19.619720610034253,19.67834475161859,46246800
2025-09-03,19.815135955810547,20.078945512181463,19.61971967500535,19.942155233794487,27313600
2025-09-04,19.951927185058594,20.078946469095968,19.580638470187314,19.83467703826206,30302400
2025-09-05,20.665193557739258,20.94854699317117,20.2939048413962,20.332986981398058,40453000
2025-09-08,20.469778060913086,20.792213619499357,20.186424640286603,20.655421477570673,41757900
2025-09-09,20.909461975097656,20.94854597683118,20.450236136495388,20.61633941660732,36226500
2025-09-10,21.5445613861084,21.759519661321885,20.81175315034107,20.81175315034107,69024000
2025-09-11,21.710668563842773,22.033104171001845,21.53479612108805,21.583649266804134,41313800
2025-09-12,21.798603057861328,21.86699819897166,21.38823034757151,21.534793494096878,39368300
2025-09-15,21.368690490722656,21.88654048800929,21.319835486696093,21.80837434519464,36708800
2025-09-16,21.43708610534668,21.63250053487761,21.31983595672581,21.44685710636741,23706000
2025-09-17,21.368690490722656,21.69112606278658,21.173274201872097,21.456625770714773,39196600
2025-09-18,21.59341812133789,22.072185983531508,21.52502297868564,21.544563116852096,35973700
2025-09-19,21.124418258666992,21.691123184789284,21.124418258666992,21.593415053328005,49988600
2025-09-22,21.016942977905273,21.358920568854685,20.8606106843789,21.104880125967348,29380400
2025-09-23,21.62272834777832,21.642270348747836,21.02671222723037,21.143960505791895,84333800
2025-09-24,21.60318946838379,22.2089766246913,21.57387646522263,21.642271608970777,29027100
2025-09-25,21.290525436401367,21.661814167846412,21.231899428572195,21.661814167846412,28793600
2025-09-26,21.60318946838379,21.671584612131937,21.30029402660214,21.31006502765586,15230100
2025-09-29,21.612958908081055,21.94516360176905,21.49570876753465,21.82791532485041,17908100
2025-09-30,21.583646774291992,21.808374200438987,21.446856491181272,21.622728913625984,26500000
2025-10-01,21.42731285095215,21.68135325989165,20.821523896769076,21.59341612358076,33351400
2025-10-02,21.261211395263672,21.78883239459076,21.124421110924768,21.388230678774388,29996100
2025-10-03,21.085336685180664,21.476167392338805,21.007170543749037,21.339377110740408,16402600
2025-10-06,20.919235229492188,21.163504675762418,20.841069081230835,21.143962672790085,16949600
2025-10-07,20.723817825317383,20.86060997522367,20.58702753903897,20.821525971356767,18484400
2025-10-08,20.635881423950195,20.87037984354161,20.587026421767955,20.70427656337755,15223100
2025-10-09,20.70427703857422,20.8508383212292,20.52840275393711,20.74335917758923,12039500
2025-10-10,20.137571334838867,20.792213446976422,20.137571334838867,20.762900446028976,31221700
2025-10-13,20.401382446289062,20.48931959221673,20.254821157618913,20.2841341608041,14359200
2025-10-14,20.225509643554688,20.674964502304505,20.196196640912277,20.323215925107004,19911800
2025-10-15,19.854219436645508,20.22551002256226,19.76628229069827,20.22551002256226,59520500
2025-10-16,19.903074264526367,20.13757269708578,19.561096684850103,19.824908120339895,25380500
2025-10-17,20.420923233032227,20.420923233032227,19.697885970147908,19.90307325297642,69050600
2025-10-20,20.29390525817871,20.430695546436326,20.039864820251786,20.235279251530102,18843700
2025-10-21,20.069177627563477,20.28413405895855,19.903074337603865,20.28413405895855,25719800
2025-10-22,20.21573829650879,20.23527843430794,20.01055100878116,20.11803015300172,13590700
2025-10-23,20.17665672302246,20.372073033565673,20.078948567750853,20.2645938764041,11428700
2025-10-24,20.04963493347168,20.469778644374667,20.00077993009469,20.254820356771564,23127500
2025-10-27,20.3720703125,20.4013814506268,20.098487887007092,20.245049168524513,21147500
2025-10-28,20.47954750061035,20.596797643479587,20.323215219203234,20.36229922136891,17489600
2025-10-29,20.733591079711914,20.95832039911554,20.5577186340798,20.5577186340798,17099800
2025-10-30,21.134191513061523,21.339378815478725,20.508862331652846,20.538175335891864,27700600
2025-10-31,21.397998809814453,21.671581205428662,21.2514375443034,21.261208543821148,31430300
2025-11-03,21.573877334594727,21.63250147965156,21.212357735550334,21.485940185195496,23059400
2025-11-04,21.759523391723633,21.867000684128318,21.45662792720016,21.466398928987502,18372500
2025-11-05,22.09172821044922,22.1796653557919,21.700895625091565,21.759521631071944,21186000
2025-11-06,22.335996627807617,22.375078766387734,22.00379006355152,22.091727204891534,23305100
2025-11-07,22.365306854248047,22.394619854709216,22.052642303839804,22.29691171679971,16303700
2025-11-10,22.257831573486328,22.46301700421017,22.081957282221385,22.384850859606626,18881800
2025-11-11,22.9320125579834,23.04926269998502,22.326225437920392,22.326225437920392,31294700
2025-11-12,22.277372360229492,22.980869545762346,22.033102918281237,22.932014539195926,49688100
2025-11-13,21.984249114990234,22.179665408130194,20.80198594601437,20.81175508340627,66538100
2025-11-14,21.92562484741211,22.550954000087803,21.603189270110217,21.837687702363603,36144600
2025-11-17,21.984249114990234,22.101499263599788,21.769292683438593,21.925624972499403,18797000
2025-11-18,21.378459930419922,21.876769796775204,21.378459930419922,21.78883265191087,25637700
2025-11-19,21.085336685180664,21.417543252172038,21.056023683283374,21.3686901126377,21302000
2025-11-21,21.495708465576172,21.495708465576172,20.93877449896668,21.08533577487006,32134300
2025-11-24,21.339378356933594,21.691126945731508,21.339378356933594,21.44685750653916,23116900
2025-11-25,21.46639633178711,21.612959477236647,21.34914805178085,21.39800119117882,19668500
2025-11-26,21.710668563842773,21.857231728247122,21.45662810613744,21.466399108006268,15757200
2025-11-27,21.652040481567383,21.81814375589642,21.534792207704367,21.76929061905811,8595700
2025-11-28,21.95493507385254,22.169893358868364,21.661812511629982,21.681354512745564,19115200
2025-12-01,21.7497501373291,22.013561567380435,21.612959853729674,21.994019565829706,15511100
2025-12-02,22.114328384399414,22.153539084868786,21.771242233968813,21.84966363490756,21443700
2025-12-03,21.9825439453125,22.296862513056993,21.854853490818858,22.18881544684872,20882500
2025-12-04,22.36562156677246,22.493312035602138,22.01201430928183,22.01201430928183,26591100
2025-12-05,20.784212112426758,22.493310627515683,20.784212112426758,22.345974903943002,51737100
2025-12-08,21.216398239135742,21.38337922319304,21.03959462384268,21.24586425936769,27278400
2025-12-09,21.10835075378418,21.334265647336625,20.744922772586825,21.088705491699105,20754600
2025-12-10,21.216398239135742,21.314622678018036,20.941370184960387,21.118173800253448,14096700
2025-12-11,21.186931610107422,21.43249178523333,21.04941851154906,21.098529797184057,17143500
2025-12-12,21.31462287902832,21.599471693650397,21.255687091057936,21.294977616371526,22651600
2025-12-15,21.619115829467773,21.64858372191703,21.412844329273508,21.52089139477885,18133500
2025-12-16,21.324443817138672,21.746807600453227,21.22622124997514,21.550360592650783,22792200
2025-12-17,21.167285919189453,21.353912173091114,20.902082359248105,21.3440895414673,26144900
2025-12-18,21.206575393676758,21.42266765825462,21.088705693513624,21.1083509557867,17004900
2025-12-19,21.059240341186523,21.265509981166883,21.029772446842735,21.206576065954692,41700500
2025-12-22,20.921724319458008,21.167284472848245,20.843145145312146,21.05923927931974,17942700
2025-12-23,21.36373519897461,21.36373519897461,20.931548766927975,20.96101666234324,14967000
2025-12-26,21.461957931518555,21.50124658212938,21.06906205803378,21.11817333966614,9742800
2025-12-29,21.334266662597656,21.49142501980654,21.216398831428695,21.363734557127597,9988400
2025-12-30,21.53071403503418,21.736983661843606,21.383378319673838,21.383378319673838,13121900
2026-01-02,21.29497718811035,21.80574276606289,21.245864032456073,21.65840517257538,16077000
2026-01-05,21.491424560546875,21.570003737472124,21.19675311544603,21.29497755497143,10675500
2026-01-06,21.727163314819336,21.766451965368944,21.530714441645397,21.530714441645397,28809400
2026-01-07,21.31462287902832,21.687873502130614,21.255687091057936,21.687873502130614,27650400
2026-01-08,21.432491302490234,21.50124785022075,21.245865049024964,21.314623470230895,23579700
2026-01-09,21.47178077697754,21.51106942798074,21.29497716377484,21.43249025249902,20280800
2026-01-12,21.481605529785156,21.619118632091183,21.20657745169759,21.461960265605576,15846700
2026-01-13,20.823503494262695,21.432491676334415,20.67616589115541,21.39320302272113,39312600
2026-01-14,21.118173599243164,21.118173599243164,20.774389003165073,20.921724723348447,20884400
2026-01-15,21.07888412475586,21.275333010437027,20.961016292127496,21.11817465128226,20166900
2026-01-16,20.990482330322266,21.157463306338432,20.87261263464457,21.078882260236465,55093000
2026-01-19,20.931547164916992,21.108350776925892,20.872613252072462,20.980660320183524,10910800
2026-01-20,21.1574649810791,21.216398896845295,20.744923823764942,20.902082181458393,20625300
2026-01-21,22.00218963623047,22.159347986430483,21.24586390497083,21.30479969140232,52298400
2026-01-22,23.03354263305664,23.07283128253167,22.051302041002632,22.100413321215232,47402900
2026-01-23,23.848804473876953,24.15329856124049,23.01389951806523,23.033544781372665,70331700
2026-01-26,23.966672897338867,24.222055706202188,23.465729911507985,23.966672897338867,42487400
2026-01-27,24.251522064208984,24.634595316477267,24.133652362408938,24.192586276571284,35277600
2026-01-28,24.948911666870117,25.0766039981188,24.28098773765484,24.310455631052687,37374300
2026-01-29,25.047136306762695,25.440032187859984,24.59530651186965,25.047136306762695,50632400
2026-01-30,24.772109985351562,25.184651157717905,24.33010279076471,24.870334430862687,32426800
2026-02-02,24.85068702697754,24.998024619293563,24.693528677084068,24.73281920129509,18511500
2026-02-03,25.233762741088867,25.62665862511728,25.017668599766722,25.02749123105185,35191200
2026-02-04,24.654239654541016,24.968556349587786,24.428324764160557,24.87033191401685,26372500
2026-02-05,24.005962371826172,24.801576785725853,23.760402205630864,24.654241060703747,38580000
2026-02-06,23.89791488647461,24.114007154543454,23.38714929997513,24.00596195724671,36083700
2026-02-09,24.379213333129883,24.49708303884288,23.80951381471379,23.90773825722872,17847600
2026-02-10,24.359567642211914,24.968557676331134,24.241699812043926,24.37921290506504,26925100
2026-02-11,24.467613220214844,24.7721072819416,24.300632243111412,24.59530554748673,28271000
2026-02-12,25.567724227905273,26.41244989424058,24.09436328552413,25.61683550992785,111154300
2026-02-13,24.978378295898438,25.135536639114513,24.09436214693921,25.047134836871066,61597600
2026-02-18,25.361454010009766,25.361454010009766,24.899801565731636,24.958735481847363,38768500
2026-02-19,25.990087509155273,26.117779846778266,25.106071271318946,25.27305226195834,32852600
2026-02-20,26.51067543029785,26.667833787452736,25.69541575000362,25.891864633184923,40353900
2026-02-23,26.353515625,26.844635932490476,26.19635727648107,26.51067397351893,72770500
2026-02-24,26.85912322998047,27.11662052871012,26.40354716276415,26.512489635381314,26761400
2026-02-25,27.314697265625,27.542484353543653,27.017583836948596,27.04729404641557,29552800
2026-02-26,27.01758575439453,27.463255929038482,26.720470415630654,27.255276892004886,24720400
2026-02-27,26.690759658813477,26.987873102506644,26.61152928122855,26.829412347336792,20417600
2026-03-02,26.690759658813477,26.720469869782068,25.84893571634789,26.056914749132865,23891500
2026-03-03,25.588708877563477,26.105051139633776,25.20145123404552,25.99582438198378,62065500
2026-03-04,25.75751304626465,26.28378329264803,25.56884916291735,25.82702029435827,14597900
2026-03-05,24.824125289916992,25.74758305373078,24.79433565775413,25.568849048614503,24730900
2026-03-06,24.575883865356445,24.982999365752963,24.238275612257315,24.724828237269485,20986400
2026-03-09,24.52623748779297,24.853915878471895,24.138979830495668,24.347503475798913,18981100
2026-03-10,24.9631404876709,25.330538385625605,24.476587845573942,24.893633237932836,21786700
2026-03-11,25.161733627319336,25.489412006456185,24.645391365064164,24.754618122753268,16908800
2026-03-12,24.059541702270508,25.07236646551997,23.99996433205891,24.982999463237345,34978900
2026-03-13,23.58292007446289,24.506377879354957,23.52334270141743,24.287924354970702,38122400
2026-03-16,23.73186492919922,24.168770092784865,23.652427798904608,24.089332962490253,30930000
2026-03-17,23.503482818603516,24.019825099352172,23.483623063052292,23.731864325651006,22315500
2026-03-18,23.245311737060547,23.67228701283985,23.245311737060547,23.433975627413606,15566500
2026-03-19,23.344608306884766,23.56305993376884,22.72896914903981,22.967280531258034,29427500
2026-03-20,23.10629653930664,23.294958530043047,22.848125406059975,23.26517079146913,37796900
2026-03-23,23.791440963745117,24.11912123843066,23.414115089575525,23.414115089575525,23714600
2026-03-24,23.483623504638672,23.791442145748753,23.235382237372026,23.662357520099548,14982000
2026-03-25,23.69214630126953,24.14890930751388,23.56305978633578,23.64249691324482,20200600
2026-03-26,22.89777374267578,23.632567659463202,22.758759240398057,23.414116028179553,28327000
2026-03-27,22.500587463378906,22.828265848032753,22.361572965019846,22.828265848032753,16957900
2026-03-30,22.242416381835938,22.907703030343907,22.16297925487665,22.738898898814107,23669500
2026-03-31,22.83819580078125,23.056647426625915,22.292065789204333,22.560164909217626,25610100
2026-04-01,23.463762283325195,23.632566410281367,22.967279779798858,23.046716904605855,22064800
2026-04-02,23.225452423095703,23.364468821019006,22.639602879225524,22.917633781141557,16378700
2026-04-06,23.26517105102539,23.51341230954008,23.116226674702677,23.23538141818865,11198800
2026-04-07,23.275100708007812,23.32474820166793,22.867985199417305,23.116226455578857,13760900
2026-04-08,24.317712783813477,24.625531405552003,23.98010453006266,24.258135413719348,40278600
2026-04-09,24.54609489440918,24.71489902550451,24.198558648563345,24.39715051848518,16299100
2026-04-10,24.5560245513916,24.873773055556384,24.536164796398683,24.675181187418634,22773400
2026-04-13,24.575883865356445,24.655320989972097,24.25813536689384,24.397149861488618,29435700
2026-04-14,25.201452255249023,25.310679017325064,24.575885104110203,24.625532599273562,28487700
2026-04-15,24.22834587097168,25.112086017954404,24.12904899116199,24.863844765395413,36240900
2026-04-16,24.10919189453125,24.486517777051585,23.761653751146685,24.307783766514923,20801800
2026-04-17,24.22834587097168,24.724828376089665,24.12904899116199,24.407079875843028,22413600
2026-04-20,24.10919189453125,24.357433154958724,24.00989501157416,24.22834663893535,13669600
2026-04-22,23.235382080078125,23.97017599894148,23.195664462428226,23.97017599894148,25207400
2026-04-23,22.83819580078125,23.285030824020907,22.709111179584514,23.195663819372978,24573300
2026-04-24,22.540307998657227,22.927563772512354,22.44101111220113,22.897774138396354,20235200
2026-04-27,22.351642608642578,22.75875811134236,22.351642608642578,22.560164351714462,15576900
2026-04-28,22.381433486938477,22.500588234205253,22.093472708837744,22.272206723668468,11919500
2026-04-29,21.557270050048828,21.964387457745666,21.50762255575752,21.934597824812577,33020900
2026-04-30,22.053752899169922,22.16297966096422,21.7459342633039,21.7459342633039,16978900
2026-05-04,21.755863189697266,22.20269820119666,21.686355942115238,22.053751934743225,12949300
2026-05-05,21.76579475402832,22.01403602545021,21.755864875899775,21.81544225074046,11722300
2026-05-06,21.914737701416016,22.441009844144254,21.914737701416016,22.014034582261218,15301600
2026-05-07,21.537412643432617,21.96438792150285,21.537412643432617,21.904808654378716,19233100
2026-05-08,21.646636962890625,22.01403485844808,21.596989468810385,21.755863722583747,22432400
2026-05-11,21.38846778869629,21.696286419615756,21.38846778869629,21.61684929247749,19018400
2026-05-12,21.170015335083008,21.61685038145217,21.170015335083008,21.438116362904506,18272200
2026-05-13,20.613954544067383,21.299100954839464,20.57423503321427,21.179944316210637,31119200
2026-05-14,20.613954544067383,20.941632932883504,19.60112974447918,19.85930088323287,69887800
2026-05-15,20.55437660217285,20.574234463118646,20.157189080369527,20.40543033453137,35294300
2026-05-18,20.27634620666504,20.65367208879815,20.10754207399037,20.55437709987347,21577400
2026-05-19,20.087682723999023,20.375643500697024,19.92880846579687,20.047965106413763,36742400
2026-05-20,20.55437660217285,20.633813727747423,20.16711895780766,20.25648596082036,38517100
2026-05-21,20.673532485961914,20.901913997867563,20.335924210131576,20.47494060801679,21652100
2026-05-22,20.792688369750977,20.82247610869484,20.455080106230177,20.683461609808806,14910500
2026-05-25,21.497692108154297,21.51755186291649,20.98134984792004,20.991279725301137,15414500
2026-05-26,20.96149253845215,21.487762795979876,20.95156266080986,21.438115301698943,22798700
2026-05-27,20.92177391052246,21.348749197501384,20.92177391052246,21.289171823064734,13716500
2026-05-28,20.465009689331055,21.03099944828499,20.465009689331055,20.911842812432887,19444000
2026-05-29,20.157190322875977,20.55437786916228,20.13733246070613,20.52458823501163,60512500
2026-06-01,19.938737869262695,20.405430754885927,19.908948236334634,20.365713138245688,50279700
2026-06-02,19.889999389648438,20.18000030517578,19.889999389648438,20.139999389648438,19384600
2026-06-03,19.530000686645508,19.8700008392334,19.459999084472656,19.770000457763672,27323000
2026-06-05,19.170000076293945,19.649999618530273,19.170000076293945,19.600000381469727,51227600
2026-06-08,19.100000381469727,19.34000015258789,19.100000381469727,19.170000076293945,15329800
2026-06-09,19.110000610351562,19.469999313354492,19.040000915527344,19.229999542236328,18242900
2026-06-10,19.0,19.18000030517578,18.8700008392334,19.1200008392334,18849900
2026-06-11,19.40999984741211,19.559999465942383,18.90999984741211,19.06999969482422,32600200
2026-06-12,19.459999084472656,19.65999984741211,19.219999313354492,19.299999237060547,13773000
2026-06-15,19.389999389648438,19.969999313354492,19.329999923706055,19.899999618530273,16495300
2026-06-16,19.399999618530273,19.420000076293945,19.209999084472656,19.350000381469727,25391100
2026-06-17,19.40999984741211,19.799999237060547,19.360000610351562,19.600000381469727,14117900
2026-06-18,19.530000686645508,19.700000762939453,19.299999237060547,19.420000076293945,23842500
2026-06-19,19.420000076293945,19.6299991607666,19.420000076293945,19.520000457763672,13185600
2026-06-22,19.579999923706055,19.75,19.459999084472656,19.479999542236328,18434100
2026-06-23,19.860000610351562,19.899999618530273,19.329999923706055,19.489999771118164,18028200
2026-06-24,19.729999542236328,20.059999465942383,19.68000030517578,19.709999084472656,16362000
2026-06-25,20.049999237060547,20.25,19.829999923706055,19.889999389648438,15674300
2026-06-26,20.34000015258789,20.450000762939453,19.969999313354492,20.049999237060547,18097300
2026-06-29,20.260000228881836,20.40999984741211,20.110000610351562,20.34000015258789,17442900
2026-06-30,19.90999984741211,20.170000076293945,19.770000457763672,20.170000076293945,17204700
2026-07-01,19.729999542236328,19.989999771118164,19.559999465942383,19.760000228881836,16785700
2026-07-02,20.0,20.020000457763672,19.690000534057617,19.84000015258789,29242600
2026-07-03,19.979999542236328,20.280000686645508,19.979999542236328,20.149999618530273,8243200
2026-07-06,19.770000457763672,19.8700008392334,19.6200008392334,19.829999923706055,15149200
2026-07-07,19.729999542236328,20.100000381469727,19.719999313354492,19.780000686645508,16218300
2026-07-08,19.530000686645508,19.700000762939453,19.40999984741211,19.700000762939453,22487500
2026-07-09,20.0,20.059999465942383,19.510000228881836,19.56999969482422,30913000
2026-07-10,20.579999923706055,20.670000076293945,20.25,20.299999237060547,24372700
2026-07-13,20.239999771118164,20.670000076293945,20.190000534057617,20.540000915527344,14138400
2026-07-14,20.59000015258789,20.639999389648438,20.299999237060547,20.34000015258789,15228800
2026-07-15,20.549999237060547,20.729999542236328,20.43000030517578,20.479999542236328,14771700
2026-07-16,20.760000228881836,20.81999969482422,20.450000762939453,20.479999542236328,15332600
2026-07-17,20.489999771118164,20.829999923706055,20.260000228881836,20.649999618530273,35729100
2026-07-21,20.8799991607666,20.8799991607666,20.079999923706055,20.149999618530273,25335900
2026-07-22,21.09000015258789,21.1299991607666,20.719999313354492,20.959999084472656,19261100
2026-07-23,20.93000030517578,21.079999923706055,20.780000686645508,21.040000915527344,18426000
2026-07-24,20.350000381469727,20.81999969482422,20.350000381469727,20.799999237060547,14443400
2026-07-27,20.5,20.670000076293945,20.420000076293945,20.459999084472656,11104800
2026-07-28,20.829999923706055,21.010000228881836,20.579999923706055,20.93000030517578,11362200
2026-07-29,20.780000686645508,21.059999465942383,20.459999084472656,20.75,14713900
2026-07-30,21.190000534057617,21.200000762939453,20.780000686645508,20.90999984741211,15920200
2026-08-03,21.270000457763672,21.579999923706055,21.170000076293945,21.399999618530273,8365700
2026-08-04,20.989999771118164,21.59000015258789,20.950000762939453,21.479999542236328,11147700
2026-08-05,21.049999237060547,21.440000534057617,21.020000457763672,21.15999984741211,13598000
2026-08-06,20.280000686645508,21.0,20.200000762939453,21.0,22892100
2026-08-07,20.059999465942383,20.399999618530273,19.950000762939453,20.389999389648438,17314900
2026-08-10,20.030000686645508,20.190000534057617,19.979999542236328,20.059999465942383,14169300
2026-08-11,19.280000686645508,20.110000610351562,19.239999771118164,20.0,17787900
2026-08-12,19.0,19.440000534057617,19.0,19.389999389648438,28382600
2026-08-13,18.209999084472656,19.170000076293945,18.18000030517578,18.899999618530273,60899800
2026-08-14,18.3799991607666,18.3799991607666,17.799999237060547,18.200000762939453,43575000
